symbol,mint,score,devSol,source,window_s,decision_s,reaction_s,hold_s,inTime,move_window_pct,slip_to_buy_pct,after_buy_pct,pnlPct,peakPnlPct,exitReason,price_eligible,price_sustained,price_queued,price_bought,price_fading,price_sold,price_collapsed,t_eligible,t_sustained,t_queued,t_bought,t_fading,t_collapsed,t_sold
"Uncle Folk","DrQntuEcTFuQuKtJ7RGJSHiHA3ppBq8k2CiJM8gMpump","","","","","","","","","","","","","","","","","","","","","0.000003105","","","","","","2026-07-04T17:12:15.584Z",""
"WIFBULL","2hMxfV1XZKhrY9c9VYZR3BKATXAqRborjfGpCEmppump","","","","","","","","","","","","","","","","","","","","","0.000002311","","","","","","2026-07-04T17:12:40.055Z",""
"WIFBULL","8nSC4hqaBUWUUBTSizuSQqyxwJ394ohepqSP2d1cpump","84","6.913","","","","","","","","","","","","","0.000003848","","","","0.000002316","","","2026-07-04T17:12:40.507Z","","","","2026-07-04T17:13:15.019Z","",""
"SMIRK","FMB6v5SrrhdDSsVHBPXWgwrSKPMjYEpGug8womPRpump","73","3.5","","","","","","","","","","","","","0.00001988","","","","","","","2026-07-04T17:12:51.575Z","","","","","",""
"TOE","FrRNMki1B5YT4rFaqujSWcJdzfW9T1ErwKruTCeEA1EB","71","3","","","","","","","","","","","","","0.000002296","","","","","","","2026-07-04T17:13:21.559Z","","","","","",""
"CHOCHLA","9hk2kvr2Rw18hPTcjKPEQLbjW58ahRLDX1ihcKsjpump","71","3","","","","","","","","","","","","","0.000002296","","","","0.000002296","","","2026-07-04T17:13:33.612Z","","","","2026-07-04T17:13:56.777Z","",""
"CHOCHLA","BLPeAwLpEkLwLvA4ymkaT5JumPqQmS7UrqgPUJyvpump","79","5","","","","","","","","","","","","","0.000002403","","","","","","","2026-07-04T17:13:46.456Z","","","","","",""
"shortlet","HdsqDbV9LvtuEZFKNV3rgR52FHpNpHhbafZ9sPZApump","79","5.000000001","","","","","","","","","","","","","0.000004394","0.000006581","","","","","","2026-07-04T17:13:58.001Z","2026-07-04T17:14:56.762Z","","","","",""
"Niki","9wSrx37FtMeWBiBVRGqgowT9HNMvWSEmcYgFK11ipump","68","2.4691358","","","","","","","","","","","","","0.000002297","","","","0.000002293","","","2026-07-04T17:13:58.451Z","","","","2026-07-04T17:14:33.062Z","",""
"Niki","9mXcoSXmneCiedDgLoGGkveH7rNbKZzMo5baZccLpump","71","3","","","","","","","","","","","","","0.000002316","","","","","","","2026-07-04T17:14:09.732Z","","","","","",""
"Niki","H6mAeaUF9qTTUbt4euAnDXgAAYd2biFfUW1Mgpb1pump","71","3","","","","","","","","","","","","","0.000002479","","","","","","","2026-07-04T17:14:33.639Z","","","","","",""
"Niki","9iL31JcVmBUZPG4JxFvQfGwSZgdNzfz245PjPoVRpump","71","2.962962961","","","","","","","","","","","","","0.000002366","","","","","","","2026-07-04T17:15:03.667Z","","","","","",""
"WIFBULL","2t2RdF6DbfT9SUXEF2gPMcyWv2huej3VMHpAXMwTpump","88","12.839506171","","","","","","","","","","","","","0.000003343","","","","0.000002313","","0.000002313","2026-07-04T17:15:09.620Z","","","","2026-07-04T17:15:50.987Z","2026-07-04T17:15:50.987Z",""
"Niki","4gPsZxBPuKeYVWECdVpbVeTiB6TBM7AyS9ypAyTzpump","79","5","","","","","","","","","","","","","0.000002336","","","","0.000002336","","","2026-07-04T17:15:15.605Z","","","","2026-07-04T17:15:50.980Z","",""
"busya","FgiWSfuiDpAWgh5M3F1yC2RzFWk4w9qz3u8TXhtKpump","71","3","","","","","","","","","","","","","0.000002352","0.000002352","","","","","","2026-07-04T17:15:27.651Z","2026-07-04T17:16:26.769Z","","","","",""
"PRINTER","94z9vivWTkz6Mry93nwBwbx4PZxMXTUyNxDQygcSpump","85","7.500000001","","","","","","","","","","","","","0.000003266","","","","","","","2026-07-04T17:16:10.017Z","","","","","",""
"Niki","rAabY81sRtAfMc2qnS83So5uFQSa637wbKDshL5pump","75","3.950617282","","","","","","","","","","","","","0.000002478","","","","","","","2026-07-04T17:16:10.463Z","","","","","",""
"JALEN","2tNVZZK9ZHJBKrvzKDpiTk6wY6tC8aDX6Gzzn4P7pump","","","","","","","","","","","","","","","","","","","","","0.000002293","","","","","","2026-07-04T17:16:21.628Z",""
"PATRIOT","Fga1YCP7j5iwD2V9RPjJch7LdTuYm3rYiyU5e3c1KWUe","","","","","","","","","","","","","","","","","","","","","0.000002294","","","","","","2026-07-04T17:16:33.998Z",""
"TATE","Ew9o4JanNPhZ7eEDGPuNe4BH3XdVGZeVhFBW9GPtpump","87","8.888888887","","","","","","","","","","","","","0.000004188","0.000004188","","","","","","2026-07-04T17:16:34.469Z","2026-07-04T17:17:32.768Z","","","","",""
"EATDICK","4wKQA8LnstnKckq1RdAhpwk11EyMJMqh1MzdqFK5pump","71","3","","","","","","","","","","","","","0.000002403","","","","","","","2026-07-04T17:16:57.577Z","","","","","",""
"#ansem","SS1W659zYGNUSos4ymZxgoCNAcbSvTp1PvFjUbTpump","68","2.4691358","","","","","","","","","","","","","0.000002295","","","","","","","2026-07-04T17:17:03.559Z","","","","","",""
"catcoin","4fymzFvGeTaVecuYXM54ee2NNzWHoT8AwXYFpXKhpump","84","7","","","","","","","","","","","","","0.00000238","","","","","","","2026-07-04T17:17:15.562Z","","","","","",""
"WIFBULL","791G4pBsMfRX1DuYUf8DqiU95y5wAdkX9fa7vuv9pump","88","14.814814813","","","","","","","","","","","","","0.000005533","","","","0.00000245","","0.00000245","2026-07-04T17:17:21.581Z","","","","2026-07-04T17:18:02.973Z","2026-07-04T17:18:02.973Z",""
"LILY LU","AJ8UuqZ48mWLUJ2KAoPrhiCmhpJKL9SNzLz8zZzpump","79","5","","","","","","","","","","","","","0.000002298","","","","","","","2026-07-04T17:17:39.591Z","","","","","",""
"SMOGE","3GrSSjZHvE4MG5Y8mz6V2kEqZ95ZYjUagaP2JHP3pump","71","2.962962961","","","","","","","","","","","","","0.000002296","","","","","","","2026-07-04T17:17:45.556Z","","","","","",""
"trump","ERbRGskqHqsdSfiiocvxytCqB3aicyQeP8Cc8xx3pump","84","7","","","","","","","","","","","","","0.000002297","","","","0.000002297","","","2026-07-04T17:17:57.572Z","","","","2026-07-04T17:18:20.768Z","",""
"LILY LU","9S5zpxACdtG9RcxcRM53opbpcgkUvHcZNX4jZSTbpump","75","5","","","","","","","","","","","","","0.000002411","0.000002411","","","","","","2026-07-04T17:18:33.732Z","2026-07-04T17:19:32.773Z","","","","",""
"ONBOARD","3kdX6ufkAhBzUBJtYUvSnjio4gWaiBSqU7wd4VRfs8x5","71","3","","","","","","","","","","","","","0.000002357","","","","","","","2026-07-04T17:18:39.598Z","","","","","",""
"SMILEDOG","7B1JEhHgz6Depj6og3ey72M1g2vmApyfvZQufbTmvuAs","72","4.938271603","","","","","","","","","","","","","0.000002295","","","","","","","2026-07-04T17:18:45.681Z","","","","","",""
"Kevin","5j8UzKcM9yQMTdhi4Cmct5oy4qYjTfnRFwp5n4u4dhXD","70","4.938271603","","","","","","","","","","","","","0.000002295","","","","","","","2026-07-04T17:19:09.581Z","","","","","",""
"CASE","FCMEzQWhush6wBjcq1X48gqxHQuv1JkVxhMtRuAzpump","73","3.456790122","","","","","","","","","","","","","0.000004388","","","","0.000002398","","","2026-07-04T17:19:21.587Z","","","","2026-07-04T17:20:33.029Z","",""
"ROBINHOODDICK","5cmuu8hoQA8qkngYZz1P82ZjtHLwKGebeQ7cxf6tpump","","","","","","","","","","","","","","","","","","","","","0.000002354","","","","","","2026-07-04T17:19:27.967Z",""
"Kevin","2YmG59YuD54e2XqsGk69XUinFT351ocdsjtGsKkZpump","79","4.938271603","","","","","","","","","","","","","0.000002389","","","","","","","2026-07-04T17:19:28.403Z","","","","","",""
"Trumpmore","8aQqTpxDuR5bU5xwFrmhStHaNqFRivFfSBG3avLUpump","72","5","","","","","","","","","","","","","0.000002303","","","","","","","2026-07-04T17:19:39.635Z","","","","","",""
"ROBINHOOD","22izU3rNvKjuahQicAQuPeq2aDBhAjf6AQp6y2Yypump","71","2.962962961","","","","","","","","","","","","","0.000002295","","","","","","","2026-07-04T17:19:51.589Z","","","","","",""
"Kevin","5egU8WzzcbPyossqsRVhuqf8B3ButbgnoN7c2t52arPt","","","","","","","","","","","","","","","","","","","","","0.00000244","","","","","","2026-07-04T17:20:04.028Z",""
"Kevin","6gz5WXokSPdSdrbzKwFeeELAoVe4NZyVSW6hWLXXpump","79","5","","","","","","","","","","","","","0.000002312","","","","0.000002312","","","2026-07-04T17:20:04.378Z","","","","2026-07-04T17:20:38.997Z","",""
"Kevin","CZsfu5CBUDkeVfY8kN2pRay7iZP17mHwKbpDyRgGpump","75","3.950617282","","","","","","","","","","","","","0.000002339","","","","","","","2026-07-04T17:20:09.678Z","","","","","",""
"RHDF","ByPHRqDjFCtiWv5mRUuQ2oaLRtyKHgc9qz8gWjrppump","71","3","","","","","","","","","","","","","0.000002312","","","","","","","2026-07-04T17:20:27.764Z","","","","","",""
"McSenator","9niLUfN8xb6xFEuHdGrp3RQBA14Zqkga4bpdcQdbpump","70","5","","","","","","","","","","","","","0.000002304","","","","","","","2026-07-04T17:20:33.604Z","","","","","",""
"WIFBULL","21M7nNyBn4naXbd8sjyfEsUuAFia2szXAcXvyhrhpump","","","","","","","","","","","","","","","","","","","","","0.000002313","","","","","","2026-07-04T17:20:57.599Z",""
"GYATTBERG","yy7cVJeMyBka8xgGQYhHAtstPm9HUqbA9fWEX24pump","71","2.962962961","","","","","","","","","","","","","0.000002297","","","","","","","2026-07-04T17:21:33.596Z","","","","","",""
"Jarhead","4syhcx8iB9cRynnGtyhoRmjXzNfUVirCtWHhum2Tpump","71","3","","","","","","","","","","","","","0.000002405","0.000002405","","","","","","2026-07-04T17:21:57.584Z","2026-07-04T17:23:02.761Z","","","","",""
"jar","5vXLxQE4rLVbLtnPutBRcpoVV93xHczCUugLoP8rpump","71","2.962962961","","","","","","","","","","","","","0.000002354","","","","","","","2026-07-04T17:22:21.596Z","","","","","",""
"VIBE","4WjjFPGepgSKNXzkTNJzkzbB6eBjdF2PLt5qFqo5pump","96","31.550000001","","","","","","","","","","","","","0.00001964","","","","0.00001651","","0.000002492","2026-07-04T17:22:27.657Z","","","","2026-07-04T17:23:02.971Z","2026-07-04T17:24:26.990Z",""
"VIBE","3c3381gUvEkA7Q5gJnD7QZtiGZoNzCsFESDUCJGgpump","","","","","","","","","","","","","","","","","","","","","0.000002303","","","","","","2026-07-04T17:22:51.553Z",""
"buffdoge","2YYquLSQUyz8RYqDZ2BX9T12cZtr2iN6GKLYuN3Apump","95","23.703703702","","","","","","","","","","","","","0.000007369","0.000007431","","","","","","2026-07-04T17:23:27.594Z","2026-07-04T17:24:32.764Z","","","","",""
"DYSLEXIATUTOR","2eNZbxYXw9RDpvxjouFdahvEEtv7BLrJ7wmcEeQhpump","79","5","","","","","","","","","","","","","0.000003671","","","","0.000003421","","","2026-07-04T17:24:03.620Z","","","","2026-07-04T17:24:38.996Z","",""
"VIBE","9PS667pXCXUp8paJwRDa9GRdw9MDKmrT1E2sN3Bmpump","80","8","","","","","","","","","","","","","0.000002307","","","","0.000002307","","","2026-07-04T17:24:09.563Z","","","","2026-07-04T17:24:38.834Z","",""
"Red Bull","EQkD46aEhaeLioqhJCHPqQZHCARNeESLgBYgLQsQpump","","","","","","","","","","","","","","","","","","","","","4.255e-7","","","","","","2026-07-04T17:24:27.569Z",""
"EAGLE","6TPBokBBkd2QZN3p4GLzWXuBKsXirNCYq3mBgKdvpump","71","3","","","","","","","","","","","","","0.000002309","","","","0.000002309","","","2026-07-04T17:25:21.638Z","","","","2026-07-04T17:25:38.758Z","",""
"katz5","827e6Hpkz4T3Jzy8m5VdLtR3wGCdzg3raNxwPYMJpump","68","2.469135801","","","","","","","","","","","","","0.000002901","","","","0.000002901","","","2026-07-04T17:26:03.604Z","","","","2026-07-04T17:26:20.769Z","",""
"LILY LU","HscM15ag7mTdXEjqagkdsMsCEau1mQofbEGkiKaspump","71","2.999999999","","","","","","","","","","","","","0.000002412","","","","","","","2026-07-04T17:26:39.584Z","","","","","",""
"shortlet","A47bWXvZaLZbfk5PBoRwCxKU6ED5qcjmBxSdQy5Jpump","71","2.999999999","","","","","","","","","","","","","0.000002301","","","","","","","2026-07-04T17:27:15.578Z","","","","","",""
"OFFSIDE","EzpFBMYYihn6sBSUiTeAg94kjhT5s8piNapFqpiqpump","73","3.5","","","","","","","","","","","","","0.000002305","","","","","","","2026-07-04T17:27:45.673Z","","","","","",""
"posture check","zhWd6AvJ84qvfMhAucycHqm9PFWmKUDrvvqw8iEpump","71","2.962962961","","","","","","","","","","","","","0.000002739","","","","0.0000023","","","2026-07-04T17:29:03.645Z","","","","2026-07-04T17:29:38.991Z","",""
"Kanzi","HF172ksgry2MVoGtvwdd4EDnB6HwAVrTH2krfjVzpump","71","2.999999999","","","","","","","","","","","","","0.000006737","","","","0.000002455","","","2026-07-04T17:29:09.578Z","","","","2026-07-04T17:29:44.963Z","",""
"Kanzi","EeugbzSzuQkREuDq3tj52AYrzaa5W3s8Y1AoRLySpump","71","2.962962961","","","","","","","","","","","","","0.000002407","0.000002407","","","","","","2026-07-04T17:29:39.681Z","2026-07-04T17:30:50.763Z","","","","",""
"TRUMP","4DxV9NC6Tb3LZa1PQJTtaqNKaRmCjsSpo8xoSjJgpump","75","3.950617282","","","","","","","","","","","","","0.0000023","","","","0.0000023","","","2026-07-04T17:29:57.605Z","","","","2026-07-04T17:30:20.762Z","",""
"TRUMP","9MGZUJmezN51MuypZxLZPtDMQVnuYY5VJigRcpxzpump","79","5","","","","","","","","","","","","","0.000002301","","","","","","","2026-07-04T17:30:03.679Z","","","","","",""
"JOEY","2ZhmkHWwrdXHcQxx6iMjWv53heizyx3bJxFGQuPzpump","84","7.407407405","","","","","","","","","","","","","0.000002366","","","","","","","2026-07-04T17:30:09.611Z","","","","","",""
"JOEY","u7ZN9fpddoeTp5tsFCcXK3nkv52RgqwoDCVH191pump","81","7.407407405","","","","","","","","","","","","","0.000002408","","","","0.000002408","","","2026-07-04T17:30:28.040Z","","","","2026-07-04T17:31:02.960Z","",""
"ONWARD","BWCghdvi8yQCZGoUXbjC9e1YMKPUpYcMsP3xCMczL1Qm","79","4.938271603","","","","","","","","","","","","","0.000002431","0.000002431","","","","","","2026-07-04T17:30:45.640Z","2026-07-04T17:31:44.816Z","","","","",""
"TATE","AN8TBUUGertDRp4mxj3sSeG9tQ3LtkjUzsb1iSWzpump","","","","12.132","","","","","-33.02699597932223","","","","","","","0.000003482","","","0.000002332","","","","2026-07-04T17:31:44.879Z","","","2026-07-04T17:31:57.011Z","",""
"TripleT","F4cFx8fTe1jxNgErZZK1Z3vtZsuj7ENB6Dx2qVp7pump","72","3.173333332","","","","","","","","","","","","","0.000002542","","","","0.000002356","","","2026-07-04T17:31:45.641Z","","","","2026-07-04T17:32:20.998Z","",""
"bro","AXQRYnymzQeY6jNruU4CtosQFupJM8B5ALMWpnUJSyTK","71","3","","","","","","","","","","","","","0.000002314","0.000002314","","","","","","2026-07-04T17:32:15.702Z","2026-07-04T17:33:14.789Z","","","","",""
"Offside","bd1FF2Fy9onFJsBRpny3SYZZj6YwtD97r1QBX4k6ykd","","","","","","","","","","","","","","","","","","","","","0.000002444","","","","","","2026-07-04T17:33:09.640Z",""
"ZenPepe","DfQDzBd2nV3j2H4hrNTXRXU7YCh932vMFzEzS16Dpump","83","4.938271603","","","","","","","","","","","","","0.000002419","","","","","","","2026-07-04T17:33:27.661Z","","","","","",""
"Dream","4dsxEaophfAoDeFitFeG6tnR4MmKJgZk8egugmg6pump","69","5","","","","","","","","","","","","","0.000002304","","","","","","","2026-07-04T17:33:33.670Z","","","","","",""
"OFFSIDE","HgLxqEr8o4c2umRJW2CY2rk1GnYAe6mrXWpsfkvWpump","82","8","","","","","","","","","","","","","0.000002317","","","","","","","2026-07-04T17:34:09.581Z","","","","","",""
"Teckel","5MG8fjUdCBFRJYkBgED1d8PWG8q16Ba7Mv6CsNLtpump","","","","","","","","","","","","","","","","0.000003447","","","","","","","2026-07-04T17:34:44.756Z","","","","",""
"TripleT","E8kBhUZTUrmagoQTNeQ8bDSJL8r5FMRLjF9CxWx7pump","69","2.74567901","","","","","","","","","","","","","0.000004526","","","","0.000002626","","","2026-07-04T17:35:21.577Z","","","","2026-07-04T17:36:02.971Z","",""
"1","7spiSttYEFP2kRALuzbzbhAMEEZopoiAuC7JR3WVS3Zv","82","7.901234566","","","","","","","","","","","","","0.000002934","","","","0.0000024","","","2026-07-04T17:36:21.595Z","","","","2026-07-04T17:37:02.988Z","",""
"1","5NTs9xppLNeeMsFCyNVCXXr9XCejBVYfG2WFvcQ5pump","69","2.760076587","","","","","","","","","","","","","0.000004","","","","0.000004","","","2026-07-04T17:36:27.986Z","","","","2026-07-04T17:36:50.758Z","",""
"neko","B1kvKyLFA8knPeyUunTVhbFVJZow3jccTEujA9GVpump","79","4.875358023","","","","","","","","","","","","","0.000002327","","","","","","","2026-07-04T17:36:33.604Z","","","","","",""
"TripleA","HLx4pybHwpQ1MJ7XQReEZc4HKDkbzC4ubsw272j7pump","77","4.500000001","","","","","","","","","","","","","0.000003883","","","","0.000003276","","","2026-07-04T17:37:15.557Z","","","","2026-07-04T17:37:50.969Z","",""
"JARHEAD","A86b4kWgr8m52zgC5JMtCQe15TveWkJ3BwUamazpump","71","3","","","","","","","","","","","","","0.000002459","","","","0.00000231","","","2026-07-04T17:37:33.691Z","","","","2026-07-04T17:38:56.955Z","",""
"JARHEAD","82WaxsDsU8gtfEdeHaQqNzPjDMwJ1QaiTYdZ4BAnpump","71","3","","","","","","","","","","","","","0.000002362","","","","0.000002362","","","2026-07-04T17:37:51.589Z","","","","2026-07-04T17:38:32.963Z","",""
"MPM","9UvCjASjsFvzFcJhSYnJSWWtFTrqa7o3z1HiYDcapump","71","3.950617282","","","","","","","","","","","","","0.000002304","","","","0.000002304","","","2026-07-04T17:38:09.675Z","","","","2026-07-04T17:39:02.760Z","",""
"ansem","ABxM6YvX6Vs4mNVucP7EfX43PsTKJSjQrXKawt7dDop5","","","","","","","","","","","","","","","","","","","","","0.000002305","","","","","","2026-07-04T17:38:15.667Z",""
"Dawg","3Ayy9Fe5W1TAL1u6DVa9zmowXRhUdhiAuVztaP7VErEX","71","3","","-42.004","","","","","-25.827612509534703","","","","","","0.000005136","0.000006555","","","0.000004862","","","2026-07-04T17:38:22.066Z","2026-07-04T17:39:44.973Z","","","2026-07-04T17:39:02.969Z","",""
"ANSEM","7mKASNrmyiw8Fg2d3sEZk57ybTfddid62FrQhgGWpump","68","3.950617282","","","","","","","","","","","","","0.000002347","","","","0.000002347","","","2026-07-04T17:38:22.464Z","","","","2026-07-04T17:39:08.765Z","",""
"SKY","FgBseYFGQppUrnszpBdfcxPubbgJoG9gez21TvNspump","71","2.999999999","","","","","","","","","","","","","0.00001534","0.00001899","","","","","","2026-07-04T17:39:09.627Z","2026-07-04T17:40:14.811Z","","","","",""
"MEMECOINS","EdxSLbmpX4fBMAgUT2Bs159qEZ9S34ZtUCnb857Kpump","71","3","","","","","","","","","","","","","0.000002411","0.000002411","","","","","","2026-07-04T17:39:15.601Z","2026-07-04T17:40:14.765Z","","","","",""
"SKY","Gokac6g6eawafKjWHDaftwvHpc1prt2HLTRua71hpump","68","5","","","","","","","","","","","","","0.000002414","","","","","","","2026-07-04T17:39:21.600Z","","","","","",""
"MEME","6KvCZmweTNWvkbtEk3Q2MBL9vJDm6XnzzRyxZ8Hubvxk","","","","","","","","","","","","","","","","","","","","","0.000002454","","","","","","2026-07-04T17:40:51.990Z",""
"LIFE","DbQFTSkYuHQPQXT7B3CBNHfgBaJcdxtJVv2dKrbzpump","93","17.777777776","","","","","","","","","","","","","0.000003613","","","","","","","2026-07-04T17:40:52.390Z","","","","","",""
"TESLA","54Ht89tFwL2wJLZaccoZoU4ejJc2Y8yF3aVSAM9kpump","92","15.000000001","","","","","","","","","","","","","0.000006706","","","","","","","2026-07-04T17:42:39.643Z","","","","","",""
"KENTON","7YLbHozuCyWvUzLp1YxE3CoFpyHhiuFcjrzc7fSYpump","71","2.962962961","","","","","","","","","","","","","0.000002413","","","","","","","2026-07-04T17:43:03.636Z","","","","","",""
"SKY","BMvJsoR3PsPZ4Gw1UUgTDzhneWnqJTVGq41UP2CMpump","75","3.950617282","","","","","","","","","","","","","0.000002363","0.000002363","","","","","","2026-07-04T17:43:45.682Z","2026-07-04T17:44:44.759Z","","","","",""
"BULL","DetGUBUXYmyPSatXndEHubqgx48ViHvBAe5XAujjpump","71","3.100000001","","","","","","","","","","","","","0.000002814","0.000002814","","","","","","2026-07-04T17:45:20.961Z","2026-07-04T17:45:44.755Z","","","","",""
"Pauly","B6bcWeyuJiausn6mVytz4cL42MhGhrBZJmjRAkPpump","95","26.271604937","","","","","","","","","","","","","0.00001561","","","","0.000002364","","0.000002364","2026-07-04T17:46:03.561Z","","","","2026-07-04T17:46:33.047Z","2026-07-04T17:46:33.046Z",""
"BFC","6W6wRVTThzG1kfAcY5vmhEt29Rj6nLQCip6Hn26rpump","71","3","","","","","","","","","","","","","0.000008141","","","","0.000005429","","","2026-07-04T17:46:51.613Z","","","","2026-07-04T17:48:02.990Z","",""
"BFC","BLJ5pj1YdWmPnyp6o5KgHXAmTkaA8ZRfXyQJXfGjpump","76","4","","","","","","","","","","","","","0.000002306","","","","0.000002306","","","2026-07-04T17:47:09.647Z","","","","2026-07-04T17:47:26.759Z","",""
"bullpost ","rrKsJcziYB4x7snTYq2vP2FdYh6hYuMiVmzyNzwpump","95","26.178010471","","-36.019","","","","","-45.125","","","","","","0.000009116","0.0000152","","","0.000008341","","","2026-07-04T17:48:10.411Z","2026-07-04T17:49:20.959Z","","","2026-07-04T17:48:44.940Z","",""
"VZLAHELP","7DbHCm9rDBoewCDdjcU6YQcHFdmMM5oKKUxSPTxupump","","","","","","","","","","","","","","","","0.000002314","","","","","","","2026-07-04T17:49:08.751Z","","","","",""
"Pauly","4GWWtUBjpccLix7pRChU36RmBDhGB7z1Xpgsrecupump","95","26.271604937","","","","","","","","","","","","","0.00001696","0.00002013","","","","","","2026-07-04T17:50:39.549Z","2026-07-04T17:51:38.751Z","","","","",""
"SOLDIERS","H9dkD7Mf37gSFAYUB4bqapt3z7d9WXNGwsaVfH9A3Pi4","71","3","","","","","","","","","","","","","0.000002319","","","","","","","2026-07-04T17:52:58.138Z","","","","","",""
"ANSEM","3S2cy58GomVhFvyN4pj4j3gueMCJGkNUwYMxuBoupump","83","6.872852245","","","","","","","","","","","","","0.000004005","0.000004533","","","","","","2026-07-04T17:52:58.530Z","2026-07-04T17:54:08.972Z","","","","",""
"BRODIE","2ZUScKjyXXpFg6BV3zcaMuGi65KxtDpQneVCJ3gNpump","68","2.4691358","","","","","","","","","","","","","0.000002422","0.000002422","","","","","","2026-07-04T17:53:39.563Z","2026-07-04T17:54:38.745Z","","","","",""
"Whitey","Djb5Vq4y7g6ypMqQHZBABUpqbcC6SACzZs7u6RFVpump","75","2.616000001","","","","","","","","","","","","","0.000002157","","","","","","","2026-07-04T17:55:15.570Z","","","","","",""
"Whitey","CPWxjHB1b8q8bbvbZX3VijkVKu8TvfPTFHkFQUSfpump","68","2.356000001","","","","","","","","","","","","","0.000003228","0.000003228","","","","","","2026-07-04T17:56:21.575Z","2026-07-04T17:57:20.756Z","","","","",""
"Whitey","GHEHLUfG17gaca6ode1dcNQu9gMrFw11YCmvvFXypump","81","6.862000001","","","","","","","","","","","","","0.000002749","0.000002749","","","","","","2026-07-04T17:56:57.648Z","2026-07-04T17:58:02.752Z","","","","",""
"Whitey","GxFHAAyvEAKdYco1Ed45PC4Mef9g5qch7GbNN9twpump","","","","","","","","","","","","","","","","","","","0.000002226","","","","","","","2026-07-04T17:57:02.747Z","",""
"Lily","Bv9YEVtm5XKEhQpDkRzbmKJL3pNS8Y8HC5XvMqj1pump","71","3","","","","","","","","","","","","","0.000008254","","","","0.000002325","","","2026-07-04T17:57:27.576Z","","","","2026-07-04T17:58:02.957Z","",""
"MEMECOINS","8ZQz74WRYDbgRwbB9taTzBmhcbZs14eKW1xVfMEfmk6H","82","6","","","","","","","","","","","","","0.000002311","","","","","","","2026-07-04T17:57:46.057Z","","","","","",""
"MAV","3J6Cw1X7JdcbPJhLxgBtoT9hQnbZqNAUTPVDBtWdpump","75","4.938271603","","","","","","","","","","","","","0.000002419","","","","","","","2026-07-04T17:57:46.448Z","","","","","",""
"Kākāpō","ErQ2TaX9hpiicWb4ws7rdHLR8o6MCpd2MeAj6WLfUvcn","71","3","","","","","","","","","","","","","0.00000242","","","","","","","2026-07-04T17:57:51.979Z","","","","","",""
"RICH","APQaA8ty9GgctUrpMGEvRxVuDhLqYPwSaZyRvQRapump","79","5","","","","","","","","","","","","","0.000002434","","","","","","","2026-07-04T17:57:52.363Z","","","","","",""
"PUMP","EGNERRJ7BQ3qxNWH2GJ6gKmtx4ZQh4KykBzWiyDoixWL","","","","","","","","","","","","","","","","","","","","","0.000002459","","","","","","2026-07-04T17:57:57.583Z",""
"MAV","5ixi56ra1nGEHn9uWxRAiniyUKsFFhEXAKhvrB4gpump","100","3.5","","","","","","","","","","","","","0.000002311","","","","","","","2026-07-04T17:58:03.544Z","","","","","",""
"MAV","H9APcgttJrmyt9ikmDjonjYMopJKwNfBvDnUUZKwpump","72","4.938271603","","","","","","","","","","","","","0.000002309","","","","","","","2026-07-04T17:58:45.591Z","","","","","",""
"WIZARIA","9nwX8d22qZTHQs4jFhPwGY3ntGbZeVnK5BfoYAKnpump","83","6.872852234","","","","","","","","","","","","","0.000002346","","","","0.000002346","","","2026-07-04T17:58:51.000Z","","","","2026-07-04T17:58:51.001Z","",""
"Whitey","GGNX84C3eVfm7C4AubnCpspeX15zkfBSsq3UhyUPpump","","","","","","","","","","","","","","","","","","","","","0.000001406","","","","","","2026-07-04T17:58:51.591Z",""
"LILY","71nb4EW9gFCdVpx79G6Qm9iz75a27CZP8aF2ih1Kpump","76","4","","","","","","","","","","","","","0.00000231","","","","","","","2026-07-04T17:58:57.672Z","","","","","",""
"Whitey","9Vp352pxFK835X7AqeAxdEfboaAbFpV7WDPye9oFpump","","","","","","","","","","","","","","","","","","","","","0.000001999","","","","","","2026-07-04T17:59:15.846Z",""
"LARP","CTrw3WQQQUm3QByuko7MDpJok7Lkwbs2i4aGtaMepump","96","29.629629628","","","","","","","","","","","","","0.00001906","","","","","","","2026-07-04T17:59:21.566Z","","","","","",""
"Whitey","7th6dN61ACAw84Nic7xow7wQ53CouS5vQsBoAt9Npump","74","5.736000001","","","","","","","","","","","","","0.000002964","","","","","","","2026-07-04T17:59:39.577Z","","","","","",""
"air","3NYeFik4drqx8ZH9rMjP7hDEGARc5ogKcLT1RN2apump","69","5","","","","","","","","","","","","","0.000002415","","","","","","","2026-07-04T17:59:45.616Z","","","","","",""
"Whitey","FbZyJWvbxb37eMeabzzLirssNRnLRbsaMVnzqrR5pump","","","","","","","","","","","","","","","","","","","","","0.000001675","","","","","","2026-07-04T17:59:57.613Z",""
"INBOUND","6o3K1Ek6eM82eKaUVfAUoLPs6Mr6csYd6a7HVfC2pump","70","4.938271603","","","","","","","","","","","","","0.000002317","","","","","","","2026-07-04T18:00:04.133Z","","","","","",""
"12","BBTgdQPwSoERLYXrp1h4q3rEKukuLGCpkNRqDTzC8VBL","","","","","","","","","","","","","","","","","","","","","0.000002307","","","","","","2026-07-04T18:00:04.598Z",""
"12M","2LggHFAwjkso3RRHFdJRUFDa2zYbCM7McnhBHGAAi8pZ","","","","","","","","","","","","","","","","","","","","","0.000002455","","","","","","2026-07-04T18:00:09.597Z",""
"Whitey","2BEG5YMkhgCBemWpFkYEHXH3Pu1PXJoJytV71uaupump","71","5.119000001","","","","","","","","","","","","","0.000002786","","","","","","","2026-07-04T18:00:15.734Z","","","","","",""
"12","GLHy14gPaynpUQPuakUR7X4k9rqQYr3ZchwHX2v9pump","71","3","","","","","","","","","","","","","0.000002416","","","","","","","2026-07-04T18:00:21.611Z","","","","","",""
"Whitey","3zVFAZ7X5nZ9reQmdeUaVK9ZKwmcpUTZ6NQzeikPpump","","","","","","","","","","","","","","","","","","","","","0.000001936","","","","","","2026-07-04T18:00:33.567Z",""
"Whitey","CJbjXkPyxTrZZPxKa7jChp762TvvMKfS7edhCMqZpump","","","","","","","","","","","","","","","","","","","","","9.73e-7","","","","","","2026-07-04T18:00:51.593Z",""
"Movie","HaoLC7YZBWaRLE4e8jEmbkubwWJtxuKENrAY9nJZpump","","","","","","","","","","","","","","","","","","","","","9.034e-7","","","","","","2026-07-04T18:01:15.667Z",""
"Movie","CVEKxBg2qMqgKQ6GV3gUodUPaSFB8xETUBy2xd5ypump","76","3.76","","","","","","","","","","","","","0.00001034","0.00001034","","","","","","2026-07-04T18:01:40.014Z","2026-07-04T18:02:38.749Z","","","","",""
"NIGLIN","DBKPkQA53XUZ2fHfR21YkZD5Zy1J1aUNxxNoicozpump","75","5","","","","","","","","","","","","","0.000002306","","","","","","","2026-07-04T18:01:40.410Z","","","","","",""
"PLNDR","7t1V711Jfe6ehTyBAeAkhNZuLnpKoy891sATnqKgpump","71","2.962962961","","","","","","","","","","","","","0.000002336","","","","","","","2026-07-04T18:01:57.630Z","","","","","",""
"EAGLE","4Z1rwGszyQUqenYZPB4wrdvXMgUvfdE2Fd57J8CRpump","71","4","","","","","","","","","","","","","0.000002306","","","","","","","2026-07-04T18:02:03.579Z","","","","","",""
"PLNDR","H3P36DdtJgcpr3qTEEvYTrKT6RdW9mzvV1bQmoJnpump","71","2.962962961","","","","","","","","","","","","","0.000005654","","","","0.000003606","","","2026-07-04T18:02:34.392Z","","","","2026-07-04T18:03:15.020Z","",""
"chillet","AKtyd3Rah9ZaK7NA6iTp3kuV6pnVB3dWYt3rgB4Dpump","75","4.938271603","","","","","","","","","","","","","0.000003134","0.000003137","","","","","","2026-07-04T18:02:57.637Z","2026-07-04T18:03:56.749Z","","","","",""
"Whitey","7SSCczwDkZx6DPiHQ1KApRnGZVHyo6EZnynPsgDvpump","68","5.703000001","","","","","","","","","","","","","0.0000036","0.0000036","","","","","","2026-07-04T18:03:27.555Z","2026-07-04T18:04:26.749Z","","","","",""
"Morocco","AtErFUk78jsXr5CL7EGGSbSgKbksbdyqm9CBG6Mcpump","","","","","","","","","","","","","","","","0.000002791","","","","","","","2026-07-04T18:03:38.747Z","","","","",""
"Whitey","5UwArJQZYebnNr6FrGh2EMaEYsiEphHkdz6BbLqdpump","","","","","","","","","","","","","","","","","","","","","3.868e-7","","","","","","2026-07-04T18:03:57.561Z",""
"DOG","68aWQiXpMdHSVQ8UMmEGXjaJkFqn1tEcVj5ouLGcpump","75","5","","","","","","","","","","","","","0.000006012","0.000006951","","","","","","2026-07-04T18:04:33.637Z","2026-07-04T18:05:32.751Z","","","","",""
"DOG","4iAViSpzfV2fi2DgHZ1Ww4ApTeZn722phtgAbLzcpump","98","3.5","","","","","","","","","","","","","0.000004805","","","","0.000003237","","","2026-07-04T18:05:03.564Z","","","","2026-07-04T18:05:44.963Z","",""
"Kākāpō","ApEr5T4FBz7CW988JQZnmnxyrA2HqjRA4WJMmeCcpump","71","2.999999999","","","","","","","","","","","","","0.000002342","","","","","","","2026-07-04T18:05:21.543Z","","","","","",""
"ABE","6fdTtTxzEY5u5y8TVsxvfFxRrwkv7i5C3jpjgZvxpump","71","3","","","","","","","","","","","","","0.000003181","","","","","","","2026-07-04T18:05:39.541Z","","","","","",""
"money","D1oiV5qKwYpdx578HFCNY8f1VprJbWx8e3geSVK6gHUk","","","","","","","","","","","","","","","","","","","","","0.000002307","","","","","","2026-07-04T18:07:15.600Z",""
"money","5QhijuAq7HTHR78PkxhVmva63fMmyY8zWM1Vf45zpump","","","","","","","","","","","","","","","","","","","","","0.000002396","","","","","","2026-07-04T18:07:21.595Z",""
"RICH","9dH2Ddu4UNRVLSd6PjmwBL1XCston8a8asctRzWjpump","72","5","","","","","","","","","","","","","0.000007359","","","","0.000006669","","","2026-07-04T18:07:27.546Z","","","","2026-07-04T18:08:02.960Z","",""
"xiaomaibu","Aq27TiyG3sS9a5p7Ng1EYXAeNL8sFmMY2kpN73J5pump","79","5","","","","","","","","","","","","","0.000002984","","","","0.000002984","","","2026-07-04T18:07:38.967Z","","","","2026-07-04T18:07:38.968Z","",""
"BlackSheep","FLW4yXtT8v5oq16FdX2hemT39KY2o8qHqsGqXvK7pump","68","2.4691358","","","","","","","","","","","","","0.000002306","0.000002306","","","","","","2026-07-04T18:07:57.694Z","2026-07-04T18:08:56.743Z","","","","",""
"MAV","Bg9hjGKw9gZzk8xHPu8sHmnJqTt5BuUiJRmq1DRD8e4G","77","5.5","","","","","","","","","","","","","0.000002305","","","","","","","2026-07-04T18:08:03.548Z","","","","","",""
"SOLANGEL","BfvqqABvchPvvMUvNqk6cfj1v82P5eGXct8AArU7pump","84","6.913580245","","","","","","","","","","","","","0.000002355","","","","","","","2026-07-04T18:08:21.556Z","","","","","",""
"XiaoBao","CvtYv7dHsGtRTx8L27eSL9koqkjKFJUtGXzJmcQXpump","71","3","","","","","","","","","","","","","0.000008158","","","","0.000002479","","","2026-07-04T18:08:40.753Z","","","","2026-07-04T18:09:14.956Z","",""
"money","3jZevtDKT2y2GN4dgHZcSKnE9Ve6GahyYjyBZXQqpump","","","","","","","","","","","","","","","","","","","","","0.000002414","","","","","","2026-07-04T18:08:41.195Z",""
"MAV","5WV4BcJNVz4k1kHagvYSF2fEnS1zgzZmLg7mK69miiJZ","74","5.5","","","","","","","","","","","","","0.000002306","","","","","","","2026-07-04T18:08:41.621Z","","","","","",""
"INSTANT","J3yPpY2upPxvnkUzewKvtbemfoqdbnScAhNhvXcHpump","79","5","","","","","","","","","","","","","0.000009778","","","","0.00000703","","","2026-07-04T18:08:42.025Z","","","","2026-07-04T18:09:15.004Z","",""
"money","CpkQnBWvghdTAVDcQn1r8gB8ouxb6cNC9rjwdQLJpump","79","5","","","","","","","","","","","","","0.000002308","0.000002311","","","","","","2026-07-04T18:08:51.538Z","2026-07-04T18:09:50.741Z","","","","",""
"小卖部","DDN9KqntukbTy5eah6Fv5qBQsUnjytRD5LkS3u4bpump","71","3","","","","","","","","","","","","","0.000002412","","","","0.000002412","","","2026-07-04T18:08:57.579Z","","","","2026-07-04T18:09:38.932Z","",""
"Elis","C3BYiPWW6B33XasFoMEJB254sHvW39tojoRLWiFLpump","79","4.938271603","","","","","","","","","","","","","0.000002336","","","","0.000002336","","","2026-07-04T18:09:44.936Z","","","","2026-07-04T18:09:44.937Z","",""
"SOLANGEL","BCDATfB2kRr4DEBSwP5vuWJSK76YRg1aYuhCXAgqpump","84","6.913","","","","","","","","","","","","","0.00000236","","","","","","","2026-07-04T18:10:03.545Z","","","","","",""
"MAV","J5wRztgcP2KWXxWENHNnZxeZRCQPw72zRZ37YNvoPiDa","77","7","","","","","","","","","","","","","0.000002324","","","","","","","2026-07-04T18:10:21.947Z","","","","","",""
"SOLANGEL","CdZX7X6mYyiRZXzzYiDWH8VUtNV4AqZe1z87MXUypump","82","7.901234566","","","","","","","","","","","","","0.000004412","","","","0.000002331","","","2026-07-04T18:10:22.407Z","","","","2026-07-04T18:10:56.975Z","",""
"JOEY","vz7dfmnF4ETzmCGs9YCEmFoW4vp5WKYCizif6jEpump","68","2.5","","","","","","","","","","","","","0.000002305","","","","0.000002305","","","2026-07-04T18:10:45.630Z","","","","2026-07-04T18:11:02.752Z","",""
"SULT","2uf88mrqiQSNGNBJ7wPmaKw4Rezq3FznCTAbcGf6pump","","","","","","","","","","","","","","","","","","","","","9.477e-7","","","","","","2026-07-04T18:11:51.651Z",""
"SOLANGEL","9qCyvKYXUNPDCDnKr6nrnCT45iP1yAHDNA2sNERbpump","80","6.913","","","","","","","","","","","","","0.000002395","0.000002395","","","","","","2026-07-04T18:12:15.649Z","2026-07-04T18:13:14.753Z","","","","",""
"BUGATTI","4rWtJ6ASECDTbBmQrwnFSCdLxZs7tDpoJb7kXyN7pump","79","4.938271603","","","","","","","","","","","","","0.00001826","","","","0.00001406","","","2026-07-04T18:12:33.617Z","","","","2026-07-04T18:13:08.984Z","",""
"SOLANGEL","GjGrw53pGoXeWkCzphe9fojNQ9W615TueFizGiTSpump","80","7.901234566","","","","","","","","","","","","","0.000002336","","","","","","","2026-07-04T18:12:39.570Z","","","","","",""
"BUGATTI","6gRKqA3mDuNpoeAeaN5cMgKE1xtAK2hYHKafG5LNpump","70","5","","","","","","","","","","","","","0.0000024","0.0000024","","","","","","2026-07-04T18:13:03.595Z","2026-07-04T18:14:08.751Z","","","","",""
"bullpost","Dk89vwttGdwA85MufKNWP1cnzJbQregv1WFcmb8bpump","79","5","","","","","","","","","","","","","0.000002415","","","","","","","2026-07-04T18:13:15.644Z","","","","","",""
"SOLANGEL","HCZqU8cEVC5CH8DnsNBz9yDM52UXbWuwg3WWGmarpump","78","6.913","","","","","","","","","","","","","0.000002351","0.000002343","","","","","","2026-07-04T18:13:51.593Z","2026-07-04T18:15:50.746Z","","","","",""
"NPC","8pa1mHvaXvvWQAnaAh2tUbbg3oagVkA2RJMcHochpump","81","5.7","","","","","","","","","","","","","0.00000233","","","","0.00000233","","","2026-07-04T18:14:03.583Z","","","","2026-07-04T18:14:32.811Z","",""
"ANSEM","7NAKYY7b9PqvoMrt4WgcjCdmHZYYkhzg2dvam3E1pump","95","26.178010471","","","","","","","","","","","","","0.00001722","","","","0.000002438","","0.000002438","2026-07-04T18:14:09.567Z","","","","2026-07-04T18:14:50.937Z","2026-07-04T18:14:50.937Z",""
"SOLANGEL","8PnuMZxTXDt7QwNP3KuheEypV9HgwZQuMSm2DCtDpump","80","8.888888887","","18.221","","","","","-48.109661728940964","","","","","","0.00000452","0.000004523","","","0.000002347","","","2026-07-04T18:14:45.550Z","2026-07-04T18:15:50.740Z","","","2026-07-04T18:16:08.961Z","",""
"INSIDERS","98qEtKMcqnr5QZ1BvufDvAh6xy1qMc7wCKDfmsrFpump","79","5","","","","","","","","","","","","","0.00000231","","","","","","","2026-07-04T18:14:58.364Z","","","","","",""
"INSIDER ","2e3PdXzLU6qABc4QahxGudtuLpjYvXhCD2f1RvGRPNpU","72","4.938271603","","","","","","","","","","","","","0.000002307","","","","0.000002307","","","2026-07-04T18:14:58.790Z","","","","2026-07-04T18:15:32.981Z","",""
"INSIDERS","Ah3Gn2HshxB1vQNGGbBdxVX91uXJRMYpsLiy1tFNpump","72","5","","","","","","","","","","","","","0.000009943","","","","0.000007161","","","2026-07-04T18:14:59.181Z","","","","2026-07-04T18:15:32.990Z","",""
"Tremps","9xP2yvFYT76bU9ivhEbcheDjmuBcyrMLHdmv5EwSpump","70","5","","","","","","","","","","","","","0.000002309","","","","","","","2026-07-04T18:15:21.549Z","","","","","",""
"SYE","7neruruVasscdwxfcNRhpMW14dM1eyFhSWgBatZapump","79","4.938271603","","","","","","","","","","","","","0.000002367","0.000002367","","","","","","2026-07-04T18:16:03.544Z","2026-07-04T18:17:02.747Z","","","","",""
"SMR","H5kKxC8P8kZPqUsznYeRyoQoirYaFnmY4nipzuuHpump","","","","","","","","","","","","","","","","0.000002321","","","","","","","2026-07-04T18:17:14.740Z","","","","",""
"SOLANGEL","B8oT7dXXhGehtMoFC4A3dMqkV8wPqv1j1cEgkAS4pump","76","6.913","","","","","","","","","","","","","0.000004817","","","","","","","2026-07-04T18:17:21.624Z","","","","","",""
"WSB","7rRvAjUvXxq6WjU8crzf5FRujFm6MPCTs4zmieEspump","77","7","","","","","","","","","","","","","0.000002324","","","","0.000002324","","","2026-07-04T18:17:39.624Z","","","","2026-07-04T18:17:56.739Z","",""
"SOLANGEL","9Bym4dqWycX5aRrEzaTixbKN2XnZJsmzHwUxBFQUpump","81","9.876543208","","","","","","","","","","","","","0.000004573","","","","0.000002507","","","2026-07-04T18:18:10.006Z","","","","2026-07-04T18:18:44.963Z","",""
"ansemity","3V3r71uopaa8fShiii3aC37SkdE8iYDHvftryUTwpump","97","45.432098764","","","","","","","","","","","","","0.0000149","","","","","","","2026-07-04T18:18:10.419Z","","","","","",""
"Dream","BSxcLQSKN5TR1kYBcVFbzd4XoVddQiSYxtAzuEyJpump","71","2.962962961","","","","","","","","","","","","","0.000002351","","","","0.000002351","","","2026-07-04T18:19:15.607Z","","","","2026-07-04T18:19:32.733Z","",""
"bullieve","BkSGhFR165FQyBrujpQvDcCdX84YZ1hGxQusKmM14Rd9","","","","","","","","","","","","","","","","","","","","","0.000002454","","","","","","2026-07-04T18:19:40.403Z",""
"OUTSIDER","5YahpDnsF9zeA5YGwSoueXmJMiJCw4a8XGuVdWbqpump","71","3","","","","","","","","","","","","","0.000002305","","","","","","","2026-07-04T18:19:51.993Z","","","","","",""
"outsider","9xxo7Rtbb2HvEfN3WxwCfGYCTEj3SDznncKHx4jEpump","69","5","","","","","","","","","","","","","0.000002415","","","","","","","2026-07-04T18:19:52.444Z","","","","","",""
"LMAO","4eBjtjLwVJPx27zZLcy9oxbPask6rKcfMFoN9qxapump","75","5","","","","","","","","","","","","","0.000007802","","","","0.000006685","","","2026-07-04T18:19:57.563Z","","","","2026-07-04T18:20:32.938Z","",""
"BOSS","75brmj4MWrgEcibr9GcAjaeusXQRQVNXvFCmeP2vpump","71","3","","","","","","","","","","","","","0.000002315","","","","","","","2026-07-04T18:20:40.039Z","","","","","",""
"LMAO","HKEumcxCLArspzodgG3bEjDBQ2UKdKPGjumAj7Rypump","75","5","","","","","","","","","","","","","0.000002361","","","","","","","2026-07-04T18:20:40.418Z","","","","","",""
"NETANYAHU","7iwcMfzoDL395p6VN4X8BUenfdW5MsW3zD4FAgtTpump","69","4.938271603","","","","","","","","","","","","","0.00000241","","","","","","","2026-07-04T18:20:45.627Z","","","","","",""
"SOLANGEL","E9z7mWyHFd5TtnvFQWXXK5ozdStEYVWExvoXtSqpump","86","14.814814813","","","","","","","","","","","","","0.00001178","0.00001208","","","","","","2026-07-04T18:20:51.536Z","2026-07-04T18:21:56.736Z","","","","",""
"LMAO","H4BY3MFPZVqioDtRLEuBiNd4YAYMDNhTHHFtRXBGpump","72","5","","","","","","","","","","","","","0.000002361","0.000002361","","","","","","2026-07-04T18:21:03.597Z","2026-07-04T18:22:02.736Z","","","","",""
"LMAO!","GhfbNFBButHJUBnsgQCfQ4BJ2wXBMxJnyLzva3VNnmVH","72","4.938271603","","","","","","","","","","","","","0.000002302","","","","","","","2026-07-04T18:21:16.365Z","","","","","",""
"outsider","GqnWb7F2TLwNHcDwPTWhiXc1pcPxXZju2gPoew5wpump","68","5","","","","","","","","","","","","","0.00000236","","","","","","","2026-07-04T18:21:16.785Z","","","","","",""
"Xiaomaibu","DxDQt5GQwSMPggVmTkzzTwhNfoWSigi8bhYreeZSpump","71","3.950617282","","","","","","","","","","","","","0.000002345","","","","","","","2026-07-04T18:21:17.190Z","","","","","",""
"USA","DPUJCkQ42p686h6xwWBpvy7NEAugaKbw2zDPa9gVpump","71","2.962962961","","","","","","","","","","","","","0.000002305","0.000002305","","","","","","2026-07-04T18:21:33.564Z","2026-07-04T18:22:32.736Z","","","","",""
"小小卖部","2TNxzaazLMkKchekTxTgBCghPfPUNrPCHVpT7iDipump","70","5","","","","","","","","","","","","","0.000002303","","","","0.000002303","","","2026-07-04T18:22:15.662Z","","","","2026-07-04T18:22:32.735Z","",""
"RANDY","8xK2e9v7TYZ3RTgbq7sDFzUZnh3YqNQ7XjVw4oNZuQkr","","","","","","","","","","","","","","","","","","","","","0.000002406","","","","","","2026-07-04T18:23:03.575Z",""
"Nugget","6qFjn8xXoTDARq2kQoosy58M9znfoAUaeV9P2xaepump","85","7.901234566","","","","","","","","","","","","","0.000002405","","","","0.000002405","","","2026-07-04T18:24:45.658Z","","","","2026-07-04T18:25:02.737Z","",""
"4TH","4UST8DaRwCjVjJh72oyn2QkaZUcMVDy3ithEucXJpump","79","4.938271603","","","","","","","","","","","","","0.000002312","0.000002312","","","","","","2026-07-04T18:25:51.584Z","2026-07-04T18:26:50.748Z","","","","",""
"MAV","33TvAh1JDKru8JcR3PDv12TSP7mNUNqB1wWU18nSpump","72","3.3","","","","","","","","","","","","","0.000002297","","","","","","","2026-07-04T18:26:03.541Z","","","","","",""
"Mug","DVc9fQu89ACXfCfSyTvFTWXVgrJQi8t8mw8qRu5ipump","","","","","","","","","","","","","","","","","","","","","0.000001146","","","","","","2026-07-04T18:26:33.575Z",""
"ANTATE","FCUef4JcPaoZvRzarScERT6SZJcEKK48HVygBKStpump","94","22.716049381","","","","","","","","","","","","","0.000007123","0.000007123","","","","","","2026-07-04T18:26:45.712Z","2026-07-04T18:27:44.748Z","","","","",""
"sustainabull","3Dmqaabrovmtw2Wa4FiQC1EGTuiF4XDPS4FtGWybrRjN","71","3","","","","","","","","","","","","","0.000002313","","","","","","","2026-07-04T18:26:57.613Z","","","","","",""
"Mug","HSkk7DgZ1i5MMFR6pseoVgkx8xPFQxRWxzzka7jGpump","99","0.150000001","","","","","","","","","","","","","0.000007402","0.000007402","","","","","","2026-07-04T18:27:45.581Z","2026-07-04T18:28:44.753Z","","","","",""
"TRENCHES","A3QMu8nfxvw6fm4ZDhxthbWStAzFw4EwpZQTBxJG95Q4","70","4.938271603","","","","","","","","","","","","","0.000002299","","","","0.000002299","","","2026-07-04T18:27:52.022Z","","","","2026-07-04T18:28:14.735Z","",""
"TRENCHES?","4752pa3nvhDdWNDBkF77Fnu3aq35RubB51LsjMEvXK2Z","77","5.599999999","","","","","","","","","","","","","0.000002406","","","","","","","2026-07-04T18:27:52.461Z","","","","","",""
"Mug","HzjuUJh5zYTN9PMgD4FNd59HgoQo5g93VEKMWzsRpump","93","0.160000001","","","","","","","","","","","","","0.000002408","0.000002408","","","","","","2026-07-04T18:28:15.581Z","2026-07-04T18:29:26.735Z","","","","",""
"gigausa","53Gs4PiLsTVinWocwcctRuoERJfspUqn2TtNaJXd8azV","","","","","","","","","","","","","","","","0.000002314","","","","","","","2026-07-04T18:28:20.898Z","","","","",""
"BULL-Y4TH","DfQjg9xm9Gvs9qCzU1MRDct4GAGMqCphRtanD3sopump","72","3.160493826","","","","","","","","","","","","","0.000002818","","","","0.000002304","","","2026-07-04T18:28:21.707Z","","","","2026-07-04T18:29:02.957Z","",""
"Mug","5xfhxzitt6yTtryytCUob2Y1H3pyiHVvgk4WsAdgpump","85","0.170000001","","","","","","","","","","","","","0.000005284","0.000005284","","","","","","2026-07-04T18:28:45.553Z","2026-07-04T18:29:50.822Z","","","","",""
"omelet","8okd1qjMLfvzxa61p1H8raHVKbydFaYemRmgk4Vpump","90","11.866666665","","","","","","","","","","","","","0.00001141","0.00001353","","","","","","2026-07-04T18:28:57.543Z","2026-07-04T18:31:02.952Z","","","","",""
"LFG","5xRRRd1fhGyBY2u31isvkL3rLtYUFXvau3JgkwiKpump","100","0.019753085","","66.213","","","","","-21.849478577710766","","","","","","0.0000072","0.000007959","","","0.00000622","","","2026-07-04T18:29:09.648Z","2026-07-04T18:30:08.744Z","","","2026-07-04T18:31:14.957Z","",""
"Mug","BtoXN5G19DecPPWWAVQuUsQohHpUYFFwRUE5FGTxpump","78","0.200000001","","","","","","","","","","","","","0.000006981","0.000006981","","","","","","2026-07-04T18:29:15.573Z","2026-07-04T18:30:14.826Z","","","","",""
"Mug","78HcDm3vUhpz48jYrkrucRuHUmnCMbryPzHQVxZNpump","70","0.200000001","","","","","","","","","","","","","0.00006252","","","","","","","2026-07-04T18:30:21.591Z","","","","","",""
"omelet","GZyGcnXKxiN46DS2PjjdRNetv5BRKGtjTc6P556Npump","77","5.7","","","","","","","","","","","","","0.000002365","0.000002365","","","","","","2026-07-04T18:30:39.590Z","2026-07-04T18:31:38.744Z","","","","",""
"TATE","DiVNTrFQvikcAmTriJgeKvQKqWuubZTUtKfPKQwRpump","","","","","","","","","","","","","","","","0.000002776","","","","","","","2026-07-04T18:30:44.739Z","","","","",""
"Trouble","49sr5ybonWwwZ4VxrK92G83ECUmWuaNPHLtoBcPApump","73","3.33","","","","","","","","","","","","","0.000002407","","","","0.000002407","","","2026-07-04T18:31:45.658Z","","","","2026-07-04T18:32:08.744Z","",""
"SOLANGEL","6s7VRBB63hpxSjy8TGMLYXUw3k9AnCbHL1ezC34gpump","75","6.913","","","","","","","","","","","","","0.000002441","","","","","","","2026-07-04T18:33:09.625Z","","","","","",""
"TRENCH","35CwUoweYXARUcuq7VnuGH3ArjQ3bfe4pVFK8iFdpump","79","4.938271603","","","","","","","","","","","","","0.000002341","0.000002341","","","","","","2026-07-04T18:33:45.565Z","2026-07-04T18:34:50.727Z","","","","",""
"Good Morning","H8t15tmZ8cSz3TzoEdr3VE1AJkGRc5V3SSa5gt5npump","71","2.962962961","","","","","","","","","","","","","0.000002298","","","","","","","2026-07-04T18:33:57.627Z","","","","","",""
"mansem","ozccSnyep5P1ZbaG2uYPufwnMfLTRQzVvBTumexpump","","","","","","","","","","","","","","","","","","","","","0.000002473","","","","","","2026-07-04T18:34:10.064Z",""
"SDS","8kHJkV9wQG8neg6aWeXAkaaYqNmzYGtrqgEM4Fi1Rkyn","74","5.599999999","","","","","","","","","","","","","0.000002298","","","","","","","2026-07-04T18:34:10.382Z","","","","","",""
"SOLANA","98JQBrowyJ1gVJvxNnMrVyCvy3FSARodDcViYtc3pump","70","5","","","","","","","","","","","","","0.000002298","","","","","","","2026-07-04T18:34:16.002Z","","","","","",""
"SDS","DhzWcugttm2gU8wN82seLdmvmHFub6dQrkorThRPCYw4","","","","","","","","","","","","","","","","","","","","","0.000002299","","","","","","2026-07-04T18:34:22.069Z",""
"Absol","14CeiQ5ApWXQrMnJGXG1wL9713wXuiMNs8CDHKWYpump","71","3","","","","","","","","","","","","","0.000002298","","","","","","","2026-07-04T18:34:22.428Z","","","","","",""
"SOLANGEL","EaMm963WxJ3HPPgv4kGePPPdpo9v3uzuByDisD9opump","74","6.913","","","","","","","","","","","","","0.000002358","0.000002358","","","","","","2026-07-04T18:35:03.635Z","2026-07-04T18:36:02.736Z","","","","",""
"whiteski","DcPBs1rT9CL6EsWTRLoqrffUFUuHEB4xGCYWk7ZvJdQa","","","","","","","","","","","","","","","","","","","","","0.000002297","","","","","","2026-07-04T18:35:15.519Z",""
"REDNECKSKI","GYCaLRhoNXoEUben9SDuamawdPhArZrVj7nsdg9rpump","76","4","","","","","","","","","","","","","0.000002297","","","","","","","2026-07-04T18:35:21.646Z","","","","","",""
"SDS","6VHF6HxGpX5n5KcmabMicFmFaQ24FwC3aDP2pQUA6C3b","","","","","","","","","","","","","","","","0.000002314","","","","","","","2026-07-04T18:35:26.729Z","","","","",""
"mansem","Ea8w2xTmRvHYtxYhin3X5ZizKwGt28Pfig34P9r5pump","93","17.876543208","","","","","","","","","","","","","0.00002239","","","","0.000002364","","0.000002364","2026-07-04T18:36:09.558Z","","","","2026-07-04T18:36:44.926Z","2026-07-04T18:36:44.925Z",""
"SOLANGEL","3HFKxkJ7GbXTXC3uKVLYFpgAynWt63ciY1o3veZ3pump","84","6.913","","","","","","","","","","","","","0.000002326","","","","","","","2026-07-04T18:36:45.593Z","","","","","",""
"MAV","5F3J3Lswi9M2TQY5MRtZ36Gst3SDH5cTTDHVkNajy3on","","","","","","","","","","","","","","","","","","","","","0.000002445","","","","","","2026-07-04T18:39:33.760Z",""
"mansem","FCLSQQ3SX7sSA2266iY4bZWe6ejAbAfP1y469uVMpump","93","17.876543208","","","","","","","","","","","","","0.00001542","","","","","","","2026-07-04T18:39:40.061Z","","","","","",""
"mansem","GqJ1bnrMJQXDymv9PfLxu2gR14UeRbeA215siGfYpump","71","3","","","","","","","","","","","","","0.000002298","","","","","","","2026-07-04T18:39:40.460Z","","","","","",""
"Hulk","BJwSgzCcVb9ew87CvpUBNpDco6EzF3k6aZz6BW2ipump","68","3.33","","","","","","","","","","","","","0.000007938","","","","","","","2026-07-04T18:40:40.007Z","","","","","",""
"BULL","EChzT4zBo7vGTfdortQpdugGZfa8JN7CD6JQG7jnpump","","","","","","","","","","","","","","","","","","","","","0.000002304","","","","","","2026-07-04T18:40:40.433Z",""
"WIFBULL","4bmegSVkbyDXG8Db82QR9wfgCidSrKuMKE142jpTpump","97","14.814814813","","","","","","","","","","","","","0.000005963","","","","","","","2026-07-04T18:41:57.617Z","","","","","",""
"MANSEM","HpX2uhpGGPEkvyqNeXqLrXTyWGUVJeSAr667mniRpump","75","3.950617282","","","","","","","","","","","","","0.000002381","","","","","","","2026-07-04T18:42:03.671Z","","","","","",""
"wif","4njib81w8evWhbd2benHWD452C2MafwxYrwwtRBCpump","68","5","","","","","","","","","","","","","0.000002312","","","","","","","2026-07-04T18:42:27.587Z","","","","","",""
"ROCC","CvGa1JroUdPgRMrqoD6scR7e2PXrMZZZ1GFhCvDRpump","100","0.098765431","","","","","","","","","","","","","0.000002633","0.000002633","","","","","","2026-07-04T18:43:09.559Z","2026-07-04T18:44:14.733Z","","","","",""
"‎","5QDMiiSXwb9KsRkhRwzbZUsZgBMjcY5HEbyFc8mVpump","71","3","","","","","","","","","","","","","0.000002342","","","","","","","2026-07-04T18:43:27.627Z","","","","","",""
"chudcat","BgoRN7XUeE8HErizmTuU7m4yHamrCa4PaZ6iWiYNpump","100","0.070000012","","","","","","","","","","","","","0.00001537","0.00001845","","","","","","2026-07-04T18:43:45.606Z","2026-07-04T18:44:44.739Z","","","","",""
"MAKEITOUT","BwFE7ygDdtaX4mntmWvGspnS2G9faJazXe487rPq73ij","68","5.925925924","","","","","","","","","","","","","0.000002357","0.000002357","","","","","","2026-07-04T18:43:58.839Z","2026-07-04T18:44:56.760Z","","","","",""
"MakeItOut","AFJCThXMsknVcdAeDwvGwsAydGcU2wayETCzMKAhzxS9","","","","","","","","","","","","","","","","","","","","","0.000002406","","","","","","2026-07-04T18:43:59.234Z",""
"SLUMS","CMh8UnwmAbw9eNiN21fxkEeBedfdCPUpoV7VNZ8raJyy","74","7.901234566","","","","","","","","","","","","","0.000002341","0.000002341","","","","","","2026-07-04T18:43:59.584Z","2026-07-04T18:44:56.754Z","","","","",""
"1","7VRiunnebFEB2q6RQGLCncXUkLcNdZFDMv9qAmDJE1aj","72","5.925925924","","","","","","","","","","","","","0.000002312","","","","","","","2026-07-04T18:43:59.985Z","","","","","",""
"OUT","BUqa2bq4wQce4WFFb1Bk269er8qN8XqTDr6tJDkfpump","87","2","","","","","","","","","","","","","0.000002299","","","","","","","2026-07-04T18:44:21.563Z","","","","","",""
"myself","4pyiv3RZ8LSRNfwenP4z7whwN2WhCF4dTFri7Mjwpump","","","","","","","","","","","","","","","","","","","","","8.712e-7","","","","","","2026-07-04T18:44:45.536Z",""
"TOPG","Funtw959dUi3pZAbMu6FmuK7yrWEyYeQh3NjHJQFpump","","","","","","","","","","","","","","","","","","","","","0.000002299","","","","","","2026-07-04T18:44:57.618Z",""
"drip","B8Gvgksz728hGUs2PDng6WoMmcs4arsyP3Hkn755pump","75","5","","","","","","","","","","","","","0.000005984","","","","","","","2026-07-04T18:45:27.769Z","","","","","",""
"Hamster","2rrk6cskm6S6q2tLx5YbuqU7Lu8ZxnqF3SKywazzpump","71","2.962962961","","","","","","","","","","","","","0.000002342","","","","0.000002342","","","2026-07-04T18:45:45.517Z","","","","2026-07-04T18:46:02.733Z","",""
"TRUMP","Uhesvt9CA2WoT1VWvL74L4zNADAnPLnEmZ4xwHb8HDc","","","","","","","","","","","","","","","","","","","","","0.000002405","","","","","","2026-07-04T18:46:33.741Z",""
"LMAO","149ukeYACn2i16WyxXZBX8tFi8HJHfVwWe5fV62Vpump","68","5","","","","","","","","","","","","","0.000003018","","","","","","","2026-07-04T18:46:40.401Z","","","","","",""
"BOYCHUA","6KUnRkzp3wUwtS9xBhFXyQmuBcnfUoV3G6Rv3wTiG7Mk","88","9.876543208","","","","","","","","","","","","","0.000002761","","","","","","0.000002327","2026-07-04T18:46:51.524Z","","","","","2026-07-04T18:47:26.930Z",""
"4THCHUA","81UZpJQ2KusWEEGhPFpvphM9s6p7C3n7xzptKj1FZk7","","","","","","","","","","","","","","","","","","","","","0.000002298","","","","","","2026-07-04T18:46:58.811Z",""
"BOYCHUA","7SFf12L8PLF8U64hBLPw7YGKBRbD1QJXM8WFEf9Zpump","79","5","","","","","","","","","","","","","0.000002341","","","","","","","2026-07-04T18:46:59.212Z","","","","","",""
"BOYCHUA","3wevmf8jbmstJgHypvmmDjoaKER2LSzkXJ7RZ4DKpump","69","5","","","","","","","","","","","","","0.000002475","","","","0.000002297","","","2026-07-04T18:46:59.616Z","","","","2026-07-04T18:47:50.738Z","",""
"JOTCHUA","FtbEdRH5VvJ5mu9Nf9r9gcfHFStstR73ae3zUx6ypump","72","5","","","","","","","","","","","","","0.000002404","0.000002404","","","","","","2026-07-04T18:47:07.549Z","2026-07-04T18:48:08.776Z","","","","",""
"boychua","ByZ8N9FMEpDRjk7EB7F5f9HXG4KBDVSWGvhoKPMZBwi5","70","5.599999999","","","","","","","","","","","","","0.000002297","","","","0.000002297","","","2026-07-04T18:47:10.425Z","","","","2026-07-04T18:47:50.953Z","",""
"LMAO","Gq7JqrLyA2oPD6oZy8xA4DG3qq6kThJpaziw9yvN6jWR","","","","","","","","","","","","","","","","0.000002312","","","","","","","2026-07-04T18:47:50.736Z","","","","",""
"$MUMMY","GPmNdXiBNGc3kEAjtH31tpRYRL7Z8c3Xhu2pa98Zpump","","","","","","","","","","","","","","","","0.000003019","","","","","","","2026-07-04T18:47:56.795Z","","","","",""
"Merlin","HTi7gNyeqE22BCRrcG4T54ME7AuUdmgy3zdwv1C5pump","74","3.6","","","","","","","","","","","","","0.000002356","","","","","","","2026-07-04T18:48:21.609Z","","","","","",""
"FTS","8ivjvUskfyAGoohnUoCjnqBiqR6EqdaFAP2MXhRwpWnn","","","","","","","","","","","","","","","","","","","","","0.000002298","","","","","","2026-07-04T18:48:27.606Z",""
"America","7UVFinDqoYLuGsxyTLLNcAjGWHpytEcxfTgzwDqEpump","","","","","","","","","","","","","","","","0.000002297","","","","","","","2026-07-04T18:48:38.784Z","","","","",""
"Merlin","BDHLPvnypikiWMq5zJ3rWq1WJuG2YDbbxBzrafQPcywV","","","","","","","","","","","","","","","","0.000002312","","","","","","","2026-07-04T18:48:44.726Z","","","","",""
"ROTATE","41tTFRNp2Qavd3SToLvH1CqaYy2UuxxVbNw8KwgApump","76","4.148148147","","","","","","","","","","","","","0.00000389","0.000002976","","","","","","2026-07-04T18:49:50.925Z","2026-07-04T18:48:44.787Z","","","","",""
"2.50","5PUCcic3jvJjMNtZMmEsvNX5gWRo39utEH4dQrEopump","72","5","","","","","","","","","","","","","0.000002407","","","","","","","2026-07-04T18:49:15.524Z","","","","","",""
"2","DJjdvFMupCDQbRyLBwXXanqdnUWguZL8qszZ2PvVpump","68","5","","","","","","","","","","","","","0.000002358","","","","0.000002341","","","2026-07-04T18:49:27.559Z","","","","2026-07-04T18:51:08.728Z","",""
"Merlín","AURoXjNYykZe9BkwAf6PF21y3AzCtQV54YzFYtu1pump","71","3","","","","","","","","","","","","","0.000002297","0.000002297","","","","","","2026-07-04T18:50:03.687Z","2026-07-04T18:51:02.728Z","","","","",""
"Merlín","6UH1Tp6ohN1sMs8fHAxviLKDe3Vy58MUCW5b5YxWpump","","","","","","","","","","","","","","","","","","","","","0.000002356","","","","","","2026-07-04T18:51:27.550Z",""
"Merlín","3VEskh39Xw2MDid68nFgxjEtzfyfHNwzPhNyKPVLpump","","","","","","","","","","","","","","","","","","","","","0.000002298","","","","","","2026-07-04T18:51:34.001Z",""
"Merlín","4FBvsMLtv3w1muLqZU4ijjF1A2jtWRuhW7BwGKfppump","","","","","","","","","","","","","","","","","","","","","0.000002356","","","","","","2026-07-04T18:51:34.356Z",""
"Merlín","QG9ujNEAQ4ozgf11rL8uuHLiD2WrarQU6bBzyffpump","","","","","","","","","","","","","","","","","","","","","0.000002298","","","","","","2026-07-04T18:51:45.627Z",""
"Merlín","CkfDewu2krku2FkLgKUALcRSEiqQQeYENSahaiUkpump","71","3","","","","","","","","","","","","","0.00000242","","","","","","","2026-07-04T18:51:51.633Z","","","","","",""
"BITBADGER","3QcHuQWpiXWBZjKcEwissPqsh2FsTcXdtTeKzab8pFVg","72","7.901234566","","","","","","","","","","","","","0.000002405","","","","","","","2026-07-04T18:52:15.547Z","","","","","",""
"MAX","93mB9JZNyJdLuyx2xrjAYwdv6YPtAabfD7nJHirxyLq7","","","","","","","","","","","","","","","","","","","","","0.000002318","","","","","","2026-07-04T18:52:21.563Z",""
"Socks","Etwi1xna4A5gUSJaHT8rVHUFt9jXFrkX5RbDH1qxpump","79","5","","","","","","","","","","","","","0.000002356","","","","0.000002356","","","2026-07-04T18:52:27.575Z","","","","2026-07-04T18:52:44.740Z","",""
"Merlín","FivECuQ4mBft2frbNTyp1hdbg2MxEEe2DiEX6t23pump","","","","","","","","","","","","","","","","","","","","","0.000002352","","","","","","2026-07-04T18:52:45.579Z",""
"Merlín","89TFUzZeZdQYB2LuDGcgmFgEZtvjxefog3skBQ3Epump","71","3","","","","","","","","","","","","","0.000002359","","","","","","","2026-07-04T18:52:51.594Z","","","","","",""
"Merlín","Cqg1TE76tY29razYdXTae7vbz4Q67qBhqHRvnBG2pump","71","3","","","","","","","","","","","","","0.000002358","","","","","","","2026-07-04T18:53:21.954Z","","","","","",""
"Merlín","BLDzfPhRgcPJAkHAPs9scAPT3RxtuQy75uH7WzMspump","83","2","","","","","","","","","","","","","0.000002344","","","","","","","2026-07-04T18:53:22.349Z","","","","","",""
"Merlín","61mDfZQJyKEANM3MVkqpaApqpEUhZWT9R735gJAxohCJ","","","","","","","","","","","","","","","","","","","","","0.000002302","","","","","","2026-07-04T18:53:27.604Z",""
"CULT","FCN7k8oBrH5KJ4gfmhitN96M4KxpTpdYdT8BezJdpump","71","2.962962961","","","","","","","","","","","","","0.000002368","","","","","","","2026-07-04T18:53:51.509Z","","","","","",""
"mansem","BfEmgSMw46hR2beTwCokJUETCXycyU1naRSfUCbapump","93","17.876543208","","","","","","","","","","","","","0.00002416","","","","0.00002416","","","2026-07-04T18:54:04.360Z","","","","2026-07-04T18:54:20.737Z","",""
"OPAI","2aN99LzdUdjU6yqWYUdQ6XihNVyozAjJ6nqRWJTBpump","","","","","","","","","","","","","","","","","","","","","0.000002828","","","","","","2026-07-04T18:54:05.163Z",""
"RESTOL","AyP5VRXTRvmyMW5bRCiYN2pfy6JVBJyUACBvRjktpump","81","5.925925924","","","","","","","","","","","","","0.00000233","","","","0.00000233","","","2026-07-04T18:54:15.600Z","","","","2026-07-04T18:54:44.772Z","",""
"AI","3J5SYX5zT6ftJA42Tj8cBwYw3uUqv1R57TkkrZMirDTf","","","","","","","","","","","","","","","","","","","","","0.000002301","","","","","","2026-07-04T18:54:21.952Z",""
"OPAI","ebC9Brw1D92JGZ5dHoD53MryoVyKxiAu6zve1K1pump","77","4.938271603","","","","","","","","","","","","","0.000002416","","","","0.000002416","","","2026-07-04T18:54:22.355Z","","","","2026-07-04T18:54:50.767Z","",""
"AI","GgqVr3s4hsZn7NEEi9cNd5EWN9CiD6LUmpNe3QcKpump","","","","","","","","","","","","","","","","","","","","","0.000002345","","","","","","2026-07-04T18:54:40.798Z",""
"AI","2Hjy4ZPToSs9Vxk6mM5KHvQ5eGo6Kh4Nphp5mwW9LDQs","","","","","","","","","","","","","","","","","","","","","0.000002301","","","","","","2026-07-04T18:54:41.174Z",""
"AI","3VhpamErMKc6RHg6Vgwvr8zqfoWnvEhDWuYH8eFBpump","75","4.938271603","","","","","","","","","","","","","0.000002409","","","","","","","2026-07-04T18:54:41.601Z","","","","","",""
"OAI","Ao8MJvgCwgBSbdY4fSRCgv3xdX6S6kT5or1Xn8fipump","","","","","","","","","","","","","","","","","","","","","0.000002408","","","","","","2026-07-04T18:54:42.052Z",""
"OPAI","4PaqZWFGhzrxbHGqNP8e3A9ZjJKCzAQ7RMzxGEX9pump","","","","","","","","","","","","","","","","","","","","","0.000002302","","","","","","2026-07-04T18:54:45.576Z",""
"AI","6TX3omJbKL1BzVhyqy1F4rqtrpzeEgb1BYZpHyvhRFAF","","","","","","","","","","","","","","","","","","","","","0.00000231","","","","","","2026-07-04T18:54:57.579Z",""
"AI","A823gQZkeXLti4aTT6hUmm83c5QM46pq5siGYDm9pump","71","3","","","","","","","","","","","","","0.000002302","","","","","","","2026-07-04T18:55:09.654Z","","","","","",""
"RMT","qew3ogeRnv8EvdzEsxxkyrJZS9YuvPosq2iZgXPpump","98","56.300268097","","","","","","","","","","","","","0.00002715","","","","","","","2026-07-04T18:55:51.990Z","","","","","",""
"MERLIN","9HJfwmnJJrKDdihM2iJyjzFrKt3GN5YafydfekzQDCap","73","6.999999999","","","","","","","","","","","","","0.000002301","","","","0.000002301","","","2026-07-04T18:55:52.348Z","","","","2026-07-04T18:56:08.722Z","",""
"AI","C7cVw5xrTCZNJpGPhKoxi82LEvy9tt1DGC1ab9FBpump","78","2","","","","","","","","","","","","","0.000002301","","","","","","","2026-07-04T18:56:03.566Z","","","","","",""
"maybutt","BdLGJ8dXSpcVWmJa5feoPFGS5rPoqMycPwWVKwBqpump","91","9.876543208","","","","","","","","","","","","","0.000003434","","","","","","","2026-07-04T18:56:16.006Z","","","","","",""
" ","HzQgFcGTSR46UCTBmg1uDTF82pZffWs1p48GAtkLpump","71","3","","","","","","","","","","","","","0.000002358","","","","","","","2026-07-04T18:56:16.374Z","","","","","",""
"opunai","DLMQSuMfoEcN2t6X6s3ZQeQTDiutZgvEWqzkKDNVpump","74","4.938271603","","","","","","","","","","","","","0.000002312","","","","","","","2026-07-04T18:56:27.639Z","","","","","",""
"maybutt","HGYiApkHt5fzDxpsvwJpU1FHiEqUcez9RZGtcxd6pump","","","","","","","","","","","","","","","","","","","","","7.851e-7","","","","","","2026-07-04T18:56:39.982Z",""
"MERLIN","9t9DYEr36GiBa2AvPQNvjJxQwHQafYTZhAb4ru55pump","69","3.6","","","","","","","","","","","","","0.000002359","","","","","","","2026-07-04T18:56:40.355Z","","","","","",""
"AI","EbS2JKQz3qW3B8fJgd8AXP1qYPvS4niU4VxzAYGopump","70","5","","","","","","","","","","","","","0.000002361","","","","","","","2026-07-04T18:56:45.928Z","","","","","",""
"UPAI","aRysfVbKbPoLuYiXsmjEMoeiAf9sNzsMZopC88Spump","76","4","","","","","","","","","","","","","0.000002314","","","","0.000002314","","","2026-07-04T18:56:46.341Z","","","","2026-07-04T18:57:08.729Z","",""
"maybutt","GvXTqfanSivDYZySAwscaFbp2KBJrjeumCUjCatXpump","","","","","","","","","","","","","","","","","","","","","0.000002394","","","","","","2026-07-04T18:56:57.618Z",""
"AI","BzdYL4p1MyxppimjQJKym3UEL3Ze9k8CKEzrUUV1pump","85","3.5","","","","","","","","","","","","","0.00001238","","","","0.000005671","","","2026-07-04T18:57:03.607Z","","","","2026-07-04T18:57:38.941Z","",""
"AI","fmM4ExzcTcTcH9k8cEqgArpk69xvAgargnf8FMdpump","73","4.938271603","","","","","","","","","","","","","0.000002301","","","","","","","2026-07-04T18:57:27.552Z","","","","","",""
"maybutt","4pWPQGioCyBQ7EtugC5pQVcJZhdFLVXgoz5RVBeTpump","","","","","","","","","","","","","","","","","","","","","0.000001325","","","","","","2026-07-04T18:57:33.542Z",""
"maybutt","3qjd4iS6md1jzEgsHZBBCVWt1SmfVTSziCZT1RYwpump","","","","","","","","","","","","","","","","","","","","","0.00000219","","","","","","2026-07-04T18:57:51.589Z",""
"maybutt","5xreoZ8vFJdqwjXbGpXPS37DGe2E3DHEMmQcqmMDpump","","","","","","","","","","","","","","","","","","","","","0.000002035","","","","","","2026-07-04T18:58:03.599Z",""
"maybutt","E17AJahFHjLYT6NNNBBfoFWhty8XPyQMdQajWufipump","","","","","","","","","","","","","","","","","","","","","0.000001244","","","","","","2026-07-04T18:58:21.663Z",""
"maybutt","5TX1RG25CRe1hDjtyE2fbUf2NZk9XB4zgkqi4VQwpump","","","","","","","","","","","","","","","","","","","","","5.142e-7","","","","","","2026-07-04T18:58:45.537Z",""
"maybutt","9oWSFzBX6sbLtRGX45ZcB8GkTLsJGvKxwAeJPyBhpump","","","","","","","","","","","","","","","","","","","","","3.109e-7","","","","","","2026-07-04T18:58:57.610Z",""
"ber","7GwUkwGpbuQWcJqAuEDaYxX75t4LAeizoNw4YjjJpump","69","2.666666665","","","","","","","","","","","","","0.000002358","","","","","","","2026-07-04T18:59:03.649Z","","","","","",""
"Cog","59wY16HvsGRHhvr8Dwfj8evjHrcDNAC7g5dHJXwopump","84","6.913580245","","","","","","","","","","","","","0.00001109","0.00001756","","","","","","2026-07-04T18:59:15.516Z","2026-07-04T19:00:20.790Z","","","","",""
"maybutt","2FKjh4kgQmZBdSAzhBd8st7KRK78rSYWqBvaYZCxpump","","","","","","","","","","","","","","","","","","","","","7.278e-7","","","","","","2026-07-04T18:59:33.602Z",""
"opunai","24jZ1y7bVm4H1xpYCZnDnuH7KqPesHx9WFvbExa3pump","75","5.925925924","","","","","","","","","","","","","0.000002328","","","","","","","2026-07-04T18:59:45.553Z","","","","","",""
"WANEFI","2hPm24wmenN17MietLbiauL1oantgYocYvW37mxupump","68","2.469135801","","","","","","","","","","","","","0.000002343","","","","","","","2026-07-04T18:59:58.093Z","","","","","",""
"Bill","VRYQbcYwgM7mR46c5k5a62VSWwvuZgcM3KoXWg6LD2Q","","","","","","","","","","","","","","","","","","","","","0.000002445","","","","","","2026-07-04T18:59:58.344Z",""
"maybutt","AMifoDbXwaqTLfohNRUoGroF7FXNMRB82HFDQcXzpump","","","","","","","","","","","","","","","","","","","","","9.27e-7","","","","","","2026-07-04T19:00:09.561Z",""
"ACAT","9Frm8whdUCT1U7J1qXBdAheGW32MetqSd6EGj77Upump","","","","","","","","","","","","","","","","0.000003482","","","","","","","2026-07-04T19:00:20.731Z","","","","",""
"wallstrutbuts","7RHhwgpf7xSZry8MGEp66Cs1k3KQNQ64D1dEFpqEpump","","","","","","","","","","","","","","","","","","","","","7.336e-7","","","","","","2026-07-04T19:00:39.542Z",""
"babybitc","9rVsZ24foc68oyAmk8iE7UwahgFTJM8WUgHYPgfupump","71","3.970000001","","","","","","","","","","","","","0.000006365","","","","","","","2026-07-04T19:00:51.688Z","","","","","",""
"wallstrutbuts","4fu1siLnDX9BxAozqTW5ZWcJhYbE4wMtBksi91DMpump","","","","","","","","","","","","","","","","","","","","","0.000001492","","","","","","2026-07-04T19:00:57.599Z",""
"maybutt","DHRMctXDDUwwtZT4mhFRLY3yyLr7HJjCuXnnRgbbpump","","","","","","","","","","","","","","","","","","","","","7.941e-7","","","","","","2026-07-04T19:02:33.539Z",""
"DREAM","FzXH3wzTZAxxZjavvensxPRuDSnEh8PwVERwQZ11pump","71","3","","","","","","","","","","","","","0.000002305","","","","","","","2026-07-04T19:02:40.354Z","","","","","",""
"DREAM","CicYFtnGQ88NGSVJnW2Eay4kKk9BdexaaJMemUL8pump","79","10","","","","","","","","","","","","","0.00001726","","","","","","","2026-07-04T19:02:40.766Z","","","","","",""
"DREAM","5dDtHpnkDfRpgAVzQWYrKBeSiXjk68JGpRKuem9mpump","75","5","","","","","","","","","","","","","0.000002437","","","","","","","2026-07-04T19:02:41.145Z","","","","","",""
"WHALEBULL","BugUsFstBuUiQfetuU3xxKMsYe4wtF2oZMxo78uJpump","85","10.000000001","","","","","","","","","","","","","0.000004151","","","","0.000002474","","","2026-07-04T19:02:46.363Z","","","","2026-07-04T19:03:20.954Z","",""
"maybutt","FQt4on513HYpezSK1oacfC4qvbGHB4WwfGTULijxpump","","","","","","","","","","","","","","","","","","","","","0.000001074","","","","","","2026-07-04T19:03:09.587Z",""
"DREAM","AkMpmEW5YfL7Ai1jwvvJfuJPR4pvyd4PSLUoA1dapump","86","5","","","","","","","","","","","","","0.000002301","","","","","","","2026-07-04T19:03:21.986Z","","","","","",""
"DREAM","25ueyQT6mvQfn1kXbX5Q2tEMjoAT56mywABKaFR8pump","71","4.938271603","","","","","","","","","","","","","0.00000256","","","","","","","2026-07-04T19:03:22.368Z","","","","","",""
"maybutt","4HEw3thkDR1h8pT1dwpnKPd8nzz7oMVooGE3SrmBpump","","","","","","","","","","","","","","","","","","","","","8.803e-7","","","","","","2026-07-04T19:03:27.578Z",""
"maybutt","EURxGfuUkE7jQ59fF2KofV75z8aTPxQrX59ZJ1iFpump","","","","","","","","","","","","","","","","","","","","","0.000001445","","","","","","2026-07-04T19:03:51.557Z",""
"DREAM","C61atZoP7ovS7fBqvahqpN5CBp9GHwiejtcHmjTnpump","71","2.962962961","","","","","","","","","","","","","0.000002412","","","","","","","2026-07-04T19:03:57.713Z","","","","","",""
"DIAMOND","C8opgpSbfExAFvQV2mKvcW8JEQVd9Vz4DTsGJP96pump","79","4.875406283","","","","","","","","","","","","","0.000005075","","","","","","","2026-07-04T19:04:39.578Z","","","","","",""
"maybutt","v5zY6sJi7m5epj8qeZ62h4ncZesuTBPJ16ttTnkpump","","","","","","","","","","","","","","","","","","","","","0.00000231","","","","","","2026-07-04T19:04:45.952Z",""
"?","5eGnQZXB6ExTwmGSmsFn293yT4g6DQBx7oiiiTjkpump","70","4.938271603","","","","","","","","","","","","","0.000002408","","","","0.000002408","","","2026-07-04T19:04:46.461Z","","","","2026-07-04T19:05:02.724Z","",""
"maybutt","8NBaN3MLmpM8wwVLZJhX5toq2F7TveBdNtg1XYAVpump","","","","","","","","","","","","","","","","","","","","","9.415e-7","","","","","","2026-07-04T19:04:57.531Z",""
"maybutt","9MueYE44PGCk73EGao8a9mXRWWjfCLGNZwVAuxFGpump","","","","","","","","","","","","","","","","","","","","","0.000002314","","","","","","2026-07-04T19:05:09.552Z",""
"MOTION","Cod8b5JudGf8C8Jut8AKBJqvNaC83tZHsodirCUkpump","75","3.950617282","","","","","","","","","","","","","0.000002344","","","","","","","2026-07-04T19:05:27.552Z","","","","","",""
"maybutt","HVu6FNjNj4rCRB9YGSYa6YurjkXR5ox8SBW6CGCEpump","","","","","","","","","","","","","","","","","","","","","4.877e-7","","","","","","2026-07-04T19:05:33.560Z",""
"Eagle","88xmEkhqTi4cuMoB4PjMYScHgxm7Vd2ggv6YjFME6nPW","","","","","","","","","","","","","","","","","","","","","0.000002453","","","","","","2026-07-04T19:05:45.567Z",""
"maybutt","FzB7wCBrX94Y5yY26HEY5rYzqHrBibnv3mqhMvc3pump","","","","","","","","","","","","","","","","","","","","","6.928e-7","","","","","","2026-07-04T19:05:57.630Z",""
"Baby","2N6QF7ZZi9gxQ38s4aosYTbnneVntQRwT8prFL4Zpump","74","3.700000001","","","","","","","","","","","","","0.000003036","","","","","","","2026-07-04T19:06:46.436Z","","","","","",""
"maybutt","7aXiEp1ZtN1cwRCZJf4xJa5Vau7tKN2gnuPD1eeXpump","","","","","","","","","","","","","","","","","","","","","0.000001565","","","","","","2026-07-04T19:06:46.840Z",""
"$BULLRUN","HzC2pLskhTGPba8kuGc8pmqVEinDao6u4fdczRFGpump","88","9.876543208","","","","","","","","","","","","","0.000004266","","","","","","","2026-07-04T19:06:57.538Z","","","","","",""
"jek","FzsiNwXPZ7xWSsTpdMA7BcNHPxbPkq8zppmimtvipump","68","3.950617282","","","","","","","","","","","","","0.000002407","","","","","","","2026-07-04T19:07:27.592Z","","","","","",""
"maybutt","3UkfFyT5dUEPihohVTP81eMeBETdEno9aTaABHjBpump","","","","","","","","","","","","","","","","","","","","","0.000001337","","","","","","2026-07-04T19:07:45.534Z",""
"maybutt","AbFSKwHKmQuAUVpqPEV4TCC5vRL4dsFDf4PFDd3Jpump","","","","","","","","","","","","","","","","","","","","","7.113e-7","","","","","","2026-07-04T19:07:51.627Z",""
"maybutt","AoRxXw86qX6qjEmrzNTrKKUsFq6oBGumTvESLPH7pump","","","","","","","","","","","","","","","","","","","","","0.000001807","","","","","","2026-07-04T19:08:03.540Z",""
"maybutt","CjvwEViF4DVnr4uxCfzm8EdvScHsYBJAJknxyDx2pump","","","","","","","","","","","","","","","","","","","","","0.000001421","","","","","","2026-07-04T19:08:21.947Z",""
"Open AI","HBHY6SafRPM39VnykUQsAQYrjVitD26VKyEEyoyXpump","71","3","","","","","","","","","","","","","0.000002404","","","","","","","2026-07-04T19:08:22.399Z","","","","","",""
"WIZZ","DPMqZ2qsEN2WZA4XHwgLypmS121RezeNWU8sYQgfpump","71","3.084000001","","","","","","","","","","","","","0.000002306","","","","","","","2026-07-04T19:08:27.593Z","","","","","",""
"burger","4Arx6Ge189Lou6FMLPTckRdN8XkiwFLkTMLhE83rpump","71","3","","","","","","","","","","","","","0.000003723","","","","0.000002725","","","2026-07-04T19:08:33.587Z","","","","2026-07-04T19:09:51.224Z","",""
"maybutt","2VE5iEL2NRJh3pgmV6vP8AYYwYi2xWKGBdaBwb9cpump","92","24.691358022","","","","","","","","","","","","","0.000005013","","","","","","","2026-07-04T19:08:39.585Z","","","","","",""
"AMERICAT","22iTeT1VLQxt556gs8oBEVEFPnvLziSZEnJ6z71Ypump","88","9.875","","","","","","","","","","","","","0.000004058","","","","0.000003754","","","2026-07-04T19:09:27.553Z","","","","2026-07-04T19:09:57.220Z","",""
"AMERICOCK","5GdnzgNMfLbugxwfDhWiMwLSW4PzCpa2xtnH5kfhpump","100","2.999999999","","","","","","","","","","","","","0.000002295","","","","0.000002295","","","2026-07-04T19:09:46.260Z","","","","2026-07-04T19:10:27.211Z","",""
"maybutt","86SgiT62mtxPNAyJojkh1YKASLiDKpcVSt3xcXK3pump","","","","","","","","","","","","","","","","","","","","","0.000001937","","","","","","2026-07-04T19:09:53.222Z",""
"250","HrerehRhx4CPCBuGV4Wm3wgTT2yVATd9PtyqQ7eYM55a","","","","","","","","","","","","","","","","","","","","","0.000002441","","","","","","2026-07-04T19:09:54.180Z",""
"250","BeUvGqiEwoGbYR6ZPkeBJrKUhWiZtp8qJ9BTaRnByiMy","70","7.901234566","","","","","","","","","","","","","0.000002403","","","","","","","2026-07-04T19:09:59.192Z","","","","","",""
"250","Hf3GDtpx1c1iy4H8rBSyNXv8vhFdasUJ7eXmLovHBSws","","","","","","","","","","","","","","","","","","","","","0.000002294","","","","","","2026-07-04T19:10:00.458Z",""
"maybutt","96b4UyZRzrBzHXyE2FdfyHYhfsACJWShJ8sM6hhJpump","","","","","","","","","","","","","","","","","","","","","0.000002831","","","","","","2026-07-04T19:10:06.816Z",""
"EAGLE250","8HmXcXcvGkNswCCBPR5VK6ET5yKgRszUYYX3gcfSpump","100","3","","","","","","","","","","","","","0.000002338","","","","","","","2026-07-04T19:10:08.327Z","","","","","",""
"TEAGLE","DWfVACWdy2cg3coVbnNMiW7Y6Rp6D8CLLXAz6zBNU8rU","","","","","","","","","","","","","","","","","","","","","0.000002294","","","","","","2026-07-04T19:10:10.204Z",""
"maybutt","36iePsPs2PAkw9AYPbWGxHcNi37MEqU3dAagTqH2pump","","","","","","","","","","","","","","","","","","","","","0.0000012","","","","","","2026-07-04T19:10:22.384Z",""
"TS","HeUiVdpx9LieqHzYy5hYyzin8XYNN9KNCyn173DMpump","71","3.061728393","","","","","","","","","","","","","0.000004129","","","","","","","2026-07-04T19:10:40.232Z","","","","","",""
"maybutt","62NnnKj8WRpE7vaMYaaoUgm4c75Lq7UDb8VSDaKspump","","","","","","","","","","","","","","","","","","","","","4.008e-7","","","","","","2026-07-04T19:11:28.205Z",""
"maybutt","FDHBRzCuhpSnDczhyYWZBAFd54wG7JKsXYu9k4Bvpump","","","","","","","","","","","","","","","","","","","","","0.000001495","","","","","","2026-07-04T19:11:29.272Z",""
"Ansema","7CX23v8qNPMmWmctjDhEPkTQ4iC1z9XBpnFPZ4BHpump","71","2.962962961","","","","","","","","","","","","","0.000002294","","","","","","","2026-07-04T19:11:30.207Z","","","","","",""
"maybutt","Bf2LdiX762wq1JTXjCwRMnitQhoJMiyuaNmWExXypump","","","","","","","","","","","","","","","","","","","","","5.655e-7","","","","","","2026-07-04T19:12:25.185Z",""
"Cul","FBstxRh1cqTs87Ff7w3GpBssxSo8QBChHiX2yY5Xpump","79","5.135802468","","","","","","","","","","","","","0.000003032","","","","","","","2026-07-04T19:12:26.291Z","","","","","",""
"maybutt","FMZryobAFWQLA1zYqTbTp9FzLVje8NTn9zqMcEe8pump","","","","","","","","","","","","","","","","","","","","","0.000002186","","","","","","2026-07-04T19:12:27.265Z",""
"JOB","HkA4ZvMcfQV1KyRcimTJgsRrnFBvY6bqUSKHzxGupump","","","","","","","","","","","","","","","","","","","","","3.526e-7","","","","","","2026-07-04T19:13:25.202Z",""
"maybutt","H29C1X9z6oQrKs17cANQqqFQE6cD3chhmrH5MjTtpump","","","","","","","","","","","","","","","","","","","","","6.398e-7","","","","","","2026-07-04T19:13:26.216Z",""
"maybutt","DPzoZimhrJwfHVV2SQxYJ7WsLkh7QWwX8yZuYn5Ypump","","","","","","","","","","","","","","","","","","","","","6.445e-7","","","","","","2026-07-04T19:13:27.191Z",""
"maybutt","9FUKDggeoUnuJqHH7vYrqxV451iYEaV8B46r1yrZpump","","","","","","","","","","","","","","","","","","","","","4.117e-7","","","","","","2026-07-04T19:14:26.195Z",""
":)","E4EPrAsySKNhG4USDVM8zSvymYPVLfPNhWbN6UAxpump","71","3","","","","","","","","","","","","","0.000002396","","","","","","","2026-07-04T19:14:27.210Z","","","","","",""
"maybutt","HD41YsELqPFbFYPzG2A8Lym9pKM2k2FVGuFYD9fpump","","","","","","","","","","","","","","","","","","","","","4.362e-7","","","","","","2026-07-04T19:14:28.174Z",""
"amuricah","3uVe5hWj795hby83LQiQmEcHwdJMZccfATURtFfjpump","76","4","","","","","","","","","","","","","0.000002396","","","","","","","2026-07-04T19:14:29.199Z","","","","","",""
"LBP","jX9wWteS7AQ8p3sgVsQdnyJc751yaMYW8BH73HKpump","79","4.938271603","","","","","","","","","","","","","0.000002396","","","","","","","2026-07-04T19:15:24.198Z","","","","","",""
"job","FgKU7EF91Xb39ShmVrHmjSRvigfmDcr1GErsXjNspump","","","","","","","","","","","","","","","","","","","","","9.996e-8","","","","","","2026-07-04T19:15:25.226Z",""
"maybutt","5Z8Xi4pBmWWXfn5SLCDVryGJuX8fy9dpyuvgXFDhpump","","","","","","","","","","","","","","","","","","","","","7.181e-7","","","","","","2026-07-04T19:16:23.201Z",""
"maybutt","6UjbHfka2th9dtwAnun17H6wvo5FLYcAVLHyGb5Zpump","","","","","","","","","","","","","","","","","","","","","8.925e-7","","","","","","2026-07-04T19:17:24.191Z",""
"ANSEM","DgbYmmA5CkzXkhVWBs7xWp38e9oAx6UquCTBQWVJpump","77","4.444444442","","","","","","","","","","","","","0.000002286","","","","","","","2026-07-04T19:17:25.175Z","","","","","",""
"Puff","4LFEYBHHujpSpnnPtZCZ3tnUEoe7otAt6BbxvbmYpump","96","34.567901233","","","","","","","","","","","","","0.00000887","","","","","","","2026-07-04T19:18:25.195Z","","","","","",""
"maybutt","2ZeiHzqMkRtNUfLnXX52s1Lpq5QCM8boLoxdYujspump","","","","","","","","","","","","","","","","","","","","","4.361e-7","","","","","","2026-07-04T19:18:26.222Z",""
"maybutt","F1CRcp4h1BzctSGfQPXuBnDipJXfkia6VhvtKYWepump","","","","","","","","","","","","","","","","","","","","","8.58e-7","","","","","","2026-07-04T19:18:27.171Z",""
"maybutt","BLqkUmNruZxJBCEgbBbwJ54hwBg1rFvZxqB9gMxZpump","","","","","","","","","","","","","","","","","","","","","5.245e-7","","","","","","2026-07-04T19:19:26.182Z",""
"maybutt","9sjp1Q5PxkTPRtQ65afnU2RBUmVE8uHCv18Y6tRzpump","","","","","","","","","","","","","","","","","","","","","0.000001071","","","","","","2026-07-04T19:19:27.185Z",""
"TOPG","EWjPfM3KX1Z5Cn1AAoTifYxKdQCrLfqkq8RSVCKXpump","","","","","","","","","","","","","","","","","","","","","0.000003463","","","","","","2026-07-04T19:19:28.253Z",""
"BLUEPILLFC","Ep6KXsnkaQ3mDRup2izp9zTP4BsJxcEChVdpW27Jpump","71","3","","","","","","","","","","","","","0.000002395","","","","","","","2026-07-04T19:19:29.204Z","","","","","",""
"maybutt","HXHno1MSn23FV2GvTuRo9x5axCofNkLEuDHbeoWrpump","","","","","","","","","","","","","","","","","","","","","6.634e-7","","","","","","2026-07-04T19:20:25.196Z",""
"ANSEM","97n9jnX78VETtKZJEnPEph8XH8rot2P4raU9Fi9zpump","79","5","","","","","","","","","","","","","0.000002332","","","","","","","2026-07-04T19:20:27.200Z","","","","","",""
"CUBRA","8Xazbe4gtvUiPtErikR83NzkLPG7zA1nkDTkwu6qpump","75","3.950617282","","","","","","","","","","","","","0.000004345","","","","","","","2026-07-04T19:21:25.231Z","","","","","",""
"ANSEM","HDJMt1dRF3ySnmwRLtE62EjVCuPh8TsafM6hMjJVpump","100","2.999999999","","","","","","","","","","","","","0.00001113","","","","","","","2026-07-04T19:21:26.189Z","","","","","",""
"IMG","ASjzua7r6UNM7owEq1kgQmaqtGigwZNdRBEzZx2Bpump","98","55.000000001","","","","","","","","","","","","","0.00002027","","","","","","","2026-07-04T19:21:27.187Z","","","","","",""
"NIGGAS","9xn8gJGoycZG4BmU6CowLYTZocQ5zTUXa6Xp2qJNpump","70","1.925925924","","","","","","","","","","","","","0.00001374","","","","","","","2026-07-04T19:22:26.188Z","","","","","",""
"BullPedia","E7KsCfWj4CzToYR6R9jo9KZ1UdshrGsRequM3dFypump","71","2.962962961","","","","","","","","","","","","","0.000002331","","","","","","","2026-07-04T19:22:27.189Z","","","","","",""
"acla","8ucTX4U2gdQAnsWQgKsaFWQE27DziKXABHT7WJLppump","","","","","","","","","","","","","","","","","","","","","3.78e-7","","","","","","2026-07-04T19:22:28.232Z",""
"maybutt","3ZGpn91rFufpgewvaw646WrdqtvjQbtnymLmgv24pump","","","","","","","","","","","","","","","","","","","","","0.000002105","","","","","","2026-07-04T19:22:29.300Z",""
"babybull","9yupViSiUGN3aT4cpJ49e6rBZGo81DZKAJ1ZfA6auTrN","81","5.875928393","","","","","","","","","","","","","0.000007036","","","","","","","2026-07-04T19:23:25.243Z","","","","","",""
"acla","23NM8nVmk29w6fABFT7rLijPJBds4EwPVnvgTfEWpump","","","","","","","","","","","","","","","","","","","","","2.359e-7","","","","","","2026-07-04T19:23:26.177Z",""
"acla","FrBVYy8dpSUM8FAhGpFMVPdbFXNX25JDRXD9xRFnpump","","","","","","","","","","","","","","","","","","","","","9.26e-7","","","","","","2026-07-04T19:23:27.211Z",""
"China","GaVbc7QwTiAS7NRjXATfHJ6sXNWNsWsyLneHwJqopump","","","","","","","","","","","","","","","","","","","","","0.000001119","","","","","","2026-07-04T19:24:25.183Z",""
"maybutt","9KzRDjsjshrbrxa6YEyyp8LhPVCrExGFZm6e7xrbpump","","","","","","","","","","","","","","","","","","","","","9.814e-7","","","","","","2026-07-04T19:24:26.189Z",""
"China","EpvFMPqrzp3XxaGamowYBPVTetjgm5BdF4tKh39Qpump","","","","","","","","","","","","","","","","","","","","","0.000001521","","","","","","2026-07-04T19:24:27.199Z",""
"maybutt","6bpeaDCd434w1QSx6DjyhLof7g13peZzmvz4xLmvpump","","","","","","","","","","","","","","","","","","","","","0.00000123","","","","","","2026-07-04T19:25:25.406Z",""
"China","6S9GWNbeBL8t5h8mYgx8dqoykXfc84EffMBqXpekpump","76","8","","","","","","","","","","","","","0.00001262","","","","","","","2026-07-04T19:25:26.187Z","","","","","",""
"maybutt","9eg5FryaDRvmHkq9juXiPb3GACBt7inTwuenpQ3ypump","","","","","","","","","","","","","","","","","","","","","6.339e-7","","","","","","2026-07-04T19:26:23.185Z",""
"maybutt","CuxDM7zdACwdL6eNeTXAfwGnPmtxjfgy3Aj4USaspump","","","","","","","","","","","","","","","","","","","","","6.779e-7","","","","","","2026-07-04T19:27:26.194Z",""
"maybutt","5DZNcqKnRVGnVre4kDoZydomkx33pjnC6JP1ZmUTpump","","","","","","","","","","","","","","","","","","","","","0.000002835","","","","","","2026-07-04T19:27:28.219Z",""
"AMERICAN","9ew8uBMXFK6x6S4LyAetHB7pHdRVihJcJ9R9n62FDerB","","","","","","","","","","","","","","","","","","","","","0.000002397","","","","","","2026-07-04T19:27:29.194Z",""
"maybutt","HUGWTWMyognQCmKqRvN6DQuWBY2KU1WLxYNtd2pUpump","","","","","","","","","","","","","","","","","","","","","4.354e-7","","","","","","2026-07-04T19:28:25.193Z",""
"AMERICAN","FCuVQkZWcposfUkz2mtn6UyTzi2vdAWH673KRedgpump","90","14.814814813","","","","","","","","","","","","","0.00002199","","","","","","","2026-07-04T19:28:26.181Z","","","","","",""
"maybutt","6aZ9JThPEVvHzsgW1tEGz8N5cj5Py4mdw7TK2Btfpump","","","","","","","","","","","","","","","","","","","","","3.528e-7","","","","","","2026-07-04T19:28:27.187Z",""
"BELIEVE","6uVNR2oyftazkxwbkocZaZqtHqeXkXUvGWaf8nCzpump","73","3.5","","","","","","","","","","","","","0.000002333","","","","","","","2026-07-04T19:29:25.183Z","","","","","",""
"maybutt","mDTmja4VnJmHqdT8kjMM8WnhWBa3749CF2mQPxRpump","","","","","","","","","","","","","","","","","","","","","4.278e-7","","","","","","2026-07-04T19:29:26.170Z",""
"maybutt","DxEnd6wU9jCJBXgEUSRVVfCVTbCHVrPfmzHzTM4npump","","","","","","","","","","","","","","","","","","","","","7.286e-7","","","","","","2026-07-04T19:29:27.199Z",""
"maybutt","9731atxTxdEdRwN1oTCezTuxFqdS6rge6PhHL7v7pump","","","","","","","","","","","","","","","","","","","","","0.000001897","","","","","","2026-07-04T19:30:25.192Z",""
"Yaniko","2eCGGJTKNBxbwt1pyxydR6oXwCWA88HgeAU1nZ2jpump","68","2.4691358","","","","","","","","","","","","","0.000002332","","","","","","","2026-07-04T19:30:26.181Z","","","","","",""
"Museum","GsKE9p8dsMeWpy9saexaheWYDGip6Ggh2LoCksN4pump","85","7.5","","","","","","","","","","","","","0.000009233","","","","","","","2026-07-04T19:30:27.195Z","","","","","",""
"maybutt","9nzEiSdMj72WQNNPEPyfHfiMsAS7gGwwxAdKUaG6pump","","","","","","","","","","","","","","","","","","","","","6.209e-7","","","","","","2026-07-04T19:31:24.170Z",""
"Firework","FEGDH8kdooANsVPwP8dfRGXrcB6si2aKDvCR41Ugpump","71","2.962962961","","","","","","","","","","","","","0.000002396","","","","","","","2026-07-04T19:31:25.175Z","","","","","",""
"maybutt","HfbMz6BYfL9bzeDnK2G91ChEny2KoEwsh1EqF9AGpump","","","","","","","","","","","","","","","","","","","","","5.543e-7","","","","","","2026-07-04T19:32:23.241Z",""
"maybutt","3Str1sCTTpS817WV5MmpK2tf1J9bhUECF7JVhQHNpump","","","","","","","","","","","","","","","","","","","","","0.000001072","","","","","","2026-07-04T19:33:24.178Z",""
"Solana","GazungkifFTtyc5TeVy1dNztk5os9mvJWZdFCEdQpump","100","0.060000001","","","","","","","","","","","","","0.000002297","","","","","","","2026-07-04T19:33:25.198Z","","","","","",""
"maybutt","5z4EfV8RE6JU18L7m472weynxDpjyPPFeKyKNgnEpump","","","","","","","","","","","","","","","","","","","","","8.821e-7","","","","","","2026-07-04T19:34:24.184Z",""
"Alexander","9h5mGCoPeCipDnQ4hj8ykLiHGztJrzPd8rWPE45opump","71","3","","","","","","","","","","","","","0.000002427","","","","","","","2026-07-04T19:34:25.206Z","","","","","",""
"FERRE","2nYH4hvb6hUfLiwjMr2ctuBJVXovqRX5UgWVKm47pump","","","","","","","","","","","","","","","","","","","","","0.00000229","","","","","","2026-07-04T19:35:26.177Z",""
"maybutt","2afgSnShdknSipfCkai84so1BD67NuZd6siP5banpump","","","","","","","","","","","","","","","","","","","","","0.000001558","","","","","","2026-07-04T19:35:27.209Z",""
"CONTAINER","2pKFUnjz9s9eTkGCgnXTc5UnovUkHcY4CAzG3mG7pump","75","4.938271603","","","","","","","","","","","","","0.000002396","","","","","","","2026-07-04T19:35:28.189Z","","","","","",""
"maybutt","FEozRmhoDwNXyDx853pV3X3rKRZWV8ja5qdGtqcfpump","","","","","","","","","","","","","","","","","","","","","0.000001353","","","","","","2026-07-04T19:36:23.186Z",""
"maybutt","FgzaigoEmQ1By8nYbbuuHr1MpLDsHju1xrXWZiufpump","","","","","","","","","","","","","","","","","","","","","0.000001074","","","","","","2026-07-04T19:37:25.244Z",""
"maybutt","2AcvLsgKvfpNbuPf2RK2YoAhgaRPUukkmb5BMMcmpump","","","","","","","","","","","","","","","","","","","","","7.954e-7","","","","","","2026-07-04T19:37:26.184Z",""
"tremp","3iNjWWkmyLJzmousPX9rLypbuDPy18eQBe82sfvLpump","71","3","","","","","","","","","","","","","0.000002289","","","","","","","2026-07-04T19:38:25.336Z","","","","","",""
"MURICA","BZiKbR2hNzWeAKD1s9p3FHqWm8RnCNceiHaoBiNzpump","73","3.456790121","","","","","","","","","","","","","0.000002289","","","","","","","2026-07-04T19:38:27.232Z","","","","","",""
"maybutt","71JYLbfEm3NwLzeJKmQHEuDGDFjBb7aJpMBU2B1jpump","","","","","","","","","","","","","","","","","","","","","0.000001888","","","","","","2026-07-04T19:38:28.279Z",""
"FERRE","8axDfNi43n79meuEWP85iGiaA9bhCKNGj9Xctnvipump","97","40.000000001","","","","","","","","","","","","","0.00002128","","","","","","","2026-07-04T19:38:29.190Z","","","","","",""
"maybutt","6LKaCjXy5F3vYX4oJZVDj7M2KQWecBHFGA7QUvNCpump","","","","","","","","","","","","","","","","","","","","","0.000001016","","","","","","2026-07-04T19:39:26.211Z",""
"maybutt","D6AXE4NnGvEuhXnoo9j4X3fBYpqmrp6UWFHa6iSwpump","","","","","","","","","","","","","","","","","","","","","0.000001379","","","","","","2026-07-04T19:39:27.227Z",""
"Fah","84qcTRnfDkZt4tnnkmAofw8WLBupUYp4qjHPri4Cpump","","","","","","","","","","","","","","","","","","","","","0.000001575","","","","","","2026-07-04T19:39:28.183Z",""
"MURICA","YZZmkGjr3evv5YED7wGEa4vtDe3BXit3F1CAi4hpump","68","3.456790121","","","","","","","","","","","","","0.000002291","","","","","","","2026-07-04T19:39:29.221Z","","","","","",""
"SAM","evx1D3bM4QUQwFBQhsxXMZYLBjzYdzEN2wEu9cXpump","71","2.962962961","","","","","","","","","","","","","0.000002333","","","","","","","2026-07-04T19:40:26.169Z","","","","","",""
"maybutt","Hf7hRPjZ43T1Sp2AEtKr7XMktV35NCmVAx3kZSuTpump","","","","","","","","","","","","","","","","","","","","","6.244e-7","","","","","","2026-07-04T19:40:27.165Z",""
"maybutt","EQzCSWqd2eNn4VyVry6HqeQnbTzNKGYm2cA8WdLdpump","","","","","","","","","","","","","","","","","","","","","0.00000264","","","","","","2026-07-04T19:40:28.190Z",""
"Fah","FwL8wFL4tPveuXtPUJKF6fJyL4UfR4EUTvEesxiypump","73","8","","","","","","","","","","","","","0.000006572","","","","","","","2026-07-04T19:40:29.200Z","","","","","",""
"TWIX","BaXJhJxCjNp56K7KnFmKbmCSSyWDXArnuas8bvvhpump","75","5","","","","","","","","","","","","","0.000002293","","","","","","","2026-07-04T19:41:24.170Z","","","","","",""
"maybutt","DQfR9oC1j8L6jnmew3wK5MNpCHyQty4NZvnMuCuKpump","","","","","","","","","","","","","","","","","","","","","6.981e-7","","","","","","2026-07-04T19:41:25.175Z",""
"tom","3B77g4RU3d6wcVV29S4rHCbY9en6hgTymkUEo3MKCScK","71","3","","","","","","","","","","","","","0.000002314","","","","","","","2026-07-04T19:42:24.171Z","","","","","",""
"NEMO","HHv1SRyvDpaxcwU8gR9MFKZL3HRTLDH39rC52K6vpump","72","3.259259258","","","","","","","","","","","","","0.00000229","","","","","","","2026-07-04T19:42:25.191Z","","","","","",""
"Julana","BiTAJ297X2dkwAccAdAXipUJbXvuaUcuK123tXLBpump","88","10","","","","","","","","","","","","","0.000006322","","","","","","","2026-07-04T19:43:23.179Z","","","","","",""
"maybutt","GBUUikEsmcUbPepNMWzvU3d6dKTS7M4s8SHaGkwqpump","","","","","","","","","","","","","","","","","","","","","0.000001068","","","","","","2026-07-04T19:44:25.214Z",""
"牛奶","EvAWBocuyeU3XNGNdqqaMXnytHXyKWnXQqC4Z21Cpump","71","3","","","","","","","","","","","","","0.000002292","","","","","","","2026-07-04T19:44:26.183Z","","","","","",""
"maybutt","BXnWkYeigirwuevdZ5ZPJ5igupW2oxwypHVYgLmDpump","","","","","","","","","","","","","","","","","","","","","0.000002518","","","","","","2026-07-04T19:44:27.172Z",""
"maybutt","FoyCTzqCF9XcSbEaHuiGq2gimMSCdZukc76nm4PCpump","","","","","","","","","","","","","","","","","","","","","6.173e-7","","","","","","2026-07-04T19:45:24.167Z",""
"maybutt","GdJfEVYjeqDw1bsS7WtG6eVH37EtaDocJ2WAwN3xpump","","","","","","","","","","","","","","","","","","","","","6.331e-7","","","","","","2026-07-04T19:45:25.176Z",""
"mayrica250","7Fztf3bd1R4HhDXChoo7UtREcWxZJrxWBkSYyes8pump","","","","","","","","","","","","","","","","","","","","","1.519e-7","","","","","","2026-07-04T19:46:26.230Z",""
"maybutt","Cpnqe83cWgJ1qAxFVq7BthYgoxteXutQdxjB3We7pump","","","","","","","","","","","","","","","","","","","","","5.307e-7","","","","","","2026-07-04T19:46:27.202Z",""
"EPSIM","BWkK9c2xS2d4i1tEMdmC3p5CUbkTJFowz7jVb6GTpump","79","5.135802468","","","","","","","","","","","","","0.000004578","","","","","","","2026-07-04T19:46:28.173Z","","","","","",""
"maybutt","GPH5BSfr8ScAhN15UK9sm9k8AyatYYGArFDYJTLfpump","","","","","","","","","","","","","","","","","","","","","7.125e-7","","","","","","2026-07-04T19:46:29.185Z",""
"maybutt","GLgrYdBmyAVHjfFjBtfbhZgErDwhfrGzZaZpajAjpump","","","","","","","","","","","","","","","","","","","","","0.000001038","","","","","","2026-07-04T19:47:26.182Z",""
"DEMONETIZED","HhtDUuTNuKnjwf6zgatzTVBVxqtp7R6mT5dPXFdDpump","75","5","","","","","","","","","","","","","0.000002335","","","","","","","2026-07-04T19:47:27.176Z","","","","","",""
"Giraffe","DHAuuacfj38VuJXqpWA4cfxhEs2Snk5B6iuLy2k7pump","88","10","","","","","","","","","","","","","0.000003044","","","","","","","2026-07-04T19:47:28.219Z","","","","","",""
"maybutt","6xmT6ZaUZcgoNbQrkgQQnQnuywpJfkvrLoeCm13gpump","","","","","","","","","","","","","","","","","","","","","0.00000156","","","","","","2026-07-04T19:47:29.166Z",""
"Tate","4PfG1LjBuhZoNtmWi4HET6HwcvSpu6WrsKpsfY9Vpump","","","","","","","","","","","","","","","","","","","","","4.965e-7","","","","","","2026-07-04T19:48:26.188Z",""
"maybutt","DHhcuhVf56ZGydYkZTyZFuJH2PhJaq6Uz8B4MaE9pump","","","","","","","","","","","","","","","","","","","","","5.32e-7","","","","","","2026-07-04T19:48:27.185Z",""
"maybutt","5GrsE2uz1w41FLXa3exGmv2hLounSab8LZSkjSH8pump","","","","","","","","","","","","","","","","","","","","","3.88e-7","","","","","","2026-07-04T19:48:28.174Z",""
"Firework","2uuHhE8khPuTGnzA7EMwnuvF5hZRXAydiW7XLQ53pump","76","4","","","","","","","","","","","","","0.000002396","","","","","","","2026-07-04T19:48:29.256Z","","","","","",""
"maybutt","CSabWVaP2X5LCEtSGcybXRYmQd8E4FRajHJbe8DXpump","","","","","","","","","","","","","","","","","","","","","0.00000204","","","","","","2026-07-04T19:49:26.197Z",""
"MEME","9M6bSQr35X7B2vw1j3PcBVQw3hVCTMjWquZZ13Dipump","79","3.5","","","","","","","","","","","","","0.00000229","","","","","","","2026-07-04T19:49:27.179Z","","","","","",""
"USA","5tw6aur3vwM4EZRE7U4jx43V1328SjwUCTpU2Nnhpump","68","2.5","","","","","","","","","","","","","0.000003364","","","","","","","2026-07-04T19:49:28.164Z","","","","","",""
"VOZ","rP2FKYVeYNyhY84rM4zTgdEWH9PBsWDg5RKRUgtpump","85","7.901234566","","","","","","","","","","","","","0.000002335","","","","","","","2026-07-04T19:49:29.187Z","","","","","",""
"Cuckolds","9aJuYiw3GCJsGL5t9qrSZRKMCnjv3nb5YVmGabmipump","","","","","","","","","","","","","","","","","","","","","5.933e-7","","","","","","2026-07-04T19:50:26.180Z",""
"maybutt","Dh8Bb4MtwUsbBUx2XXtwZBqL7Ro5VTfzWsK5zygHpump","","","","","","","","","","","","","","","","","","","","","0.000001629","","","","","","2026-07-04T19:50:27.175Z",""
"maybutt","Cya7MXNzAr8jQwvmcLVLjbAVDyyQJ6SMZiTeQnmnpump","","","","","","","","","","","","","","","","","","","","","0.000004404","","","","","","2026-07-04T19:50:28.182Z",""
"maybutt","Ho1kaq1DrxWfEvEMVp3y6nSbWRc8hUXQSM8k8Zpbpump","","","","","","","","","","","","","","","","","","","","","9.827e-7","","","","","","2026-07-04T19:50:29.211Z",""
"maybutt","8VcAAWPGUfRB6FhyQSZSNk4iNhAs47bwsjAmBujXpump","","","","","","","","","","","","","","","","","","","","","9.485e-7","","","","","","2026-07-04T19:51:23.178Z",""
"maybutt","EzYJBN7z3gqL6vTWkp7KNEKrvFy4P8DboDPm4cPDpump","","","","","","","","","","","","","","","","","","","","","0.000001705","","","","","","2026-07-04T19:52:24.232Z",""
"maybutt","tpQ7RXBdcL6PeQLvArrvUYqgZCUCGKYJjYUkSANpump","","","","","","","","","","","","","","","","","","","","","8.212e-7","","","","","","2026-07-04T19:52:25.171Z",""
"Remus","9GGQUWwgXQC8GKqssaaLVG1Qj1Bt7FPmgF3ErnfYpump","75","4.938271603","","","","","","","","","","","","","0.000002332","","","","","","","2026-07-04T19:53:27.169Z","","","","","",""
"maybutt","AggwALyCYp3VypTwChFmQMPnDPN15yLCk1DGNsy7pump","","","","","","","","","","","","","","","","","","","","","5.103e-7","","","","","","2026-07-04T19:53:28.198Z",""
"maybutt","J3Jajvs1v31So8f3tE9ws9HgMF2hBdbFtA3PFA6ipump","","","","","","","","","","","","","","","","","","","","","0.000001418","","","","","","2026-07-04T19:53:29.242Z",""
"maybutt","HwkXeUUjC5DRVQXTCNqHZBPFexLK7bHeXWuswVtkpump","","","","","","","","","","","","","","","","","","","","","0.000001186","","","","","","2026-07-04T19:54:24.151Z",""
"maybutt","E3c2F1BFh7DLHbkQfX7m1BbrbDr5FysBeHbsyRkwpump","","","","","","","","","","","","","","","","","","","","","3.44e-7","","","","","","2026-07-04T19:54:25.183Z",""
"Jazz","VSC2ThooNfMsT59V5Cyx3EJ4VKnUohCkuUFpPsfpump","","","","","","","","","","","","","","","","","","","","","0.000002292","","","","","","2026-07-04T19:55:25.167Z",""
"maybutt","2tGkE2zFJnRYKnmiHFqQ9x4wJ9vNn2MBp1JRYK9Rpump","","","","","","","","","","","","","","","","","","","","","5.324e-7","","","","","","2026-07-04T19:55:26.158Z",""
"maybutt","FkEtqdGF7EXsJbW6sDB17m8jLbe2DmuwuTfwEgbBpump","","","","","","","","","","","","","","","","","","","","","5.376e-7","","","","","","2026-07-04T19:55:27.175Z",""
"maybutt","3yGn6ns2wQxsgMza3pdF3Dwtcg2bYFFoukDTvaPJpump","","","","","","","","","","","","","","","","","","","","","4.29e-7","","","","","","2026-07-04T19:56:26.167Z",""
"maybutt","6kY95GDwDkndazBHJ8CuGwGK9K5cHfFnr5JUyLjPpump","","","","","","","","","","","","","","","","","","","","","4.849e-7","","","","","","2026-07-04T19:56:27.240Z",""
"DONK","6Be5jCdrdp4xRD4oFBUe6Em9LLpBbMhZ5HMXr5b9pump","79","4.938271603","","","","","","","","","","","","","0.000004308","","","","","","","2026-07-04T19:56:28.161Z","","","","","",""
"ANGUS","FVU9Au1c5aTp752Fj8PoKZu3oXD7SU4LRScKu6jYpump","71","2.962962961","","","","","","","","","","","","","0.000002285","","","","","","","2026-07-04T19:56:29.331Z","","","","","",""
"DONK","2YpDRhszWi1a8nZarisiasbSpLyN8LjMzvS2fuStpump","80","8","","","","","","","","","","","","","0.000005181","","","","","","","2026-07-04T19:57:26.178Z","","","","","",""
"maybutt","FDdxP2UBoAwi6TSWpKpXcDsyXzHDDbN4cUueCpyYpump","87","24.691358022","","","","","","","","","","","","","0.000005265","","","","","","0.00000208","2026-07-04T19:57:27.194Z","","","","","2026-07-04T19:58:22.209Z",""
"FTB","7wt5rcLC8cgwsWF1mum2gPgTgHGJAWCDrKtuiyfpump","","","","","","","","","","","","","","","","","","","","","4.435e-7","","","","","","2026-07-04T19:57:28.185Z",""
"FTB","2GPMEETE6Y8a65Jtu9poJtYyyv9gNEtxPZ619vaUpump","","","","","","","","","","","","","","","","","","","","","0.00000221","","","","","","2026-07-04T19:57:29.169Z",""
"FTB","Hes2sk24dKsJxd1ZzbXn1YzVmhCjMtDwYN9cJkYWpump","","","","","","","","","","","","","","","","","","","","","0.000001717","","","","","","2026-07-04T19:58:24.213Z",""
"FTB","ApVafrQKneiKLSXMenuw2911stHRkB9TaaCUH6kcpump","","","","","","","","","","","","","","","","","","","","","0.00000108","","","","","","2026-07-04T19:58:25.245Z",""
"CUNT","8sZqvUta8iVWWWipFAFLy2w88LZ6tWf5fA8HVmd6pump","","","","","","","","","","","","","","","","","","","","","3.286e-7","","","","","","2026-07-04T19:59:26.183Z",""
"maybutt","2SQKb6f2HWtu2jEYB3idzBZuGgbvCkyAQUrgBGPmpump","","","","","","","","","","","","","","","","","","","","","0.000001301","","","","","","2026-07-04T19:59:28.261Z",""
"maybutt","9pJCLYb5Jq1aY4EmL6aUZmLWd3BmJoha9vap1k9Xpump","","","","","","","","","","","","","","","","","","","","","0.000001369","","","","","","2026-07-04T19:59:29.244Z",""
"Betsy","9m2zq5MLhnNoMGqCMhzrFRBxP9D7SYkq4okM1yioCitA","","","","","","","","","","","","","","","","","","","","","0.000002297","","","","","","2026-07-04T20:00:26.184Z",""
"maybutt","9SFwMEizfsg4yb5Bbjct93zDQaNXC14XbK5hCwaTpump","","","","","","","","","","","","","","","","","","","","","8.865e-7","","","","","","2026-07-04T20:00:27.190Z",""
"Betsy","G5s9GsJj75VJ6ZhenutoXGrANDx2AGpfierdgKZFpump","77","4.5","","","","","","","","","","","","","0.000004153","","","","","","","2026-07-04T20:00:28.157Z","","","","","",""
"Betsy","9RYC3cAHLaVGfeVR3HD3nkZmbG1VPT9Lh6Yh91Wgpump","79","5","","","","","","","","","","","","","0.000002333","","","","","","","2026-07-04T20:00:29.172Z","","","","","",""
"Betsy","7KYaMYZw3qk7Bt2XBf3m1zt7Nsv8UZ8vWCD5azxFpump","75","5","","","","","","","","","","","","","0.000002332","","","","","","","2026-07-04T20:01:26.163Z","","","","","",""
"Bugatti","2sWiL4KSke7BmezQ12n5aK2iHQHBSnBLSVkto6nmpump","75","3.950617282","","","","","","","","","","","","","0.000003523","","","","","","","2026-07-04T20:01:27.157Z","","","","","",""
"maybutt","83x4zdQxSXSjjLT7sH3UPtPyBprhHvH8VznCumYcpump","86","24.691358022","","","","","","","","","","","","","0.000008303","","","","","","","2026-07-04T20:01:28.171Z","","","","","",""
"maybutt","AH2SNZeSoabRdSxTJjn6ZnHkeym8Xxvjk8LRyQowpump","","","","","","","","","","","","","","","","","","","","","4.191e-7","","","","","","2026-07-04T20:01:29.195Z",""
"maybutt","Cy1Uuq7uMCmpKqY5y1P8e7EXJtdSLxaRjMZKKihjpump","","","","","","","","","","","","","","","","","","","","","0.000001255","","","","","","2026-07-04T20:02:26.186Z",""
"TS","EC4rRXvhS2HAwDNjrJWTwXW5Z3jWMqzNfLT9e5T7pump","73","3.456790121","","","","","","","","","","","","","0.000002336","","","","","","","2026-07-04T20:02:28.300Z","","","","","",""
"maybutt","E4eTrTVqwbrHN5oJ8k9q5dqjzS5szdmjmCnU1Tkmpump","","","","","","","","","","","","","","","","","","","","","5.445e-7","","","","","","2026-07-04T20:02:29.187Z",""
"maybutt","4wFB181caWDdAp71FDfmBHziz4WrEgDJMQQrkKD6pump","","","","","","","","","","","","","","","","","","","","","6.865e-7","","","","","","2026-07-04T20:03:25.182Z",""
"THROATGOAT","5yQLenkgUdqkLDJiLtrJJ8XL7TqBrYRnxUdzSq9Jpump","71","3","","","","","","","","","","","","","0.000002398","","","","","","","2026-07-04T20:03:26.227Z","","","","","",""
"ilyunow","GcXjgi1Twpvkgj2cN9XLpQyypUpxyDZN3c8K9Sw5pump","71","8","","","","","","","","","","","","","0.0000051","","","","","","","2026-07-04T20:03:27.162Z","","","","","",""
"maybutt","HrvpnadNWuTgLYyHacgkNfrLarKgv7yAyDxpSispump","","","","","","","","","","","","","","","","","","","","","0.00000248","","","","","","2026-07-04T20:03:28.151Z",""
"maybutt","BukcY1zHWnRjsRvymNbaCKdPtkcvUFdS9Jg1PwREpump","","","","","","","","","","","","","","","","","","","","","4.364e-7","","","","","","2026-07-04T20:04:24.163Z",""
"maybutt","GLgN2y4KvSokabN4CvKjmyz9EkkJPngEiXviAG7Dpump","","","","","","","","","","","","","","","","","","","","","8.086e-7","","","","","","2026-07-04T20:04:25.245Z",""
"EHE","7DoxZaXgZzaqbaovbFs8Uxgpv6569wpZYnjnqdJvpump","70","4.938271603","","","","","","","","","","","","","0.000002288","","","","","","","2026-07-04T20:05:25.177Z","","","","","",""
"EHE","44dg3mKyqsDXBHEFMhBvwapX76N7AooVVMNUymBNpump","72","4.938271603","","","","","","","","","","","","","0.000002295","","","","","","","2026-07-04T20:05:26.234Z","","","","","",""
"horselon","T6TmS4eDoUAabFRF6XHP1aHfwA9hE2YW2dqCDzfiVbh","","","","","","","","","","","","","","","","","","","","","0.000002289","","","","","","2026-07-04T20:05:27.225Z",""
"maybutt","7YJ6PnbjQVGBMny6gt4Yt5yH8auDKK9YKDXCjp5Wpump","","","","","","","","","","","","","","","","","","","","","0.000001365","","","","","","2026-07-04T20:06:26.171Z",""
"maybutt","5iTkerFw1GgTPhHqqm6n8rgTEHojNzkRek8xYWFSpump","","","","","","","","","","","","","","","","","","","","","4.289e-7","","","","","","2026-07-04T20:06:27.180Z",""
"PVE","AF5d5pMcAMK9R3kYmDHvDQ35e8baBke57g5iSkv7pump","69","4.938271603","","","","","","","","","","","","","0.000002289","","","","","","","2026-07-04T20:06:28.171Z","","","","","",""
"MFARM1","A9eWZaEPLwdMqQzQcgs6D7e6XNyR4HBPDEH1bH4mPSPo","76","2.970297028","","","","","","","","","","","","","0.000001808","","","","","","","2026-07-04T20:07:23.176Z","","","","","",""
"maybutt","Bi5wDJvK4USWhuicLdDqfzFsG9kKhJ1EgJkov1HXpump","","","","","","","","","","","","","","","","","","","","","4.993e-7","","","","","","2026-07-04T20:09:24.186Z",""
"AMERICA","FHNKSvEMkhW6GrkooTeCvwoSXgzNNVSQVDjJsYXHpump","68","2.5","","","","","","","","","","","","","0.00001261","","","","","","","2026-07-04T20:10:24.187Z","","","","","",""
"SCAMOOR","6zkAKd4irtR7oq9jkFwZgFRCu2gtpvHPm44o41nopump","71","7","","","","","","","","","","","","","0.000002289","","","","","","","2026-07-04T20:10:25.170Z","","","","","",""
"MFARM2","AgGRtLRnxVUpY6fDVccinQhDNbSxHH8CtXsttcnphFML","","","","","","","","","","","","","","","","","","","","","5.191e-7","","","","","","2026-07-04T20:11:23.177Z",""
"maybutt","BVs1bTRkZPZNEqxEzqJZfNjtEipNnLQNApJivhNYpump","","","","","","","","","","","","","","","","","","","","","0.000002481","","","","","","2026-07-04T20:12:23.198Z",""
"GOLDEN","DpFncidVpMvmRQQAeY53SnFsCoQV7c7R3KeCYYK9pf2Q","","","","","","","","","","","","","","","","","","","","","0.00000229","","","","","","2026-07-04T20:13:26.185Z",""
"maybutt","Ri2SNj1CUXccjZQko2BghSsYUQAWkHeApd4JGNxpump","","","","","","","","","","","","","","","","","","","","","6.414e-7","","","","","","2026-07-04T20:13:27.225Z",""
"maybutt","Fuc5zqxK2Qk5Q7KQjDT4KwA4LKGo4axETUtShn7Zpump","","","","","","","","","","","","","","","","","","","","","0.000001726","","","","","","2026-07-04T20:13:28.189Z",""
"maybutt","Bf4mGUQrNEwJwsWL8rLXBFFS9cqfxxfwvaoCLeR9pump","","","","","","","","","","","","","","","","","","","","","0.000001972","","","","","","2026-07-04T20:13:29.193Z",""
"maybutt","9o8CS6pnipC6jphxonjjwCanBd2bQY9c74z6dyTNpump","","","","","","","","","","","","","","","","","","","","","0.00000318","","","","","","2026-07-04T20:14:23.226Z",""
"maybutt","EbWf6tqjRUcHd57sUdMirMKvwo4Rryqqx1CUaqz2pump","","","","","","","","","","","","","","","","","","","","","3.617e-7","","","","","","2026-07-04T20:15:24.160Z",""
"maybutt","8sKaTtW8CPUEW6pUhRkSg8qNoYxihbnGZApPCiwPpump","","","","","","","","","","","","","","","","","","","","","0.000001148","","","","","","2026-07-04T20:15:25.178Z",""
"maybutt","73nV8yuCMrtCoS8Ks1cnQDY3FJYmRK3itNVSRwD6pump","","","","","","","","","","","","","","","","","","","","","7.248e-7","","","","","","2026-07-04T20:16:25.145Z",""
"FREEDOM","BPAWFRUrV9X7kh6nTRrRBNB3KZxLTPSeN7skmxGKpump","88","3.5","","","","","","","","","","","","","0.00000229","","","","","","","2026-07-04T20:16:26.211Z","","","","","",""
"maybutt","EhbZ37j9PjhDBZ3d6v9k8WeyRt81hUBkJuQv878npump","","","","","","","","","","","","","","","","","","","","","6.266e-7","","","","","","2026-07-04T20:16:27.278Z",""
"maybutt","3Nedw37TXcPUBxjhQfmLPn98xscf79C9pdD1CmUrpump","","","","","","","","","","","","","","","","","","","","","0.000001744","","","","","","2026-07-04T20:17:26.150Z",""
"FREEDOM","HAsgfDxLKm44EEWsAPokFF9jeg8g1EgPvgHoS8x8pump","79","5","","","","","","","","","","","","","0.000002423","","","","","","","2026-07-04T20:17:27.227Z","","","","","",""
"maybutt","pcZaukFSKHeqjvb7zKtNG1SK8wq2Bp5Ujh3K1nEpump","","","","","","","","","","","","","","","","","","","","","0.000002955","","","","","","2026-07-04T20:17:29.200Z",""
"MFARM3","4LDuJLRyNLrfmADfsogYPrhJP2GXA9XaUH3Sw9zFxGc3","","","","","","","","","","","","","","","","","","","","","0.000001389","","","","","","2026-07-04T20:18:26.160Z",""
"maybutt","7wtNsTx5gfzmZrpFLUW8e8Vs3PtrYpZX5oh7PJfxpump","","","","","","","","","","","","","","","","","","","","","6.353e-7","","","","","","2026-07-04T20:18:27.164Z",""
"MARADONA","95vDbUERM7H9JLYzGydhZgTFL4HtRWzkpfxuwomtpump","71","3","","","","","","","","","","","","","0.000002291","","","","","","","2026-07-04T20:18:28.178Z","","","","","",""
"Diego","GAqWHMXwzeVN1nRFhv17nNQnauFyVPRAm12Wj63Spump","86","3.5","","","","","","","","","","","","","0.000002291","","","","","","","2026-07-04T20:18:29.167Z","","","","","",""
"maybutt","4MGtubJJ7WsTNMvV7Te1uurdhkaVYWCUaJLSD5gMpump","","","","","","","","","","","","","","","","","","","","","0.000001486","","","","","","2026-07-04T20:19:26.184Z",""
"maybutt","5hJzxrgq7AMpZX942RkXKycFTT8izzLngYXPJgQHpump","","","","","","","","","","","","","","","","","","","","","0.000002369","","","","","","2026-07-04T20:19:27.174Z",""
"AhhGPT","GnaPtHTNwsuiBYQpfQndLaDuvHuoG3mjB4zt24Mupump","71","2.962962961","","","","","","","","","","","","","0.000009587","","","","","","","2026-07-04T20:19:28.153Z","","","","","",""
"maybutt","6B3ZYrrZPt9bJz2uFCEfWE7fbGN44vx3gSC6L3Djpump","","","","","","","","","","","","","","","","","","","","","4.504e-7","","","","","","2026-07-04T20:19:29.149Z",""
"DOG","9VWcXtKXiLamceom9SbXbVGJVQCDu7UbNjYpt8V4vEqQ","79","5","","","","","","","","","","","","","0.000002282","","","","","","","2026-07-04T20:20:26.176Z","","","","","",""
"maybutt","ALURndWT2Z6wEHLBWyFqTWRC7Yr2nNj2wr5fXJ5gpump","","","","","","","","","","","","","","","","","","","","","0.000001993","","","","","","2026-07-04T20:20:27.157Z",""
"now","CBAVdGi61xvgGQ6LG25ZeiUNy13rqDwVhypKbzFNpump","70","8","","","","","","","","","","","","","0.000004922","","","","","","","2026-07-04T20:20:28.232Z","","","","","",""
"OCCA","8KynckBMs5MiwhTMDnomzqhckqAqMCQupe1jWEZKJaWo","75","5","","","","","","","","","","","","","0.000002324","","","","","","","2026-07-04T20:20:29.154Z","","","","","",""
"Penguin","4mskTnbfMfpStwCGTbEudeP9wepK3esZX7EKHF7epump","96","29.629629628","","","","","","","","","","","","","0.000009235","","","","","","","2026-07-04T20:21:24.155Z","","","","","",""
"maybutt","Fd8dZ5wAJxtjhtuAEnE9UQMUkZh7TJuvyrKgMu8Upump","","","","","","","","","","","","","","","","","","","","","0.000002618","","","","","","2026-07-04T20:21:25.153Z",""
"maybutt","KM6MFGRXMw8pteB7wmfbWMvSM7AJ69kPY2FfWBvpump","","","","","","","","","","","","","","","","","","","","","6.142e-7","","","","","","2026-07-04T20:22:25.165Z",""
"JOEY","AtfGnVN9DouNEPzGuW9D5N6drYHfmSN2ruJNgYEcueVC","72","5","","","","","","","","","","","","","0.000002282","","","","","","","2026-07-04T20:22:27.156Z","","","","","",""
"POPBULL","DphmFfPrP97PgfRRb6ZoFjwM1xh4QENbRL67k9PYpump","90","11.85185185","","","","","","","","","","","","","0.00001964","","","","","","","2026-07-04T20:23:26.182Z","","","","","",""
"poo-ly","9kY9QmE4G828haKUVf9QSNJev5grw1bUJ36px7Mypump","75","4.938271603","","","","","","","","","","","","","0.000002324","","","","","","","2026-07-04T20:23:27.150Z","","","","","",""
"maybutt","CQXFuDB7Sp2MtzcSXvQsGHCGBesQsuna89PZ5Tv3pump","","","","","","","","","","","","","","","","","","","","","7.683e-7","","","","","","2026-07-04T20:24:26.144Z",""
"JOEY","J3iJhHkBZxKvsqX69WbzgySTpL6oSnnBqP92881Cpump","70","8","","","","","","","","","","","","","0.000004245","","","","","","","2026-07-04T20:24:27.162Z","","","","","",""
"maybutt","2tg3kg1LYdeNVoB8oQs4PbNKdSzf5TVq8eeFvbRSpump","","","","","","","","","","","","","","","","","","","","","0.00000102","","","","","","2026-07-04T20:24:28.180Z",""
"JOEY","8xq6WJuvsVhT8X2xZkzPQLRcS5Qu4LHF9zzaYFtdpump","69","8","","","","","","","","","","","","","0.000002458","","","","","","","2026-07-04T20:24:29.170Z","","","","","",""
"seiyansem","6kmKhDvjyodWMZqcCdRyPf9rpqpY4E6wS4BGFwQWpump","","","","","","","","","","","","","","","","","","","","","0.000002307","","","","","","2026-07-04T20:25:26.241Z",""
"AhhGPT","85RRmU9geQ7J2y7CdfcYDJpi3F91RquL49N9GsfQpump","72","5","","","","","","","","","","","","","0.000002282","","","","","","","2026-07-04T20:25:27.168Z","","","","","",""
"maybutt","9MKTmrNAnWLdaHR5PJDvMeFXVM22WLa375u319Kapump","","","","","","","","","","","","","","","","","","","","","0.000002155","","","","","","2026-07-04T20:25:28.181Z",""
"ADNIG","DKVfjTr4QTUg6v8fsMG3cH96NigLxYqNWtjrSNzXpump","75","3.950617282","","","","","","","","","","","","","0.000002325","","","","","","","2026-07-04T20:25:29.157Z","","","","","",""
"Egypt","ChFHQ78TkDiSfk8XJZ37wreD8dzGVYJFq9NJwbfEpump","71","2.962962961","","","","","","","","","","","","","0.000002512","","","","","","","2026-07-04T20:26:26.226Z","","","","","",""
"TACO","2PLjXNcwq8HBfWCLgNhx5kcob5AxBPHNohmG9XwTpump","75","7.000000001","","","","","","","","","","","","","0.000003909","","","","","","","2026-07-04T20:26:27.215Z","","","","","",""
"maybutt","2rP7oPHMmbKevbRYiNN7opeXFDMVq13J3zciC8KZpump","","","","","","","","","","","","","","","","","","","","","0.000001596","","","","","","2026-07-04T20:26:28.154Z",""
"maybutt","4YzVF1Ddw1FXPfCxwiMTiYZjYTHuUCZinyc6Eshgpump","","","","","","","","","","","","","","","","","","","","","6.758e-7","","","","","","2026-07-04T20:26:29.141Z",""
"maybutt","3iyPfmct1N1qeLrbDSejjCCXftRb1nr4UV4KN1rDpump","","","","","","","","","","","","","","","","","","","","","6.194e-7","","","","","","2026-07-04T20:27:25.155Z",""
"maybutt","2dg3e631RifuLMDApKQ29AjBn7y1Te5xjsUqf99dpump","","","","","","","","","","","","","","","","","","","","","7.878e-7","","","","","","2026-07-04T20:27:26.148Z",""
"maybutt","6hYEqGG8EDmW8JhGzR6ktdxEFdz9Bj3qjnxGkxj1pump","","","","","","","","","","","","","","","","","","","","","9.589e-7","","","","","","2026-07-04T20:27:27.179Z",""
"maybutt","HATfLLJGyn1G1xLJWK189xGrMZCFzbU5pMnkHP7Tpump","","","","","","","","","","","","","","","","","","","","","0.000001178","","","","","","2026-07-04T20:28:25.149Z",""
"Egypt","28A5ignhqkSxb3Jqz5vAkcSCqZT6CzNgwsSbVxjmpump","71","2.962962961","","","","","","","","","","","","","0.000002306","","","","","","","2026-07-04T20:28:26.172Z","","","","","",""
"PRO","466iV33XTyBakqoZjdExD18zeVnn55xCbnSnLzNFpump","79","4.938271603","","","","","","","","","","","","","0.000003853","","","","","","","2026-07-04T20:29:24.200Z","","","","","",""
"maybutt","4j21qn7ebq2UC4kjJ57qbYVfyh8eGSu1zhdZLneepump","","","","","","","","","","","","","","","","","","","","","0.00000182","","","","","","2026-07-04T20:29:25.161Z",""
"SURFCAT","Gcfs7XrnCqqgd1BtPhi93Vgjcswc6KeECxZgTFdSpump","68","2.469135801","","","","","","","","","","","","","0.000002284","","","","","","","2026-07-04T20:31:23.164Z","","","","","",""
"maybutt","2uoXuZSo2dqPD6sm3gJJWLDyWraYWUuDTi6rqGUMpump","","","","","","","","","","","","","","","","","","","","","0.000001739","","","","","","2026-07-04T20:32:24.148Z",""
"LEO","ESx4wTbPowvrQ7kqWJTFVWTeRbiR4oLsBrgAnL15pump","","","","","","","","","","","","","","","","","","","","","3.407e-7","","","","","","2026-07-04T20:32:25.218Z",""
"maybutt","A3gbJ7ZipcWpPUrJu5h7cXdCXBMzVZ6a4ym8UgZVpump","","","","","","","","","","","","","","","","","","","","","0.000002602","","","","","","2026-07-04T20:33:26.176Z",""
"LEO","DVC4VaDaEaLWZ6CV12YABgWMnFETfeYoXHvN9Nimpump","","","","","","","","","","","","","","","","","","","","","0.000002878","","","","","","2026-07-04T20:33:27.305Z",""
"‎ ","6pTGZHrjwRuh6dSgY2DR7rZ2CnaeZoAUG18gbZQ2pump","100","6.913580245","","","","","","","","","","","","","0.000008601","","","","","","","2026-07-04T20:33:28.175Z","","","","","",""
"Clone","8uiR5o6RYEC9BoJQjMSVjtTwPeMkc6wTecS6n3Fopump","75","4.938271603","","","","","","","","","","","","","0.000002409","","","","","","","2026-07-04T20:33:29.171Z","","","","","",""
"VENT","5xzxEt89sZvH58Ujma1AscDnSChomZk3wxbNUz11pump","71","3","","","","","","","","","","","","","0.000002395","","","","","","","2026-07-04T20:34:26.164Z","","","","","",""
"maybutt","5m2dPc3nJnhneMAfPU8bvAJKeD8hbjo4aQqYrnmppump","","","","","","","","","","","","","","","","","","","","","4.885e-7","","","","","","2026-07-04T20:34:27.174Z",""
"maybutt","AthbmxLKh4ECjwVpfXXWbm9McCQYbs6bJ5qA74dKpump","","","","","","","","","","","","","","","","","","","","","0.000001033","","","","","","2026-07-04T20:34:28.214Z",""
"slingshot","z5KvGs4KECNsnnWrxp5w8Fhaw5jPMWdL3L3qNKdpump","71","2.962962961","","","","","","","","","","","","","0.000002288","","","","","","","2026-07-04T20:34:29.171Z","","","","","",""
"maybutt","BcBTNcQJ4PERHzxcEEcirDhXYRKRuFDwRXQS6WfBpump","","","","","","","","","","","","","","","","","","","","","7.729e-7","","","","","","2026-07-04T20:35:26.161Z",""
"maybutt","4r3bYFc6x1YhSbTCEgxAMbiCeiDyrYKaZHNcJ8GDpump","","","","","","","","","","","","","","","","","","","","","0.000001729","","","","","","2026-07-04T20:35:27.162Z",""
"LEO","Hi9hJikbidnKKrcpPjzC4zViNFiFDj5JgmdMH1tnpump","68","8","","","","","","","","","","","","","0.000007262","","","","","","","2026-07-04T20:35:28.159Z","","","","","",""
"FABLEMAXX","HWP8FgWzik3McNH6eT8SqGvAtcSwF5Mm8hLkNWc5pump","70","7","","","","","","","","","","","","","0.000002395","","","","","","","2026-07-04T20:35:29.206Z","","","","","",""
"BADASS","HP8ySStmu2D4wCQCDGjrviDo41L9esVKHuGnqyzopump","71","2.962962961","","","","","","","","","","","","","0.000004579","","","","","","","2026-07-04T20:37:26.146Z","","","","","",""
"Pip","EVuMTymHvebFbfvyyG5bJmoCjQdUe74APN18fbvTpump","71","2.962962961","","","","","","","","","","","","","0.000002341","","","","","","","2026-07-04T20:37:27.156Z","","","","","",""
"APESEM","8vLmQ6VJB8Tf77915iLWnEKZbAU8ba5L9y7puHkopump","72","3.160493826","","","","","","","","","","","","","0.000002802","","","","","","","2026-07-04T20:37:28.165Z","","","","","",""
"maybutt","BtLEH42PC9drAEv2dPr6sw1MNb5zmPRsRxoN8qxzpump","","","","","","","","","","","","","","","","","","","","","9.716e-7","","","","","","2026-07-04T20:37:29.148Z",""
"maybutt","Ctu7LwmUH13S9BL6M7pvoxyZgYwu1QisCbKgRN59pump","","","","","","","","","","","","","","","","","","","","","0.000003203","","","","","","2026-07-04T20:38:25.148Z",""
"LEAN","7thH7suzy1KCYBT6qiDvASZvskvDoeGQkGYPMMxtpump","71","2.962962961","","","","","","","","","","","","","0.000002315","","","","","","","2026-07-04T20:38:26.144Z","","","","","",""
"HOLD","8DQxjcFdNoFX3fnHVPhscYkh6SsUvxFqhmu2PHsGpump","","","","","","","","","","","","","","","","","","","","","0.000002304","","","","","","2026-07-04T20:38:27.147Z",""
"maybutt","6dWcZzMem78TbpuK9CdKPEPVZGT9G2ure16adYy4pump","","","","","","","","","","","","","","","","","","","","","0.000001055","","","","","","2026-07-04T20:39:26.160Z",""
"maybutt","GjGWv2jNu3euz6qSFmiCg41dKQ9CYXY3FGN29BRCpump","","","","","","","","","","","","","","","","","","","","","0.000001407","","","","","","2026-07-04T20:39:27.160Z",""
"Malaybak","DwR3Lxf7P9vUzaFGtVv2PtyHSmhDAkyFoyayV6cypump","75","5","","","","","","","","","","","","","0.000002306","","","","","","","2026-07-04T20:39:28.168Z","","","","","",""
"HANDSEM","9bW5KYuuutJ8usQ8gzQ7J5fSzMWCuQ8qPkvRNh8ypump","71","2.962962961","","","","","","","","","","","","","0.000004671","","","","","","","2026-07-04T20:39:29.184Z","","","","","",""
"maybutt","6Z3G6xjKiJRxbStjDvJzqEb6pJauG7GsEbVXCY43pump","","","","","","","","","","","","","","","","","","","","","8.203e-7","","","","","","2026-07-04T20:40:26.171Z",""
"Malaybak","5bdd7HF47ZtjpHXdnvUDtWpBBiT589yxm31SUzHmpump","71","2.962962961","","","","","","","","","","","","","0.0000217","","","","","","","2026-07-04T20:40:27.153Z","","","","","",""
"AhhGPT","AEe4UcGYCYePXvfHgv79ZxsthfKVztD4RUDk38Q3pump","98","2.999999999","","","","","","","","","","","","","0.000002398","","","","","","","2026-07-04T20:40:28.238Z","","","","","",""
"ventcat","FWjdjtBg5jgnp9YeXGzmGgeycn8jZW8LEU4JBosVpump","70","5","","","","","","","","","","","","","0.000006913","","","","","","","2026-07-04T20:40:29.295Z","","","","","",""
"LIBERTY","EduWvjD4S1C7neWFY9CDY2GKd2tcs6sdgPzCKzZcpump","98","2.999999999","","","","","","","","","","","","","0.000002378","","","","","","","2026-07-04T20:41:26.165Z","","","","","",""
"maybutt","5jBWLtFe6idijLKgeSxyHWqQQwheTn1WPpsWTLnRpump","","","","","","","","","","","","","","","","","","","","","9.242e-7","","","","","","2026-07-04T20:41:27.152Z",""
"maybutt","FKEj58Uyrz1thD79njVbHoSyAv3oHWFd5YFHd2ARpump","","","","","","","","","","","","","","","","","","","","","0.000002629","","","","","","2026-07-04T20:41:28.160Z",""
"maybutt","4p7C7BojBBukzPcDPUiJkiBPUqGkQrFBoLZMfJGNpump","","","","","","","","","","","","","","","","","","","","","0.000001458","","","","","","2026-07-04T20:41:29.160Z",""
"Dittoo","B2Tcnz6VbM5o9AZNYdWzVeC69vYtyk5w4jwEFrMXpump","68","2.5","","","","","","","","","","","","","0.000002298","","","","","","","2026-07-04T20:42:26.157Z","","","","","",""
"maybutt","57ncm5UgkMZdieYq4qfLqy2H6oFYnedKbvp9F9Cipump","","","","","","","","","","","","","","","","","","","","","8.224e-7","","","","","","2026-07-04T20:42:27.158Z",""
"maybutt","EGzXRNg7rZRC1TQjU964GhYk4YA8jAbyhxfmsQXspump","","","","","","","","","","","","","","","","","","","","","4.709e-7","","","","","","2026-07-04T20:42:28.156Z",""
"maybutt","DALnfnihX6jxktkJK12hhB5EWvVVfA91ZVEqyHnrpump","","","","","","","","","","","","","","","","","","","","","5.324e-7","","","","","","2026-07-04T20:42:29.138Z",""
"maybutt","6nrcrbBmxyXcN11KqCTHHVc65AAM7mzCDbXfx6Tppump","","","","","","","","","","","","","","","","","","","","","7.467e-7","","","","","","2026-07-04T20:43:26.146Z",""
"TOPG","2mHxFMfFFF9PRXkQhk3Fhc1ApSqy4PybdbZ8EWA1pump","96","33.000000001","","","","","","","","","","","","","0.00001058","","","","","","","2026-07-04T20:43:27.170Z","","","","","",""
"maybutt","8RwMShs38Zu2A5JNeazxwJgxoW3AzaojoZaiTHe8pump","86","23.703703701","","","","","","","","","","","","","0.000005132","","","","","","","2026-07-04T20:43:28.155Z","","","","","",""
"STIMMY","AoMwNG5hM39ikG651L3FHGLe2Zybt3pZcT662cJ7pump","68","2.5","","","","","","","","","","","","","0.000002336","","","","","","","2026-07-04T20:43:29.216Z","","","","","",""
"maybutt","6zqtsEHXsNSx4LJiPPZu9xCnY4QuUkYziuQ68FXmpump","","","","","","","","","","","","","","","","","","","","","8.694e-7","","","","","","2026-07-04T20:44:25.167Z",""
"maybutt","5cGhd78B8UmmXGdhQUAWo2FgJiuPxqoM5vpE61Tupump","","","","","","","","","","","","","","","","","","","","","0.000001336","","","","","","2026-07-04T20:44:26.388Z",""
"HANDSEM","FQAMTCHSSZWmE4J3gszP1oGzenTgYd8YHbPwquUwpump","68","2.48234107","","","","","","","","","","","","","0.000002292","","","","","","","2026-07-04T20:44:26.606Z","","","","","",""
"BGC","3TWLMCVESveNkcnrfVfWnFdG8ELyCX4TfKr3Pn1Spump","99","0.050084894","","","","","","","","","","","","","0.00000357","","","","","","","2026-07-04T20:45:26.214Z","","","","","",""
"begging","AQz8Sqia919dMvDTZtgdLgChdyZM9BYsbbhnfZM2pump","70","5.925925924","","","","","","","","","","","","","0.0000023","","","","","","","2026-07-04T20:45:27.169Z","","","","","",""
"CASINO","794PQJ5vecqQTX5GEdQNhe7j8sK4jZqyuFVEYCSupump","72","5","","","","","","","","","","","","","0.000002294","","","","","","","2026-07-04T20:45:28.148Z","","","","","",""
"DDDDDDDDDD","GTXM5c5YSP9KPwHZbeKxY4ZKNTdkC2nJyB4Sw7BLpump","80","15","","","","","","","","","","","","","0.000004127","","","","","","","2026-07-04T20:47:25.158Z","","","","","",""
"MAKER","tkvic3Dh1S5cAp5CFKnbhM8jGx38BTvMJHHdzVMpump","90","0.01","","","","","","","","","","","","","0.00000234","","","","","","","2026-07-04T20:47:26.151Z","","","","","",""
"HODL","Co1o2m3kwM6YYBouYKUewfceu4DUChEyKpiaZQ1pump","72","3.2","","","","","","","","","","","","","0.000002329","","","","","","","2026-07-04T20:47:27.164Z","","","","","",""
"maybutt","A6b1PGT6KWDGvsRF8TdjBtdvJSofttrMfUv2XSoNpump","","","","","","","","","","","","","","","","","","","","","0.00000175","","","","","","2026-07-04T20:48:24.176Z",""
"maybutt","9PxHbZNEjAyTFHghsViC5dXx3qLYV9KsqL5nyQMdpump","","","","","","","","","","","","","","","","","","","","","0.000001792","","","","","","2026-07-04T20:48:25.162Z",""
"maybutt","BawWeeGEZ7hwKsNJBYVGgHRMGEhwby4AcdKCS48xpump","","","","","","","","","","","","","","","","","","","","","0.000001477","","","","","","2026-07-04T20:49:25.189Z",""
"maybutt","96cZdxrkqEpZJt8HziJPefxzRH7h6ysqedbQ7U9Apump","","","","","","","","","","","","","","","","","","","","","0.000001505","","","","","","2026-07-04T20:49:26.211Z",""
"DETROIT","F7hLsxJuRFxtfBJ2NgVcuuGG4sVHNVejjRNCJszxpump","79","15","","","","","","","","","","","","","0.000005604","","","","","","","2026-07-04T20:49:27.162Z","","","","","",""
"maybutt","5vD5R4NkQTJxrZqJjKSV6pWquAx6qEJ1ZoqzFtawpump","","","","","","","","","","","","","","","","","","","","","0.000001317","","","","","","2026-07-04T20:50:23.477Z",""
"Bricks","C38UfHjBAcEyPtPAsizA6rs5ZNo2xy8UJMevdZBWpump","75","5","","","","","","","","","","","","","0.000002917","","","","","","","2026-07-04T20:51:24.140Z","","","","","",""
"maybutt","4nd8RWGo4QLmasx56XcZgekjpgpQpkbVt5YoMsufpump","","","","","","","","","","","","","","","","","","","","","5.228e-7","","","","","","2026-07-04T20:51:25.157Z",""
"address","k4chFEQyFmTiWwuK512pfRrCsQ3kMWc6Uwzbr1gpump","81","5.925925924","","","","","","","","","","","","","0.000002348","","","","","","","2026-07-04T20:52:25.174Z","","","","","",""
"Arcane","5zAo2qUsRzD9zpQePGnxfmb3aV2RRsiDactJFcehpump","78","4.839506171","","","","","","","","","","","","","0.000003641","","","","","","","2026-07-04T20:52:26.179Z","","","","","",""
"Address","Ho1uecsqCrXK2vq8hizSPdm7CZZWUhge7noKPruzpump","96","29.629629628","","","","","","","","","","","","","0.00001536","","","","","","","2026-07-04T20:52:27.149Z","","","","","",""
"maybutt","9KS3uvUdvS6D6Uxmwkyh8N8CJ7HGBat1Vj5gmfHepump","86","23.703703701","","","","","","","","","","","","","0.000005503","","","","","","","2026-07-04T20:54:23.157Z","","","","","",""
"$RUN","6SS9JmiWKHz1TeBAusmukVsMmryEdGqqRqGh1TLDpump","","","","","","","","","","","","","","","","","","","","","0.000001073","","","","","","2026-07-04T20:55:26.281Z",""
"$RUN","qnZvzhS26Q9dwBK8Mbyi5iUEUb2iiDMprZCfkaVpump","78","15","","","","","","","","","","","","","0.000003372","","","","","","","2026-07-04T20:55:27.164Z","","","","","",""
"revenge","7K9f2ujzpZtxekGbVcwVScvfyPbrP5fqTXwQYvfCpump","","","","","","","","","","","","","","","","","","","","","9.715e-7","","","","","","2026-07-04T20:55:28.152Z",""
"IT","6ASNXyUFf1s7fPR9J3ySdf2dYPPE9dXxnSSczrnhpump","79","4.938271603","","","","","","","","","","","","","0.000003635","","","","","","","2026-07-04T20:55:29.158Z","","","","","",""
"ADNIG","6CCkWX9r4zvGwMbMUfM7WjFVr4EmiwoENzQiBokypump","77","4.444444442","","","","","","","","","","","","","0.000002317","","","","","","","2026-07-04T20:56:26.187Z","","","","","",""
"revenge","58fRHikkNLJk35dZQnAGzsLpjuu55Ptn1sengDNKpump","","","","","","","","","","","","","","","","","","","","","0.000001567","","","","","","2026-07-04T20:56:27.153Z",""
"ponzi","E4cMUQVy1rZjCzg56UaBEcMQZQ7Wk8AUCdrjJSW2pump","72","3.2","","","","","","","","","","","","","0.000002298","","","","","","","2026-07-04T20:56:28.148Z","","","","","",""
"revenge","EU9gTHEgUkx9WTw8sqzF3RMTTMacFZDA6u2Rkosvpump","86","23.703703701","","","","","","","","","","","","","0.00001014","","","","","","","2026-07-04T20:56:29.173Z","","","","","",""
"revenge","GcYDYuUGGhdsUBtrPE91wgDiyBYjG86r1hTQByHfpump","","","","","","","","","","","","","","","","","","","","","0.000001716","","","","","","2026-07-04T20:57:26.147Z",""
"G","2H3xLBE7Bvui9KKzPsSqJSB1Yb2BkBT5nxALRq7Kpump","81","5.925925924","","","","","","","","","","","","","0.00000235","","","","","","","2026-07-04T20:57:27.136Z","","","","","",""
"started","EdoL7HmFnmy82L6hCst5YYjj1TvJ3bSGwCA8Kp3UwG1A","","","","","","","","","","","","","","","","","","","","","0.000002292","","","","","","2026-07-04T20:57:28.137Z",""
"revenge","4nVEUPvvt6ypPMN9oi18kULAMxQKpJGuE2EjDKpnpump","","","","","","","","","","","","","","","","","","","","","0.000002049","","","","","","2026-07-04T20:57:29.146Z",""
"revenge","F9jJ4znS7UevJTd6oC89rv2L4SYuRznjo6QZ59pRpump","","","","","","","","","","","","","","","","","","","","","0.000001339","","","","","","2026-07-04T20:58:25.149Z",""
"revenge","BPP3vMXFmfJWajVA875Wgt5RcXLxzM8arBNBAAYLpump","","","","","","","","","","","","","","","","","","","","","0.0000033","","","","","","2026-07-04T20:58:26.222Z",""
"HAMSEEM","5T8AJNpeZqe42Ng28HPeUospn3CLyTcPnekvgkZcpump","71","3","","","","","","","","","","","","","0.000002351","","","","","","","2026-07-04T20:58:27.195Z","","","","","",""
"revenge","EKUSy4rwHr95h595WYnGMeuKqiWdDB8oJVXcNkQ3pump","","","","","","","","","","","","","","","","","","","","","0.000002464","","","","","","2026-07-04T20:59:24.212Z",""
"revenge","BChMna3hp6gsjCBGUYSz7F6ZnuFTdcwMtKT2ZQ9Fpump","","","","","","","","","","","","","","","","","","","","","0.000001023","","","","","","2026-07-04T20:59:25.256Z",""
"감자","HEyNaxva3Aqo4a3oCykQEC7WzrrKCnmo86bv83Gapump","","","","","","","","","","","","","","","","","","","","","6.342e-8","","","","","","2026-07-04T21:00:25.177Z",""
"revenge","HCPy47EwYERD8dqCqu612p3S9hVEp1a5XHYaYb8Gpump","","","","","","","","","","","","","","","","","","","","","9.977e-7","","","","","","2026-07-04T21:00:26.445Z",""
"revenge","9dW7i5MbkJCK9wwqk8w5n4XxM7N9P3PLRv7mwUAApump","","","","","","","","","","","","","","","","","","","","","0.00000146","","","","","","2026-07-04T21:00:26.699Z",""
"humble","9h3oqTkPtv4TWUVMgf5mrkfgWaprtTTGtQBnXBvTpump","79","5","","","","","","","","","","","","","0.000008474","","","","","","","2026-07-04T21:01:25.196Z","","","","","",""
"TAUROSRIDE","AAfSqEkwPNBbQTSJUYbGbxYTicwMAcpAe5r64LFypump","84","6.913580245","","","","","","","","","","","","","0.000007586","","","","","","","2026-07-04T21:01:26.179Z","","","","","",""
"revenge","A1UKmCyuc8pCWXsLifWgUTded2M6Hwe9GwiyWg8Rpump","86","23.703703701","","","","","","","","","","","","","0.00001165","","","","","","","2026-07-04T21:01:27.285Z","","","","","",""
"revenge","GL5KLSgHQ2tWfXW1eshPuHgWbWgz8RFQgsE7UKPdpump","","","","","","","","","","","","","","","","","","","","","3.895e-7","","","","","","2026-07-04T21:02:25.146Z",""
"FLOOR796","E8qocLxcpvMtBoLSH3Qfq6GfVsHX9E4hdyDhVnUhpump","81","5.925925924","","","","","","","","","","","","","0.00001531","","","","","","","2026-07-04T21:03:24.145Z","","","","","",""
"revenge","H142shdEvbpvbJ148YdwwdcjS2rA7CLhRQo31yu8pump","","","","","","","","","","","","","","","","","","","","","0.000004094","","","","","","2026-07-04T21:03:25.142Z",""
"revenge","33nDD6qTqdN8n3xMtgU4UN3ooV8eVwJYroQxdBwQpump","","","","","","","","","","","","","","","","","","","","","0.000001557","","","","","","2026-07-04T21:04:24.186Z",""
"revenge","7ou8BjV4z6skpxEPvzGpKSg1L1iDsCArz1PCAGVapump","","","","","","","","","","","","","","","","","","","","","0.000001642","","","","","","2026-07-04T21:04:25.153Z",""
"revenge","EFMsD8rMYDg2x37yfXYUbsux673PD3RgkDG2N7Wypump","","","","","","","","","","","","","","","","","","","","","4.701e-7","","","","","","2026-07-04T21:05:25.127Z",""
"revenge","9YMpj6UNvMKaHQteBos6NsDhNqdegXRa79p23LPNpump","","","","","","","","","","","","","","","","","","","","","0.000001431","","","","","","2026-07-04T21:05:26.197Z",""
"revenge","EPT1HPqqBZnmPLBxUsvBdqBDdj8esm71ppcBicnMpump","","","","","","","","","","","","","","","","","","","","","0.000001356","","","","","","2026-07-04T21:05:27.151Z",""
"revenge","DquDcFJnDxhJQq9uoEoJyKFhzjj8cGKYPk6zi6aZpump","","","","","","","","","","","","","","","","","","","","","0.000001133","","","","","","2026-07-04T21:06:25.135Z",""
"revenge","ST8Ax71RQxrnQgerZuqCNVGnDD49yapiffgs1yxpump","","","","","","","","","","","","","","","","","","","","","8.379e-7","","","","","","2026-07-04T21:06:26.204Z",""
"BULLRUN","7juX77z9GgkGQdRQ3JUxG1Hh4YvXyFeQ6pkW1CpUpump","71","3.083247688","","","","","","","","","","","","","0.000002595","","","","","","","2026-07-04T21:06:27.191Z","","","","","",""
"revenge","GcLZTqSaBi3ahYnXAbkuU7qQ5XqMbsXrRqQympyJpump","","","","","","","","","","","","","","","","","","","","","0.000001113","","","","","","2026-07-04T21:07:26.151Z",""
"Fableform","89wkbSGB8XNab4ZoN84Gfb6J13TDc5wSrTpTM71Tpump","83","6.872852234","","","","","","","","","","","","","0.000003157","","","","","","","2026-07-04T21:07:27.184Z","","","","","",""
"revenge","6KgpiwC67n2CKKUnXfDVxzYE3yNfs1uoSmcwzpGRpump","","","","","","","","","","","","","","","","","","","","","0.00000178","","","","","","2026-07-04T21:07:29.131Z",""
"revenge","6eWMkEF8NzYYJgk7Y3tkGR8iAHf7Qv8R7GVLBfScpump","","","","","","","","","","","","","","","","","","","","","0.000002056","","","","","","2026-07-04T21:08:26.146Z",""
"LASO","5xsi7ovrGYABx8E7voyGk9e2A81oE6GbweWeajhUpump","79","4.875406284","","","","","","","","","","","","","0.000002291","","","","","","","2026-07-04T21:08:27.130Z","","","","","",""
"revenge","3hBVrR86FTHhsTYw7hS6zkFTQ9X3kfVqxbDvKozgpump","","","","","","","","","","","","","","","","","","","","","5.525e-7","","","","","","2026-07-04T21:08:28.153Z",""
"Insider","9v4ARNJrvS8jXeipXH7r48hYHNzvFKrAEApeU3Topump","72","6","","","","","","","","","","","","","0.000002309","","","","","","","2026-07-04T21:08:29.132Z","","","","","",""
"revenge","44ASico9UfttQWPfUgD8t331arDwbKeVUnNQUwMkpump","","","","","","","","","","","","","","","","","","","","","6.266e-7","","","","","","2026-07-04T21:09:25.136Z",""
"revenge","5gahuofJ2xWBLL8Amo1vveecfkpJNx9TmUmjR2L2pump","","","","","","","","","","","","","","","","","","","","","0.000001197","","","","","","2026-07-04T21:10:23.285Z",""
"Fableform","BnNPrCEeu4KRGrKVjoQaqPQbBQHRCGDPmJothaJbpump","83","6.872852234","","","","","","","","","","","","","0.000003391","","","","","","","2026-07-04T21:12:26.154Z","","","","","",""
"revenge","EHLBumorycqxA4ME5eTMJp3x8J6JUGpWhsDXC66Lpump","","","","","","","","","","","","","","","","","","","","","0.000001433","","","","","","2026-07-04T21:12:28.137Z",""
"revenge","9dcNfzQVR4mspaZ5TvvMXnTyExqc1o6DP1vM1rwZpump","","","","","","","","","","","","","","","","","","","","","0.00000166","","","","","","2026-07-04T21:12:29.143Z",""
"KINOKO","2eUxvtu7Hj3BXBRXxhGMPk9ZVqqvqVY3osbhuFsKpump","72","5","","","","","","","","","","","","","0.000002341","","","","","","","2026-07-04T21:13:24.130Z","","","","","",""
"revenge","8jiNUTcgo7gAmSUPi7Gmjo6xFGjr52nj6AynmPeypump","","","","","","","","","","","","","","","","","","","","","0.000001667","","","","","","2026-07-04T21:14:23.150Z",""
"revenge","HQB4zpoMJRXH5tQf7sJJJ7h5dPBCixfSJPpB9jcrpump","","","","","","","","","","","","","","","","","","","","","0.000002873","","","","","","2026-07-04T21:15:25.166Z",""
"BRICKS","sPXAsL1wYAfB73QSLtG42aguUEFrN9ojLdegvwepump","72","5","","","","","","","","","","","","","0.000003738","","","","","","","2026-07-04T21:15:26.149Z","","","","","",""
"revenge","6gvYs5UjLN4gYECLe4f9MZ1KQcuehJR9hFHzDEi9pump","","","","","","","","","","","","","","","","","","","","","0.00000189","","","","","","2026-07-04T21:15:27.136Z",""
"WIZZ","wizzjahGU5qVA6mVUfxK6E2gLHiKnc2tM2RGbhpnuPf","71","3.083247688","","","","","","","","","","","","","0.000002363","","","","","","","2026-07-04T21:16:26.149Z","","","","","",""
"revenge","JACX8Mf87neRt3GMTeXxXcXsgevJkdbhKcrRD3FSpump","","","","","","","","","","","","","","","","","","","","","5.325e-7","","","","","","2026-07-04T21:16:27.142Z",""
"Onboard","CNrEpTX3d8CdWLocmh65oX8TJFMCn5Vt5RmBRxNXpump","76","4","","","","","","","","","","","","","0.000002293","","","","","","","2026-07-04T21:16:28.251Z","","","","","",""
"Cumlet","987JcWmmMEDmpZrXm9U5iTQE2Tw2udLDjddsDasYpump","98","0.049375009","","","","","","","","","","","","","0.00001229","","","","","","","2026-07-04T21:16:29.178Z","","","","","",""
"FUND","8iWqPXsPW9rjPBrBmTECBUKAaSw3ksYbpqp9DrdCpump","79","4.938271603","","","","","","","","","","","","","0.000003123","","","","","","","2026-07-04T21:17:26.144Z","","","","","",""
"revenge","Cd1PkorDpYy7iW1o1JndSBzfi7onRkL3UmL3MGLQpump","","","","","","","","","","","","","","","","","","","","","0.000002117","","","","","","2026-07-04T21:17:27.122Z",""
"bugatti","5maXS1mWPRfPJ26gLtAZCaDDoKNGWP6ZabfXDUTTpump","79","4.938271603","","","","","","","","","","","","","0.000002335","","","","","","","2026-07-04T21:17:28.178Z","","","","","",""
"revenge","GoJu44kscR8SGobTuek4uyg7o2yqXF3pr7jcMW7apump","","","","","","","","","","","","","","","","","","","","","0.000001276","","","","","","2026-07-04T21:17:29.151Z",""
"$OGJANNY","27WSfECXbg6XW541krquPL7fcciFKTWyu1Dq5f6Gpump","71","3.088000001","","","","","","","","","","","","","0.000004574","","","","","","","2026-07-04T21:18:24.143Z","","","","","",""
"revenge","4x3pdvg6QboM6FBgUip39QCYi7ddfVt8n6wa2LBhpump","","","","","","","","","","","","","","","","","","","","","0.000002126","","","","","","2026-07-04T21:18:25.195Z",""
"BULLSCEND","Yq3BQzQSehNxpJHWpdWVARmTiqTaHt5aHcZTSFafoX8","","","","","","","","","","","","","","","","","","","","","0.000002401","","","","","","2026-07-04T21:19:26.128Z",""
"BullX","9HYRoJ4uzZij4KDVtT3EeUFmQwTx7ezT6vM8a1bkpump","70","3","","","","","","","","","","","","","0.000002294","","","","","","","2026-07-04T21:19:27.132Z","","","","","",""
"PUMP","ArjRh3Mr8D1MfzaRL9qRLmznditSQyXwCrMTBSaZpump","72","7","","","","","","","","","","","","","0.000002293","","","","","","","2026-07-04T21:19:28.325Z","","","","","",""
"ANSEM","E67cSv3xTSUg63kjZHED5qNAuzB63zpnuJeEFUZhpump","70","5","","","","","","","","","","","","","0.000002293","","","","","","","2026-07-04T21:19:29.164Z","","","","","",""
"revenge","5tefVgS9wWb2n4PsL1jrTy2JcbuCx7usRiwcxzxSpump","","","","","","","","","","","","","","","","","","","","","0.000001341","","","","","","2026-07-04T21:20:26.175Z",""
"Bull","Bcd6rBD5qHPd9e8eGrYuVYpqrvAgk32JewozGm3gpump","98","3","","","","","","","","","","","","","0.000006549","","","","","","","2026-07-04T21:20:27.163Z","","","","","",""
"mayham","FsrwNRSY8xxdPSc2qHtjbyzC5VPHCVysQS69hr9gpump","","","","","","","","","","","","","","","","","","","","","0.000001255","","","","","","2026-07-04T21:20:28.141Z",""
"revenge","F6ntcqTcUvjXZsZTfD2LS4Xnj9scb3mrj4rNK1SWpump","","","","","","","","","","","","","","","","","","","","","6.117e-7","","","","","","2026-07-04T21:20:29.165Z",""
"mayham","AfrTT91L7RBxM6nEXqwax2WgbJKMw7gKnBLRJsXqpump","","","","","","","","","","","","","","","","","","","","","0.000002331","","","","","","2026-07-04T21:21:24.189Z",""
"TORO","Co7aK285kaTJHbUboCDVniekoUJpoRyZCW8CpShUpump","68","3","","","","","","","","","","","","","0.000002298","","","","","","","2026-07-04T21:21:25.120Z","","","","","",""
"mayham","DtreTus4VA5vQYUo6ckHkzABn9BznrkJumHe6zDdpump","","","","","","","","","","","","","","","","","","","","","0.000002603","","","","","","2026-07-04T21:22:26.137Z",""
"revenge","ANLq7jpPRzJcQ6wuWHyiyfRcMKsKjfUBvAbH7Dp7pump","","","","","","","","","","","","","","","","","","","","","0.000001062","","","","","","2026-07-04T21:22:27.137Z",""
"mayham","CBzvmzTdxiUMy4XzQWNN1mX38tJ2toXXHpXeBYMYpump","93","20","","","","","","","","","","","","","0.000005248","","","","","","","2026-07-04T21:22:28.138Z","","","","","",""
"mayham","5yBzwAg3pQNz6ALpU91RTfbdZK9nH7aFw9YKbsyKpump","","","","","","","","","","","","","","","","","","","","","0.000003103","","","","","","2026-07-04T21:22:29.119Z",""
"mayham","G3Xf3T1na9mPWbfJdWweMKRU5AEYwDcHz7EiT2bLpump","","","","","","","","","","","","","","","","","","","","","0.000002478","","","","","","2026-07-04T21:23:26.152Z",""
"SoyToys","4bJfuxvFd1ZbewbADWkTfCSkktbWfUrGMmy3ArAupump","79","4.938271603","","","","","","","","","","","","","0.000003093","","","","","","","2026-07-04T21:23:27.175Z","","","","","",""
"mayham","CBia6ZbBEZS3DdZHZdxEqr5zTBhaUUhzZdBxgqsJpump","","","","","","","","","","","","","","","","","","","","","0.000001273","","","","","","2026-07-04T21:23:28.133Z",""
"BOFA","5Mbs2QmTkHaSLbDGqFZyLT27ZbXJ4hehSrHtjrjDpump","71","2.962962961","","","","","","","","","","","","","0.00000704","","","","","","","2026-07-04T21:23:29.140Z","","","","","",""
"mayham","A1oSLKQvSKYPtKfJYhqXjtAGNtUTp7syEGGgfm1mpump","","","","","","","","","","","","","","","","","","","","","0.000001989","","","","","","2026-07-04T21:24:26.191Z",""
"mayham","3VWtbfN8Qbb89sRhyaHtEG1weapaB33Qa5gK2cj5pump","","","","","","","","","","","","","","","","","","","","","0.000001094","","","","","","2026-07-04T21:24:27.135Z",""
"revenge","ErhnkHoYyurfjUs6xLSWubjifYR3yuBQE6d4wiMDpump","","","","","","","","","","","","","","","","","","","","","0.000001507","","","","","","2026-07-04T21:24:28.141Z",""
"mayham","3CohEbMkMc2cngXsbWYZsitBqwXbdChQvNu1HWVvpump","","","","","","","","","","","","","","","","","","","","","0.000002107","","","","","","2026-07-04T21:24:29.170Z",""
"mayham","Bgf9xaRQXoS7wtfe5jZN2E9MJJNz8NjReuBHzJNGpump","","","","","","","","","","","","","","","","","","","","","0.000003319","","","","","","2026-07-04T21:25:26.121Z",""
"Ameowica","8RCZyKXJMU7RgWgsf5szgGnUCR5d6YudMMRrujMopump","94","20.740740739","","","","","","","","","","","","","0.000007845","","","","","","","2026-07-04T21:25:27.137Z","","","","","",""
"revenge","2isFgENssNUKp6xW7NY2kjJJ1pAiuDpi9o7K59KNpump","","","","","","","","","","","","","","","","","","","","","0.000001684","","","","","","2026-07-04T21:25:28.151Z",""
"mayham","AhZTHYxaXrNKE656B1TuLQnmGmmgkdyydtsf1mS3pump","","","","","","","","","","","","","","","","","","","","","0.000001515","","","","","","2026-07-04T21:25:29.142Z",""
"mayham","5vtWJ9SVBhaJjKgjumXjY5kHNkk9vgnfUsvKzpFHpump","","","","","","","","","","","","","","","","","","","","","0.000001286","","","","","","2026-07-04T21:26:26.128Z",""
"mayham","4zRqQuCHut8rq7EKph1HjrGc2BUaBtUD3vZkxEGDpump","","","","","","","","","","","","","","","","","","","","","6.546e-7","","","","","","2026-07-04T21:26:27.190Z",""
"revenge","GMxRYEPBR2BpVLpjzM17dHLT6CvNaVenNWvis4nDpump","","","","","","","","","","","","","","","","","","","","","6.39e-7","","","","","","2026-07-04T21:26:28.151Z",""
"mayham","2oENw3oY2v81DQ2zi2d1mCUbC1MjqTDt7Nb1eAZbpump","","","","","","","","","","","","","","","","","","","","","9.754e-7","","","","","","2026-07-04T21:26:29.137Z",""
"revenge","GYxbeKBfAZQGoUYDaQjnaYyVaeEPrDCgsVNx3BCHpump","","","","","","","","","","","","","","","","","","","","","0.000003043","","","","","","2026-07-04T21:27:26.140Z",""
"Loom","4Lfuu8f31NeDQsPwj8QRmDAHhD8JJxTQtL1rw3YPpump","72","4.938271603","","","","","","","","","","","","","0.000002902","","","","","","","2026-07-04T21:27:27.132Z","","","","","",""
"BEBEOKII","CMfWqm7uhwExELdF5xehZ28nfCntMgmGKmpNbtD7pump","","","","","","","","","","","","","","","","","","","","","8.9e-7","","","","","","2026-07-04T21:27:28.141Z",""
"mayham","DUcGwQ2S118k5aobcrDm6Ab3ZsqAioprGR8Sy1Tnpump","","","","","","","","","","","","","","","","","","","","","0.000001021","","","","","","2026-07-04T21:27:29.231Z",""
"HANDSEM","8G9bzCbDwF1Fm9fuxU7ShrBbj1UWrFwY4fJoHr8hpump","","","","","","","","","","","","","","","","","","","","","0.000002301","","","","","","2026-07-04T21:28:25.137Z",""
"mayham","zvnjdz4L5uo7QKCCnncxnKrLHkQzS3pdZ3pEY5mpump","","","","","","","","","","","","","","","","","","","","","0.000001765","","","","","","2026-07-04T21:28:26.128Z",""
"mayham","FeK3HcBBEnhyHi5QyyFqzMWDEDu6rr1PTeuPJAtDpump","88","20","","","","","","","","","","","","","0.000003858","","","","","","","2026-07-04T21:28:27.144Z","","","","","",""
"mayham","EiskkxJjz2vv5WQu7MznikTmoLmvE2nUdXwmeGNBpump","","","","","","","","","","","","","","","","","","","","","0.000001348","","","","","","2026-07-04T21:29:26.188Z",""
"mayham","5FycPNwPfK5CrgMFXp4FaHVpLFhaHsy3xHwDhm5Kpump","","","","","","","","","","","","","","","","","","","","","0.000001371","","","","","","2026-07-04T21:29:27.163Z",""
"revenge","5MCpLfpigknLiT344CBMd24VjRgBCZ49VzhKD5A1pump","","","","","","","","","","","","","","","","","","","","","0.000001246","","","","","","2026-07-04T21:29:28.134Z",""
"mayham","9LUAPDEiuwD22JDGKHazr8y6CDd8VQGLohS4wqBpump","","","","","","","","","","","","","","","","","","","","","0.000001476","","","","","","2026-07-04T21:29:29.157Z",""
"onboard","ChabH6J61RPi8eYkRJkTAyU2LJoTvgGFxEicExBopump","85","7.901234566","","","","","","","","","","","","","0.00001546","","","","","","","2026-07-04T21:30:26.147Z","","","","","",""
"mayham","8qi691GXAvkCfFheHswKSv3sJGZDpFdY48SWqAgupump","87","20","","","","","","","","","","","","","0.000003848","","","","","","","2026-07-04T21:30:27.161Z","","","","","",""
"BEBEOKII","3YRACPLCkUm4AxXyZ1YmL2FtfiDUATEFDw52EyrRpump","","","","","","","","","","","","","","","","","","","","","0.000002288","","","","","","2026-07-04T21:30:28.144Z",""
"mayham","9oRagTUFrv7XLHzBvj76fhkr9WjRbUYf4RJFbcm5pump","","","","","","","","","","","","","","","","","","","","","0.000001931","","","","","","2026-07-04T21:30:29.137Z",""
"SoyToys","DtXgbiACtq4Vw1VF1Syyd9KqG2rVdegpmGY7aPjnpump","68","2.469135801","","","","","","","","","","","","","0.000002298","","","","","","","2026-07-04T21:31:26.128Z","","","","","",""
"mayham","DTber3KFaFmNRX3bK6hy3bGGjL2mjJtjZdYEyh2qpump","","","","","","","","","","","","","","","","","","","","","0.00000127","","","","","","2026-07-04T21:31:27.159Z",""
"mayham","2r7LkiHJACDwAQrhjUrR8WP1WsSe53kYzLAwK8pZpump","","","","","","","","","","","","","","","","","","","","","8.822e-7","","","","","","2026-07-04T21:31:28.175Z",""
"mayham","7kgwB9zmymVykLrNVfZ6DN8WG3h4RwnFUMq3ALhipump","","","","","","","","","","","","","","","","","","","","","9.412e-7","","","","","","2026-07-04T21:31:29.118Z",""
"SCREAMBER","7jwmHUggWodYjs91tBh8ZHr8WSJiXcfSLDMYeg4Tpump","83","6.5","","","","","","","","","","","","","0.000009951","","","","","","","2026-07-04T21:32:27.134Z","","","","","",""
"BULLBANK","946jEdd2LJx5PDpuKaXaJGERRwLwgQfCnxSdLeqRACaA","","","","","","","","","","","","","","","","","","","","","0.000002339","","","","","","2026-07-04T21:32:28.165Z",""
"mayham","3cnPJAe2byMUE1VVyVqrJymM1sQqdm9yPjepdqeapump","","","","","","","","","","","","","","","","","","","","","0.000001096","","","","","","2026-07-04T21:32:29.141Z",""
"mayham","GrLwKyjDf4ZQsAGQQSSjKChpio1MSCqpFkFHKvRxpump","","","","","","","","","","","","","","","","","","","","","0.00000154","","","","","","2026-07-04T21:33:25.155Z",""
"BEBEOKII","8xrrQdV7Nz3CGe82PTRon7JA9KKacLNYnadpoVfmpump","","","","","","","","","","","","","","","","","","","","","9.106e-7","","","","","","2026-07-04T21:33:26.151Z",""
"Grunkkkk","48SrtjgT9rJgtgFKD5SFZnLVj9ejsEMbmpQqnUZypump","71","3","","","","","","","","","","","","","0.000002405","","","","","","","2026-07-04T21:33:27.152Z","","","","","",""
"mayham","ArS5RF9a4uwx6iVr3ZFf2aWANSWVSWVng9yixkDrpump","","","","","","","","","","","","","","","","","","","","","0.000001532","","","","","","2026-07-04T21:34:26.193Z",""
"revenge","9p42giNWBPYoSMeaoSj2bzeQNSyB1yehL93Q9JFDpump","","","","","","","","","","","","","","","","","","","","","7.526e-7","","","","","","2026-07-04T21:34:27.142Z",""
"mayham","4kkrQUMqHbn3AoFxFFrzJMphHqUSouhteNvCK2dKpump","","","","","","","","","","","","","","","","","","","","","0.000001463","","","","","","2026-07-04T21:34:28.115Z",""
"mayham","9nPZ1fRJS4A2ZCZPaRfDVytugb76RpYF24id5uUMpump","","","","","","","","","","","","","","","","","","","","","0.000001058","","","","","","2026-07-04T21:34:29.130Z",""
"mayham","DvZNdYnNV9PRwpipb8b1wFD3n1dgQuVa3mxVesGspump","","","","","","","","","","","","","","","","","","","","","0.000001814","","","","","","2026-07-04T21:35:26.132Z",""
"GOYHEM","6FELaua3mLtJLLoZUWv6z7iu6PMEKo8EK3bUTankpump","78","9.876543208","","","","","","","","","","","","","0.000002801","","","","","","","2026-07-04T21:35:27.147Z","","","","","",""
"revenge","A5pt5WBSqhNGgVUea3V4krWbTmRaoBxe4dhM5RvYpump","","","","","","","","","","","","","","","","","","","","","0.000001812","","","","","","2026-07-04T21:35:28.171Z",""
"mayham","EJGSnG1UVd7Ty6hKoFtrqrPoSuedwSNhr17DMHjCpump","","","","","","","","","","","","","","","","","","","","","0.000001171","","","","","","2026-07-04T21:35:29.116Z",""
"DoubleU","p1Yv3DNhVdTExA1xN8jVj3Tq9iUrGx8Ky34iikbpump","75","5","","","","","","","","","","","","","0.000002325","","","","","","","2026-07-04T21:36:26.133Z","","","","","",""
"mayham","7mfbuMtdanF8JajxvD96ZhiupSvuBkWaEo5vUngjpump","85","20","","","","","","","","","","","","","0.000005026","","","","","","","2026-07-04T21:36:27.131Z","","","","","",""
"utilit","AicVovZ6JkYHcbYfqwD2YHBVL3Td77tAYJRBecpdpump","69","5","","","","","","","","","","","","","0.00001207","","","","","","","2026-07-04T21:36:28.118Z","","","","","",""
"ROGUE","8k4q5SyN7QUGAgayX3uwbHDbHrJKK6dvjAKpgtLkpump","70","2.864197529","","","","","","","","","","","","","0.000002401","","","","","","","2026-07-04T21:36:29.140Z","","","","","",""
"revenge","AvqcrvDW7V5jNnt4dvAzHrkvYGoRfpFqz4UfeUPtpump","","","","","","","","","","","","","","","","","","","","","8.48e-7","","","","","","2026-07-04T21:37:25.138Z",""
"revenge","6VzHcnbBrCzaEeAcMXWD4Hu1STRUQLf28H8hEs97pump","","","","","","","","","","","","","","","","","","","","","0.000001144","","","","","","2026-07-04T21:37:27.143Z",""
"utilit","6nYNK3NYGXT5kXuGge5X8zc9YsERo6ogA6j1VPexpump","","","","","","","","","","","","","","","","","","","","","0.00000247","","","","","","2026-07-04T21:37:28.136Z",""
"revenge","FZVdXuKZqS2wjmZ9cdCVb28Vj5eLZSaD1jUVaJLPpump","","","","","","","","","","","","","","","","","","","","","0.000001917","","","","","","2026-07-04T21:37:29.129Z",""
"YEET","5qLt7Mvg9Qj8yGXmqx7mGWAPC2mLCJssfQcx43aBpump","75","3.950617282","","","","","","","","","","","","","0.00001031","","","","","","","2026-07-04T21:38:25.142Z","","","","","",""
"WIZZ","BBvpwetavaRg8Ua3cm8h2BYtzjkuFMzijYzhH53apump","71","2.962962961","","","","","","","","","","","","","0.000002338","","","","","","","2026-07-04T21:38:26.113Z","","","","","",""
"FOOTSEM","9kgKCK2u7wbCYyedQwdRNPaDvvGYiBFyYLFk8vN5pump","72","4.938271603","","","","","","","","","","","","","0.000005092","","","","","","","2026-07-04T21:38:27.145Z","","","","","",""
"revenge","25Z3HUGwELAPcbA5cQMdUMYuDFVZDPGYQv2pQxEfpump","","","","","","","","","","","","","","","","","","","","","0.000001035","","","","","","2026-07-04T21:39:26.162Z",""
"revenge","8swnTf4uaRSQYhSRALWCNai7rmygnKM3YQjpWLbkpump","","","","","","","","","","","","","","","","","","","","","0.000001145","","","","","","2026-07-04T21:39:27.140Z",""
"HIJAB","5FbHoYVtBUPp14CMXBPdmfoNpWPhuMdn1g65tdvCpump","","","","","","","","","","","","","","","","","","","","","0.000001233","","","","","","2026-07-04T21:39:28.144Z",""
"revenge","H89CJMNZ6sWdcSVp8VdgF5aBQAMQpKCXVWBoqv9Bpump","","","","","","","","","","","","","","","","","","","","","0.000001174","","","","","","2026-07-04T21:39:29.147Z",""
"utilit","7L8Fp8ZY9NPismsjXM4aRKWNrXjQG1AwTsTwA94upump","78","15","","","","","","","","","","","","","0.00001604","","","","","","","2026-07-04T21:40:26.141Z","","","","","",""
"revenge","9w97beNoQF2ccinvcN9eHHBUAGshE6gzUY7ggkPKpump","","","","","","","","","","","","","","","","","","","","","7.8e-7","","","","","","2026-07-04T21:40:27.212Z",""
"utilit","2PjPdHAp3RjVtQuyUd1wpwKgL7GNPfYPeez8R9Supump","","","","","","","","","","","","","","","","","","","","","0.000001062","","","","","","2026-07-04T21:40:28.129Z",""
"SHILL","6Z6JoQMdGPwW7N9Sdt1KmBkuRP5zFQLKRvPoyZQSpump","73","3.456790121","","","","","","","","","","","","","0.000002295","","","","","","","2026-07-04T21:40:29.143Z","","","","","",""
"revenge","DJpvBwGSLMiN9BgUSm93SvYhCG15sLcBs9nsgiKipump","","","","","","","","","","","","","","","","","","","","","0.000001446","","","","","","2026-07-04T21:41:24.127Z",""
"EAGLE","51FJNnyxuiH77gVDfe32K7DxdoqNGgAiCtEsdVwsL169","","","","","","","","","","","","","","","","","","","","","0.000002296","","","","","","2026-07-04T21:41:25.152Z",""
"LIBERTY","3ZNxihpnkxuwdDJNuzdCk2pgdcmKa7NJS7Juw8KQpump","68","7","","","","","","","","","","","","","0.000002338","","","","","","","2026-07-04T21:42:26.116Z","","","","","",""
"TOLY","99CzJy2EuoU52NcY2ZqePEboYAqW8N8z8fLxLDtk8Z2b","","","","","","","","","","","","","","","","","","","","","0.000002441","","","","","","2026-07-04T21:42:27.197Z",""
"revenge","ENUhUsjS5oYRM6cF1Ukj4HkjSAcmQ6Y9iYy4zNRtpump","","","","","","","","","","","","","","","","","","","","","0.000002073","","","","","","2026-07-04T21:42:28.124Z",""
"revenge","9ktgwqcWGCuGu8JNQ4DTSP3Vkh2w6sxA6FFL5msrpump","","","","","","","","","","","","","","","","","","","","","0.000001326","","","","","","2026-07-04T21:42:29.130Z",""
"revenge","BsgwDnVsDpc9bgixt2CG1U4Tg7H5cui9Suwmzy2kpump","","","","","","","","","","","","","","","","","","","","","0.000001159","","","","","","2026-07-04T21:43:26.231Z",""
"utilit","68nY8yGo3pZY5HdtZ6pRQK8Q1DHGtbBXWyATaHYSpump","","","","","","","","","","","","","","","","","","","","","0.000001074","","","","","","2026-07-04T21:43:27.118Z",""
"revenge","6woRWaHzHCsPwuooxhFHkFA7iJviY5qSnEZzd8yKpump","","","","","","","","","","","","","","","","","","","","","0.000001239","","","","","","2026-07-04T21:43:28.152Z",""
"bul","4gJAUQ9dPnNcqume7Rqd4avxhsqMicjD1WyZ7Aybpump","72","5","","","","","","","","","","","","","0.00001446","","","","","","","2026-07-04T21:43:29.171Z","","","","","",""
"revenge","CRHYgoUaoJEkNFSB2kUFyub4bxknhGk1hWjoE28Rpump","","","","","","","","","","","","","","","","","","","","","7.431e-7","","","","","","2026-07-04T21:44:25.141Z",""
"ALONBULL","9rJMkdNcJA56McxmwSr2Jt8BF11ugtpQj1bf4HErpump","90","14.814814813","","","","","","","","","","","","","0.000008092","","","","","","","2026-07-04T21:44:26.165Z","","","","","",""
"utilit","39RttuURtMxofSsj4zEeWBFQuJgv3XmEqmS8Rd9Dpump","","","","","","","","","","","","","","","","","","","","","8.914e-7","","","","","","2026-07-04T21:44:27.115Z",""
"revenge","4vBi262MgGRiJrMkKo2wVfeKwMmPrCLkm3eakSBdpump","","","","","","","","","","","","","","","","","","","","","0.000003058","","","","","","2026-07-04T21:45:26.133Z",""
"utilit","ErAdbahvHbsyWdA7AdyNQDd5kd83FXztJjyfb6MCpump","","","","","","","","","","","","","","","","","","","","","0.000002293","","","","","","2026-07-04T21:45:27.174Z",""
"TOLY","6WNFSVodHBsdVddE2uXUk6X5MGT1mTEgcb5zr8pipump","","","","","","","","","","","","","","","","","","","","","1.224e-7","","","","","","2026-07-04T21:45:28.125Z",""
"revenge","Db5QdiTZV1eZ29ad6Ac3QQeJTXzXvLgxyCkaFcrBpump","","","","","","","","","","","","","","","","","","","","","0.000002017","","","","","","2026-07-04T21:45:29.127Z",""
"revenge","5hPm3Jc7LVGoxkLaP28eHCNFn1AkbLu3zog91qrppump","","","","","","","","","","","","","","","","","","","","","0.000002179","","","","","","2026-07-04T21:46:26.124Z",""
"revenge","C2PZwvJD2qH4KRTu4xsjPkuhWcQhLyRoNmLp9mtFpump","83","24.691358022","","","","","","","","","","","","","0.000005078","","","","","","","2026-07-04T21:46:27.185Z","","","","","",""
"revenge","A8wciAK6jErxQgzUDqDrifNs1W96mPSYp66z3cZMpump","","","","","","","","","","","","","","","","","","","","","0.000001578","","","","","","2026-07-04T21:46:28.132Z",""
"utilit","JkVMDPN7yLG3yRXzYmsemc7tQ13cMa97CXWCYqSpump","77","15","","","","","","","","","","","","","0.000003446","","","","","","","2026-07-04T21:46:29.157Z","","","","","",""
"revenge","FTmftC3RiJHBYZnFiTRwFmbUqdxAuX86yQ2BqQdypump","","","","","","","","","","","","","","","","","","","","","0.000001211","","","","","","2026-07-04T21:47:26.179Z",""
"revenge","Ym6vC9836FZvosticX8huX7DY8qQXQEffbEo6LNpump","","","","","","","","","","","","","","","","","","","","","0.000003687","","","","","","2026-07-04T21:47:28.139Z",""
"AIRDROP","TVxLBcU9cn3GnrQo9Fae5i2RX9e17cwU948Scvrpump","75","3.950617282","","","","","","","","","","","","","0.000004814","","","","","","","2026-07-04T21:47:29.130Z","","","","","",""
"revenge","2t8PLC4fH1KHUUj1NbXW6u6c3yvtH484qcg1paHPpump","","","","","","","","","","","","","","","","","","","","","0.000002627","","","","","","2026-07-04T21:48:26.118Z",""
"PUP","FbiNB5CWrx8J2YUkJh52MG1w7ZJCoP4xEXW4vCKTpump","71","2.962962961","","","","","","","","","","","","","0.000009347","","","","","","","2026-07-04T21:48:27.143Z","","","","","",""
"MEXBULL","AYGhRL1wEq6yR6w4QMaMou7DQmbUtqjsSodYCPGBpump","69","3.5","","","","","","","","","","","","","0.000002292","","","","","","","2026-07-04T21:48:28.126Z","","","","","",""
"revenge","HfXDoBqs3nw6m2mtJAK59Z53NhopysjbYdDKjzzkpump","","","","","","","","","","","","","","","","","","","","","0.000002627","","","","","","2026-07-04T21:48:29.139Z",""
"revenge","97rWKamJkjjephJoJHDZvJRDbEnLnPtKnHuqbLZWpump","","","","","","","","","","","","","","","","","","","","","0.000002308","","","","","","2026-07-04T21:49:24.129Z",""
"revenge","DaiwZXdjZueHJov4Y3boF75qd4FJWHjGsofc1JJ1pump","","","","","","","","","","","","","","","","","","","","","0.000001619","","","","","","2026-07-04T21:49:25.143Z",""
"revenge","7bVzmLivepyEMj3WVres97C1fGvNYnCQwBwALPabpump","","","","","","","","","","","","","","","","","","","","","0.000004419","","","","","","2026-07-04T21:50:24.129Z",""
"PENNY","8h47F7h7G9D5YrBmYVyvbfDDXtFi2ANFwEEh1rVMpump","79","4.880000001","","","","","","","","","","","","","0.00000312","","","","","","","2026-07-04T21:50:25.141Z","","","","","",""
"MPACCOUN","DqqRuUnb1RqdNkjZma5LJ7AXEf1GrCxwyPW7XwoNpump","","","","","","","","","","","","","","","","","","","","","4.627e-7","","","","","","2026-07-04T21:51:24.124Z",""
"MPACCOUN","591qrxzHGYRxcTGpDuTiYTe6fZZg15wDeaXLo9Lwpump","","","","","","","","","","","","","","","","","","","","","0.000001299","","","","","","2026-07-04T21:51:25.202Z",""
"BULLIFY","2i2mh242Vn9nmvwGKr8agb5oMqRmz9eGNWMmFMqbpump","98","57.000000001","","","","","","","","","","","","","0.00001932","","","","","","","2026-07-04T21:52:24.131Z","","","","","",""
"fmcl","9N6Y93mxTjttECmRmQFq9Aq735nDF7HyurXgHWqNpump","","","","","","","","","","","","","","","","","","","","","0.000001167","","","","","","2026-07-04T21:52:25.130Z",""
"MPACCOUN","DEggvuVweNhn8djrr6dK2KgVDM7pUAiWMk6wF8PLpump","","","","","","","","","","","","","","","","","","","","","0.000002291","","","","","","2026-07-04T21:53:26.172Z",""
"fmcl","FMJx5a8n25XSeJQX2MYd7PsTXTUvoUH4GCQ9myDQpump","","","","","","","","","","","","","","","","","","","","","0.000001356","","","","","","2026-07-04T21:53:27.155Z",""
"cat","GGN4zJq1kq1u1bwQbQh8iYXcbywAt2nk3rh65ZXSpump","75","3.950617282","","","","","","","","","","","","","0.000006261","","","","","","","2026-07-04T21:53:28.223Z","","","","","",""
"fmcl","6VrbbxRhZdHqRr5uGQxzrANgVrSz2UrpJKC63wnJpump","","","","","","","","","","","","","","","","","","","","","0.000001596","","","","","","2026-07-04T21:53:29.108Z",""
"last","E3UYBjByQYGWDF5N2tUqifh6vSWRWmiCL4gp6e6Apump","","","","","","","","","","","","","","","","","","","","","0.000001116","","","","","","2026-07-04T21:54:26.118Z",""
"fmcl","C3Q2mSa2U3APKh2BgQfySWuRHunR6iHMTjzqmKdQpump","","","","","","","","","","","","","","","","","","","","","0.000001736","","","","","","2026-07-04T21:54:27.146Z",""
"revenge","3axpKPQnM3KZLSPjpF5k4hfm3u3b7pxvqBRixvGgpump","","","","","","","","","","","","","","","","","","","","","6.074e-7","","","","","","2026-07-04T21:54:28.127Z",""
"revenge","4h1R2FPc7zk4njcrCtfyCqt5NeFpJvC9iY21XrP4pump","","","","","","","","","","","","","","","","","","","","","7.943e-7","","","","","","2026-07-04T21:54:29.214Z",""
"revenge","GSage98A71HeQcDYeyr5q36MDeA9yYXa1EGJ2tWTpump","","","","","","","","","","","","","","","","","","","","","8.568e-7","","","","","","2026-07-04T21:55:27.124Z",""
"revenge","EXgDkqshxs682QfmiXdxWGBT1Qu5V7vRNc7odpZUpump","","","","","","","","","","","","","","","","","","","","","0.000004333","","","","","","2026-07-04T21:55:28.121Z",""
"MPACCOUN","tPr83toXtngEcFurqvq99AqNEamcBWC7R1Bneoapump","","","","","","","","","","","","","","","","","","","","","0.000001928","","","","","","2026-07-04T21:55:29.132Z",""
"MPACCOUN","7xv34z8ZVwo36jjEHVqBrFRQU5tS7ktJcC2LvTKQpump","75","15","","","","","","","","","","","","","0.000003807","","","","","","","2026-07-04T21:56:26.170Z","","","","","",""
"revenge","9iBpsxQ6uHUKoNB37N8CzmSFdxy4FGk1Xz8XbEy8pump","","","","","","","","","","","","","","","","","","","","","0.000001216","","","","","","2026-07-04T21:56:27.134Z",""
"revenge","AqkXowfbgfY5gqduphC6QCzEd3CtnotcHAdJppLypump","","","","","","","","","","","","","","","","","","","","","0.000002439","","","","","","2026-07-04T21:56:28.131Z",""
"FCUK","9xrVts4xVnbkRzF6Z46LgGAhnqLSF5LNLD8sX9tKpump","80","5","","","","","","","","","","","","","0.000002329","","","","","","","2026-07-04T21:56:29.124Z","","","","","",""
"revenge","H6WgjRkufw8t44eTHeoai1kVm2fcDT6y2SoSVHvSpump","","","","","","","","","","","","","","","","","","","","","0.000001769","","","","","","2026-07-04T21:57:26.152Z",""
"revenge","AS18e1MekUth42JviMibLL6onJaL7FYWDyfgzeFCpump","83","24.691358022","","","","","","","","","","","","","0.000005243","","","","","","","2026-07-04T21:57:27.141Z","","","","","",""
"MPACCOUN","FewpPTiVTSjG4zYrpiXT1ry4gXGxNMqbuyzzJkH3pump","75","15","","","","","","","","","","","","","0.000005463","","","","","","","2026-07-04T21:57:28.105Z","","","","","",""
"MPACCOUN","GBun6UF2paZu2grgzKh38sLhdTz2U73urWaarLDopump","","","","","","","","","","","","","","","","","","","","","0.000001811","","","","","","2026-07-04T21:57:29.122Z",""
"revenge","FQT3GZSrC9zft92St74z7jsTNr84sxRkoWYZkkbwpump","","","","","","","","","","","","","","","","","","","","","0.000002381","","","","","","2026-07-04T21:58:25.128Z",""
"MPACCOUN","5JY5W4KKLmGGUGt4c3XToxx1qAJwN1eh9nqEN9oepump","","","","","","","","","","","","","","","","","","","","","5.285e-7","","","","","","2026-07-04T21:58:26.126Z",""
"revenge","DPAnpptkrVsWSmfZ2rTwJvjBe6V9qVMchVBxkX2dpump","","","","","","","","","","","","","","","","","","","","","0.000001176","","","","","","2026-07-04T21:58:27.143Z",""
"revenge","GM7smtEnr5pwiA6EUpecehXRkD2uC3u4dqFAtzBLpump","","","","","","","","","","","","","","","","","","","","","0.000002331","","","","","","2026-07-04T21:59:23.119Z",""
"semlet","8t5uKRMvbF835STrDJee4kisix72YmYgfYonMTQspump","","","","","","","","","","","","","","","","","","","","","0.000002309","","","","","","2026-07-04T22:00:26.182Z",""
"revenge","EGWCw6NQ2ZNqgpSC7ouvnpTdAkC2BFGvbAU9AfBZpump","","","","","","","","","","","","","","","","","","","","","0.000002308","","","","","","2026-07-04T22:00:27.177Z",""
"revenge","2X2fQtKSyXLFrf4kov47S5Ackm5f4X7k3zhcPyqQpump","","","","","","","","","","","","","","","","","","","","","0.000001662","","","","","","2026-07-04T22:00:28.155Z",""
"TRUMP","2EifeSoe9idtvudRPa175e6Kir9stw2a7dCwHyiypump","","","","","","","","","","","","","","","","","","","","","8.394e-7","","","","","","2026-07-04T22:00:29.109Z",""
"revenge","8fZQ756qyeJrdgiJ2oxr9UggwrLBLiotuxcqVZQMpump","","","","","","","","","","","","","","","","","","","","","2.973e-7","","","","","","2026-07-04T22:01:24.905Z",""
"TRUMP","Dr2fTmQDBxJgLTrutDoNhDQvANVB9hbvnHD8YkyVpump","","","","","","","","","","","","","","","","","","","","","4.91e-7","","","","","","2026-07-04T22:01:26.104Z",""
"revenge","2jFREdBe1CYzKsQAHJLcuK1qFwtM1X4LQdj18gsUpump","","","","","","","","","","","","","","","","","","","","","4.775e-7","","","","","","2026-07-04T22:01:27.141Z",""
"revenge","DomosqhKJKyiyHQmpxrwB76inLoBjBo2CuREbsvCpump","","","","","","","","","","","","","","","","","","","","","2.79e-7","","","","","","2026-07-04T22:02:25.172Z",""
"semlet","HK5t59uj3YFNMK9YpFfStS2j3ZiA77JxHHXrfE3Vpump","93","17.876543208","","","","","","","","","","","","","0.00002301","","","","","","","2026-07-04T22:02:26.105Z","","","","","",""
"revenge","3zd7g4ASbUtFF1JigXrRuXHxVgdVYLV3J4wsxoUwpump","","","","","","","","","","","","","","","","","","","","","8.559e-7","","","","","","2026-07-04T22:02:27.127Z",""
"TFD","GMcnjXWpuEWoVugjWH3RYNhxYqnePBV2u1sxZDDBpump","70","4.938271603","","","","","","","","","","","","","0.0000024","","","","","","","2026-07-04T22:02:28.118Z","","","","","",""
"revenge","6xiS2VhuTjcws9LDvfNvaMXnpT3sfRGyQa3hbrsSpump","","","","","","","","","","","","","","","","","","","","","0.00000148","","","","","","2026-07-04T22:03:26.117Z",""
"revenge","2tDyoPBws1fcG2o74A2n9MNkY9mc5jPGtNovhRkYpump","","","","","","","","","","","","","","","","","","","","","0.000001162","","","","","","2026-07-04T22:03:27.219Z",""
"DDT","HrrjmY8AH5Uuewajfv199K7UGYK2H57sHrBQGaCY3wvs","71","2.962962961","","","","","","","","","","","","","0.000002291","","","","","","","2026-07-04T22:03:28.107Z","","","","","",""
"revenge","8aTJza3gCTjk4VpdJsQapTnETX6B3Ri48FCKVovVpump","","","","","","","","","","","","","","","","","","","","","0.000001542","","","","","","2026-07-04T22:03:29.268Z",""
"FLEXAI","FRTzkDNVSA9h8Zju3wNdE8TukPs2tFyEU6hSC4cGpump","88","9.876543208","","","","","","","","","","","","","0.000004409","","","","","","","2026-07-04T22:04:23.190Z","","","","","",""
"revenge","2HMXYUp375BTin4PCzi74RaVekPkRfiLSmrQaqqPpump","","","","","","","","","","","","","","","","","","","","","6.827e-7","","","","","","2026-07-04T22:05:23.187Z",""
"SKIBWHALE","84bgnrGtgWemAZSST7R52XhbrHPziAELiMSvzXsuAxmN","","","","","","","","","","","","","","","","","","","","","4.492e-7","","","","","","2026-07-04T22:07:26.113Z",""
"NUR","8oYncHSbnkqyY63G6kfrfFkoxcTa3MW7UBRJu6A7pump","71","2.962962961","","","","","","","","","","","","","0.000007255","","","","","","","2026-07-04T22:07:27.140Z","","","","","",""
"TOLY","9kpGJ98JjYN2DmG8sZuFUJnBQDmp7o2gyu6gPZkspump","79","4.938271603","","","","","","","","","","","","","0.000003247","","","","","","","2026-07-04T22:07:28.958Z","","","","","",""
"babybitc","9HtB4wjyUCH3vDS3VBKynanxHE2AmKJ1Zq8RSYPupump","","","","","","","","","","","","","","","","","","","","","9.23e-7","","","","","","2026-07-04T22:07:29.297Z",""
"revenge","76e5ySnZAngNqy1zptG7cfjoFSh6EBaQUEK7xB99pump","","","","","","","","","","","","","","","","","","","","","9.462e-7","","","","","","2026-07-04T22:08:25.123Z",""
"revenge","SWwZu1iL7A3iyNEKP7jq9t57RoGF7rYmD2PxqNDpump","","","","","","","","","","","","","","","","","","","","","0.000003018","","","","","","2026-07-04T22:08:26.162Z",""
"MELO","7N1UiE1bGqFwENNJMM9bSRAmz8sdX9b6u8LvK2uRpump","71","3.950617282","","","","","","","","","","","","","0.000003178","","","","","","","2026-07-04T22:08:27.110Z","","","","","",""
"revenge","EEy6XRiJnuq6VoS2Hz4HALtvfaNsohczDDLd35nzpump","","","","","","","","","","","","","","","","","","","","","4.614e-7","","","","","","2026-07-04T22:09:24.119Z",""
"revenge","EP2WzGFrnJqtnHKgQ8K62wiCgcp1isENmrxBu9xipump","","","","","","","","","","","","","","","","","","","","","8.39e-7","","","","","","2026-07-04T22:09:25.126Z",""
"fireworks","HC2MhLrxPGm7We6gh4BGN8pWMHL1ha332wkmdpNDpump","","","","","","","","","","","","","","","","","","","","","0.00000119","","","","","","2026-07-04T22:13:25.126Z",""
"DITCOIN","wgQxp3E5p5QhLLuWU7j3javPwu64TRcFBTCemLVpump","71","3.083247688","","","","","","","","","","","","","0.000002322","","","","","","","2026-07-04T22:13:26.113Z","","","","","",""
"감자","FAvrMNdmbG3mpVg41tPYVVgpFi9uM4icComUbgzUpump","","","","","","","","","","","","","","","","","","","","","4.406e-7","","","","","","2026-07-04T22:13:27.124Z",""
"CRACKSEM","FRnFAcibHSY9L1EsiMYzknAf7nYN1RFuf1SF8eHqpump","","","","","","","","","","","","","","","","","","","","","0.000002301","","","","","","2026-07-04T22:14:23.123Z",""
"hamilton","HcayZERxvtSmGLKZxavVAfGmSipGjiAFmc4gzmrRpump","79","5","","","","","","","","","","","","","0.000002332","","","","","","","2026-07-04T22:17:23.211Z","","","","","",""
"B","6A5HCGho7iU17JsxDj7mN3cCKdRvHCXSFcf6GXKEpump","71","2.962962961","","","","","","","","","","","","","0.000002396","","","","","","","2026-07-04T22:18:24.087Z","","","","","",""
"MELO","DycCTVDu2SmLSuZC9dR6qNHdBSV443GMv83n6c59pump","75","5.925925924","","","","","","","","","","","","","0.000003855","","","","","","","2026-07-04T22:18:25.118Z","","","","","",""
"ALON","GzXD5Z5cY8dW4ZfeUML5XiAuTCft33ULhCVoVQDupump","","","","","","","","","","","","","","","","","","","","","5.831e-7","","","","","","2026-07-04T22:21:23.129Z",""
"BWULL","9hwzWfcx8ZF2f4Duk8Yoe7ta2PZqYeAoV6USHpEwpump","71","3.130000001","","","","","","","","","","","","","0.000004631","","","","","","","2026-07-04T22:22:23.149Z","","","","","",""
"sydlined","Bc1L17SJ1qtWjpu8H9yQK8gZdwcj49UP8Bp2LZsxpump","68","0.098765431","","","","","","","","","","","","","0.00000275","","","","","","","2026-07-04T22:23:24.467Z","","","","","",""
"BULLCAT","3w5cTRYpSheTKJ5csaB7wMAsvqJV7KxG6q9jh1cCpump","68","2.469135801","","","","","","","","","","","","","0.000002289","","","","","","","2026-07-04T22:23:24.743Z","","","","","",""
"HAKO","HV258NVCacv2evDCGhkSmxXa9hhHxigNNQg7ZXMDpump","91","0.98765432","","","","","","","","","","","","","0.000004696","","","","","","","2026-07-04T22:24:23.116Z","","","","","",""
"HAKOBULL","EbyjLs2QwiPfMawm6Mr6zsZanJksbg1zh8qyF25npump","","","","","","","","","","","","","","","","","","","","","1.041e-7","","","","","","2026-07-04T22:25:24.556Z",""
"Wizaria","4hm5ecw2Quj4vWwqKnN7P9Aa9opXiALBtr2QnEMJpump","76","7.000000001","","","","","","","","","","","","","0.00000349","","","","","","","2026-07-04T22:25:25.277Z","","","","","",""
"Nigga","2e1CZFBX9fWvagDymuDhKqTqKAg4GuyxTM2vdH86pump","","","","","","","","","","","","","","","","","","","","","0.000002312","","","","","","2026-07-04T22:25:26.122Z",""
"ANSEM","CpYb1tvyrVZHDAP74hKGNjvTmhjGDVHP7gsBGBsVpump","75","3.950617282","","","","","","","","","","","","","0.000002344","","","","","","","2026-07-04T22:26:24.148Z","","","","","",""
"VIBE","EXFkDvCPHUahWj9yVxX9MRVAcrcqHHuWxLSEg1fypump","97","52.000000001","","","","","","","","","","","","","0.0000174","","","","","","","2026-07-04T22:26:25.157Z","","","","","",""
"ANSEM","A1A9MjpeByV6Q3W1jfpif1dZZzumQCqBDM42goXWpump","75","3.950617282","","","","","","","","","","","","","0.000002301","","","","","","","2026-07-04T22:27:25.182Z","","","","","",""
"Bear","8ZGcTvMj55XMf59z7RKK5Xwc8NZ6EFkDb1HpsMcopump","71","2.962962961","","","","","","","","","","","","","0.00000277","","","","","","","2026-07-04T22:28:22.240Z","","","","","",""
"LOCKCOIN","9QRSeFELZrKV8je2ewwrnkHSziJznMBN5pXLy2zapump","82","6","","","","","","","","","","","","","0.000005128","","","","","","","2026-07-04T22:28:24.172Z","","","","","",""
"PNC","Ed2tuvYCAmwBrHFzpRF6hC1epxcLxtDtCZS5BbDWpump","70","2.864197529","","","","","","","","","","","","","0.000005622","","","","","","","2026-07-04T22:28:25.212Z","","","","","",""
"Crycat","H1kYbXsrzBteskBdEKvNrdTz4YoTTAN2hTsZfVeBpump","75","3.950617282","","","","","","","","","","","","","0.00001158","","","","","","","2026-07-04T22:29:25.105Z","","","","","",""
"Army","62QZgKjJFDfoiVjDTP6sPfG1ma8wPyxo3Lc3q2kQpump","71","2.962962961","","","","","","","","","","","","","0.000002529","","","","","","","2026-07-04T22:29:27.100Z","","","","","",""
"JYNX","3Rfwh7jFw1yAcw8a4kuSyhA1kPqdcofMCchsSM8Qpump","75","4.938271603","","","","","","","","","","","","","0.000004687","","","","","","","2026-07-04T22:30:23.006Z","","","","","",""
"mayhemmmm","8qutDeghxkSrHZAZTZwZoZr4gZY2GbXHNnQRXzjApump","","","","","","","","","","","","","","","","","","","","","9.207e-8","","","","","","2026-07-04T22:31:24.236Z",""
"ANSEM","6RsJsPiTjQgwUYcNo43DCbPJoWacuvFrRyQPco9opump","72","3.160493826","","","","","","","","","","","","","0.00001224","","","","","","","2026-07-04T22:32:23.096Z","","","","","",""
"PocketPull","F6wF1jjkANdo9hHuFFVNMLKRGmSBH7jXXDFo7Wrrpump","71","3.083247687","","","","","","","","","","","","","0.000004812","","","","","","","2026-07-04T22:33:23.101Z","","","","","",""
"WIZZ","DZkYeQmFTptjF7jsWhdYBmPK4GY5wShBLUwoY14kpump","75","7.000000001","","","","","","","","","","","","","0.000003674","","","","","","","2026-07-04T22:34:28.115Z","","","","","",""
"AIRDROP","C3dXcEVesqdcHsxdRKt6aAH92mCZrz7rc2TUAs24pump","73","3.456790121","","","","","","","","","","","","","0.000002329","","","","","","","2026-07-04T22:34:29.198Z","","","","","",""
"TREY","Etp7g5ymmwPk67TUC97257jQMcgrrWEBy6xesg4ipump","90","3","","","","","","","","","","","","","0.000002333","","","","","","","2026-07-04T22:35:23.250Z","","","","","",""
"AnsemMay","65kbKgXD2B5tYxKbL2A5VYEr9iVWueBfvCWCVyaBpump","","","","","","","","","","","","","","","","","","","","","1.05e-7","","","","","","2026-07-04T22:36:24.131Z",""
"ALON","8MUNFZ9ubzfFtiqzUsgwX1iHMb3Q1CA532FvWpVVpump","71","2.962962961","","","","","","","","","","","","","0.000003157","","","","","","","2026-07-04T22:36:25.125Z","","","","","",""
"RAHHHHH","BiLwK5qTK8PwafNvAArT4SExJYpYfgJSNmJA3Kkdpump","71","2.962962961","","","","","","","","","","","","","0.000002395","","","","","","","2026-07-04T22:37:25.101Z","","","","","",""
"B","4mjjzGcu6EbC7tomNovWe5mYgDEkm7yaG6TukJ7kpump","71","2.962962961","","","","","","","","","","","","","0.000002396","","","","","","","2026-07-04T22:38:26.114Z","","","","","",""
"COPE","3hjSrugBYa9U4oufvKG5Wj7JBnk6Wpcmfvgfr9RApump","91","13.827160492","","","","","","","","","","","","","0.000004238","","","","","","","2026-07-04T22:38:27.152Z","","","","","",""
"RAHHHHH","JB2BFPkn65yTWG3H3HwiXCUhu13o4dkFyAqDuZHTpump","71","2.962962961","","","","","","","","","","","","","0.0000027","","","","","","","2026-07-04T22:38:28.153Z","","","","","",""
"MAMBA","4spreRyYJMtftvHfEUhFMq3khc5nuAFFPTT7WGJYpump","97","3","","","","","","","","","","","","","0.000002557","","","","","","","2026-07-04T22:38:29.101Z","","","","","",""
"MAMBA","6iUwNtgnAQxmN5UT14cHe7VzwanJFv5rLM5iiHXEpump","71","3","","","","","","","","","","","","","0.000002289","","","","","","","2026-07-04T22:39:25.119Z","","","","","",""
"MAMBA","8Ec7xZiAbnX5sBcHR9cuneiWTaJ2Hg3CwsExUZ79pump","","","","","","","","","","","","","","","","","","","","","0.000002303","","","","","","2026-07-04T22:39:26.171Z",""
"MAMBA","BN7FHcq2HVs5NM9n3nQ6XUrLxRgAHSd2A9DNoziMpump","88","5","","","","","","","","","","","","","0.000002395","","","","","","","2026-07-04T22:39:27.108Z","","","","","",""
"snipurrr","7aRAsbebhq5zJGk2BtUu7RQyUWURonfAvp8mHb8wpump","80","6.913580245","","","","","","","","","","","","","0.000002395","","","","","","","2026-07-04T22:41:23.153Z","","","","","",""
"MAMBA","8md7w34UWKCu7XBeAtDbzohpxintfzimDU5vsZC725hC","","","","","","","","","","","","","","","","","","","","","0.000002322","","","","","","2026-07-04T22:42:26.094Z",""
"OTTA","FWFKJ44iUkidnQwnYE3q5w4BFV6h84NAXJZRgBZSpump","71","3.950617282","","","","","","","","","","","","","0.000002395","","","","","","","2026-07-04T22:42:27.099Z","","","","","",""
"kevin","BHBaHNnfob7KujGLbiR2Xtkr9FAJ9rDRMeV7hn1spump","78","6.913580245","","","","","","","","","","","","","0.000002311","","","","","","","2026-07-04T22:42:28.158Z","","","","","",""
"MAMBA","4FYSp3sS7t2WZ2tsgNuDyGAs9n2EC96Nu6awgr5PiL39","","","","","","","","","","","","","","","","","","","","","0.000002332","","","","","","2026-07-04T22:42:29.138Z",""
"eepy","yBgcodP3Z83vRVhi6qDikKksTp7WYpq1eVYqyXhpump","76","6.913580245","","","","","","","","","","","","","0.000002961","","","","","","","2026-07-04T22:43:23.157Z","","","","","",""
"8K","8deZy1PUXrgaQ99aJ2eeZhFNHvL6VUuCAS6hL5cypump","68","5.925925924","","","","","","","","","","","","","0.000002319","","","","","","","2026-07-04T22:44:25.107Z","","","","","",""
"ber","3MB25NHWG9S1RBo4nneyLD1fkAPm9ByPKRSgMcyvBber","76","4","","","","","","","","","","","","","0.000003497","","","","","","","2026-07-04T22:44:27.175Z","","","","","",""
"angy","7tSVLKhbLBrFgYDzfWJYHExJyT8ED1yGKFTWpe4Hpump","75","6.913580245","","","","","","","","","","","","","0.00000229","","","","","","","2026-07-04T22:45:26.101Z","","","","","",""
"MMNL€","73v1HFuxCzukZHfANSpLpMTMUxrCUttXnM4ZxwMMpump","71","2.000000001","","","","","","","","","","","","","0.000004829","","","","","","","2026-07-04T22:45:27.128Z","","","","","",""
"MAMBA","Db4njaiC6ADEmxkrdoJh36kXAcQ2uZbigH3r1yS5pump","75","5.925925924","","","","","","","","","","","","","0.000008063","","","","","","","2026-07-04T22:46:24.099Z","","","","","",""
"8K","5XD9DxKTwcLBHmeFptJ4kLW4DgftJWCE9mp6AgP7pump","71","2.962962961","","","","","","","","","","","","","0.000002288","","","","","","","2026-07-04T22:46:25.173Z","","","","","",""
"JOKO","2H95SJSZCjMSgVApVLMTUENbw1LSre6v5bZau43xpump","71","2.962962961","","","","","","","","","","","","","0.000004138","","","","","","","2026-07-04T22:49:23.180Z","","","","","",""
"RTN","B3hXupwYrnPqPMtBey1uyZLXj2gVKQvTw5qnubB3pump","79","4.875406284","","","","","","","","","","","","","0.000002293","","","","","","","2026-07-04T22:50:24.134Z","","","","","",""
"PEPEUS","Bm6V4LyDMKJ11qUPZGpLb3m499GmvR8fLpRJp7vtpump","71","2.962962961","","","","","","","","","","","","","0.000002935","","","","","","","2026-07-04T22:52:23.088Z","","","","","",""
"WSB","FFJDnj9yPyBjQJybCxXmHM9FTMPWBDrRxzHyPm2gpump","72","5.00001","","","","","","","","","","","","","0.000002331","","","","","","","2026-07-04T22:53:23.162Z","","","","","",""
"FLASH","DbyonQ3ScAz8AGPapmph5smogszCP9PuS1v16MD5pump","70","2.864197529","","","","","","","","","","","","","0.000006258","","","","","","","2026-07-04T22:54:23.143Z","","","","","",""
"Collapse ","DV6BYAXs8EJegXG2w6vbWgdU63pQ5kTu98MASqYmpump","71","2.962962961","","","","","","","","","","","","","0.000003022","","","","","","","2026-07-04T22:55:23.174Z","","","","","",""
"LOGURT","AF3Gr5hetnBfpEU4t2cDp3Wp36xKEUpbvKb9RZnupump","","","","","","","","","","","","","","","","","","","","","0.000002288","","","","","","2026-07-04T22:58:23.090Z",""
"froglet","8PDMkP2JNjL22GHzEL8W26rXcphpkWdrT5swYk4Tpump","68","2.567901233","","","","","","","","","","","","","0.000002289","","","","","","","2026-07-04T22:59:23.118Z","","","","","",""
"bul","FdjPQSxTuYUTgLktXKQ9p4aeYdYnis7Fc13uX39Zpump","70","2.9","","","","","","","","","","","","","0.000006089","","","","","","","2026-07-04T23:01:26.101Z","","","","","",""
"Cody","qYit1qoYmE6LNpbQSLcwuEWaycjLQ7qrwK5r9W4pump","96","3","","","","","","","","","","","","","0.000005405","","","","","","","2026-07-04T23:01:27.135Z","","","","","",""
"adwaita","5Feap3ivxRqoQgaij5pGTNYreSfRpvZ1pR2MXVxgpump","73","3.5","","","","","","","","","","","","","0.000002333","","","","","","","2026-07-04T23:01:28.098Z","","","","","",""
"TESTICLE","22iYVjUUbpu8M2zVP9bjaqCsioTPnanCKmQPS9X3pump","84","6.9125","","","","","","","","","","","","","0.00000338","","","","","","","2026-07-04T23:01:29.091Z","","","","","",""
"FIFA2026","BR4awWumngjDadqMtrtiYzaZvz9Uz1Hxk4eV792jpump","75","3.950617282","","","","","","","","","","","","","0.000002578","","","","","","","2026-07-04T23:02:24.267Z","","","","","",""
"Shitlings","AFxZqVyKoZT6fzE8yYvXmfNUTYdCnHkXpej1yjeApump","71","2.962962961","","","","","","","","","","","","","0.000002287","","","","","","","2026-07-04T23:02:25.133Z","","","","","",""
"$WITH","3dw3iwkz7Ae1dBShUjxVsBRYRNnrQaQ9iZqNULMXpump","71","4","","","","","","","","","","","","","0.000002287","","","","","","","2026-07-04T23:05:23.092Z","","","","","",""
"TATE","56viaVHaPpLGPPNwWfVDuhmsPRGv3oJSh2ZfuQY8pump","85","7.901234566","","","","","","","","","","","","","0.00000231","","","","","","","2026-07-04T23:06:23.095Z","","","","","",""
"WITH","9vxNziiD91Yr5uDzymepJPwLka5XBnhiemZKWAwDpump","69","6","","","","","","","","","","","","","0.000002289","","","","","","","2026-07-04T23:08:23.156Z","","","","","",""
"WITH","GAjFEXqEEEftXhVkwWifTozXS12XjcoZfw4sUC6spump","77","3","","","","","","","","","","","","","0.000002288","","","","","","","2026-07-04T23:09:25.107Z","","","","","",""
"Glizzy","J7sm6buhimgNfVPsnF7YU3ySh77DU8jkJ7nBq2gApump","79","5","","","","","","","","","","","","","0.000002292","","","","","","","2026-07-04T23:10:24.087Z","","","","","",""
"AWT","AoMSqzu5SqZNUuTYLe7RCoVZSMN9cx6ASqJqV7dspump","95","25.679012344","","","","","","","","","","","","","0.000008168","","","","","","","2026-07-04T23:10:25.096Z","","","","","",""
"Glizzy","5pPNZsNNS6GCMghq4h3WD6kU5Kn179nKc8Us7wJVpump","71","2.962962961","","","","","","","","","","","","","0.000002396","","","","","","","2026-07-04T23:11:23.101Z","","","","","",""
"POOL","CuJGLk7mqpJXk2NS8uSobT4bjZwciqoxEQxeoyX7pump","100","0.5","","","","","","","","","","","","","0.00000233","","","","","","","2026-07-04T23:12:23.103Z","","","","","",""
"hamilton","q9rCE5qT1u4qgZekQmyYZ754Vh9UJiB9gEqZuyupump","82","5","","","","","","","","","","","","","0.000002412","","","","","","","2026-07-04T23:13:26.082Z","","","","","",""
"JGS","2CHKWw2MgLBdqPTW5PMtAcuf8VW3wqWE98fYe23Ppump","71","2.962962961","","","","","","","","","","","","","0.000002299","","","","","","","2026-07-04T23:13:28.106Z","","","","","",""
"PL","BAmn7Ei28LgdW9rJ6rZVMuUm9jyBwGL21kb3ggDRis6D","","","","","","","","","","","","","","","","","","","","","2.862e-7","","","","","","2026-07-04T23:13:29.092Z",""
"LM","EwCNx1eGMb9vtz2xs3hJrpvZbKiZiGQxgKbiJPxvLeVo","","","","","","","","","","","","","","","","","","","","","6.057e-7","","","","","","2026-07-04T23:14:26.157Z",""
"beast","6BfEfP3wkf82fTrwSDkp6B9nUFHzLbfRCdCdLFChpump","71","2.962962961","","","","","","","","","","","","","0.000002913","","","","","","","2026-07-04T23:14:27.133Z","","","","","",""
"NAP","5FgkWyVQn1TT2rHaCMtr6yJN2eo84uWdQrRcLQCgpump","72","3.259259258","","","","","","","","","","","","","0.000003607","","","","","","","2026-07-04T23:14:28.088Z","","","","","",""
"PHNTM","65y2onkhCoD59TzRTLPHZcXghyNnUSTzQqtLfzSQpump","83","6.872852234","","","","","","","","","","","","","0.000003498","","","","","","","2026-07-04T23:16:26.080Z","","","","","",""
"Ramirez","4vQrZhxpRrAF8ti7rQYe9iQUCoDJqjBGRqx8RiF5pump","75","5","","","","","","","","","","","","","0.00000228","","","","","","","2026-07-04T23:16:27.139Z","","","","","",""
"Jarhead","3d1hv3xwEg8QLyRWRoXDEmGgfgoRttqhR3KTtqxMpump","79","5","","","","","","","","","","","","","0.000002386","","","","","","","2026-07-04T23:16:28.099Z","","","","","",""
"RICEGRAIN","GTzmfhPFP6jkC382BhuZfb9CjFCRafs5WGCov6XLpump","94","3","","","","","","","","","","","","","0.000002417","","","","","","","2026-07-04T23:16:29.099Z","","","","","",""
"rice","E8rytjrRaQJt3XEnHRpV83D6RcFqkZQdvCrJo53Hpump","97","3","","","","","","","","","","","","","0.000003164","","","","","","","2026-07-04T23:18:24.159Z","","","","","",""
"rice","ATQ9WrRjR7mTPr4e1xzQG7Mym2XscameKgMARzBqpump","90","3","","","","","","","","","","","","","0.000002281","","","","","","","2026-07-04T23:18:25.082Z","","","","","",""
"pxpipe","Bb6dZnSkAnxTzJDkPhYTN9eVm5brMgvxjFJS29Napump","75","5","","","","","","","","","","","","","0.000002282","","","","","","","2026-07-04T23:20:24.823Z","","","","","",""
"Gotcha","7nV3tV8Cczd3xKrwkMJ8qZGWKtpg3dsMzvRDfD9cpump","68","2.469135801","","","","","","","","","","","","","0.000003265","","","","","","","2026-07-04T23:20:25.009Z","","","","","",""
"REPLY","68inZsDTmioQiWG7H93oA944WhekomtDrqjVyFk1pump","79","5","","","","","","","","","","","","","0.000002281","","","","","","","2026-07-04T23:20:26.090Z","","","","","",""
"STOP","3VEZ95KM11GR8hitdULRigQ49sdA91owJTqvUgJNpump","75","3.950617282","","","","","","","","","","","","","0.000002281","","","","","","","2026-07-04T23:21:25.089Z","","","","","",""
"Prompt","AztqrBJhxMhuTWvJh2tn6gLsyszBJHi7m6bieYNppump","72","5","","","","","","","","","","","","","0.000002282","","","","","","","2026-07-04T23:21:27.154Z","","","","","",""
"PUP","3WPZe7svrwvmywuhDtb52cKd2WxtFno78RvACuK1pump","71","2.962962961","","","","","","","","","","","","","0.000002392","","","","","","","2026-07-04T23:22:23.095Z","","","","","",""
"GETDRAIND","5DFbM7jbPfc5AsDED1njFo9vSFixbpFvuipZ5bWGpump","70","5.000000001","","","","","","","","","","","","","0.000002284","","","","","","","2026-07-04T23:23:26.088Z","","","","","",""
"ANSEM","ExYTRezsiSgbPgLcrSvvg1hEksCoy4yqJ1SxsUrhpump","100","3.950617282","","","","","","","","","","","","","0.000009569","","","","","","","2026-07-04T23:23:27.093Z","","","","","",""
"ANSEM","FxtTb3PPSsxpvt3yd2sZkGG3A3KgGo2CbqWxQGSApump","75","1","","","","","","","","","","","","","0.000002327","","","","","","","2026-07-04T23:24:25.083Z","","","","","",""
"organic","61BEWzen6SzDsi4g3TuRSRho8hF1GjjEoCPes66spump","68","4","","","","","","","","","","","","","0.00000477","","","","","","","2026-07-04T23:24:26.116Z","","","","","",""
"Lockcoin","8Cx4itU5XCpZavdhYkNpckthTnA6pCrdy1Cs2RdKpump","79","4.938271603","","","","","","","","","","","","","0.000003029","","","","","","","2026-07-04T23:24:27.085Z","","","","","",""
"ANSEM","533rybNnCiHeF7iawcYb2cDaiKVaJ3yXeEufEA7xpump","68","2.469135801","","","","","","","","","","","","","0.000002284","","","","","","","2026-07-04T23:26:23.162Z","","","","","",""
"BULL","Ee18CeAq76NxW6Y5QKSc26cYzEsXGwGVS8f7yuZupump","92","20.000000001","","","","","","","","","","","","","0.000007808","","","","","","","2026-07-04T23:27:23.085Z","","","","","",""
"control","G5D7jqq3ZqfStFkspm339n7SZ5cJvFH6HS9Xk5Hoy8pJ","75","4.938271603","","","","","","","","","","","","","0.000002391","","","","","","","2026-07-04T23:28:24.083Z","","","","","",""
"NIGFRANKLIN","GgBj8YwqgRWuaehfY2rGgqDRLfHXqwv6BdrkDQTpump","84","7","","","","","","","","","","","","","0.000002514","","","","","","","2026-07-04T23:28:25.129Z","","","","","",""
"bull","DsNwfg2qegyvNE3dRNfbQRumJpvwsFjSXdZ9fLKnpump","72","5","","","","","","","","","","","","","0.000002391","","","","","","","2026-07-04T23:29:23.089Z","","","","","",""
"Sugar","2CHgQCHREEvfGYHVgTTu7rYy2sg8Yqp4za2cX9mCpump","71","3","","","","","","","","","","","","","0.000002285","","","","","","","2026-07-04T23:31:24.081Z","","","","","",""
"COOK","5NYSaLEumfPm9BswUjxhYFgCGFk7dKhZ9t1BSmnMpump","79","4.938271603","","","","","","","","","","","","","0.000002285","","","","","","","2026-07-04T23:31:25.103Z","","","","","",""
"pupsem","HxDBUw7RXNHzf9Y3cd7ABKmoLzWE8c7T5hon73ptpump","71","3","","","","","","","","","","","","","0.000003407","","","","","","","2026-07-04T23:32:24.155Z","","","","","",""
"wif","95yZhMFMT5EdwKQoyzJf4ZH41kxcCJMSsaH9T6J6pump","70","1","","","","","","","","","","","","","0.000002392","","","","","","","2026-07-04T23:32:25.079Z","","","","","",""
"black","Bg5Lt3B9spnJ3YEbxEB6vAscapyJd6U5ePQav759pump","","","","","","","","","","","","","","","","","","","","","0.000002287","","","","","","2026-07-04T23:34:23.080Z",""
"RAHHHHH","6Q4VDdr9SqnZPr9tGwjfPFJMyJu2HzWGUmeuHfwnpump","72","3","","","","","","","","","","","","","0.000002329","","","","","","","2026-07-04T23:36:24.082Z","","","","","",""
"HODLING","DxP1yM57pm2ozNYuJgAU8cEvT1XR5pGhb8aVLw73pump","80","3","","","","","","","","","","","","","0.000002903","","","","","","","2026-07-04T23:36:25.085Z","","","","","",""
"Daddy","2Q4qQs2kmNfMFeLt7Tvi28kGVdydycYATABELK9fpump","88","9.876543208","","","","","","","","","","","","","0.00000416","","","","","","","2026-07-04T23:37:26.078Z","","","","","",""
"T3MP3ST","D27PghB7zqASQqkf2JAKEx65r688RKJeLMtNk1kbckG1","70","4.938271603","","","","","","","","","","","","","0.000002286","","","","","","","2026-07-04T23:37:27.081Z","","","","","",""
"Hodling","3esFpdsmgXHwY647thvbwZBE4fu5Hz3yxVj6dfRDpump","70","5","","","","","","","","","","","","","0.000002571","","","","","","","2026-07-04T23:37:28.173Z","","","","","",""
"Hodling","EpVRGxVJ7Z24epRGLj8p6NaLEnisnAaLSAZqVihApump","69","5","","","","","","","","","","","","","0.000002287","","","","","","","2026-07-04T23:37:29.106Z","","","","","",""
"0xvidocq","DJmuTPzffxrfaMpxaBxybCqvrYNuAbBL8rkcjaDWpump","70","2.9","","","","","","","","","","","","","0.000002305","","","","","","","2026-07-04T23:38:23.090Z","","","","","",""
"RAMS","7QoLGk4uZZ5piXNVwjthRRw71DndnSNv2UJGhYaMpump","83","6.617283949","","","","","","","","","","","","","0.000003647","","","","","","","2026-07-04T23:39:25.084Z","","","","","",""
"Kryptonite","98Jjz77CpfuTsc3fmjzypRWr17M4x5cTJhAHaYcNpump","79","5","","","","","","","","","","","","","0.000002364","","","","","","","2026-07-04T23:40:23.119Z","","","","","",""
"HIGHER","gLLL3uPmwAw1hyJEqErJmK8REbZ4taSspihd12ppump","70","5","","","","","","","","","","","","","0.00000236","","","","","","","2026-07-04T23:43:25.081Z","","","","","",""
"Rawdog","CQZNuHBr36PvsE8dxVgns6FLvrCUBSr3jbQL59yrpump","71","2.962962961","","","","","","","","","","","","","0.000002328","","","","","","","2026-07-04T23:43:26.076Z","","","","","",""
"Harder","FDamNWQCE8cXEmwSGMbZqKDtPAcjAKCymM66sjkipump","70","3","","","","","","","","","","","","","0.000002392","","","","","","","2026-07-04T23:43:27.137Z","","","","","",""
"8=======D","GLds8Xc3jy1iZkjv5AmLAmmVb4kvmE5BkTpFtmVXpump","69","5","","","","","","","","","","","","","0.000002285","","","","","","","2026-07-04T23:44:26.082Z","","","","","",""
"💞","9j7ZuDdNfKvUj3R9Abirh5P8Ar1H5QmyL9f8Ndpapump","70","7","","","","","","","","","","","","","0.000003403","","","","","","","2026-07-04T23:44:27.155Z","","","","","",""
"BPF","BjtRmVcLBsZ9N9Qh8eCnLasaaaboGrZKw6x9AVUYpump","71","2.962962961","","","","","","","","","","","","","0.000005084","","","","","","","2026-07-04T23:44:28.088Z","","","","","",""
"8=======D","CYy4YeccZUuA64koj27PVs1EkWoGUtSgFAhcD3pWpump","77","5","","","","","","","","","","","","","0.000002392","","","","","","","2026-07-04T23:44:29.119Z","","","","","",""
"8=======D","B1ni87pxg7m6d8gi1ELi9exgV3ypMeuL7mPpFE3Rpump","96","3","","","","","","","","","","","","","0.000002969","","","","","","","2026-07-04T23:45:24.107Z","","","","","",""
"8=======D","B7TMskbRzCge6vKS81xFKvbU9ro6XK7B2qfY2Snqpump","68","5","","","","","","","","","","","","","0.000002286","","","","","","","2026-07-04T23:45:25.081Z","","","","","",""
"8=======D","DAH5cA6Qp9zZrr25LvKVw4v1r2cPnSzsXqKKBqbBpump","70","3","","","","","","","","","","","","","0.000002286","","","","","","","2026-07-04T23:46:26.124Z","","","","","",""
"8=======D~~","9gNJhMzP4qjdvatk6BxVgFX75qfNBPofjQEt3dqypump","68","3.5","","","","","","","","","","","","","0.000002294","","","","","","","2026-07-04T23:46:28.066Z","","","","","",""
"Joey","7hjyh5qtFyBGzR4XVCr36Nb7M2JRF7xcj4woRrwRciyq","69","4.938271603","","","","","","","","","","","","","0.000002401","","","","","","","2026-07-04T23:47:23.057Z","","","","","",""
"Harder","3C2ztjeg3oKEpiPyf2erRFrJ8iG8eJcyTUVrFfU5pump","75","4.938271603","","","","","","","","","","","","","0.000002393","","","","","","","2026-07-04T23:48:24.214Z","","","","","",""
"감자","5mcg25VVrZ8h2UCswffs7jWxp8CzgiajJUMyUxchpump","","","","","","","","","","","","","","","","","","","","","1.507e-7","","","","","","2026-07-04T23:48:25.075Z",""
"PETERS","9ZmCoeQysx2LVZkjuctVzChBnq1yFBcSHDf8YdWCpump","71","2.962962961","","","","","","","","","","","","","0.000002284","","","","","","","2026-07-04T23:49:23.117Z","","","","","",""
"PL","8Vdwz8zxwCCogRPBqm3BXdzmbNL489pAuHmL2wmg2rBf","75","4.938271603","","","","","","","","","","","","","0.000006222","","","","","","","2026-07-04T23:50:23.073Z","","","","","",""
"CASHBACKLESS","9azCfvnmargF8Gpy1dWgzL8uq3wNbLCRbrKUBYp7pump","71","2.999999999","","","","","","","","","","","","","0.00001543","","","","","","","2026-07-04T23:51:23.073Z","","","","","",""
"🫡","58QMTDgpBWgpjccqqDbrJEUY4r5oVu2LaNkBvxsKdMo5","69","5","","","","","","","","","","","","","0.000003426","","","","","","","2026-07-04T23:52:26.080Z","","","","","",""
"🫡","BRmECKUvPFs4h48XSwfnTPiMATBfUbwkgzaJi3FGpump","69","5","","","","","","","","","","","","","0.00000239","","","","","","","2026-07-04T23:52:27.064Z","","","","","",""
"🫡","Hk9UCrpciTgiM7LU1Fubzuj3fM26xT7yWUnb7cowpump","86","5","","","","","","","","","","","","","0.000009434","","","","","","","2026-07-04T23:52:28.148Z","","","","","",""
"Salute","12sbUk3dkw5pcrd8c6mfDySghwD7Z2Lst7Q1xKDspump","68","5","","","","","","","","","","","","","0.000002727","","","","","","","2026-07-04T23:52:29.146Z","","","","","",""
"TRUST","7k6pEW4zLDQrJw3xidrcfmVbMUaBVneprhXURx2Gpump","","","","","","","","","","","","","","","","","","","","","1.769e-7","","","","","","2026-07-04T23:53:23.095Z",""
"Salute","2xw24bRPaRn11m3XgAYSLV96MLzns1Fi79MkiZQwpump","70","5","","","","","","","","","","","","","0.000002326","","","","","","","2026-07-04T23:55:23.090Z","","","","","",""
"Gallstones","3zQ77cnoorCvTEAtiBJXfrfkVM8xAd6oYSX26G6ipump","93","18.765432097","","","","","","","","","","","","","0.000004638","","","","","","","2026-07-04T23:56:23.065Z","","","","","",""
"DEBT","5WdcaVbABhapibjcrDt3NNegvqcMWw1HxVW9V4Axpump","87","9.086419752","","","","","","","","","","","","","0.000003031","","","","","","","2026-07-04T23:57:25.095Z","","","","","",""
"牛奶","7ZPF4zGsJ3BUgXQe4r1JWgZc1PsNEmoTKkiWNgn2pump","75","3.950617282","","","","","","","","","","","","","0.000002284","","","","","","","2026-07-04T23:57:26.116Z","","","","","",""
" ","2nuNbFSc92QPG8XHsmv1hyAzumnHTHf38oqRBx6gpump","70","3.76","","","","","","","","","","","","","0.000002399","","","","","","","2026-07-04T23:57:27.136Z","","","","","",""
"Hodling","71zwMBjJSw59oRRsDQAHKAHPCvdz3s1gMeFFENoSpump","83","9.876543208","","","","","","","","","","","","","0.000004037","","","","","","","2026-07-05T00:01:23.014Z","","","","","",""
"hiplet","BTDdCGCf1J9u1jY4327wP2cmbAbuareWCLi7NbVKpump","100","2.999999999","","","","","","","","","","","","","0.000004103","","","","","","","2026-07-05T00:03:23.071Z","","","","","",""
"antsem","sVTvm5DpwAQGmRZNJiQJQr1HiLhet2tAUrMnLSMpump","74","3","","","","","","","","","","","","","0.000002282","","","","","","","2026-07-05T00:04:23.072Z","","","","","",""
"HIGHER","FsuQtabroxkJcB1aLz18nyXpJ58jAL2hrdePDrWSpump","","","","","","","","","","","","","","","","","","","","","4.137e-7","","","","","","2026-07-05T00:05:24.184Z",""
"Bumpy","H9R1vFrqoD7MxTbEV93m2pFABRnDGQRacdwEVyaYpump","100","2.999999999","","","","","","","","","","","","","0.000002294","","","","","","","2026-07-05T00:05:25.069Z","","","","","",""
"CURSE","7aimXhpQaBbd7wHdmLmH2MxTLLWL5hYnV6yVXhLnpump","71","3","","","","","","","","","","","","","0.000002303","","","","","","","2026-07-05T00:06:25.073Z","","","","","",""
"AMERICA","DBCi7bq2QNb5qAMAAzsRZUK1EcE14apMDLv13dPfpump","94","2.999999999","","","","","","","","","","","","","0.000002316","","","","","","","2026-07-05T00:06:26.062Z","","","","","",""
"BULL","FUwyMg8Jk2gr9XJJLdniuWdQpoaYCYNfZ5j8tocrpump","","","","","","","","","","","","","","","","","","","","","8.782e-7","","","","","","2026-07-05T00:06:27.158Z",""
"TOKI","4c8jTvg2TsMBLXhmLpqzrBfX9xKKseSPYjbX8Ys8pump","70","5","","","","","","","","","","","","","0.000002879","","","","","","","2026-07-05T00:07:23.061Z","","","","","",""
"HIGHER","7ApE3Skz3jgTXCkQL5R6brKFZwxEoRgZmnzhLmY5pump","","","","","","","","","","","","","","","","","","","","","0.000002282","","","","","","2026-07-05T00:08:24.079Z",""
"Fedward","BMdhFAxfUs8AebxQLfvrVuJENiwKvsszsNip4jGipump","87","9.000000001","","","","","","","","","","","","","0.00000232","","","","","","","2026-07-05T00:08:25.074Z","","","","","",""
"CRVWTC","7CmAYejdUFrmfgcdAqdd21XP7xeH6qS8k1kPhefwpump","","","","","","","","","","","","","","","","","","","","","7.654e-7","","","","","","2026-07-05T00:09:24.076Z",""
"B","9C7hiGHDas63jTpKfCsC1zsW3mEX8TSJtdDSRpyypump","72","3","","","","","","","","","","","","","0.000002281","","","","","","","2026-07-05T00:09:25.077Z","","","","","",""
"CURSE","2uuVAyFYbLC6YV3gQBWcs2grcDiFHk15bRKnBKxFpump","71","3","","","","","","","","","","","","","0.000006605","","","","","","","2026-07-05T00:10:24.091Z","","","","","",""
"Vincent","FnkP5DVhagC3W5WQ4D6RTfa41nB3h2oTuoW5rn16pump","94","5","","","","","","","","","","","","","0.000003127","","","","","","","2026-07-05T00:10:25.069Z","","","","","",""
"AMC","GQFT4rQigiRooS6GAjNLN8gz63euWrEZHB4oXZD8pump","","","","","","","","","","","","","","","","","","","","","3.495e-8","","","","","","2026-07-05T00:11:23.083Z",""
"Vincent","4YbDUdbhDkRLJmj9aByLji2BhDMGS9EqDRJ2ptuFpump","70","3","","","","","","","","","","","","","0.000002323","","","","","","","2026-07-05T00:12:25.053Z","","","","","",""
"Vincent","HzggJGQCACtvjRLGTGdJnyrTjNUAP9vQkVZnLLTmpump","95","3","","","","","","","","","","","","","0.000002806","","","","","","","2026-07-05T00:12:26.098Z","","","","","",""
"8=======D~~","DPZVVZAKjBsCED3ancUcJnxPYuFDDnG9bS4WWsiCpump","","","","","","","","","","","","","","","","","","","","","0.00000191","","","","","","2026-07-05T00:12:27.118Z",""
"35%","e1Y7PDeQScRTGR7fvfPkRpUsLKqt78owX4Q7cWApump","83","14.705","","","","","","","","","","","","","0.00001663","","","","","","","2026-07-05T00:13:25.077Z","","","","","",""
"niglol2","9NdAXvwLrhxtJieuDNKt9GH4WpAdp6NFjPbNHgwdpump","75","5.234567899","","","","","","","","","","","","","0.000003533","","","","","","","2026-07-05T00:13:26.072Z","","","","","",""
"DEBT","tHjbgy8VHtvshD18YxKHYz8BxkMKS5smBhXGo2Xpump","","","","","","","","","","","","","","","","","","","","","0.000002279","","","","","","2026-07-05T00:13:27.070Z",""
"CMC","3KoxTceStPzWpmJztkfGg9EUJ3TT9oRZyVzwiAKVpump","98","2.999999999","","","","","","","","","","","","","0.00002121","","","","","","","2026-07-05T00:14:24.140Z","","","","","",""
"NORMIE","EDG64Vw7NjQQgEfnoew7ySocBsbQQ7PE8qu5S2j9pump","79","5","","","","","","","","","","","","","0.000002281","","","","","","","2026-07-05T00:16:23.067Z","","","","","",""
"LEAN","4tBU8nFTKBzwo3439rqawrwHsMUSTG4HRGTVDf1qpump","","","","","","","","","","","","","","","","","","","","","0.000001629","","","","","","2026-07-05T00:17:23.184Z",""
"COMRADES","KVnD4xxfkv7hUnVRM79pDL3f29KkzqP6gaiDavFpump","70","2.88","","","","","","","","","","","","","0.000002295","","","","","","","2026-07-05T00:18:26.072Z","","","","","",""
"The Leecher","8KfZ2YfMaZgrYxDv17NMVUh9Ao3xkRaDrhSPprYBpump","79","5.135802467","","","","","","","","","","","","","0.000002301","","","","","","","2026-07-05T00:18:27.246Z","","","","","",""
"🐂🐂 coin","DS9DLvEsmkjC7Scd5JiUooK4yJjJ1oRoQ2Aq1WA1pump","","","","","","","","","","","","","","","","","","","","","0.000002281","","","","","","2026-07-05T00:18:28.068Z",""
"INVISIBULL","x8q1Ldc2SL9Fx6TY8svXrgET82NzQPYonwNmf4Cpump","90","2.999999999","","","","","","","","","","","","","0.000002299","","","","","","","2026-07-05T00:18:29.048Z","","","","","",""
"TIKTOKWORK","9ah1sS1v8zMqdrbBJhEuQcjJxCcEbZdYxYQkquzXpump","94","2.999999999","","","","","","","","","","","","","0.000002392","","","","","","","2026-07-05T00:20:26.121Z","","","","","",""
"NOOP","DWTGHP3ztNwkkhdNnj6vnF97pKQWDhUhuocKVh9Epump","","","","","","","","","","","","","","","","","","","","","0.000002283","","","","","","2026-07-05T00:20:27.134Z",""
"POOL","CfwNh1xXBBKH1meQBAcriNHf9hbuWDP7cG13qRDppump","100","0.000001","","","","","","","","","","","","","0.00000228","","","","","","","2026-07-05T00:20:28.211Z","","","","","",""
"TikWork","H9cCHHaQY43KW7oke1qg11XJtfcm7hVa3Ex8Q8pspump","71","3","","","","","","","","","","","","","0.000002355","","","","","","","2026-07-05T00:20:29.102Z","","","","","",""
"MAIZE","9KqvEN7e47J7trKR6oDE6xdhFqFZvQZwiV1bT4agpump","75","5","","","","","","","","","","","","","0.000003433","","","","","","","2026-07-05T00:21:24.191Z","","","","","",""
"George","3RzKQK46YLgzn3JRrLpKYDTiAxWsErqk8n354H91pump","68","3","","","","","","","","","","","","","0.000002385","","","","","","","2026-07-05T00:21:25.050Z","","","","","",""
"VV","91QGPp3fkAkCVRagiT6HNCdbmi4P26B5eKxEW1PZpump","72","5","","","","","","","","","","","","","0.000002515","","","","","","","2026-07-05T00:24:24.045Z","","","","","",""
"noob","DfeNcXZm67NPSWFUAfx2bHs3CbJ8PrfEpWwBzaYepump","79","4.938271603","","","","","","","","","","","","","0.000007693","","","","","","","2026-07-05T00:24:25.076Z","","","","","",""
"HAYLORD","Nu9uwLCp6hGpbBd8Wh4DEPh2kK4QDQouoNY2R5Epump","100","0.632098763","","","","","","","","","","","","","0.000006311","","","","","","","2026-07-05T00:25:26.064Z","","","","","",""
"PUMPATHON","CPp4W32KdH2nJ6YemF2TxVbCdn4nCZckJro5BMQgpump","79","4.938271603","","","","","","","","","","","","","0.000002319","","","","","","","2026-07-05T00:25:27.073Z","","","","","",""
"RB","HdiaYpW4CGUpA88QgUAVngYiZ8pmNgYmE9GnDtGupump","","","","","","","","","","","","","","","","","","","","","0.000001231","","","","","","2026-07-05T00:25:28.118Z",""
"Expert","BYM5dmfaaVeyH9KtrtMopevajZjVzjFinJTs46fmpump","85","10.000000001","","","","","","","","","","","","","0.000006116","","","","","","","2026-07-05T00:25:29.059Z","","","","","",""
"MONEY","FiGyYiojYdCoBTW8Yy9b6Tg29ruYyyQo57bbaAvApump","69","2.765432097","","","","","","","","","","","","","0.00000238","","","","","","","2026-07-05T00:26:24.064Z","","","","","",""
"PUMPATHON","3vfMaDQLmgSd2VPatJAwBbJMGN6wTXrKZ1uqYSZJpump","75","4.938271603","","","","","","","","","","","","","0.000002922","","","","","","","2026-07-05T00:26:25.077Z","","","","","",""
"Fable","5GLXGXdZndSu3kH9CFsssJk2SKTN38oKCNKMr3vTpump","","","","","","","","","","","","","","","","","","","","","0.000001415","","","","","","2026-07-05T00:30:24.081Z",""
"Fable","4iQLbj3xzzfRQbWq2eHJWvheRjvtkHsrPfN5FveKpump","70","3","","","","","","","","","","","","","0.000002125","","","","","","","2026-07-05T00:30:25.113Z","","","","","",""
"Black","53QAzBCSQmBWB5UiLKV5wHszddXgw6dCAddjKa1ipump","71","2.962962961","","","","","","","","","","","","","0.000005076","","","","","","","2026-07-05T00:31:23.077Z","","","","","",""
"UPGRADE","okUZ6ukS6c6Gf9xr3NwQDnnQ68nPLMn6nCRAniupump","98","2.999999999","","","","","","","","","","","","","0.00001108","","","","","","","2026-07-05T00:32:25.037Z","","","","","",""
"AMC","H8efBobFdc13dSB6omcWoFCDcSiYYJ9EzK3hx3RVpump","","","","","","","","","","","","","","","","","","","","","0.000001189","","","","","","2026-07-05T00:32:26.218Z",""
"ANSEMLET","3zHrwkNyY6fkwDFSn2icWN9pga6LLPDfZwcza2QNpump","84","6.913580245","","","","","","","","","","","","","0.000002272","","","","","","","2026-07-05T00:32:27.078Z","","","","","",""
"FROGE","6Mgu7PKqsWrLN7fZQ6F3DxkLaqteRDs48vaFSk1xpump","69","3.950617282","","","","","","","","","","","","","0.00000229","","","","","","","2026-07-05T00:33:23.125Z","","","","","",""
"Natural","3jtV4GJZsMzp8aqkucvmbRbMGgPszW164rAYqE6upump","71","3","","","","","","","","","","","","","0.00001449","","","","","","","2026-07-05T00:34:23.098Z","","","","","",""
"TripleTate","4BB4C2XshZxW3wmaZuEStzguZFonvhrJPjcFMg8apump","77","4.444444443","","","","","","","","","","","","","0.00000332","","","","","","","2026-07-05T00:35:24.085Z","","","","","",""
"FROG","7YatGPvKtUd8rwNwrmGfF8FtNtGoYao1DE7bcCM2pump","80","3.5","","","","","","","","","","","","","0.000002401","","","","","","","2026-07-05T00:35:25.067Z","","","","","",""
"Kratt","DWrTVkCSRN18QgipNinZ7oqPgk1yJmowhTrdubUGpump","","","","","","","","","","","","","","","","","","","","","0.000002288","","","","","","2026-07-05T00:36:24.162Z",""
"FINE","8LHGyx9tdVZbTLVnBfpDfiGet8ztKJEPn1JtjRJzpump","73","5","","","","","","","","","","","","","0.000002447","","","","","","","2026-07-05T00:37:25.065Z","","","","","",""
"FINE","4hdWDnDvZRMkiTZXFkriEnFELyUfM8rg9gQUwVnYpump","72","5","","","","","","","","","","","","","0.00001211","","","","","","","2026-07-05T00:37:26.126Z","","","","","",""
"BRAIN","9a4BZoW5gkc7sD29bzv47gbZKxpRXN6fm14sZPTVpump","70","5","","","","","","","","","","","","","0.000006938","","","","","","","2026-07-05T00:37:27.054Z","","","","","",""
"NOSLEEP","5bDJ2rR4rPBVD8eP68Yp1jN9cZZCfQSfFwdSeQhmpump","99","0.888888887","","","","","","","","","","","","","0.000002328","","","","","","","2026-07-05T00:38:26.048Z","","","","","",""
"💞","3tfUc2AqV37nJA4YLWmdPCBB7W9LUEtQcXHvstPRpump","94","2.999999999","","","","","","","","","","","","","0.000006606","","","","","","","2026-07-05T00:38:27.070Z","","","","","",""
"NON","D3zejFmrQLg3CQPo1h4DEMVpLRccJhd79S2nby2Lpump","76","0.059259258","","","","","","","","","","","","","0.00000177","","","","","","","2026-07-05T00:38:28.119Z","","","","","",""
"FROG","EVvZ6Wm3gbJfTTsnptMBFRfqnWaHQQJFbEhFWKTpump","74","3.6","","","","","","","","","","","","","0.000002358","","","","","","","2026-07-05T00:38:29.105Z","","","","","",""
"FROG","7rFnj3EX4oWFeYLXWZNpyzFUpvsTzPD9nF9iaGbDpump","74","5.5","","","","","","","","","","","","","0.000002314","","","","","","","2026-07-05T00:39:25.118Z","","","","","",""
"UPGRADE","D8bwhuu1GktteRVQ7ekDdX4t5hfZox24nk4KfbXxpump","69","7","","","","","","","","","","","","","0.000002272","","","","","","","2026-07-05T00:39:26.088Z","","","","","",""
"feed","BjEpjjRYxM2xE6LBrbJSpqrsXzBB5wdpFLKuLnaGpump","","","","","","","","","","","","","","","","","","","","","8.868e-7","","","","","","2026-07-05T00:39:27.119Z",""
"Kratt","4B86e1JSQarTCWxD5usyavHFiHb3vWDG1tbxuTvcpump","77","6.4","","","","","","","","","","","","","0.000002596","","","","","","","2026-07-05T00:40:26.112Z","","","","","",""
"SENDAI","8TBfg6g2B3p13kUprCs1SA8x1yDfcYjBgGcujJoupump","69","5","","","","","","","","","","","","","0.000002272","","","","","","","2026-07-05T00:40:27.050Z","","","","","",""
"AMC","Gmr2eC8VD6npq2vMfN5KK9UaW3Sz2o5bFzmFspNupump","","","","","","","","","","","","","","","","","","","","","7.704e-7","","","","","","2026-07-05T00:40:28.085Z",""
"feed","6dWrE9xGekd1Jivf6MJvn9vYemNCkgBsUTqziTRtpump","71","5","","","","","","","","","","","","","0.000002724","","","","","","","2026-07-05T00:40:29.059Z","","","","","",""
"rock","88KQakAtVghrYe9WwPBQAPaszA482cBZivKtggCTpump","70","5","","","","","","","","","","","","","0.0000109","","","","","","","2026-07-05T00:41:26.062Z","","","","","",""
"MERE","5jAtyq5snnd7UpEkgZYtfjBs1Fte7M2sZFqG8jocpump","79","4.875406284","","","","","","","","","","","","","0.000003084","","","","","","","2026-07-05T00:41:27.061Z","","","","","",""
"SENDAI","J3Fbi7Ji8my1c99yaUPH1D2R5skUKDhpm6xViqYYpump","68","5","","","","","","","","","","","","","0.000002276","","","","","","","2026-07-05T00:41:28.060Z","","","","","",""
"NON","93i89ipeRaTKmRBEjVRLz2CEf86kZRfLHrJFmiCvpump","","","","","","","","","","","","","","","","","","","","","8.204e-7","","","","","","2026-07-05T00:41:29.058Z",""
"PUNKnig","7Le2bNqtKFeibYX24RWovL9uZz4go7gxAB1NuxS8pump","","","","","","","","","","","","","","","","","","","","","0.000001142","","","","","","2026-07-05T00:42:26.057Z",""
"rock","CXv5FkvYM4zEZVBXaF3p3TUm6AArF1EYhjqBJ9ERpump","96","5","","","","","","","","","","","","","0.000003596","","","","","","","2026-07-05T00:42:27.061Z","","","","","",""
"Kirkslop2","7BR59pcSLms8eTr2gqc5pNDQvMN5yPfnioL7aRqFpump","69","4.938271603","","","","","","","","","","","","","0.000001989","","","","","","","2026-07-05T00:42:28.063Z","","","","","",""
"CLOWN","3AyT7bwXbjg66w9NrCQvqKm5YzJ3gVy1dLjUKBPypump","74","3.5","","","","","","","","","","","","","0.000002276","","","","","","","2026-07-05T00:42:29.063Z","","","","","",""
"rock","HmNEhETWQGZhJkA37gQYcgy5hjVPKdqheYdumpX4pump","69","5","","","","","","","","","","","","","0.000004523","","","","","","","2026-07-05T00:43:26.068Z","","","","","",""
"MrClown","Em1gxEH2bGPEJ89N3uQb9GbFJRdGwrXZuYp6Z8gBpump","71","5.5","","","","","","","","","","","","","0.000002276","","","","","","","2026-07-05T00:43:28.045Z","","","","","",""
"noob","AGVmMLAN6Y75vPuK9bd6uaVJ6yaeSLT8zNuetvSjpump","75","4.938271603","","","","","","","","","","","","","0.00001252","","","","","","","2026-07-05T00:43:29.038Z","","","","","",""
"ION","HhL9H4JJ3Kmm1RvvHh58LR6RjguXgLTcdEo6uN5Xpump","71","3.950617282","","","","","","","","","","","","","0.00000232","","","","","","","2026-07-05T00:44:25.077Z","","","","","",""
"💞","Cv91PfoevWMTGEd3PFTLV8S6A6c1u8RNTSSt85Pppump","95","0.98765432","","","","","","","","","","","","","0.000002277","","","","","","","2026-07-05T00:44:26.085Z","","","","","",""
"POD","z6F8T9cC7sJSYnPGnNX962mU9PcFB8JFZCB68ESpump","70","2.88","","","","","","","","","","","","","0.000002277","","","","","","","2026-07-05T00:44:27.205Z","","","","","",""
"rock2","ErAYWfDDbHTM6RLfi4UdsVHc2dsYvtrUptGcnP5Mpump","71","5.925925924","","","","","","","","","","","","","0.00000226","","","","","","","2026-07-05T00:45:25.112Z","","","","","",""
"Fart","sZtJiC9VE5CJfZfg8LFYCW61RosJtnRWm1etRewpump","","","","","","","","","","","","","","","","","","","","","3.609e-7","","","","","","2026-07-05T00:45:27.123Z",""
"HODLING","4TQnKTCiVTXwjPM3WeKJc3u58LkE2bWyNrPGNjKjHoDL","71","3","","","","","","","","","","","","","0.000006419","","","","","","","2026-07-05T00:47:26.069Z","","","","","",""
"X","3VVdHXW3jbNNGoz3RXhQnVa3Y9nuHRirBNrNJUMLpump","93","0.059259258","","","","","","","","","","","","","0.000001699","","","","","","","2026-07-05T00:47:27.076Z","","","","","",""
"ASSEM","4Dt3r5EBkte4MUDPuU4z1ZMmxrgPowQmPYkihk8Kpump","69","2.666666665","","","","","","","","","","","","","0.000009703","","","","","","","2026-07-05T00:47:28.088Z","","","","","",""
"bwa","DNRD39My5BSMzRErCfzRj14CEPHSFmSL11AZQzLPpump","83","5","","","","","","","","","","","","","0.000002382","","","","","","","2026-07-05T00:47:29.041Z","","","","","",""
"MEATSEM","4GzZ2WtDv1YmNjU5gbThj6g1EGgATds7thwgue4Mpump","","","","","","","","","","","","","","","","","","","","","0.000002731","","","","","","2026-07-05T00:48:24.050Z",""
"USD","GBfeBHqmUs5nRugUWbchDQ44vS91qX1W5F16AphZwmgx","","","","","","","","","","","","","","","","","","","","","0.000002382","","","","","","2026-07-05T00:48:25.055Z",""
" tatejew","AXGSLpjX4MVFF3oFDha3nDDKRrscPaQJfRjb4vKZpump","71","3.000000001","","","","","","","","","","","","","0.000002828","","","","","","","2026-07-05T00:50:22.319Z","","","","","",""
"BOFA","5jMc6JFT89xttTK8jxLwcWFUzQdZGGZhbz5Rx9vJpump","71","2.962962961","","","","","","","","","","","","","0.000007806","","","","","","","2026-07-05T00:50:24.207Z","","","","","",""
"TRUST","56XUokFLbc437BENxRdxzvJaHZxtFmwuByaedXcwpump","","","","","","","","","","","","","","","","","","","","","6.89e-7","","","","","","2026-07-05T00:50:25.112Z",""
"WARTIME","BXszhYx1V5xLNt2qwRxmGcu2t6gLwt24tXL2dPsmpump","70","2.900000001","","","","","","","","","","","","","0.000003513","","","","","","","2026-07-05T00:52:23.109Z","","","","","",""
"Walter","B8LTgqXyPvbsEcDZiokRT2aMVs1zj1tFFzkLkUQpump","100","0.001","","","","","","","","","","","","","0.000008222","","","","","","","2026-07-05T00:53:23.125Z","","","","","",""
"NOOB","AdLQ7dafCzftjieGxQpmu2CbQYywUcBPTXFiktpWpump","84","6.913580245","","","","","","","","","","","","","0.000002281","","","","","","","2026-07-05T00:54:23.049Z","","","","","",""
"Nyan","4dKVLb17jbrz6UUBwf9g7KziKqDjTWFFTMvmG4Cvpump","73","3.5","","","","","","","","","","","","","0.000002336","","","","","","","2026-07-05T00:56:24.031Z","","","","","",""
"VIRAL","9co83Lb17y2ryhUgd92EnS5tu8UXz6u893T7jxD4pump","71","2.962962961","","","","","","","","","","","","","0.000002599","","","","","","","2026-07-05T00:56:25.044Z","","","","","",""
"MUTUMBO","2pmYryDtF7q69i2djkGV5rHNanhVUnZQevAQwzBApump","","","","","","","","","","","","","","","","","","","","","0.000002275","","","","","","2026-07-05T00:57:23.058Z",""
"PNC","EsnH9ZsrD4miiCgKsJ8ET7szat33uQ1CJrND2TLt83wE","73","3.456790121","","","","","","","","","","","","","0.000005177","","","","","","","2026-07-05T00:58:25.055Z","","","","","",""
"frog","2mVHdHHbP8AQ36Q3x7DCuK6EFEjhqmWpTS6dBxyApump","72","3.5","","","","","","","","","","","","","0.000002299","","","","","","","2026-07-05T00:58:26.046Z","","","","","",""
"conviction","8mTHFzvx2CW22BJfPEHHwKxGSdEtmsunpZRvVjvfpump","70","2.88","","","","","","","","","","","","","0.000002269","","","","","","","2026-07-05T00:58:27.193Z","","","","","",""
"v0y4g3","ztLdpWPkX2EggATfcX3g4sztrg587shP5mCvcb6pump","70","2.88","","","","","","","","","","","","","0.000002269","","","","","","","2026-07-05T00:59:23.054Z","","","","","",""
"VIRAL","FpJUAa7dVwoi9vm5LvNH12TARyjg2EPcLHisHTmXpump","71","2.962962961","","","","","","","","","","","","","0.000002399","","","","","","","2026-07-05T01:02:24.037Z","","","","","",""
"丸さん","D2U7kxzAwdqv64YT3hQxebjNsJ264oeYwP9meRESpump","73","4.5","","","","","","","","","","","","","0.000009862","","","","","","","2026-07-05T01:03:24.057Z","","","","","",""
"BALDBULL","HCzGf8TpG6NeBHjRzh4zkoUaEkSFXquBZmeDPwpkpump","71","3","","","","","","","","","","","","","0.000002275","","","","","","","2026-07-05T01:03:25.041Z","","","","","",""
"TREND","CU6487S142ETRZdNaGT3pCd4HNrVqNWztfDx71uYpump","76","0.050084894","","","","","","","","","","","","","0.000009881","","","","","","","2026-07-05T01:04:23.039Z","","","","","",""
"storm","F6agJr6xpDpgc25caTF9TK6Pidd1g31RiiuK2ecQJbPj","","","","","","","","","","","","","","","","","","","","","0.000002277","","","","","","2026-07-05T01:07:24.047Z",""
"FUN","J84JEx4b4KD7sqrcfg9GuurKtk5jKk8FozYVAyqkM4qQ","84","7","","","","","","","","","","","","","0.000002414","","","","","","","2026-07-05T01:07:25.162Z","","","","","",""
"LEAVING","2a3mnTR6cxYnQvM7v9WgMLXwwHQZjEmYaQQqMqSopump","70","3.5","","","","","","","","","","","","","0.000002274","","","","","","","2026-07-05T01:08:24.078Z","","","","","",""
"STORM","2AqnyMtwbzBa8qfqzQC2xQUY1Xiw73Nm9MYmeKkWpump","71","3.950617282","","","","","","","","","","","","","0.000003569","","","","","","","2026-07-05T01:08:25.046Z","","","","","",""
"PUMP","H8eFR2k3b13fyBHTbUb36ZjU6R4wTFtWdKcE81nbpump","93","17.777777776","","","","","","","","","","","","","0.00001436","","","","","","","2026-07-05T01:09:23.055Z","","","","","",""
"tremp","Gef65bn1cm5HytLq8qAnZ57mXq2y23mcUmSLiRGZR7sD","80","7","","","","","","","","","","","","","0.000002272","","","","","","","2026-07-05T01:10:23.057Z","","","","","",""
"liquidation","55F4AwqNh9WNXgD73oHgTwJ59WgnhFXKLXFYkVmypump","96","5","","","","","","","","","","","","","0.000002576","","","","","","","2026-07-05T01:11:24.081Z","","","","","",""
"MOROX","BA6vydC2mHzfySumguKX2XNyBBGskCu9hHK6eT3vpump","71","3.000000001","","","","","","","","","","","","","0.000003808","","","","","","","2026-07-05T01:11:25.050Z","","","","","",""
"Ushi-san","74ypNRgyqAsneLjRC2nsv9g67SCRFYpFJjyxQTWcpump","97","5","","","","","","","","","","","","","0.000002477","","","","0.000002292","","","2026-07-05T01:14:23.088Z","","","","2026-07-05T01:17:22.111Z","",""
"求爱","48andi6xG1AWMPwgaFvKKJcZfXqUptaGNfkaA2eJpump","71","2.962962961","","","","","","","","","","","","","0.000002291","","","","","","","2026-07-05T01:15:23.042Z","","","","","",""
"PBULLS","4HujR6tN13tQPVmQFWWNSHmTUj9hTnHezeTM1yykpump","71","2.962962961","","","","","","","","","","","","","0.00000227","","","","","","","2026-07-05T01:16:23.055Z","","","","","",""
"求爱","AL8U2dip4qjawbHAmRNadUnmbLwphzPyQQNxDfKapump","71","2.962962961","","","","","","","","","","","","","0.000002278","","","","","","","2026-07-05T01:20:24.047Z","","","","","",""
"Rinse","Hf91zgMy8DQ8QTRiBeDbgjt4BLaQAuVG1vtb3Hx3pump","92","3","","","","","","","","","","","","","0.000002258","","","","","","","2026-07-05T01:20:25.036Z","","","","","",""
"blcksheep","BYmfRiAShCwz2juJqG9X8oVpLNGd3nCSijHwH1BTpump","71","2.000000001","","","","","","","","","","","","","0.00000212","","","","","","","2026-07-05T01:23:22.158Z","","","","","",""
"TREND","C5BxP5v1c2YHwEQsfHAeuDxXuZoYVuX67UGoU5jbpump","71","0.050084894","","","","","","","","","","","","","0.000003793","","","","","","","2026-07-05T01:23:23.160Z","","","","","",""
"Charlie","6UvsmYbSmcLXHBxuzjnUuZbcUXyDTS4X65J5WEdPpump","71","2.962962961","","","","","","","","","","","","","0.000002261","","","","","","","2026-07-05T01:25:23.055Z","","","","","",""
"FAK","8DrtfgofXLUWpd7aitDVxEy9j2fv1YuC1BTDB1bTpump","71","3","","","","","","","","","","","","","0.000002369","","","","","","","2026-07-05T01:27:24.629Z","","","","","",""
"GP","GupfemqZswDB2LPE9Zd5YpgDmE87yAQ2ExNuNS4Spump","71","2.962962961","","","","","","","","","","","","","0.000002263","","","","","","","2026-07-05T01:27:25.089Z","","","","","",""
"MIJO","5rsyzEe7FWJKTeG2BW9jhJJeUmB5gPurvgqoWy47pump","69","5.432098763","","","","","","","","","","","","","0.000002146","","","","","","","2026-07-05T01:27:26.075Z","","","","","",""
"T3MP3ST","fBxxpF5uYAMnd1bqHNUivsuhAtnPxHTaULGJTzj7CeL","72","5","","","","","","","","","","","","","0.000002304","","","","","","","2026-07-05T01:28:25.067Z","","","","","",""
"Walter","HzS1k2Wj8ah6cYuZxaDQmoMA32PYMTsX3HQg5iSpump","","","","","","","","","","","","","","","","","","","","","0.000001599","","","","","","2026-07-05T01:28:26.041Z",""
"nothing ","EEmRr8b8AD6FomUCgrPGV22t4YcFJuYXqNfMNUTNpump","","","","","","","","","","","","","","","","","","","","","9.133e-7","","","","","","2026-07-05T01:28:27.044Z",""
"ACT","3432u69CRD29RrCTSaKBfpXo4xoUYfEokrFDq9V5pump","","","","","","","","","","","","","","","","","","","","","0.000001071","","","","","","2026-07-05T01:29:23.026Z",""
"nig","GTrvvBV6KnC5SnnvmteLPm984qTLr5fDKjW4aDtkpump","","","","","","","","","","","","","","","","","","","","","7.207e-7","","","","","","2026-07-05T01:30:23.009Z",""
"OK","2deRNaGx5YdFcxSnwfFQeGLu6QPUW4JkjehVufiTpump","","","","","","","","","","","","","","","","","","","","","6.68e-7","","","","","","2026-07-05T01:31:23.036Z",""
"TOLY","7ajYqT6NbDmU1QBHhtcF7xXgKoC8hdxi1yFXaLGbpump","71","2","","","","","","","","","","","","","0.000001838","","","","","","","2026-07-05T01:32:23.037Z","","","","","",""
"Elon ","ByhxWxpnFdhcLL62Arep2Va8HeEfbJo8YbCFmZ3spump","90","0.009876542","","","","","","","","","","","","","0.000002254","","","","","","","2026-07-05T01:35:24.050Z","","","","","",""
"MAYHENTA","GC7YA6zG5TpyhKUFgDPYNmGoGWGmNEiL4ZmTnXckpump","","","","","","","","","","","","","","","","","","","","","0.000001135","","","","","","2026-07-05T01:35:25.026Z",""
"WLA","7YhDH6qgamcEXdZE4intFuuLxNeqZDfqj43BY5YJpump","92","18.765432097","","","","","","","","","","","","","0.00001203","","","","","","","2026-07-05T01:36:23.320Z","","","","","",""
"MAYBUTT","EJTgxe453zh3ifJWFYdcXbud86KPU1ei6wapHrPmpump","72","2.962962961","","","","","","","","","","","","","0.000003243","","","","","","","2026-07-05T01:40:24.050Z","","","","","",""
"NOOB","DGcMrEP2WwMtbdst4fWjbrYMjq93wdUY1n15iRyupump","76","2.962962961","","","","","","","","","","","","","0.000002727","","","","","","","2026-07-05T01:40:25.014Z","","","","","",""
"MAYBUTT","JCxAQvGwz7hb9AVVtjFNThA7yVRw95D7o8E2Yq5gpump","","","","","","","","","","","","","","","","","","","","","4.285e-7","","","","","","2026-07-05T01:41:23.009Z",""
"cookie","6sxMKQToYAQpA6hGdYeXVBm4APhSvcMd6gGyuvVdyk4g","70","5","","","","","","","","","","","","","0.000002713","","","","","","","2026-07-05T01:43:25.210Z","","","","","",""
"Homo Simp","QLpd7kb3JH73sdZHzQcZw5w3RwAGTnJ7RzPsL2ppump","71","3.950617282","","","","","","","","","","","","","0.000003064","","","","","","","2026-07-05T01:43:27.010Z","","","","","",""
"MF","EM94pajJ2bRPkicc3s5qvHjfR88SqrDWTj2iL9yfBZW1","","","","","","","","","","","","","","","","","","","","","4.002e-7","","","","","","2026-07-05T01:46:24.032Z",""
"BULLMAS","H9W9SyGWrRoeHJczyTaHQuVT4z9ov72cQvHgXtXANZyY","69","5","","","","","","","","","","","","","0.000002461","","","","","","","2026-07-05T01:47:24.059Z","","","","","",""
"ANSEMTAT","GdZQmjMxkFfgaWSnAvBMN7zLN8WFwjfLYPBmGCvbpump","75","4.938271603","","","","","","","","","","","","","0.000005628","","","","","","","2026-07-05T01:47:24.994Z","","","","","",""
"EDITS","6hropddE3AC28UGJsVCpSenZC4g9ao9TkCFGKuGjpump","87","2.999999999","","","","","","","","","","","","","0.000005677","","","","","","","2026-07-05T01:48:23.000Z","","","","","",""
"James","J6o6HU4wYVfJGtrmcn24aAnv9rVxvs2gvpz1ZnhPpump","90","2.999999999","","","","","","","","","","","","","0.000002273","","","","","","","2026-07-05T01:52:24.998Z","","","","","",""
"Hobbes","FctnzPi4G2FHaZWNDygqKDY3KHeAuPe6Z4X4VHVSpump","90","2.999999999","","","","","","","","","","","","","0.000002264","","","","","","","2026-07-05T01:52:26.042Z","","","","","",""
"DUCKDB","DbVY8AxAfbsMW2QPDhGo7Qv4kcznNWPY9yipkfjxRkK9","68","5","","","","","","","","","","","","","0.00000226","","","","","","","2026-07-05T01:52:26.995Z","","","","","",""
"KST","DBXX1iA51hnZBWbS4qBwGNNBf6B6HPz21gfJR8WTpump","72","2.227000001","","","","","","","","","","","","","0.000009209","","","","","","","2026-07-05T01:53:23.979Z","","","","","",""
"kleptocracy","6oXL19xMRXmQWS72eMLtxWVaZUN4Q3eyHyQstwc1pump","94","2.999999999","","","","","","","","","","","","","0.000002281","","","","","","","2026-07-05T01:53:25.003Z","","","","","",""
"TIKTOKWORK","4avNBLEk3YjU55UFje3UyPPZnJLZX2eaPJgMsmsHpump","83","2.999999999","","","","","","","","","","","","","0.000002265","","","","","","","2026-07-05T01:55:25.008Z","","","","","",""
"cuck","Eu6X7evB6Ldvsup2nJwRimusKKTtoBooU37RWDNkpump","90","2.999999999","","","","","","","","","","","","","0.000006447","","","","","","","2026-07-05T01:55:25.211Z","","","","","",""
"LEAN","2dbPYPwi1LKgGpmksBUEFkptyeHRyJpKw58Xhvvypump","87","2.999999999","","","","","","","","","","","","","0.00001263","","","","","","","2026-07-05T01:57:23.069Z","","","","","",""
"TREND","CNcXhFj8QCv111mJCaLeBpUr1Qx4Eg2LxRGbeLvGpump","79","0.050084894","","","","","","","","","","","","","0.000001773","","","","","","3.147e-7","2026-07-05T02:03:23.185Z","","","","","2026-07-05T02:04:22.062Z",""
"EARTH","FZZF6CLM91QtFuFwK4qxkYjs4zDuu73D3nrCzfSPpump","97","46.419753085","","","","","","","","","","","","","0.00001999","","","","","","","2026-07-05T02:07:24.025Z","","","","","",""
"fam","2sqzgLfPsX22am35JPv7KU28pZJhXah19DULM5nUpump","87","2.999999999","","","","","","","","","","","","","0.000005865","","","","","","","2026-07-05T02:07:24.989Z","","","","","",""
"With","CZvGzHBgzzEEZ2pSmSoPPwW7TD7zMfb5HK5adVwhpump","90","2.999999999","","","","","","","","","","","","","0.000002297","","","","","","","2026-07-05T02:10:22.978Z","","","","","",""
"BP","3jrZDgeAFFemkqvSqpqk7Y3E5q4n1pvt7TV5emSKpump","71","3.000000001","","","","","","","","","","","","","0.000003089","","","","","","","2026-07-05T02:11:22.989Z","","","","","",""
"Spermsem","AFSjUjdp6fnkeFev998wMSX6NLuc294B2NXVFnNpump","83","2.999999999","","","","","","","","","","","","","0.00000226","","","","","","","2026-07-05T02:13:23.144Z","","","","","",""
"Buttons","HLk4WjgA6rJHgyMozYXDS6vJ3ameiroEnwojAvVYpump","80","2.999999999","","","","","","","","","","","","","0.000002267","","","","","","","2026-07-05T02:14:22.967Z","","","","","",""
"ANSEM","FTvpnSUBRmniyzK3zotFgWETUynAV4dxCeB6HBRFpump","87","2.999999999","","","","","","","","","","","","","0.000003194","","","","","","","2026-07-05T02:15:22.977Z","","","","","",""
"ANSEM","7Pnis9Qif1pMAk7kxiv7Nkj1srtWpcP138ZZYenKwC5R","76","4","","","","","","","","","","","","","0.000002356","","","","","","","2026-07-05T02:16:23.016Z","","","","","",""
"BULLIFY","5gM5fVoijdZwqs4vh95bJh4aokciAcrjmjkgMGa3pump","83","2.999999999","","","","","","","","","","","","","0.000002282","","","","","","","2026-07-05T02:17:23.965Z","","","","","",""
"USA","FgaNA7pqrQknzAEU6DWdzYeLUJpy7dBMjWfH1NqvCWnL","","","","","","","","","","","","","","","","","","","","","0.00000225","","","","","","2026-07-05T02:17:24.994Z",""
"HERE","2Zy53xXeorbgSCzGCQznJrciUbzkppM91bp75b4wPFyq","73","7","","","","","","","","","","","","","0.00000225","","","","","","","2026-07-05T02:18:23.967Z","","","","","",""
"HOG","GZ6mQA79yhUoCGnVtjy4PN85zGA4JXZ4ricbeuwYpump","80","2.999999999","","","","","","","","","","","","","0.000002699","","","","","","","2026-07-05T02:18:24.989Z","","","","","",""
"INSTANT","76QKr9QqN1eQVWops42MhkWcMGR7T3W6C5rBSZ2ypump","77","2.999999999","","","","","","","","","","","","","0.000003145","","","","","","","2026-07-05T02:20:23.258Z","","","","","",""
"Gallstones","FERsugdHFQu8u82r2V7xpQhab2hkyQgnPNYME15Wpump","83","2.999999999","","","","","","","","","","","","","0.00001378","","","","","","","2026-07-05T02:23:22.984Z","","","","","",""
"BULL","Erix7xB35UWiXL9HLXvwKYp828Nj5KCB94oYCAYrpump","","","","","","","","","","","","","","","","","","","","","0.000002453","","","","","","2026-07-05T02:24:22.777Z",""
"TREND","AGRBFVsnMUZ9DZjRuSh3yDVE9hFy8n4ubGPGqa1mpump","","","","","","","","","","","","","","","","","","","","","2.75e-7","","","","","","2026-07-05T02:26:22.967Z",""
"SHOW","5R8PG61GoqYv38s9E4NCEdxyPjTRNGpwdgCgeRyZ22cg","72","7","","","","","","","","","","","","","0.000002252","","","","0.000002251","","","2026-07-05T02:27:22.961Z","","","","2026-07-05T02:30:22.033Z","",""
"PL","5hh1ePYFdyRHJb7jFzZFSm5LbTrdqG5yc8qEvvGta4H8","","","","","","","","","","","","","","","","","","","","","5.081e-7","","","","","","2026-07-05T02:29:23.006Z",""
"KCT94","LnDDux46dEqf5714DfqHi7rrMmedvrYpePd5agbpump","71","3.061728394","","","","","","","","","","","","","0.00001328","0.00001871","","","","","","2026-07-05T02:30:22.674Z","2026-07-05T02:33:22.058Z","","","","",""
"TREND","DAJ7rv84TGvUpSKodbdVqYDXDNPJ6Gz9JY7H2Xybpump","","","","","","","","","","","","","","","","","","","","","9.495e-7","","","","","","2026-07-05T02:32:22.959Z",""
"GLORYHOUSE","GYs7b1E38zdLddtzmWf1LvCjVJtmUV6LpHzAxuFbpump","75","3.950617282","","","","","","","","","","","","","0.000003024","","","","0.00000226","","","2026-07-05T02:33:22.950Z","","","","2026-07-05T02:36:22.010Z","",""
"Fluffy","HVef4bterR9s8EoLgpM3Y131jiakxF6tGToF5nBapump","71","2.962962961","","","","","","","","","","","","","0.000002357","","","","","","","2026-07-05T02:36:22.961Z","","","","","",""
"TREND","95C4M4vgMBx9HZSjWd32VqJPkPWyqq9UK5uJjTM1pump","","","","","","","","","","","","","","","","","","","","","2.58e-8","","","","","","2026-07-05T02:37:24.972Z",""
"AI","CAXbDJhZosgCYQENUQ5LuHA3no7sjoA8jKbbQv1Gpump","","","","","","","","","","","","","","","","","","","","","0.000002252","","","","","","2026-07-05T02:38:22.154Z",""
"BBGMAYHEM","HxSEep29zTULNhoQE91uhtxWg4nkwsePmKokWewTpump","","","","","","","","","","","","","","","","","","","","","5.69e-7","","","","","","2026-07-05T02:38:22.958Z",""
"BullWorld","ChJqQSFK1JUPCaoGrtKM1Nm5k29ZdbHQ8kiVNuhppump","92","16.790123455","","","","","","","","","","","","","0.00001162","0.00001285","","","","","","2026-07-05T02:39:24.017Z","2026-07-05T02:42:21.993Z","","","","",""
"HERNIA","7c1rPZZt5HnHuih8hBvjKqsE1s5i9ivk6Rqm3iWMpump","89","11.642949547","","","","","","","","","","","","","0.000004911","","","","","","","2026-07-05T02:39:24.981Z","","","","","",""
"Homeless","DjxSj64txG9dhN3CRFgUMk3912uv758PXMVYgJQNpump","","","","","","","","","","","","","","","","","","","","","0.000003724","","","","","","2026-07-05T02:40:22.952Z",""
"TTOTS","Eo1GY484YhPySXfL7fxEBrt65BLWXAgdkmpe9Zs8pump","93","0.150000001","","","","","","","","","","","","","0.000008881","","","","","","2.874e-7","2026-07-05T02:44:22.964Z","","","","","2026-07-05T02:45:22.148Z",""
"TREND","9iGDbrzS2GJyPBpzGx9HqrBf3YxWsEwGGruLMGJipump","72","0.592592591","","","","","","","","","","","","","0.00000345","","","","","","","2026-07-05T02:45:23.000Z","","","","","",""
"FOX","8SNhzidZweTxXcgYacSpT4TV24xPqjLp3APCmLFhpump","71","3","","","","","","","","","","","","","0.000002497","","","","","","","2026-07-05T02:46:23.030Z","","","","","",""
"250","3QEQQBhPkdjvx9dqkXNFPpiYwbTM9ZFpzgwCkDnhYMoM","71","4","","","","","","","","","","","","","0.000002245","","","","0.000002245","","","2026-07-05T02:49:24.059Z","","","","2026-07-05T02:52:22.034Z","",""
"250","7YrmeKa9LnxhPuqJJU4sMqrFze9d8wXrAQyJbqtQpump","80","2.999999999","","","","","","","","","","","","","0.000003366","","","","","","","2026-07-05T02:49:24.953Z","","","","","",""
"With","37W9u7ohZEuTFU3DWLQNgz7UinyUewShZHzjnpsXpump","77","2.999999999","","","","","","","","","","","","","0.00001145","0.00001586","","","","","","2026-07-05T02:51:22.959Z","2026-07-05T02:54:21.991Z","","","","",""
"MESSI","5uz8tPd4gvwUmdtsYsYj861734tBHqoGhzmzXsaTpump","71","3","","","","","","","","","","","","","0.000002245","","","","","","","2026-07-05T02:52:22.935Z","","","","","",""
"FERG","ESVhCjqq2NtmHxJMF8x4X8JnamGtqLsJCMSNLbcHpump","72","3.160493825","","","","","","","","","","","","","0.000002252","","","","","","","2026-07-05T02:55:23.941Z","","","","","",""
"frog","6rFHNHbJw6cFBMh5t9YEW76116hsWec3Uf7Ucgvupump","71","2.962962961","","","","","","","","","","","","","0.00000254","","","","","","","2026-07-05T02:56:22.058Z","","","","","",""
"NOTHING","4tUF9M7zVMUA9HYWdggiBkdiqzKsUJPAamkZE5ZJpump","72","3.160493825","","","","","","","","","","","","","0.000002243","","","","","","","2026-07-05T02:57:23.931Z","","","","","",""
"Kitty","BsZmwAbbYPMBKutiHnzzdwNFjNEQbfn1SJifMTeupump","100","0.001","","","","","","","","","","","","","0.000004625","","","","","","","2026-07-05T02:57:24.987Z","","","","","",""
"$SUIT","4LxDKWYbHv9ZYB8mYNt4nB238KXn1mjQgupg3etMpump","71","2.962962961","","","","","","","","","","","","","0.00000272","","","","","","","2026-07-05T02:59:24.029Z","","","","","",""
"Footsem","FRm1FfRjwGXjhfBwQu8pWfbaKUBNgTHwLx895H9apump","71","2.962962961","","","","","","","","","","","","","0.000003965","","","","","","","2026-07-05T02:59:24.934Z","","","","","",""
"FOOTSEM","DQCZWqiGzZ3QTBLLSnpSYEs2bcwi16dWrXY3pTqYpump","97","2.962962961","","","","","","","","","","","","","0.000004269","","","","","","","2026-07-05T03:08:23.309Z","","","","","",""
"H5N1","8msmwe3Nu2EvdvDWY2trSncqg3s4bjdWmKTmjsf3pump","71","3","","","","","","","","","","","","","0.000002251","","","","","","","2026-07-05T03:09:25.943Z","","","","","",""
"chillmanse","imh8h5ERBa7cepqKohm3WAdADX9fp4zzpq3Mm6Apump","87","2.999999999","","","","","","","","","","","","","0.000002369","","","","","","","2026-07-05T03:09:27.002Z","","","","","",""
"FREEDOM","2XUdW31Q4CNNDnzg12VfhygaetNbG3NyeQkjbdwKze3s","70","7","","","","","","","","","","","","","0.00000379","","","","","","","2026-07-05T03:09:27.943Z","","","","","",""
"ANSEM","HwoWwoRRDGAFv1sQtaAWKCPJZAa7tvC6UR7H8aqkpump","80","2.999999999","","","","","","","","","","","","","0.000002265","","","","","","","2026-07-05T03:09:29.031Z","","","","","",""
"Tokabu2","7p9QBvtRCTJHgcV5qahEgvLSoFpUNdpNPgDtM46Ypump","92","16.790123455","","","","","","","","","","","","","0.000006013","","","","","","0.000002665","2026-07-05T03:10:24.951Z","","","","","2026-07-05T03:12:22.123Z",""
"Lomdogs","D4cxmbQ44BFBzkf3uLzUFJK5Jiq7cNCLjyHy1egHpump","74","2.999999999","","","","","","","","","","","","","0.000002255","","","","","","","2026-07-05T03:10:26.099Z","","","","","",""
"RICE","EMgQx31bszTr6bQiobtWduM1bnWbTnSBRrNZBzTjpump","89","2.999999999","","","","","","","","","","","","","0.00001004","","","","","","","2026-07-05T03:10:26.948Z","","","","","",""
"Paragay","ALcopMMxcvhWS7R167pD8vx4pBnXT526Ej7ch6EPpump","100","2","","","","","","","","","","","","","0.000002503","","","","","","","2026-07-05T03:11:22.935Z","","","","","",""
"Expert","C7LHNq6mxpz763U8Gi5XEzT83G4JNQT4bWZsjKbPpump","71","2.998462327","","","","","","","","","","","","","0.000002369","","","","","","","2026-07-05T03:12:24.009Z","","","","","",""
"Tokabull","3q7UNxyair9EmWog9piEdaThZMm4NCy2jzPuYrUBpump","","","","","","","","","","","","","","","","","","","","","0.000002256","","","","","","2026-07-05T03:12:24.928Z",""
"3U5VUWJJU6","3bmsgFsybHptxyQAU3Kucd6v3yEVif1sdgStHBm9vpae","","","","","","","","","","","","","","","","","","","","","0.000002252","","","","","","2026-07-05T03:17:22.936Z",""
"8","AVqURXMbkGk7rAcDm1sXL58zBuQz9pAuRoQM99jGpump","70","7.901234566","","","","","","","","","","","","","0.000004245","","","","","","","2026-07-05T03:18:23.075Z","","","","","",""
"homedog","GNM3nmzK2napXMrMWWT5fMsJx9SnJ1NbZj8XUFc4pump","75","3.950617282","","","","","","","","","","","","","0.000002631","","","","0.000002542","","","2026-07-05T03:20:22.949Z","","","","2026-07-05T03:23:22.128Z","",""
"R_W_BLUE","2ftdewcXwEuGnQULcZWdJcVWB2ay2HgZg4x833agpump","100","0.040000001","","","","","","","","","","","","","0.000002258","0.000002258","","","","","","2026-07-05T03:21:22.945Z","2026-07-05T03:24:22.024Z","","","","",""
"DOGE","54fJdR4cvi7ESr1iobZqs3hkqeP9mTjhjKXQShp4pump","","","","","","","","","","","","","","","","","","","","","0.000002249","","","","","","2026-07-05T03:23:22.927Z",""
"PAPAYA","GTXkzSSp4SsNrzXHTZAhzvU3wkEoB8kPqijsSBbCpump","97","46.09929078","","","","","","","","","","","","","0.00001639","0.00001684","","","","","","2026-07-05T03:29:22.131Z","2026-07-05T03:31:22.039Z","","","","",""
"Mumdummie","EohMfPmdHAKc6bGA1cdJiTwuCRWKKMMhkj3nZYqCpump","77","4.444444442","","","","","","","","","","","","","0.000003448","","","","","","","2026-07-05T03:29:24.016Z","","","","","",""
"Doge","GwBTe72qLVFQ43hybv2dLNy1xG2hrXyBMw1YYdgwpump","96","33.580246912","","","","","","","","","","","","","0.00001051","","","","","","0.000002475","2026-07-05T03:29:24.938Z","","","","","2026-07-05T03:30:22.074Z",""
"niggerdick","3Ujy3L7azC8qCToh9yucwXjQoqnBZsUhusoyy8Vmpump","76","4","","","","","","","","","","","","","0.000002355","","","","","","","2026-07-05T03:33:22.926Z","","","","","",""
"blackbull","ANZf8NhUG1ydzxJZEmnnCWC6zJjvz2UUZj93MxTNpump","83","6.000000001","","","","","","","","","","","","","0.000003061","","","","","","","2026-07-05T03:35:22.946Z","","","","","",""
"IMMORTIBLE","5VAzBvzuDg3AhgQnMLwCtH1SYkrr3yEQvAaztYHVY5B","76","10","","","","","","","","","","","","","0.000004502","","","","","","","2026-07-05T03:36:22.921Z","","","","","",""
"250","Bc5trVP1wZpnRriCw8CJzLDRzQZvYKndaijbxcbreLCj","68","7","","","","","","","","","","","","","0.000002278","","","","","","","2026-07-05T03:39:24.909Z","","","","","",""
"Normie","9ceM7vykg2vD1zjhHTXwDz6AbKyArTEwYdr4e3q8pump","83","9.876543209","","","","","","","","","","","","","0.00001921","","","","","","","2026-07-05T03:39:26.021Z","","","","","",""
"EQL","qxFwg58az2PRC2eULJHhYvXrBaVbkPvQL4h4FjRpump","76","4.148148147","","","","","","","","","","","","","0.000002999","","","","","","","2026-07-05T03:39:26.938Z","","","","","",""
"blackcat","3toNxsv9dRLrtDXoth34HNMZv2NeXP5zecPa12oFpump","","","","","","","","","","","","","","","","","","","","","0.000001858","","","","","","2026-07-05T03:42:23.920Z",""
"KOLSC","9qkaxu3pMTL81DZsjv79aoKmcqoqgWSisLNLhwDJpump","75","3.950617282","","","","","","","","","","","","","0.000002999","","","","0.000002371","","","2026-07-05T03:42:24.947Z","","","","2026-07-05T03:45:22.007Z","",""
"CLAVMOG","47g5Px8Qr1okNkw2Mw4dfDdPkwNRgzWmcHBKpvHypump","100","0.026000001","","","","","","","","","","","","","0.00000225","0.00000225","","","","","","2026-07-05T03:43:22.972Z","2026-07-05T03:46:21.944Z","","","","",""
"Hermex","EFuLcmSBXPgNMMKfXaBQgg6syKEMbkTLMAn2JCQmpump","68","2.4691358","","","","","","","","","","","","","0.000005794","0.00000948","","","","","","2026-07-05T03:49:23.921Z","2026-07-05T03:52:21.951Z","","","","",""
"CROK","HL93BodANqPq9coR42HZ8Qta4rVY876rKnmSsqm1azkw","","","","","","","","","","","","","","","","","","","","","0.000002314","","","","","","2026-07-05T03:49:24.910Z",""
"blackchic","CDBywGnv734MspZKZeAGuhhn7aEzebrJ4k7fsfo2pump","","","","","","","","","","","","","","","","","","","","","0.000001672","","","","","","2026-07-05T03:50:22.913Z",""
"GER","CiPfC17j5FEVFTSSAv4viDDfzqvbvrXaS3HxJEJipump","80","5.300000001","","","","","","","","","","","","","0.000003132","0.000003117","","","","","","2026-07-05T03:52:21.973Z","2026-07-05T03:51:21.954Z","","","","",""
"AIG5","3eym2HuoGshVyzPM6MdbmPupBhrZYdprKGe76Yhqpump","79","4.938271603","","","","","","","","","","","","","0.000002252","","","","0.000002252","","","2026-07-05T03:52:23.019Z","","","","2026-07-05T03:55:22.020Z","",""
"MARS","5tCJiD4epsZECtBaALieH1CesuxiijWHuU68ap7Jpump","","","","","","","","","","","","","","","","","","","","","0.000004564","","","","","","2026-07-05T03:58:23.928Z",""
"ONBOARD","4SSQBosYNhpxeypU58tqyBrisPTNGKboP1158hWWpump","88","9.876543208","","","","","","","","","","","","","0.000002478","","","","0.000002706","","0.000002706","2026-07-05T03:58:25.022Z","","","","2026-07-05T04:01:21.991Z","2026-07-05T04:01:21.985Z",""
"Miwi","4yzx2ZzdoawEUrP25pXcNZi8AN98m2yEbPaba8tnpump","71","3","","","","","","","","","","","","","0.00001364","0.00002669","","","","","","2026-07-05T04:00:22.925Z","2026-07-05T04:03:22.052Z","","","","",""
"MARS","3nqKSCVm6srAeoSfoGGzD2cJ9rRKyAJJaFevhwBnpump","71","2.962962961","","","","","","","","","","","","","0.000006113","","","","","","","2026-07-05T04:07:23.146Z","","","","","",""
"ASSEM","2mQAggvHpDiXVqwLSJUShNJiHrJxVhU96KZYz5DBpump","97","42.000000001","","","","","","","","","","","","","0.00001384","","","","","","","2026-07-05T04:10:22.903Z","","","","","",""
"Miwi","Gh7mhhufEhqDzqc36VWGCHBtxKb9oYZ6NL2i8jD9pump","70","2.843","","","","","","","","","","","","","0.000002289","","","","0.000002282","","","2026-07-05T04:11:22.939Z","","","","2026-07-05T04:15:22.063Z","",""
"Abyss","Gdbgtyr4vNGw1n2chXsJ4x9jd2kUfRYLthbNW2Qypump","71","3","","","","","","","","","","","","","0.000002259","","","","0.000002253","","","2026-07-05T04:20:23.119Z","","","","2026-07-05T04:23:21.929Z","",""
"Foodimals","9UXgTcHwWnh4EtAQXgHbFKxXLpRPd8B4CwxVy8brpump","71","2.962962961","","","","","","","","","","","","","0.000002255","","","","","","","2026-07-05T04:26:23.171Z","","","","","",""
"Abyss","7sas9csSmhXYuTB9D5dfHpnuezzn7arqfLLCCj7Ypump","71","3","","","","","","","","","","","","","0.00000256","","","","0.000002257","","0.000002257","2026-07-05T04:27:22.908Z","","","","2026-07-05T04:30:21.948Z","2026-07-05T04:31:21.961Z",""
"Abyss","4xo9ndbQ5Z1dvWqGhMzjQQ3VCoahr1MuPS5GQVkTpump","71","3","","","","","","","","","","","","","0.000007252","0.00001369","","","","","","2026-07-05T04:33:23.153Z","2026-07-05T04:36:21.970Z","","","","",""
"TJRwhale","325vMZ9tK3qa6yM4ntrg1bgEwhYXp3P6DoYG2oDYpump","71","2.962962961","","","","","","","","","","","","","0.000002817","","","","0.000002614","","","2026-07-05T04:42:23.200Z","","","","2026-07-05T04:45:21.939Z","",""
"Tithouse","7v6hqJKWY9aGLJ4DaL6tg94p2jM3MRm6cYT4qFgupump","","","","","","","","","","","","","","","","","","","","","8.537e-7","","","","","","2026-07-05T04:43:22.934Z",""
"PEPPER","EAqX9LyFhcNr85BScBRU6kpXKgpNHLXHJAD9Fmarpump","71","2.962962961","","","","","","","","","","","","","0.000002323","","","","0.00000226","","","2026-07-05T04:44:22.957Z","","","","2026-07-05T04:48:21.976Z","",""
"PPCLAW","4whbgY7cAVAE5m8zN9JzUSYJZdQp25jR9m2UJ9AMpump","71","2.962962961","","","","","","","","","","","","","0.000002767","","","","0.000002257","","","2026-07-05T04:50:23.182Z","","","","2026-07-05T04:53:21.989Z","",""
"モネ","82uPiJeUmpKFk7Kz96MRcuHtxqRnymMXy14d8uWbpump","71","3","","","","","","","","","","","","","0.000002268","","","","0.000002252","","","2026-07-05T05:00:24.378Z","","","","2026-07-05T05:04:21.943Z","",""
"Croissant","BBSnN3F3PTgcibG3rrVNjJdHi9a6WaixjQKmy7GTpump","87","9","","","","","","","","","","","","","0.00001134","","","","0.000008013","","0.00000486","2026-07-05T05:06:23.166Z","","","","2026-07-05T05:09:21.993Z","2026-07-05T05:11:21.976Z",""
"USA","HkQn37PtzWbeXx1RMyZwWQdR5CEQp6Z9RotqDmuVcKtu","79","5","","","","","","","","","","","","","0.000002353","","","","0.00000225","","","2026-07-05T05:09:22.909Z","","","","2026-07-05T05:12:21.963Z","",""
"BUL","CGT5pGSnokiTU7CLsfFCnAbvgGMxtZGvQVnrLRKbpump","100","19.753086419","","","","","","","","","","","","","0.00001961","0.0000238","","","","","","2026-07-05T05:10:22.876Z","2026-07-05T05:13:21.931Z","","","","",""
"coin","245TEhVuUFPAevK5U1pnDmyVyNJH2STgkH7tPeN3pump","73","4.444444442","","","","","","","","","","","","","0.00001089","","","","0.000007666","","","2026-07-05T05:11:22.880Z","","","","2026-07-05T05:14:21.990Z","",""
"Trumpception","Fn6kBh5WZGZjrXyztyMTSDGk7h1Tk9PWMH3YxLXpump","79","4.938271603","","","","","","","","","","","","","0.000003541","","","","","","0.000003572","2026-07-05T05:12:22.928Z","","","","","2026-07-05T05:16:21.961Z",""
"FORGE","GZCZA7zFC9YWntCH4Htud22ueum2xBGSBDvFALj4pump","","","","","","","","","","","","","","","","","","","","","3.805e-7","","","","","","2026-07-05T05:14:22.941Z",""
"AMERICA","dzFn6Mw8MEdD9zoBBf2pQAPCw6tsqHCsiavJ4nrpump","75","3.950617282","","","","","","","","","","","","","0.00000225","","","","0.00000225","","","2026-07-05T05:16:24.054Z","","","","2026-07-05T05:20:21.929Z","",""
"FAP","EyrtTfKZywGFjQscmmfP5gswMjsvsDGdakykFXkVpump","71","3.950617282","","","","","","","","","","","","","0.000004172","","","","0.000002325","","0.000002306","2026-07-05T05:16:24.898Z","","","","2026-07-05T05:19:21.971Z","2026-07-05T05:20:21.912Z",""
"FORGE","HciHxH721K3syEArWXikDr8nNxTPPDJcf4QLDkeepump","70","0.197530863","","","","","","","","","","","","","0.00001699","","","","0.000007225","","0.000001929","2026-07-05T05:17:22.929Z","","","","2026-07-05T05:20:21.952Z","2026-07-05T05:21:21.914Z",""
"CHIRAQ","4wqmqVArhpx9Eqavp2e12umAqaAjg1WrPkocgijBpump","79","5","","","","","","","","","","","","","0.000002249","","","","0.000002249","","","2026-07-05T05:24:23.177Z","","","","2026-07-05T05:28:21.903Z","",""
"p","GbqA4P83aRzSmt58QPNzNCNg4Y5AgRcMSE8JHsJdpump","79","5","","","","","","","","","","","","","0.000008258","0.00001185","","","","","","2026-07-05T05:26:23.923Z","2026-07-05T05:29:22.006Z","","","","",""
"VOICEBOX","DYVNrZ1nWfBJ7vM1wo6J2bxKfm238HoQzihXojWcpump","88","9.876543208","","","","","","","","","","","","","0.000006372","","","","","","0.000002355","2026-07-05T05:26:24.943Z","","","","","2026-07-05T05:28:21.938Z",""
"Boar","2ceC9CtCCWR47TL3ZEHfwG27Wg9HkYdbe26KcJgGpump","71","3","","","","","","","","","","","","","0.000002354","","","","0.00000225","","","2026-07-05T05:27:22.902Z","","","","2026-07-05T05:31:22.015Z","",""
"FAKEGRAD","3mDj7p19CtzSYpyvGdM88aeheopozw5MoVPNWnDdfake","79","4.938271603","","","","","","","","","","","","","0.000003589","","","","0.000002507","","","2026-07-05T05:28:22.896Z","","","","2026-07-05T05:31:21.965Z","",""
"Ditto","6UK6uysWkE75BnzTfzZuW18H24oJidFydDgv7vSgpump","82","6","","59.927","","","","","-20.59159759931408","","","","","","0.000004638","0.000006998","","","0.000005557","","","2026-07-05T05:36:23.219Z","2026-07-05T05:39:21.976Z","","","2026-07-05T05:40:21.903Z","",""
"Coin","CUwTFkkQxQzb3iUgcCxqKHiVRzCbTTmYm5uUnjpCpump","100","0.001","","","","","","","","","","","","","0.000002339","","","","0.000002258","","","2026-07-05T05:39:22.874Z","","","","2026-07-05T05:42:22.127Z","",""
"NOAH","5LgzhDGVbXCpgVbZtruP7GSufHoFbx8Lp1ssiYdypump","71","2.962962961","","180.013","","","","","-21.668742216687416","","","","","","0.000009754","0.00001606","","","0.00001258","","","2026-07-05T05:40:22.878Z","2026-07-05T05:43:21.911Z","","","2026-07-05T05:46:21.924Z","",""
"FILTER","FJeqVhZLJgLpwcajh91d7p3RXbVhrcSkQzvHW9WRpump","71","3","","","","","","","","","","","","","0.000002261","","","","","","0.000002243","2026-07-05T05:42:22.868Z","","","","","2026-07-05T05:46:21.932Z",""
"HA","CCsjENUPkJ2fmSQjLxn8WgE959p3C1Av9G5GBTE2pump","71","3","","","","","","","","","","","","","0.000003132","","","","0.000002857","","","2026-07-05T05:43:22.984Z","","","","2026-07-05T05:47:21.896Z","",""
"FAP","2R91XFrb2974q4G86vy89iRuJRkeRND6NQw6ZRQapump","68","3.950617282","","","","","","","","","","","","","0.000002293","","","","0.000002244","","","2026-07-05T05:44:22.888Z","","","","2026-07-05T05:48:21.957Z","",""
"SPREAD","ERsrC2jyQn5TT8N4n5r7eLANG6Hjifc6DmKpPWt6pump","79","5","","","","","","","","","","","","","0.000002268","","","","0.000002268","","","2026-07-05T05:51:23.126Z","","","","2026-07-05T05:55:21.907Z","",""
"MEME","Fgm5pFNsqEjsg3R1MWBzoirZM3Yut7Lv3VgwKiEpump","75","3.950617282","","60.015","","","","","-22.493249324932503","","","","","","0.000008052","0.00001111","","","0.000008611","","","2026-07-05T05:53:22.860Z","2026-07-05T05:56:21.907Z","","","2026-07-05T05:57:21.922Z","",""
"BEGWORK","9koSPobtuR89QUSxG9iFb4czkRpB96CYoC7PBrXdpump","71","3.061728393","","","","","","","","","","","","","0.000002295","","","","","","","2026-07-05T06:04:23.044Z","","","","","",""
"G2511","97UwPD3cd8GMRrJtEJtmrUv63UMogQbqDsQiA9mUpump","","","","","","","","","","","","","","","","","","","","","0.000001725","","","","","","2026-07-05T06:05:24.866Z",""
"G25","2nb2TMjTo8UrU8s8e9Hu8rdZ5Brqfvr2vKtRY9g3pump","","","","","","","","","","","","","","","","","","","","","0.000001518","","","","","","2026-07-05T06:05:25.862Z",""
"gn","Gp1uo5NtiAEPGkFkGUXZWJfg6UBDMrhrTgdHGGUrpump","","","","","","","","","","","","","","","","","","","","","0.000001042","","","","","","2026-07-05T06:05:26.912Z",""
"gn","9ZPaCaRbPPDRmbeV6CFUxjD5xpiccgebXY38Wggtpump","","","","","","","","","","","","","","","","","","","","","9.627e-7","","","","","","2026-07-05T06:06:24.875Z",""
"BANSEM","CAZipQrAprryiaaAxoz4eakYwJonRLPo5AQue84mpump","100","0.250000001","","","","","","","","","","","","","0.00003181","","","","0.00002557","","0.000005734","2026-07-05T06:06:25.858Z","","","","2026-07-05T06:10:22.002Z","2026-07-05T06:11:21.884Z",""
"HELLO?","FBU6YD4cP2VBQFfBjmkdfkj6TettxUzJVNYD7T76pump","","","","","","","","","","","","","","","","","","","","","8.969e-7","","","","","","2026-07-05T06:06:26.846Z",""
"...","CtZCJPtBfKqYpfiXHN6BZ66Aohgj7UPLNpGgaEgWpump","71","9.876543208","","","","","","","","","","","","","0.000002519","0.000002519","","","","","0.000002519","2026-07-05T06:07:22.857Z","2026-07-05T06:10:21.969Z","","","","2026-07-05T06:10:21.959Z",""
"Coin","BTekQ3GCBBvKod698Wx81TTypFAkbet7W1fS7SWJpump","73","3.407407406","","","","","","","","","","","","","0.000002248","0.000002272","","","","","","2026-07-05T06:09:23.860Z","2026-07-05T06:14:21.934Z","","","","",""
"MJA","WPdJAfusGe4EdxgUNQnZtmTMCjHe2d8nETGRMFYpump","","","","","","","","","","","","","","","","","","","","","0.000001666","","","","","","2026-07-05T06:09:24.923Z",""
"BUZZ","5u1dXqcApPKvCRk7Ff5PtY6MdJY9PJHMVCMQYbEtpump","85","7.901234566","","119.953","","","","","-25.387926719391334","","","","","","0.000004486","0.000009989","","","0.000007453","","0.000003027","2026-07-05T06:15:25.842Z","2026-07-05T06:18:21.962Z","","","2026-07-05T06:20:21.915Z","2026-07-05T06:22:21.949Z",""
"Ansemrot","C7YueNfoYJSTVUMpmiFXMz9unnAFBXpTdBQcWJ4pump","71","3","","","","","","","","","","","","","0.00000492","","","","0.000002272","","0.000002258","2026-07-05T06:19:22.871Z","","","","2026-07-05T06:22:21.918Z","2026-07-05T06:24:21.940Z",""
"Memes","FgMPVd82LdFwKAvxSRYCyRdMvMYX9xgEd9tGeNEjpump","71","3","","","","","","","","","","","","","0.00000225","","","","","","","2026-07-05T06:20:22.868Z","","","","","",""
"Memenote","HMi9fo8sCgA8PSw2PBH7U5w4agGZ7Xxwq3kbFaREpump","68","2.469135801","","","","","","","","","","","","","0.000002251","","","","0.000002251","","","2026-07-05T06:24:22.938Z","","","","2026-07-05T06:28:21.912Z","",""
"HYDRO","Fa9Bs3m1d9dLMVQiGvAD4Grd7Zp2rj9K9mWfABXEpump","71","2.962962961","","","","","","","","","","","","","0.00000548","","","","0.000002872","","0.000002875","2026-07-05T06:30:23.058Z","","","","2026-07-05T06:33:22.043Z","2026-07-05T06:34:21.887Z",""
"BANSEM","AS8ai7efXNDqBDwnA3TTadwpKw5eR9BSq8xk7yGqpump","","","","","","","","","","","","","","","","","","","","","9.01e-8","","","","","","2026-07-05T06:31:22.949Z",""
"IGGY","Qd7fdSgqA4qYbAMEgWv4Bs1hgHFzPm41TNAiJ4hpump","95","27.000000001","","","","","","","","","","","","","0.000009976","","","","","","0.000002465","2026-07-05T06:32:22.930Z","","","","","2026-07-05T06:34:21.875Z",""
"BANSEM","CfFxaRmGC2fbr8nTQW9vjjc2QKdT8pryLrd6wtHmpump","","","","","","","","","","","","","","","","","","","","","4.031e-7","","","","","","2026-07-05T06:33:22.860Z",""
"Bob","EqHs7T1aRv5qNcZHxhHCkoBXGJcfruZuAdeM1yKPpump","","","","","","","","","","","","","","","","","","","","","6.716e-7","","","","","","2026-07-05T06:35:22.852Z",""
"MHP","EWfGdjXdLkJwrfzSCihUWhLtftw6Czvn2A2SnJCtpump","79","4.938271603","","","","","","","","","","","","","0.000003057","0.000003991","","","","","","2026-07-05T06:36:22.970Z","2026-07-05T06:39:21.944Z","","","","",""
"Bob","7QFeehSkTXSqw9XgPdit5GszKii1sE4D6ghJVqWWpump","","","","","","","","","","","","","","","","","","","","","5.912e-7","","","","","","2026-07-05T06:37:22.936Z",""
"sketch","BgJiX3VTuUcnEArmXQwrPTT5bFPqvbbdZKLbfoP8pump","","","","","","","","","","","","","","","","","","","","","3.192e-7","","","","","","2026-07-05T06:39:23.999Z",""
"BFAIRS","35AmvDz5U211oZVnKXwY89xSaiLvsygKgxoWMFYbpump","","","","","","","","","","","","","","","","","","","","","1.389e-7","","","","","","2026-07-05T06:39:24.902Z",""
"BFAIRS","DJ8VYYZbLjtHL4zwgj1eSkXzptEni5upHus1cE2Tpump","","","","","","","","","","","","","","","","","","","","","4.046e-7","","","","","","2026-07-05T06:44:22.860Z",""
"MemeNote","FSBuWoWwqqw6qcq3s8p2Vp5BcbJk8YXHEjqoptagpump","70","2.814814813","","60.081","","","","","-40.3672166045769","","","","","","0.000005925","0.000007516","","","0.000004482","","","2026-07-05T06:47:22.854Z","2026-07-05T06:50:21.881Z","","","2026-07-05T06:51:21.962Z","",""
"INSTAR","9RYGpJYHRPVNCnmiabDorWckgA8L8fNuWa8VRKuYpump","71","2.962962961","","-59.977","","","","","-7.628094415659183","","","","","","0.000003713","0.000003474","","","0.000003209","","","2026-07-05T06:48:22.893Z","2026-07-05T06:52:21.913Z","","","2026-07-05T06:51:21.936Z","",""
"AGIXT","3HY3ux7zc1T5ddiuBxJMmN2x5DnSjChEVPD6CPoppump","75","5","","","","","","","","","","","","","0.000003992","","","","0.000002296","","0.000002296","2026-07-05T06:52:22.874Z","","","","2026-07-05T06:55:21.976Z","2026-07-05T06:57:21.988Z",""
"TWIN","HgH3Dpcxv3ZevQc9k755mTaJeYHd7N2YgyL2CSC6pump","69","2.65","","","","","","","","","","","","","0.000004739","","","","0.000002646","","0.000002602","2026-07-05T06:54:23.867Z","","","","2026-07-05T06:57:21.962Z","2026-07-05T06:58:21.867Z",""
"WIFCAT","EBLfQJEKoSwGhUcuC7KcyfGN37BVLx8ZGBqLoMQbpump","","","","","","","","","","","","","","","","","","","","","2.693e-8","","","","","","2026-07-05T06:54:24.891Z",""
"WIFCAT","4kBPy9Y6fNR7suVP7SEuSZ6YuZRxcbqYtWSSyaEEpump","","","","","","","","","","","","","","","","","","","","","2.645e-8","","","","","","2026-07-05T06:56:23.836Z",""
"FAP","8CxCsmxPZdjEBQFP8poxGp77osKGPWSWmiQ6BYSVpump","71","2.962962961","","","","","","","","","","","","","0.000003358","","","","0.000002451","","","2026-07-05T06:56:24.879Z","","","","2026-07-05T06:59:21.997Z","",""
"WHALESEM","xQKZpd5oVpMa4dzujdBntrwPZ9FwEq7v2uBTeH8pump","79","4.938271603","","","","","","","","","","","","","0.000003994","","","","0.000003685","","","2026-07-05T06:58:23.876Z","","","","2026-07-05T07:01:21.906Z","",""
"Waymo","4EAZ5Eu2DZDQtn4tJ6dz8t5VaKWd5NhkjDp3SFcUpump","69","2.65","","","","","","","","","","","","","0.000002252","","","","0.000002252","","","2026-07-05T06:58:24.862Z","","","","2026-07-05T07:01:21.886Z","",""
"HOMO","CkrvQvF4MHPEwPo7kMPLPMeSfijuzRqrEXcrzHjmpump","","","","","","","","","","","","","","","","","","","","","1.759e-7","","","","","","2026-07-05T07:00:22.603Z",""
"M-Coin","4yTQd1iP2ULbaJmygFpmvGDPeyGfrHnntQsXPzJQpump","69","2.65","","","","","","","","","","","","","0.000002981","","","","","","","2026-07-05T07:03:23.860Z","","","","","",""
"Pokerogue","E56YLVeyiiY9PjnyPcWN4AHew9zw5mj3CugA4LHrpump","71","3","","","","","","","","","","","","","0.000002328","","","","","","","2026-07-05T07:03:24.846Z","","","","","",""
"Meerkats","5TjBA6wTQGPiHD7Ygq9bASpqbkpH8g6pKjWx4KSBpump","79","5","","","","","","","","","","","","","0.000002435","","","","","","","2026-07-05T07:04:22.861Z","","","","","",""
"FIREWORKS","AQ2rNxCBRupMdau3Ud5Z6AESXKk4phEKFxkVv5twpump","69","5","","","","","","","","","","","","","0.000002296","","","","","","","2026-07-05T07:05:24.864Z","","","","","",""
"Dell","FaC4mcQAmQXaMd8Dj5N7x6ZeFfbMY22rJ97LDPD2pump","75","4.938271603","","","","","","","","","","","","","0.000002255","","","","","","","2026-07-05T07:05:25.842Z","","","","","",""
"SEASHELL","2gufzFY9o3uLecWLQh3GDjJF2KN8jep8Ln3ZaE1ipump","69","2.65","","","","","","","","","","","","","0.000002252","","","","","","","2026-07-05T07:05:26.844Z","","","","","",""
"DOVE","omrpb3ZwsKoJebwkCSuNRh9rPdot95jeqfWd3Uupump","88","10","","","","","","","","","","","","","0.00002068","","","","","","0.000002264","2026-07-05T07:07:23.854Z","","","","","2026-07-05T07:09:21.923Z",""
"VV","4zMPpXXJuq1DLYBYEDrC9GfxV1covmzkCVYSupCLpump","68","5","","","","","","","","","","","","","0.000002402","","","","0.000002253","","0.000002253","2026-07-05T07:07:24.819Z","","","","2026-07-05T07:11:21.872Z","2026-07-05T07:11:21.864Z",""
"HOMO","8PcX7KoY58Mudg9x2aGgMJhLTV3oXYDZFuFQWejWpump","","","","","","","","","","","","","","","","","","","","","7.724e-7","","","","","","2026-07-05T07:08:22.857Z",""
"#EasyMoney","3uJUvwciCXYuxb9ymZS1wExfkwTv1dkYvQ7EUZ6Zpump","69","2.65","","","","","","","","","","","","","0.000002407","","","","0.000002253","","","2026-07-05T07:09:22.827Z","","","","2026-07-05T07:12:21.944Z","",""
"nsmm","DCh8hvLnqyKP3jPiqNSgcHydnypQYAeKkvXNJbw1pump","89","10.864197529","","","","","","","","","","","","","0.000005253","0.000005715","","","","","","2026-07-05T07:12:23.847Z","2026-07-05T07:17:21.937Z","","","","",""
"C","8kXbcHvHBf1JQtewxWFabdxMGy828xpd8WYuFhKwpump","98","0.001","","","","","","","","","","","","","0.000002263","","","","0.000002263","","","2026-07-05T07:12:24.834Z","","","","2026-07-05T07:16:21.966Z","",""
"AGIXT","94GRMowSmUkd7dd7d9HwATGkkDwKpphwJ6qy1fxgpump","72","5","","","","","","","","","","","","","0.000002292","","","","0.000002248","","","2026-07-05T07:13:22.832Z","","","","2026-07-05T07:18:21.996Z","",""
"DOLLY","2DB7oCmV96XKBvgKKDPEtFnRYAZkcZV8EKHu5yBopump","","","","","","","","","","","","","","","","","","","","","0.00000225","","","","","","2026-07-05T07:14:23.944Z",""
"タド","GB19EBMbo9ai3yStK7c6HwvtdH1ffDaYjfnr2Fk1pump","69","2.65","","","","","","","","","","","","","0.00000225","","","","","","","2026-07-05T07:14:24.839Z","","","","","",""
"nsmm","5XLWjFbRDbKVr5MrKagZug14hcHV4i1tAqioWdApump","70","2.859259258","","","","","","","","","","","","","0.000007919","","","","","","0.000002457","2026-07-05T07:15:23.993Z","","","","","2026-07-05T07:19:21.879Z",""
"Bully","46H9QxrJ6uPLz3WmDHbxxhJDvEkQdfYLHWEXWREnpump","","","","","","","","","","","","","","","","","","","","","3.08e-7","","","","","","2026-07-05T07:15:24.846Z",""
"AGIXT","44CZr48boKT7oWr8q3g3zgK7X2UNaekw41PDcKypCdyv","72","8","","","","","","","","","","","","","0.00001009","","","","0.000006283","","","2026-07-05T07:16:22.937Z","","","","2026-07-05T07:22:21.961Z","",""
"DevXT","CogDSEVvCXpTGdXmfeTioocrGd8ti4GzPM3fTR6apump","71","3.083247688","","","","","","","","","","","","","0.000003019","","","","0.00000225","","","2026-07-05T07:17:23.855Z","","","","2026-07-05T07:21:21.853Z","",""
"Bull ","3HuxSbnKgMfVVMX51QqsoRmoPPvpjxjev9qrpandiaUX","71","3","","","","","","","","","","","","","0.000002273","","","","0.000002257","","","2026-07-05T07:17:24.819Z","","","","2026-07-05T07:21:21.884Z","",""
"TikTok","DpSCFJ7thTLkS8cFyzr5fLDDD1atsWdpRo2HEarQpump","69","2.65","","","","","","","","","","","","","0.000002261","","","","0.000002252","","","2026-07-05T07:18:22.865Z","","","","2026-07-05T07:22:21.917Z","",""
"Twin","AvF4YtNLfNoML5xK8krdTNjQQkEK1nxP4J3SD4Sjpump","83","6.872852234","","","","","","","","","","","","","0.000002937","","","","","","0.000002517","2026-07-05T07:19:22.858Z","","","","","2026-07-05T07:22:21.930Z",""
"Cody","Gyk88c9hqZVx82qCKo7FhCBCsCSqhM4H16D8z1D8pump","72","5","","","","","","","","","","","","","0.000002381","","","","","","","2026-07-05T07:23:22.838Z","","","","","",""
"MIGUEL","DvnhG2QBEBSfFpFpwrgxy7T4DNykXXbwo1zogHA7zhA9","71","3","","","","","","","","","","","","","0.00000225","0.00000225","","","","","","2026-07-05T07:25:23.974Z","2026-07-05T07:28:21.875Z","","","","",""
"TRUMP","CPxhTM8Pgn3JY2bqtjNmiKnFr3TPduzgxBLJ8o7spump","69","2.65","","","","","","","","","","","","","0.000002249","","","","0.000002249","","","2026-07-05T07:25:24.830Z","","","","2026-07-05T07:28:21.906Z","",""
"SAVINGS","48NN8g4bKZ1d2kA5pAqcXFcMZsTXJ9X8qQLphg1Cpump","","","","","","","","","","","","","","","","","","","","","8.276e-8","","","","","","2026-07-05T07:27:22.843Z",""
"MMAGA","97VnC8YgLPSn4d6AVtQ6r1AcW2nBmZn5efWhvHW8pump","95","0.500000001","","","","","","","","","","","","","0.000003488","","","","","","0.000001381","2026-07-05T07:28:22.919Z","","","","","2026-07-05T07:29:21.880Z",""
"Croissant","E4kr1YFBHdzR57gsSCmXtZkuP1n56Qt7RMCw9CyHesvp","71","3","","120.067","","","","","0","","","","","","0.000002247","0.000002247","","","0.000002247","","","2026-07-05T07:29:22.846Z","2026-07-05T07:32:21.890Z","","","2026-07-05T07:34:21.957Z","",""
"StackSats","3X6S2qkpbAyyG2nWuGuroatZ3DXLZhYEdVRfFeGKpump","74","3.753086418","","","","","","","","","","","","","0.000007473","","","","0.000004896","","","2026-07-05T07:30:24.311Z","","","","2026-07-05T07:34:21.897Z","",""
"Pwolice","AsrRy1GPqYBmSD1tqRUQMJZnCGq5SS3fgxPeJVPzpump","70","5","","","","","","","","","","","","","0.000002393","","","","0.000002324","","0.000002324","2026-07-05T07:30:24.887Z","","","","2026-07-05T07:34:21.923Z","2026-07-05T07:34:21.910Z",""
"UNIFLY","9euvNdksHkiPRr9yrcrqH6rPeq7K4odNP6kWcXWdpump","69","2.65","","","","","","","","","","","","","0.000002352","","","","0.000002249","","","2026-07-05T07:30:25.823Z","","","","2026-07-05T07:33:21.940Z","",""
"RAWRSSRD","2c91xN5LXN1RqauB2HW3Znqq3hWWd3QCZssAevUEpump","71","4","","","","","","","","","","","","","0.00000225","","","","0.00000225","","","2026-07-05T07:33:22.907Z","","","","2026-07-05T07:37:21.979Z","",""
"Bully","EbcqcqoNXTe25QHcDxzgEzFXh1oon4FqTM9qNoXUpump","","","","","","","","","","","","","","","","","","","","","3.241e-7","","","","","","2026-07-05T07:34:22.894Z",""
"MONEY","9fA1w898Yd2ncNezSBpqEjL6oXrqq9NXMAjYRahapump","69","2.65","","","","","","","","","","","","","0.000002265","","","","0.000002252","","","2026-07-05T07:36:22.842Z","","","","2026-07-05T07:40:21.842Z","",""
"Rice","HLtEirDFzPK4TLvFZVCyfyjvqReAuR2iRDuULyczpump","94","0.001","","","","","","","","","","","","","0.000002253","","","","0.000002253","","","2026-07-05T07:37:22.863Z","","","","2026-07-05T07:40:21.896Z","",""
"IVU","8WduH6vLrzAbLo81zSVHVhefKDexsWsGG44Veimhpump","","","","","","","","","","","","","","","","","","","0.000002251","","","","","","","2026-07-05T07:39:21.940Z","",""
"FATCOIN","DgXN8eipF3KqnGmXiqKez2Hb6tK1RBm3WMzdceRNpump","88","0.001","","","","","","","","","","","","","0.000002357","","","","0.000002254","","","2026-07-05T07:40:22.806Z","","","","2026-07-05T07:43:21.856Z","",""
"GMAGA","AyzycFa4dFBv5YNU6fY9WnREachyXoBCbzA7vXsupump","","","","","","","","","","","","","","","","","","","","","5.452e-7","","","","","","2026-07-05T07:42:23.831Z",""
"Normiе","J4YxBncwDBTNFY3biDYYzApyRRkqUKCgGt18d9gapump","69","2.65","","","","","","","","","","","","","0.000002253","","","","0.000002253","","0.000002253","2026-07-05T07:42:24.833Z","","","","2026-07-05T07:45:21.975Z","2026-07-05T07:46:21.950Z",""
"TMC","neuZZ66Fy7LKa1Ck3S9gFTA9bzc6r496whRcC3Kpump","75","3.950617282","","119.98","","","","","-14.309021113243759","","","","","","0.000006312","0.00001042","","","0.000008929","","0.00000572","2026-07-05T07:44:23.893Z","2026-07-05T07:47:21.878Z","","","2026-07-05T07:49:21.858Z","2026-07-05T07:52:21.861Z",""
"ブル","EPxEnacUDqFFjDzmnXWM6FiJiBzEQXDUXBDxgjMQpump","69","5","","","","","","","","","","","","","0.00000226","","","","0.000002252","","","2026-07-05T07:44:24.871Z","","","","2026-07-05T07:49:21.886Z","",""
"Fun","D3anLJfqTU9JzpQkAedVcDydhb7RDMG1DMqz3R4ipump","68","5","","","","","","","","","","","","","0.000002254","","","","0.000002254","","","2026-07-05T07:47:22.604Z","","","","2026-07-05T07:51:21.987Z","",""
"RGB","GkqoNQAj4dKuD9HZCPDb7nBJxd3sEt8cQQ4DDtYGXnJQ","71","3","","","","","","","","","","","","","0.000002357","","","","0.000002253","","","2026-07-05T07:48:23.814Z","","","","2026-07-05T07:53:21.872Z","",""
"PENNIES","Awj9pYR32pKiVG8ZZgQBbEU1oNRfukqDdj8fpie1pump","71","3","","","","","","","","","","","","","0.000002253","","","","","","","2026-07-05T07:48:24.809Z","","","","","",""
"BEAST","Cdesix5o4LvxZuajcnkVzQPvJfdvRwU4Esq7H8Xkpump","","","","","","","","","","","","","","","","","","","","","9.478e-7","","","","","","2026-07-05T07:51:22.817Z",""
"ALESSIO","E8qC8obbeRZwdrFBByhoVeApiAp4ZU2k5CD5mzpwpump","72","8","","240.106","","","","","-5.183439919219122","","","","","","0.000004902","0.000005942","","","0.000005634","","","2026-07-05T07:56:22.823Z","2026-07-05T07:59:21.880Z","","","2026-07-05T08:03:21.986Z","",""
"BULL","Fm4VD4D2Dhei4mzkRM4xzLFRoPkUZtimq61LzE73pump","100","0.197500035","","","","","","","","","","","","","0.000002272","0.000002272","","","","","0.000002272","2026-07-05T07:59:22.822Z","2026-07-05T08:02:21.896Z","","","","2026-07-05T08:02:21.886Z",""
"Chudguin","7YM5CqNtxJtvjLqCYa1ajSBvePZMRPczo6zGAuQ3pump","71","3","","","","","","","","","","","","","0.000003756","","","","0.000002546","","","2026-07-05T08:02:22.908Z","","","","2026-07-05T08:05:21.903Z","",""
"LUICE","5tiPpMsEiRcdqJqQd7yoksMos482konwTmg5yfUypump","71","2.962962961","","","","","","","","","","","","","0.000002255","","","","0.000002255","","","2026-07-05T08:06:22.832Z","","","","2026-07-05T08:11:21.864Z","",""
"WORLD","EPCBkn2uAESMeXXpDM5CcXZsH6iMjRgUwowZaMh1pump","71","2.962962961","","300.217","","","","","14.891112419070026","","","","","","0.000007423","0.00001699","","","0.00001952","","","2026-07-05T08:10:22.861Z","2026-07-05T08:13:21.926Z","","","2026-07-05T08:18:22.143Z","",""
"OGY","9knYvyn196v1XGJPjUdLbmuYkeNVwDX5vGVMvN4Vpump","99","1.000000001","","","","","","","","","","","","","0.000002406","0.000002412","","","","","","2026-07-05T08:13:23.855Z","2026-07-05T08:16:21.856Z","","","","",""
"FTC","iUXYwxi8MEsp8EnqUwkzPmxAbxXQsnVczsGWK1opump","71","3","","","","","","","","","","","","","0.000006151","","","","0.000002269","","0.000002269","2026-07-05T08:13:24.856Z","","","","2026-07-05T08:17:21.954Z","2026-07-05T08:17:21.941Z",""
"BCAT","6zTwPdeZ8XFLQgGb2H5fH37urxxPemhnpvc5Z9JKpump","","","","","","","","","","","","","","","","","","","","","3.585e-7","","","","","","2026-07-05T08:14:22.871Z",""
"Bullmerica250","g91xayJchJtyjBoGFUWg2ws4Ao9vkAvsMbXpNfDpump","79","4.888888884","","","","","","","","","","","","","0.00000367","0.000004664","","","","","","2026-07-05T08:18:23.926Z","2026-07-05T08:21:21.917Z","","","","",""
"Bull","AdnvvLphp3qWpjuYVBUZUXEcdeDDQeuGY6AzuzmLpump","","","","","","","","","","","","","","","","","","","","","2.265e-7","","","","","","2026-07-05T08:18:24.827Z",""
"BULLCAT","7Jtzy1zBriJSLrWu4jQFYJEREQAeKiBReyKtYvzFpump","","","","","","","","","","","","","","","","","","","","","3.701e-7","","","","","","2026-07-05T08:22:23.821Z",""
"DAUGHTER","4eh3B1P6jqvRH3z9Vn2P46wbqX9mAxaupYEZACWPpump","75","4.938271603","","","","","","","","","","","","","0.000003532","","","","0.000002267","","","2026-07-05T08:22:24.810Z","","","","2026-07-05T08:25:22.000Z","",""
"FLYINGKID","K91LBALgnmFEE15SjzySEbpYwaSoac4Aye5hPnJpump","79","5.000000001","","239.85","","","","","-26.7578125","","","","","","0.000003064","0.000003072","","","0.00000225","","","2026-07-05T08:23:21.819Z","2026-07-05T08:25:21.979Z","","","2026-07-05T08:29:21.829Z","",""
"Toely","A43x7btfUV7M5Bjkh7bjQcP8n8rMWXSPR6UuxsUGpump","81","0.001","","","","","","","","","","","","","0.000002251","","","","0.000002251","","","2026-07-05T08:24:22.824Z","","","","2026-07-05T08:28:22.484Z","",""
"MEGA","2xPV7WhySW4yfQQ5Pdj4HNxBd9NmSTcofYsaiS5Ypump","","","","","","","","","","","","","","","","","","","","","8.779e-7","","","","","","2026-07-05T08:25:22.897Z",""
"IVU","4kUHGQcDY61o35HE2m9oRhPRYGYRZGD3pg7ojjE5pump","93","0.150000001","","","","","","","","","","","","","0.000002519","","","","3.962e-7","","3.962e-7","2026-07-05T08:26:23.570Z","","","","2026-07-05T08:30:21.914Z","2026-07-05T08:30:21.906Z",""
"TEETH","9SsYLkmcJprbDF2iPqe3yS8CkzqeWR1mWrHxQRhQpump","71","0.250000001","","","","","","","","","","","","","0.000009514","","","","","","9.102e-8","2026-07-05T08:26:23.898Z","","","","","2026-07-05T08:28:22.471Z",""
"ELON","DXX9eGmpGETjtijtRv3ABotuPpcSQWvvDR6MCEagpump","91","3","","59.924","","","","","-11.196319018404918","","","","","","0.000009552","0.00001304","","","0.00001158","","","2026-07-05T08:28:23.413Z","2026-07-05T08:32:21.967Z","","","2026-07-05T08:33:21.891Z","",""
"TORTA","GRZ4qzepba9f1MAa7P9DcBpAsKRyDgTEgv9gbxBthLwQ","69","3.5","","","","","","","","","","","","","0.000004345","0.000007441","","","","","","2026-07-05T08:32:23.196Z","2026-07-05T08:38:21.882Z","","","","",""
"FATGIRL","6F1SVWQRBqwuiWThTPxxVBjLcVruUoZhBjFzGhw6pump","71","4","","","","","","","","","","","","","0.000005954","","","","0.000002275","","0.000002275","2026-07-05T08:37:22.828Z","","","","2026-07-05T08:40:22.012Z","2026-07-05T08:41:21.874Z",""
"Bullcopter","6SdwR62qAwCBSQyv9C1o3ACwXoAajM7roQBfgZtnpump","","","","","","","","","","","","","","","","","","","","","0.000002258","","","","","","2026-07-05T08:43:22.981Z",""
"FATHER","EhpYZaTKEmE7gE2wa2jNgJ9JSh3CrsX4rda2vpmipump","69","2.765432097","","","","","","","","","","","","","0.000002708","","","","0.000002253","","","2026-07-05T08:45:22.874Z","","","","2026-07-05T08:48:21.934Z","",""
"Trenchaholic","4d5iAwSzgVwTyW126PYLafHF5KS8XRXQi4Kwp7bocyJd","79","4.938271603","","","","","","","","","","","","","0.000002345","","","","0.000002337","","","2026-07-05T08:50:22.800Z","","","","2026-07-05T08:54:21.850Z","",""
"Trenchaholic","EyLfwUXEVNXL4Rs8KJVVXZMm7HXpvGS4hjLEt9d5pump","","","","","","","","","","","","","","","","","","","","","0.000002252","","","","","","2026-07-05T08:52:22.803Z",""
"cryptoholic","BR8sDcryGHpqxuCCEskFud8qap8oWcewDrTtZmWCpump","71","3","","","","","","","","","","","","","0.00000225","","","","0.00000225","","","2026-07-05T08:56:21.908Z","","","","2026-07-05T08:59:21.884Z","",""
"POPSEM","HnHum1GS7UB66XCF2cYew1G3ALfWL7xSs3YtugvRpump","71","3.083247688","","","","","","","","","","","","","0.000002256","","","","0.000002251","","","2026-07-05T08:57:23.849Z","","","","2026-07-05T09:01:21.878Z","",""
"Wif","27T9XoJjQF5aK2yHYwHt8JxhtghyYvEVNG4aGWMipump","75","0.001","","","","","","","","","","","","","0.000002355","","","","0.000002251","","","2026-07-05T08:57:24.798Z","","","","2026-07-05T09:00:21.923Z","",""
"CHAIRSEM","3kVSnJTMGdNDM6Q5jSnVKAfH5dBDmfGv8W5iUgb2pump","80","5.362962961","","60.021","","","","","-32.10427768975947","","","","","","0.000005837","0.000006943","","","0.000004714","","","2026-07-05T08:58:22.783Z","2026-07-05T09:01:21.841Z","","","2026-07-05T09:02:21.862Z","",""
"Cody","8jKrVyRUJobZqYzghaRp77MPqFfZW1tSNW5V1pyWpump","76","4","","","","","","","","","","","","","0.000002402","","","","","","0.000002344","2026-07-05T09:03:22.723Z","","","","","2026-07-05T09:06:21.857Z",""
"STICK","H6TtDrGcjM1WM5GFMAawLk2DUw4PR4hJh5qvUk6gpump","71","2.962962961","","","","","","","","","","","","","0.000002393","","","","0.000002258","","","2026-07-05T09:04:22.795Z","","","","2026-07-05T09:07:21.822Z","",""
"feels","4RJPtqhvcbMrKXee1Ew6aqVAhR9vVpPoe2k6Q6XUpump","84","9","","-179.952","","","","","-9.204244031830235","","","","","","0.00001073","0.00000754","","","0.000006846","","","2026-07-05T09:06:22.788Z","2026-07-05T09:12:21.849Z","","","2026-07-05T09:09:21.897Z","",""
"ARMADIHLLO","CgR4fZsNLzw5kbSTc1PueESgg9tzowJtw15dh2RHpump","68","4","","","","","","","","","","","","","0.000002461","","","","0.000002279","","","2026-07-05T09:10:23.824Z","","","","2026-07-05T09:13:21.856Z","",""
"toe starfish","CmsgX2TxaanxNGQoF5wp4zD6BvLPyPQ7dkoQvdKApump","71","3","","","","","","","","","","","","","0.00000304","","","","0.000002634","","","2026-07-05T09:10:24.823Z","","","","2026-07-05T09:13:21.831Z","",""
"trumplet","WqkfrC1Cv3gR6fkcm2dvgXX954USvnb9eguawCFpump","75","3.911111107","","-9.802","","","","","0","","","","","","0.000003317","0.000002256","","","0.000002256","","","2026-07-05T09:17:23.118Z","2026-07-05T09:20:31.656Z","","","2026-07-05T09:20:21.854Z","",""
"FFAM","3BhtBtYXRw81Qe7TfxEWZM1nzQSk8q4TdihP8f6Lpump","68","0.098765431","","","","","","","","","","","","","0.00001271","0.0000127","","","","","","2026-07-05T09:18:22.804Z","2026-07-05T09:20:32.420Z","","","","",""
"elonlet","6nUpebdUHwTQ5uS3U7f8H9vGdnW1Xb9sik1k9j2ipump","79","4.938271603","","12.314","","","","","-10.05586592178771","","","","","","0.000003744","0.000003759","","","0.000003381","","","2026-07-05T15:26:58.180Z","2026-07-05T15:27:56.578Z","","","2026-07-05T15:28:08.892Z","",""
"BBGMAYHEM","CwRAYkqBL7dKHg7oPGa7tTuxBXte9kPAKkreG8D7pump","","","","","","","","","","","","","","","","","","","","","0.000001538","","","","","","2026-07-05T15:27:21.377Z",""
"BBGMAYHEM","pnAMTK7Y7EC3vZocrPSA7hUFC2otoZURx81rE6hpump","","","","","","","","","","","","","","","","","","","","","2.711e-7","","","","","","2026-07-05T15:27:51.470Z",""
"ORANGIE","Gupi9ugWXeDK6iXEvoGaRyr2igv5YHscdER2gkJspump","","","","","","","","","","","","","","","","0.000003257","","","","","","","2026-07-05T15:28:32.571Z","","","","",""
"BBGMAYHEM","97iNMbe2uYh1inHr8pH4HQrNQwRMJH5tHaqZJJA6pump","67","2.962962961","","","","","","","","","","","","","0.000005954","","","","","","","2026-07-05T15:29:09.392Z","","","","","",""
"Bulls","7mqDGFPQc5EHGWUz17NFiViZNZKyBBvb4vzeRoWtpump","100","38.054968288","","","","","","","","","","","","","0.00001689","","","","","","","2026-07-05T15:29:45.381Z","","","","","",""
"BBGMAYHEM","7uXZ5ke1cQATVY2zjmNkjfWBiyshAqqzp9wE8uPGpump","","","","","","","","","","","","","","","","","","","","","2.481e-7","","","","","","2026-07-05T15:29:57.732Z",""
"FREEDOM","7u9FyHNctyrC1EZauEkVvpCKt92AWBam5VJwvyZrzzV8","","","","","","","","","","","","","","","","","","","","","0.000002273","","","","","","2026-07-05T15:30:03.499Z",""
"Maradona","GCzmjPxqZBSBaKNig5jkdzQy7tDMVT8K8pHEGwnHpump","66","2.25","","","","","","","","","","","","","0.000002273","","","","0.000002273","","","2026-07-05T15:31:21.390Z","","","","2026-07-05T15:31:38.573Z","",""
"OLBAPPE","7KU9PdUnkZJg6fPsjJXYRq2UNHXCMWQy6hxmou92pump","75","3.950617282","","","","","","","","","","","","","0.000002911","0.000002911","","","","","","2026-07-05T15:31:33.790Z","2026-07-05T15:32:32.575Z","","","","",""
"BBGMAYHEM","D8bDgDcK1agBmNMxfwf3ixKzYDdjyfKLzAwmhgj6pump","","","","","","","","","","","","","","","","","","","","","3.81e-7","","","","","","2026-07-05T15:31:34.198Z",""
"BEAN","3kX7aUuCR1wfPbBgwPaV88KBFLttKk8BQenb8iA8RtfL","66","7.901234566","","","","","","","","","","","","","0.000002285","0.000002285","","","","","","2026-07-05T15:32:03.441Z","2026-07-05T15:33:02.602Z","","","","",""
"BBGMAYHEM","BU9hp6TGJNYHrWbkDifrobK3NUCVaWpckZJ7D5Kzpump","","","","","","","","","","","","","","","","","","","","","0.000001061","","","","","","2026-07-05T15:32:21.411Z",""
"ANSEMCOIN","EsKkD9qnHKEmfp7n5dw1qu8hrzdLnGrbzHxVjUaXpump","100","0.615607612","","","","","","","","","","","","","0.00001038","0.00001101","","","","","","2026-07-05T15:32:39.400Z","2026-07-05T15:33:38.609Z","","","","",""
"REPLYGUYS","65GMqpDfqf36ksLoNAsstZnn1DGWJdptLWtE9ybSpump","85","8","","","","","","","","","","","","","0.00002091","","","","0.00001803","","","2026-07-05T15:33:09.398Z","","","","2026-07-05T15:33:50.838Z","",""
"WIFUNI","5dfdiNfdi9vQgCqwdAS4vHfcquQJt7RP9H1DB1zVpump","71","3","","","","","","","","","","","","","0.000002274","","","","0.000002274","","","2026-07-05T15:33:15.417Z","","","","2026-07-05T15:33:38.590Z","",""
"BBGMAYHEM","He1u9mLVdSydETqjUdYq28hZfadNAFkjcfpsmASapump","67","3.950617282","","","","","","","","","","","","","0.000007787","0.000007787","","","","","","2026-07-05T15:33:46.253Z","2026-07-05T15:34:50.578Z","","","","",""
"ORANGIE","Ct7q5JoALPumtNs7ZaD63TJQkLV11BiUXaKGmhXwpump","","","","","","","","","","","","","","","","0.000002275","","","","","","","2026-07-05T15:34:44.680Z","","","","",""
"MONEYBELT","53LJymW4nvpLZ9i57wXCCXPqiY4Rp4CYqyTsxPHapump","65","4.938271603","","","","","","","","","","","","","0.000002277","","","","","","","2026-07-05T15:36:27.380Z","","","","","",""
"$GutGenug","CTuKuC4gNMV6LzLB8GxTirbTXskjCpTVbjQtbcrKpump","","","","","","","","","","","","","","","","0.000002681","","","","","","","2026-07-05T15:36:50.637Z","","","","",""
"MUNGA","8GbgFHcVRuruPvcgdAmw5DFTQMZkJGDQwABvHFUCpump","76","4","","","","","","","","","","","","","0.000002422","","","","","","","2026-07-05T15:37:33.974Z","","","","","",""
"MTUGA","C2c1gwYMeWTRyWodkk8Kv4aa27ARCFkgWzh7WP41pump","","","","","","","","","","","","","","","","","","","","","0.000002278","","","","","","2026-07-05T15:37:34.327Z",""
"Nigi","GCjZozYsDRTj7rmaBzn25dPZayCiUp1xnQ72PzCppump","67","2.416918429","","","","","","","","","","","","","0.000003275","","","","0.000003003","","","2026-07-05T15:38:15.635Z","","","","2026-07-05T15:38:50.798Z","",""
"ORANGIE","EMUQb2YyBEmU7STh4DDgbpX8D9h5KMtBE9N2JhYrpump","71","2.962962961","","","","","","","","","","","","","0.000002276","","","","0.000002276","","","2026-07-05T15:38:22.296Z","","","","2026-07-05T15:38:44.584Z","",""
"elonlet","6zs6dUawNKtXFTHem17PmoPLT6j98Tn9YqDe6CWApump","75","4.938271603","","","","","","","","","","","","","0.000003275","","","","","","","2026-07-05T15:39:33.511Z","","","","","",""
"Matador","GucykBtbsDXB854vBCSutoTVQtvNp8CG2d8ToDShpump","","","","","","","","","","","","","","","","0.000002275","","","","","","","2026-07-05T15:41:50.564Z","","","","",""
"wifsem","5a23J48rq2KSpMZutTKKQfP9hrXtrgkpCsgbEKyEpump","69","2.67","","","","","","","","","","","","","0.000002271","","","","","","","2026-07-05T15:42:09.380Z","","","","","",""
"$GROKMAY","Ci8qT1FPCsu6Y3ukedv2Ybrhqwi6XXKNwA6N8PkKpump","100","0.500000001","","12.196","","","","","-62.747645339395916","","","","","","0.000002732","0.000003079","","","0.000001147","","0.000001147","2026-07-05T15:43:27.463Z","2026-07-05T15:44:26.586Z","","","2026-07-05T15:44:38.782Z","2026-07-05T15:44:38.777Z",""
"CHADLON","GLkGXpHx83Aj7TM3UgQ4H1U9K7zBS3XCgjteC94apump","71","4","","","","","","","","","","","","","0.00000227","","","","","","","2026-07-05T15:43:57.894Z","","","","","",""
"CHADLON","7atFcjtbyd6qbVxdR83osUY3SxigihjSLNrDJg62pump","68","4","","","","","","","","","","","","","0.000002413","","","","0.000002268","","","2026-07-05T15:43:58.212Z","","","","2026-07-05T15:45:44.785Z","",""
"Panchito","5ZXaLLqkxxYEjhFchysQrrRWaU6JfoXZt3cQ7msspump","79","4.938271603","","","","","","","","","","","","","0.00000267","","","","0.000002371","","","2026-07-05T15:44:15.416Z","","","","2026-07-05T15:44:50.792Z","",""
"$GBA","9g4CZATrsXnhEpQc6q7YHtTkihnTKAjKeGZnDccspump","","","","","","","","","","","","","","","","","","","","","0.000002343","","","","","","2026-07-05T15:47:45.464Z",""
"HORSE","A8yL5pLKUJQjjBB9jnhc1AFVk8eHzxUNEEX9o4hhpump","66","4","","","","","","","","","","","","","0.000002317","","","","","","","2026-07-05T15:48:03.765Z","","","","","",""
"HORSE","9fxXU62yZUb83QXoDmVsP1q4pmst5DUkApuLbhuLpump","71","3","","","","","","","","","","","","","0.000002376","","","","","","","2026-07-05T15:48:04.217Z","","","","","",""
"STALLION","E1UvxP5qLhbFhBoMZP43HYTMHyTFna6BoiSshQKTpump","65","4","","","","","","","","","","","","","0.000007375","0.000008662","","","","","","2026-07-05T15:48:09.365Z","2026-07-05T15:49:08.569Z","","","","",""
"Valor","H5NiFjm67dTazwkmvQ6jsSBZ9wErfE6ESBJK23dbWGwm","66","5","","","","","","","","","","","","","0.000002315","","","","","","","2026-07-05T15:48:27.383Z","","","","","",""
"Valor","72XoNzGZUyDZvxiV5GEX3DcgCiyHeFYfqfSD17Wypump","70","5.5","","","","","","","","","","","","","0.000002317","","","","","","","2026-07-05T15:48:33.372Z","","","","","",""
"Jarhead","HQJkbGxW6x47yzmHkC7vQiGJnN9op9yvXimJsZtspump","71","3","","","","","","","","","","","","","0.000002273","","","","0.000002273","","","2026-07-05T15:49:03.477Z","","","","2026-07-05T15:49:32.633Z","",""
"HORSE","7ALdUkoULYHppyqht3mBXXmpqwLuayZpSHezMb7KvuCc","","","","","","","","","","","","","","","","0.000002272","","","","","","","2026-07-05T15:49:20.565Z","","","","",""
"HOPE","A2CBS6rjHpkufTGbt7NaSgnDyeG51yUeiZCb27tjpump","70","2.88","","","","","","","","","","","","","0.000002271","","","","","","","2026-07-05T15:49:45.383Z","","","","","",""
"anszn ","2cxeB7yoz4tyh7Uq5BvoeZ7fP762emy87KgwFaf3pump","82","6.200000001","","","","","","","","","","","","","0.000002274","","","","","","","2026-07-05T15:50:09.424Z","","","","","",""
"BALLS","3sALX52ep34TGcyArVYj4j2XgE9Fvty47sPjo2M5pump","76","4.13573701","","","","","","","","","","","","","0.000006154","0.000006934","","","","","","2026-07-05T15:51:51.490Z","2026-07-05T15:52:50.575Z","","","","",""
"ottabag","5fLxnhnmpSLNbeM8aooEZVwAW8ia4Gt91GtojQ5Mpump","69","3.5","","","","","","","","","","","","","0.000002275","","","","","","","2026-07-05T15:52:03.393Z","","","","","",""
"ottabag","6RvzSZWNoRzBZEAbHKtY83ejRCNfbnUWALff9y4ppump","68","3.5","","","","","","","","","","","","","0.000002275","","","","","","","2026-07-05T15:52:50.773Z","","","","","",""
"PUMPBULL","81TKJuiSBLfdWfYvGt3tZysuioJ4F77kSUQwhSfopump","93","19.753086418","","","","","","","","","","","","","0.000006307","","","","0.000002275","","0.000002275","2026-07-05T15:53:15.421Z","","","","2026-07-05T15:54:26.774Z","2026-07-05T15:54:26.767Z",""
"kopi","98VLHtwdoUvwKyHZTHEMHsYm2DXJTNUP2KffbYsPpump","75","3.777544596","","","","","","","","","","","","","0.00000544","0.000009284","","","","","","2026-07-05T15:54:33.795Z","2026-07-05T15:55:32.568Z","","","","",""
"Tate","GoGepmTZadWm2ZXo8jNzVH9F8TcUm55Yp6qi9Pijpump","","","","","","","","","","","","","","","","","","","","","2.773e-7","","","","","","2026-07-05T15:54:34.217Z",""
"Bull","2NSVhfdmqYmwopRrRYhxZMCu8UAcaT6UZWxr9yd1pump","","","","","","","","","","","","","","","","0.000002964","","","","","","","2026-07-05T15:55:14.559Z","","","","",""
"GIGABULL","AxhR7UJRmzLhhePJu3PChMM3zGsqNDNYqbNg867Xpump","85","7.901234566","","-72.014","","","","","-38.4996191926885","","","","","","0.000003669","0.000005252","","","0.00000323","","","2026-07-05T15:56:15.415Z","2026-07-05T15:58:02.786Z","","","2026-07-05T15:56:50.772Z","",""
"❌❌❌","EP5AhnUKkC4W5KrVa9G3errFkf5fGfonNgx9Pq9ppump","73","3.456790121","","","","","","","","","","","","","0.000002276","","","","","","","2026-07-05T15:56:51.403Z","","","","","",""
"ChicagoBulls","H3256AWkF3gfX3hRRr9Km9uWszgXUWgd3tZ5YHQa5xZA","69","3.555555554","","-197.792","","","","","28.045574057844007","","","","","","0.000003143","0.000002282","","","0.000002922","","","2026-07-05T15:57:09.408Z","2026-07-05T16:01:02.580Z","","","2026-07-05T15:57:44.788Z","",""
"ITACHI","FWHPdusdoRWuZ2Jgj4dCQBT62ZwJgjQgtysf6Pn9pump","71","3","","","","","","","","","","","","","0.000003911","","","","0.000002863","","","2026-07-05T15:58:09.418Z","","","","2026-07-05T15:59:56.791Z","",""
"zwazu","F7KTr1kw1ZnqJ3dgdviU56HRwqi1UwC1py1kcdG4pump","83","6.8","","108.016","","","","","-10.927835051546392","","","","","","0.00001424","0.00001455","","","0.00001296","","","2026-07-05T15:59:27.384Z","2026-07-05T16:00:38.764Z","","","2026-07-05T16:02:26.780Z","",""
"BULLDOG","CeoRps61JE7VcGkagE1YHtPXxYJ4c1RbK59te56Dpump","97","57.000000001","","","","","","","","","","","","","0.0000192","0.00001919","","","","","","2026-07-05T15:59:33.376Z","2026-07-05T16:01:38.580Z","","","","",""
"T&M","4zrD7LSBgijounuSjh3RierpuJ719XB7TuSfHw2epump","67","3.5","","","","","","","","","","","","","0.000002276","","","","","","","2026-07-05T16:02:21.422Z","","","","","",""
"BULLRUN","97grVPcpPF73XjLfN3WRAvzKX1uDgYh6Cf54b1kRpump","76","4","","","","","","","","","","","","","0.000005668","","","","0.000005019","","","2026-07-05T16:02:39.556Z","","","","2026-07-05T16:03:14.762Z","",""
"BULL","E3TvmtnYWYvGQ6gEabYnD1e9AGnRuQGfpGuftaJdpump","79","5","","","","","","","","","","","","","0.000002382","","","","","","","2026-07-05T16:02:57.415Z","","","","","",""
"Rufus","A7hgUQwZn5yGZo6yXDrvvikwjUHXDtzdiFPd1Duwpump","71","3.081481479","","","","","","","","","","","","","0.000002277","","","","0.000002277","","","2026-07-05T16:03:27.790Z","","","","2026-07-05T16:03:44.578Z","",""
"HUNGOVERGUY","GJV8jP619XBDiBWGZQEFJ1pLTVYwRQ5Zh4JAZtvopump","85","7.901234566","","","","","","","","","","","","","0.000002458","","","","0.000002279","","","2026-07-05T16:03:28.189Z","","","","2026-07-05T16:04:02.782Z","",""
"BULLCHUA","2koten9Hr87M1B98dGPxnoCWTWKojg9N5Rh4o1jTEAMM","66","3.555555554","","","","","","","","","","","","","0.000005508","","","","0.000004326","","","2026-07-05T16:04:51.386Z","","","","2026-07-05T16:05:26.791Z","",""
"DICKCISSEL","BfpsQ7VxY9z8cm72qkRGTeFf4zwZ9ubs3en2PEXwpump","71","3","","","","","","","","","","","","","0.000002277","","","","","","","2026-07-05T16:05:09.382Z","","","","","",""
"Micro","CfSFFNYdnXyEmdMXDTXKrzfsTfvCrFJSjRHqPaMipump","","","","","","","","","","","","","","","","0.000004469","","","","","","","2026-07-05T16:05:20.571Z","","","","",""
"SOLANIANS","Hj8D8Sk6gBLNoYpU5y85eXsEc17c3d8NHnVLoCX2pump","71","3.081481479","","","","","","","","","","","","","0.000002318","","","","0.000002275","","","2026-07-05T16:06:03.797Z","","","","2026-07-05T16:10:32.763Z","",""
"PUMPKIN","5h7w7KVCTKMRGEVcpdij1ogJH75LkyL2QFFP6PGJpump","69","3.5","","186","","","","","-1.9827586206896401","","","","","","0.00000232","0.00000232","","","0.000002274","","","2026-07-05T16:06:04.317Z","2026-07-05T16:07:08.593Z","","","2026-07-05T16:10:14.593Z","",""
"ANSE","J5FT5xHdRoGL94BTTdvNeSJBv3cQzrwYQSeQz417pump","71","2.962962961","","","","","","","","","","","","","0.000002756","0.000002756","","","","","","2026-07-05T16:06:27.412Z","2026-07-05T16:07:26.592Z","","","","",""
"AiPHONE","AmNZF2ZTpGVu61PdwyLaiQ5BKMvEGVxYdaL3DBpEpump","71","3","","","","","","","","","","","","","0.000002321","","","","0.000002276","","","2026-07-05T16:06:39.373Z","","","","2026-07-05T16:11:08.598Z","",""
"AiPHONE","FUsuaJh1QMroJAvMSiUV9Wj3qZvUjL6ub6pvFQqhpump","66","3","","","","","","","","","","","","","0.000002568","","","","0.000002568","","","2026-07-05T16:08:45.397Z","","","","2026-07-05T16:12:26.637Z","",""
"Trenchaholic","kU435yMVV5P3H7PhBaw2LrBudXE2jAVAkLFBjx6pump","71","2.962962961","","","","","","","","","","","","","0.000002597","","","","0.000002597","","","2026-07-05T16:09:45.634Z","","","","2026-07-05T16:10:08.592Z","",""
"JUSTIN","AsTSPuLLsEH7U1RMm3zHwwrRjN9skZ6WWEfZjtNfpump","","","","","","","","","","","","","","","","","","","","","3.792e-7","","","","","","2026-07-05T16:09:57.395Z",""
"@","DjgvDgUQWXZz2yhE4FV7be3sJzwNLtSoTgESRV63pump","83","6.872852234","","","","","","","","","","","","","0.000003025","","","","0.000002454","","","2026-07-05T16:11:27.452Z","","","","2026-07-05T16:12:08.783Z","",""
"onboard","4kL6nTjYm2X3WDLU56Yj9dkbGHU9bVn8d7NADFa5pump","66","4.938271603","","","","","","","","","","","","","0.000002274","","","","0.000002274","","","2026-07-05T16:11:39.370Z","","","","2026-07-05T16:11:56.589Z","",""
"탱구","41NLS1qBzxYu6upd3xTHFpQNDcQ3tkv1EppopSqapump","79","5","","","","","","","","","","","","","0.00000504","","","","0.00000392","","","2026-07-05T16:11:51.399Z","","","","2026-07-05T16:12:32.779Z","",""
"LFARM","DKG7jxLMg5Mz1Fk95QLcecbMHdgYQULwaK8ZFamFpump","95","26.172839505","","","","","","","","","","","","","0.00001291","0.00001718","","","","","","2026-07-05T16:12:03.844Z","2026-07-05T16:13:26.753Z","","","","",""
"FARMERS","CdFy1Fat6ewtqvhhBGqids27NmEdtcWhiHf6ud3dpump","","","","","","","","","","","","","","","","","","","","","0.000002274","","","","","","2026-07-05T16:12:04.228Z",""
"Panchito","9CFHvJXeAjZMsf7ao8TfhtJzfm7E1oqrh4TEPCjTpump","68","3.950617282","","","","","","","","","","","","","0.000002961","","","","0.00000246","","","2026-07-05T16:12:57.395Z","","","","2026-07-05T16:14:08.779Z","",""
"DAWG","3vNsJLEDtqWrwYacr6Txe2uPAueCEBLawnaugFqFpump","","","","","","","","","","","","","","","","0.000002394","","","","","","","2026-07-05T16:13:14.564Z","","","","",""
"GIGABULL","7Kci5BaC71iyZKy158ymNg1YcACikMkBdgaLz6EHpump","83","6.419753085","","","","","","","","","","","","","0.00000231","0.00000231","","","","","","2026-07-05T16:14:33.750Z","2026-07-05T16:15:32.570Z","","","","",""
"MISTERBIS","ASRpJgU7Z1Hd28v1aPSh5uBpMyD6pyhjGfVWGbR6pump","66","2.962962961","","","","","","","","","","","","","0.000002272","","","","","","","2026-07-05T16:14:34.202Z","","","","","",""
"admin","75FZGKusPLdMQzgrqzrZhCBArL2DKK1LT4jWDEKEpump","70","2.88","","","","","","","","","","","","","0.000002272","","","","","","","2026-07-05T16:14:45.554Z","","","","","",""
"EGREGORE","3MjHAhpLtRF4aWoq7rniwxaJ3Vvw2Ao7twmwFSh8pump","68","5.5","","","","","","","","","","","","","0.000002293","0.000002293","","","","","","2026-07-05T16:15:27.471Z","2026-07-05T16:16:26.561Z","","","","",""
"DGT","DiMZUZyrfiRHnzT57Aruoe6KW3AoAaCM1rRdvKojpump","","","","","","","","","","","","","","","","","","","","","2.302e-7","","","","","","2026-07-05T16:16:33.585Z",""
"LFARM","Gdh3Es9NvhMiRa3NBVWn9JernaqA5ciFw22C4prLpump","69","2.673267325","","-83.877","","","","","0","","","","","","0.000002714","0.000002279","","","0.000002279","","","2026-07-05T16:17:33.703Z","2026-07-05T16:19:32.665Z","","","2026-07-05T16:18:08.788Z","",""
"Spongebobify","DzVmjFzG9NvZ3uVpGEt31QhLwTvdM5FrvuiJxUgopump","66","3","","","","","","","","","","","","","0.000002381","","","","","","","2026-07-05T16:19:03.362Z","","","","","",""
"BOOL","7Zov8tZ2Zi14LQJcLfZ99ELaN4oAkiqQxigFAiYppump","89","11.642949547","","","","","","","","","","","","","0.000006037","0.000006243","","","","","","2026-07-05T16:19:15.405Z","2026-07-05T16:20:14.557Z","","","","",""
"Spongebobify","4ZFYCfNAefGTur89afrKWc5MPBLA82UbPiY6aWXGpump","68","4","","","","","","","","","","","","","0.000002269","","","","","","","2026-07-05T16:19:33.454Z","","","","","",""
"GUYS","E7gsNjxRWSrZeaoaLekY3MLDy2cTXdjEiunRFmuVpump","82","8","","","","","","","","","","","","","0.000002303","","","","","","","2026-07-05T16:20:33.393Z","","","","","",""
"GUYS","BtdTNx3vuy4rnCWPPX5wcCnSE9HPgp9sRi4AqcQpump","74","5.5","","","","","","","","","","","","","0.000005436","","","","0.000003306","","","2026-07-05T16:21:57.429Z","","","","2026-07-05T16:22:32.805Z","",""
"Tsukune","AfjrmgECAw9asQN5UESnDZPYghe4GCc7qcTvcp6xpump","85","7.901234566","","54.218","","","","","-30.957286087075946","","","","","","0.00000613","0.000007281","","","0.000005027","","","2026-07-05T16:23:21.779Z","2026-07-05T16:24:20.565Z","","","2026-07-05T16:25:14.783Z","",""
"Pwump.fun","B4ist24BKS1rVzrb9G19DA6hVHQRnxCVPxrtjQA3pump","68","2.4691358","","","","","","","","","","","","","0.000002309","0.000002309","","","","","","2026-07-05T16:23:22.193Z","2026-07-05T16:24:20.581Z","","","","",""
"GOAT","5ewHPehbnVDG42bgFQ4YL7baoogfBUVBPxGgUrcppump","76","4","","","","","","","","","","","","","0.000002461","","","","","","","2026-07-05T16:24:21.462Z","","","","","",""
"TRB","Cvg5LDaBRXhYFzeKE5SzZNfUM7UBEjEDkDejS29rpump","68","4.000000001","","","","","","","","","","","","","0.000002918","0.000002912","","","","","","2026-07-05T16:25:20.762Z","2026-07-05T16:24:32.563Z","","","","",""
"ANSCUB","Dn1TgbqeSXvMkUdPLhP6KXopjM3NxtRyTRqDpzQXpump","82","6.100000001","","","","","","","","","","","","","0.000004739","0.000004739","","","","","","2026-07-05T16:26:39.792Z","2026-07-05T16:27:38.596Z","","","","",""
"07/05","55pkcykZq9rt4crXgxqeP4h1BPXfMyb7d5bSabzYpump","66","5","","","","","","","","","","","","","0.000002373","","","","0.000002373","","","2026-07-05T16:26:40.208Z","","","","2026-07-05T16:26:56.564Z","",""
"Nailong","8wKie5y1wrcKhZA4DpHm9Euxu5W7euUgUkCBzYcXpump","","","","","","","","","","","","","","","","","","","","","0.000003064","","","","","","2026-07-05T16:27:15.404Z",""
"Trumprot","A8ayMxU8X2gzxFU86gnHykx6uAMfKhD3m2SxZ4btpump","76","3","","","","","","","","","","","","","0.00000229","","","","","","","2026-07-05T16:27:21.420Z","","","","","",""
"Jindawg","5upNbbNFcNXLZZT8rkYAwhSmmzaeZzYzhRqLEyDgpump","79","4.938271603","","","","","","","","","","","","","0.00000259","","","","0.000002269","","","2026-07-05T16:27:39.390Z","","","","2026-07-05T16:28:50.771Z","",""
"Nailong","BjZXKGxsK8uPTQPaeq1nmB3sbfNyKJXG562GpUm7pump","84","7","","60.194","","","","","-26.199460916442053","","","","","","0.00001547","0.00001855","","","0.00001369","","","2026-07-05T16:28:27.364Z","2026-07-05T16:29:26.566Z","","","2026-07-05T16:30:26.760Z","",""
"EDITS","2tZwTNwDU2fqt7U9zjUHdbQb1Jixu231qK3Lwh6opump","70","2.88","","","","","","","","","","","","","0.000002271","0.000002271","","","","","","2026-07-05T16:29:15.435Z","2026-07-05T16:30:14.560Z","","","","",""
"BRAIN","FjMP2m4C2UD3aRurnY2FoFCPckBm38rPWCzdytfpump","66","5","","","","","","","","","","","","","0.000002459","","","","0.000002266","","","2026-07-05T16:29:33.420Z","","","","2026-07-05T16:31:20.772Z","",""
"TRIUMPHAL","EszaukhUov8cpYyZtsFTT6xp2J9NtwTfqhPsJVaNpump","66","3.5","","","","","","","","","","","","","0.000002268","","","","","","","2026-07-05T16:30:03.541Z","","","","","",""
"Nailong","5NPoLkzRT9VBmfwAvsk2UCE8NHG3bz6XREbqbGFYpump","97","49.382716048","","","","","","","","","","","","","0.00001019","","","","0.000009038","","0.000009038","2026-07-05T16:30:15.410Z","","","","2026-07-05T16:30:50.784Z","2026-07-05T16:30:50.769Z",""
"CAROLINE","Gaf47giC4DAfRX2qiBJyB2Nqpgpq2AqvxEAUux4ppump","97","39.506172838","","","","","","","","","","","","","0.00001231","","","","","","","2026-07-05T16:32:27.818Z","","","","","",""
"pump","Egh2L3GrFj9hz2QW6MF9tgQXxLVqrBKsnLLjvfjfpump","66","3.950617282","","","","","","","","","","","","","0.000009527","0.00001434","","","","","","2026-07-05T16:32:28.220Z","2026-07-05T16:33:26.574Z","","","","",""
"大牛","E2pU47ADWzHmApdBLMkJ8pUvQY5Z9HjrHKH331G7pump","","","","","","","","","","","","","","","","","","","","","0.000002309","","","","","","2026-07-05T16:33:03.375Z",""
"sol","FL2EKWp1Gm5pPpFvg8cb8ZFWVw2pBKASWCHUn7wEpump","71","3","","","","","","","","","","","","","0.000002269","","","","0.000002269","","","2026-07-05T16:33:51.514Z","","","","2026-07-05T16:34:14.585Z","",""
"◎","E5N2Uv5f9wWQsANongqAVyw3hYTM1GrB1V9vPXnDpump","71","3","","","","","","","","","","","","","0.000002269","","","","","","","2026-07-05T16:34:03.833Z","","","","","",""
".sol","HPfab3iYByS9Nj68T5XXSGj2aXhzedReaUgXPJ2Upump","66","3","","","","","","","","","","","","","0.000002374","","","","","","","2026-07-05T16:34:04.275Z","","","","","",""
"Nailoong","HkMJEowxozt2oRtSoy9vhmQ6rN3k7CJoeaJy14bnpump","70","4.938271603","","","","","","","","","","","","","0.000002311","","","","","","","2026-07-05T16:34:10.245Z","","","","","",""
"BULL","Cwf5F4smXdAgQyzdLA7wvLfrmuv4WwdeY9hxKM45pump","71","3.083247687","","","","","","","","","","","","","0.000003113","","","","0.000003113","","","2026-07-05T16:34:21.463Z","","","","2026-07-05T16:34:44.551Z","",""
".sol","so1q6RnDbYHNNApVtXjKcbEUwz5fMGtNf6wkZKVyZjF","75","3","","","","","","","","","","","","","0.000002734","","","","0.000002269","","","2026-07-05T16:34:57.363Z","","","","2026-07-05T16:35:32.752Z","",""
"SHORTY","DLg2TqzbNZePw85FFxTeyxAmEzUFw93z3nuNTUEWpump","","","","","","","","","","","","","","","","0.000002874","","","","","","","2026-07-05T16:35:08.564Z","","","","",""
"wCAT","9C4rbNiDqJvN9xZsBDA5MUALgGkqP4MeJzWEEhMoRYRa","75","3.88","","","","","","","","","","","","","0.000002526","","","","","","","2026-07-05T16:35:27.366Z","","","","","",""
"Jindawg","2sXfzed3fRtYN8R6hYiXiCzBpgEgyGM7SioYWrBDpump","66","2.962962961","","","","","","","","","","","","","0.000002268","","","","0.000002268","","","2026-07-05T16:36:21.443Z","","","","2026-07-05T16:36:38.553Z","",""
"KDSH","47rhLeFJGA4cCPrTuVUN2Y5AQWcTNKyF32p6ZAodpump","84","6.913580245","","","","","","","","","","","","","0.000002278","","","","","","","2026-07-05T16:37:15.754Z","","","","","",""
"piglet","C6CGXhydNxMPYTfDySUbBZvqvKBg2hiMRC5XvDRmpump","66","2.962962961","","","","","","","","","","","","","0.000002291","","","","","","","2026-07-05T16:37:16.180Z","","","","","",""
"rodrick","bhm6reQRQnYU7ewJ9RhDPHsbUXQzA4hLsNGSUAMpump","85","7.901234566","","","","","","","","","","","","","0.000004318","","","","0.000003225","","","2026-07-05T16:37:21.371Z","","","","2026-07-05T16:38:02.770Z","",""
"fireworks","MaknWCMJJ4atiWGqK7YJHYMmeNYshnfh32gkj5wpump","67","7.000000001","","","","","","","","","","","","","0.000004131","0.000004131","","","","","","2026-07-05T16:37:33.870Z","2026-07-05T16:38:32.550Z","","","","",""
"◎","so1Vxcnsrch1cT7Ps1uqxZUk8FKDe8hqaX3QQEuNiLx","73","3","","","","","","","","","","","","","0.000003338","","","","0.000003081","","","2026-07-05T16:37:34.243Z","","","","2026-07-05T16:38:56.770Z","",""
"◎","CDVq82upLtuzHgiBJ4ZrxiHcQVmVRYxbQCKXpVzUpump","","","","","","","","","","","","","","","","","","","","","0.000002312","","","","","","2026-07-05T16:37:39.475Z",""
"bullish","DpYETdoFxHGYUVVGw243JSsXAV2PdCf65eyzJwwKpump","98","5","","","","","","","","","","","","","0.00002045","","","","0.00001454","","","2026-07-05T16:37:57.373Z","","","","2026-07-05T16:38:38.766Z","",""
"Base58","3G7z2mWsgYMvsHyaPtMGjLzpeyfAL5dfLvRqbd6Xpump","66","3","","","","","","","","","","","","","0.000002268","0.000002268","","","","","","2026-07-05T16:38:27.379Z","2026-07-05T16:39:26.560Z","","","","",""
"ber","Eo1DCBoHgpCdW4qKw6WfgoyC7MWK8VQeuxYWtcCLpump","73","3.456790121","","","","","","","","","","","","","0.00000253","","","","0.000002363","","","2026-07-05T16:39:39.478Z","","","","2026-07-05T16:40:14.814Z","",""
"SUPPLYSLOP","7E1g3xWbQCzhyCjzJMfQDHWCgmWQig5K1mrLJLYSpump","66","3","","","","","","","","","","","","","0.000002265","","","","","","","2026-07-05T16:40:03.447Z","","","","","",""
"bullish","5dMxKat6G1rkMYn6fMsCwi27JvaNNN5ncxA4Lj4opump","75","3.950617282","","","","","","","","","","","","","0.000002377","0.000002377","","","","","","2026-07-05T16:40:27.392Z","2026-07-05T16:41:26.550Z","","","","",""
"bullish","E7rn6ZvyJPiGzsYnhkf6M5p8RgiJJTwmLz65tjdrpump","66","2.962962961","","","","","","","","","","","","","0.000002336","0.000002336","","","","","","2026-07-05T16:41:21.367Z","2026-07-05T16:42:20.545Z","","","","",""
"pump","9Hy2d5qZoXfaHYXaE3JTPVbKfh6TmUvteLs4YEpapump","66","2.300000001","","","","","","","","","","","","","0.000002263","","","","0.000002263","","","2026-07-05T16:43:32.749Z","","","","2026-07-05T16:43:32.757Z","",""
"FABLE","9T3Skitkr49WDk66Tk1MDaW35xMfbXoL53b7wqN3pump","71","4","","","","","","","","","","","","","0.000002265","","","","","","","2026-07-05T16:43:57.560Z","","","","","",""
"TBPE","GVJGsXVQHnsRJVeA4PBBvVi9cnQ5HJ7LgbzutRkKpump","81","5.600000001","","","","","","","","","","","","","0.000003221","0.000003221","","","","","","2026-07-05T16:45:51.376Z","2026-07-05T16:46:50.558Z","","","","",""
"Trenchaholic","GFDkmVGMXdsG1gdLZjg3oYRxKVbpyNZCGiXC1fzfpump","71","3.03","","","","","","","","","","","","","0.000002265","","","","","","","2026-07-05T16:46:39.377Z","","","","","",""
"PUMP","CmyDHsinWgGBP2WJKTDuFNu9cDhfsFbmjN2BXHMWpump","100","38.054968288","","18.102","","","","","-15.466262319939354","","","","","","0.00001307","0.00001319","","","0.00001115","","","2026-07-05T16:48:09.365Z","2026-07-05T16:49:08.663Z","","","2026-07-05T16:49:26.765Z","",""
"MH","8vHVxbbfT4u8QimRzAzPxoypeCFowUt7rG52dY9cpump","75","0.060000001","","","","","","","","","","","","","0.00004418","0.00004418","","","","","","2026-07-05T16:48:21.467Z","2026-07-05T16:49:20.563Z","","","","",""
"100$","4Rct5tVKXhMsbV1Eex4CHCpL81kv4mwqafdfdRLcpump","67","5","","","","","","","","","","","","","0.000004153","","","","0.000003158","","","2026-07-05T16:48:45.447Z","","","","2026-07-05T16:49:56.747Z","",""
"SO11","HUQnyJrLmytD7XdCU6qAknDqpkUgdgiQE7ABNKrCpump","68","3.950617282","","","","","","","","","","","","","0.000006852","","","","0.000002564","","","2026-07-05T16:48:57.358Z","","","","2026-07-05T16:49:38.742Z","",""
"BELONG","J7EA8VxQCkxhh6PdwFarEG82BhCVXKFXhTfSHNXgpump","95","24.691358022","","","","","","","","","","","","","0.00001089","","","","0.000008167","","","2026-07-05T16:49:09.898Z","","","","2026-07-05T16:50:32.752Z","",""
"DRIZZ","7fNEhKRXHSgFsSnqeL9xPijnjafnH6zUZmwBNHYCxZyL","","","","","","","","","","","","","","","","","","","","","4.236e-8","","","","","","2026-07-05T16:49:10.267Z",""
"KUPS","A9GDc47vqwbfGSviGKzyYZKvUK8yRknoR5YLyqGtkups","70","2.883950616","","","","","","","","","","","","","0.000002317","0.000002317","","","","","","2026-07-05T16:49:33.393Z","2026-07-05T16:50:38.551Z","","","","",""
"ELONBULL","FPeFPNGKW83Q6TdoFnrXuMz3H23oMj9iiH1dQtJYpump","","","","","","","","","","","","","","","","0.00000528","","","","","","","2026-07-05T16:51:08.564Z","","","","",""
"KUPS","AvhXZ7CSH7zUxjyHFuVcBK9TiMqNgAhV5KFrHqbokups","","","","","","","","","","","","","","","","0.000002274","","","","","","","2026-07-05T16:51:20.542Z","","","","",""
"KUPS","9hW92MM9PGDLiwkXKY4vsX19pXztRTGBcD1oDnyHkups","71","2.962962961","","","","","","","","","","","","","0.000002295","0.000002295","","","","","","2026-07-05T16:51:33.372Z","2026-07-05T16:52:32.563Z","","","","",""
"BOLL","Ds7oQ8mqnXQvNCD2SgrPV8dxfhysoaMizPUH6nhkpump","68","2.469135801","","","","","","","","","","","","","0.000002265","","","","","","","2026-07-05T16:51:45.388Z","","","","","",""
"MELON","6XnQCzTwJoUsfWGW4mwLBinWU4Gve5iDu6HQaP2hpump","85","7.901234566","","60.217","","","","","-36.873476022758055","","","","","","0.000003691","0.000003691","","","0.00000233","","","2026-07-05T16:51:50.743Z","2026-07-05T16:52:08.554Z","","","2026-07-05T16:53:08.771Z","",""
"SO1","so1UTSpDpGWvwU1YApr21z63henNNUkdjRjH9aLjKid","72","3","","","","","","","","","","","","","0.000002451","","","","0.000002267","","","2026-07-05T16:52:33.635Z","","","","2026-07-05T16:55:02.754Z","",""
"SOLKID","ftPzFqEB5g1jV5cMJsikeSyF8kYwYyxhpqHUVgEpump","80","5.432098764","","","","","","","","","","","","","0.000003758","","","","0.000003195","","","2026-07-05T16:53:27.417Z","","","","2026-07-05T16:54:08.766Z","",""
"BTC_MORDOR","23L9orMssDxPfUjDwwFo9YZ3YpMyH94A7TWjy5Gwpump","75","3.950617282","","","","","","","","","","","","","0.000003759","","","","0.000003441","","","2026-07-05T16:54:03.367Z","","","","2026-07-05T16:56:44.757Z","",""
"MH","3r8rNKK3j2AtwvKdmJbeiWMm7YkNPyky9DTXSX6Kpump","","","","","","","","","","","","","","","","","","","","","4.458e-7","","","","","","2026-07-05T16:54:15.400Z",""
"XBT","XBT7RNT5awSPjnYJk845745PeCcpfLZ7p1EbZa4SJ4X","71","4","","","","","","","","","","","","","0.000002301","","","","0.000002301","","","2026-07-05T16:54:45.378Z","","","","2026-07-05T16:55:08.557Z","",""
"SPL","SPLDJgQCK5uAUhvM8WobiAzcsio8gdebiek9ibmVaGL","67","4.938271603","","12.234","","","","","-17.07403471484236","","","","","","0.000002788","0.000002823","","","0.000002341","","","2026-07-05T16:55:27.406Z","2026-07-05T16:56:26.562Z","","","2026-07-05T16:56:38.796Z","",""
"ANSEM","DBBwHpfRBCumGxovxWrhEYqo8SbFsdJY7vp86Vs9pump","73","3.456790121","","","","","","","","","","","","","0.000002309","","","","0.000002309","","","2026-07-05T16:55:39.424Z","","","","2026-07-05T16:56:02.542Z","",""
"SPL","SPLf9uohWjeArqmJYo91MWV83chhcFgBNE6QbUPBFsU","78","7","","","","","","","","","","","","","0.000002372","","","","0.000002372","","","2026-07-05T16:56:09.395Z","","","","2026-07-05T16:56:32.552Z","",""
"SPL","SPLHwGJD79kUXkhbgb3nuoeuGQHkmh8boELfcNGBrQa","70","3","","-59.756","","","","","-57.258672699849164","","","","","","0.00000267","0.000005304","","","0.000002267","","","2026-07-05T16:56:51.412Z","2026-07-05T16:58:26.552Z","","","2026-07-05T16:57:26.796Z","",""
"HODLA","JASbhQmMsBEGRMNrDSrPd9XAumYX55nTxgNeyYAnpump","79","4.938271603","","","","","","","","","","","","","0.000003316","0.000003543","","","","","","2026-07-05T16:57:21.362Z","2026-07-05T16:58:20.608Z","","","","",""
"LAMB","6qjKLctHmUKriKEcEWtd9LPxdMoMaYCMEjPPgW4npump","73","3.35802469","","","","","","","","","","","","","0.000002592","","","","0.0000023","","","2026-07-05T16:58:03.412Z","","","","2026-07-05T16:59:14.839Z","",""
"SNORF","Fs2Tt2v4ceaLSPSV2Shh2dtBt8ndUY4whqDxeqhogGAd","","","","","","","","","","","","","","","","","","","","","2.111e-7","","","","","","2026-07-05T16:59:27.378Z",""
"Daisy","8xMzVP1himjgqAVu1PC6EVnMz2WXgMofuJrnvFqqpump","71","3","","","","","","","","","","","","","0.000002483","","","","","","","2026-07-05T16:59:45.359Z","","","","","",""
"YEET","4gmc9Y31icAZy7G5Pb1dBQfjsykjZboBQtaARuPzpump","66","3","","","","","","","","","","","","","0.000002268","","","","","","","2026-07-05T16:59:51.410Z","","","","","",""
"SPL","SPLMef2uEDWxgvbdWJXuahWMrFTKpiEPXLBNtZRqq4S","77","5","","","","","","","","","","","","","0.000002373","","","","0.000002373","","","2026-07-05T17:00:09.364Z","","","","2026-07-05T17:00:26.550Z","",""
"MESNA","9h4wzDbcyHoGgJAFMaX1F1QLBhNRpRft5ofeb4V8pump","71","2.962962961","","90.228","","","","","-17.6621708413616","","","","","","0.000003114","0.000003114","","","0.000002564","","","2026-07-05T17:01:57.673Z","2026-07-05T17:02:56.557Z","","","2026-07-05T17:04:26.785Z","",""
"ZANSEM","EUCxumUnc4gGtgPWtbg1RDH7CRST6wio9SD5efafpump","94","23.000000001","","","","","","","","","","","","","0.000008984","","","","0.000002498","","0.000002498","2026-07-05T17:02:21.367Z","","","","2026-07-05T17:02:56.757Z","2026-07-05T17:02:56.746Z",""
"BALLS","4kQWth8dERA4W4j4W5FoB6Dw7RR55z53ZxJ5xJkTpump","71","3.083247688","","","","","","","","","","","","","0.000002278","","","","","","","2026-07-05T17:02:57.964Z","","","","","",""
"Sole","uXoAuQQkAix595HX8xKJQX48ARNAZ3Qs5xkEgyZpump","67","5","","","","","","","","","","","","","0.000002376","","","","","","","2026-07-05T17:02:58.198Z","","","","","",""
"JUSTIN","i2xuhY21miQtyG7sSK8GX7c6o23D24veGDLrBNypump","71","3","","","","","","","","","","","","","0.00000233","","","","","","","2026-07-05T17:03:03.658Z","","","","","",""
"BLACK","3ur4dvYN1Qx1QoLGeUmqjZSzyfhAFsiHXSJsSZaBpump","70","2.8","","","","","","","","","","","","","0.000008388","","","","0.000002538","","","2026-07-05T17:03:15.335Z","","","","2026-07-05T17:03:50.782Z","",""
"TOSA","C6yrZvrUeg4maPnfbXjwDHEL1bJYr77smt8MuURtpump","71","2.962962961","","","","","","","","","","","","","0.000002269","0.000002269","","","","","","2026-07-05T17:04:09.347Z","2026-07-05T17:05:08.547Z","","","","",""
"Futa","CZSiUN6oBSn1mSyKbfJ2vW7JHmj74YWA2V2YZRk3pump","79","4.938271603","","-108.005","","","","","-16.64795058955643","","","","","","0.000003538","0.000003562","","","0.000002969","","","2026-07-05T17:04:15.350Z","2026-07-05T17:06:38.783Z","","","2026-07-05T17:04:50.778Z","",""
"NIU","22jDh7QFwc6AsH8iWRPXeZfjoVkxSuc9xXCRnUSApump","","","","","","","","","","","","","","","","0.000002742","","","","","","","2026-07-05T17:04:50.558Z","","","","",""
"IAG","MNBGvgNYJ2puvSHAwm9javtjDHgdPH81JCYVERepump","71","2.962962961","","","","","","","","","","","","","0.00000227","0.00000227","","","","","","2026-07-05T17:05:15.501Z","2026-07-05T17:06:14.565Z","","","","",""
"Futa","DZZnHixC98rgZRsFsKx5mEGyaxDvYzjB55kwTPhtpump","71","3","","","","","","","","","","","","","0.000007035","0.000008634","","","","","","2026-07-05T17:06:03.585Z","2026-07-05T17:07:02.570Z","","","","",""
"rDOGE","9CoDZGmgeBCFadwVUYJUdmzsepejcfHunc813sWrpump","66","3","","","","","","","","","","","","","0.00000227","","","","","","","2026-07-05T17:06:09.362Z","","","","","",""
"TOAD","BMZp3WE9mJP5Vf5m5FRC7eR8H4HwrEiJwzq3CnQ5dUdR","","","","","","","","","","","","","","","","","","","","","4.439e-7","","","","","","2026-07-05T17:07:09.474Z",""
"Dogify","9175fhLyVQMS9VYPB3ih9AaBYX5QDEMwgYfpe7xrpump","69","2.7","","","","","","","","","","","","","0.000002469","","","","0.000002314","","","2026-07-05T17:08:51.358Z","","","","2026-07-05T17:09:32.734Z","",""
"Magnet","8B7Kvznv7ExatZ3JQsCTjj7tD3vRnxDAHghTjstLpump","83","6.872852234","","","","","","","","","","","","","0.000002399","","","","0.000002399","","","2026-07-05T17:08:57.371Z","","","","2026-07-05T17:09:14.538Z","",""
"Sol","SoL3gnJgRZQcWCTinaAk4DyyuyhAW932LmY6zvcWKt6","71","4","","","","","","","","","","","","","0.000006833","0.000009695","","","","","","2026-07-05T17:09:27.751Z","2026-07-05T17:10:50.759Z","","","","",""
"MH","6MBCrNaVDR93i1uaSB3s7xE3wABfa7WEQXXku768pump","","","","","","","","","","","","","","","","","","","","","4.459e-7","","","","","","2026-07-05T17:09:28.169Z",""
"$RAW","9cHVG6VfFCwM4M9j6xsbqwEU2etCq9HmvGYPH6R3pump","","","","","","","","","","","","","","","","0.000003253","","","","","","","2026-07-05T17:09:32.530Z","","","","",""
"1x","129TqeNKrXRcMoWoTATNtEZG24ea5oFhUvHmx3DQpump","75","3.950617282","","","","","","","","","","","","","0.000002268","","","","","","","2026-07-05T17:09:39.805Z","","","","","",""
"DAISY","4txbE1vCNhuGBrqPWH8ihT6TgT3J5DsEemGJuajppump","72","3.5","","","","","","","","","","","","","0.000002268","0.000005953","","","","","","2026-07-05T17:09:40.170Z","2026-07-05T17:10:50.812Z","","","","",""
"CHNK","2DqftQkaBwZW1tXbmo7Uzyh1XbpoquRxxMQLMEkumjkd","","","","","","","","","","","","","","","","","","","","","5.876e-7","","","","","","2026-07-05T17:09:51.458Z",""
"CANSEM","Gp9daM7k7KQWtib3bcvMzTkBiEvgsj921oh9FrYjpump","81","5.925925924","","-101.842","","","","","-1.0475774770842474","","","","","","0.000002267","0.000002291","","","0.000002267","","","2026-07-05T17:11:32.736Z","2026-07-05T17:13:14.584Z","","","2026-07-05T17:11:32.742Z","",""
"Kryptonite","J1QGHwnTSUmoBqK3bercJskfP1pFxXU3Kf9vHcj8pump","71","3.5","","","","","","","","","","","","","0.000006411","","","","0.000003062","","","2026-07-05T17:12:27.347Z","","","","2026-07-05T17:13:02.819Z","",""
"SNEK","5Wf9pAV5ce117mDqq9Wi7LgB8DK5wsTDLXT7kGSyG4jy","66","2.475247523","","24.203","","","","","-31.584362139917697","","","","","","0.000002257","0.000002916","","","0.000001995","","","2026-07-05T17:12:33.405Z","2026-07-05T17:13:32.572Z","","","2026-07-05T17:13:56.775Z","",""
"Kryptonite","5Z7bnUsTGrGm5LTNKWu9v31gTg96vK5C1urLPk2Ypump","66","5","","","","","","","","","","","","","0.000002373","","","","","","","2026-07-05T17:12:45.377Z","","","","","",""
"womlet","Aw4LddsMUYRcwE82M6QB55Pr21upuPTrBZRaXEaUpump","69","2.7","","","","","","","","","","","","","0.000006565","","","","0.000002337","","","2026-07-05T17:12:57.454Z","","","","2026-07-05T17:13:32.743Z","",""
"BULLFLAG","8rTc4cEMxrpQj8iA1gd49ziXsAyQEDAfUTPKoAqdpump","71","3","","","","","","","","","","","","","0.000004165","0.000005107","","","","","","2026-07-05T17:13:09.341Z","2026-07-05T17:14:08.555Z","","","","",""
"DAISY","DGeHv7bYXgF9xiCMvQstqHkANTJ3Tu8hVdW7fLT5pump","68","4.099999999","","","","","","","","","","","","","0.000002372","","","","0.000002372","","","2026-07-05T17:13:39.440Z","","","","2026-07-05T17:14:02.547Z","",""
"BULLY","6YkxNRJJeuFkwCybyRoLDN4bBThLyLc2eyNPyS6Rpump","91","19.675925926","","","","","","","","","","","","","0.000006215","","","","0.000006215","","","2026-07-05T17:15:09.510Z","","","","2026-07-05T17:15:26.530Z","",""
"Goat","HskyVpvaYyj5mzZHXiam4p8BULUFvQygTqtRxRC1pump","84","7","","","","","","","","","","","","","0.000002269","","","","","","","2026-07-05T17:15:21.340Z","","","","","",""
"WOMLET","4fmbq3qneoPntAwSzr7cT4FpR97znLr1HfvytsjCpump","75","3.950617282","","","","","","","","","","","","","0.000002268","","","","","","","2026-07-05T17:15:57.377Z","","","","","",""
"game","8RCnDFmZuci3TCV7RsfACrM27cKtKSFuoRtHDXnpump","73","4.444444442","","","","","","","","","","","","","0.000002375","","","","","","","2026-07-05T17:16:15.321Z","","","","","",""
"DAISY","EgLkyRJxctWLzJxuW8gVoPia1kp13hkoHSxcH7ajpump","65","5","","","","","","","","","","","","","0.000004511","","","","0.000002884","","","2026-07-05T17:16:27.352Z","","","","2026-07-05T17:17:02.763Z","",""
"Nailong","5SHNxwFDqyZcGZhH9MhypuLuL7br5CEUrGzCRSgbpump","71","2.962962961","","","","","","","","","","","","","0.000002372","","","","","","","2026-07-05T17:16:45.348Z","","","","","",""
"GAME","C23kTxGDaRTJ2Vwf4GeUAodR7ChYqhu63PtbZHgbpump","69","3.6","","","","","","","","","","","","","0.000002341","","","","","","","2026-07-05T17:17:33.389Z","","","","","",""
"supplytard","64Y5wDm5mwNztDfcTCBxAfJqdrkhXBH7jsp4YNS8pump","68","4","","","","","","","","","","","","","0.000002293","","","","","","","2026-07-05T17:18:51.337Z","","","","","",""
"BS","BrgSnihHbo2nK2JmzM5m7TvDKmDqGwaTRGmZ8wj2b2Bp","","","","","","","","","","","","","","","","","","","","","4.748e-7","","","","","","2026-07-05T17:19:09.374Z",""
"supplytard","2wHH1A8oDgn4ZS3Xjz9sdhZHVZNA75bAHBC1yCTzpump","77","3.5","","","","","","","","","","","","","0.000002272","","","","","","","2026-07-05T17:19:15.428Z","","","","","",""
"Sol","soLnzZ8xtxuQfq9TELpAxPA6kLQn72iUqoP86kKihKr","71","3","","","","","","","","","","","","","0.000002363","","","","","","","2026-07-05T17:19:39.352Z","","","","","",""
"PLEASEBRO","A2foR7qcLsmSVGgB586SCQ4CdxfMVL8YEL6ajKpmpump","65","5.7","","","","","","","","","","","","","0.000005826","","","","0.000005293","","","2026-07-05T17:19:51.460Z","","","","2026-07-05T17:20:26.777Z","",""
"PLSBRO","2Y56ZTUDy7JKNeQ6auCvxDf2KVWx2y8YGKPvC4Y1pump","71","3.1","","","","","","","","","","","","","0.00000231","","","","0.00000231","","","2026-07-05T17:20:03.426Z","","","","2026-07-05T17:20:26.550Z","",""
"COW","Fk3PTz9VWzcti4Z8KVGy15QtWCt5RKhQTFKQCTTBpump","66","2.962962961","","","","","","","","","","","","","0.000002268","","","","","","","2026-07-05T17:21:09.432Z","","","","","",""
"Nut","4tUQ6XKsVaaDMrTkHvYFh1z6sifjoQ5wUdPGDiHwpump","73","4.444444443","","12.093","","","","","-24.917400881057276","","","","","","0.00000604","0.000007264","","","0.000005454","","","2026-07-05T17:21:33.365Z","2026-07-05T17:22:32.643Z","","","2026-07-05T17:22:44.736Z","",""
"Jbull","9ih5nypPnNXMh3Cmt4xh3bYAKC34vnCuTF6CUE9cpump","79","5.000000001","","","","","","","","","","","","","0.00000281","0.00000585","","","","","","2026-07-05T17:22:03.835Z","2026-07-05T17:23:02.547Z","","","","",""
"PLEASEBRO","2s73sJBLpdhLbyQvy7M9y5euLAX5cF97SA4bbBE2pump","68","3.456790121","","","","","","","","","","","","","0.000002269","","","","","","","2026-07-05T17:22:04.250Z","","","","","",""
"AHT","4xD8bxzNyfm2pJEF261Fq8LXcLBpyGfJwDfXgjz5pump","66","5","","","","","","","","","","","","","0.000003971","","","","","","","2026-07-05T17:22:09.463Z","","","","","",""
"Trump","AEfdXidtL2ZAkvKQy7JaUgqC5kHrMvRxWaUcZePapump","66","3","","","","","","","","","","","","","0.000002267","","","","","","","2026-07-05T17:22:27.783Z","","","","","",""
"VISION","soLZaKGoPZDMt3RPH9rFUyjaKxDv3sz3yUHuQMSsFZV","68","4","","","","","","","","","","","","","0.000002373","","","","","","","2026-07-05T17:22:28.200Z","","","","","",""
"VISION","4r5kaRvm3NLbiA4nzj51SUEj1oXJTevvknvqGxFFpump","77","7","","","","","","","","","","","","","0.000002373","","","","0.000002373","","","2026-07-05T17:23:27.386Z","","","","2026-07-05T17:23:44.547Z","",""
"ROFL","3QnDRCt6FsFbFUviebhnGAozWhZR71qr3T7mEr8rpump","66","3.456790121","","","","","","","","","","","","","0.000002274","","","","","","","2026-07-05T17:24:33.837Z","","","","","",""
"‾◡ ‾","EssMn8LqXbjzDGGkbNXA7evMxjWwdL22bEHbZjWipump","79","4.879012344","","","","","","","","","","","","","0.000002483","","","","0.000002276","","","2026-07-05T17:25:46.559Z","","","","2026-07-05T17:26:21.549Z","",""
"CALF","EYUvdGe5tsRaF2GDR8hYESdgvEMc3EGJCLaLbuDepump","67","2.35","","","","","","","","","","","","","0.000002274","","","","","","","2026-07-05T17:26:16.541Z","","","","","",""
"FSD","2vA4J4GjXL3JoB6uYiyk7aBKnboJhbZ6y9i9yAnGWVge","","","","","","","","","","","","","","","","","","","","","0.000002314","","","","","","2026-07-05T17:27:23.788Z",""
"友情","6tASCMLCyA4HC2x7ccvozzVZQCNQh47AGkSe6rZCpump","67","3","","","","","","","","","","","","","0.000002267","","","","","","","2026-07-05T17:31:24.534Z","","","","","",""
"UNO","999H1rdKgnpqUMxXhCJaYtiiHzxtAhdchLBvf33ppump","69","5","","","","","","","","","","","","","0.000002292","","","","","","","2026-07-05T17:32:22.285Z","","","","","",""
"Cow","9vKfFzrt5ao7QGUsKQBKUF7xm5fMKtsk6xvtLZaNpump","68","3","","","","","","","","","","","","","0.000002372","","","","","","","2026-07-05T17:33:22.528Z","","","","","",""
"Supply","2nCwCYAzUdXZqo1LsgMu9iwDSz4tUJzWsk28TKgvpump","79","15","","","","","","","","","","","","","0.0000116","","","","","","","2026-07-05T17:34:23.612Z","","","","","",""
"SPANISH","EJbA5H2QJVDQ6Db6GWCdmkkui8cbyDyyMpYsWi3Lpump","80","7.901234566","","","","","","","","","","","","","0.000002269","","","","","","","2026-07-05T17:36:22.569Z","","","","","",""
"SPANISH","9muBL9wJekWAomJ2r9bxmtXPt2HC52v1LfDYkCbjpump","70","4.938271603","","","","","","","","","","","","","0.00000231","","","","","","","2026-07-05T17:37:23.699Z","","","","","",""
"Supply","DvabUz6J39H51DpR65qvsuNaUmks54FPrxoQFrJq5PJi","92","15","","","","","","","","","","","","","0.00001259","","","","","","","2026-07-05T17:37:24.513Z","","","","","",""
"BULL","CtF7nVEg1Wfh3x24ixsy1qjP5KLxxgXi2KAnoEjVpump","88","9.8","","","","","","","","","","","","","0.000005078","","","","","","","2026-07-05T17:38:22.531Z","","","","","",""
"Traders","7rxRbrAmBLqvGABZQBnswhaSEgDWBzxDvTj51QoK5RxE","71","3","","","","","","","","","","","","","0.000002269","","","","","","","2026-07-05T17:39:24.522Z","","","","","",""
"Purrot","5osoE88ZhRMNVgknuFxtdgqjB7yU8iZ1pevRsAKopump","79","5","","","","","","","","","","","","","0.000006961","","","","","","","2026-07-05T17:39:25.514Z","","","","","",""
"SOL","6HM9VMrqCSYJ97ApbCNLLfWEYqQQeznseNp8zJPFpump","65","3","","","","","","","","","","","","","0.000002399","","","","","","","2026-07-05T17:39:26.534Z","","","","","",""
"xiaoguangju","DN4J3efBjXr6eyMTaXXA18gYrgPW1cWusTkDkpjApump","76","3.5","","","","","","","","","","","","","0.000004887","","","","","","","2026-07-05T17:40:23.537Z","","","","","",""
"$1","BXY4qmEkjxtUGQzV714ZrqeXRghdhQDkahVYa1XM8m5e","66","3","","","","","","","","","","","","","0.000002268","","","","","","","2026-07-05T17:42:25.606Z","","","","","",""
"BWULL","6qULkxJLzHjFo7QLMMekcT55rmUwPipMYhRUcTbrpump","90","11.85185185","","","","","","","","","","","","","0.00001793","","","","","","","2026-07-05T17:42:26.582Z","","","","","",""
"BULL","G2sSdabpjYeJPpqNNYAKQNguJodFrNZ9WACXfFtHpump","","","","","","","","","","","","","","","","","","","","","0.000002311","","","","","","2026-07-05T17:42:27.537Z",""
"お姫様","27VTZ4934Ygg5Zt86EGUrMQaKL8bCXXM8vSjUP5ppump","74","3.5","","","","","","","","","","","","","0.000002269","","","","","","","2026-07-05T17:42:28.521Z","","","","","",""
"BEARS","HqeWXqr46JfDZqHnevxqYeAHJhf5MufjJqNUPBNCpump","65","3","","","","","","","","","","","","","0.000002279","","","","","","","2026-07-05T17:43:23.517Z","","","","","",""
"BURKINAFASO","Ej8XXgu1QQrEa627HjhkDFREGDBkNDKknwGWJknRpump","79","4.938271603","","","","","","","","","","","","","0.000003743","","","","","","","2026-07-05T17:43:24.505Z","","","","","",""
"Supply","FtPGJExMTbFKR6Vk5w8yU1BXV8bwUH3Q3mbR8shgpump","79","5","","","","","","","","","","","","","0.000002268","","","","","","","2026-07-05T17:44:25.514Z","","","","","",""
"LM","Fz3jSX7a2c2keWwjcdoh73GUeybx7XcALR8DHqge9Mh6","","","","","","","","","","","","","","","","","","","","","0.000002757","","","","","","2026-07-05T17:44:26.566Z",""
"Matador","GWXTLTFnk5vPkETeuK72TM2qaLnuEDMD9ype2x8wbonk","67","4.9375","","","","","","","","","","","","","0.000007571","","","","","","","2026-07-05T17:44:27.545Z","","","","","",""
"BULL","6FF8RQ9fogva8qqGYuNKCQNgmbpb4RnsozQgLeuHpump","75","5","","","","","","","","","","","","","0.000003094","","","","","","","2026-07-05T17:44:28.591Z","","","","","",""
"Null","FVwzmnDhBR7nLLZ9fesPr4ZQSSky4diBqcdWN6Rrpump","71","2.962962961","","","","","","","","","","","","","0.000002349","","","","","","","2026-07-05T17:45:22.534Z","","","","","",""
"VIAGRA","62BRdcjSjeq8th6c99467MbG4aPWe7RJK2U9jtCKpump","85","7.901234566","","","","","","","","","","","","","0.000007423","","","","","","","2026-07-05T17:46:22.526Z","","","","","",""
"Cabbit","APpEW84RDCNSiZfM4wmYSawt1CRpqxoRKDpBpVULpump","65","1.97530864","","","","","","","","","","","","","0.000002986","","","","","","","2026-07-05T17:48:22.535Z","","","","","",""
"BA","wnYNPFAkTmvpmbknCavQVcoxkyNxdhXL3vdfEBRxHRN","","","","","","","","","","","","","","","","","","","","","3.389e-7","","","","","","2026-07-05T17:52:23.528Z",""
"20%","8ApjYhhjMmTHuha34cWCuLp3h3esVwSbn7GTEdTUpump","74","6.913580245","","","","","","","","","","","","","0.000004965","","","","","","","2026-07-05T17:52:24.588Z","","","","","",""
"LOCKCOIN","4FPHVYLtQ7QbbQqaVeAPBAaXjJViTcdSZ6yvfoRJpump","82","6","","","","","","","","","","","","","0.000002724","","","","","","","2026-07-05T17:53:22.536Z","","","","","",""
"Float","E1FSAHEAbJePvK9R4kc9R6fvzPaotnfCvVcLPcNuyChE","85","7.9","","","","","","","","","","","","","0.0000551","","","","","","","2026-07-05T17:55:22.521Z","","","","","",""
"BA","AX7GrxtxfmxiRYBgVmhqFY4Y31XXCAGeJM7Twy4owEwr","","","","","","","","","","","","","","","","","","","","","3.063e-7","","","","","","2026-07-05T17:56:22.527Z",""
"bagworkr","42soKxXzQTdcEMQDBbFXFvQ89fssy2diCoKEXk7Vpump","75","3.950617282","","","","","","","","","","","","","0.000002581","","","","","","","2026-07-05T17:57:24.591Z","","","","","",""
"PIGEON","5sM3HyrT1gKuHNV72m2vNf1jVQxYEwJrxE8tVvi4pump","100","4","","","","","","","","","","","","","0.000003585","","","","","","","2026-07-05T17:57:25.568Z","","","","","",""
"活潑的","ChWdA3MMjkvXyi2wQ2FpuAcpXpJckG2Ts24KWFr6pump","","","","","","","","","","","","","","","","","","","","","8.712e-7","","","","","","2026-07-05T17:57:26.540Z",""
"Bull Fund","ALn7xTSZLN6CKn1XxNrPabnD9e4QSrR9mVcbYx6Fpump","71","3.083247688","","","","","","","","","","","","","0.000003913","","","","","","","2026-07-05T17:58:22.237Z","","","","","",""
"CARD","EJQ9YrqjqPJVbhbZrry49Dksc8jKdZd2mUhZndwepump","78","7","","","","","","","","","","","","","0.000002268","","","","","","","2026-07-05T18:00:22.275Z","","","","","",""
"SISU","7G626MJrsHp51zyMeu5t5FNBjcbgTyHparuTRVuMpump","77","7","","","","","","","","","","","","","0.000002268","","","","","","","2026-07-05T18:02:23.530Z","","","","","",""
"LAMPERT","DVL9mgcmrVbfySDSciVE1WhyC1fSX4cXTCWPBQxWpump","66","4.099999999","","","","","","","","","","","","","0.000002268","","","","","","","2026-07-05T18:02:24.592Z","","","","","",""
"hermano","FUXU8dJxW9UEofHxnhZxsgFkqePAZmZsdPqoubTUpump","100","2","","","","","","","","","","","","","0.000005026","","","","","","","2026-07-05T18:03:24.574Z","","","","","",""
"BA","7iRizpVHsp1WcpbmuHTiScJ5jwK7jZUqRA38rEuBfoEz","","","","","","","","","","","","","","","","","","","","","3.988e-7","","","","","","2026-07-05T18:03:25.523Z",""
"Bulldeng","Ctmjp8zPiQLdXj8HwmJyEznwdZu7bvQeNdQjiyqYpump","69","4.938271603","","","","","","","","","","","","","0.000002269","","","","","","","2026-07-05T18:03:26.609Z","","","","","",""
"Bulldeng","E4SuPwriQRwER9Sp9MT1zmw1toQHoFL8Swq92C4jpump","67","4.938271603","","","","","","","","","","","","","0.000002268","","","","","","","2026-07-05T18:04:23.537Z","","","","","",""
"Chudimals","TH2YAkgTu82ur3Cr7dX9fEvqUgfuSgSViizroo5pump","91","14.814814813","","","","","","","","","","","","","0.000006755","","","","","","","2026-07-05T18:04:24.530Z","","","","","",""
"Bulldeng","CPn3XkKkQwUYHubodyafMosQmV8JU1WbwLj7wmLHpump","71","2.962962961","","","","","","","","","","","","","0.000002373","","","","","","","2026-07-05T18:05:22.520Z","","","","","",""
"Bulldeng","4PL7hCneYGz7pCv4aGq9EHsGDHpBk4xZFayvAu1Epump","66","3","","","","","","","","","","","","","0.000002381","","","","","","","2026-07-05T18:06:23.511Z","","","","","",""
"Purrot","4fUvfkk1wkm6ZpaFFA8UpxVhddihDvmuRiVFA29ypump","71","5","","","","","","","","","","","","","0.000002489","","","","","","","2026-07-05T18:06:24.552Z","","","","","",""
"Purrot","BZSPz6BRb9Vgpc9DXMjZDXyymkhVSohSkAoQ7BCopump","71","5","","","","","","","","","","","","","0.000002269","","","","","","","2026-07-05T18:07:22.534Z","","","","","",""
"MF","5dzL5NbgQtgg4e6oimTbtghMwTYXYnYvRZ81cP9nwJCG","","","","","","","","","","","","","","","","","","","","","2.698e-7","","","","","","2026-07-05T18:08:23.700Z",""
"VENTCAT","EVb5G6VSY76M1wXqagCx533eMUT4ZUS4sxHfc1Qpump","65","5","","","","","","","","","","","","","0.000003636","","","","","","","2026-07-05T18:08:24.535Z","","","","","",""
"REVIEW","FzcYBRi3fESDhmXxiNyAE6UKz2zgSwAB6KcwyxXrpump","66","2.962962961","","","","","","","","","","","","","0.000002293","","","","","","","2026-07-05T18:09:23.503Z","","","","","",""
"PL","8rftk7CokBQUP3Hg9Kwc4SP9HAo8584itVkhtnYe1hpU","","","","","","","","","","","","","","","","","","","","","4.872e-7","","","","","","2026-07-05T18:09:24.509Z",""
"POOLZI","3pidGBXaJzZmHoWzK6pzsjJqvmSCVQWbdrQSHSoXpump","71","3.083456788","","","","","","","","","","","","","0.000004097","","","","","","","2026-07-05T18:10:25.525Z","","","","","",""
"BORUTO","2Var8X7dbk2ZQf9SwEmvYE8VhQ3v2kxbPuMDP8hepump","68","2.469135801","","","","","","","","","","","","","0.000002848","","","","","","","2026-07-05T18:10:26.544Z","","","","","",""
"cat","CjpVmNe7u8WUdiZY1cX5ozpDz7kWXbrBBpwawhpXpump","70","5","","","","","","","","","","","","","0.000002273","","","","","","","2026-07-05T18:10:27.528Z","","","","","",""
"TERACORNUCOPI","ANMZsHxhbvT2Zozivtgt6S7xAiewKWJhiqeAdjJspump","67","5","","","","","","","","","","","","","0.000003143","","","","","","","2026-07-05T18:10:28.509Z","","","","","",""
"BFC","5CCFFiZx48v5fySVcpYDv1edAeGjN4VqNLbGrZ5vpump","66","2.2","","","","","","","","","","","","","0.000004592","","","","","","","2026-07-05T18:11:25.547Z","","","","","",""
"LOCKCOIN","9wbnYpLVzU3VFdWRej9FDAXNq7UMRx7gZjQApZ3Tpump","73","9.5","","","","","","","","","","","","","0.000008496","","","","","","","2026-07-05T18:11:26.526Z","","","","","",""
"CATalyst","9kKB9ei6ewRudHZr4sL83ai36jC4pHwy2LKcruCspump","67","7","","","","","","","","","","","","","0.000002376","","","","","","","2026-07-05T18:11:27.547Z","","","","","",""
"LOCKCOIN","74dGY7kdqytaLS2Ho2sUNkfSZsRBSer4Kwt3ZiVDpump","","","","","","","","","","","","","","","","","","","","","0.000002269","","","","","","2026-07-05T18:11:28.522Z",""
"BULL","7qmVG5i5v1dbaZwEdYVLfoQKo8gML7KxspxjxT4Kpump","66","2.962962961","","","","","","","","","","","","","0.000002442","","","","","","","2026-07-05T18:12:25.511Z","","","","","",""
"catalyst","2X3ED7REzhiTJ2RuMAvMpePF79F2LHxm9xep4Xnrpump","71","3","","","","","","","","","","","","","0.000002376","","","","","","","2026-07-05T18:12:26.506Z","","","","","",""
"APE","Bqh37mi4tB6vfw168J7Z5EcwYCcNpkrcpPbKwEFVpump","71","2.962962961","","","","","","","","","","","","","0.00000227","","","","","","","2026-07-05T18:12:28.540Z","","","","","",""
"Kiya","EAKfN65beVhkJrrwEWU6uXRDzRUVaBG485PiMvWhpump","65","5","","","","","","","","","","","","","0.000002375","","","","","","","2026-07-05T18:13:24.515Z","","","","","",""
"BULLPU","CpgoPhwFLcEiTJo4BbLrpedHbFBGi2eZG2TwgB5Hpump","78","4.839506171","","","","","","","","","","","","","0.000002487","","","","","","","2026-07-05T18:13:25.532Z","","","","","",""
"TROLLSEM","JDUz8ou9FrhGSDeswkk5afzAe2nYQFasKjcfhRDNpump","93","17.777777776","","","","","","","","","","","","","0.00001487","","","","","","","2026-07-05T18:13:26.599Z","","","","","",""
"活潑的","7zUpV12ct4Tsi2jJRh5xknnqfEnDVKWq5PRhGhUzpump","85","0.098765431","","","","","","","","","","","","","0.000004879","","","","","","3.622e-7","2026-07-05T18:14:22.584Z","","","","","2026-07-05T18:16:21.841Z",""
"Goob","Hz12YQYtcfs38mwkhxToXakwnQTUjHugmMPiZTeNpump","98","4","","","","","","","","","","","","","0.000002268","","","","","","","2026-07-05T18:15:22.596Z","","","","","",""
"FUD","AvJBcStbx1hJUHkrojdwfCv8nTQ1s8Qgf9p9rAwSpump","100","6.8","","","","","","","","","","","","","0.000002356","","","","","","","2026-07-05T18:16:22.510Z","","","","","",""
"FUD","3HaHM4SWHvP4HAidmCoZaS3Swn5z329aJAwuxNwbpump","66","3","","","","","","","","","","","","","0.00000227","","","","","","","2026-07-05T18:20:23.513Z","","","","","",""
"Bully","5ruDUeBLWCNWAoHTfJHWoGoGgpY1opi11zrU3r8upump","68","2.469135801","","","","","","","","","","","","","0.000002269","","","","","","","2026-07-05T18:20:24.534Z","","","","","",""
"FATGIRL","9xPi2Mx4Rm7ULTCFcxWUhpMN1a9u2Dr3qigLuU5cpump","66","4","","","","","","","","","","","","","0.000002612","","","","","","","2026-07-05T18:21:25.578Z","","","","","",""
"?","DKDs8LqLRvVB9XungEqHKDtmoFHvcMyfLQou9Tqzpump","","","","","","","","","","","","","","","","","","","","","6.485e-7","","","","","","2026-07-05T18:21:26.504Z",""
"77R","A6mRAShNsvRkyr7js5PhtoNe7Txmcix2Adgbjqiipump","71","2.962962961","","","","","","","","","","","","","0.000002777","","","","","","","2026-07-05T18:21:27.506Z","","","","","",""
"Devoor","8Bm5X4YY2ysQHuZVUMMzm7aGyYa1fDyESErs6NAHpump","66","3.6","","","","","","","","","","","","","0.000002324","","","","","","","2026-07-05T18:21:28.523Z","","","","","",""
"?","5E5GfZrGxHP9vLCctBZbhxCAnH3swQdD5sv4GBpUpump","70","6.17876543","","","","","","","","","","","","","0.000002013","","","","","","","2026-07-05T18:22:27.599Z","","","","","",""
"Household","4TkGoJzBPB4PMrHtdvMSv6Gu17gckyXTLkLm5xoupump","76","7","","","","","","","","","","","","","0.000002271","","","","","","","2026-07-05T18:22:28.527Z","","","","","",""
"dawg","CW3BocKDxoVcMqbYQvTzwquGWK34Ri8XPBLhcgH4pump","100","0","","","","","","","","","","","","","0.000009295","","","","","","","2026-07-05T18:22:29.607Z","","","","","",""
"Runaway","DAdxBUR6E73rYAmwNXv7QgsWtJzj7W3ziSucjMTnpump","68","2.5","","","","","","","","","","","","","0.000006701","","","","","","","2026-07-05T18:22:30.564Z","","","","","",""
"AMERICA","4q2J7tR5gHfoQeZZGzhom6ZuKDR3RoVAUEhzuxxHpump","71","3","","","","","","","","","","","","","0.000002321","","","","","","","2026-07-05T18:23:25.502Z","","","","","",""
"?","3L6M4zWigdbKuPnzdizFn3oTXDNicLFyasH4HFBspump","","","","","","","","","","","","","","","","","","","","","0.000001332","","","","","","2026-07-05T18:23:26.557Z",""
"CHEATGPT","9gH9eF6yCJPVRBKmC4CWD1UcK9xXWCX9FZnCwCQ8pump","","","","","","","","","","","","","","","","","","","","","0.000002271","","","","","","2026-07-05T18:23:27.562Z",""
"?","9xiBrGjbJ7YryqQriCmsv1c9vKriFaxTFzgNeD7Bpump","","","","","","","","","","","","","","","","","","","","","6.445e-7","","","","","","2026-07-05T18:24:23.517Z",""
"LM","FAEsyeZLzsCMsnk73RhwXuXrvomZVJF8FFyrMBRTRAoa","67","9.876543208","","","","","","","","","","","","","0.000007412","","","","","","","2026-07-05T18:24:24.524Z","","","","","",""
"DONE","HqeqP5WV4n5SHr2dKHnGJib93mpXo6t6nLEKChj4pump","65","5","","","","","","","","","","","","","0.000002876","","","","","","","2026-07-05T18:25:22.531Z","","","","","",""
"DOGE","84ThgcN5fSM2U2GXcnuKVWpvZjQcjbcuKNH3htG3pump","66","3","","","","","","","","","","","","","0.000002314","","","","","","","2026-07-05T18:26:23.552Z","","","","","",""
"DONE","CoWiWKWNcFdgVxU9EbH8eJjnFcjiCcG5gS88iuQ5pump","","","","","","","","","","","","","","","","","","","","","3.277e-7","","","","","","2026-07-05T18:26:24.573Z",""
"SHIT","7NeD3Ukqjt4M4stPVaxZSbLCou4hz6C3oxhdxiDZpump","71","2.962962961","","","","","","","","","","","","","0.000002298","","","","","","","2026-07-05T18:27:23.514Z","","","","","",""
"EL TORO","ACiid8o2UmfV4hGeriYUcriRZYxKWUaHNkx6VrsCpump","72","3.160493826","","","","","","","","","","","","","0.000002352","","","","","","","2026-07-05T18:27:24.594Z","","","","","",""
"DONE","A2ftKDYWJQ5C2jyVH5eYLELPRqidnXMX6iber5f4pump","","","","","","","","","","","","","","","","","","","","","0.000001036","","","","","","2026-07-05T18:27:25.522Z",""
"DONE","GFSRXpYinCHv3A9SWVQSgKn1ntNGHcJRC2PT2bDppump","","","","","","","","","","","","","","","","","","","","","0.000001559","","","","","","2026-07-05T18:28:26.586Z",""
"DONE","7KwfmhmZrZ5rw2SVAqdN5gdJGzE3Hp2jjiEaCqpfpump","","","","","","","","","","","","","","","","","","","","","0.000001588","","","","","","2026-07-05T18:28:27.541Z",""
"DONE","9KnvJmMpANN86t8bivosCGPTfSpvdyx95W5AxGd9pump","","","","","","","","","","","","","","","","","","","","","0.000001163","","","","","","2026-07-05T18:28:28.570Z",""
"LM","4FdhJqVSVVgQYfYJGqhnBPfiR7dTaagAeTBUcCCArsu2","","","","","","","","","","","","","","","","","","","","","0.000002901","","","","","","2026-07-05T18:29:22.990Z",""
"PVE","DgQB5BVuoBRg9i2PU2tkRqztkofPczQEBauttcA7pump","69","5","","","","","","","","","","","","","0.000004614","","","","","","","2026-07-05T18:29:23.531Z","","","","","",""
"Bullieve","FwxFtEN8U8chwb312C6syVq9Rj1d8Z3uotR2p3xfpump","71","3","","","","","","","","","","","","","0.000002269","","","","","","","2026-07-05T18:30:24.648Z","","","","","",""
"?","5nJTZpweSgMxB2WDGnr1u9edUXP6k3fqdCagkKT1pump","","","","","","","","","","","","","","","","","","","","","5.272e-7","","","","","","2026-07-05T18:30:25.523Z",""
"EL TORO","B1cqdzeefGcpFtGvA8tmFaPBsmJkCiiYuSFZtQBfpump","65","4","","","","","","","","","","","","","0.000009481","","","","","","","2026-07-05T18:30:26.553Z","","","","","",""
"?","AkbM3GyVF1P3RAHQtQPCCXk8BRKbtXo5JnZkLuuipump","","","","","","","","","","","","","","","","","","","","","0.000001002","","","","","","2026-07-05T18:31:25.531Z",""
"?","H5TwTQLPYLnBeUxsssjKgagKDCKvov5gyo2gNtvNpump","","","","","","","","","","","","","","","","","","","","","9.967e-7","","","","","","2026-07-05T18:31:26.517Z",""
"?","CrJxcjiEzb2X7W9nZannviUcoBLfoM5XFi87z4aMpump","","","","","","","","","","","","","","","","","","","","","3.408e-7","","","","","","2026-07-05T18:31:27.497Z",""
"?","6NSKiMzBnTxsbKCyXRgLWJCuny9YLCoPYx9eagtvpump","","","","","","","","","","","","","","","","","","","","","6.8e-7","","","","","","2026-07-05T18:31:28.524Z",""
"bullish","GSDNoSFBng8F9kqPwPFPYpyUGgPJgZadLZpxQxjnpump","70","2.864197529","","","","","","","","","","","","","0.000002312","","","","","","","2026-07-05T18:32:22.574Z","","","","","",""
"LIFE","HHdAstA85xe9Jp7SJgBE4WmpXotZwHYUTFdN2t1vpump","66","3","","","","","","","","","","","","","0.000002375","","","","","","","2026-07-05T18:33:25.523Z","","","","","",""
"?","AwrGVyRDjs1AMJSc1RChcRX4EFLTmenWqKjhoeAYpump","78","11.970370368","","","","","","","","","","","","","0.000002918","","","","","","","2026-07-05T18:33:26.507Z","","","","","",""
"TCC","4ALKT8oRAuw1ZTYWCG4ufdTHCUpPkxQBH2LENA8qpump","66","2.962962961","","","","","","","","","","","","","0.000002375","","","","","","","2026-07-05T18:33:27.503Z","","","","","",""
"SEAZ","8B7bx5g7vP5Lwz2tUJZiMbKozdPFPitZxmnr6uYfpump","66","3","","","","","","","","","","","","","0.000002269","","","","","","","2026-07-05T18:33:28.503Z","","","","","",""
"Bnut","2rTQRcHqsc4uPk8QFrsv7ZYqxBUQUJ57JY9zCUAhpump","90","11.85185185","","","","","","","","","","","","","0.00001164","","","","","","","2026-07-05T18:34:25.518Z","","","","","",""
"?","2ATwkH8kLtsuvkxnAN5B3uY9jEAruBtDxaEzVMRQpump","","","","","","","","","","","","","","","","","","","","","4.366e-7","","","","","","2026-07-05T18:34:26.558Z",""
"?","2S2o5We3wfrYy85XYzBwet6qcTnkcBNHz9tUuUiPpump","81","15.012345677","","","","","","","","","","","","","0.000003464","","","","","","","2026-07-05T18:35:25.499Z","","","","","",""
"beenbe","9GMJLQBeJfgyfdFq1opvLpBMuAwK5gwZ3k9u3LdBpump","66","5","","","","","","","","","","","","","0.000002374","","","","","","","2026-07-05T18:35:26.499Z","","","","","",""
"?","EegXYJSxyVzYJ1yBhzTxCXwdsniiSBZ4H8q8zHvtpump","","","","","","","","","","","","","","","","","","","","","0.000001402","","","","","","2026-07-05T18:35:27.596Z",""
"CZtard","B3w5BwLksCAEMGFE5ckGA5Qzc1oqB4Ppf2vspx9Gpump","94","2.419753085","","","","","","","","","","","","","0.000002529","","","","","","","2026-07-05T18:35:28.496Z","","","","","",""
"?","9tD7oj1RxZKK2JevtwMwrxE2waHZCa17zozwMeAupump","73","9.135802467","","","","","","","","","","","","","0.00001884","","","","","","","2026-07-05T18:36:22.545Z","","","","","",""
"CSL","53hjBZ8AiMvJkuiU4YPZBN8nwavxBu5df4XBYtscpump","71","2.962962961","","","","","","","","","","","","","0.000002268","","","","","","","2026-07-05T18:37:23.571Z","","","","","",""
"Giggle","n16opqBc6oCPCvqMga2vVjMffTXKTHnjRz8Bw7Apump","66","5","","","","","","","","","","","","","0.000002275","","","","","","","2026-07-05T18:37:24.563Z","","","","","",""
"CEEZEE","B599tesRmCLcodFwxRfHZYKhYS12hpfTy6kDk5Nqpump","68","6","","","","","","","","","","","","","0.000002267","","","","","","","2026-07-05T18:38:25.564Z","","","","","",""
"SOLARIANS","DBo9kfTPstqUAVxQx2XKN5ftwEvkCSQogThom3aHpump","97","2","","","","","","","","","","","","","0.00000231","","","","","","","2026-07-05T18:38:26.492Z","","","","","",""
"Trenches","DWFYdRHAPZm1zcrwMPMQWzWHRhMhNSGq9T4soWhVpump","79","5.000000001","","","","","","","","","","","","","0.000003086","","","","","","","2026-07-05T18:38:27.507Z","","","","","",""
"gigansem","6TbhhMN3TWUTWy5BBSAMfAjvshTbZVPESigjkevtpump","93","18.000000001","","","","","","","","","","","","","0.000006788","","","","","","","2026-07-05T18:38:28.518Z","","","","","",""
"LIFE","3qoPqDbQNWypLj1Sx4rje4CMYsmNwy9kz3qrPDKxpump","68","5","","","","","","","","","","","","","0.000002347","","","","","","","2026-07-05T18:39:24.557Z","","","","","",""
"bagworkr","5DtUDp8xib86zNchCtgR31EWirp9qhre9biUjftypump","75","3.950617282","","","","","","","","","","","","","0.000002267","","","","","","","2026-07-05T18:39:26.558Z","","","","","",""
"MF","Ag6gGET6YmjNT83AtHWPiVW7ZWH4iuXQUcPqDkmzkFsF","70","9.876543208","","","","","","","","","","","","","0.000009837","","","","","","","2026-07-05T18:39:27.545Z","","","","","",""
"PUP","CqSwC32A4WWmyZPqp2EuY9SLkp3FGyMfm1BU7m4npump","69","5","","","","","","","","","","","","","0.000002267","","","","","","","2026-07-05T18:39:28.506Z","","","","","",""
"CEEZEE","7SUgGa1VUzc15VoPeQu6SaRyiHaSJKk724Yssnuepump","66","7","","","","","","","","","","","","","0.00000228","","","","","","","2026-07-05T18:40:22.526Z","","","","","",""
"CEEZEE","7yCHNPQ7hVpztEfgNn8QaLnr2ugVGAucrfmidBLYpump","72","3.3","","","","","","","","","","","","","0.000003015","","","","","","","2026-07-05T18:41:22.499Z","","","","","",""
"活潑的","HdhhzqTs4yhmTFkeWJwLbW5VYU5LxEivkmASm4QGpump","","","","","","","","","","","","","","","","","","","","","0.000001157","","","","","","2026-07-05T18:42:22.531Z",""
"CEEZEE","6wsJjmsbw6bvCuDdFsHBfSotvkPiH9j2TBRTbmk5pump","79","5","","","","","","","","","","","","","0.000002312","","","","","","","2026-07-05T18:43:22.599Z","","","","","",""
"JESTER","Aa3avzq6TnXxWw7uVSDNEUp57tCMDcNbWf2BYrzg7Hns","","","","","","","","","","","","","","","","","","","","","0.000002376","","","","","","2026-07-05T18:44:22.514Z",""
"BullMusk","HN44vWtPgspoVPEjJrcMKmjBhGXGwBJZCXnpjUYCpump","68","5","","","","","","","","","","","","","0.000002351","","","","","","","2026-07-05T18:45:25.498Z","","","","","",""
"SINGU","9decbWsWKPRirQ21fD4TaPHFKBkkibTaMYH9GTVJpump","66","3.5","","","","","","","","","","","","","0.000002269","","","","","","","2026-07-05T18:45:26.556Z","","","","","",""
"TRENCH","Be95Rt13RthHe3PkkiLCnfhnPH7VFQWrsA8gSx5wpump","81","5.925925924","","","","","","","","","","","","","0.000003527","","","","","","","2026-07-05T18:45:27.565Z","","","","","",""
"ALSO","4utpMJ5LxaKpKipWdJbY5gXy7Gx4ke6gbwXi5rJDpump","66","5","","","","","","","","","","","","","0.000002375","","","","","","","2026-07-05T18:45:28.516Z","","","","","",""
"GOTCHI","v37hBsXwGbwMcynWhXzhKJGzxP9GiQHr9LxUhYTpump","71","2.962962961","","","","","","","","","","","","","0.000002379","","","","","","","2026-07-05T18:46:23.508Z","","","","","",""
"bull","7d8UoehtdoexfmbuhM7KHCT5FnFo6xBSTkiqcK26pump","68","3.3","","","","","","","","","","","","","0.000002268","","","","","","","2026-07-05T18:46:24.627Z","","","","","",""
"Adcoin","HuWyFcVcJ45aAx1Mw2e5MT4e6CfG511wM7sFJb7gpump","75","3.950617282","","","","","","","","","","","","","0.000002459","","","","","","","2026-07-05T18:47:22.494Z","","","","","",""
"LETCH","FQinTfyvhifX8H2Fyw7GpudSbULQ237EtWmBtFC4pump","71","2.962962961","","","","","","","","","","","","","0.000002738","","","","","","","2026-07-05T18:48:24.554Z","","","","","",""
"活潑的","5ZEHuyaMFTxwsDJR7hCV471zferTq1bqV5NzJC8opump","","","","","","","","","","","","","","","","","","","","","7.86e-7","","","","","","2026-07-05T18:48:25.492Z",""
"BNBTARD","7bS51DCBysF67BbqFSUsFXasJg4KHR983yhVsxU6pump","95","4","","","","","","","","","","","","","0.000004085","","","","","","","2026-07-05T18:48:26.577Z","","","","","",""
"👍","AcQLsdz6ZJJb2DzqfkDmwvrradHRuKkLT4mBEoLRpump","100","6.8","","","","","","","","","","","","","0.00000227","","","","","","","2026-07-05T18:49:22.615Z","","","","","",""
"Bully","Atj5YpFatk69mrxrL1iATqudxKbFHfaLYdTNYEy3pump","","","","","","","","","","","","","","","","","","","","","0.000007804","","","","","","2026-07-05T18:50:24.305Z",""
"COCO","Aoesi3jBcrWdKBeJS8GK4wFHNaY6ARa53ZWyDuDjpump","68","4","","","","","","","","","","","","","0.000007562","","","","","","","2026-07-05T18:50:24.813Z","","","","","",""
"META","3W8K9ptsBjk7rkXymP1WLy1UbWksFvHFb7ttGvUtpump","96","5","","","","","","","","","","","","","0.000006847","","","","","","","2026-07-05T18:50:25.040Z","","","","","",""
"ZAP","B7MYHD4bS2gWwTu34dom5ccnZSXCvRNG6R9BSNoovS4k","","","","","","","","","","","","","","","","","","","","","0.000001476","","","","","","2026-07-05T18:51:24.498Z",""
"MCHI","DLcArT4qgK4WDt34nNEoocNYnVob9F2xuGAgNwegaqHZ","","","","","","","","","","","","","","","","","","","","","4.789e-7","","","","","","2026-07-05T18:51:25.553Z",""
"CHNK","6AEiFUFKfA1F238EZwp1yAwFxjPXEB3BwLLPh3nZS9mo","","","","","","","","","","","","","","","","","","","","","0.000001597","","","","","","2026-07-05T18:51:26.559Z",""
"parabullic","XXQzUvjgEJvGQeE8eSLCfRhJuFHSSebjvRTz2ropump","68","2.5","","","","","","","","","","","","","0.000002297","","","","","","","2026-07-05T18:52:24.482Z","","","","","",""
"BNB","9QzHfCMgCriw6xJSdi4JR9KTJ54qyqu3EWXe7gQ2pump","73","4.444444443","","","","","","","","","","","","","0.000002302","","","","","","","2026-07-05T18:52:25.508Z","","","","","",""
"Tolybull","CRiGp1W9mKeMsfWxNHqzMJhbwB5XuTHoAAdCFEeKpump","99","6.8","","","","","","","","","","","","","0.000002268","","","","","","","2026-07-05T18:52:26.492Z","","","","","",""
"ZAP","CmWqvM2P2YGSAGtEQDoBGumeUiskmmrLVWaVMzv6rqAr","66","1.980198018","","","","","","","","","","","","","0.000004113","","","","","","","2026-07-05T18:53:25.491Z","","","","","",""
"ZAP","GYp8AWDUfpsdQkGrtAkRqXep693VY2aJewjpMKSnNndm","77","3.960396038","","","","","","","","","","","","","0.000004004","","","","","","","2026-07-05T18:53:26.510Z","","","","","",""
"DERP","5JMKCDkA7abzTtS3ZAExdZpMAnnkTfhrWVT7wGWrcgRu","","","","","","","","","","","","","","","","","","","","","3.479e-7","","","","","","2026-07-05T18:53:27.501Z",""
"BSC","3gfveYhP2bJyEioU3rtkX8sTrzfoE9FYUSQftp22pump","92","4","","","","","","","","","","","","","0.000002271","","","","","","","2026-07-05T18:53:28.720Z","","","","","",""
"CZ","DXVr472ZtNPwkveWmKa6yU7GnZ5Adp9ydytSLoGv4444","66","2.962962961","","","","","","","","","","","","","0.000003356","","","","","","","2026-07-05T18:54:25.530Z","","","","","",""
"BNB","GjxP6M68KQiBEvWkJxVU6gLNUSHNsiuyfWrrBaofpump","68","3","","","","","","","","","","","","","0.000002412","","","","","","","2026-07-05T18:54:26.495Z","","","","","",""
"WoofWoof","BaYTKv2dQNTc4JJSQJJmQuiQAeB7CNQQJXhYoBtmpump","77","4.444444442","","","","","","","","","","","","","0.000002313","","","","","","","2026-07-05T18:54:27.643Z","","","","","",""
"-4°","E2NPpAcqjY3g7QuKph3xhFLRD2kThm58R25gHYczpump","71","2.962962961","","","","","","","","","","","","","0.000002377","","","","","","","2026-07-05T18:54:28.537Z","","","","","",""
"-4°","7zAV9ejJPoLwqwSFsYodAjYDJmkGEJBEQTz3pn9Spump","82","6","","","","","","","","","","","","","0.00001553","","","","","","","2026-07-05T18:55:25.693Z","","","","","",""
"BLIP","3aepGBmgi4qGyMZdNJgLt6WgmrH5a2SG2MDwgfq6CCjP","","","","","","","","","","","","","","","","","","","","","0.000001059","","","","","","2026-07-05T18:55:26.553Z",""
"PUP","GtVC7pXooinYQWUBCTWo5quqDqvCxbpyz6VsXpi3ZjFU","","","","","","","","","","","","","","","","","","","","","7.217e-7","","","","","","2026-07-05T18:55:27.559Z",""
"TOGETHER","4cmPRv2koxGPWC9b5qpzCKAm64azk9H8YWJYuLHM4444","67","3","","","","","","","","","","","","","0.000002329","","","","","","","2026-07-05T18:55:28.497Z","","","","","",""
"-4°","4CCqrskSpYN3Cv97WTNnTGYxVYMhiy5d7i7dw3ktpump","65","5","","","","","","","","","","","","","0.000004349","","","","","","","2026-07-05T18:56:24.508Z","","","","","",""
"-4°","F2Hx3UudgW4RENzaApDSH7Sr3U2BhRQGzxXxfZYj4444","75","5","","","","","","","","","","","","","0.000002312","","","","","","","2026-07-05T18:56:25.486Z","","","","","",""
"VC","FYoPR9AFDjKTyQ2XR7XNvoPofRVDVTFgtE4d3Wsmpump","75","3.950617282","","","","","","","","","","","","","0.000002269","","","","","","","2026-07-05T18:56:26.491Z","","","","","",""
"SVB","6rHuJMyTw67GdyGp9XumfEfLhMEpi6R5b7cSzEzdpump","70","2.8","","","","","","","","","","","","","0.000002715","","","","","","","2026-07-05T18:57:22.546Z","","","","","",""
"ERIC","AUeKYvchJv73BgcdtJpBJ4PkdeG44KczVbMfsahTpump","82","8","","","","","","","","","","","","","0.000002902","","","","","","","2026-07-05T18:58:25.523Z","","","","","",""
"-4°","25nFKXAy7Auc5MzUb91rym74x6Ub333VZmLV76Wepump","71","3","","","","","","","","","","","","","0.000002372","","","","","","","2026-07-05T18:58:26.552Z","","","","","",""
"NUB","F5FGjaWCx5j2L94eTY8kxCoq6kT4tgdhpuN5L3MN9PRU","72","3.960396038","","","","","","","","","","","","","0.000003794","","","","","","","2026-07-05T18:58:27.544Z","","","","","",""
"PUP","HMxmYgeFfXsAXiAx32vN3RTv97Epu5G6QBQi2NnGCRGR","67","2.970297028","","","","","","","","","","","","","0.000002835","","","","","","","2026-07-05T18:58:28.655Z","","","","","",""
"8","C6hYC8KKyxm7zoGfesnYjHRjoA81yBtYfPKNQCZLpump","70","4.444444443","","","","","","","","","","","","","0.000002374","","","","","","","2026-07-05T18:59:23.654Z","","","","","",""
"MEME","8vbEF57ZYoLHwpBJVeMyfWKQagrCUmnQx3GCPcTQpump","66","3","","","","","","","","","","","","","0.000002402","","","","","","","2026-07-05T18:59:24.514Z","","","","","",""
"BABYTROLL","ACtwKQ3t2uTEYaN5dVk7MgZxKwTosAZvF5rfAdQSpump","71","2.962962961","","","","","","","","","","","","","0.000002267","","","","","","","2026-07-05T18:59:25.503Z","","","","","",""
"DERP","4HcY8Jczk62r4CFxyibzEZ4Ht5tMbamFuDvtmZyKpqTB","","","","","","","","","","","","","","","","","","","","","4.731e-7","","","","","","2026-07-05T19:00:23.539Z",""
"GM","24ANB2JzhcWXHknQzqKgb5i313WjRCwLnfmBmPfekFG3","71","3.960396038","","","","","","","","","","","","","0.000002028","","","","","","","2026-07-05T19:00:24.490Z","","","","","",""
"chinkcoin","51yz1mkY7NkVnMVjDwNuLUugVKd5uepwWwNCegkwpump","97","6.8","","","","","","","","","","","","","0.00001182","","","","","","","2026-07-05T19:01:24.499Z","","","","","",""
"shitshooter","FwfYrqv25zUGJLmnT8u7MCkr2uB7cXBXjdSw6Jfvpump","76","4","","","","","","","","","","","","","0.000005926","","","","","","","2026-07-05T19:01:25.494Z","","","","","",""
"Daletok","DWPR7p6fPrqc7ssTMBVFXnED1gQk5umyfudUFtX3pump","79","4.938271603","","","","","","","","","","","","","0.000004834","","","","","","","2026-07-05T19:01:26.670Z","","","","","",""
"CHNK","4RPLt2mKFvtauoi1u6GG64dr3PQT1XJjJuVmomxQQRDv","","","","","","","","","","","","","","","","","","","","","0.000001011","","","","","","2026-07-05T19:02:22.509Z",""
"Pwif","DTaJWqTkBD5EjMeJ54rMwu52uhHy9cAPfriLmrsfpump","85","7.703703701","","","","","","","","","","","","","0.000003788","","","","","","","2026-07-05T19:03:22.499Z","","","","","",""
"ANSEMDROP","6RbapsayvunXYAcBVQuzEDcmkZfM9rXZL4zkR4bgpump","68","2.469135802","","","","","","","","","","","","","0.00000352","","","","","","","2026-07-05T19:04:23.503Z","","","","","",""
"YEET","6ME2b9HiCoNPyvv9hXP7Wse6VCZLTiBAbRN3eYLxYLqp","69","3.960396038","","","","","","","","","","","","","0.000001798","","","","","","0.000001695","2026-07-05T19:04:24.508Z","","","","","2026-07-05T19:05:21.709Z",""
"PVE","AFMHGMgMj8xpkG13hq39RVC8MjNPC8mjbMSJ9vrZpump","73","4.44","","","","","","","","","","","","","0.000002267","","","","","","","2026-07-05T19:05:24.498Z","","","","","",""
"PVE","BtXQPQF5XJ2Ddmwx2sha8bm1uRWACwtz8HVFHeRapump","77","4.44","","","","","","","","","","","","","0.000002266","","","","","","","2026-07-05T19:05:25.564Z","","","","","",""
"BNB","9seFWhoqnfQxgiB5iZJWddvGE72S7xG3iuhcNFhqpump","71","3.083247688","","","","","","","","","","","","","0.000002302","","","","","","","2026-07-05T19:05:26.488Z","","","","","",""
"GM","6fC4R9sDS6kjaP7fK7ry3q6gecKVRMXbkrdiNxsVerjj","68","3.960396038","","","","","","","","","","","","","0.000003296","","","","","","","2026-07-05T19:06:24.505Z","","","","","",""
"INSTANT","4wJ9YSS4FKfPTZJeQxPommsZ58htJZe5Po3hbtgBpump","99","8","","","","","","","","","","","","","0.000002297","","","","","","","2026-07-05T19:06:25.496Z","","","","","",""
"CTO","2aJ87Qz8F6n57TVikmfzRXa2sTwsBjywmQV5PyBRpump","89","4","","","","","","","","","","","","","0.000002371","","","","","","","2026-07-05T19:06:26.485Z","","","","","",""
"chink","Ua1PiGvJNNHewQdRzJq9hwuAzWzpLRzddPmoim8pump","66","3","","","","","","","","","","","","","0.000002263","","","","","","","2026-07-05T19:07:24.479Z","","","","","",""
"活潑的","5hangUXc7ZGsWAa23Rbbpn9Tv4vjTJ1bMLygahznpump","","","","","","","","","","","","","","","","","","","","","2.813e-8","","","","","","2026-07-05T19:07:25.530Z",""
"chink","GVBzMrDaj1o4vUQsSN4GtgWaVRu6h6SUP2sLkGWfpump","67","6.123456788","","","","","","","","","","","","","0.000002377","","","","","","","2026-07-05T19:07:26.510Z","","","","","",""
"dog","CkHBsGQjVAMs6GDs7WX2akoutFr1BFNUciTkFt2Npump","86","4","","","","","","","","","","","","","0.000002369","","","","","","","2026-07-05T19:08:22.502Z","","","","","",""
"INSTANT","4jpSgf3Kd1CWtJi1V8WMu9Q8hsNw6b3tZbFwELvRpump","97","5","","","","","","","","","","","","","0.000002264","","","","0.000002264","","","2026-07-05T19:09:23.488Z","","","","2026-07-05T19:12:21.527Z","",""
"PUP","H7i8LTGEgDCrC63PXsQovAEg6Fuca9QMPQ96ozonsQ2N","","","","","","","","","","","","","","","","","","","","","5.6e-7","","","","","","2026-07-05T19:09:24.637Z",""
"NON","5SrYVGu5QAR9pkGgQo1HQnEg853vDbCWBWXNsjzhpump","74","0.050084894","","","","","","","","","","","","","0.000002207","","","","","","1.492e-7","2026-07-05T19:10:22.496Z","","","","","2026-07-05T19:11:21.611Z",""
"PUP","8DwYe4Dq4ntye43xae9M6WpgEFu5vubEjGMxDU2bJ8No","","","","","","","","","","","","","","","","","","","","","8.033e-7","","","","","","2026-07-05T19:11:22.482Z",""
"Meme","ucpMNK8JDNpa2QbthRnFbxfM6FnrLX4LA3um6XKpump","71","3.950617282","","","","","","","","","","","","","0.000003814","","","","","","","2026-07-05T19:12:22.483Z","","","","","",""
"清冲","F7KmuGQMk6kTjU5hvcuPFYVts6ZJ6ZySSVpVq9Pypump","83","4","","","","","","","","","","","","","0.000002265","","","","","","","2026-07-05T19:13:25.500Z","","","","","",""
"memchoin","6hXtQo3dwMqJm5HYYMbFmQsQhMsGNnVejoHSTELapump","100","0.098765431","","","","","","","","","","","","","0.000005693","","","","","","","2026-07-05T19:13:26.485Z","","","","","",""
"CEEZEE","FYta4u2C4aDCQdE9khbkENqFPR2W4kpHzJc8BaaGpump","65","3.3","","","","","","","","","","","","","0.000002266","","","","","","","2026-07-05T19:13:27.490Z","","","","","",""
"Goku","2BM2GZRPg2NXztbw9NQGBqtrqSPgxTsLGSBBHj4gpump","71","2.962962961","","","","","","","","","","","","","0.000003893","","","","","","","2026-07-05T19:13:28.522Z","","","","","",""
"MSGA","DN4h98Pj7G77AA73USPBXAdCGeADcxqdTJbKBShRpump","100","4.938271603","","","","","","","","","","","","","0.000002265","","","","","","","2026-07-05T19:14:24.731Z","","","","","",""
"白马股","92HXwvDw8sRukXmmRmD5uBFa86MAifzaMAaA9Mc4pump","75","3.950617282","","","","","","","","","","","","","0.000002265","","","","","","","2026-07-05T19:14:25.484Z","","","","","",""
"FLUF","Fqa8yj448JrEMLx31gqH9giqkFoYyoTcBZxCNmkHxyAf","","","","","","","","","","","","","","","","","","","","","4.953e-7","","","","","","2026-07-05T19:16:25.514Z",""
"ChiggaButt","6mQxhongiS8eoJqTZAT2BmGjgfkpmihhXpZGDxuapump","95","6.8","","","","","","","","","","","","","0.000007586","","","","","","","2026-07-05T19:16:26.499Z","","","","","",""
"DERP","H9HQv4vLGto9V9E8ZGWD5REg7K3FvFUWJkziDnv6aKnE","","","","","","","","","","","","","","","","","","","","","5.072e-7","","","","","","2026-07-05T19:16:27.494Z",""
"WIF","GymkXxC8nL9mSyzGTwjdPDMJY5VgrDLWqGFQpCdoB9Ut","","","","","","","","","","","","","","","","","","","","","3.887e-7","","","","","","2026-07-05T19:16:28.515Z",""
"191512","9k7yiotj41BsxdHyGobzr9496J5ZXA4gqrnWBb1upump","71","3.950617282","","","","","","","","","","","","","0.000002266","","","","","","","2026-07-05T19:17:24.480Z","","","","","",""
"LEO","2ax9bdkUUnhjK92HsTJon84JVxroXMiXcXFx5e1tpump","71","3","","","","","","","","","","","","","0.00000235","","","","","","","2026-07-05T19:17:26.480Z","","","","","",""
"PUP","CT52X7DyChie4WCUwxbpwqVC68qmxPxUSCY4Y4mznsy","","","","","","","","","","","","","","","","","","","","","9.323e-7","","","","","","2026-07-05T19:18:25.539Z",""
"DERP","8JmcH7xrFXALbuz12B5TtQjzfbkdWGFwnrT2icQQbu6k","65","3.960396038","","","","","","","","","","","","","0.000002137","","","","","","","2026-07-05T19:18:26.622Z","","","","","",""
"191512","DeKuvnPWPAp4F5nDnkappkk94uxitC4uDAbqtmDBpump","68","3.950617282","","","","","","","","","","","","","0.000002264","","","","","","","2026-07-05T19:18:27.484Z","","","","","",""
"硬币","2mDnXgi8GpxoXXG6ESdD52Uv74xVGYMKVBd8Q8mEpump","81","4","","","","","","","","","","","","","0.000002367","","","","","","","2026-07-05T19:18:28.613Z","","","","","",""
"CHNK","H6VRmQFYM1QpSysyVZbtpA1FmGSo8gfjkewnRL25VqKg","65","3.960396038","","","","","","","","","","","","","0.000002888","","","","","","","2026-07-05T19:19:24.504Z","","","","","",""
"SOLAR","C5wtpbWSkVVJ5UDeatMCRdr4SCJbJsc3yoiXWgxzpump","69","2.673","","","","","","","","","","","","","0.000002686","","","","","","","2026-07-05T19:19:25.517Z","","","","","",""
"진돗개","EtPp9SGdFXrKuk9DqfRxWqLYcTGKF6mJNmGKgr4spump","100","11.85185185","","","","","","","","","","","","","0.00001068","","","","","","","2026-07-05T19:19:26.487Z","","","","","",""
"BeeEnBee","EAaKd2yyvHpVQnhNvHMxKJkGcW8rLQf3VhonJWpApump","93","5","","","","","","","","","","","","","0.00000741","","","","","","","2026-07-05T19:20:23.517Z","","","","","",""
"ANSEM","DKAuioRr3mX18MaqeuNEhCYkvndPnwNPRsYkqW82pump","65","1.97530864","","","","","","","","","","","","","0.000012","","","","","","","2026-07-05T19:20:24.553Z","","","","","",""
"BULLAURA","878PSfWvfGejQEoUQm5m9ZdnhpZKvns6AAx63eQnpump","76","4","","","","","","","","","","","","","0.000007712","","","","","","","2026-07-05T19:21:22.591Z","","","","","",""
"BNB","46EBpkXajeyiz7MjSWugPym8rb3KWAWeRQJg4SpTpump","67","5","","","","","","","","","","","","","0.000002268","","","","","","","2026-07-05T19:22:23.478Z","","","","","",""
"SOLANUS","AoRb4Etsm5etD5VpX35d8wTvuigXBfJvnmmFDdDVpump","68","2.469135801","","","","","","","","","","","","","0.000002651","","","","","","","2026-07-05T19:22:24.493Z","","","","","",""
"EMIR","8uJT13uf79zHWYCWSQ2JNYuv5hb7DmF55FBDsZ7tpump","88","9.876543208","","","","","","","","","","","","","0.000003999","","","","","","","2026-07-05T19:23:23.484Z","","","","","",""
"Xinnie","G1EHXQyjxF9ooMpF2FSMLQtVp2dqwFow4jzCe72ipump","96","5","","","","","","","","","","","","","0.000002549","","","","","","","2026-07-05T19:24:24.506Z","","","","","",""
"BNB","72Z7LaWJoGxG6ZjJQcbnPpVRDqJwdPB81PQsGScEpump","65","3","","","","","","","","","","","","","0.000003274","","","","","","","2026-07-05T19:24:25.568Z","","","","","",""
"진돗개","FoeVm3YFCpnwTGcQh5rMhvNXhJ243YupW7MTx5F3pump","72","5","","","","","","","","","","","","","0.000002275","","","","","","","2026-07-05T19:24:26.486Z","","","","","",""
"genie","HYLnM1cKVRgoArEon3d89r4bYkPC4WZ3WsE6XP7hpump","68","2.5","","","","","","","","","","","","","0.000002281","","","","","","","2026-07-05T19:25:23.479Z","","","","","",""
"cz","EaHReAHJWPok2VzEazymRUHzKFWB9aEChF8Qubnypump","84","6.913580245","","","","","","","","","","","","","0.000002325","","","","","","","2026-07-05T19:25:24.515Z","","","","","",""
"KOL","7YycojvCX8C8KbUfpMeptoEAzSdYSMDdC1WF2B5Tpump","75","3.950617282","","","","","","","","","","","","","0.000002263","","","","","","","2026-07-05T19:26:24.473Z","","","","","",""
"CZ","2viKKnYVpx76ZG1x4k8iUaSTHpaXizCTsGJJixospump","68","4.444444443","","","","","","","","","","","","","0.000002369","","","","","","","2026-07-05T19:26:25.498Z","","","","","",""
"dnd","AcqPjBTUHJ8EBCaja1yNApLNNJ4crT9Th8gbD9crpump","79","4","","","","","","","","","","","","","0.000002263","","","","","","","2026-07-05T19:26:26.535Z","","","","","",""
"toothbrush","GB2khT9XamSmGuG8BvcRhZiZjTvcaQWQH6PRQC1wpump","89","3","","","","","","","","","","","","","0.000002367","","","","","","","2026-07-05T19:28:22.490Z","","","","","",""
"FINGERDIH","9R9KZPqYhUc8tg1jA1KAZNbXuGc2Vq4X2tpMbutZpump","71","3","","","","","","","","","","","","","0.000002321","","","","","","","2026-07-05T19:29:17.629Z","","","","","",""
"Community","58fkBPp5LKhbKeJAj6LJvtQAKQwcMmTEEqrQ9NPRpump","66","5","","","","","","","","","","","","","0.000002261","","","","","","","2026-07-05T19:29:18.113Z","","","","","",""
"dog","9Gpkg8gFfr9d9BiLXfbV3QqnTxpQz4iZQFLWoit4pump","76","6","","","","","","","","","","","","","0.000002278","","","","","","","2026-07-05T19:31:41.503Z","","","","","",""
"TCC","612UvCFmJhjXZvxMYpANP6hadChFzLWTURrcKs76pump","66","2.962962961","","","","","","","","","","","","","0.000002372","","","","","","","2026-07-05T19:33:17.729Z","","","","","",""
"$MRRODE","6rfEaeUxFReoLAfKH8vmYwyA9LTssigaKWy8WiMEpump","75","3.950617282","","","","","","","","","","","","","0.000002935","0.000002935","","","","","","2026-07-05T19:33:18.077Z","2026-07-05T19:34:16.462Z","","","","",""
"worldxyz","4nC3NVXv1498S4tuk1VjKgWTJy1qP3fcrd6tnyhypump","79","4.938271603","","","","","","","","","","","","","0.000002472","","","","","","","2026-07-05T19:33:35.268Z","","","","","",""
"Slingshot","4KcRa2p9B9nw3PLr6V6hVZVsbZbWwxZJx5eUrfQJpump","71","3","","","","","","","","","","","","","0.000002266","","","","0.000002266","","","2026-07-05T19:34:11.284Z","","","","2026-07-05T19:34:28.474Z","",""
"C+V","7qqQQmehVZXQWskCrjQ6TVuBF38HdPD36WSBDbGVpump","98","2","","","","","","","","","","","","","0.000002887","","","","0.000002367","","","2026-07-05T19:35:05.277Z","","","","2026-07-05T19:36:16.655Z","",""
"LKNH","BM7JaJXaYQVYnneXXv7PYJYSVmm3yxGNJb2J3Umkpump","","","","","","","","","","","","","","","","0.000003126","","","","","","","2026-07-05T19:36:16.451Z","","","","",""
"MYTH","E1pXg6EfjUuyvsD5EdhMHcEuQcDsWxt1F5wDEX8Lpump","","","","","","","","","","","","","","","","","","","","","1.969e-7","","","","","","2026-07-05T19:37:23.334Z",""
"4444","2TFy249hCMQRqwoxkBSswgDZ6BrgTK8xeoefMEhh4444","77","4","","","","","","","","","","","","","0.000003587","0.000005391","","","","","","2026-07-05T19:37:29.260Z","2026-07-05T19:39:16.646Z","","","","",""
"CFrog","BhfcscCzow44W2pCga2zYX9CNJs7uvyJNmX6rRazpump","75","4.938271603","","","","","","","","","","","","","0.000003179","0.00000307","","","","","","2026-07-05T19:38:10.693Z","2026-07-05T19:37:58.458Z","","","","",""
"FAMILY","GBkE1NVYvG5CuGQFTD6dcpP3bhp8rry6M1svFBRgpump","75","8","","","","","","","","","","","","","0.000002405","","","","0.000002264","","","2026-07-05T19:38:11.309Z","","","","2026-07-05T19:38:46.648Z","",""
"FAMILY","65uCQepTjUrWYe1vuTZig9JUJR3iYUHgEWTi6jBUpump","","","","","","","","","","","","","","","","","","","","","0.000002308","","","","","","2026-07-05T19:39:41.274Z",""
"RETARD","CqgwBXBZRuiVU1fQbKXDo2TVbrAvhcfpuejbpRNppump","75","7","","","","","","","","","","","","","0.000002292","","","","","","","2026-07-05T19:41:59.318Z","","","","","",""
"BULLAURA","THSc8a1njMafjo8CDYUAfjgHAUfGHyLkF2WUSSDpump","90","11.85185185","","","","","","","","","","","","","0.00001836","","","","","","","2026-07-05T19:42:17.256Z","","","","","",""
"yu hu","3fGFDnFhAQchB7A9ug5PhTSZMLUWzYRQWBfekgWxpump","65","2.8","","","","","","","","","","","","","0.000002369","","","","","","","2026-07-05T19:42:41.257Z","","","","","",""
"Chinese","Ebs7JGHPJaFQftqpt71w8FLimDtnHRzKqNdZkTtSpump","71","2.962962961","","","","","","","","","","","","","0.000002823","","","","0.000002398","","","2026-07-05T19:43:23.730Z","","","","2026-07-05T19:43:58.930Z","",""
"chingchong","oDdxWdFb3hdF5Brr78dZiLUMBMroqSxkDneCzVppump","65","6.22222222","","","","","","","","","","","","","0.000006009","0.000007136","","","","","","2026-07-05T19:43:24.051Z","2026-07-05T19:44:22.469Z","","","","",""
"KUPS","GSZ1m8WKB6fesCvxqUjcCF2Jx566pCoEQU8NcMFAKUPS","71","2.962962961","","","","","","","","","","","","","0.000002777","0.000002777","","","","","","2026-07-05T19:44:17.260Z","2026-07-05T19:45:16.448Z","","","","",""
"Banana","DUPNWgX3dYefxDwgU68sCqxQqUzxzRVihJF1DBXEpump","","","","","","","","","","","","","","","","","","","","","2.216e-7","","","","","","2026-07-05T19:44:53.407Z",""
"freg.","HhQ2W86iHSDTqcPHTda6dJvg4jTTkqxS4wYRiJh8pump","68","2.469135802","","","","","","","","","","","","","0.000002413","","","","","","","2026-07-05T19:44:59.322Z","","","","","",""
"ChiggaButt","4U8ehdV9bokHg669JZjiGcKf451219mJbfysz47Gpump","70","5","","","","","","","","","","","","","0.000002265","","","","","","","2026-07-05T19:47:41.314Z","","","","","",""
"Ansemware","MFFXPYWWVQewPrCJ1ngmYNEqvwk38rUqqY8mM9ypump","71","3","","","","","","","","","","","","","0.000002268","","","","","","","2026-07-05T19:49:35.749Z","","","","","",""
"土豆CZ","9L8ebhFSKRMfn4FmFFNkmNrBpzaRDm72myqnD33Vpump","71","2.962962961","","12.19","","","","","-17.17836257309942","","","","","","0.000002736","0.000002736","","","0.000002266","","","2026-07-05T19:49:36.229Z","2026-07-05T19:50:34.462Z","","","2026-07-05T19:50:46.652Z","",""
"Traore","4ijLyPFvJCtH99ELPa9ConY7oZpjJVbcYp5hfwe6pump","70","5","","","","","","","","","","","","","0.000002409","","","","0.000002266","","","2026-07-05T19:49:47.290Z","","","","2026-07-05T19:50:58.664Z","",""
"CvN","75wDb1DMcJqtaVK1gJzieftZ3ZKFWLRBzX2weC9xpump","79","4.938271603","","","","","","","","","","","","","0.000002265","","","","","","","2026-07-05T19:51:29.300Z","","","","","",""
"Chink","GxMxVPVMnq7S3qyr7f3rZSzc8B4SmgEN9iHRNL7fpump","75","4","","","","","","","","","","","","","0.00000227","","","","0.00000227","","","2026-07-05T19:52:30.305Z","","","","2026-07-05T19:52:46.441Z","",""
"MADASNEM","DsZTkA5RtxWuE3328phCb2cgMk9ZAraXdP2A3UKCpump","65","7","","","","","","","","","","","","","0.000002267","","","","","","","2026-07-05T19:52:35.273Z","","","","","",""
"ADCOIN","CWVbpoSbdx33keUTh77UhdTmQ6atV2K7K71VuEHXpump","75","3.950617282","","","","","","","","","","","","","0.000003516","","","","0.000002264","","","2026-07-05T19:53:23.238Z","","","","2026-07-05T19:54:04.636Z","",""
"S","F3f29QdQRofDgP5vgnRMfk9FxJNHt4AgJ9SqUgYveYox","","","","54.27","","","","","-40.88296760710553","","","","","","","0.000003828","","","0.000002263","","0.000002263","","2026-07-05T19:53:28.449Z","","","2026-07-05T19:54:22.719Z","2026-07-05T19:54:22.705Z",""
"Zalupa","E9c5Qd7FZ5pbC8e5UQ7vMksQXyYGjeDBXYCP8Wdrpump","79","4.938271603","","","","","","","","","","","","","0.00000245","","","","0.00000232","","","2026-07-05T19:53:41.370Z","","","","2026-07-05T19:55:34.684Z","",""
"黑鬼","ErCWUXyMApJ62Q2w5kqVjCWAU3gixxjehq2ecvUXpump","73","4","","","","","","","","","","","","","0.000002415","","","","","","","2026-07-05T19:53:53.703Z","","","","","",""
"Zalupa","FSHPytj9ij7p7M4BX3ktZQivhWRceRkxeTn6gzzYpump","79","4.938271603","","65.991","","","","","-16.687344913151357","","","","","","0.000005611","0.000006448","","","0.000005372","","","2026-07-05T19:53:54.060Z","2026-07-05T19:54:52.459Z","","","2026-07-05T19:55:58.450Z","",""
"Chigga","4G5TQg7WFegKLjC12hBcLoZFjpG2VZGU3FJT2fGqpump","72","4","","","","","","","","","","","","","0.000002415","","","","0.000002415","","","2026-07-05T19:55:35.285Z","","","","2026-07-05T19:55:58.475Z","",""
"WOODY","84JZB3ZK6QnrhRp7nECPu9wh8wbHHYXmMvhy5DP1pump","79","5","","","","","","","","","","","","","0.000009199","0.00001014","","","","","","2026-07-05T19:56:23.301Z","2026-07-05T19:57:22.447Z","","","","",""
"WIF","2MGu8UZdHaAutBqgonacdmLzr4UeoDPnFHEXo8f2pump","65","5","","","","","","","","","","","","","0.000002264","","","","","","","2026-07-05T19:57:17.263Z","","","","","",""
"BLÅHAJ","512HWXGAxjryrFbqx3gN1ohLBP3jVhUgA3CYDs3rpump","71","5.43","","","","","","","","","","","","","0.000002267","","","","","","","2026-07-05T19:57:35.317Z","","","","","",""
"FJ","CPkMd1fgbezDsjWW4hkUPrkYjcHUpKk5BXgJ3ufWpump","68","2.469135801","","","","","","","","","","","","","0.000002307","0.000002307","","","","","","2026-07-05T19:57:53.312Z","2026-07-05T19:58:52.438Z","","","","",""
"中国佬","8AFMi8kXgNtMsXEJUZmd2Ai3RjP7YVnvQssnrSm4pump","71","3","","","","","","","","","","","","","0.000002371","","","","0.000002371","","","2026-07-05T20:00:17.363Z","","","","2026-07-05T20:00:34.444Z","",""
"cz","JD5wsVHtFpM2JoW4xwTzrgjyGrpsiGEKj3B4Jgsbpump","84","6.913580245","","","","","","","","","","","","","0.000007069","","","","0.000002293","","","2026-07-05T20:02:23.332Z","","","","2026-07-05T20:02:58.643Z","",""
"Chatterle","A9uyjuC5W8ogu2KQL9dWjmVLSXpdo9nQpUqb5jy9pump","74","7","","","","","","","","","","","","","0.000002308","","","","0.000002308","","","2026-07-05T20:02:47.268Z","","","","2026-07-05T20:03:04.445Z","",""
"CONSPIRACY","5smQfaLbcyz2nh8R8Gbirwbv114g8Gb3VqsE6NjXpump","84","7","","","","","","","","","","","","","0.000004265","","","","0.000003682","","","2026-07-05T20:04:53.327Z","","","","2026-07-05T20:05:28.640Z","",""
"BULL","J5Kz3K2ns41nBttsZhrkduqrkJpnQtAkda15KuXMpump","79","4.938271603","","","","","","","","","","","","","0.000002276","","","","","","","2026-07-05T20:08:05.277Z","","","","","",""
"EAGLE","7bpzbqRJHWbi8EHMAg7CiaXAd1ZUj16FvRFkrfP7pump","70","5","","","","","","","","","","","","","0.000002363","","","","","","","2026-07-05T20:09:23.227Z","","","","","",""
"EAGLE","8t4TdnsTPryXVu8ztayDMTrviz6Q4h5SzZZGa9cwpump","65","5","","","","","","","","","","","","","0.000002372","","","","","","","2026-07-05T20:09:29.218Z","","","","","",""
"dogwifpup","Gvd4ZKwLg94M5g2cTcPatC1AuAAF4v27pYcL9TR5pump","96","2","","","","","","","","","","","","","0.000002268","","","","","","","2026-07-05T20:09:41.237Z","","","","","",""
"Greed4","3XYtZ4tmbVnxay6Et4wWGZjss1DGu6pJzoPYkWBrpump","","","","","","","","","","","","","","","","","","","","","0.000002268","","","","","","2026-07-05T20:11:47.446Z",""
"Dog²","FoEdaqVyAWZKeZkrEdpX5BqBWj92DQG8PojhvLUSpump","65","3","","","","","","","","","","","","","0.000002401","","","","","","","2026-07-05T20:15:17.275Z","","","","","",""
"bttle","7SvdfTrn1ofSYWVZzwyHyUbhhbqPzLBYrhsQcaWrpump","71","3","","","","","","","","","","","","","0.00000242","","","","","","","2026-07-05T20:16:35.233Z","","","","","",""
"BULL","BKUK8AP9HqXbBKCgPwmqvGBf1t8zPK5WuAxDg9Knpump","77","3.000000001","","","","","","","","","","","","","0.000002554","","","","3.307e-7","","3.307e-7","2026-07-05T20:16:59.253Z","","","","2026-07-05T20:17:34.633Z","2026-07-05T20:17:34.626Z",""
"1M","AXMraXtWf5KxAXyBGmTgG2tMnnkX6CBFR8SbGpf8pump","87","9.113001215","","","","","","","","","","","","","0.00001773","","","","","","","2026-07-05T20:17:23.233Z","","","","","",""
"活潑的","FsezNF99A9n5vsWskNrfFSqT3373aX6YSu8T43ELpump","","","","","","","","","","","","","","","","","","","","","5.381e-7","","","","","","2026-07-05T20:19:17.219Z",""
"Bulliccini","25UeYinQseqDWU57L6iSxLiY3qUADZuHGoPvgm4ABULL","80","7","","","","","","","","","","","","","0.000009447","0.0000147","","","","","","2026-07-05T20:19:59.292Z","2026-07-05T20:21:10.634Z","","","","",""
"TATE","F2JWMNwvbnTA2oJEG3TAm44z15FD4P89cq2UJwx5pump","70","8","","","","","","","","","","","","","0.000009034","","","","","","","2026-07-05T20:20:36.049Z","","","","","",""
"billion","4JxMWd9uhtssvArv4s3ncVw8yGVmLoWaBT1Rihejpump","","","","","","","","","","","","","","","","","","","","","0.000002264","","","","","","2026-07-05T20:20:36.437Z",""
"ADNIG","3PpNtsrhDwgKiU1JVN8Pf9DdrK515A7bGVfXJYRDpump","75","3.950617282","","","","","","","","","","","","","0.000002264","","","","","","","2026-07-05T20:20:37.062Z","","","","","",""
"Dr. Trump","Hc34EN9gRLaoeds6CaZDEDLvmPPwegBAGMcAwWynpump","69","3.5","","","","","","","","","","","","","0.000002372","","","","","","","2026-07-05T20:24:41.289Z","","","","","",""
"DJT","Gea5zztMk1629PFdHnbcEF53mrUzxZMTAUb2YTDypump","84","7","","","","","","","","","","","","","0.000002291","","","","","","","2026-07-05T20:24:53.426Z","","","","","",""
"CAPITAL","6TDnWgf1Wu8mceHCcZWg6Lu8JyYvraQMvGYPejUUpump","65","1.97530864","","","","","","","","","","","","","0.000001651","0.000001651","","","","","","2026-07-05T20:24:59.273Z","2026-07-05T20:25:58.419Z","","","","",""
"9","Cq7mqqYm3ZN7H1ZyMdZv6PQuCySdMZ1RqzNwKtZepump","66","2.962962961","","","","","","","","","","","","","0.000002291","0.000002291","","","","","","2026-07-05T20:25:11.198Z","2026-07-05T20:26:10.408Z","","","","",""
"1","8of49Bo1fLGVVZp78hfQhd16A3ketPauUVoNj3Qypump","","","","","","","","","","","","","","","","","","","","","2.012e-7","","","","","","2026-07-05T20:26:35.200Z",""
"STAV","5BmmLpN38ya6GBUhRg1brxcerEjXy9Hsa3ibuxr3pump","","","","","","","","","","","","","","","","","","","","","0.000002264","","","","","","2026-07-05T20:28:05.218Z",""
"shitfund","3YVZkGVwDEaUrtUa9QwnEyzYdz2CH3uvP5R5UuV7pump","75","3.950617282","","","","","","","","","","","","","0.000002264","","","","","","","2026-07-05T20:28:11.312Z","","","","","",""
"1M","Be1Hxha9bwegKmBAwabX1a3XZFD5HhNDwksNBNEtpump","68","2.5","","","","","","","","","","","","","0.000002264","","","","","","","2026-07-05T20:28:17.241Z","","","","","",""
"DT","G2dvappApEvtRaU2Tt11x1KDeoBYejM4wGY72VLgpump","84","0.059259258","","","","","","","","","","","","","0.000002042","","","","6.979e-7","","6.979e-7","2026-07-05T20:28:29.200Z","","","","2026-07-05T20:29:04.632Z","2026-07-05T20:29:04.609Z",""
"PANKSEM","DDYZGdyuxdEakykcqrorj7yHgywB89kNM2Gd1fLspump","68","2.5","","","","","","","","","","","","","0.000002415","","","","","","","2026-07-05T20:30:41.297Z","","","","","",""
"Tremps","FZ8y1HJniK4UciF44EjDjTH4QBfiLZ8v57xeFpX8pump","66","3","","","","","","","","","","","","","0.000002354","","","","","","","2026-07-05T20:31:29.190Z","","","","","",""
"活潑的","866P47cJBHVBAqnER4rH1GkfaFtB5U77SLFsnwngpump","","","","","","","","","","","","","","","","","","","","","6.396e-8","","","","","","2026-07-05T20:31:41.220Z",""
"HAALAND","7WXTJE8CgcheTes9vUZ837EyPYddaoj1hAaMQpS6pump","79","4.938271603","","","","","","","","","","","","","0.000003177","0.000003177","","","","","","2026-07-05T20:31:53.219Z","2026-07-05T20:32:52.412Z","","","","",""
"Bulliccini","Ea9TJcWdUK7WmMZig5MK5tj4B3iJJUnbDFKjC19apump","71","3","","","","","","","","","","","","","0.000002266","","","","","","","2026-07-05T20:32:35.192Z","","","","","",""
"Pirates","3xnqi8gam2PhsTcbVpS8dxidBmCNK1xaMZEQMayspump","100","4.5","","","","","","","","","","","","","0.000004075","","","","0.000003097","","","2026-07-05T20:35:29.376Z","","","","2026-07-05T20:36:40.604Z","",""
"LOCKED","3UPeSwD1cdwrxLRLj1VRmuuAXzmewAurb1EAQtxjpump","","","","","","","","","","","","","","","","","","","","","0.000002273","","","","","","2026-07-05T20:35:41.400Z",""
"babybitc","2ckCrQbfpNmSDZhkx9yxUVYefbn5p1B43cWBpaippump","66","7.000000001","","","","","","","","","","","","","0.000003167","0.000003167","","","","","","2026-07-05T20:35:47.209Z","2026-07-05T20:36:46.405Z","","","","",""
"DT","BP1Z4szmY8zgYcDccfHF9dkXX9R2GJx6rxzscorRpump","75","0.059259258","","54.255","","","","","-99.32575944677698","","","","","","0.000002154","0.000004049","","","2.73e-8","","2.73e-8","2026-07-05T20:37:17.198Z","2026-07-05T20:38:16.395Z","","","2026-07-05T20:39:10.650Z","2026-07-05T20:39:10.636Z",""
"key","8s9tW3hYoNtGFH8eS2LPy3ED6geVWtzh7dDoskAZpump","65","7.000000001","","","","","","","","","","","","","0.000003622","0.000003622","","","","","","2026-07-05T20:37:35.255Z","2026-07-05T20:38:34.427Z","","","","",""
"1","HN2ZrDS4L5WfxfnRFb8TgnYogXWtPz8buT8kYVbFpump","95","5","","","","","","","","","","","","","0.00001195","0.00001273","","","","","","2026-07-05T20:37:53.317Z","2026-07-05T20:38:52.397Z","","","","",""
"Drop","9wBy1TNGzuJVNhZf9ytgMmVyjoayT6wjXdskZHMFpump","69","2.66","","","","","","","","","","","","","0.000002415","","","","0.000002264","","","2026-07-05T20:38:11.201Z","","","","2026-07-05T20:40:10.594Z","",""
"ALISHAN","Brck6pTdsMsPYNtjRoVg7aXHUdzLw3V7eGkY1i3jpump","71","2.962962961","","","","","","","","","","","","","0.000008555","0.000009116","","","","","","2026-07-05T20:38:23.223Z","2026-07-05T20:39:40.627Z","","","","",""
"1","DUtRL3zofaDSK9t9C1PKVZ4HYSqXVSmzinC575TXpump","80","10","","","","","","","","","","","","","0.000002415","","","","","","0.000002369","2026-07-05T20:38:41.181Z","","","","","2026-07-05T20:39:22.621Z",""
"1","6WXuhwrg47q7Uo7uFW9ZTUJAfVgwkbLxvk8gfFuapump","92","2","","","","","","","","","","","","","0.000002306","","","","","","","2026-07-05T20:38:47.219Z","","","","","",""
"DT","UuF4YMoVyJtXT1tJ4KazTq2dmXXPpXd7uDYfxX3pump","67","0.050084894","","","","","","","","","","","","","0.000003996","","","","0.000003258","","","2026-07-05T20:41:29.353Z","","","","2026-07-05T20:42:04.600Z","",""
"baddog","BYXQxhptNYF7pCi5nSUjiUBEqaN6H4R67ctAkZ52pump","65","7.000000001","","","","","","","","","","","","","0.000002254","0.000002254","","","","","","2026-07-05T20:41:41.240Z","2026-07-05T20:42:40.402Z","","","","",""
"1","4uzuXgiMnnJh7RT4BenQhE4ieKiYSpGLRramTuRGpump","66","2.25","","","","","","","","","","","","","0.000002308","","","","","","","2026-07-05T20:43:35.242Z","","","","","",""
"活潑的","DZWu4KhMZdcYUKdx1wkYHUrPthqmbwiymiKNqHSEpump","82","0.050084894","","","","","","","","","","","","","0.00002002","","","","4.075e-7","","4.075e-7","2026-07-05T20:44:23.208Z","","","","2026-07-05T20:44:58.629Z","2026-07-05T20:44:58.620Z",""
"GAYTES","Dh7y3UTSaG9pSDhvby6sPLAGgTB5MGJXnBnRvAa9pump","68","2.5","","","","","","","","","","","","","0.000002368","","","","","","","2026-07-05T20:44:29.178Z","","","","","",""
"babybitc","BeeJdVVzv7YpeuMubNVB7GK4tN5dk66sWVxj29AKpump","","","","","","","","","","","","","","","","","","","","","0.000002757","","","","","","2026-07-05T20:44:53.248Z",""
"PAPOI","AKm3diNgwT6NQsGSssxVEsvBdXMpKFo7ZFKYRrZCpump","","","","","","","","","","","","","","","","","","","","","1.042e-7","","","","","","2026-07-05T20:45:53.286Z",""
"BULL","5Ysf3BWRDRnDCGPNj1NVvG58qTgqtzXPkAFFsCj7pump","70","2.843","","","","","","","","","","","","","0.000002373","","","","","","","2026-07-05T20:46:05.194Z","","","","","",""
"1","A28TSkcegkPRPZef4Xbna3RT6QuW8RLgDTYsBZFQpump","69","3.5","","","","","","","","","","","","","0.000002534","","","","","","","2026-07-05T20:46:59.204Z","","","","","",""
"ZERP","9taJJRxGDAf8heCreJGGZFq5LsxbDxxv1U15rc1jpump","","","","","","","","","","","","","","","","","","","","","0.000002265","","","","","","2026-07-05T20:47:41.188Z",""
"Bulliccini","ENRjTeWd7gqfpb3YYR4hrQ66rnUzm1kwGM8prz4pump","90","17.777777776","","","","","","","","","","","","","0.000006918","","","","","","","2026-07-05T20:50:53.672Z","","","","","",""
"ANSEM","73RAoDycYsfbSg92cpA3f733g4cE1n9cpf1LDtnWpump","","","","","","","","","","","","","","","","","","","","","0.000001055","","","","","","2026-07-05T20:50:54.023Z",""
"MEME","99JwwnyZRnbBV78vBVg5jsNCFuL7XaYBfBHUPyNspump","78","6.913580245","","","","","","","","","","","","","0.000006571","","","","","","","2026-07-05T20:51:05.193Z","","","","","",""
"BLM","AEVySWQRPtAoB6JXbstH8Qx5q6tJXQFAgPywnavbpump","79","0.01","","","","","","","","","","","","","0.000002307","","","","","","","2026-07-05T20:53:05.671Z","","","","","",""
"MOGLANIA","9XpvAKJFCyHMb6QnbQ1ffBujy35FYJYBPQp3soHUpump","69","5","","","","","","","","","","","","","0.000002409","","","","0.000002264","","","2026-07-05T20:53:11.279Z","","","","2026-07-05T20:53:46.596Z","",""
"TWUMP","37bHrUAbdwUwL5KdaPzTsCfFpyqTuFXkDVKiWjgrpump","68","5","","","","","","","","","","","","","0.000002408","","","","0.000002264","","","2026-07-05T20:53:41.668Z","","","","2026-07-05T20:54:16.669Z","",""
"Crime","F85RosAe8aiJ3LoWTAUH9vYPakzW6E1vK1hjA3XXpump","73","3.5","","","","","","","","","","","","","0.000002416","","","","","","","2026-07-05T20:53:42.064Z","","","","","",""
"Nigslop","AmUe7C4srQM7Ji22zDj2vX2yJny851QAaBaTKxYwpump","66","3","","","","","","","","","","","","","0.000002264","","","","0.000002264","","","2026-07-05T20:53:53.192Z","","","","2026-07-05T20:54:10.397Z","",""
"POPSEM","FNFAH3oy1eY2m1GoJZ3VrNABJgTujUWp6TFSTB4Upump","90","11.85185185","","","","","","","","","","","","","0.000004605","","","","0.000002313","","0.000002313","2026-07-05T20:54:05.240Z","","","","2026-07-05T20:54:40.590Z","2026-07-05T20:54:40.583Z",""
"ALON","AZhr24UN9sVbfR4xFjUS61tuo7KUkNA7MQFP6Bsfpump","75","3.950617282","","","","","","","","","","","","","0.00000365","","","","","","","2026-07-05T20:54:59.253Z","","","","","",""
"TERRA","pV2iMK1K1VgPfsZ3omsP7QqG5RPgKKzc54ZqcsWpump","71","2.962962961","","","","","","","","","","","","","0.000002264","","","","","","","2026-07-05T20:55:41.649Z","","","","","",""
"Bottle Crab","3rABXPvkf9iJVopqJPfhAFNYe7QPJNTq6g4QPPpBpump","75","4.96","","","","","","","","","","","","","0.000002439","","","","","","","2026-07-05T20:55:42.069Z","","","","","",""
"GFN250","BDv55fqkaYATCxgBUnnDbuACxLRXmetpj8PEgkVHpump","91","14.814814813","","","","","","","","","","","","","0.000005213","","","","","","","2026-07-05T20:56:11.379Z","","","","","",""
"POPSEM","EqiDGQSTg3x8EiaLRoPy7dvRZY1cek8qN1bn2yAjpump","","","","","","","","","","","","","","","","","","","","","0.000002284","","","","","","2026-07-05T20:56:17.300Z",""
"FATGIRL","BSQ8ZApzC84tdhx2iyWcHec6GRvejmuMF3XPNCuCpump","75","3.950617282","","","","","","","","","","","","","0.000002306","","","","","","","2026-07-05T20:56:35.654Z","","","","","",""
"Trump","CcnUdDr8cxJqt3kaywMVqBSzGabdPXo8fwiqY2xtpump","87","3","","","","","","","","","","","","","0.000003986","","","","","","","2026-07-05T20:56:36.054Z","","","","","",""
"PULL","HNN2gEmBgXgX1ggdyZnsLEaBsg6yd1kQ4xZxpzuzpump","71","3.083247688","","","","","","","","","","","","","0.000002453","","","","","","","2026-07-05T20:56:59.225Z","","","","","",""
"POPSEM","YdmzbD7Gz6YWa2dKw8u6xezJcMkR2Ao1kuibw5Tpump","","","","","","","","","","","","","","","","","","","","","0.000002286","","","","","","2026-07-05T20:58:41.271Z",""
"BILLION","APV1qg7Dk8hkWzV4mPAF7fNAoihGsrjQYWXqnxpnpump","72","4.938271603","","","","","","","","","","","","","0.000002393","","","","","","","2026-07-05T20:58:53.224Z","","","","","",""
"PULL","FcJdmBRwp2j5Rhjxt6CtzAid5w7A84YyvW1Qb4i6pump","66","3.083247688","","","","","","","","","","","","","0.000002266","","","","","","","2026-07-05T20:59:17.232Z","","","","","",""
"Billion","CtH459g3noNgrLhJYguqcv8Cv5tVgbVxcw7yHQhUpump","65","5","","","","","","","","","","","","","0.000003942","","","","","","","2026-07-05T20:59:41.288Z","","","","","",""
"POPSEM","7TpTAze5msQXVAY4GQgLyqwbdA5cYVW1oA6h1usBpump","90","11.85185185","","","","","","","","","","","","","0.000002686","","","","0.000002686","","0.000002353","2026-07-05T20:59:59.244Z","","","","2026-07-05T21:00:16.392Z","2026-07-05T21:00:34.663Z",""
"活潑的","5cKpBZubgVwWnnbkvbZvtcKfm9a7uBKm2dV7A2nspump","","","","","","","","","","","","","","","","","","","","","1.136e-7","","","","","","2026-07-05T21:00:29.621Z",""
"MTBGA","2cMwoU69oFaSYtGBeE4aVYdaJCxzhYRqcV8cEBc8pump","71","2.962962961","","","","","","","","","","","","","0.000002968","","","","","","","2026-07-05T21:00:30.032Z","","","","","",""
"SCUBA","6kcDHGmsPb5FXq1MxshgkcUenRvQhSdUtggcaxRspump","","","","","","","","","","","","","","","","","","","","","0.000002266","","","","","","2026-07-05T21:00:35.545Z",""
"SeaZ","5bebKw9LZkLhVB2kvqtsiq6yhXtXJ4T785JfonKHpump","68","3.950617282","","","","","","","","","","","","","0.000003566","","","","0.000002959","","","2026-07-05T21:01:11.261Z","","","","2026-07-05T21:01:46.587Z","",""
"Billion","HhouTm1eAtQZYwF85wHdwABFcsz6gWj2QDXUg9jGpump","71","3","","","","","","","","","","","","","0.00000294","","","","0.00000278","","","2026-07-05T21:01:23.210Z","","","","2026-07-05T21:01:58.607Z","",""
"香烟","7qiDz8d2Jj7KgiSufqSZH57tEdaPU6tm68K25ipxpump","71","2.962962961","","","","","","","","","","","","","0.000003071","","","","0.000002381","","","2026-07-05T21:01:59.636Z","","","","2026-07-05T21:03:10.655Z","",""
"alen","AzsZTHC7qQyMS1MEznY2BzeqtWtNHbEv5mQxZsDypump","98","5.432098763","","","","","","","","","","","","","0.000003423","","","","0.000003189","","","2026-07-05T21:02:00.038Z","","","","2026-07-05T21:02:34.615Z","",""
"QC","Dso15DViiJyDsSC6rTb8V26FWdU7iQngcP2rZ6eupump","68","3.950617282","","","","","","","","","","","","","0.00000299","0.00000299","","","","","","2026-07-05T21:02:11.604Z","2026-07-05T21:03:10.398Z","","","","",""
"win","AnGjVJUPgUnKusvmhkuonUcXrzXD6GCa3QsE4mD3pump","","","","","","","","","","","","","","","","","","","","","5.967e-7","","","","","","2026-07-05T21:02:12.017Z",""
"SFJ","GKZNCjUi1Kncq1Eca14W3FHAT9bP6ZtqGpozpTk7pump","66","3","","","","","","","","","","","","","0.000002306","","","","0.000002306","","","2026-07-05T21:02:35.242Z","","","","2026-07-05T21:02:52.421Z","",""
"PAID","PA1Djx8xjMLrLHP7wydb2Tmxas1bC6pSs6jBhAJjmgR","88","9.9","","-36.063","","","","","-17.003745318352053","","","","","","0.00001183","0.00001335","","","0.00001108","","","2026-07-05T21:03:17.239Z","2026-07-05T21:04:28.674Z","","","2026-07-05T21:03:52.611Z","",""
"PORTNOY","335jpX7Sq2oDWht9ykeoMg8ZNED9Kcu6WREyNGJNpump","79","4.938271603","","","","","","","","","","","","","0.000004373","","","","0.000002641","","","2026-07-05T21:03:23.348Z","","","","2026-07-05T21:03:58.603Z","",""
"POPSEM","EWrvSKcvoJ1prpZJE5usK2EidLme1sTyLJ7eHwkkpump","","","","","","","","","","","","","","","","","","","","","0.000002274","","","","","","2026-07-05T21:03:41.274Z",""
"POPSEM","6iwYp37e6UcLm8SvbGCvX5NA9DrnCJyagzn7QgBupump","","","","","","","","","","","","","","","","","","","","","0.000002391","","","","","","2026-07-05T21:04:47.623Z",""
"活潑的","CVGw1fj5XeLAwmWs93a7Q9cEpwnZnCVbdDG7FNZBpump","","","","","","","","","","","","","","","","","","","","","6.713e-7","","","","","","2026-07-05T21:04:48.075Z",""
"TAPCAPS","9sQoujKzZYcRR14EfCdLzkaDh3r3tio9VAGMx1G9pump","74","3.703703702","","12.218","","","","","-7.818819088703159","","","","","","0.00000366","0.000003709","","","0.000003419","","","2026-07-05T21:05:23.259Z","2026-07-05T21:06:22.394Z","","","2026-07-05T21:06:34.612Z","",""
"POPSEM","CAM6odaVjC6n4LN1Rd5JtBVoeW6x9V7dwB9Hkx1ypump","","","","","","","","","","","","","","","","","","","","","0.000002279","","","","","","2026-07-05T21:05:35.259Z",""
"MUDGIRL","BPvWHiDocJjhN876qpRjc3XhDxK6Se2iiN7V991ypump","","","","","","","","","","","","","","","","0.000003826","","","","","","","2026-07-05T21:05:52.375Z","","","","",""
"감자","EfHsehnb8P9amfEGY4K19b1hBbJX24TPj9Afmzrpump","82","0.059259258","","","","","","","","","","","","","0.000002464","","","","9.883e-7","","9.883e-7","2026-07-05T21:06:35.291Z","","","","2026-07-05T21:07:10.736Z","2026-07-05T21:07:10.728Z",""
"ASSET","CFKyYuJKmX6atoBYQANgSaBnbHEKtHaQcq8iBh2npump","66","3","","","","","","","","","","","","","0.000002264","","","","0.000002264","","","2026-07-05T21:06:41.299Z","","","","2026-07-05T21:06:58.386Z","",""
"LEVI","6baGyq4HLbUn93MQUGFqBktpXP8BRjpoxSsAap4ppump","93","18.765432097","","","","","","","","","","","","","0.00001256","","","","","","","2026-07-05T21:06:47.444Z","","","","","",""
"LONGSHOT","2bPHeTeiG8jvUPUeQhVjuuuBCBJZWfYgK7pbv2i7pump","83","6.872852234","","","","","","","","","","","","","0.000002264","","","","","","","2026-07-05T21:07:11.353Z","","","","","",""
"TSUKUNE","EfEJrifPNeTF3uYw11TsYnhm9kREncLsSNJWcNqLpump","66","3","","","","","","","","","","","","","0.000002264","","","","","","","2026-07-05T21:07:35.339Z","","","","","",""
"POPSEM","9gaecQ7DMPXeM4fddZVvfp7tRA4VdR5zWzb1tKKopump","","","","","","","","","","","","","","","","","","","","","0.000002294","","","","","","2026-07-05T21:07:59.242Z",""
"POPSEM","GJzjiuWWxApoCuNj3WPhQsTFQMbM786CiAypaUjmpump","","","","","","","","","","","","","","","","","","","","","0.000002287","","","","","","2026-07-05T21:08:41.386Z",""
"PHUCK","7LdBeJs9jQ4GoN7PerT6XTe49QkbjTzjxtRoVQd3pump","77","3.000000001","","","","","","","","","","","","","0.000002963","","","","","","","2026-07-05T21:08:59.794Z","","","","","",""
"POPSEM","Gyz9kEVGJu2AMSggRrvf9geeavRos6yqdVaLb2BXpump","","","","","","","","","","","","","","","","","","","","","0.000002305","","","","","","2026-07-05T21:09:00.220Z",""
"CAPYBARA","Az2ber5gBWnF5T9jABVA34nC4uoFCmUdvnQ6r4gEpump","75","3.950617282","","","","","","","","","","","","","0.000008034","","","","","","","2026-07-05T21:09:17.225Z","","","","","",""
"SKUNKED","3SuLdX4RRQ6akPZLNBJLbfXFtM8t618MT4b5SRv4pump","","","","","","","","","","","","","","","","","","","","","4.491e-7","","","","","","2026-07-05T21:09:47.206Z",""
"POPSEM","AzELrQhUrMfmhXRtqctGcgDE4NTyoQWWuX7cGmCRpump","90","11.85185185","","","","","","","","","","","","","0.00001841","","","","0.00001841","","","2026-07-05T21:10:11.230Z","","","","2026-07-05T21:10:28.397Z","",""
"PHUCK","NhsnZji2c3j3i2uj591Mu4VsTon6RUwL6vGPx6Gpump","77","4.000000001","","","","","","","","","","","","","0.000003307","","","","","","","2026-07-05T21:10:47.456Z","","","","","",""
"SKUNKED","3fFncSrY5HsHGeUKXuhEnB1c9rchKh38p3f45SXopump","99","0.493827159","","","","","","","","","","","","","0.00000292","","","","","","","2026-07-05T21:11:41.525Z","","","","","",""
"TRUMPCARD","3QF746oTHHb8So9ppssoKBHTfyKkjVkFFC37s477pump","71","3","","","","","","","","","","","","","0.000008239","","","","","","","2026-07-05T21:11:47.214Z","","","","","",""
"PHUCK","3j5rMYMjAn7MuCKzbe7vKPSjMTMQBVRqcvBYWwuXpump","","","","","","","","","","","","","","","","","","","","","0.00000115","","","","","","2026-07-05T21:12:59.250Z",""
"CHICKEN","3ETQmggabkfdmfpsxXHyYjFjFCp5higEPoMj7K4Xpump","68","2.469135801","","","","","","","","","","","","","0.000002402","","","","0.000002263","","","2026-07-05T21:13:23.338Z","","","","2026-07-05T21:13:58.597Z","",""
"SKUNKED","CzGz9MiWQ1Po8k8xxce2LMCNkJ8JhwPxeJpyEeVrpump","","","","","","","","","","","","","","","","","","","","","1.81e-7","","","","","","2026-07-05T21:13:29.216Z",""
"GILLIS","7jwq7nUWCGV2iyHGb8ksQH9hGv2eKQzad4K4m9VZpump","","","","","","","","","","","","","","","","","","","0.000002263","","","","","","","2026-07-05T21:14:22.579Z","",""
"SKUNKED","8NLUBuHetJbs1GfgvXbaWYX8ygJG5NZCqQcCTuKhpump","91","0.050084894","","","","","","","","","","","","","0.000007983","0.000007985","","","","","","2026-07-05T21:15:53.189Z","2026-07-05T21:16:52.394Z","","","","",""
"PHUCK","8qErXAdyrQqn8NLSPyK1sHMKixw1mCJiHejTBwUpump","75","4.500000001","","12.416","","","","","-11.75882744836775","","","","","","0.000002649","0.000003002","","","0.000002649","","","2026-07-05T21:16:58.785Z","2026-07-05T21:16:46.383Z","","","2026-07-05T21:16:58.799Z","",""
"CARD","CjYP6sWVrobcE6srAW64R8EGEZHwGmNLj55Y85KWpump","71","3","","","","","","","","","","","","","0.00000227","","","","","","","2026-07-05T21:16:59.299Z","","","","","",""
"SKUNKED","ECoCi2hv9CeRDvNVJfWbs3K5Bg3HFVjWxc2SoH3spump","","","","","","","","","","","","","","","","","","","","","1.72e-7","","","","","","2026-07-05T21:17:11.227Z",""
"SC","7jBpsTDUiq1tVKtpj5oNFgw9oNTu9nHpTXRFFP6Ppump","73","7","","","","","","","","","","","","","0.000002409","","","","","","","2026-07-05T21:18:59.195Z","","","","","",""
"lulu","3BpzBKnCQE4DdE9DwAsLqSsPMHxMkm3k6cs2AjPhpump","71","2.962962961","","","","","","","","","","","","","0.000002324","","","","","","","2026-07-05T21:19:11.176Z","","","","","",""
"elon musk","Djx7h7pbFUGD6ED1QbcytpPs79Pw6fd1pM7FafLTpump","86","0.197530863","","","","","","","","","","","","","0.000009242","0.00001498","","","","","","2026-07-05T21:19:53.221Z","2026-07-05T21:20:52.386Z","","","","",""
"BACK","EbFGbTWD1tzHd8eFet6nQZXNb58byzgmerpijj3fpump","71","2.962962961","","","","","","","","","","","","","0.00000228","","","","","","","2026-07-05T21:20:47.348Z","","","","","",""
"CHARITY","CSWLSDw6T2xpbbRx1CFz4bd2zCCSTBZyW3v8k4WNpump","","","","","","","","","","","","","","","","","","","","","1.89e-7","","","","","","2026-07-05T21:20:59.175Z",""
"CUPSEYBULL","Do8wZRzQgMM5MG5nnA1FRN12ZyMCSB4H11KKomdhpump","96","34.567901233","","","","","","","","","","","","","0.00001055","0.00001055","","","","","","2026-07-05T21:22:29.612Z","2026-07-05T21:23:28.446Z","","","","",""
"PHUCK","782YHibaTRwNdwTdwT7cbMuJ9g66hLdhJi3htcS2pump","74","5.000000001","","48.14","","","","","-80.75487701441901","","","","","","0.000003537","0.000003537","","","6.807e-7","","6.807e-7","2026-07-05T21:23:40.584Z","2026-07-05T21:24:04.447Z","","","2026-07-05T21:24:52.587Z","2026-07-05T21:24:52.572Z",""
"Ansemlon","7aKuPs7Va6UMVWkipUwDW6AJHExvC864jMH7AQnvpump","71","2.962962961","","","","","","","","","","","","","0.00000228","0.00000228","","","","","","2026-07-05T21:23:53.212Z","2026-07-05T21:24:52.377Z","","","","",""
"감자","9e5mbcG5emUy4L8oo6BtxFAzKEchbdPpwesGa66npump","86","0.098765431","","","","","","","","","","","","","0.000002595","","","","7.75e-7","","7.75e-7","2026-07-05T21:24:05.246Z","","","","2026-07-05T21:24:40.582Z","2026-07-05T21:24:40.570Z",""
"$BWIF","FmDk6gVK2aKgjDo9ZXbFxAnVHdqJRMUFZHHq7sZspump","","","","","","","","","","","","","","","","","","","","","4.863e-7","","","","","","2026-07-05T21:25:29.252Z",""
"BULLCHUA","7rct5D5rzdp45V38x76qKVUQWUGjJFriC3eURgyPpump","71","2.962962961","","","","","","","","","","","","","0.000008134","","","","0.000002293","","","2026-07-05T21:27:53.357Z","","","","2026-07-05T21:28:28.679Z","",""
"NOAH","HtA722RqL2LeLwU9XTXN7Lc6hnkiRVD3Xa7HgPpEpump","71","2.962962961","","","","","","","","","","","","","0.000005367","0.000005419","","","","","","2026-07-05T21:28:29.258Z","2026-07-05T21:29:28.382Z","","","","",""
"Idea","EV8tmFqAY3xRREbmjiNANpzZN9q5JTMpjAghoZgYpump","69","5","","","","","","","","","","","","","0.000002317","","","","","","","2026-07-05T21:29:11.587Z","","","","","",""
"Idea","AsQpaHTzdK9sXWtq1S2rZ4tEw3gQ3meoL72Ajpvspump","68","5","","","","","","","","","","","","","0.000002317","0.000002317","","","","","","2026-07-05T21:29:11.994Z","2026-07-05T21:30:11.229Z","","","","",""
"BULL","E4QkPTk5owa8N4Fbnt6W4gSFY6Bue4UotoujbP8Fpump","70","2.88","","","","","","","","","","","","","0.000002388","","","","","","","2026-07-05T21:36:23.425Z","","","","","",""
"BSC","6sLenbvpogswMdWVG9dN3XNQjZtji9B4Gs8tn3Mipump","71","3.083247688","","","","","","","","","","","","","0.000002281","","","","","","","2026-07-05T21:36:24.410Z","","","","","",""
"slopnald","C2HkNGo5XSqFtH8hYpXeWU42sH9kyVfrRsZC6R9Zpump","93","6.8","","","","","","","","","","","","","0.000002295","","","","","","","2026-07-05T21:38:23.927Z","","","","","",""
"ATLAS","CZ9X2QvDLqAzyQen7rHQDSWaXL9znCHeu2cfZjAMpump","71","3.083247688","","","","","","","","","","","","","0.000002305","","","","","","","2026-07-05T21:38:25.409Z","","","","","",""
"WINNERS","HgXHmKwQ4Z2Hf9UvPTSJRoznKK9n3qadvmMMGbzVpump","72","7","","","","","","","","","","","","","0.000002386","","","","","","","2026-07-05T21:39:22.475Z","","","","","",""
"SLUSH","2sF6LhJvdQ1bMP3Jv7wnUdAJqTfV9RVZuwb1uN1Jpump","72","5","","","","","","","","","","","","","0.000002387","","","","","","","2026-07-05T21:40:22.404Z","","","","","",""
"WINNERS","3ZvrHAA5YrvLR6qLnBsLKVYkVifLu1X7VQ3msQsZpump","72","7","","","","","","","","","","","","","0.00000231","","","","","","","2026-07-05T21:41:24.438Z","","","","","",""
"NEYMAR","BxXe9Bq9d2GoYZoRDy669xYPi7HVSfb3QDJXhrynpump","66","8","","","","","","","","","","","","","0.000002387","","","","","","","2026-07-05T21:41:26.410Z","","","","","",""
"wifsem","H82hzxmPwddi15h2JPb41DWJiinntMA3kvpuXC1wpump","71","3","","","","","","","","","","","","","0.00000956","","","","","","","2026-07-05T21:42:22.434Z","","","","","",""
"LKS","BjEWWzAHTKVydausuKJ7yqxZpyJty2yxLxZhXkBNpump","80","8.000000001","","","","","","","","","","","","","0.000003705","","","","","","","2026-07-05T21:43:21.468Z","","","","","",""
"ANSEM","EY65F6v7JhKdYy6geSmtJEz7KqT8wY2JhXPCFuBApump","","","","","","","","","","","","","","","","","","","","","1.556e-7","","","","","","2026-07-05T21:43:22.460Z",""
"$RAINDANCE","9R3an47GAtnVciCsnvu4XRzEfQVPesfCozFAfPmypump","98","63.848396501","","","","","","","","","","","","","0.00002727","","","","","","","2026-07-05T21:44:23.387Z","","","","","",""
"OCTAVIS","6hv9ViiDncvFuUTfzGP4oXpZEZGSRaStqPhDX6zqpump","","","","","","","","","","","","","","","","","","","","","0.000002378","","","","","","2026-07-05T21:44:24.401Z",""
"GROK","6x55TU18DHMeiVMdwK3wi5NdYSsEyQ2rMd4CwBLMpump","71","2.962962961","","","","","","","","","","","","","0.00000228","","","","","","","2026-07-05T21:48:23.458Z","","","","","",""
"BOBA","CQZgRgAiTHUd3NthUNRpgEDgv9yE7GAW4LU57b5Upump","75","3.950617282","","","","","","","","","","","","","0.000002281","","","","","","","2026-07-05T21:49:24.435Z","","","","","",""
"TAC","HSNd1kqcd9HCS499RvtG3MqrKdkcWZiPNfXk1gHdpump","85","8","","","","","","","","","","","","","0.000008881","","","","","","","2026-07-05T21:50:23.484Z","","","","","",""
"BLAG","7h8BhADd5RokR5eZFJcSQ2jFjEmfLFQonCRZn7zapump","79","4.938271603","","","","","","","","","","","","","0.000003355","","","","","","","2026-07-05T21:50:24.403Z","","","","","",""
"Ornax","EFTZ3S4WdQi9zTZWVRGAgv6EzURcCz5vHei3Kuhapump","","","","","","","","","","","","","","","","","","","","","0.000002323","","","","","","2026-07-05T21:51:23.571Z",""
"$PTG","5LNYHzUN1v12RGXWqtRp2mXAPbkF6N9r8hN33SX5pump","","","","","","","","","","","","","","","","","","","","","1.631e-7","","","","","","2026-07-05T21:51:24.423Z",""
"감자","65cyHdU9SBJdwjAGjnMUcwaVnYA5LYYAniG5pokGpump","","","","","","","","","","","","","","","","","","","","","8.555e-7","","","","","","2026-07-05T21:52:23.391Z",""
"grain ","9ArghsWjViGWZcRaHsZeYx7RYx7TC9jMRa3qKz6Lpump","65","7.000000001","","","","","","","","","","","","","0.000002101","","","","","","","2026-07-05T21:52:24.408Z","","","","","",""
"ANSEM","F9WbU8J8KrGcbq4XjRPMU5Tydm1axvMkrEfkb2x3pump","","","","","","","","","","","","","","","","","","","","","2.56e-7","","","","","","2026-07-05T21:53:22.385Z",""
"El Torro","9PS7Te8xccnXrgxAcgqPKqERXyFZF5h67Lbh7nGLpump","79","4.938271603","","","","","","","","","","","","","0.000002322","","","","","","","2026-07-05T21:54:23.379Z","","","","","",""
"Emotiguy","4YuVP7Wwt7sMz3UgNxMW6cHEqFx5KZGDYyYbnxG1pump","73","3.5","","","","","","","","","","","","","0.000005503","","","","","","","2026-07-05T21:54:24.400Z","","","","","",""
"Schlongland","3WiKrfPK5WgABWQNY7bMDgUFKLhfVSfbWsU1d3SSpump","75","4.938271603","","","","","","","","","","","","","0.000002287","","","","","","","2026-07-05T21:57:24.067Z","","","","","",""
"RAAAAAAAHHHHH","9gxKHWux1rhrPxbvqFToLPTEnQjJWwJ3d3spp67zpump","73","3.5","","","","","","","","","","","","","0.000003836","","","","0.00000249","","","2026-07-05T21:57:24.375Z","","","","2026-07-05T22:00:21.594Z","",""
"ZNVRO","GpZQcw2BTBQZbjYMePCr4fxVqZzNHUd78DGnESevpump","95","36.039506171","","","","","","","","","","","","","0.00001109","0.0000111","","","","","","2026-07-05T21:57:25.446Z","2026-07-05T22:00:21.648Z","","","","",""
"WINNER","GTP87w5YMTE6XTP2AMBhNrHKNMdEiNFwgT9iJo82pump","71","2.962962961","","","","","","","","","","","","","0.000004355","0.000005734","","","","","","2026-07-05T21:59:22.382Z","2026-07-05T22:02:21.464Z","","","","",""
"hedja","3yAb9Yz3323Ga3FL3Cf1Ck2C4bDYKDqfNA6VEedipump","71","2","","","","","","","","","","","","","0.000003302","0.000003302","","","","","","2026-07-05T22:01:22.668Z","2026-07-05T22:04:21.512Z","","","","",""
"mexico","2YWsRhAdQhzhAj8ommLtUDQFVZGNfW696aPM8HDtpump","","","","","","","","","","","","","","","","","","","","","2.605e-7","","","","","","2026-07-05T22:02:22.402Z",""
"WoofWoof","BYpUSJYr3NfrsN9QjsBa4SE8AHkbjLiFPPtHhWq8pump","70","2.88","","","","","","","","","","","","","0.000002306","","","","","","","2026-07-05T22:04:22.475Z","","","","","",""
"ROCKET","HfRC9haR5YYhV1qY6vEhB6AR2mSGafDCaEUUt4vrpump","75","3.950617282","","","","","","","","","","","","","0.000002296","","","","","","","2026-07-05T22:08:22.379Z","","","","","",""
"if","HK9bhLT4XrBwBum386hVoMG7m9FYPDiehvNyTmQspump","70","2.843","","","","","","","","","","","","","0.000002316","","","","","","","2026-07-05T22:10:24.435Z","","","","","",""
"DICKPICS","8BwvVRGRuHg17WRyxQxxEkMabWpLVU8o3diuj9LX11Sw","73","7","","","","","","","","","","","","","0.000002394","","","","","","","2026-07-05T22:11:22.448Z","","","","","",""
"감자","9uGt5fVmXzdtyuTWGncWTje2vd7f6Ar3WrvZ4Hkgpump","","","","","","","","","","","","","","","","","","","","","7.9e-7","","","","","","2026-07-05T22:13:25.393Z",""
"Haaland","Ai1T2oawyCBPcRdULjPpPB92pp95F6LUepuDD3WYpump","72","3.5","","","","","","","","","","","","","0.000002295","","","","","","","2026-07-05T22:13:26.387Z","","","","","",""
"WIFELON","EtLh5aWTRKagmugwq9D1WG48weq7CrCpK2pkPFACpump","81","0.200000001","","","","","","","","","","","","","0.000002335","","","","","","","2026-07-05T22:13:27.404Z","","","","","",""
"HAALAND","8dsaBeYKoQZU79TwpCbjKP7ofnXWRXaYpQSgHa8dpump","71","2.962962961","","","","","","","","","","","","","0.000002398","","","","","","","2026-07-05T22:13:28.440Z","","","","","",""
"IF.","5z9tmmCnKAt9HYHGS1ekEGGegLwKXQWkn9EeTR8Lpump","65","2.843","","","","","","","","","","","","","0.000002321","","","","","","","2026-07-05T22:14:23.989Z","","","","","",""
"ENDNEYMAR","7jz4gDHV5TW1EK4QMxqSjBJrcPA5aUiUi8eN67r8pump","92","15.000000001","","","","","","","","","","","","","0.000005157","","","","","","","2026-07-05T22:14:24.452Z","","","","","",""
"Green","J8sYMc5GGV1XmwDcE1cEdw3HTar41DMkp1HgbzU9pump","","","","","","","","","","","","","","","","","","","","","3.777e-7","","","","","","2026-07-05T22:14:25.389Z",""
"wifelon","2dAgQ7t8481bz1oh8SuXbs4jxyypfa8hBxfaxnGSpump","","","","","","","","","","","","","","","","","","","","","3.781e-7","","","","","","2026-07-05T22:14:26.387Z",""
"OUTLIER","8sHzTRwEPwxBgscVFaEv8RHa1xwC3RNDoYkyS24rpump","84","7","","","","","","","","","","","","","0.000002295","","","","","","","2026-07-05T22:17:22.403Z","","","","","",""
"CRB","9HSg36KFHwicSCSA31cjcwCx58nWGm4shkJYAB6Upump","71","3","","","","","","","","","","","","","0.000006817","","","","","","","2026-07-05T22:18:22.395Z","","","","","",""
"DID","BtY4KZAyNfAe8rvKSj4LHUhk2BCQ1ZhcUvsaAEccpump","70","2.832","","","","","","","","","","","","","0.000007558","","","","0.00000235","","","2026-07-05T22:19:22.421Z","","","","2026-07-05T22:22:21.497Z","",""
"감자","4bfYJMK9kZq2EYcdSbhv3xE7hApCmtZJPcSJCrVcpump","","","","","","","","","","","","","","","","","","","","","1.471e-7","","","","","","2026-07-05T22:21:23.827Z",""
"BULLAND","8bT85oxLDikX3AFsjqdm4pWrwhckxqWS63aXAv1Fpump","68","2.469135801","","","","","","","","","","","","","0.000004528","0.00000556","","","","","","2026-07-05T22:21:24.385Z","2026-07-05T22:24:21.559Z","","","","",""
"ANSEM","CsuLneirczwzrsi1aYUjioKTr8FueYE21Puxqe4Dpump","70","1.97530864","","","","","","","","","","","","","0.000001658","","","","","","0.000001658","2026-07-05T22:21:25.396Z","","","","","2026-07-05T22:24:21.523Z",""
"Chad","8XYdpPeojFpqGAD4CRa5t6nG5FuwZRErAbHh6yvkpump","80","5.432098764","","","","","","","","","","","","","0.000004809","","","","","","","2026-07-05T22:23:25.419Z","","","","","",""
"MemesWall","5ji5er81ec5W2UELd6ZwBDc82tY19187q3pmzwPmpump","74","3.654320986","","","","","","","","","","","","","0.000002495","","","","","","","2026-07-05T22:23:26.382Z","","","","","",""
"Pwif","Hp5fGkxNZ1q9xt6Qf4NLrNP1p81GRfrXYUyVEcvVpump","71","2.999999999","","","","","","","","","","","","","0.00001029","","","","","","","2026-07-05T22:24:23.405Z","","","","","",""
"cat","CaPT3fEE6AZH2kV1TA68rLfbTvuFSMfonSP762Wdpump","67","4.8","","","","","","","","","","","","","0.000002376","","","","","","","2026-07-05T22:24:24.389Z","","","","","",""
"Sheep","GNc45fu48urTp29Ty3DM61iArdpCREoFdSy9MmuUpump","70","2.88","","","","","","","","","","","","","0.000002304","","","","","","","2026-07-05T22:25:25.374Z","","","","","",""
"KTN","AFvdgvupCYi6Lg137ugFdrw7Q5Zk9HDkQCvp6gacpump","71","2.962962961","","","","","","","","","","","","","0.000002887","","","","","","","2026-07-05T22:25:26.395Z","","","","","",""
"Chad","Ed4fyG1i1b6uvo38jxHdg5dGASxiEoVNopEQLURnpump","80","5.432098764","","","","","","","","","","","","","0.00001022","","","","","","","2026-07-05T22:25:27.370Z","","","","","",""
"ADCOIN","DA5rR3ka3kNRcYDMbceRqeKZMepB8xKhNCwEdaH3pump","71","2.962962961","","","","","","","","","","","","","0.000002301","","","","","","","2026-07-05T22:25:28.385Z","","","","","",""
"감자","F3sLseFU4uWb4Qsb9sZuXejF2474kzLstYEtiSSypump","91","0.098765431","","","","","","","","","","","","","0.000004556","","","","","","","2026-07-05T22:29:23.485Z","","","","","",""
"BULLINI","BLT3EhtoVRyarA6PxWY1jaTUHTHeP8qHv3udYt2Npump","70","2.88","","","","","","","","","","","","","0.000002451","","","","","","","2026-07-05T22:29:24.424Z","","","","","",""
"HELL","CL5H2pQmsL2mJ5P3z7SwKtoL5zUWtSv2zFfqgqmMpump","","","","","","","","","","","","","","","","","","","","","0.000002299","","","","","","2026-07-05T22:30:23.385Z",""
"HAALAND","6mLRqAY3pxuyH2EctS8Kxo6CBZ1J1GE1wrYSptQQpump","","","","","","","","","","","","","","","","","","","","","0.000002294","","","","","","2026-07-05T22:31:23.372Z",""
"santi","FusZNETGtf9tg6WDEvZjrZ8gs5ubnsoPF5LFH9hDpump","75","4.938271603","","","","","","","","","","","","","0.000004313","","","","","","","2026-07-05T22:31:24.397Z","","","","","",""
"bull","BNSwZzoAQnXLTtuCZcrRU4u7brCcCnx2fGXobdynpump","78","6","","","","","","","","","","","","","0.000002351","0.000002351","","","","","","2026-07-05T22:33:23.370Z","2026-07-05T22:36:21.549Z","","","","",""
"VLD","41Zb1W6wcmp7JnH43eY9uoZCeWBFYAanYT4gu4JUpump","71","3.083247688","","","","","","","","","","","","","0.000002417","","","","","","0.000002444","2026-07-05T22:34:22.396Z","","","","","2026-07-05T22:37:21.431Z",""
"MAHARA","Di35VCxgi6rkrQi26E1sAT936eDrFgEMyKcoFghzpump","83","6.518518517","","","","","","","","","","","","","0.00000339","","","","","","","2026-07-05T22:35:22.541Z","","","","","",""
"Fifafication","G8APuKLN253b88TTcNP6CB3ZGPeZeb37SQvnzryUpump","71","2.962962961","","","","","","","","","","","","","0.000002284","","","","","","","2026-07-05T22:36:22.366Z","","","","","",""
"5%","45rTHJSDWaBipLJU9JQ9SQ2KcGmxZv9U8Mq5zakApump","71","2.962962961","","","","","","","","","","","","","0.00001481","","","","0.000002415","","","2026-07-05T22:39:24.387Z","","","","2026-07-05T22:42:21.471Z","",""
"5%","CLFqG5E2wZgHFjKTqwHuFtyTwbKMxLCykg1ergYxpump","66","3","","","","","","","","","","","","","0.000002676","","","","","","","2026-07-05T22:39:26.388Z","","","","","",""
"0.5%","E1Y71W4fZ7ZQitArrGbw64UadU6mCLzr8bZ2rKZ1pump","75","3.950617282","","","","","","","","","","","","","0.000003361","","","","","","","2026-07-05T22:41:23.453Z","","","","","",""
"TAW","CtneAhGDBcVqM62BrGDFajzjJuyNfGgmLB5vTwYgpump","75","4.938271603","","","","","","","","","","","","","0.000003545","","","","0.000002907","","","2026-07-05T22:41:24.429Z","","","","2026-07-05T22:44:21.508Z","",""
"ed","FVYSFb7b2QY17w7dnyjWoxYKRjJhm3z8t4eJmbWmpump","79","4.938271603","","","","","","","","","","","","","0.000004733","","","","0.00000233","","0.00000233","2026-07-05T22:43:22.379Z","","","","2026-07-05T22:46:21.512Z","2026-07-05T22:46:21.494Z",""
"99.5%","fS5itaLDWDMF8WmiTmh1ZBkdLAzVKFREHZNtgUapump","71","3.950617282","","","","","","","","","","","","","0.000002579","","","","0.000002283","","","2026-07-05T22:44:23.379Z","","","","2026-07-05T22:47:21.555Z","",""
"0.1%","HSDB8oJn66zrUjkofgLzkfGkR4SV3rSXeo6y885Fpump","68","4","","","","","","","","","","","","","0.000002335","","","","","","","2026-07-05T22:44:24.372Z","","","","","",""
"HBUU","Fh53regVpBujP6F5aGorHovXsTsCqdd4ZD2WKFXvpump","79","4.938271603","","","","","","","","","","","","","0.00000312","","","","","","","2026-07-05T22:45:22.372Z","","","","","",""
"PP","BjW1RdBn12DaiUAwAMc8HSzzaRoDDfU3FKHWVVggpump","95","0.049382715","","","","","","","","","","","","","0.000002283","","","","","","","2026-07-05T22:47:24.370Z","","","","","",""
"AFROMAN","8sKzEEwkW7JtcaubnUiSE3NGxML4eQMrdJJ4TDCpump","68","2.5","","","","","","","","","","","","","0.000002327","","","","","","","2026-07-05T22:47:25.360Z","","","","","",""
"감자","kzKCTq944gmoLEpxYZgtetyENmmsWojTq3AUjYKpump","","","","","","","","","","","","","","","","","","","","","1.638e-7","","","","","","2026-07-05T22:47:26.380Z",""
"MANDEM","3g24TmG52Z9gkVZrwEEGfAjQC76WnWLJMqnGCfyGpump","100","2","","","","","","","","","","","","","0.000002301","","","","","","","2026-07-05T22:49:24.437Z","","","","","",""
"ᓚᘏᗢ","22jStn8pWKziP56q3EZHQ7UghoyrMAbGb9D34HL4pump","94","22.7125","","","","","","","","","","","","","0.000006461","","","","","","","2026-07-05T22:49:25.442Z","","","","","",""
"GIGADOGE","4Gii7ARPUuifNgpDYELhh6fgz3mZExBtvQwg1qQbpump","66","3","","","","","","","","","","","","","0.000002287","","","","","","","2026-07-05T22:49:26.367Z","","","","","",""
"insideher","BjnRr2cMdAwAvrDSYqhSJtVKYGUj6NjmNKztwPJbpump","91","6.8","","","","","","","","","","","","","0.000002297","","","","","","","2026-07-05T22:50:22.358Z","","","","","",""
"rPtND1Si","6nYAURWJfke2eZRhHqdkWFizg8SrC9pcyMNL9yHbpump","89","6.8","","","","","","","","","","","","","0.000002283","","","","","","","2026-07-05T22:52:24.370Z","","","","","",""
"KEPE","4zWUjf5ygFo4oj8SfBby6zi9ibntZ2HoYGWTsfVpump","71","2.999999999","","","","","","","","","","","","","0.000002374","","","","","","","2026-07-05T22:52:25.369Z","","","","","",""
"PWUMP","5pNDRUKqjMaZHukx7KiXuCao8SQBLrbtP7JfskoDpump","84","6.913580245","","","","","","","","","","","","","0.000002283","","","","","","","2026-07-05T22:52:26.404Z","","","","","",""
"KEPE","9FxY1LPA4Aoy6pa5shumcqpvojRqx95JuraMpwkppump","91","3","","","","","","","","","","","","","0.000002398","","","","","","","2026-07-05T22:53:25.367Z","","","","","",""
"SPEEDRUN","FGxXcZSvq73QcA3kwzXKjujFQDqpvndFVC9LFNftpump","71","2.962962961","","","","","","","","","","","","","0.000002284","","","","","","","2026-07-05T22:53:26.414Z","","","","","",""
"rPtND1Si","GpaG38LGSs5NdcEWLnP34fa1LsaDhBMHWNoeEtd5pump","87","6.8","","","","","","","","","","","","","0.000002283","","","","","","","2026-07-05T22:53:27.352Z","","","","","",""
"WART","96VBCArGLWYWgvhhsiEGoy7Fyi12qu88Z113Ca7ypump","94","5","","","","","","","","","","","","","0.000002392","","","","","","","2026-07-05T22:54:26.421Z","","","","","",""
"감자","UQkmRcCjxX6GyttLXk7ErAiafjkirTDFgeqSK5Apump","91","0.098765431","","","","","","","","","","","","","0.00002109","","","","","","","2026-07-05T22:54:27.391Z","","","","","",""
"rPtND1Si","7jqD5KNSgYXVXaHBWRde5p8xyiE5bD8eMvcYtcWLpump","66","3.061728393","","","","","","","","","","","","","0.000002284","","","","","","","2026-07-05T22:54:28.419Z","","","","","",""
"WART","799V2CnSrSrwfpCYy4KcjpgqyGTgeryEC4UQSVNwmBym","72","7","","","","","","","","","","","","","0.000002289","","","","","","","2026-07-05T22:55:23.429Z","","","","","",""
"NEYMAR","5pSfbmSdXAKQH9xaLyixsSQExHKbK8sJu7FjLTyspump","100","2.498738011","","","","","","","","","","","","","0.000005761","","","","","","","2026-07-05T22:55:24.417Z","","","","","",""
"WART","EqAu5X2pxRBLvoxCfSqWVKEjPJVK5ovH1BdN4wwipump","93","5","","","","","","","","","","","","","0.000008945","","","","","","","2026-07-05T22:55:25.366Z","","","","","",""
"WIF","GxnbVzqMEpKaqXSEK9qoH2DNjDHuZf5qpesPx29mpump","88","9.876543208","","","","","","","","","","","","","0.000002602","","","","","","","2026-07-05T22:56:22.371Z","","","","","",""
"SBULL","5zLh76ssU4mzAacr94Ux34jbZPC2sAnZ6XDgtKLopump","95","0.059259258","","","","","","","","","","","","","0.000012","","","","","","","2026-07-05T22:57:22.376Z","","","","","",""
"WIF","9fZYKSVUaxAwSbV7o7xQZJRwRow8rfsjKVZQgSvkpump","75","4.938271603","","","","","","","","","","","","","0.000002285","","","","","","","2026-07-05T22:59:23.360Z","","","","","",""
"water","AUDJo6bb5ZnUrjKo1vk9pLkGeuZTaA7BSHjJ75rppump","90","3","","","","","","","","","","","","","0.000002286","","","","","","","2026-07-05T22:59:24.371Z","","","","","",""
"Hermano","52y9XGjgCJ2eGK23SZ3e4vfbgLpT1Bq75JjtrUufpump","69","0.001","","","","","","","","","","","","","0.000002288","","","","","","","2026-07-05T23:00:24.408Z","","","","","",""
"Stimmy","65tgrp28M3U5ifnkUbAgDC3m3q5uWfSKmUTGWuWFpump","79","4.938271603","","","","","","","","","","","","","0.000003102","","","","","","","2026-07-05T23:00:26.363Z","","","","","",""
"SUPERMAN","9ZTPcnd42ZFoCMagnB1GXcS78G9chwkJ7vXMbxbnpump","66","3","","","","","","","","","","","","","0.000002296","","","","","","","2026-07-05T23:01:21.470Z","","","","","",""
"Mensadeng","BmoUjFZyrVhZiTLWsQVEA1ogCT2zwK1NAC9eDp2Wpump","66","3","","","","","","","","","","","","","0.000002286","","","","","","","2026-07-05T23:01:22.402Z","","","","","",""
"MooNutShibSem","EYn6tC4LAoshxvFeQmWU5g8hdNeqdssSGdN5vZCWpump","89","3","","","","","","","","","","","","","0.000007205","","","","","","","2026-07-05T23:02:23.831Z","","","","","",""
"Floating","2egGyTo7a9TCWQtUcFcrrPPXgdiBsgATJryiUWMQpump","74","3.55","","","","","","","","","","","","","0.000002286","","","","","","","2026-07-05T23:02:24.360Z","","","","","",""
"VIKING","EzVKXARrBwhY6jkrRqQL1ehjycLeiFz1TS7EaSbHpump","87","2","","","","","","","","","","","","","0.000002381","","","","","","","2026-07-05T23:02:25.721Z","","","","","",""
" ","891EQ8rM9e1xHhKrnpL3Def5WSnPCSiidJmVCr2hpump","72","5","","","","","","","","","","","","","0.000002287","","","","","","","2026-07-05T23:03:25.360Z","","","","","",""
"CHAD","CeeRWYQ7fHYnu11VzYnV636J3PtzVJtpAKkQ19xmfH27","","","","","","","","","","","","","","","","","","","","","0.000002285","","","","","","2026-07-05T23:03:26.354Z",""
" ","DQ2qd8bEuLP8esq1N8QueNv9ZmB6vqECmqV3u8RFpump","67","5","","","","","","","","","","","","","0.000002286","","","","","","","2026-07-05T23:03:27.382Z","","","","","",""
"POOKU","973Gj6Tk4vahEjhHySMUPFx5ZQTKqhWFMKdoow3Rpump","72","4.938271603","","","","","","","","","","","","","0.000002287","","","","","","","2026-07-05T23:05:23.376Z","","","","","",""
"R1NS","BvCR8rqvr3ZrA39eZsj6pXj7XmK4jjc7axLkEboqpump","66","3","","","","","","","","","","","","","0.000002393","","","","","","","2026-07-05T23:05:24.437Z","","","","","",""
"SBULL","ECX9UESXDDML7hpBugvcVP7XJf4HGMTwGjSMqE5Ppump","92","0.050084894","","","","","","","","","","","","","0.000001585","","","","","","","2026-07-05T23:06:22.397Z","","","","","",""
"Ansem6900","DpjndJk5yui7jZKmZgqw7DeADs6CE8Qm1f9eqqUmpump","","","","","","","","","","","","","","","","","","","","","0.000001415","","","","","","2026-07-05T23:07:24.374Z",""
"Ansem6900","EqJQGRxuFoooNhe6WmAh39uAhiipwcWp6jje5JzHpump","79","4.938271603","","","","","","","","","","","","","0.000003123","","","","","","","2026-07-05T23:07:25.423Z","","","","","",""
"Attention","qiJbLzP2rQ78iTfLHV5qXFLd7yEy4ZdxgNsTXLupump","71","2.999999999","","","","","","","","","","","","","0.00001782","","","","","","","2026-07-05T23:07:26.404Z","","","","","",""
"BTC","GDxw3gNHLQspxgZib7BY3JfWBZarEczWSh277GBHpump","","","","","","","","","","","","","","","","","","","","","1.635e-7","","","","","","2026-07-05T23:08:22.377Z",""
"BTC","BTJnssyGkJfr3cUe7wjwGUBHKXVuNr3ePXdg8Rdopump","86","8","","","","","","","","","","","","","0.000007124","","","","","","","2026-07-05T23:09:22.415Z","","","","","",""
"Azteca","E3avqRxTtBAU1W7K7VoXb6iSLmk7u5jgDwvHU4a8pump","75","3.950617282","","","","","","","","","","","","","0.000006743","","","","","","","2026-07-05T23:10:23.404Z","","","","","",""
"FRENCHIE","9V4nX52RhfJb4xTtps5U2aHEFibNfa37FVJaGzgvpump","72","5","","","","","","","","","","","","","0.000002366","","","","","","","2026-07-05T23:10:24.484Z","","","","","",""
"DOG","C6ajn3PxdNPxSLvdD8rMxP9tFjfVKtuM7uKz3b3Cpump","","","","","","","","","","","","","","","","","","","","","1.747e-7","","","","","","2026-07-05T23:11:25.368Z",""
"ANSEM","9W7fMr1XuxR7WgEjQbsYDo7b8YJxURfqfo3vqAvapump","72","3.5","","","","","","","","","","","","","0.000002287","","","","","","","2026-07-05T23:11:26.379Z","","","","","",""
"DOG","VC5YRuz9cvsT3x6spdSJ2cujZpSBQoCPGxtq5PMpump","72","8","","","","","","","","","","","","","0.000006344","","","","","","","2026-07-05T23:11:27.358Z","","","","","",""
"supplytard","3VpknLTJJCnpbugkZQq26t3av9trPFjHvhW5BUqXpump","71","2.999999999","","","","","","","","","","","","","0.000009786","","","","","","","2026-07-05T23:11:28.433Z","","","","","",""
"WONDERWALL","8JVfrSD2moZPN8MKg3wwWKFuc6Y3Wc1UozeQg576pump","81","5.925925924","","","","","","","","","","","","","0.000003526","","","","","","","2026-07-05T23:12:26.374Z","","","","","",""
"Frenchie","E3qLKigi38sLv8XLjZaVi568H5FRjdZpiLuHt7JDpump","65","8","","","","","","","","","","","","","0.000002286","","","","","","","2026-07-05T23:12:27.376Z","","","","","",""
"DOG","4KLouuctNH8txx63vxmimR7MC36pP8KtimNhAvKFpump","","","","","","","","","","","","","","","","","","","","","0.000001759","","","","","","2026-07-05T23:12:28.377Z",""
"ab","AjLQ8nevqpZndU6kBN75es3Gh29CqJu8y74UQVTKpump","","","","","","","","","","","","","","","","","","","","","2.675e-7","","","","","","2026-07-05T23:13:24.363Z",""
"$bullogne","ETVBqf6Jdpgwk7v4q1L7m5g7YSBAmvkQMae9NuTkpump","88","10.000000001","","","","","","","","","","","","","0.000002444","","","","","","","2026-07-05T23:14:25.350Z","","","","","",""
"BULLDOG","8Vx7kxVRDjnYocYpFFwe8GEE52Dg9E3G1MYxKXqwpump","77","7","","","","","","","","","","","","","0.000002397","","","","","","","2026-07-05T23:14:26.395Z","","","","","",""
"Ansem","3J6h3u1ew5CPpVyLVEJCqF1HPqPBWXUYfTACcGYapump","71","4","","","","","","","","","","","","","0.000002379","","","","","","","2026-07-05T23:14:27.421Z","","","","","",""
"ASH","A49K4LyAyxAGSJBRi69mGqfFN9bNoZsdDPPDPAMkuJ1z","82","8","","","","","","","","","","","","","0.00000251","","","","","","","2026-07-05T23:14:28.438Z","","","","","",""
"GTA","EMRxqTHQGu9ujoGXmvzjf2HosxWSychWZqW4rmp6pump","71","2.962962961","","","","","","","","","","","","","0.000003931","","","","","","","2026-07-05T23:15:26.411Z","","","","","",""
"ᘛᗜᘚ","H3HZCDC4dwRCyhith7RGPE1aFbpT99nDgHmX5nDypump","71","2.962962961","","","","","","","","","","","","","0.00000229","","","","","","","2026-07-05T23:15:27.357Z","","","","","",""
"HOOLAND","2xTjvkHKL5gneZTyuGkzzoaCA2Dz7uziUeQ7TwP7pump","71","3.000000001","","","","","","","","","","","","","0.00000278","","","","","","","2026-07-05T23:16:21.373Z","","","","","",""
"Toly","5A4ktkdUG1T5EKMqS12YNMbT6omC6oh1csyq9gTkpump","88","3","","","","","","","","","","","","","0.000002396","","","","","","","2026-07-05T23:16:23.542Z","","","","","",""
"HAALAND","HmhnokptCUwPAsgCc25WCqHxx5bvJYcnDGXvTG4Qpump","71","3","","","","","","","","","","","","","0.000004069","","","","","","","2026-07-05T23:17:21.541Z","","","","","",""
"ASH","3q4g8XJLRbWe7VqipXimaxYfdjEtiCtYhbaDQ4XGpump","91","5","","","","","","","","","","","","","0.000002293","","","","","","","2026-07-05T23:17:23.469Z","","","","","",""
"ᘛᗝᘚ","CYBj9HMdJBA7bakeom5r4BPResep4ciasVxYnmZppump","66","2.962962961","","","","","","","","","","","","","0.000002291","","","","","","","2026-07-05T23:17:24.374Z","","","","","",""
"GMGM","3RHcvfJjH5Kk6oJh128c7Wjh5a1iTFvrGhfhvsEJpump","","","","","","","","","","","","","","","","","","","","","0.000001589","","","","","","2026-07-05T23:18:22.456Z",""
"ash","B2ATrgGBPehCLneCZdY5pUw2gaotPSnrBZRkacYtpump","87","3","","","","","","","","","","","","","0.000002441","","","","","","","2026-07-05T23:19:22.388Z","","","","","",""
"FORGE","59fkKRHsHRN2X1HaVSYnUyRWf2dkB7QoYTHtH3pypump","79","4.938271603","","","","","","","","","","","","","0.00000402","","","","","","","2026-07-05T23:20:22.403Z","","","","","",""
"BULLAHOLIC","A4YkdP9cGLoLSV7j9WkNh5A135mBTRGt5upPx9WZpump","72","4.938271603","","","","","","","","","","","","","0.000004324","","","","","","","2026-07-05T23:21:22.435Z","","","","","",""
"FIONA","3kyB1vY6hL4UFrks973BGFQGrXXZYmHwQjtvv9NRpump","71","2.962962961","","","","","","","","","","","","","0.000002395","","","","","","","2026-07-05T23:22:24.432Z","","","","","",""
"FIONA","3caZnXq8yHEfBghAoCfR6BDho5ccNUKc9YP2vxyvpump","71","2.962962961","","","","","","","","","","","","","0.000002395","","","","","","","2026-07-05T23:22:25.383Z","","","","","",""
"Null","7DeYxEybkm6XgymvbN44DZvBoyg8YTn7idFk2ve7pump","65","2.093718843","","","","","","","","","","","","","0.000002762","","","","","","","2026-07-05T23:22:26.356Z","","","","","",""
"FIONA","96cDbcYEPbWEqkg1F42ctPRS5h62UwFnGwU9DLsnpump","71","2.962962961","","","","","","","","","","","","","0.0000024","","","","","","","2026-07-05T23:23:22.342Z","","","","","",""
"Frоnt","3k4pkpzBLK976ddNxJnmcZngJJ3Dm4S4SSogAoTepump","71","2.962962961","","","","","","","","","","","","","0.00000244","","","","","","","2026-07-05T23:24:23.360Z","","","","","",""
"감자","4JCDkSycxTuJEeexC1cW5TExKNnne3ZoESmQTtAcpump","","","","","","","","","","","","","","","","","","","","","3.083e-8","","","","","","2026-07-05T23:25:25.353Z",""
"FUD","6UpbDzqEu5ucoHEu6RJuVjbKidH2bRVFji5ADHTCpump","71","3.000000001","","","","","","","","","","","","","0.000002632","","","","","","","2026-07-05T23:25:26.354Z","","","","","",""
"PUMPLANDIA","7RXMwBkTA8kyMPERBqaqjQ67D1THuGfHigD5J8hHpump","76","4.224646281","","","","","","","","","","","","","0.000002288","","","","","","","2026-07-05T23:25:27.357Z","","","","","",""
"SAM","4Rb3otHKJSTDogKiB6TGYaSwQVQ8rYvBsXPJZwNXpump","66","2.999999999","","","","","","","","","","","","","0.000002442","","","","","","","2026-07-05T23:25:28.397Z","","","","","",""
"supplytard","FtZzXMz83Nsm3fVyNH8BRJGHN6YRfYB7PXh49DHVpump","100","2.999999999","","","","","","","","","","","","","0.000002875","","","","","","","2026-07-05T23:26:23.366Z","","","","","",""
"Goofreck","GWhKuqhuGJFd6pVBYcF4ByVHm9ZB9bE6YBKR75Kcpump","","","","","","","","","","","","","","","","","","","","","0.000002393","","","","","","2026-07-05T23:26:24.360Z",""
"Attention","43Fa8XUPvt8cNVfk9G3z3uUhbUbijZpnW711Q4kbpump","66","2.999999999","","","","","","","","","","","","","0.000002299","","","","","","","2026-07-05T23:27:23.349Z","","","","","",""
"NEYMAR","FMW2U74i65AAr16gyLJRtcnLHHdNkz3vZb39qW9tpump","","","","","","","","","","","","","","","","","","","","","4.698e-7","","","","","","2026-07-05T23:27:24.372Z",""
"SILAS","D9yfQ7kmduzZaJ4vVadF7Usco3ihn3bv2Kb4N3FRpump","91","16.790123455","","","","","","","","","","","","","0.000007612","","","","","","","2026-07-05T23:28:23.343Z","","","","","",""
"감자","CEbrRebm5wxcoEEigAqY32PBbxVh7GWjALPDN3yhpump","","","","","","","","","","","","","","","","","","","","","1.461e-7","","","","","","2026-07-05T23:28:24.362Z",""
"FRED","3LRmVZmH8ZGkM6tTXSVoMg4ufi393w93rf34JEEnpump","65","4.938271603","","","","","","","","","","","","","0.000002284","","","","","","","2026-07-05T23:29:25.377Z","","","","","",""
"FORGE","FUJHv8ah6s1Gt43zy8gTDJ96nRRT9B4p6dmRpU6ipump","75","3.950617282","","","","","","","","","","","","","0.000002925","","","","","","","2026-07-05T23:29:26.346Z","","","","","",""
"vndjoruqih","CMx58B74GYRbRRHPXheK5rpKyF15LDrByvbFQw2qpump","71","2.962962961","","","","","","","","","","","","","0.00001177","","","","","","","2026-07-05T23:29:27.423Z","","","","","",""
"MooNutShibSem","2myccHBHQ1TcpMvdUVw5d1sGRPxv18hRdaQNBYHrpump","89","3","","","","","","","","","","","","","0.000002283","","","","","","","2026-07-05T23:29:28.534Z","","","","","",""
"감자","GWUj5MPmhj9zwkPMrtBrw2sVyhpNf8Lim1Df7rxwpump","","","","","","","","","","","","","","","","","","","","","1.152e-7","","","","","","2026-07-05T23:31:22.099Z",""
"FORGE","3s1t2zrbv1iwW31r75FxHk2bN6Zt6igMJhUsgrUvpump","68","2.469135801","","","","","","","","","","","","","0.000003183","","","","","","","2026-07-05T23:32:24.378Z","","","","","",""
"ASH","7q1gQuUzABxZ28w7Pydw2nCZk2a2Hjyurtt5zDEapump","67","2.370370368","","","","","","","","","","","","","0.000002283","","","","","","","2026-07-05T23:32:25.363Z","","","","","",""
"vndjoruqih","But3mpTm6GpDi1yNUbfYbphcb3e7SMEhqrJvZYUpump","92","1.97530864","","","","","","","","","","","","","0.000003948","","","","","","","2026-07-05T23:33:23.568Z","","","","","",""
"감자","Gfc4PVndSyVMJ5rdbgBzXBayeRXNjS6NiBSdyL79pump","","","","","","","","","","","","","","","","","","","","","0.000001011","","","","","","2026-07-05T23:33:23.974Z",""
"vndjoruqih","F1VFkxTouKEcKyRQXAWtvWDi2CKPvWQFSBYaZjHWpump","75","3.950617282","","","","","","","","","","","","","0.00001094","","","","","","","2026-07-05T23:34:23.551Z","","","","","",""
"FAZE COIN","B84sHz8i91c7g9o8c7VRaJwSh9XJ6n2DFuue5cVwpump","100","5.925925924","","","","","","","","","","","","","0.000002313","","","","","","","2026-07-05T23:35:23.360Z","","","","","",""
"Crash","Aab84ThMn8syZbN9NJGWm1fo2vpHiHvvWCCqgURvpump","100","0.059259258","","","","","","","","","","","","","0.000004318","","","","","","","2026-07-05T23:36:21.476Z","","","","","",""
"AnCzToAlEl","CCtxrRLY6jNKQ5FWZM9aLv9mPawFBcbVjonkWxMSyQ6u","68","5","","","","","","","","","","","","","0.000002282","","","","","","","2026-07-05T23:38:22.360Z","","","","","",""
"SNCKS","BwP9bY61DvbD1gd4obn16HLntJXDPdirEfnqc71Kpump","70","2.810876401","","","","","","","","","","","","","0.000002291","","","","","","","2026-07-05T23:41:23.359Z","","","","","",""
"popi","CKEZarxqbHDjQdmNLMspX1jWrvN7hjgDUQD5ccELpump","66","2.999999999","","","","","","","","","","","","","0.000002315","","","","","","","2026-07-05T23:41:24.356Z","","","","","",""
"REPE","hUFhoHk9NLVrHJLHCHQNjrhekr2MHXTUERXRrumpump","100","3.950617282","","","","","","","","","","","","","0.000002298","","","","","","","2026-07-05T23:42:23.342Z","","","","","",""
"REPE","2V8NA38jFTAfY6rMgmyoUtcBNuyHh9LaWyBy2cRBpump","","","","","","","","","","","","","","","","","","","","","0.000002465","","","","","","2026-07-05T23:42:24.370Z",""
"SOL","8K4uZp78pEtVcCUt58UDN8nXtSJSkmhWgTfSJTUSpump","100","2.999999999","","","","","","","","","","","","","0.000007525","","","","","","","2026-07-05T23:44:23.334Z","","","","","",""
"UNIVERSE","AWaRRHEtrnfqepkQQchsVVX166jcAQxXbZve25dfSVn","71","7","","","","","","","","","","","","","0.000002283","","","","","","","2026-07-05T23:44:24.359Z","","","","","",""
"CHAIRSEM","EtNAgCHbuvRSVimcaP7MvZV9kE6FN4Lzx1TUvo54pump","71","3","","","","","","","","","","","","","0.000008279","","","","","","","2026-07-05T23:45:22.375Z","","","","","",""
"Goal","Cz9t1ojDXqBv6G4doq3wcsZo2H79wjLY2613g5Xnpump","","","","","","","","","","","","","","","","","","","","","0.000002283","","","","","","2026-07-05T23:46:22.362Z",""
"WAFFLE","DjNV4V9H4TNLUgDddUjR41oSpMfWfKNS5ED5yHv5pump","70","5","","","","","","","","","","","","","0.000002384","","","","","","","2026-07-05T23:49:23.398Z","","","","","",""
"감자","DcMFDwGJdXbhJuVYik18Qked9MPeHDm2KqB2c8r5pump","","","","","","","","","","","","","","","","","","","","","1.093e-7","","","","","","2026-07-05T23:49:24.352Z",""
"TS","J827cEzMnb27mPie61TfepVU3Ry7M8g39rMDeDWhpump","66","2.962962961","","","","","","","","","","","","","0.000002288","","","","","","","2026-07-05T23:50:23.385Z","","","","","",""
"GG","3HSfcEK4D8WdD3VouquJRNmDNBS2174HAc6nYBuVpump","71","3.000000001","","","","","","","","","","","","","0.000002343","","","","","","","2026-07-05T23:50:24.348Z","","","","","",""
"活潑的","7UytfDCmTSWACppDQmLtJNQp4wXAEt8wfKfu1Frrpump","","","","","","","","","","","","","","","","","","","","","0.000001329","","","","","","2026-07-05T23:52:22.358Z",""
"onboard","3drASJGMkArdJE9c9w3zz28fFxDWeCPBMWtbKPHApump","69","5.925925924","","","","","","","","","","","","","0.000002399","","","","","","","2026-07-05T23:53:22.335Z","","","","","",""
"CHAIRSEM","BazmTAgKpnQFYUvS9w6BtDopR136MnSpKMN2rRq9pump","75","3.950617282","","","","","","","","","","","","","0.000002431","","","","","","","2026-07-05T23:56:24.352Z","","","","","",""
"MEXICAN","EHJFakGZduHZBbSz29CHMJ75U9esgnD5re8wnn1Vpump","79","5.000000001","","","","","","","","","","","","","0.000003485","","","","","","","2026-07-05T23:56:26.341Z","","","","","",""
"Steve","FSEkxsY6Cpnm1WvevoJqbUpGcRmtYQzijY7GEdQ8pump","","","","","","","","","","","","","","","","","","","","","0.000002278","","","","","","2026-07-05T23:57:22.344Z",""
"cate","9P84sRccFXvbRnsdVXo6QUfNLRLt2aRtTcVEMM5Tpump","","","","","","","","","","","","","","","","","","","","","3.147e-7","","","","","","2026-07-05T23:58:22.350Z",""
"WETBOT","8E3jcnnB3axStt7xcGofyJ39XgqyACAasEiRu717pump","84","7.308641974","","","","","","","","","","","","","0.000003531","","","","","","","2026-07-06T00:01:23.485Z","","","","","",""
"Steve","3hEWuXty2cJaLxqnJVV6Y1h5isNKJSVSPJeEzKgKpump","","","","","","","","","","","","","","","","","","","","","0.000002282","","","","","","2026-07-06T00:01:24.365Z",""
"CHAIRSEM","7T341F3CnZTassyQFWUcCMa6GYdyQPF811EBBN9Fpump","68","5.925925924","","","","","","","","","","","","","0.000002428","","","","0.000002278","","","2026-07-06T00:03:24.370Z","","","","2026-07-06T00:06:21.436Z","",""
"Rizzler","7AJ9sdZW6Sodb8ajnEkESeWtQVVHyZ4Gg85H3c1Ypump","87","8.888888887","","","","","","","","","","","","","0.000006485","0.000007314","","","","","","2026-07-06T00:03:25.347Z","2026-07-06T00:06:21.391Z","","","","",""
"BlackHole","3RqJLqowonBjEAAwiwv7mkPL9TeN28UnVHhYUECkpump","66","2.962962961","","","","","","","","","","","","","0.000006307","0.00000706","","","","","","2026-07-06T00:03:26.443Z","2026-07-06T00:06:21.472Z","","","","",""
"Kiya","Bkim8hwBmSTQFur8o9tjKgUVDDbbhcvWyKWGb6Jtpump","98","2.999999999","","","","","","","","","","","","","0.000008868","","","","","","","2026-07-06T00:05:22.395Z","","","","","",""
"ANIMEBULL","Cv5mGBJAUKnno68rREBjM3K3PN3WxnAerxmBvMNpump","79","4.888888884","","","","","","","","","","","","","0.000004333","","","","","","","2026-07-06T00:06:22.387Z","","","","","",""
"HIGHER","6DtzLBGwQJd2yvnqg2cuhvYMn8Taxa4jDD2VL5dypump","","","","","","","","","","","","","","","","","","","","","1.536e-7","","","","","","2026-07-06T00:07:24.343Z",""
"ANSEMSTR","HwTrAV9AmrpHNAWUGQyMsMx6UyoV8FEBowyPdTJjpump","","","","","","","","","","","","","","","","","","","","","0.000002278","","","","","","2026-07-06T00:07:26.351Z",""
"BEVO","BRwbfY6PpnMvddby8rzT8gEPc7w6sER4uDXwPzYupump","71","2.962962961","","","","","","","","","","","","","0.000002761","","","","0.000002286","","","2026-07-06T00:08:22.338Z","","","","2026-07-06T00:11:21.405Z","",""
"vndjoruqih","AvZf68g4Br6DzK3AmXv2u9wQVy7y22JFJ5Aa89R7pump","87","1.97530864","","","","","","","","","","","","","0.000004","","","","0.000003722","","","2026-07-06T00:09:22.331Z","","","","2026-07-06T00:12:21.429Z","",""
"LIVEACTION","7nXHuiATwSjqEWPz7WthvwMna2Wcpvs7aT6J5ai2pump","81","5.925925924","","","","","","","","","","","","","0.000003986","0.000004344","","","","","","2026-07-06T00:10:22.358Z","2026-07-06T00:14:21.448Z","","","","",""
"MESNA","3xNV1wihjhF1dcwTyUobqy2Mbi7jqFCST763WjFepump","79","4.938271603","","","","","","","","","","","","","0.000002982","0.000003547","","","","","","2026-07-06T00:11:22.423Z","2026-07-06T00:14:21.495Z","","","","",""
"MIF","nt8SDep6Go17NXMrdepN8hTbn6Pv3JtYhS2UMxYpump","71","2.999999999","","","","","","","","","","","","","0.000002669","","","","","","","2026-07-06T00:13:22.346Z","","","","","",""
"DREAMSEM","9tWaTbvkUNd6exy5Xe8sEKxrq3Sv8kfk96dw2T2cpump","85","7.674074073","","","","","","","","","","","","","0.000005292","0.000007186","","","","","","2026-07-06T00:14:22.360Z","2026-07-06T00:17:21.395Z","","","","",""
"NEYMAR","FHcdz16SzyRFFXv3RUjJoy8FpLtkDvY2j7LBwTNSpump","68","2.552636369","","","","","","","","","","","","","0.000002329","","","","","","","2026-07-06T00:18:22.376Z","","","","","",""
"CULTSEM","3QxQw3CRHdPhp2iBUs9L1mkH31pjwZcDwR1jDaAypump","94","2.962962961","","","","","","","","","","","","","0.000006788","","","","","","","2026-07-06T00:21:22.311Z","","","","","",""
"FLY","CSGoFSczpPonma9wvwtvfALaAirhFMJH8qseZUkApump","","","","","","","","","","","","","","","","","","","","","0.000001483","","","","","","2026-07-06T00:25:23.351Z",""
"YUMO","7nNytcs4abvftx5dRJo7uQxbcgXuyBxA5hZW2mGtpump","71","2.962962961","","","","","","","","","","","","","0.000002294","","","","","","","2026-07-06T00:25:24.447Z","","","","","",""
"TROLLCAT","Dq5Q7kq47KiW1zDiER6iRKkN8YadrsHpUWo3fYWjpump","65","8","","","","","","","","","","","","","0.000002276","","","","","","","2026-07-06T00:28:22.323Z","","","","","",""
"Pittbull","Fe1wVTCoAx2U8847weBSDzjYDN9tjBumCpepxiCQpump","70","2.864197529","","","","","","","","","","","","","0.000002729","","","","","","","2026-07-06T00:33:22.144Z","","","","","",""
"FLY","6dDHX9iXBkQZGPdENfqfr9C9oUTjhUQxFCLmPCM1pump","","","","","","","","","","","","","","","","","","","","","0.000001212","","","","","","2026-07-06T00:37:23.352Z",""
"VSENDILRAJ_","BtoAUdw2Fs5Qv9sbEyjtqNLZBJGUMFpvx73p4hkru6L6","81","9.876543208","","","","","","","","","","","","","0.000002837","","","","","","","2026-07-06T00:38:22.375Z","","","","","",""
"hoodies","FsgeodkG5MtBs3Pjwn4Fw6KFp8fN9DEyc2MidLrGpump","79","4.938271603","","","","","","","","","","","","","0.000002301","","","","","","","2026-07-06T00:40:22.377Z","","","","","",""
"MANSE","5Pr6QyJbU4wDwr2mqbffAkabfvdWzVdppo6GnnGEpump","","","","","","","","","","","","","","","","","","","","","3.766e-7","","","","","","2026-07-06T00:41:23.527Z",""
"∞","CKQL1j7VZzJvqwTSE3MRpLbPA5PsMpGtWP9D6FYNpump","83","6.873000001","","","","","","","","","","","","","0.000003834","","","","","","","2026-07-06T00:41:23.787Z","","","","","",""
"Skiwida","DqEcfNde82G8peSdL9JU89mNHSxd56PRWJuWQPkWpump","66","3","","","","","","","","","","","","","0.000006914","","","","","","","2026-07-06T00:42:24.314Z","","","","","",""
"SERUM","BQsYkirAQCAJjCUsF77T1CPGhU67fucf7Mce23r8SRUM","72","3.15","","","","","","","","","","","","","0.00001903","","","","","","","2026-07-06T00:42:25.322Z","","","","","",""
"Trump","HyMLTi3zjQdPrK7EPAQjT9gMuJxRKNYuJ8bPZr5zipnR","65","2.074074072","","","","","","","","","","","","","0.000002389","","","","","","","2026-07-06T00:42:26.374Z","","","","","",""
"MANSE","EkfAJvccq7Ci97gYi2RR99YfKUQyMu7LYHH7UdKopump","","","","","","","","","","","","","","","","","","","","","1.468e-7","","","","","","2026-07-06T00:44:22.366Z",""
"SBULL","H2gAGnRa5c1TC7JDpNgr6mz4xTFoq3cYzEtVS2ixpump","","","","","","","","","","","","","","","","","","","","","4.235e-7","","","","","","2026-07-06T00:45:24.315Z",""
"MANSE","CT3aHVDTdFvKsAa9DHQGQEmJSosokoJ6BmALpTGGpump","","","","","","","","","","","","","","","","","","","","","2.756e-7","","","","","","2026-07-06T00:45:25.309Z",""
"MANSE","4V2b4nfuRFzgGxQ47UVC61tjJDqC14oQ5sQfxuvipump","","","","","","","","","","","","","","","","","","","","","3.559e-7","","","","","","2026-07-06T00:45:26.378Z",""
"MANSE","76wDL7DCnFvZbPW1mcPTBdevgvk1LqDH4foMhDGPpump","","","","","","","","","","","","","","","","","","","","","0.000006925","","","","","","2026-07-06T00:46:24.334Z",""
"Motion","617BQ86GAUdAmGreHaER8Dab3nwzBd1qCGK9M4Lbpump","100","29.629629628","","","","","","","","","","","","","0.00001197","","","","","","","2026-07-06T00:46:25.301Z","","","","","",""
"BITANGLE","3NdNA92qMxvnfHHbvJUxUL93egstYnwFGs4dcNs5pump","66","5","","","","","","","","","","","","","0.000002289","","","","","","","2026-07-06T00:46:26.349Z","","","","","",""
"BULLCHEESE","FGHEtRyTTo5W62fgz4QKtN3xVxoAWQaaBAowamwFpump","","","","","","","","","","","","","","","","","","","","","2.634e-8","","","","","","2026-07-06T00:47:22.371Z",""
"Motion","Fjf7XBxZStqtT6Fju1Lnk7ucZLwNaCad2UFzK9Anpump","66","7","","","","","","","","","","","","","0.000002304","","","","","","","2026-07-06T00:48:22.320Z","","","","","",""
"Ansemrot","86csnqfVGatJTRfgZoqGQ3b9Gc52N8EDbyGxb5Z5pump","","","","","","","","","","","","","","","","","","","","","5.506e-7","","","","","","2026-07-06T00:49:26.362Z",""
"rock","GgK41JZQqGtf6hfQutZAqJcP6BryPoXeegz2hixRoCK","88","10","","","","","","","","","","","","","0.00000788","","","","","","","2026-07-06T00:49:27.324Z","","","","","",""
"Ansemrot","DCJBbPvV564pzQdfNA1tK7QeVsAQzbCENKFrzE6upump","","","","","","","","","","","","","","","","","","","","","8.53e-9","","","","","","2026-07-06T00:49:28.346Z",""
"hoodies","DhEEWTyNPauWhVFFvy9e1dqh2MReMu2iN1x888vupump","71","2.962962961","","","","","","","","","","","","","0.000002385","","","","","","","2026-07-06T00:50:22.317Z","","","","","",""
"TABLON","HXyaiQ5au3M8MeRJqpuX7DTH1S5aAe6naTK4nsj5pump","","","","","","","","","","","","","","","","","","","","","6.252e-7","","","","","","2026-07-06T00:51:23.305Z",""
"Ansemrot","GyVziQ1dSGzeaHRatyuXVaUhBPhqphmUiJUBLLQwpump","91","0.1","","","","","","","","","","","","","0.000002914","","","","","","","2026-07-06T00:51:24.447Z","","","","","",""
"TURTLE","8Ar1uR2dVqsk57oUPxgt6fHdBVFQZTUqWF3bYuwsipao","","","","","","","","","","","","","","","","0.000004069","","","","","","","2026-07-06T00:52:21.452Z","","","","",""
"TABLON","74D2ib7wJpX5HFks3HFUxgTrpzEqgHEUSCSWdLtnpump","","","","","","","","","","","","","","","","","","","","","1.878e-7","","","","","","2026-07-06T00:52:23.453Z",""
"TABLON","BfE6DBCCnathnqPragTkNrRJmeNyisVTTDjQYDJLpump","","","","","","","","","","","","","","","","","","","","","8.964e-7","","","","","","2026-07-06T00:52:24.369Z",""
"TABLON","4Tk2WLAZBzGrP75oz5XxjhEzVfNd4XThNfnQQN3bpump","","","","","","","","","","","","","","","","","","","","","2.268e-7","","","","","","2026-07-06T00:53:24.331Z",""
"OUTNEKO","e22t2MN18ewabj5iFdDLnWpq7z2isEzFxTxXXN9pump","100","0.197500035","","","","","","","","","","","","","0.000006631","","","","","","","2026-07-06T00:53:25.384Z","","","","","",""
"TABLON","7zK315t5L4J775nkRbVQLyzzLLsdaQxxqpjCdK5fpump","","","","","","","","","","","","","","","","","","","","","0.000001143","","","","","","2026-07-06T00:53:26.319Z",""
"TABLON","2sGZBz7P22SoTCY3KArB2z27vxYTWema5vhnmhwnpump","","","","","","","","","","","","","","","","","","","","","2.087e-7","","","","","","2026-07-06T00:54:22.332Z",""
"TABLON","FrcXuDAhsUxUqx1MpQQavpqo6ox4Rc7PyfMNo8mLpump","","","","","","","","","","","","","","","","","","","","","2.074e-7","","","","","","2026-07-06T00:55:23.326Z",""
"TABLON","76dHG5VJo2D41DZs66B1mDTcbc7751zGB67fP6nJpump","","","","","","","","","","","","","","","","","","","","","3.822e-7","","","","","","2026-07-06T00:55:24.324Z",""
"Loan","633EapoQzNez5aZEnddTP5AFK8f96v9TchgkviVrRNEP","","","","","","","","","","","","","","","","","","","","","0.000002295","","","","","","2026-07-06T00:57:23.312Z",""
"BRTAM","AwkPjbMEGv5thc6q5TGnJG8us28mWz2FuhZ8vpctpump","100","0.200000001","","","","","","","","","","","","","0.000002791","","","","","","","2026-07-06T00:57:24.350Z","","","","","",""
"הלוואה","GUnbmgsrR3EiCGc1wLWUh9Fh2JJBmKwfvHPoTwqxpump","68","2.5","","","","","","","","","","","","","0.000002403","","","","","","","2026-07-06T00:58:23.313Z","","","","","",""
"RESET","v15ZZ65H9VGsqMgJa1xeUm6xpTCmwyz3TJRwcMEpump","75","3.5","","","","","","","","","","","","","0.000002712","","","","","","","2026-07-06T00:58:24.328Z","","","","","",""
"Mensa","C3suPzqeXEhitSZzsaLRg3868bNioQGjRGx9sCHWpump","99","9.876543209","","","","","","","","","","","","","0.000003585","","","","","","","2026-07-06T01:00:23.329Z","","","","","",""
"TAKEOVER","EG7KcmvemQF1GyABhBm1QHdjVgSQhiGpZ7PRrQsepump","94","3","","","","","","","","","","","","","0.000005094","","","","","","","2026-07-06T01:00:24.316Z","","","","","",""
"MATE","Fu5ctbHRQu4dSnyAeKnU6TJejm16nJf1KTv4nyJqpump","94","22.716049381","","","","","","","","","","","","","0.000007521","","","","","","0.000002298","2026-07-06T01:01:23.563Z","","","","","2026-07-06T01:03:21.413Z",""
"Mensa","ByD6BkUD14LFyVMFKn4GVudTijG6XiWk3MfJXSJkpump","74","3.5","","","","","","","","","","","","","0.000002381","","","","","","","2026-07-06T01:01:23.760Z","","","","","",""
"MEANS","8Kyo99nPWHGyn7Xb6zXph6QZQ3tBo3JXCsZz7iNDpump","92","3.950617282","","","","","","","","","","","","","0.00000521","","","","","","","2026-07-06T01:03:22.340Z","","","","","",""
"mensa","4WqRvmYyiycAs4mpv15AJzxaJPdJsvW6dYShUirFpump","73","3.5","","","","","","","","","","","","","0.000003398","","","","","","","2026-07-06T01:04:24.313Z","","","","","",""
"FUSCAM","Dyf5gsL2en5JEUprahbfftqLQF1d88pa2YATM9SJpump","","","","","","","","","","","","","","","","","","","","","0.000002317","","","","","","2026-07-06T01:05:21.355Z",""
"BLACKDOGE","EjEhQxRT3Ja57zgmRVpEgtwcakc5FMiwZCE3MKPxpump","","","","","","","","","","","","","","","","","","","","","3.72e-7","","","","","","2026-07-06T01:05:22.312Z",""
"Jre","F6J53Hgsh7hLtSrYc9KSGMVTrYCHMkZti8D91vwxpump","76","0.100000001","","","","","","","","","","","","","0.000001894","","","","","","","2026-07-06T01:06:24.356Z","","","","","",""
"Analos","9mvFatL9ge6wG78rX6uBmMjpy4VbJrDVRhTYWN7Tpump","86","6.8","","","","","","","","","","","","","0.000006324","","","","","","","2026-07-06T01:06:25.332Z","","","","","",""
"TATE","EUaNHEGcPG7pj4cjxtP9F38DsuZ3vNGczgTrm5P8pump","93","19.753086418","","","","","","","","","","","","","0.000007894","","","","","","0.000002317","2026-07-06T01:06:26.376Z","","","","","2026-07-06T01:07:21.389Z",""
"Purrot","58dRAuwMWW7ep92GP8yFsDVhiufSEBVVPN1ygqNbpump","68","3.950617282","","","","","","","","","","","","","0.000002683","","","","","","","2026-07-06T01:08:22.326Z","","","","","",""
"Analos","HVXAXEFt35MP4zzREqzcQwWVVemcZ1kYkronKuZ8pump","73","3.5","","","","","","","","","","","","","0.000002405","","","","","","","2026-07-06T01:09:23.332Z","","","","","",""
"BLACKCAR","3kwfyaSjfM7kHkve84cGy6tMHh2GJw42MpuPy1Mypump","","","","","","","","","","","","","","","","","","","","","3.178e-7","","","","","","2026-07-06T01:09:24.314Z",""
"Haljak","3uQZQ2z9crzPShVUiGepYYDWXjBWj78YfwPVWraxpump","75","3.950617282","","","","","","","","","","","","","0.000002953","","","","","","","2026-07-06T01:10:22.329Z","","","","","",""
"Peniscoin","54FFTLwyUNiotbPQnQpnNW5ELd22PWUCpWkCofEHpump","71","3","","","","","","","","","","","","","0.000002298","","","","","","","2026-07-06T01:11:23.308Z","","","","","",""
"UNI","4AFMDfybiGhW33ENNRHHmergkCT8sqBYJpL8H2t5pump","75","5","","","","","","","","","","","","","0.000002296","","","","","","","2026-07-06T01:11:24.315Z","","","","","",""
"Peniscoin","85xLqtr1ctCkekS1X78BFKSjmUCyqY2vGjcmcmSQpump","66","3","","","","","","","","","","","","","0.000002294","","","","","","","2026-07-06T01:12:22.444Z","","","","","",""
"Couchsem","FFTzoF9qWUwQFsGiWAe1nTWsR5nuvpNpM9HmscJvpump","93","17.777777776","","","","","","","","","","","","","0.000006327","","","","","","","2026-07-06T01:13:23.365Z","","","","","",""
"TAP","2hDhMdV1NRhw9wUiDCFe9yrtE4DLvyfdP2ToUS8hpump","71","3.083247688","","","","","","","","","","","","","0.00001006","","","","","","","2026-07-06T01:13:24.322Z","","","","","",""
"coin","H1hZF41mPcHTMFoXtxUrp5HyzC9L87mfDzSqZG1Spump","84","6.8","","","","","","","","","","","","","0.00000413","","","","","","","2026-07-06T01:16:22.327Z","","","","","",""
"coin","HMos3ncBiV4Zdx6uMs9ausm67Dc3uWDdRqZNvbCBpump","94","2.999999999","","","","","","","","","","","","","0.000002318","","","","","","","2026-07-06T01:18:24.311Z","","","","","",""
"MENSO","dGJSUXcCVWat1bRimbfJF2daAJBLVXmtz4hTDF6pump","88","0","","","","","","","","","","","","","0.000004033","","","","","","","2026-07-06T01:18:25.359Z","","","","","",""
"SOL","5ouuJxhsMdw2FEGWn6ys1Hthai3qb6TCT5WtRaxWpump","70","10","","","","","","","","","","","","","0.000004142","","","","","","","2026-07-06T01:18:26.338Z","","","","","",""
"PWUMP","pwumUFCqPd6mw74Rb9zBZESDnM4Pj4QK24gNfoDt7M3","71","3","","","","","","","","","","","","","0.000002573","","","","","","","2026-07-06T01:21:22.333Z","","","","","",""
"ANSEMTY","7XSDMuYgXXS1hbaCKvWHrzL39ANgEKt6jKZ8tNT7pump","68","2.500000001","","","","","","","","","","","","","0.00000269","","","","","","","2026-07-06T01:25:22.295Z","","","","","",""
"ANSEM","HvToL2XLfrK1ehB8yKLj6iT3TwN6avyAhPquNzYnpump","82","7.901234566","","","","","","","","","","","","","0.000002445","","","","","","","2026-07-06T01:26:22.302Z","","","","","",""
"STATIC","87PEtPh5D1Lfhyb6pZDFBzkJYWuNLZw7jcexEagxpump","100","0.227125041","","","","","","","","","","","","","0.000005084","","","","","","","2026-07-06T01:27:24.415Z","","","","","",""
"ANSEM","F7s92GAGtBpNqcmfpf5DQ2G6ji35YZAzWUmSDat6pump","80","7.901234566","","","","","","","","","","","","","0.000002291","","","","","","","2026-07-06T01:27:25.291Z","","","","","",""
"D'BULL","5nuGbNpnTdixukXKUMgswSVYXohaQm9eLWBUoR89pump","","","","","","","","","","","","","","","","","","","","","3.219e-7","","","","","","2026-07-06T01:27:26.328Z",""
"🀄️","7SF1RZis4GKqvuCewQonmtbvH6rtAhQcUbTgH2wMpump","","","","","","","","","","","","","","","","","","","","","0.000002286","","","","","","2026-07-06T01:29:23.378Z",""
"Zhōng","CpmboFj1CB5qDj3oCKSdPf1h7Q8YacuaZD78Jm4Epump","85","9.9","","","","","","","","","","","","","0.00001177","","","","","","","2026-07-06T01:29:24.349Z","","","","","",""
"MAYHEM","GmBA8NpiRyjbyVKMpLGy9UHjFABnSvrZMBQBvgQapump","66","8.000000001","","","","","","","","","","","","","0.000003065","","","","","","","2026-07-06T01:36:22.295Z","","","","","",""
"MAYHEM","EBzWvUxwyLvxdvAAJi4VyBWLE3kvBXBGwozwad6upump","","","","","","","","","","","","","","","","","","","","","0.000001073","","","","","","2026-07-06T01:37:22.307Z",""
"space","a42691LRgcQ3bKn4sBKxaHTwvPBcvw6onBmbz6bpump","93","3","","","","","","","","","","","","","0.0000026","","","","","","","2026-07-06T01:38:25.309Z","","","","","",""
"MAYHEM","Bc2eUqBziGvqLsRwFEMjtk6jDf3RdTeyKZLZnnc9pump","","","","","","","","","","","","","","","","","","","","","0.000001756","","","","","","2026-07-06T01:38:26.319Z",""
"Dam ","5eywbfQrB3svcBAXhq56MSp7kSfKP5oQ6xQ1DQkWpump","91","13.827160492","","","","","","","","","","","","","0.000009218","","","","","","","2026-07-06T01:38:27.344Z","","","","","",""
"SPCX","433ugqVrmoNRbEprMVfhZc9tSqPC8dmhzsCyQxBMY9Qv","","","","","","","","","","","","","","","","","","","","","0.0000024","","","","","","2026-07-06T01:38:28.285Z",""
"MAYHEM","7ih1uEr86CKj84aYZ4MJVYhib5rhSTnXQF9zmqaGpump","","","","","","","","","","","","","","","","","","","","","3.325e-7","","","","","","2026-07-06T01:39:22.310Z",""
"MAYHEM","8LaqemUucCShdN8vkUW9AQp8RfNhkA2DZru7sCbppump","69","10.000000001","","","","","","","","","","","","","0.000003328","0.000003328","","","","","","2026-07-06T01:41:25.311Z","2026-07-06T01:44:21.422Z","","","","",""
"MAYHEM","3VdmxNEA2AwVaGn6MPH4AVLieSoqzRzNMKuu6oXWpump","","","","","","","","","","","","","","","","","","","","","0.00000241","","","","","","2026-07-06T01:41:26.325Z",""
"MAYHEM","4cShwc3CxNVQNpUHcVa9B2cir2Wy77dhWtigshCFpump","","","","","","","","","","","","","","","","","","","","","0.000001345","","","","","","2026-07-06T01:41:27.274Z",""
"BULLET","M7hLSYBJ9r2Wo6SAy6bLewQ2AHLogSF5HZc9dAvpump","92","0.059259258","","","","","","","","","","","","","0.000001905","","","","","","0.000001173","2026-07-06T01:41:28.316Z","","","","","2026-07-06T01:42:21.394Z",""
"POST","gsNRTKmVKWqrfs8eHs1ramw3AdUxSp8HG7Z1FX3pump","83","6.900000001","","","","","","","","","","","","","0.000005663","","","","","","","2026-07-06T01:42:23.433Z","","","","","",""
"MAYHEM","31hxzd38MhUK97j77mYYr6FFhtc9EZLbYa1oCAdFpump","79","17.000000001","","","","","","","","","","","","","0.000003795","","","","","","","2026-07-06T01:42:24.324Z","","","","","",""
"LEVI","FH75x3AGougeCuPi6W3LgGrh8adL8JAjUrg9zm1vpump","","","","","","","","","","","","","","","","","","","","","0.000002714","","","","","","2026-07-06T01:43:23.281Z",""
"AFRO","4GJAnBud5w4s8dmZ7BTUCjDJ2YsTBSQrezY6KQompump","77","4.400000001","","","","","","","","","","","","","0.000003726","","","","","","","2026-07-06T01:43:24.298Z","","","","","",""
"GOLDEN","E35ciWfBBbVLa2D7am1yXPs6htRprTTaFucHNxchpump","94","2.999999999","","","","","","","","","","","","","0.000009361","0.00001386","","","","","","2026-07-06T01:44:22.405Z","2026-07-06T01:47:21.355Z","","","","",""
"GOLDEN","EXWXJG4UquywKjV2YC6ZnsaPKSs9PQBQQ4MHqvEApump","67","7","","","","","","","","","","","","","0.000004332","","","","","","","2026-07-06T01:46:22.318Z","","","","","",""
"ALON","GpJeBetYu4X4g5e6w6TZKRzxy34rEc358vSCq8YjBFwT","66","5.5","","","","","","","","","","","","","0.000002287","","","","","","","2026-07-06T01:47:23.678Z","","","","","",""
"HUULAND","ESPd6hwF2rqsYau7qcptnKXqqjnzBv7oM7E33mgEpump","70","2.864197529","","","","","","","","","","","","","0.000002287","","","","","","","2026-07-06T01:47:23.968Z","","","","","",""
"MAYHEM","8cjxt9LJ6bNxmseoLCJzmY5uy4ATyQZJM1TQcksdpump","","","","","","","","","","","","","","","","","","","","","0.000001851","","","","","","2026-07-06T01:48:24.302Z",""
"MAYHEM","8P4UVDfRjyUSV1Ksoh3nTULP3VARHwWWLsZYjZnSpump","","","","","","","","","","","","","","","","","","","","","0.000002445","","","","","","2026-07-06T01:48:25.395Z",""
"Bull","48UEz39c1f6Endoavtc692TZFbTRE7DFpUWyR7utpump","66","3","","","","","","","","","","","","","0.000002338","","","","","","","2026-07-06T01:48:26.278Z","","","","","",""
"MAYHEM","BJn2Zq9CwiSgV7UQtBnTC6uMTKT5euyvt6duUU8gpump","","","","","","","","","","","","","","","","","","","","","0.000001289","","","","","","2026-07-06T01:49:25.324Z",""
"MAYHEM","3ceVVDDCBdPrP7Cj17iewuc38aTHuW8H8hAs4Niqpump","69","10.000000001","","","","","","","","","","","","","0.000004345","","","","","","","2026-07-06T01:49:26.298Z","","","","","",""
"Coinsem","7UUuSnnh5oMWGKEj2yWE4EQauMbqnMNAtrAkPzQupump","79","4.938271603","","","","","","","","","","","","","0.000002284","","","","","","","2026-07-06T01:49:27.286Z","","","","","",""
"MAYHEM","FbscghQqeQPajufbji2jox6Jj71pHAjkVJi9bSMJpump","","","","","","","","","","","","","","","","","","","","","0.000001979","","","","","","2026-07-06T01:49:28.350Z",""
"MAYHEM","6Gnswm5v2UuipXWGpr4Q1ekAcuDULCMGuxr9EAoEpump","","","","","","","","","","","","","","","","","","","","","0.000002068","","","","","","2026-07-06T01:50:23.439Z",""
"MAYHEM","6YHuvodkPAJCc5wnLKNtzNyurX3zTv4r1GathhC9pump","","","","","","","","","","","","","","","","","","","","","0.000002435","","","","","","2026-07-06T01:50:24.312Z",""
"MAYHEM","Fv3hHABo1rsY8ZLA3c9RWnEqMvQwkWyKWCHbzdQSpump","","","","","","","","","","","","","","","","","","","","","0.000002305","","","","","","2026-07-06T01:51:23.324Z",""
"MAYHEM","AippczQY63mhhDzhMxCBK7LLSTLL9xqU3qtKxRmrpump","","","","","","","","","","","","","","","","","","","","","0.000001117","","","","","","2026-07-06T01:51:24.283Z",""
"drooling","F6Qaxcj5XRAPYDqrb6RHS24bfZLPtAs881cxbDDhpump","79","4.938271603","","","","","","","","","","","","","0.000005886","","","","","","","2026-07-06T01:52:25.276Z","","","","","",""
"seeexbt","H7wbg7EaKcMN8CWd9yWxP1V286utaLD4ZKnqZ826pump","69","2.725925924","","","","","","","","","","","","","0.000002303","","","","","","","2026-07-06T01:52:26.300Z","","","","","",""
"MAYHEM","64nQ5WZejigxG4BY4HtEFRFJMKA2dQx42CxzQChdpump","","","","","","","","","","","","","","","","","","","","","5.074e-7","","","","","","2026-07-06T01:52:27.292Z",""
"MAYHEM","5ktNHHa8g1vCxkBGNouu2C3oGiELcDgw8UFsQ9ZKpump","","","","","","","","","","","","","","","","","","","","","0.000002706","","","","","","2026-07-06T01:52:28.303Z",""
"BCP","2xToojGt8KrKSjVtahGt6GMTAg561EvnZWmiWay1pump","71","3","","","","","","","","","","","","","0.000003409","","","","","","","2026-07-06T01:54:22.374Z","","","","","",""
"LABULLISH","Gns3M5317PX9rgGLA7KfFzgMpxRAAHYbE1jF7KBFpump","66","3.5","","","","","","","","","","","","","0.000004436","","","","","","","2026-07-06T01:56:22.289Z","","","","","",""
"Nigslop","7ft8kmSPg5hAMsDHy3vf9t9DEsHMEK9PW3uEHyvPpump","67","2.370370368","","","","","","","","","","","","","0.000006486","","","","","","","2026-07-06T01:58:22.313Z","","","","","",""
"TRUTH","GazGcVAcaQ1bs3eGhKcEVp6uZ3VMpzyVHHYDrXaFpump","69","5","","","","","","","","","","","","","0.000002279","","","","","","","2026-07-06T01:59:23.351Z","","","","","",""
"truth","6GGCefCdwKgu23eztG9nxNWhgMGkWCtwbvg3jtvzJUgV","","","","","","","","","","","","","","","","","","","","","0.000002386","","","","","","2026-07-06T01:59:24.295Z",""
"PUFF","3AwTcq6dbHZDXBjvdmWgAtJ8UCWM3EneAjjjQmNapump","71","3","","","","","","","","","","","","","0.000002429","","","","","","","2026-07-06T02:01:26.281Z","","","","","",""
"Ansem","3nBFMVJzADuQF51VJapFRaLAvQjwZVfxcN65incXpump","75","3.950617282","","","","","","","","","","","","","0.000003425","","","","","","","2026-07-06T02:01:27.335Z","","","","","",""
"AEONN","4AGZDB8cN1GXiPH2qUt8sLNbhXqBAG5UegU8nSgepump","71","3","","","","","","","","","","","","","0.000002279","","","","","","","2026-07-06T02:01:28.422Z","","","","","",""
"JUDE","EHuwZGSAdqUcnAbQW4zvLodeLxXGDYjRc2NC3y36pump","92","3","","","","","","","","","","","","","0.000003007","","","","","","","2026-07-06T02:02:23.330Z","","","","","",""
"Nigslop","7KuP9QeDQRUnbewyx72yxTQu9Fh8u8865SkFES1dpump","78","5.925925924","","","","","","","","","","","","","0.000002332","","","","","","","2026-07-06T02:02:24.295Z","","","","","",""
"chud.test","672WwCLAr8QzJqSSKpRNqmjxiNBEm2AtfUg9tMV16eAQ","","","","","","","","","","","","","","","","","","","","","0.000002346","","","","","","2026-07-06T02:03:26.311Z",""
"BCP","JCjeQSanrbKHGBau7xeramT5aymAxeA2ciKLe2Ztpump","66","3","","","","","","","","","","","","","0.000002324","","","","","","","2026-07-06T02:03:27.338Z","","","","","",""
"FALCON","CDuBCoEVNQyiqnDPfSFxM4VfgRVf4xUwPcExFRy1nxsU","","","","","","","","","","","","","","","","","","","","","0.000002282","","","","","","2026-07-06T02:03:28.302Z",""
":)","5kLJkpP6gkuGinr7PgunB1xZxVctunakVLTcm4Fpump","92","3","","","","","","","","","","","","","0.000005915","","","","","","","2026-07-06T02:05:24.355Z","","","","","",""
"GAD","BtDRz48pdshUi7NXB5zLvaA7bvVecqkELHihdfwvpump","","","","","","","","","","","","","","","","","","","","","0.000001128","","","","","","2026-07-06T02:05:25.276Z",""
"1st","At6SwuWuckfdksuTihn4ukTAmDbtq6R6haM2f6v2pump","71","2.962962961","","","","","","","","","","","","","0.00000228","","","","","","","2026-07-06T02:05:26.292Z","","","","","",""
"Ansem","F6AX6G91bKNHkZoCv6D5tfrqpwfkf6Mfsv3j54capump","71","3.950617282","","","","","","","","","","","","","0.000002725","","","","","","","2026-07-06T02:08:23.401Z","","","","","",""
"CEEZEE","4uZcbGjJQVnkFU7ANXZ7HtokiYziM3zBz5PSV3h6pump","91","3","","","","","","","","","","","","","0.000003627","","","","","","","2026-07-06T02:08:24.338Z","","","","","",""
"El Toro","EUELE6ytTKjRgV7YBzV2G2ff5uYnLfhQbxWzA533pump","71","2.962962961","","","","","","","","","","","","","0.000002282","","","","","","","2026-07-06T02:10:22.299Z","","","","","",""
"BLACK","io4FypA6bYRMqbsbFt6egpPWadKYxygvDgv5s2Rpump","71","3","","","","","","","","","","","","","0.000003619","","","","","","","2026-07-06T02:15:23.571Z","","","","","",""
"Niggacoin","CkMcRgbxSWPZSCvrcftHVoHTYnP3wm3PEasRtsJ5pump","71","3","","","","","","","","","","","","","0.000002271","","","","","","","2026-07-06T02:15:24.009Z","","","","","",""
"Whitecoin","7AXdcq1TJPmpwbjAijyA2yBca4XVZSQ7aTEmv7topump","71","2.962962961","","","","","","","","","","","","","0.000002376","","","","","","","2026-07-06T02:16:22.759Z","","","","","",""
"UBERMAN","7a7Rb7PnWELp3bY35DkW7yLqDqAi3Rv7LdRrdX8Xpump","100","0.600000001","","","","","","","","","","","","","0.000004227","","","","","","","2026-07-06T02:17:23.289Z","","","","","",""
"GABRIEL","74hPK2NxU28bGGhu8HCr1VA9GRZMAoxu2aUekqdVPEcA","","","","","","","","","","","","","","","","","","","","","0.000002292","","","","","","2026-07-06T02:19:23.277Z",""
"Sponge","DEk5Nn5YMHRDaH7k7J7Aav47GXpyA4dMx6EaN8Kcpump","65","2.093718843","","","","","","","","","","","","","0.000002319","","","","","","","2026-07-06T02:19:24.287Z","","","","","",""
"TheAnsem","3V2osqNpSeVeimgEcXepiLaJuup2sC7VGVVWjuGVpump","69","8","","","","","","","","","","","","","0.00000287","","","","0.00000287","","","2026-07-06T02:21:24.366Z","","","","2026-07-06T02:25:21.328Z","",""
"TheAnsem","EGWdkXxD1oa4TT6efKtu7ykHj7UoPx6m5RKx8QtGpump","","","","","","","","","","","","","","","","","","","","","4.407e-7","","","","","","2026-07-06T02:21:25.289Z",""
"TheAnsem","Fr4kDcDSxcEJ1VQRBUfRr1Wu8Zp1u5vB9w4T84b2pump","","","","","","","","","","","","","","","","","","","","","0.000001095","","","","","","2026-07-06T02:21:26.277Z",""
"DOG","DRsLXVjUknWzweawLrFVi7yhxwTn17xrV7KtLtE1pump","","","","","","","","","","","","","","","","","","","","","0.00000194","","","","","","2026-07-06T02:23:23.369Z",""
"DOG","9bTgv2J9Fvu39DnaDvgNTnnYR4471YbnSySZ9RHipump","","","","","","","","","","","","","","","","","","","","","7.914e-7","","","","","","2026-07-06T02:23:24.284Z",""
"LISTSERV","DRRYMYPNEEGtqhFfagVHqFj5pfnaGYRzWj1sR9Yfpump","","","","","","","","","","","","","","","","","","","","","0.000001769","","","","","","2026-07-06T02:26:23.466Z",""
"LISTSERV","HFs46tMfS7CA7fEHfUjQwb1YHa3iJoXfuZxYLdWwpump","84","5","","","","","","","","","","","","","0.000005717","","","","","","","2026-07-06T02:26:24.403Z","","","","","",""
"PWUMP","8nH5f7oCXZxetvKYauzrFfNCtaJerU2MYbCco1Fspump","71","3.083247688","","","","","","","","","","","","","0.000002299","","","","","","","2026-07-06T02:27:22.798Z","","","","","",""
"KOTON","HLqdLNp1uACzF1wPjsEkBrqDA6yhWgLRxgaCUuVQpump","86","8.779149431","","","","","","","","","","","","","0.000002413","","","","","","","2026-07-06T02:27:23.288Z","","","","","",""
"PWUMP","pwumn7XgfMXAvzFqm6ePcVCrK7pomPAjmF7Qxn27yVu","71","3","","","","","","","","","","","","","0.000002701","","","","","","","2026-07-06T02:28:22.466Z","","","","","",""
"NGR","3HoLtnrUUWnvW6F4FV8gt8nn5tiKaJghLJVMjHBTpump","","","","","","","","","","","","","","","","","","","","","2.182e-7","","","","","","2026-07-06T02:29:23.900Z",""
"aped","A3rTA8CrNciDHDny2fUnGBoz5VQ5AZMPszch6v66pump","75","5.925925924","","","","","","","","","","","","","0.000002588","","","","","","","2026-07-06T02:29:25.347Z","","","","","",""
"KOTON","229zdvfxQckyKqX2AV7EmarmeL1325B3ZFonejJ1pump","","","","","","","","","","","","","","","","","","","","","0.000002395","","","","","","2026-07-06T02:29:26.270Z",""
"NGR","D22sLDNV9XHL8R9HajboVHB5sVaBGfzEj3foiNDLpump","","","","","","","","","","","","","","","","","","","","","0.000001217","","","","","","2026-07-06T02:30:24.371Z",""
"NGR","AGwqGcokuFgowLXBT7ayHQokp3zRgwqXZr7MoaYSpump","71","4","","","","","","","","","","","","","0.000002045","","","","","","","2026-07-06T02:30:25.278Z","","","","","",""
"NGR","G2ptBeFWdfHLXmhwLnYXWFjVwNzqhNpLVuqfNVn1pump","70","4","","","","","","","","","","","","","0.000001802","","","","","","","2026-07-06T02:30:26.347Z","","","","","",""
"NGR","FmWdn9wJVTEYSnb9ZktjTExtPaccUbMrsvh612Ljpump","","","","","","","","","","","","","","","","","","","","","0.000001913","","","","","","2026-07-06T02:31:24.385Z",""
"Shitter","3ZKUvgp7bFgcvP2gajTgF5YSRKj9u5APxBBWwfgMpump","82","9","","","","","","","","","","","","","0.000002852","","","","","","0.000002293","2026-07-06T02:31:25.265Z","","","","","2026-07-06T02:33:21.504Z",""
"NGR","3bcTjzF3hH8xxDx7c9Kt39uGetkKYhPWFTJRPh3hpump","","","","","","","","","","","","","","","","","","","","","2.766e-7","","","","","","2026-07-06T02:31:26.314Z",""
"NGR","6VAwwQgjq9MPu9AqZ2YCvkRAhwi7mEqCN2bBAu5Qpump","","","","","","","","","","","","","","","","","","","","","0.000001517","","","","","","2026-07-06T02:32:24.269Z",""
"KOTON","2ZAg1qsaUmqdBUKwF916oHJGLPz8rFgFFLS4W4NJpump","84","10.754449381","","","","","","","","","","","","","0.000005543","","","","","","0.000002422","2026-07-06T02:32:25.284Z","","","","","2026-07-06T02:34:21.364Z",""
"DIN","AyR8qkmwf6YSXx4iJj1S5gmp1kVQ94P6uFaS4hJLpump","84","7.061728393","","","","","","","","","","","","","0.000009657","0.00001964","","","","","","2026-07-06T02:32:26.298Z","2026-07-06T02:36:21.386Z","","","","",""
"NGR","EiHoPK1so4hGrZUUKb1NniYs5xf1P7khEXzrpqJHpump","","","","","","","","","","","","","","","","","","","","","0.000001411","","","","","","2026-07-06T02:33:22.283Z",""
"NGR","DNZyDp9UTCCE6bg6LS9KYSe2de9DCD24YbDx66Lopump","","","","","","","","","","","","","","","","","","","","","1.156e-7","","","","","","2026-07-06T02:34:22.296Z",""
"NGR","5iRfKGdn62zY37XPzstacDvtEtrh8avjJDFaSJJMpump","","","","","","","","","","","","","","","","","","","","","0.000002619","","","","","","2026-07-06T02:35:23.261Z",""
"KOTON","CrBkPFat47gKJkEJhJkeBLoD63AHu2qbn1bWzGnppump","84","11.74202469","","","","","","","","","","","","","0.000002857","","","","","","0.000002347","2026-07-06T02:35:24.278Z","","","","","2026-07-06T02:37:21.608Z",""
"STUFFED","74iQJnJt5vn14798xWGrNorS695znCFQsKVXbjUkpump","","","","","","","","","","","","","","","","","","","","","0.000001875","","","","","","2026-07-06T02:36:24.278Z",""
"MUSA","6fXpv7X4zP3Rm8s452gF1715DTcTwJgP7kAjUXCdpump","70","5","","","","","","","","","","","","","0.00001669","","","","","","","2026-07-06T02:36:25.283Z","","","","","",""
"STUFFED","9KDp3iyYVwv1Hdd37F7AyEgffcig78P5GejjAfx3pump","","","","","","","","","","","","","","","","","","","","","7.67e-7","","","","","","2026-07-06T02:36:26.269Z",""
"STUFFED","AsYcv1XaUuFpfLwL5p8UwdwyVmZk5EJqKnLcdAQbpump","67","8","","","","","","","","","","","","","0.000002275","","","","","","","2026-07-06T02:37:25.271Z","","","","","",""
"chudlined","9kRbWzJGUiMgA4sFnAL1YhbZZNotm1xxWJx6Ro8gpump","79","5","","","","","","","","","","","","","0.000002379","","","","","","","2026-07-06T02:37:26.296Z","","","","","",""
"POST","9m2JgNZaTV4sakasMjTLx4swL8PueamLU2BiBnBbpump","","","","","","","","","","","","","","","","","","","","","0.000002453","","","","","","2026-07-06T02:38:23.317Z",""
"POST","DGboD8MfpJTsiUaedgpQCAgC1XUobA1ALKZyQtTgpump","","","","","","","","","","","","","","","","","","","","","0.000001459","","","","","","2026-07-06T02:38:24.285Z",""
"KOTON","Hv3wNHpomHNddsMiwwWkVvaBbtrkU7PCte9mFPZgpump","84","12.729758023","","","","","","","","","","","","","0.000003079","","","","","","0.000002347","2026-07-06T02:39:24.283Z","","","","","2026-07-06T02:41:21.367Z",""
"ORION","GDGBCznaC9vtpW3UrxKKwzNhKNbdBZmWNH8ikkCSpump","","","","","","","","","","","","","","","","","","","","","2.021e-7","","","","","","2026-07-06T02:39:25.267Z",""
"ORION","E4YwuUm2HfSXmQXQ35NRzq3wHFY5u738AujxNpJGpump","73","5","","","","","","","","","","","","","0.000001915","","","","","","","2026-07-06T02:39:26.281Z","","","","","",""
"ORION","8zoiWPnEv2kHd3R8AaYq1YJu22BC2jwG9un8QJeipump","","","","","","","","","","","","","","","","","","","","","0.000001491","","","","","","2026-07-06T02:40:23.261Z",""
"ORION","6N7ejcvNeMMPmDMgJ39TDQLxQ6MfeuRiMAbm5PYkpump","","","","","","","","","","","","","","","","","","","","","0.000001869","","","","","","2026-07-06T02:40:24.313Z",""
"ORION","2QMY8UpkE8TVYbiNVExwSkfdJRGwdjhUYWekn57jpump","79","15","","","","","","","","","","","","","0.000007589","","","","","","","2026-07-06T02:41:24.299Z","","","","","",""
"ORION","94HP2npM5iQxHSRycKqiMBTCxarNPHdbBdkk3jLDpump","","","","","","","","","","","","","","","","","","","","","0.000001742","","","","","","2026-07-06T02:41:25.278Z",""
"Umbrella ","Gnwv5nsuswvinwcCFii9mSvz86RV45Pe3StCfVRLpump","88","13.333333332","","","","","","","","","","","","","0.000003451","","","","","","0.000002442","2026-07-06T02:41:26.262Z","","","","","2026-07-06T02:43:21.353Z",""
"KOTON","DVHXBvMoMB8P3raePnCY8DX3Cwp9QP12nktBy5Yepump","81","10.754370369","","","","","","","","","","","","","0.000002521","","","","","","0.000002361","2026-07-06T02:42:23.374Z","","","","","2026-07-06T02:43:21.329Z",""
"Spidey","AFBcZwt24fk4hxcChWZ2xTLaSFasuHCMhwH2b2V2pump","100","1.000000001","","","","","","","","","","","","","0.000005668","","","","","","","2026-07-06T02:42:24.399Z","","","","","",""
"Solana","671XABuYKBHvDqUXiXdiebuq1F5exBXHnRzt2yT2pump","94","0.250000001","","","","","","","","","","","","","0.000001931","0.000002916","","","","","","2026-07-06T02:44:22.339Z","2026-07-06T02:47:21.320Z","","","","",""
"bullmilk","GZknuP1ANKM87NHwVhKj2QsXqNr3ftXNBm4sy19Mpump","79","5.000000001","","","","","","","","","","","","","0.000003093","","","","0.000002269","","","2026-07-06T02:46:22.288Z","","","","2026-07-06T02:49:21.352Z","",""
"ANIMEBULL","KZ72KZGJndbXcRc1aM6hE3knrJPjMyd2DjEdQGMpump","75","3.911111107","","","","","","","","","","","","","0.000004204","","","","0.000003037","","","2026-07-06T02:47:23.550Z","","","","2026-07-06T02:50:21.385Z","",""
"PWUNP","pwum1T4Yv1ybL8yGBuGToUzMXMHzJW6iZDjA22M8ztt","71","3","","","","","","","","","","","","","0.000002313","","","","","","","2026-07-06T02:47:23.781Z","","","","","",""
"KOTON","9K3k1Rh3cZWU1j4aSmhfVbA6hU5fmwtzwCMZnGocpump","","","","","","","","","","","","","","","","","","","","","0.000002343","","","","","","2026-07-06T02:49:22.280Z",""
"PWUMP","EpvZEUDTUe4vMxxnm1bLYmucpkN8NzhM8qmaNxZDmEFM","94","0.98765432","","","","","","","","","","","","","0.000002697","","","","","","","2026-07-06T02:50:22.271Z","","","","","",""
"FOLARIN","EMCDgRuMgZUxe869Q5VnokkbsvbyqDBbEBbctcA1pump","95","20.000000001","","","","","","","","","","","","","0.000005781","","","","","","","2026-07-06T02:51:23.301Z","","","","","",""
"PUMP","7umXm5oKgVUJMMb4cRHJuQyQhjmV3KMg921JC5fip6Bb","90","0.98765432","","","","","","","","","","","","","0.000002303","","","","","","","2026-07-06T02:51:24.265Z","","","","","",""
"PWUNP","2vd6i26sgnzCyvjS4uX3mfxSmH6N38CZTkZnBGEWAyXE","87","1.086419752","","","","","","","","","","","","","0.000002297","","","","","","","2026-07-06T02:52:24.285Z","","","","","",""
"ONBOARDOOR","J66FSaBvuARDsysrUo58uUxY75RoWMipEBirUqVypump","100","16.790123455","","","","","","","","","","","","","0.000005454","","","","","","","2026-07-06T02:52:25.278Z","","","","","",""
"KOTON","5wh7pQEu8Axyvk2CDLhzDrCaaActEdyCnzw9oE43pump","","","","","","","","","","","","","","","","","","","","","0.000002384","","","","","","2026-07-06T02:52:26.326Z",""
"PWUMPY","CVfL3owPiMGt3Yp7T7M4EKMjQ6C5CtiC23qZ2JiUAn2T","80","1.2345679","","","","","","","","","","","","","0.000002497","0.000002572","","","","","","2026-07-06T02:54:25.329Z","2026-07-06T02:57:21.424Z","","","","",""
"KOTON","AegqbzrtsB3nWw6LGJjGmLtaPKEcPhsJAQkweQ8Apump","83","13.717421036","","59.843","","","","","-65.95401962219944","","","","","","0.000004426","0.000006829","","","0.000002325","","0.000002325","2026-07-06T02:54:26.312Z","2026-07-06T02:57:21.531Z","","","2026-07-06T02:58:21.374Z","2026-07-06T02:58:21.345Z",""
"JANSEM","5EtssZNKzqLS8JxLve5P3A7zW7U6R1kX8x7Nxabmpump","78","4.839506171","","","","","","","","","","","","","0.000002264","0.000002264","","","","","","2026-07-06T02:54:27.266Z","2026-07-06T02:57:21.482Z","","","","",""
"ANSWER","EZse1pirTRR3PnohR5sUjwj5YdDnR84hVFqYvd7EAQZ6","71","0.098765431","","","","","","","","","","","","","0.000002325","","","","","","","2026-07-06T02:54:28.252Z","","","","","",""
"DONALT","3QwZfb7HpsFn8QyA7bF4v6RXgc537nvPZ7tt4fdJpump","","","","","","","","","","","","","","","","","","","","","0.000002351","","","","","","2026-07-06T02:58:21.918Z",""
"BUDDY","5y1vn9vxQUSAxdhbtx6bQMYAoNLF4zA3yARuj491pump","","","","","","","","","","","","","","","","","","","","","0.000002316","","","","","","2026-07-06T02:59:22.313Z",""
"BUDDY","5RQTu1RDFXVa1CPUxDYf3vMN7RwvtUeckd9hHDcZpump","90","14.814814813","","","","","","","","","","","","","0.00001096","","","","0.000002365","","0.000002365","2026-07-06T03:00:22.287Z","","","","2026-07-06T03:03:21.369Z","2026-07-06T03:03:21.345Z",""
"KOTON","RfBRkXADezVZReP2cUeB96S9JyYUXWm7APw2ovrpump","80","11.742103702","","","","","","","","","","","","","0.00002172","0.00002341","","","","","","2026-07-06T03:01:22.266Z","2026-07-06T03:04:21.301Z","","","","",""
"wif2","7ZbXHNL9hYSJKDwTGvfTERDVXtoSZYUrLLr3javfpump","66","3.950617282","","","","","","","","","","","","","0.000006526","","","","0.000002349","","","2026-07-06T03:02:22.291Z","","","","2026-07-06T03:05:21.385Z","",""
"Spidey","HdML58dtcx4qkpBckEVRakkWoVbqivqr7C3mC5vfpump","","","","","","","","","","","","","","","","","","","","","1.876e-7","","","","","","2026-07-06T03:04:22.264Z",""
"BUDDY","DC7GxHmPT4gJtH5gTnB9ozN9n1AdG8PLMdB3SUu5pump","","","","","","","","","","","","","","","","","","","","","0.000002329","","","","","","2026-07-06T03:06:22.318Z",""
"DONALT","3S7TXWkekwog9gmAXzTXgq7QmF7sVNLtNkUy7xippump","","","","","","","","","","","","","","","","","","","","","0.000002293","","","","","","2026-07-06T03:07:23.440Z",""
"HOLE","6S6WGbVwgjUAzcEnkLavQUnyRGUVeNsZH2TA6XT9pump","","","","","","","","","","","","","","","","","","","","","0.000002281","","","","","","2026-07-06T03:07:24.275Z",""
"BUDDY","CzdUsKbU2T6Wc3Hz77rJ6EDDKsufHZvG2ThWo1GApump","","","","","","","","","","","","","","","","","","","","","0.00000232","","","","","","2026-07-06T03:08:22.395Z",""
"BUDDY","2yQ4UMRC9xpgXT3UhfWk6Wnmu1iJ9fmZ4htBc3T1pump","","","","","","","","","","","","","","","","","","","","","0.000002334","","","","","","2026-07-06T03:09:25.267Z",""
"KOTON","HhoiHGtBd6hVjLah1wdCrUb4QZoCqatv9oUaVVYdpump","","","","","","","","","","","","","","","","","","","","","0.000002416","","","","","","2026-07-06T03:09:26.319Z",""
"nigga","GoT484gmPLiq28TG3BFhygXTooKhbR3ALX2noVvbpump","100","3.950617282","","","","","","","","","","","","","0.00000238","","","","","","","2026-07-06T03:09:28.260Z","","","","","",""
"DONALT","3x7RbxqqEs4SkbJBHXtXvhStkxWkEez16fL846D5pump","","","","","","","","","","","","","","","","","","","","","0.000002286","","","","","","2026-07-06T03:10:25.309Z",""
"wigga","5ssNCa3RhZtHMKxNtjqGtHq6rGn74eYai6ovjcDmpump","66","3","","","","","","","","","","","","","0.000002368","","","","","","","2026-07-06T03:10:26.255Z","","","","","",""
"holo","DuSxGWC2W5WZSeve6pbVsJxhAw9DuBzC2LUBBcwTpump","65","2.093718843","","","","","","","","","","","","","0.000002264","","","","","","","2026-07-06T03:10:27.311Z","","","","","",""
"KANE","8RUtjC3mcpzwQXn4H6CLmCSkUpd1sRXjGg8ue3vVptD2","","","","","","","","","","","","","","","","","","","","","0.00000235","","","","","","2026-07-06T03:10:28.267Z",""
"pwump","C4rwmB34UXxdazVEC47WX633WdkkqNrvuW6yuhoNpump","81","5.925925924","","","","","","","","","","","","","0.000002283","","","","","","","2026-07-06T03:11:21.362Z","","","","","",""
"PWUMP","DKUCGeuMBDnoBHdVhnfa6vp11bs9FRn2F5omMb4vpump","71","3.083247688","","","","","","","","","","","","","0.000002281","","","","","","","2026-07-06T03:11:23.250Z","","","","","",""
"BUDDY","SYCNgUSZWUmQRGBf5BYutc62XVVjyqNsoYYLaYEpump","","","","","","","","","","","","","","","","","","","","","0.000002313","","","","","","2026-07-06T03:11:24.268Z",""
"KOTON","65gFMLELjfvB96GRWQchRyAfvDmz5GKm1nafY1Gkpump","80","12.729765924","","","","","","","","","","","","","0.000007047","","","","","","","2026-07-06T03:12:22.283Z","","","","","",""
"BUDDY","3ASVG8DVAqeqQB7PCh6fje2BsjV9pZRfq1agm3Kcpump","85","14.814814813","","","","","","","","","","","","","0.0000143","","","","","","0.000002351","2026-07-06T03:13:22.283Z","","","","","2026-07-06T03:14:21.296Z",""
"DONALT","4dKdrpWVhT4VYmeCKoxGo1RrfK6WJ2XDGZ5y3R8Bpump","","","","","","","","","","","","","","","","","","","","","0.000002281","","","","","","2026-07-06T03:15:22.260Z",""
"CHECKCAT","3ceK1AkJg9yoW4GNmzhk5ChN99om1Ki2GVtyD4gXpump","","","","","","","","","","","","","","","","","","","","","1.1e-7","","","","","","2026-07-06T03:16:24.048Z",""
"Ansemrot","BRfTTfP6n5X1QcCV3UA3C9jEc7xUpgzXJ2qgSdmNpump","96","8.888888887","","","","","","","","","","","","","0.00001187","","","","","","","2026-07-06T03:16:24.282Z","","","","","",""
"BUDDY","61nvCDGUZ4W76YBVT4RJeHNCncJHJWMrHGX4UHhdpump","","","","","","","","","","","","","","","","","","","","","0.000002343","","","","","","2026-07-06T03:17:22.243Z",""
"GOONICIDE","HwBhd44PAtddavzUkuUekhkkqUTCALyvhMZhnm4Vpump","75","5","","","","","","","","","","","","","0.000005453","","","","","","","2026-07-06T03:18:23.303Z","","","","","",""
"CHECKCAT","7rroqma7aHF6BXLnq9rAJMbuQJxWM1dzSj8eojGZpump","71","2","","","","","","","","","","","","","0.000005015","","","","","","","2026-07-06T03:18:24.258Z","","","","","",""
"CHECKCAT","ENqEVkaeq3s3SSnNVVSip74CeUXW8i9KrBtG5Ms5pump","","","","","","","","","","","","","","","","","","","","","4.286e-7","","","","","","2026-07-06T03:19:24.321Z",""
"KOTON","8nFC3XkuU9didkrCY5XLYuKFRohZj2LRAAEDx647pump","","","","","","","","","","","","","","","","","","","","","0.000002318","","","","","","2026-07-06T03:19:25.253Z",""
"BUDDY","DpwxW52fN2fM1KQihLrBmXAGRxVFzXJq3ZqGTGCepump","","","","","","","","","","","","","","","","","","","","","0.000002318","","","","","","2026-07-06T03:19:26.250Z",""
"BUDDY","BMgQTr8bDDTawHZByzePD1Kruh4ajjv4ogpNMQXSpump","","","","","","","","","","","","","","","","","","","","","0.000002336","","","","","","2026-07-06T03:20:22.285Z",""
"BUDDY","7794XKNFTwrEsqDrrcLjg3Y8jAfS75f5JFzcCSgCpump","","","","","","","","","","","","","","","","","","","","","0.000002365","","","","","","2026-07-06T03:21:24.301Z",""
"DONALT","4eKYoR1hBHnRaYyg2d57H36uUatRNyZr1NRP9ScNpump","89","18.482615155","","","","","","","","","","","","","0.00002649","","","","","","","2026-07-06T03:21:25.261Z","","","","","",""
"BULLANA","8fpF66P3LaeLAWmfJQogmKZKQqG9J4F6B2aRzyTkpump","","","","","","","","","","","","","","","","","","","","","0.000002261","","","","","","2026-07-06T03:21:26.262Z",""
"BUDDY","45hqxJ1NALdshWxfduPmAZX9pcNiWwYu4YfNtYAKpump","83","14.814814813","","","","","","","","","","","","","0.00001608","","","","","","","2026-07-06T03:23:23.329Z","","","","","",""
"KOTON","2xrMfEYSv1ELuJMUgWt2MRHphhgfsuhbQnVDV8yhpump","78","11.742112394","","","","","","","","","","","","","0.00001338","","","","","","","2026-07-06T03:23:24.282Z","","","","","",""
"HAALAND","Bn8hjfGR5cRfhwL5DkQVK7ZwdX2Z2uHJojH5CMZvpump","","","","","","","","","","","","","","","","","","","","","8.88e-7","","","","","","2026-07-06T03:25:22.251Z",""
"PWUМP","77kHRzRrbCZsM3d5jJBd2TE7ifvMGQd3R8ufQpfLuXoE","77","1.97530864","","","","","","","","","","","","","0.000002562","","","","0.000002252","","","2026-07-06T03:29:22.312Z","","","","2026-07-06T03:32:21.289Z","",""
"BLACKOUT","dGdNVTUJNAgtr8RgYQigNGTAud4Bi37Fvx9h4dNpump","79","4.888888884","","","","","","","","","","","","","0.000004508","0.000005359","","","","","","2026-07-06T03:36:22.779Z","2026-07-06T03:39:21.354Z","","","","",""
"ANSEMIFY","fge8kVDYVnqbxJGuZuFdxPvPFhSQaqGfWeHVuPFpump","66","2.962962961","","","","","","","","","","","","","0.000002301","","","","0.000002257","","","2026-07-06T03:39:24.306Z","","","","2026-07-06T03:43:21.276Z","",""
"KOTON","7nc2N2tbtLQCTGMagcSxz4FkiZAfZiJbnS9zY1mTpump","","","","","","","","","","","","","","","","","","","","","0.000002532","","","","","","2026-07-06T03:40:23.323Z",""
"ETH","GQyDR9KDGrbvUjrR6zYT11dX9M4v7RuXLXHPaXcrpump","","","","","","","","","","","","","","","","","","","","","8.49e-8","","","","","","2026-07-06T03:40:24.242Z",""
"RODRICK","EP4pTP1vYjeUxas9TQvBFpgi5zVBTL3ivKG5RW33pump","80","8","","","","","","","","","","","","","0.000009049","","","","","","","2026-07-06T03:42:22.253Z","","","","","",""
"-102","22jawFBsP6VPg9KwK7kiSVqh2g84tBhFBbm4FzrDpump","66","4.9375","","","","","","","","","","","","","0.000002984","","","","","","","2026-07-06T03:43:24.258Z","","","","","",""
"KOTON","HKHdva71PPBiDzwxGDUKwpcvMiUiX1Ri1hZRNhpSpump","79","12.729765924","","","","","","","","","","","","","0.00000779","","","","","","","2026-07-06T03:43:25.248Z","","","","","",""
"BULL","BWQbzCZq81wZqgfy2KAHUbQCCSJehMS7KbVnQqRapump","92","15.500000001","","","","","","","","","","","","","0.000005224","","","","","","","2026-07-06T03:43:26.244Z","","","","","",""
"Bull","BoJQnPh7GcQRhPYSSM1qHBuHE7dJhf9ahH1Jof1Ypump","","","","","","","","","","","","","","","","","","","","","0.000002268","","","","","","2026-07-06T03:45:23.240Z",""
"BUDDY","6WDKcftookhpD5Csgh6siQtSMdDFgcF2eCunUiucpump","","","","","","","","","","","","","","","","","","","","","0.000002301","","","","","","2026-07-06T03:45:24.263Z",""
"BUDDY","2U5YTnF191jXS85uw3eTFy3Hr3BYpCyF8QKiPuCQpump","","","","","","","","","","","","","","","","","","","","","0.00000232","","","","","","2026-07-06T03:46:22.352Z",""
"ANSEM'D","9QVHGhXckoW4YGQNye9bRPWkW1tt132Zm4hWDqfapump","71","3","","","","","","","","","","","","","0.000004036","","","","","","","2026-07-06T03:47:22.701Z","","","","","",""
"BUDDY","2vtuN6xVBsnpYBFbCoLkhXKD8nqk9XWrMoUWicERpump","","","","","","","","","","","","","","","","","","","","","0.000002294","","","","","","2026-07-06T03:48:22.263Z",""
"BUDDY","AFeoFPhu9ZUsKpN1yyKYopMCZtYMuHhFvjkE4aS3pump","89","14.814814813","","","","","","","","","","","","","0.00001243","","","","","","","2026-07-06T03:49:24.257Z","","","","","",""
"TIKTOKBULL","Ffagoh6QyGsW4QC3faiMwZFmJC8246MNwajxo3f3pump","68","4.444444443","","","","","","","","","","","","","0.000004136","","","","","","","2026-07-06T03:49:25.231Z","","","","","",""
"ANSEM","TmMdRfvxWnUEGe8CymBD3hsiM9W9webLdBXJjaVpump","85","7.822222214","","","","","","","","","","","","","0.000004013","","","","","","","2026-07-06T03:49:26.251Z","","","","","",""
"ANSEM'D","fdrPbQo2idEoeoXcATYL45stFrUAEiK771jWxmFpump","100","3","","","","","","","","","","","","","0.00000233","","","","","","","2026-07-06T03:50:22.244Z","","","","","",""
"ANSEM'D","6YyxQSiWUN5NkBUAUi7UYEgoG3Tr3wR3F2wF322Gpump","100","3","","","","","","","","","","","","","0.00001365","","","","","","","2026-07-06T03:51:23.257Z","","","","","",""
"ANSEM'D","9roW3Z6umvjJahAE4znUksYnzSU5irgySMNw8UTHpump","66","3","","","","","","","","","","","","","0.000002361","","","","","","","2026-07-06T03:51:24.235Z","","","","","",""
"BAD","B5QeF5DuYmFyifBAYiu4eoCcvS19WZeHXEhFhUSXpump","66","3","","","","","","","","","","","","","0.000002338","","","","","","","2026-07-06T03:54:25.230Z","","","","","",""
"Sheared","CSv2saHqWf2a4fbkpsErkX2NbvtiSCwEaoo6nAWbpump","70","1.97530864","","","","","","","","","","","","","0.00001003","","","","","","","2026-07-06T03:54:27.247Z","","","","","",""
"ANSEM'D","75guEunws8B6i9khxx5ZL3AaW6aiMsfirvQfrEEUpump","79","5","","","","","","","","","","","","","0.000002256","","","","","","","2026-07-06T03:54:28.225Z","","","","","",""
"BUDDY","GRqkQ4CbAgoNysKDLS1XBhHjADGaNyok9DBub87Rpump","","","","","","","","","","","","","","","","","","","","","0.000002317","","","","","","2026-07-06T03:55:22.222Z",""
"BLACKLANA","GfLmxeMjFYWWYps9KmfGy8D2nkSVnkrJX5FBJsDJpump","","","","","","","","","","","","","","","","","","","","","0.000002453","","","","","","2026-07-06T03:56:22.243Z",""
"BUDDY","F7H6umbBVr1M6xPFyAfwMenKX5HvyWpWWpiw9W4Ppump","","","","","","","","","","","","","","","","","","","","","0.000002298","","","","","","2026-07-06T03:57:26.252Z",""
"BB","BUui82YDqvM5bw6F7pXPwrfDKFpDELmHSsUhpRppump","79","4.938271603","","","","","","","","","","","","","0.000004528","","","","","","","2026-07-06T03:57:27.232Z","","","","","",""
"Sheared","KAUBTepaMaipSwuurrPG8E36cwRYhVE2RkLFyaTpump","","","","","","","","","","","","","","","","","","","","","9.507e-7","","","","","","2026-07-06T03:57:28.225Z",""
"BUDDY","4v116v5wZduypVAXAJFuYCjs45Zq51ew44LFAf9bpump","","","","","","","","","","","","","","","","","","","","","0.000002308","","","","","","2026-07-06T03:57:29.233Z",""
"BUDDY","8Uj4r7wA5rehXskX7D5MzaszheYHJUutmULb1GNUpump","","","","","","","","","","","","","","","","","","","","","0.000002315","","","","","","2026-07-06T03:58:22.325Z",""
"BUDDY","DdA49cVTAYbLxEDcu1PvanD6RX8a8ir9LqG3zbuZpump","","","","","","","","","","","","","","","","","","","","","0.000002381","","","","","","2026-07-06T03:59:22.304Z",""
"BUDDY","ASAPBzrXqtPm9EJrHa9f2Vyy1sxApusQjnqCWQWpump","","","","","","","","","","","","","","","","","","","","","0.000002302","","","","","","2026-07-06T04:01:22.238Z",""
"BUDDY","FoTrmndz7StuL6mWkvbVMrk2Q1xcem7o5kXrmPS9pump","","","","","","","","","","","","","","","","","","","","","0.000002318","","","","","","2026-07-06T04:03:22.280Z",""
"Enderman","D5LBgpTpiFNKfC6n4itfcdrBWabwLNN3D9ja2YkPpump","70","3.5","","","","","","","","","","","","","0.000002259","","","","","","0.000002259","2026-07-06T04:05:22.244Z","","","","","2026-07-06T04:08:21.310Z",""
"dreamybull","5q27oR1xNG549M1sKaYX987iFNXcVvE9aqpjRsf8pump","90","3","","","","","","","","","","","","","0.000002951","","","","0.00000227","","","2026-07-06T04:09:23.332Z","","","","2026-07-06T04:12:21.337Z","",""
"BUDDY","GFgXNhXTuNihV4MhR6KdtizNfhVkzWq9StBGrLrTpump","91","14.814814813","","","","","","","","","","","","","0.000005146","","","","0.000002275","","0.000002275","2026-07-06T04:09:24.231Z","","","","2026-07-06T04:12:21.280Z","2026-07-06T04:12:21.256Z",""
"ANSEM'D","386WX6S2azf3oJWjAuuKQf3uHVcDR27kwbd4H2iPpump","100","3","","","","","","","","","","","","","0.000002593","","","","0.000002277","","","2026-07-06T04:11:22.239Z","","","","2026-07-06T04:14:21.349Z","",""
"ZION","J2ERkNQJ6CdLAzipHxTY99XWfKdbJSASA8wohVf8pump","72","5","","","","","","","","","","","","","0.000002629","","","","0.000002328","","","2026-07-06T04:12:22.235Z","","","","2026-07-06T04:15:21.315Z","",""
"broo...","iGp5Mar4mZsTSzywmA7bMgrGGbdAhvH5FCVewBnpump","90","3","","","","","","","","","","","","","0.000002374","","","","","","","2026-07-06T04:13:22.336Z","","","","","",""
"BUDDY","2msfVX39npWiPJYRKitsdZtinAw2MHyzJ8YPiL74pump","90","14.814814813","","","","","","","","","","","","","0.000005194","","","","","","","2026-07-06T04:14:22.224Z","","","","","",""
"Solana","BSfX6EienD2yCCyy5b4RhJnuGZKA5CmQKXQR51mYpump","98","0.060000001","","","","","","","","","","","","","0.000001656","0.00000187","","","","","","2026-07-06T04:16:24.272Z","2026-07-06T04:19:21.366Z","","","","",""
"KOTON","Gm9kUjJxpnrX8bCpZBQFhYjyc4o2sNG5tHiwdFqDpump","74","9.76680384","","","","","","","","","","","","","0.000002649","","","","","","0.000002331","2026-07-06T04:16:25.224Z","","","","","2026-07-06T04:17:21.373Z",""
"HARRY","5zdex6JxyGmHjP5dutyouwF5jhUgemj3wwMb2Yyopump","79","4.875406284","","","","","","","","","","","","","0.000003101","","","","","","","2026-07-06T04:16:26.297Z","","","","","",""
"KOTON","8p3BUJN72QvhGBV546CoXQFMLzJLCThqqohYpw41pump","","","","","","","","","","","","","","","","","","","","","0.000002333","","","","","","2026-07-06T04:19:22.217Z",""
"ALUN","Hxf1J2Vri16ogmmGv9QHRxt1o1dPmvHMM5ewjFbyFw76","68","1.48148148","","","","","","","","","","","","","0.000002522","","","","","","","2026-07-06T04:20:23.308Z","","","","","",""
"WhiteWhale","4fEk5LTGFwQD2SQVV6JV1gXJiHMnn7Yq13un7m7ppump","71","2.962962961","","","","","","","","","","","","","0.000002264","","","","","","","2026-07-06T04:20:24.237Z","","","","","",""
"BUDDY","5FtyL2MSR7mqtjQZbNDMFGPwGLFZTcLsXw2Yn6LYpump","","","","","","","","","","","","","","","","","","","","","0.000002313","","","","","","2026-07-06T04:21:23.325Z",""
"0X687556D7011","7ZRfRg2SrQQtXqyTt4AQfipBxGhRuEzKK5xzttveRmy4","69","7","","","","","","","","","","","","","0.000002374","","","","","","","2026-07-06T04:21:24.225Z","","","","","",""
"ZACHXBT","BnF5LgdgnPgdSRMe1824izvtrpkwWyiYpG5MAVpypump","89","3","","","","","","","","","","","","","0.000002263","","","","","","","2026-07-06T04:22:24.297Z","","","","","",""
"BUDDY","HzJtrqaZKTEFYh5Xr6yCR5iA2AvkyvbWnFLWhEUZpump","","","","","","","","","","","","","","","","","","","","","0.000002313","","","","","","2026-07-06T04:22:25.245Z",""
"ZACHXBT","EeNhHFtbMPXsNmd9KGwPgNSBHstMXTnEebfBggppPiUq","","","","","","","","","","","","","","","","","","","","","0.00001669","","","","","","2026-07-06T04:22:26.250Z",""
"BUDDY","3S1nTmyakrogVzkcr1qwnSFsfFETvtVXkPbBEmTRpump","","","","","","","","","","","","","","","","","","","","","0.000002397","","","","","","2026-07-06T04:23:23.400Z",""
"KOTON","61Bgw1FVD5NGkeaSUkkvw6AqNbekD7YuHqX8Zn6pump","71","8.77914864","","","","","","","","","","","","","0.000002334","","","","","","","2026-07-06T04:23:24.230Z","","","","","",""
"WhiteWhale","BLMSSk4WojgUJcqUZFFxN657zHggwFcsvK59t3Xxpump","71","2.962962961","","","","","","","","","","","","","0.000004767","0.000005403","","","","","","2026-07-06T04:24:23.677Z","2026-07-06T04:27:21.436Z","","","","",""
"KOTON","GiUSGW15wMCMCw1JMBUNxqK3GQKLRHh6tf1wymhWpump","71","8.779149431","","","","","","","","","","","","","0.00000323","","","","","","","2026-07-06T04:24:23.931Z","","","","","",""
"BUDDY","4gBsknDpg8Ruw3Jiv43eVteFgxzFW2whukmcsJhupump","88","14.814814813","","","","","","","","","","","","","0.00002471","","","","","","0.000002337","2026-07-06T04:25:23.265Z","","","","","2026-07-06T04:26:21.262Z",""
"banklet","FkDFv8LMLhY59dFA818r6GJXAshwLjcetZti8G3spump","71","3.083247688","","","","","","","","","","","","","0.000002263","","","","","","","2026-07-06T04:25:24.225Z","","","","","",""
"BULL","FMwtkNr136nTAm45zeXjDAnp5SqDhRsma93yse31pump","66","2.962962961","","","","","","","","","","","","","0.000002259","0.000002259","","","","","","2026-07-06T04:27:22.223Z","2026-07-06T04:30:21.404Z","","","","",""
"HODL","3kCoLgwM9jazFbni1SGLdkZ6wHyM4JBjBKS934Ampump","99","4.938271603","","","","","","","","","","","","","0.000002343","","","","","","","2026-07-06T04:28:23.328Z","","","","","",""
"BUDDY","7KLo4zQCdVxypRaADxEsWCMDmXwNeFaTQ7sbsQZVpump","","","","","","","","","","","","","","","","","","","","","0.000002432","","","","","","2026-07-06T04:28:24.272Z",""
"ZACHXBT","72bFhsovJdDaXEuNBa7iP8t1bv4ndf9gwWJ6TwmZpump","80","5","","","","","","","","","","","","","0.000003585","","","","","","","2026-07-06T04:29:24.236Z","","","","","",""
"BUDDY","4n7DL243RgTiTAoUCA478wQE8i3j1Ahc7LDi4mZwpump","","","","","","","","","","","","","","","","","","","","","0.000002315","","","","","","2026-07-06T04:29:25.225Z",""
"ZACHXBT","Cxsr8JvCEnThba5869HU18V2YiA5WwcLWeYjWyw1pump","","","","","","","","","","","","","","","","","","","","","0.000002364","","","","","","2026-07-06T04:29:26.211Z",""
"BUDDY","CfJDYy12fie2i789didvwdPhVvPJj5aCTfb4f98Epump","","","","","","","","","","","","","","","","","","","","","0.000002306","","","","","","2026-07-06T04:30:23.335Z",""
"KOTON","BpYcVL94VRXfFs8L8oe1QTjitmnB58VSkgnNkHYppump","70","8.77914951","","","","","","","","","","","","","0.000003045","","","","0.000002327","","","2026-07-06T04:30:24.228Z","","","","2026-07-06T04:33:21.510Z","",""
"PVE","AuCdUJTGzyfbgvmfXj2CDHEMxQ2ak84E6tLKeYmFpump","75","5","","","","","","","","","","","","","0.000002328","0.000007508","","","","","","2026-07-06T04:31:22.258Z","2026-07-06T04:34:21.391Z","","","","",""
"OFFICIAL PVE","7uiMKfvEvK3qsdASptBnSTMdjAnvMT9aYuyjEk3Wpump","88","3","","","","","","","","","","","","","0.00001151","0.00001442","","","","","","2026-07-06T04:33:23.228Z","2026-07-06T04:36:21.352Z","","","","",""
"BUDDY","5JKtzGY7TLUHBYfQdA58Ag9EAqaF25YgtjDqpueMpump","","","","","","","","","","","","","","","","","","","","","0.000002306","","","","","","2026-07-06T04:33:24.275Z",""
"PVE","agKBkVEbRhhctHf5DDGF5E4X7kYgq3vmLJtJ4mKpump","68","5","","","","","","","","","","","","","0.00000226","","","","","","","2026-07-06T04:34:22.221Z","","","","","",""
"PVE","DX1AZFuTdEBo9ygLwgLM3e3zYjMpL3VZsLi6eRFHpump","66","5","","","","","","","","","","","","","0.000002301","","","","","","","2026-07-06T04:35:24.258Z","","","","","",""
"PVE","Fe5Z9xxLsouxo2kfJCz9YeSx1djcvFzjK3DxL5A3pump","67","5","","","","","","","","","","","","","0.000002302","","","","","","","2026-07-06T04:35:25.226Z","","","","","",""
"BUDDY","AeQSFL5xD1SbKNSoxGJLaGoiXy24GjPVzi8vPaFUpump","","","","","","","","","","","","","","","","","","","","","0.000002309","","","","","","2026-07-06T04:35:26.221Z",""
"BUDDY","8vVCeKgvi8GGQMeEatH4vwJSkdJCM5rQohWUgaPgpump","","","","","","","","","","","","","","","","","","","","","0.000002298","","","","","","2026-07-06T04:36:23.256Z",""
"PVE","E3QuSJYpEsacBqE2n23dQrmCHeUggZzyr7xLxhAYpump","65","5","","","","","","","","","","","","","0.000002258","","","","","","","2026-07-06T04:36:24.219Z","","","","","",""
"BUDDY","e6KQ9m9o3pcMfJeiLFV1t2WvhJhBRKWa1mpsLetpump","","","","","","","","","","","","","","","","","","","","","0.000002299","","","","","","2026-07-06T04:37:22.258Z",""
"BUDDY","3V1U44jf2CL7iuuCaBg8D9K1iWMabMwk1aS3P5iGpump","","","","","","","","","","","","","","","","","","","","","0.000002316","","","","","","2026-07-06T04:38:23.256Z",""
"bamboza","DEu8jx98Dsu4xvZBfc8UqU9CDtjKBCUU1JeyGwGdpump","","","","","","","","","","","","","","","","","","","","","3.914e-7","","","","","","2026-07-06T04:38:24.232Z",""
"BUDDY","8g2HBoVgG3NqaYr5n4xY13XbBnELWcANmqY45jSZpump","","","","","","","","","","","","","","","","","","","","","0.00000232","","","","","","2026-07-06T04:39:23.220Z",""
"PVE","9Lvm5pJkicLq8k8ZQbngw9W5xe1SU5e5zUodsqbpump","66","2.962962961","","","","","","","","","","","","","0.000002262","","","","","","","2026-07-06T04:39:24.263Z","","","","","",""
"Manlet","87TKCUrzyGsreqga4MombZjBFbGuUqE4qwKSbW9Apump","70","2.864197529","","","","","","","","","","","","","0.000002261","","","","","","","2026-07-06T04:40:25.222Z","","","","","",""
"CRYPTOK","iJPUFLvLLoUKqBYX7ZmL8mEv7Lxsm43XBGMArmhpump","99","16.790123455","","","","","","","","","","","","","0.000005455","","","","","","","2026-07-06T04:40:26.297Z","","","","","",""
"KOTON","4xXaMBrvsR2iiPzUH5mcsgU16JwN3sAMikv32PYSpump","","","","","","","","","","","","","","","","","","","","","0.000002339","","","","","","2026-07-06T04:40:27.262Z",""
"RT","C1Jc6Z4ypnCzG8AWNU8idCoGGFjiHYcFz3Sbbyd3pump","","","","","","","","","","","","","","","","","","","","","0.000002262","","","","","","2026-07-06T04:40:28.230Z",""
"LEVI","A2Z7Zoc6Bmg72Uaivmcr4hFVtiba74Kv6xpsTs3pump","79","4.888888884","","","","","","","","","","","","","0.000003728","","","","","","","2026-07-06T04:41:22.225Z","","","","","",""
"BattleBus","BrK8YKHkjJBLbUaKaM8N19PWnyPLsoabvNheupDypump","69","2.65","","","","","","","","","","","","","0.000002462","","","","","","","2026-07-06T04:42:24.223Z","","","","","",""
"BUDDY","C5TXpcg2uaM2y6fiAXkcvdgBQgxq4bW2B7dmaivGpump","","","","","","","","","","","","","","","","","","","","","0.000002308","","","","","","2026-07-06T04:42:25.253Z",""
"Dreamcore","QazHBukmMkf5fi8XMfqvaANWsGTw8LWZzhLbYVwpump","79","4.938271603","","","","","","","","","","","","","0.00000515","","","","","","","2026-07-06T04:42:26.252Z","","","","","",""
"Marie","6xphnAbnicMHwAWiPRXsF1k88LSQfFxQrsVcaNHgpump","99","9.876543208","","","","","","","","","","","","","0.00001804","","","","","","","2026-07-06T04:43:22.200Z","","","","","",""
"MIIB","4u2qyZuPeHDmTwkkqfwHErrRqQP5k1tSUhWQXrvapump","66","2.962962961","","","","","","","","","","","","","0.000004155","","","","","","","2026-07-06T04:44:25.212Z","","","","","",""
"MAB","B7xEXN89NtReVYkJefSm1JbLVp7o6rj8yW7bKCscpump","72","5","","","","","","","","","","","","","0.000002263","","","","","","","2026-07-06T04:44:26.207Z","","","","","",""
"MIB","2Ltt6168XCm67ZyMYHXcmr1TofXo2tdZeX6y8UJKNfRM","71","2.97","","","","","","","","","","","","","0.000002263","","","","","","","2026-07-06T04:44:27.205Z","","","","","",""
"MIB","2mz9CTbteRwujbQxr9wwR3Mji3rmXE6V6ymFEGPzpump","92","5","","","","","","","","","","","","","0.000002818","","","","","","","2026-07-06T04:44:28.219Z","","","","","",""
"MIB","8JVynzN7bX73arNZrT6iWs3HqFSD5v8hyMPynFPDGcnK","69","7","","","","","","","","","","","","","0.000002596","","","","","","","2026-07-06T04:45:25.213Z","","","","","",""
"MIB","Ctn3LqSkRE7uzkxrhThnNbgRWR9GMEEqv61mtZUEpump","71","2.962962961","","","","","","","","","","","","","0.000002261","","","","","","","2026-07-06T04:45:26.214Z","","","","","",""
"Fuckcoin","Hw429vJq1nid6LPVpJm89aHJPopkygx4yvxyhRz3pump","69","2.65","","","","","","","","","","","","","0.000002263","","","","","","","2026-07-06T04:45:27.233Z","","","","","",""
"wbwh","7uhYgqV1vW9FNbAULZof89iKLZszUmrcQdVgwbMXpump","","","","","","","","","","","","","","","","","","","","","3.916e-7","","","","","","2026-07-06T04:45:28.368Z",""
"memecoins","7SRTPZFV9ZmhHUwhncLMoY9DK7qBcdQkSwYS23AYpump","70","5","","","","","","","","","","","","","0.000002263","","","","","","","2026-07-06T04:47:23.371Z","","","","","",""
"BS","F1dsMtv726irajWmc82JcbUna7vQYLqkGy8dKqSppump","71","3.000000001","","","","","","","","","","","","","0.000002739","","","","","","","2026-07-06T04:47:24.224Z","","","","","",""
"WIF","D8VidDjD5Dg9NgRo7twrbtf5BMcKL5wYRwwY8P4UJRGq","","","","","","","","","","","","","","","","","","","","","0.000002261","","","","","","2026-07-06T04:48:23.187Z",""
"HOBBES","B3QmK5oLLYxN63MNUvwf9BTan2g5yZAgXTiSiSs2pump","66","2.962962961","","","","","","","","","","","","","0.000002267","","","","","","","2026-07-06T04:48:24.205Z","","","","","",""
"TikTok","9H3XTvFe1RY2dc8ZUsi3r1c2rH2HfxRX1e1oT9Sypump","69","2.65","","","","","","","","","","","","","0.000002261","","","","","","","2026-07-06T04:49:23.193Z","","","","","",""
"WIF","HZii9B36E1duef3PcLFVYM2EHUN3KbMY4Qrk18HLjosV","","","","","","","","","","","","","","","","","","","","","0.000002261","","","","","","2026-07-06T04:49:24.222Z",""
"HOBBES","FkC4dvtPBvypGx2poUKSNrAMfNLZkxHT2suNDxirpump","87","3","","","","","","","","","","","","","0.000002641","","","","","","","2026-07-06T04:50:22.229Z","","","","","",""
"AnsemX","2C1BmTu2VXGFrZiRJ7jjPYepwL5qAH3QNjyLc9BZpump","68","2.469135801","","","","","","","","","","","","","0.000002262","","","","","","","2026-07-06T04:51:22.259Z","","","","","",""
"bamboza","FNdViuNLVQCM5oJiEwzVa6sH4RWXC5ev7ebj77Fbpump","","","","","","","","","","","","","","","","","","","","","4.784e-8","","","","","","2026-07-06T04:52:23.232Z",""
"MMB","46a4VtuftWy44hss9RWE1NFh4QzXQQZt7jCZmkNRhgi8","","","","","","","","","","","","","","","","","","","","","0.000002262","","","","","","2026-07-06T04:52:24.248Z",""
"Testiclesguy","7vGiPATKuQox2Ddkays1xq8SGXqNkiAkDKFy6QFJpump","69","2.65","","","","","","","","","","","","","0.000002354","","","","","","","2026-07-06T04:53:23.192Z","","","","","",""
"M.I.B","GnT3xZjsNDrmvKGRY1qrrDuhZHgHZ6wz4k4peZvopump","68","2.469135801","","","","","","","","","","","","","0.000007857","","","","","","","2026-07-06T04:53:24.197Z","","","","","",""
"KOTON","DMeZvaXrBJDmuk9Q4Q4EXNULwvmeBfgN1W4xwwjBpump","","","","","","","","","","","","","","","","","","","","","0.000002328","","","","","","2026-07-06T04:54:22.198Z",""
"Kurumi","GhirLTtELMRBtKdMpTQTbrmpFNbCYoTmf6V9KnMopump","69","2.65","","","","","","","","","","","","","0.000003051","","","","","","","2026-07-06T04:55:23.276Z","","","","","",""
"KOTON","FiRSsdwJ9uhae2sEuXihoBh8ifkAyMNPrHRxvLQ5pump","","","","","","","","","","","","","","","","","","","","","0.000002324","","","","","","2026-07-06T04:55:24.192Z",""
"CLAWDCOIN","EoUsuWRdVhcHSUUtUGRULt6bvwbMNTp7XTNoKEAqpump","69","2.65","","","","","","","","","","","","","0.000002262","","","","0.000002262","","","2026-07-06T04:57:24.192Z","","","","2026-07-06T05:00:21.301Z","",""
"Mayhem R","85RkVqn22N2A1H7cufwYnFsxysT217Z6h37KcznLpump","","","","","","","","","","","","","","","","","","","","","0.00000129","","","","","","2026-07-06T04:57:25.198Z",""
"KOTON","L6TDBAYCbsBqVWNVNFc4JH1KveebFKRKBCfkCoypump","","","","","","","","","","","","","","","","","","","","","0.000002307","","","","","","2026-07-06T04:57:26.209Z",""
"TRUMP","C3p3x9qBR73Gguza6kRKR8FKmKAqVcac78bVXK81RgfW","","","","","","","","","","","","","","","","","","","","","0.000002262","","","","","","2026-07-06T04:58:23.260Z",""
"KOTON","EHxDVxind6KrwHwoSbCuapzQEEaE5VyawU3BogSDpump","","","","","","","","","","","","","","","","","","","","","0.000002318","","","","","","2026-07-06T04:58:24.191Z",""
"KOTON","D9roLw6RdJ4fisQBfqo639H6nGCcWTcgP1CcE6EWpump","","","","","","","","","","","","","","","","","","","","","0.000003022","","","","","","2026-07-06T05:00:22.039Z",""
"sneko","DDzgcgHnutjJsWWjzA7reVbwco3UtUiPmyawoYdnpump","85","10","","","","","","","","","","","","","0.00001265","","","","0.00001166","","","2026-07-06T05:01:24.212Z","","","","2026-07-06T05:04:21.428Z","",""
"BUDDY","9Ho7t9e6VRy2BMuFeq1KHKCE4zMH6V93437dmh4Ppump","87","14.814814813","","","","","","","","","","","","","0.000008967","","","","","","0.000002436","2026-07-06T05:01:25.238Z","","","","","2026-07-06T05:03:21.275Z",""
"ZHAO","3RUEGisyzJPKqx2qcdae32pneDLyWu94V932MiQApump","69","2.65","","","","","","","","","","","","","0.000002259","","","","","","","2026-07-06T05:01:26.197Z","","","","","",""
"Mayhem R","6VAggJVDxrg7XNCxwvkJckukGhKsRF1gR2UrRHdbpump","","","","","","","","","","","","","","","","","","","","","6.41e-7","","","","","","2026-07-06T05:02:23.684Z",""
"sneakuo","BQyHSt9rRdy5tBxaC7NwvLYypzbGyG9UsWeTCzGbpump","86","3","","","","","","","","","","","","","0.000002425","","","","","","","2026-07-06T05:02:24.174Z","","","","","",""
"UB","GNuHtWs3v1eEqp9qBoNTufa5APipNDv9HPYZZLaMpump","","","","","","","","","","","","","","","","","","","","","4.996e-7","","","","","","2026-07-06T05:02:25.311Z",""
"SNEAKO","9QTGHCKv7b5RCtHuUUWHJVgrLCCNAby6Jwy1SoPfpump","85","0.493827159","","","","","","","","","","","","","0.00000238","","","","","","","2026-07-06T05:03:22.300Z","","","","","",""
"BUDDY","BMa7rPo6REQkhFSLrp1mLusfLY3vkt8PvHNeN2mQpump","","","","","","","","","","","","","","","","","","","","","0.00000231","","","","","","2026-07-06T05:04:22.183Z",""
"BELLY","DBsDs7X5iQxVhWZWmQxXKXdkaapxfKJasNtXcTMupump","71","3","","","","","","","","","","","","","0.000002266","","","","","","","2026-07-06T05:05:25.314Z","","","","","",""
"biscuit","DFtBQzkxSioKXc8fu8yvQ2dQkHD8ZchomtymSWsjpump","69","2.65","","","","","","","","","","","","","0.000002258","","","","","","","2026-07-06T05:05:26.204Z","","","","","",""
"SNEAKO","H7e66jumwTveiYk81wdNEejHxErzX7GLKhtEa21Gpump","79","0.740740739","","","","","","","","","","","","","0.000002336","","","","","","","2026-07-06T05:05:27.225Z","","","","","",""
"BUDDY","3GgfePAfLm4kFrZqP9cNFx3WwSQ8zXXZ9KcP8ADspump","","","","","","","","","","","","","","","","","","","","","0.000002299","","","","","","2026-07-06T05:05:28.219Z",""
"NOLA","BjTCTjrzkaHmDnPanDKhL4VzR6CrDC8m2XfBwyJapump","90","2.999999999","","","","","","","","","","","","","0.000009837","","","","","","","2026-07-06T05:07:23.191Z","","","","","",""
"菲比啾比","77dyZqSARLNw74WhBSju9m2mfr2EYhHues6bStswpump","69","2.65","","","","","","","","","","","","","0.000002256","","","","","","","2026-07-06T05:07:24.189Z","","","","","",""
"龙图","A7knMW6iX2vg7KusMAiEcQk5rLGaSAqS1peg9cMRpump","69","2.65","","","","","","","","","","","","","0.000002252","","","","","","","2026-07-06T05:09:22.217Z","","","","","",""
"aura2","88ysMSejYudR67Eb8TqECTeK7DZZCZc8qj1C2EKZpump","80","2.962962961","","","","","","","","","","","","","0.000002362","","","","","","","2026-07-06T05:10:25.182Z","","","","","",""
"ascend","6YzxK8q6uVp8bBpYtCW7gVLPKehrpTp5pwJEXv7dpump","77","2.962962961","","","","","","","","","","","","","0.00000226","","","","","","","2026-07-06T05:10:26.209Z","","","","","",""
"BULL","2RmhUgK55vFLSRjVm1rUfjdLQ3fQaycQcXEzvfQ6dWTF","95","23.748","","","","","","","","","","","","","0.000009268","","","","","","","2026-07-06T05:11:21.298Z","","","","","",""
"波子","6fPWryxYYDN9n9Ra1P62tKoHhwc1GDFteVdfU5FXpump","69","2.65","","","","","","","","","","","","","0.000002256","","","","0.000002256","","","2026-07-06T05:12:22.226Z","","","","2026-07-06T05:15:21.224Z","",""
"HAALAND","AWybZ87xFbtg9jJZMEurRMnV9pd2fd7p1uv7pJTZpump","82","7.901234566","","","","","","","","","","","","","0.000003613","","","","0.000002259","","","2026-07-06T05:13:22.198Z","","","","2026-07-06T05:16:21.302Z","",""
"KOTON","iziZQFWGsGsramSkjpTfGYjP6bUXWsSDQrxHQHSpump","76","12.729758023","","","","","","","","","","","","","0.00001424","","","","","","","2026-07-06T05:14:22.207Z","","","","","",""
"MIB","2zjQD3TzMQ1a3xJmLREhrFEasHLTLWsKGBRv6scspump","80","6.913580245","","","","","","","","","","","","","0.000005983","","","","0.000003753","","","2026-07-06T05:15:23.180Z","","","","2026-07-06T05:18:21.254Z","",""
"Bull","Dtatc5ZvUWtGg9Uxcvmnna5i3ghpqxuV6CHVU283pump","88","14.22222222","","","","","","","","","","","","","0.000002994","","","","","","0.000002409","2026-07-06T05:15:24.282Z","","","","","2026-07-06T05:17:21.407Z",""
"Runner","8P6fhKQjMZX4qjxoYgpYgDACjzWAADbMzMk2mbWGpump","66","3.950617282","","","","","","","","","","","","","0.000002255","","","","","","","2026-07-06T05:16:22.262Z","","","","","",""
"螺丝钉","FwUyg1A8xd7tyWQswYcjwxKTXD1qU1NTZR9g99cEpump","69","2.65","","","","","","","","","","","","","0.000002257","","","","","","","2026-07-06T05:17:22.225Z","","","","","",""
"s","FWbdv9yNdmTwbo3ZHnsTNEvFDGmwYpkwDCyBvaxfpump","85","10","","","","","","","","","","","","","0.00001471","","","","","","","2026-07-06T05:19:22.184Z","","","","","",""
"FOREVER","2jLMWmgKjnQ3LVrv9qvz1G7i1nR2QuxhrC693ofkpump","69","2.65","","","","","","","","","","","","","0.000002253","","","","","","","2026-07-06T05:20:22.173Z","","","","","",""
"B","DBgTZ2gk7MYRbvG6nLgSd3MqUEYeuK5siPxhWWj6pump","80","7","","","","","","","","","","","","","0.00000554","","","","","","","2026-07-06T05:21:22.218Z","","","","","",""
"Chihuahua","Beutok86DZTVeC5wujDMmqp1piWXzjjLqqdA7feTpump","76","4.000000001","","","","","","","","","","","","","0.000007082","","","","","","","2026-07-06T05:22:22.279Z","","","","","",""
"Z","JoLDmEk5fCP5wfpMknN54QohYGRNETBYaNQHSjVpump","90","2.999999999","","","","","","","","","","","","","0.00001113","","","","","","","2026-07-06T05:23:22.273Z","","","","","",""
"POLYS","6Y5MJrHtovDu9nhfFwujHoWfHa4qxXKaRvXBp6hCpump","79","4.938271603","","","","","","","","","","","","","0.000002274","","","","","","","2026-07-06T05:25:23.171Z","","","","","",""
"Mundave","6hvuzjpxK8ZyKXoUPBJFbPxCWsLCp5ivyoWK7GtUpump","69","2.65","","","","","","","","","","","","","0.000002251","","","","","","","2026-07-06T05:25:24.162Z","","","","","",""
"Tootsie","3axD5s1n1F5uzLJf9gzZYzM8JKXJK1bjSU5apws3pump","69","2.65","","","","","","","","","","","","","0.000002244","","","","0.000002244","","0.000002244","2026-07-06T05:29:23.192Z","","","","2026-07-06T05:32:21.233Z","2026-07-06T05:33:21.291Z",""
"Aurum+","5iWVGLQkAhPCn4sSfU7ZKuYcxUXQ77R7D4Pcj45Npump","","","","","","","","","","","","","","","","","","","","","2.699e-7","","","","","","2026-07-06T05:29:24.172Z",""
"汉堡","BXQ9dYMSQaq9uC6YYSzdJkQAkHVspj3RwDcVETBCpump","69","2.65","","","","","","","","","","","","","0.000002244","","","","0.000002244","","","2026-07-06T05:34:24.189Z","","","","2026-07-06T05:37:21.288Z","",""
"Woodusky","9w1GMH5hYLPfiV4F5EjzCvZChefiDRwpHTkfHNK2pump","79","0.060000001","","","","","","","","","","","","","0.000003014","","","","","","2.747e-7","2026-07-06T05:34:25.160Z","","","","","2026-07-06T05:35:21.306Z",""
"SON","E65qNMLdfeyvdu44zZ6eTeb2wvrD9VuLszddBSezpump","95","34.567901233","","","","","","","","","","","","","0.00001315","0.00002249","","","","","","2026-07-06T05:34:26.162Z","2026-07-06T05:37:21.366Z","","","","",""
"Haaland","FrhcQn2xpRRWN5oU25mxDcMaq7YgJjydD3F8fzyJpump","71","3.083247688","","","","","","","","","","","","","0.000003966","","","","0.000003727","","","2026-07-06T05:35:22.257Z","","","","2026-07-06T05:38:21.412Z","",""
"takopi","3FouCv8cCnPNzBSNMvwn5JWFsCvJ9wq7S9rFZJEcpump","69","2.65","","","","","","","","","","","","","0.000002258","","","","0.000002372","","0.000002372","2026-07-06T05:38:23.152Z","","","","2026-07-06T05:43:21.282Z","2026-07-06T05:43:21.255Z",""
"Fuma","DKFcC5TddPKCz5tpwD7voyiosvGSzfRcb1qZWd2Upump","69","2.65","","","","","","","","","","","","","0.000002294","","","","0.00000225","","","2026-07-06T05:40:22.581Z","","","","2026-07-06T05:43:21.185Z","",""
"OORA","HgrP5HT2tPHLZZcKaXjRHJAJeskvRfFyZi5YhpJcpump","74","2.962962961","","","","","","","","","","","","","0.000006055","","","","0.000002378","","0.000002378","2026-07-06T05:40:23.154Z","","","","2026-07-06T05:43:21.229Z","2026-07-06T05:45:21.281Z",""
"Mayhem R","612LyupxxLec6Mx5zA4tZ54xbWWB7joiGAMQjShTpump","","","","","","","","","","","","","","","","","","","","","3.582e-7","","","","","","2026-07-06T05:44:22.143Z",""
"Hun-hun","8J64K9N4TRFNgSVCWGMbWoxLrws1fMUgkhZDqv7opump","69","2.65","","","","","","","","","","","","","0.000002251","","","","0.000002251","","","2026-07-06T05:45:23.152Z","","","","2026-07-06T05:48:21.293Z","",""
"Zeno","8NSSq8AVfN8QYBmhJ4AnHegK4Ask8MGQ89MRFKF8pump","79","4.938271603","","","","","","","","","","","","","0.00001354","","","","0.000005665","","","2026-07-06T05:45:24.176Z","","","","2026-07-06T05:48:21.219Z","",""
"DFISH","6fTWRyHjqgbZ4Etgoiw9wYgo5CLproTKW2vWeQvjpump","79","4.938271603","","","","","","","","","","","","","0.000005185","","","","0.00000235","","","2026-07-06T05:47:22.140Z","","","","2026-07-06T05:50:21.253Z","",""
"Tendies","9wZSaS5T4sc6k5SwRFcsheNrEP9cC1nGdBpSbJEWpump","69","2.65","","","","","","","","","","","","","0.000002249","","","","0.000002249","","","2026-07-06T05:50:22.160Z","","","","2026-07-06T05:53:21.331Z","",""
"bamboza","5roGnETdwjZzW2SyUa4AvvWrsKCXjgzVAY4JXGHLpump","","","","","","","","","","","","","","","","","","","","","8.153e-7","","","","","","2026-07-06T05:52:22.130Z",""
"BULLFLAG","DgPJgv5fMAPWu3YhMLGsakthrmH6RYPmNoXbHgFpump","71","2.962962961","","","","","","","","","","","","","0.000002449","","","","0.000002306","","","2026-07-06T05:55:22.149Z","","","","2026-07-06T05:58:21.275Z","",""
"POST","DEmHze2fju1r1nBtScFGHnbA2NMF1879KMyFMLo9pump","71","3.950617282","","","","","","","","","","","","","0.000006626","","","","0.000002296","","","2026-07-06T05:57:22.148Z","","","","2026-07-06T06:00:21.259Z","",""
"REIGN","XXXDtxdHMBythaWdvk8i5fkgjS2ZcZkDN6JNZjEYWcA","71","4","","","","","","","","","","","","","0.000002273","","","","","","","2026-07-06T06:01:21.832Z","","","","","",""
"Mayhem R","CtgbzJCgRSt1VvfG57QL1PDUP6canzov28rwAx6Ypump","","","","","","","","","","","","","","","","","","","","","2.134e-8","","","","","","2026-07-06T06:02:22.131Z",""
"DOGE","4xFrEX2NjQBrP3ipXB5EV7JNmenTuu6TPWVLqoFupump","66","3","","","","","","","","","","","","","0.000003838","","","","0.000002296","","0.000002296","2026-07-06T06:03:22.332Z","","","","2026-07-06T06:07:21.346Z","2026-07-06T06:07:21.320Z",""
"pocky","Da8NLY8fxKhtE3yFbqm7egz82cew4oCDNDVRztRrGVWh","65","7","","","","","","","","","","","","","0.00000235","","","","","","","2026-07-06T06:04:23.126Z","","","","","",""
"PLUG","4quyFczF252UNsRw2EzYzQFYUJH1imiDDYowf48cpump","","","","","","","","","","","","","","","","","","","","","0.000005794","","","","","","2026-07-06T06:04:24.232Z",""
"GRIMLON","BJMN4zQjjpKxceEtiS4TbHGb4JM7BMcHS675LWjupump","71","2.962962961","","","","","","","","","","","","","0.00000225","","","","","","","2026-07-06T06:05:22.125Z","","","","","",""
"bamboza","AX4g3RtPizBHWrGdXfHhtNvUN5AH8i7GT1wicPCWpump","","","","","","","","","","","","","","","","","","","","","2.047e-7","","","","","","2026-07-06T06:06:24.289Z",""
"GABE","EistzNx3ZC7fcGvR4vH5ywTjehna97usd9EUWzdMpump","71","3","","","","","","","","","","","","","0.000002292","","","","0.000002247","","","2026-07-06T06:06:25.136Z","","","","2026-07-06T06:09:21.341Z","",""
"fuckssssss","4V7ySLKSPVTEjoqdBXiPd8iEXZwVfXB1mXNrZjMRpump","","","","","","","","","","","","","","","","","","","","","2.806e-7","","","","","","2026-07-06T06:08:22.160Z",""
"Alon","ZLXEeUDXWnFY8G5B8APtjawmWEACKhGstjMFXU8pump","86","2.962962961","","","","","","","","","","","","","0.000003115","","","","","","","2026-07-06T06:09:22.149Z","","","","","",""
"Woodusky","J576Je7iT2vaUrigd7dcchdokWAWB1LM68G8mscTpump","","","","","","","","","","","","","","","","","","","","","0.000001986","","","","","","2026-07-06T06:10:24.199Z",""
"UB","HNpMukZzksiyuG55xZG51anRTmPGH1Qty3VVnkwEpump","","","","","","","","","","","","","","","","","","","","","3.202e-7","","","","","","2026-07-06T06:10:25.144Z",""
"Alon","6rdWDFmwxRY7RPJaQvnWvxBq1X3SzkWxZ62vYES8pump","66","2.25","","","","","","","","","","","","","0.000002291","","","","","","","2026-07-06T06:10:26.135Z","","","","","",""
"bamboza","FiDZJuqHBafwgofZnxT1rFmf6uNHjBsuHqNbKf94pump","","","","","","","","","","","","","","","","","","","","","1.744e-7","","","","","","2026-07-06T06:14:22.133Z",""
"Aurum+","3Y8KBbGcCrWvpjf6VbaarnDgz1ZaQ4BuzZGmBMWtpump","","","","","","","","","","","","","","","","","","","","","4.491e-7","","","","","","2026-07-06T06:16:22.120Z",""
"EP","56oEHD6eyTShYTNVqA7YJmDQPrwgjGQrTKBLfR8xpump","","","","","","","","","","","","","","","","","","","","","5.383e-7","","","","","","2026-07-06T06:19:22.203Z",""
"KOTON","8ad3r4XWzCrXU5RYuaZeVyNuCaUijJDB2RgYeDerpump","","","","","","","","","","","","","","","","","","","","","0.000002316","","","","","","2026-07-06T06:20:21.915Z",""
"KOTON","AtxYprB8kL5DrhNschkKyiZo2UtNz975ouSH7Tkepump","81","12.729758023","","","","","","","","","","","","","0.00001055","","","","","","","2026-07-06T06:22:22.216Z","","","","","",""
"BLKN","8EeMM8euE2ysA1JorBtoJceU9yetUG3BvQW9xALypump","66","3.000000001","","","","","","","","","","","","","0.000002737","","","","","","","2026-07-06T06:25:22.126Z","","","","","",""
"KOTON","DTpg8z6r11GAbECmgSJinWxjnaEd3CFHDdz1Dg1Apump","","","","","","","","","","","","","","","","","","","","","0.000002305","","","","","","2026-07-06T06:28:22.129Z",""
"KOTON","7zuZDzBPsmY3vKViDdf9QoAo8K3tpLTZUjKcARDxpump","","","","","","","","","","","","","","","","","","","","","0.00001149","","","","","","2026-07-06T06:30:23.132Z",""
"ROPEFORSNOXY","ZmJsSTDzrTcaYSegiGgQZwhK7vScEdxBNeeXqv4pump","78","5","","","","","","","","","","","","","0.000002247","","","","","","","2026-07-06T06:30:24.127Z","","","","","",""
"frank","GpiCpLHkLHyvwqjK7Y4RYQTnWh9YuDirZTKKfmNapump","79","4.938271603","","","","","","","","","","","","","0.000002384","","","","","","","2026-07-06T06:31:22.144Z","","","","","",""
"KOTON","47Qy3bJejAqBPk8SAYLjstMMtB52C9ySY2s64qrupump","77","10.754457282","","","","","","","","","","","","","0.000005625","","","","","","0.000002317","2026-07-06T06:33:23.178Z","","","","","2026-07-06T06:35:21.174Z",""
"帝王鹤","H7JFkMCTKFyz2t7sY85qmKv2v2vrwDU8McYr7dUGpump","71","2.962962961","","","","","","","","","","","","","0.000002321","0.000002582","","","","","","2026-07-06T06:33:24.124Z","2026-07-06T06:38:21.164Z","","","","",""
"Samourai","62sxoJCTcyCJ21iiAauon1cgqDRhxQjRQLz38TNFpump","70","2.900000001","","","","","","","","","","","","","0.000008256","0.000009351","","","","","","2026-07-06T06:35:22.136Z","2026-07-06T06:38:21.225Z","","","","",""
"Manga","Asgcju1jHsbZRJYQWrw89BV4bzTSoP5GkecfAF46pump","","","","","","","","","","","","","","","","","","","","","0.000002288","","","","","","2026-07-06T06:36:22.178Z",""
"Manga","cLiMrZtk8n61kJkhH8bwENDokrBLNQtszTaKK6Xpump","90","14.814814813","","","","","","","","","","","","","0.00002027","","","","","","0.000002375","2026-07-06T06:37:23.282Z","","","","","2026-07-06T06:38:21.253Z",""
"KOTON","81KNZrfpUerJLWxSMtSRd9xA1nnFuuMmhAHReUr3pump","75","9.76679506","","59.963","","","","","-11.668107173725142","","","","","","0.00001874","0.00002314","","","0.00002044","","","2026-07-06T06:37:24.156Z","2026-07-06T06:40:21.249Z","","","2026-07-06T06:41:21.212Z","",""
"Manga","2iDARNWv6GrrrANkA9RiPv7DdkR48VmtCwvxvzropump","","","","","","","","","","","","","","","","","","","","","0.000002296","","","","","","2026-07-06T06:40:22.180Z",""
"Manga","22Td2g947PHtRMH6N1ZqL6TZzVGpzYRfoH17vTcjpump","","","","","","","","","","","","","","","","","","","","","0.000002366","","","","","","2026-07-06T06:41:22.117Z",""
"Manga","71MmcskqWWP14MrAVUPEd3WfVz5HopNiygBqr8e3pump","","","","","","","","","","","","","","","","","","","","","0.000002298","","","","","","2026-07-06T06:42:23.777Z",""
"justin","6CgjVWYnMHxwQbdErX97hY7YbTEk2sbPDAAjoNDDpump","79","4.938271603","","","","","","","","","","","","","0.00000248","","","","0.000002329","","0.000002329","2026-07-06T06:42:24.302Z","","","","2026-07-06T06:46:21.299Z","2026-07-06T06:46:21.276Z",""
"Manga","9PFsFnAULc8sUABHZxwPGoX4D3Fmhw3ztqDBaoTUpump","86","14.814814813","","","","","","","","","","","","","0.00002046","","","","","","0.00000237","2026-07-06T06:42:25.150Z","","","","","2026-07-06T06:43:21.229Z",""
"荒天蛙","8QUMB5HtCkNapLgcStRVkFEqswYLAGD5GbQtwcaUpump","71","3","","","","","","","","","","","","","0.00000272","0.00000272","","","","","","2026-07-06T06:43:23.162Z","2026-07-06T06:46:21.179Z","","","","",""
"Dam","DAKpcVAAN14P5GWjvurqZuiBVQx6wzZEHSobvtpspump","82","10","","","","","","","","","","","","","0.000006671","","","","0.000003436","","0.000003436","2026-07-06T06:43:24.133Z","","","","2026-07-06T06:46:21.233Z","2026-07-06T06:46:21.206Z",""
"Ploddy","HiXKLMnuYeT6ofiLU2h3BRkT3mSCr6RVz1MKobYepump","68","2.500000001","","","","","","","","","","","","","0.000002895","0.000003294","","","","","","2026-07-06T06:45:23.129Z","2026-07-06T06:50:21.364Z","","","","",""
"Manga","FJN7Ng163YyqH7AwafwevtdPaBYZzXj4R1bw2uSnpump","","","","","","","","","","","","","","","","","","","","","0.000002297","","","","","","2026-07-06T06:45:24.113Z",""
"Manga","93ZpQgD1oAehsd15Vnkogowyf1wtVFfvkb4HHsAzpump","","","","","","","","","","","","","","","","","","","","","0.000002318","","","","","","2026-07-06T06:46:22.198Z",""
"3","7BcdwaopFmuccJMwc3E9P7DwqCVKXisJkBMgbNsipump","99","2.498738011","","","","","","","","","","","","","0.000005386","","","","","","","2026-07-06T06:47:23.338Z","","","","","",""
"Manga","EgzyQzF7qLySR4Mmf2TJksF3Y71vwNjPQgg5UZNxpump","","","","","","","","","","","","","","","","","","","","","0.000002375","","","","","","2026-07-06T06:47:23.624Z",""
"Manga","4L8DvB2aEgr5XZz4JFxo4H1gw5FMp2p99wvc5ofdpump","","","","","","","","","","","","","","","","","","","","","0.000002302","","","","","","2026-07-06T06:48:22.225Z",""
"Manga","28PYc2BJ9wnVYAQQvKgz1UwCoNL3ywfjH7tFFJb4pump","","","","","","","","","","","","","","","","","","","","","0.000002298","","","","","","2026-07-06T06:49:23.209Z",""
"帝王鹤","GRes24Azfmu6KAefoXTtrrQnHTjKL563hvUARyMopump","66","2.962962961","","","","","","","","","","","","","0.000002407","","","","","","","2026-07-06T06:49:24.138Z","","","","","",""
"登天蛙","4JiZeNBBxfoJUV3ZJct9gxph38uP53pVj42sczD5pump","66","3","","","","","","","","","","","","","0.000002689","","","","0.000002245","","","2026-07-06T06:50:23.125Z","","","","2026-07-06T06:54:21.407Z","",""
"Manga","F1o1FQDUnUtqbhSHoMqbStnApo6TqnPTeL7in6trpump","","","","","","","","","","","","","","","","","","","","","0.000002287","","","","","","2026-07-06T06:50:24.123Z",""
"glowcat","f1WHtkSzDEoFDrtZmmiYbE6zTn3UwrCRdDAUpQ8pump","75","5","","119.991","","","","","-38.27130852340937","","","","","","0.000004656","0.00000833","","","0.000005142","","","2026-07-06T06:51:23.106Z","2026-07-06T06:54:21.235Z","","","2026-07-06T06:56:21.226Z","",""
"Manga","7Nzrbj43d3ADUpJdJ9Qkxt1xrbXesqhCBU6jLtkspump","","","","","","","","","","","","","","","","","","","","","0.000002343","","","","","","2026-07-06T06:51:24.109Z",""
"SCROLL","CFhHYgwRq7HNNmuPcGD8yhBp4MGVvDLdeGJxt1xfpump","66","2.277","","","","","","","","","","","","","0.00000276","0.000004142","","","","","","2026-07-06T06:52:22.122Z","2026-07-06T06:57:21.238Z","","","","",""
"Manga","Ahdb95aRjSna1J3T6mg7fjQ9W4wpsLyiF2ovkcQKpump","82","14.814814813","","","","","","","","","","","","","0.000005389","","","","","","0.000002441","2026-07-06T06:53:23.160Z","","","","","2026-07-06T06:54:21.263Z",""
"Manga","3C13VnAwESbR9XPryQbRGDvxYg1f2KQ2UVC3whG3pump","","","","","","","","","","","","","","","","","","","","","0.000002298","","","","","","2026-07-06T06:53:24.097Z",""
"帝王鹤","2sZ57LGh6Z3Zr1wbkgz9pLbvGghZGDxK8yPxdox2pump","71","2.962962961","","","","","","","","","","","","","0.000002251","","","","0.000002246","","","2026-07-06T06:56:24.111Z","","","","2026-07-06T07:01:21.297Z","",""
"FACEPEEL","7z2xwVnmRf5j6B1U7CUzo7p494vXSNifArck9tutpump","74","3.753086418","","","","","","","","","","","","","0.000004969","0.000007623","","","","","","2026-07-06T06:56:25.133Z","2026-07-06T06:59:21.249Z","","","","",""
"BLACK","Ef7K48PHxfWT3BcWq71tbCghxu2hDmtDyeGpYEYBpump","75","4.938271603","","","","","","","","","","","","","0.00000235","","","","0.000002245","","","2026-07-06T06:56:26.108Z","","","","2026-07-06T07:00:21.266Z","",""
"SUPPLYLESS","2r16GJxLLsDazETrudgyPjpwVgfusSAVLxahaYoupump","71","2.962962961","","","","","","","","","","","","","0.000004264","0.000005001","","","","","","2026-07-06T07:01:22.228Z","2026-07-06T07:04:21.241Z","","","","",""
"OLIVER","EWYZfnboEJzMYAQtpFSFAgsoRh5wdf7WnWZRv3uGpump","71","3.127","","","","","","","","","","","","","0.000004816","0.000006494","","","","","","2026-07-06T07:17:22.412Z","2026-07-06T07:20:21.164Z","","","","",""
"Chihuahua","FSgf5tNypxTmj6tvaMGZRP2xjAfu394dwAURGXhpump","71","4.000000001","","","","","","","","","","","","","0.000005937","","","","","","","2026-07-06T07:19:22.131Z","","","","","",""
"GROKLET","4Vwa5whnpMCTEzx87SzMZtMsUK9FWpBezCJjPKaBpump","68","2.567901233","","","","","","","","","","","","","0.000002671","0.000005055","","","","","","2026-07-06T07:24:21.256Z","2026-07-06T07:26:21.167Z","","","","",""
"鱼","A4MpcXyVL7PZQkaYNZyXUcUFpFijWzUPn3orXbeopump","91","14.814814813","","","","","","","","","","","","","0.000005696","","","","0.000003182","","0.000003548","2026-07-06T07:24:22.176Z","","","","2026-07-06T07:27:21.193Z","2026-07-06T07:28:21.123Z",""
"TBULL","5VEfu7utedCZQ2HFHcA589c5LXiSpCwHiL1gpcuZpump","","","","","","","","","","","","","","","","","","","","","2.197e-7","","","","","","2026-07-06T07:26:22.131Z",""
"MINTBASE","3eTKg76zKpmfntmXRdR4Mr4UuoYxjfWuSdZHDa6opump","77","4.505679011","","","","","","","","","","","","","0.000002984","0.000004312","","","","","","2026-07-06T07:29:21.231Z","2026-07-06T07:31:21.163Z","","","","",""
"PIGGLER","Fyq244u8BaFr85zT3q2qLzwtujNTGNH44PnxaQnNpump","72","5","","","","","","","","","","","","","0.000003237","","","","0.000002273","","","2026-07-06T07:32:22.101Z","","","","2026-07-06T07:37:21.360Z","",""
"JURDAN","226pJurdskJaibanyTh2opwgbe2WgJhXeXkQgdhxpump","71","3","","","","","","","","","","","","","0.000002311","","","","","","0.000002325","2026-07-06T07:34:25.099Z","","","","","2026-07-06T07:38:21.189Z",""
"FCC","3mW4yzx5WoXqVDJiUkFN5xe8FPQcFdy5T2KhL3UBpump","81","10","","","","","","","","","","","","","0.000008755","","","","","","","2026-07-06T07:34:26.106Z","","","","","",""
"TANGO","EtdbtbtSuxDNjSmwKQ7M9e2ULdWGXhU6DT9oJcjxpump","71","3","","","","","","","","","","","","","0.00000227","","","","","","","2026-07-06T07:34:27.110Z","","","","","",""
"Eyes","Fr1E7BLFCRiqxHnYK8SAevYFjspy6YqkrK5K7ULepump","66","3.083247688","","","","","","","","","","","","","0.000004984","","","","","","","2026-07-06T07:34:28.099Z","","","","","",""
"Cat&Dog","H3TyvHSDwc7AACYjuhzQpmn7hupchqYx7VDSGqAXpump","","","","","","","","","","","","","","","","0.000002723","","","","","","","2026-07-06T07:35:21.212Z","","","","",""
"PAWS","93ttwQwW3rCLma7tMPbTBNgDFVJMPyjwSSdwNvCepump","70","3.777544596","","","","","","","","","","","","","0.000003212","","","","","","0.00000228","2026-07-06T07:35:22.108Z","","","","","2026-07-06T07:39:21.216Z",""
"RUGSEM","H6mfPbtBB9nzsonQhnLfkKrhr5wqVfPCtkmA1QT8pump","100","6.469135801","","","","","","","","","","","","","0.000002615","","","","","","","2026-07-06T07:36:22.082Z","","","","","",""
"Eyes","DvfUuc6t9pFSrku7RkbEqJUvmhg157zXKKDtV14bgYVS","71","2.962962961","","","","","","","","","","","","","0.000002266","","","","","","","2026-07-06T07:37:22.113Z","","","","","",""
"HOLD","Hr5KwYCPWy7wQFgUSE2wYEPCTtKNkva4hmPscVrFpump","75","3.777544596","","","","","","","","","","","","","0.00001087","","","","","","","2026-07-06T07:40:24.165Z","","","","","",""
"HODL","6dEHTPQVSG4s2dnRczg8DuTCJGxNqZQH3q8Fuhisbcxe","71","6","","","","","","","","","","","","","0.000002366","","","","","","","2026-07-06T07:41:23.147Z","","","","","",""
"HOLD","EEe5tEiJKhUQhUmCKZj2PAmHiNCYLRAv2MQAHVUiQaGo","70","6","","","","","","","","","","","","","0.00000226","","","","","","","2026-07-06T07:41:24.081Z","","","","","",""
"DWL","JRoBBg2xJAEgQ9XrEF9VJs215Sd4PkUjc77N8Atpump","70","4.938271603","","","","","","","","","","","","","0.000005616","0.000009117","","","","","","2026-07-06T07:44:22.081Z","2026-07-06T07:47:21.274Z","","","","",""
"G","FL6L4UYfH9HrmAjPLTRXuayv8ZsveMRZNpfuhyEupump","100","20","","","","","","","","","","","","","0.00001107","0.00001339","","","","","","2026-07-06T07:48:22.087Z","2026-07-06T07:51:21.327Z","","","","",""
"SKYE","59fimA6ycHs26BcJrgBQ47BmwWAdr7kGDXfdqdLFpump","84","7","","","","","","","","","","","","","0.000007533","0.000008222","","","","","","2026-07-06T07:51:23.216Z","2026-07-06T07:54:21.247Z","","","","",""
"crog","AQu6qmhi3ZvkCvdJzHqa9vGqx3BpSu1RL22vtQLhpump","72","5","","","","","","","","","","","","","0.000009179","","","","0.00000353","","0.000003289","2026-07-06T07:51:24.103Z","","","","2026-07-06T07:54:21.331Z","2026-07-06T07:55:21.221Z",""
"$RIPPUNCH","94rcRUNSCYfYoXDLs4HCXwZRA7FkAi2CovZpitHYpump","71","3.000000001","","","","","","","","","","","","","0.000003368","","","","0.000002259","","","2026-07-06T07:54:21.289Z","","","","2026-07-06T07:55:21.196Z","",""
"YEET","GUoFsYDB1TnHQAUqMoZBVuND9M2XCJuV3Y42A6AZpump","88","9.876543208","","","","","","","","","","","","","0.000002446","0.000002446","","","","","","2026-07-06T07:58:22.416Z","2026-07-06T08:01:21.545Z","","","","",""
"Haaland","J8i9Jxr8qs7c5Ywzzsdd7PbBZ72EsbdMKs9czn3WWSED","66","2.962962961","","","","","","","","","","","","","0.000002844","","","","0.000002295","","","2026-07-06T07:59:23.459Z","","","","2026-07-06T08:02:21.178Z","",""
"KOTON","59riGExqPqySsVWj34oFT292uiiVMwhXv76MH6v1pump","","","","","","","","","","","","","","","","","","","","","0.000002345","","","","","","2026-07-06T07:59:23.655Z",""
"KOTON","Cpgti5hCtZe1Pr1YrmDq5vdbqdWU17xUxyj753kDpump","","","","","","","","","","","","","","","","","","","","","0.00000235","","","","","","2026-07-06T08:01:24.089Z",""
"MINEANSEM","5F15vgevM36qPkGXDyA3kMTRGHnxwrjJnUrByZATpump","79","4.938271603","","","","","","","","","","","","","0.0000032","0.000003736","","","","","","2026-07-06T08:01:25.082Z","2026-07-06T08:04:21.202Z","","","","",""
"KOTON","WtCqyhGbsgQkxTqTbGunGtX5nTgAg3j7Y15sDDcpump","","","","","","","","","","","","","","","","","","","","","0.000002338","","","","","","2026-07-06T08:03:22.117Z",""
"KOTON","AgaqfYTxV8xzkJUHJQvEbn8UvkH6YtRS9v3qDbjqpump","77","8.779149431","","","","","","","","","","","","","0.000002345","","","","","","","2026-07-06T08:04:22.083Z","","","","","",""
"KOTON","2N2kXNUJAiYYrQcthRYux39XCFvSEDfMEsBP4DZrpump","76","8.779140739","","","","","","","","","","","","","0.00000234","","","","","","","2026-07-06T08:07:22.089Z","","","","","",""
"KOTON","BpPcoCoCi5DMKjYrqboFTRTV8LmBjV8K2vLA8YLvpump","","","","","","","","","","","","","","","","","","","","","0.000002519","","","","","","2026-07-06T08:08:22.090Z",""
"TTO","JDjqisWA3pqrHoRSxoFwidkfCYSKfNRGbfaDchLipump","78","9","","78.142","","","","","-8.649262202043138","","","","","","0.000002904","0.000004405","","","0.000004024","","","2026-07-06T08:11:24.137Z","2026-07-06T08:12:22.125Z","","","2026-07-06T08:13:40.267Z","",""
"KOTON","7kudy9rjyx4F5xEaQNAoGQK2jjTYtmg7Z6K7XAUNpump","","","","","","","","","","","","","","","","","","","","","0.000002334","","","","","","2026-07-06T08:11:25.180Z",""
"HAALAND ","FAjkc5WgeKBL1TYn6ocEf4tHtPM2EazudzWEQ42mpump","87","8.888888887","","","","","","","","","","","","","0.000002445","0.000002445","","","","","","2026-07-06T08:11:26.080Z","2026-07-06T08:12:22.170Z","","","","",""
"TIGGER","8BUA7UTXtH4Cfjb52Wf1KUtgfCHsuVsE9KVt8hW4pump","71","3","","","","","","","","","","","","","0.000002307","","","","0.000002261","","","2026-07-06T08:11:40.980Z","","","","2026-07-06T08:13:22.064Z","",""
"KOTON","HdoYbEtkbHSnmKKxWKeJeJb4wtmUEXUqHSnAvE5upump","75","8.779140739","","","","","","","","","","","","","0.000002325","0.000002325","","","","","","2026-07-06T08:12:46.891Z","2026-07-06T08:13:46.987Z","","","","",""
"KOTON","DUCfXvMGknmvjrhNCbf7DGeBypndu7rqvjbVYvv5pump","72","7.681756048","","","","","","","","","","","","","0.000002389","0.00000233","","","","","","2026-07-06T08:14:10.972Z","2026-07-06T08:16:16.069Z","","","","",""
"Car","3HC5G3P6JrXTfZhD5rLds3UM13dZnQi21VcBdtp9pump","","","","","","","","","","","","","","","","","","","","","3.879e-7","","","","","","2026-07-06T08:14:58.849Z",""
"KOTON","AoN9eppyd2XuWq7cu3p1AWKDhHqwForAJGHz33nbpump","74","8.779140739","manual","","-50.775","","","","","","","","","","0.000002323","0.000002323","0.000002323","","","","","2026-07-06T08:16:22.899Z","2026-07-06T08:17:22.147Z","2026-07-06T08:16:31.372Z","","","",""
"PAWS","4pvybCZDCgsghkqQ6eq4VKUHQVHdrbSVwWUrwfCLpump","75","3.777544596","","12.24","","","","","-55.061765592045795","","","","","","0.000005634","0.000006638","","","0.000002983","","0.000002309","2026-07-06T08:17:00.945Z","2026-07-06T08:17:58.061Z","","","2026-07-06T08:18:10.301Z","2026-07-06T08:20:46.355Z",""
"Memenote","2BNWmuz3Y9HxMBoa5NBhGz2UBAgK8ixsCEr2VxeCpump","75","3.950617282","","12.181","","","","","-39.62913907284767","","","","","","0.000003775","0.000003775","","","0.000002279","","","2026-07-06T08:17:05.008Z","2026-07-06T08:18:04.095Z","","","2026-07-06T08:18:16.276Z","",""
"KOTON","CC6kYjPAsLYhcMkfz9VqTfiXqPhHNsTnFRw9D2gBpump","74","8.77914864","","","","","","","","","","","","","0.000002323","0.000002332","","","","","","2026-07-06T08:17:46.952Z","2026-07-06T08:18:46.069Z","","","","",""
"KOTON","9bAtzb5q97BFT6d1zdR3974q7uY6m2aitowBe4z4pump","74","8.77914951","","","","","","","","","","","","","0.000002354","0.000002354","","","","","","2026-07-06T08:19:22.924Z","2026-07-06T08:20:18.701Z","","","","",""
"KOTON","AY1LFvjwjf4jJU2amZvu9dAYxSYYSXd28GpNe4E1pump","73","8.779149431","","12.239","","","","","-71.69675090252707","","","","","","0.000002604","0.00000831","","","0.000002352","","0.000002301","2026-07-06T08:20:46.986Z","2026-07-06T08:21:46.069Z","","","2026-07-06T08:21:58.308Z","2026-07-06T08:24:58.241Z",""
"比尔","93LaG7Ex81jNByvJxjFLKM9gqk6RkvUR7GB9RzuGpump","66","3","","12.354","","","","","-6.198003327787029","","","","","","0.000002404","0.000002404","","","0.000002255","","","2026-07-06T08:23:16.903Z","2026-07-06T08:24:16.071Z","","","2026-07-06T08:24:28.425Z","",""
"KOTON","3wfk7EU7Z4eD4682FTzMCDtCtf1e9LdY7NtTLdLdpump","77","10.754457282","","","","","","","","","","","","","0.00001379","","","","0.00001307","","0.0000023","2026-07-06T08:23:46.944Z","","","","2026-07-06T08:24:22.378Z","2026-07-06T08:26:10.246Z",""
"BILLY","GUYbzeWG8HTPP9Ebgy2xyJC72sgajCZb8zWe2p4kpump","68","2.4691358","","","","","","","","","","","","","0.000002324","","","","0.000002256","","","2026-07-06T08:25:04.931Z","","","","2026-07-06T08:29:22.105Z","",""
"pep","7XsiwqDxZgZGGiQhfrH8FHEinDW1T8oxckbRXeHypump","","","","","","","","","","","","","","","","","","","","","0.000002301","","","","","","2026-07-06T08:27:22.869Z",""
"KOTON","HagyE2TGoA9u1ncovaeNv2iWZDnU3bJNRf9W8wnRpump","70","7.681755938","","","","","","","","","","","","","0.000005132","","","","0.000004805","","0.000002322","2026-07-06T08:28:28.866Z","","","","2026-07-06T08:29:04.279Z","2026-07-06T08:33:16.293Z",""
"KOTON","Fu3ANvE2VEwAFpdASm3Z269NJDbRqfML4ES51j4ypump","70","7.79149432","","","","","","","","","","","","","0.000005088","0.000009639","","","","","","2026-07-06T08:31:28.861Z","2026-07-06T08:32:28.053Z","","","","",""
"LINE","SCdS1SS7t2xwr7uisoncyHV8SBGT1uYZdNDQQpHpump","77","4.444444442","manual","65.988","64.416","15.616","100.11","LATE","-23.61914781693845","53.76117832719621","-50.32500855285665","-6.73","6.98","BREAK_EVEN_SL","0.000009003","0.00001901","0.00001452","0.00002923","0.00001452","0.00002515","","2026-07-06T08:33:04.910Z","2026-07-06T08:34:04.064Z","2026-07-06T08:35:08.480Z","2026-07-06T08:35:24.096Z","2026-07-06T08:35:10.052Z","","2026-07-06T08:37:04.206Z"
"DBURN","6P2QzQ6BGNx834ciHhmwQsL4Jq23LrecnASne8gWpump","89","11.753086418","","","","","","","","","","","","","0.000004584","0.000004372","","","","","","2026-07-06T08:38:10.241Z","2026-07-06T08:37:28.211Z","","","","",""
"INU","C6mnpVrHUE8NujWtY2pF3QKhrTPXV81bwFWC2sH3pump","71","3.000000001","","48.191","","","","","-20.21276595744681","","","","","","0.000002721","0.00000282","","","0.00000225","","","2026-07-06T08:43:35.519Z","2026-07-06T08:44:34.072Z","","","2026-07-06T08:45:22.263Z","",""
"SHIBAO","HHsW2xrxaA4c5jvegdEjiMBLC8ouftGe87Jv4vHPpump","","","","","","","","","","","","","","","","","","","","","0.000002292","","","","","","2026-07-06T08:44:10.845Z",""
"Shibao","DekpBdi94mZtsBeTBre37NQhfZ7eqvs8CeFHbCepump","75","0","manual","-30.146","-41.19","143.763","123.602","LATE","-31.331269349845197","-0.6811145510835953","-30.860349127182037","-14.78","12.34","BREAK_EVEN_SL","0.00001175","0.00001615","0.00001175","0.00001604","0.00001109","0.00001513","","2026-07-06T08:44:22.838Z","2026-07-06T08:45:28.265Z","2026-07-06T08:44:47.075Z","2026-07-06T08:47:10.838Z","2026-07-06T08:44:58.119Z","","2026-07-06T08:49:14.440Z"
"RINSE","6oqJSNcjSg5YxUGv6uQZA4Cu7MMxrUQqct8SQqjLpump","91","10","","","","","","","","","","","","","0.000002469","","","","0.000002336","","0.000002336","2026-07-06T08:44:58.862Z","","","","2026-07-06T08:45:34.295Z","2026-07-06T08:45:34.240Z",""
"耳机小猫","GNibmzCsXfhzjvoPx7KWA7xs7BfJVS5jkdqN122Hpump","79","5","","-336.072","","","","","-23.242320819112624","","","","","","0.000002249","0.00000293","","","0.000002249","","","2026-07-06T08:49:04.882Z","2026-07-06T08:54:58.151Z","","","2026-07-06T08:49:22.079Z","",""
"Shibao","EgSn6pG9c6T5jjHzHzt3ffsNvYTyWGE31iWsUfRjpump","74","3","","","","","","","","","","","","","0.000007346","","","","0.000005532","","0.000002385","2026-07-06T08:49:34.914Z","","","","2026-07-06T08:50:10.274Z","2026-07-06T08:53:46.279Z",""
"Fruit AI","He5kj9SD8QUDDjfGm6rjciQjHVtSXM6c5sKMpKx3pump","73","10","","","","","","","","","","","","","0.000003797","","","","","","","2026-07-06T08:52:17.053Z","","","","","",""
"KOTON","6hsG1fwaJhktUZatVkgpLvdYjkAWcgVHG41hsPRWpump","76","8.77914864","manual","11.997","-43.552","5.416","62.396","yes","-33.04258594150846","-0.4617752693688984","-32.7319587628866","-43.07","0.46","STOP_LOSS","0.00000388","0.000003898","0.00000388","0.00000388","0.00000261","0.00000261","","2026-07-06T08:53:34.940Z","2026-07-06T08:54:34.080Z","2026-07-06T08:53:50.528Z","2026-07-06T08:53:55.944Z","2026-07-06T08:54:46.077Z","","2026-07-06T08:54:58.340Z"
"SPEECHLESS","7rN7LqvjX68b2vHrHH2tPoq98yUNhfRwd3iGZyofpump","78","5.925925924","manual","66.001","16.742","13.077","138.555","yes","-8.777429467084644","-9.187364359778158","0.45140732873074896","-27.33","0.45","STOP_LOSS","0.000003156","0.000004147","0.000004147","0.000003766","0.000003783","0.000002847","","2026-07-06T08:53:40.934Z","2026-07-06T08:54:40.049Z","2026-07-06T08:54:56.791Z","2026-07-06T08:55:09.868Z","2026-07-06T08:55:46.050Z","","2026-07-06T08:57:28.423Z"
"Miku","ABDR768zqomnEPkHT4y1p1W3JTsLwpJxRhbSSWKcpump","76","4","","-120.021","","","","","-14.090582314881377","","","","","","0.00001324","0.00001391","","","0.00001195","","","2026-07-06T08:54:52.830Z","2026-07-06T08:57:28.276Z","","","2026-07-06T08:55:28.255Z","",""
"Memeswall","EBQ7WvVVj9f5RWGn6L43Ht3wdoGgXy5WcC3RsKsapump","80","6.913580245","","","","","","","","","","","","","0.000002276","0.000002276","","","","","","2026-07-06T08:56:22.224Z","2026-07-06T08:56:40.071Z","","","","",""
"BIOHACKED","4RDzNmJ5rxkAnPDaPYJJeMKJ99RHWxt7WVy8TkGbpump","100","6.913580245","","","","","","","","","","","","","0.000008987","","","","0.000008139","","","2026-07-06T08:56:34.861Z","","","","2026-07-06T08:57:16.238Z","",""
"KOTON","A4mjFAZP2syWdHX52sQpva1iGhmxyT6L7VXRnycspump","70","6.584363455","","","","","","","","","","","","","0.000002369","","","","","","","2026-07-06T08:56:46.853Z","","","","","",""
"sad","2aMJsWFivNtUvyFNtcQMvuhNR1tmpcSPW4hTftajpump","","","","","","","","","","","","","","","","","","","","","0.000001324","","","","","","2026-07-06T09:04:36.045Z",""
"ランナー","J1RupR6Gae5LkuRizNtCuZaxAD713LyDpuHrN2W5pump","71","3","","","","","","","","","","","","","0.000002248","","","","","","","2026-07-06T09:06:23.562Z","","","","","",""
"WBULL","ChQTgvk566LgTmbzSisivjRukyMKrbdSXz5nwWNrpump","84","6.913580245","","209.914","","","","","27.391659852820933","","","","","","0.000002259","0.000002446","","","0.000003116","","","2026-07-06T09:08:35.466Z","2026-07-06T09:09:34.716Z","","","2026-07-06T09:13:04.630Z","",""
"JEFFEREY","B47fjQd98hn2W6msFpM2Pt2oLcy96Bm6rrayYwwLpump","71","2.962962961","","12.215","","","","","-33.79560219890055","","","","","","0.000006373","0.000008004","","","0.000005299","","","2026-07-06T09:08:41.373Z","2026-07-06T09:09:40.588Z","","","2026-07-06T09:09:52.803Z","",""
"WBULL","8aWZgyyKE9HWyg2VNW776KFvALm5UJLECMuaFe1Mpump","82","7.901234566","","","","","","","","","","","","","0.000004031","0.00000416","","","","","","2026-07-06T09:11:35.570Z","2026-07-06T09:12:40.645Z","","","","",""
"ansemlet","58abHS56Txd8c7eZ43R3yURuH6PrMQmMU7xi5Emupump","81","5.925925924","","","","","","","","","","","","","0.000002451","0.000002451","","","","","","2026-07-06T09:11:41.461Z","2026-07-06T09:12:46.584Z","","","","",""
"ANDREW","EoRGvuT3hjPXdCyo2Dtjcpout3LvbgoJdEHDiD9qpump","75","5","","","","","","","","","","","","","0.000002295","","","","","","0.000002248","2026-07-06T09:12:05.445Z","","","","","2026-07-06T09:16:04.810Z",""
"Kol ","7imKLPgksaZCvoawNwsKoT8Hxy9WAYmap1PfbFyxpump","66","3","","","","","","","","","","","","","0.000002257","","","","0.000002257","","","2026-07-06T09:12:41.462Z","","","","2026-07-06T09:16:52.583Z","",""
"Bean","vpRxe8eBBNbf12HWYjXTiTVvZJnTLo7usomrTNWpump","79","5","","","","","","","","","","","","","0.000002305","","","","0.000002248","","","2026-07-06T09:14:53.411Z","","","","2026-07-06T09:17:40.604Z","",""
"MEMES","BZVwdxgu4ejbNwDp3QNzdybSgcsqKKLkKuhEHqcU7ssi","","","","","","","","","","","","","","","","0.000002616","","","","","","","2026-07-06T09:16:58.570Z","","","","",""
"ASTR","9tr12dUNXszmNxzdifJ8uHXXyyZjcrWuhzRLZcGspump","67","3.777544596","","-35.98","","","","","-9.17797286512371","","","","","","0.00001241","0.00001253","","","0.00001138","","","2026-07-06T09:17:29.375Z","2026-07-06T09:18:40.785Z","","","2026-07-06T09:18:04.805Z","",""
"BRAUTHAALAND","3Y1UPF5SeqBbfL56a1MCvnTH2HxtmFKYAFLRurDXpump","71","3","","-125.759","","","","","30.087336244541486","","","","","","0.000003289","0.00000229","","","0.000002979","","","2026-07-06T09:19:17.468Z","2026-07-06T09:21:58.579Z","","","2026-07-06T09:19:52.820Z","",""
"耀西","9XHBiTwfJ6cCH9e42rZFbQUSxuKeo1HUnNQe1DnQpump","97","2.962962961","","-89.75","","","","","-0.4485645933014437","","","","","","0.000007198","0.000003344","","","0.000003329","","","2026-07-06T09:20:17.409Z","2026-07-06T09:22:22.580Z","","","2026-07-06T09:20:52.830Z","",""
"ansemlet","6cnhxswRzAvgC8mgWNNmeKQUcE6b5Uk9nLb1XNeHpump","78","5.925925924","","","","","","","","","","","","","0.000003391","","","","","","","2026-07-06T09:24:11.369Z","","","","","",""
"bruan","HErrvFhB6b1i5TCHEVG43xpVoKg7dpGe8TgzNKRxpump","70","5","","","","","","","","","","","","","0.000002828","","","","","","","2026-07-06T09:24:41.511Z","","","","","",""