symbol,mint,score,devSol,source,window_s,decision_s,reaction_s,hold_s,inTime,upside_pct,time_to_peak_s,dd_after_peak,tracked_s,move_window_pct,slip_to_buy_pct,after_buy_pct,pnlPct,peakPnlPct,exitReason,price_eligible,price_sustained,price_queued,price_bought,price_fading,price_sold,price_collapsed,t_eligible,t_sustained,t_queued,t_bought,t_fading,t_collapsed,t_sold
"Blue","2aBQ1ffRaMXAn3L44mo4dFmV7pnR7LsSbExrXbwppump","","","","","","","","","","","","","","","","","","","","","","","","","2.27e-7","","","","","","2026-07-09T08:37:25.844Z",""
"Sol","FQxWYpriZ77r2PW8CBuBo79Qheiqkg6tboFUSjbcpump","55","0.060000001","","","","","","","","","","","","","","","","","0.000001984","","","","","","","2026-07-09T08:38:22.830Z","","","","","",""
"at","9du8qYL94tc1SQaX7BaYhPDa2XsvhLzfnzQQxPyzpump","","","","","","","","","","","","","","","","","","","","","","","","","0.000001095","","","","","","2026-07-09T08:38:23.833Z",""
"catfished","FJTpAZqMtQFiMJ9t5pmxRboWC66tGRxyrKA4sDgPpump","","","","","","","","","","","","","","","","","","","","","","","","","0.000001105","","","","","","2026-07-09T08:38:24.841Z",""
"AURA","HHWUGqGW6pr8cCmp9YYVt97VWo1x5BfPtTqE9CCtpump","58","1.97530864","","","","","","","","","","","","","","","","","0.000002576","","","","","","","2026-07-09T08:38:26.035Z","","","","","",""
"grah","92iBPiMFd53vNENZjRZJKuTK6KFwnt35VbS8GfnEpump","","","","","","","","","","","","","","","","","","","","","","","","","5.729e-7","","","","","","2026-07-09T08:39:22.072Z",""
"Ghost","2xSYxLfL51PQzVVcWuH3Pkx2G8RsqYFswy1YuVgapump","","","","","","","","","","","","","","","","","","","","","","","","","4.833e-7","","","","","","2026-07-09T08:39:22.895Z",""
"at","HLNY23BTNNmUEzE1Ri6qAwuWfi5epMVsFwCpxoQapump","","","","","","","","","","","","","","","","","","","","","","","","","2.023e-7","","","","","","2026-07-09T08:40:23.817Z",""
"Ghost","FcMDi26aSaBDHWYB7u3yySEVGBji4Zpnh842mGTpump","","","","","","","","","","","","","","","","","","","","","","","","","4.288e-7","","","","","","2026-07-09T08:40:24.888Z",""
"AURA","EdfVzGUc8UvACoWJjK4eesojRCNCxs4gqign4BqPqZHr","56","3.555555554","","","","","","","","","","","","","","","","","0.000002188","","","","","","","2026-07-09T08:41:22.885Z","","","","","",""
"at","9nfePvV31yzjrUhJ7UEACny7hcseh1yZxYZxEszypump","63","9.000000001","","","","","","","","","","","","","","","","","0.000002631","","","","","","","2026-07-09T08:41:23.820Z","","","","","",""
"MuskClaw","5Rvfz76JjcoUoQchXWELjQwBvkVYTJtQTR5avBdapump","","","","","","","","","","","","","","","","","","","","","","","","","8.863e-7","","","","","","2026-07-09T08:41:24.884Z",""
"MuskClaw","Bz64dj1AkGiLM24PCTKBZHjfHjaUJtAx7EqE97Rvpump","","","","","","","","","","","","","","","","","","","","","","","","","4.001e-7","","","","","","2026-07-09T08:41:25.840Z",""
"chud","2KrHZTBmUYPBmAz4JzsXGRHprgCoogf6qmBUvT3wpump","","","","","","","","","","","","","","","","","","","","","","","","","7.031e-7","","","","","","2026-07-09T08:42:22.910Z",""
"grah","vF6Wv8WHadVy7GVFbzZxH2qeAJrw5E2WhizBJfXpump","","","","","","","","","","","","","","","","","","","","","","","","","4.485e-7","","","","","","2026-07-09T08:42:23.827Z",""
"BITS","9151FcPy9wEiPu5uycydJU5X7sW7u1BPX7VMs96Spump","","","","","","","","","","","","","","","","","","","","","","","","","1.722e-7","","","","","","2026-07-09T08:42:24.815Z",""
"at","hLJ4VVjeH8nzwc6UQRBkoeVBXFQdnmpPRb9XcSYpump","","","","","","","","","","","","","","","","","","","","","","","","","5.154e-7","","","","","","2026-07-09T08:42:25.813Z",""
"FIFA","5DURnB3C7187WNhbMyW6hUoce3JV46hEftMNYHsJpump","61","1.97530864","","","","","","","","","","","","","","","","","0.000002417","","","","","","","2026-07-09T08:43:18.852Z","","","","","",""
"ZAZU","6SsAYZyA5uPF6NbtKF9uBwou5qytjpHQGBp39EG57TuR","","","","","","","","","","","","","","","","","","","","","","","","","1.84e-7","","","","","","2026-07-09T08:43:21.864Z",""
"Hood","AbxtrimzPSJWtgzA6o6pXAj12TziReaKXCcAjB4rpump","64","2.4691358","","","","","","","","","","","","","","","","","0.00000229","","","","","","","2026-07-09T08:43:22.826Z","","","","","",""
"MuskClaw","7ZBRoTkvKVwkZxnsiMDQJr3yW1uS18MR2soLp5HSpump","","","","","","","","","","","","","","","","","","","","","","","","","4.726e-7","","","","","","2026-07-09T08:43:23.832Z",""
"Plus4chan","47ub6tfFRuZra1Tt1ySiBrkoDJ6363QvHwpfVUbuAZAX","61","2","","","","","","","","","","","","","","","","","0.000002188","","","","","","","2026-07-09T08:44:22.837Z","","","","","",""
"grah","D8SadxKuVG8KWqVLXBuqVmacHJ1mV8Wr14ggHxgCpump","","","","","","","","","","","","","","","","","","","","","","","","","7.859e-7","","","","","","2026-07-09T08:44:23.825Z",""
"MuskClaw","34aSk74G2KJnXDEz5gdMM4HGbKJ3rurv62FBUdXNpump","","","","","","","","","","","","","","","","","","","","","","","","","3.379e-7","","","","","","2026-07-09T08:44:24.815Z",""
"Tight","AhA2DV5ZaPnrXA2BaLKii56MjGoEKdi73xDXH5oLpump","60","1.950000001","","","","","","","","","","","","","","","","","0.000002188","","","","","","","2026-07-09T08:44:25.848Z","","","","","",""
"Sucker","ArpWPCBDQj72uACBEBB5uFcP7CfWT932xyCih4c8pump","","","","","","","","","","","","","","","","","","","","","","","","","4.106e-7","","","","","","2026-07-09T08:45:22.817Z",""
"at","5JZnmGmouVsqFj7qdzdj6rLvY1MrfXGJsmasZH3Lpump","","","","","","","","","","","","","","","","","","","","","","","","","0.000002654","","","","","","2026-07-09T08:45:23.817Z",""
"MuskClaw","Gs9NZcwVSrQPPDC5LCP6VJ96TeibKKDLR3igTq7zpump","","","","","","","","","","","","","","","","","","","","","","","","","6.601e-7","","","","","","2026-07-09T08:45:24.890Z",""
"ZAZU","7W1SNagNFkcqga9R99Z74cfz2gPxfEVfvMPVEWcjxBTW","61","1","","","","","","","","","","","","","","","","","0.000003497","","","","","","","2026-07-09T08:45:25.812Z","","","","","",""
"grah","DvRE42fu2CJ2Jp9DjJ8eoxKdgzP4QLA7gesMNx51pump","","","","","","","","","","","","","","","","","","","","","","","","","3.845e-8","","","","","","2026-07-09T08:46:23.550Z",""
"FIFA","9eX5zTfnhR5gLgfQTQNkGaN39bju9xPP1n4VM1N6pump","60","5","","","","","","","","","","","","","","","","","0.000003784","","","","","","","2026-07-09T08:46:23.787Z","","","","","",""
"MuskClaw","XrCgNnwRDKKkmN8mpATjSnMfWpXMWD4NMdeJHWnpump","","","","","","","","","","","","","","","","","","","","","","","","","9.468e-7","","","","","","2026-07-09T08:46:24.865Z",""
"FIFA","FJ99PjCn8tjArPUaGrjnDffBv7t9ojVAAiRSnWWPpump","","","","","","","","","","","","","","","","","","","","","","","","","0.000004961","","","","","","2026-07-09T08:46:25.810Z",""
"FWC","eWkJDHifnjdDCfMKe4g2ctdtVMoaA2BahsGpabApump","55","2.311111109","","","","","","","","","","","","","","","","","0.000002187","","","","","","","2026-07-09T08:47:22.838Z","","","","","",""
"LYNK","HKtvu3PzhDzUUpuoWTwHGM9tjm2JxpAqwUJVb9Sjpump","85","9.876543208","","","","","","","","","","","","","","","","","0.000004893","","","","","","","2026-07-09T08:47:23.831Z","","","","","",""
"ZAZU","FCqyQQTCxD1ms8HexmYF5QF3GHL352ZtKKfuaXA2GDGw","","","","","","","","","","","","","","","","","","","","","","","","","3.038e-7","","","","","","2026-07-09T08:47:24.813Z",""
"at","HDrNLfC4WhLEAAy2epCCaSCQ5bE2nduK2TdsF5pwpump","","","","","","","","","","","","","","","","","","","","","","","","","4.49e-7","","","","","","2026-07-09T08:47:25.853Z",""
"BILLY31","A4otZuKpi5HcRwY1sgJbdE3stspqm5WwwPRyuUNRpump","","","","","","","","","","","","","","","","","","","","","","","","","3.535e-7","","","","","","2026-07-09T08:48:22.823Z",""
"WHALES","6CMrvRAN7HeB7pf8W5VE1fHac7xWSsPfGmpHEAzspump","","","","","","","","","","","","","","","","","","","","","","","","","0.000002859","","","","","","2026-07-09T08:48:23.826Z",""
"grah","BaHVTC5gD2goGKSTCHXq7pWXqn3bgkk4HhpjrLvUpump","","","","","","","","","","","","","","","","","","","","","","","","","5.108e-8","","","","","","2026-07-09T08:48:24.828Z",""
"WHALES","DGwtQpahgavjmiEoWDGor69dn3hGr4sanQtyEEhcpump","64","14.814814813","","","","","","","","","","","","","","","","","0.000004204","","","","","","","2026-07-09T08:48:25.871Z","","","","","",""
"BILLY31","F2Ucthdgt5neordDdFyYFwn9FEFzyfXvYTEWz7tmpump","","","","","","","","","","","","","","","","","","","","","","","","","4.309e-7","","","","","","2026-07-09T08:49:22.264Z",""
"ZAZU","DE7JG25oWuUqGs5mpKTRYA7qZTjYzn8mthsuY2bkin8p","","","","","","","","","","","","","","","","","","","","","","","","","3.925e-7","","","","","","2026-07-09T08:49:23.070Z",""
"FIFA","3E2oAv8DnP34ugL8SjcdrW6gNQGz32VQgTZAYspjpump","59","5","","","","","","","","","","","","","","","","","0.000002202","","","","","","","2026-07-09T08:49:23.250Z","","","","","",""
"BILLY31","5Lt3huiu6gNEKmxUiMLJe2imdNy5p88RP8SGUzKBpump","","","","","","","","","","","","","","","","","","","","","","","","","4.964e-7","","","","","","2026-07-09T08:49:23.843Z",""
"collar","76zxXnMLWE54moo8RXSkxNaqjrbGW3BpFirSvq9Fpump","64","15","","","","","","","","","","","","","","","","","0.000003438","","","","","","","2026-07-09T08:50:21.784Z","","","","","",""
"nigga","EEGsrY14DCLB345NbkEJMUfx84XuqWzTPHyotCDJpump","67","2.962962961","","","","","","","","","","","","","","","","","0.000002376","","","","","","","2026-07-09T08:50:22.834Z","","","","","",""
"grah","Fe9fdTd1MZ399gkpxtFsd5hREqT5BMdejPD9n2xtpump","","","","","","","","","","","","","","","","","","","","","","","","","0.000002032","","","","","","2026-07-09T08:50:23.813Z",""
"BILLY31","DdrGzxpWsLPc2JUkPWDumycd5uDrRR91iPwGxKbWpump","","","","","","","","","","","","","","","","","","","","","","","","","6.887e-7","","","","","","2026-07-09T08:51:22.866Z",""
"Leandro","977KeXSvdyUWXWAVbPYFZ3UtFAiCRGQD8NxKgC9Qpump","59","5","","","","","","","","","","","","","","","","","0.000002227","","","","","","","2026-07-09T08:51:23.834Z","","","","","",""
"Collette","AEhZfK2hosNL1d1sPzoGEYXbDps4UWa3X32NByyYpump","","","","","","","","","","","","","","","","","","","","","","","","","3.951e-7","","","","","","2026-07-09T08:51:25.023Z",""
"BILLY31","4vPg5VysyGYcR92MaDiLo8FVgvkR1kesmJe9hkkspump","","","","","","","","","","","","","","","","","","","","","","","","","4.401e-7","","","","","","2026-07-09T08:51:25.864Z",""
"EVERMEADOW","AXLxzAc1vTgMYjmCRhDdp5GQprgVmpJ4bVyPHrqFpump","","","","","","","","","","","","","","","","","","","","","","","","","2.665e-7","","","","","","2026-07-09T08:52:22.820Z",""
"FIFA","3oafU5dENVhZq51UGnbmbUqhK3GaPgpLXBWA31P9pump","","","","","","","","","","","","","","","","","","","","","","","","","4.078e-7","","","","","","2026-07-09T08:52:23.877Z",""
"EVERMEADOW","81Kw9CYpcb7quCSppBn43yvbXEKN1KXYhWScULhbpump","","","","","","","","","","","","","","","","","","","","","","","","","0.00000242","","","","","","2026-07-09T08:52:24.864Z",""
"EVERMEADOW","7FzZTRX6Z9w6rUgrjNMTjLDiWjttekairYt7bxYbpump","","","","","","","","","","","","","","","","","","","","","","","","","4.069e-7","","","","","","2026-07-09T08:53:22.836Z",""
"Collette","AMhE4FP6i1PDpLbrkMQkHEGTZTopyKceikno2b5Rpump","","","","","","","","","","","","","","","","","","","","","","","","","0.000001863","","","","","","2026-07-09T08:53:23.834Z",""
"grah","EugzALSKXqPa6WcQGcWVik4ruYHLMEHAUt51chmnpump","","","","","","","","","","","","","","","","","","","","","","","","","0.000001032","","","","","","2026-07-09T08:53:25.022Z",""
"TAPS","3UkiKyic1RaPTvWok5aAhLaT15A1HrRd9tpwCMVQpump","64","15","","","","","","","","","","","","","","","","","0.000003263","","","","","","","2026-07-09T08:53:25.839Z","","","","","",""
"EVERMEADOW","cYZWxMDJUmcSAvHGCJe7YoqEGmsnkX2X1Fba3o5pump","","","","","","","","","","","","","","","","","","","","","","","","","6.901e-7","","","","","","2026-07-09T08:54:22.810Z",""
"FIFA","4o8fU1QVrzmX8mDSacHM4RUh41f8EPNTzc4mCzbxpump","","","","","","","","","","","","","","","","","","","","","","","","","0.000001841","","","","","","2026-07-09T08:54:23.794Z",""
"EVERMEADOW","EWkTftJRERf2ZM7vHBdD2eSxdsosdxQQ6nkS5Ab3pump","","","","","","","","","","","","","","","","","","","","","","","","","2.87e-7","","","","","","2026-07-09T08:54:24.809Z",""
"TOLYHOOD","msfpe7x7MjBia7WVM6MaPu7yVeL5jYhgtFnG3Bopump","","","","","","","","","","","","","","","","","","","","","","","","","0.000002228","","","","","","2026-07-09T08:54:25.813Z",""
"Collette","7X1C9AzDW9y91tmve3J1kj6fK831Lf8sLq5j13UXpump","","","","","","","","","","","","","","","","","","","","","","","","","0.000001227","","","","","","2026-07-09T08:56:20.818Z",""
"TAPS","48mGs9hc43mLV6MTJZR9jvyirYNmPceo2K9XxWYrpump","","","","","","","","","","","","","","","","","","","","","","","","","0.000002416","","","","","","2026-07-09T08:56:21.880Z",""
"WHALES","32uovAAUPDFKcVUiTLKRVscSd5hEmJGrQ5vkJNCRpump","","","","","","","","","","","","","","","","","","","","","","","","","4.3e-7","","","","","","2026-07-09T08:57:22.814Z",""
"grah","9NPrVYwErDRRhQpGtZKGhXfrsEBKWt57R5Vs1yXYpump","","","","","","","","","","","","","","","","","","","","","","","","","3.121e-8","","","","","","2026-07-09T08:57:23.826Z",""
"25","J7ZKdYjzgW1i4nyZSraW9wrpbvgSGjt6yne4y6jCpump","","","","","","","","","","","","","","","","","","","","","","","","","3.626e-7","","","","","","2026-07-09T08:57:24.840Z",""
"25","HWSYnEpWusW43yxvfdL68V5g2vGP8qhKEKBMZ9i4pump","92","24.691358022","","","","","","","","","","","","","","","","","0.000004531","","","","","","","2026-07-09T08:57:25.820Z","","","","","",""
"WILD","BRjT1EQX9EK8Xx8xzgTdBADq7texLGwyunzRmhqKpump","61","1.97530864","","","","","","","","","","","","","","","","","0.0000025","","","","","","","2026-07-09T08:58:23.838Z","","","","","",""
"grah","9BzPbHGWLGuydzcGqj8HDh16uRcsLckSNZCewcAopump","81","7.901234566","","","","","","","","","","","","","","","","","0.000003207","","","","","","2.583e-7","2026-07-09T08:58:24.952Z","","","","","2026-07-09T09:01:18.926Z",""
"BULL","EbERi9aXZRZgLgyPxaPPBhX2wPJnGeBUtxCiH64Ppump","59","2.4691358","","","","","","","","","","","","","","","","","0.000002435","","","","","","","2026-07-09T08:58:25.815Z","","","","","",""
"MEYHEMBOT","EkpUVw9Y7R6AnaZ8MP8DFsKBwVVY7o2hchNg9LPCpump","","","","","","","","","","","","","","","","","","","","","","","","","3.427e-7","","","","","","2026-07-09T08:58:26.925Z",""
"cock","FLstrdTiAERMzBFZ4zUe9D5Bg3cytebp4GiUFBGepump","88","4.938271603","","","","","","","","","","","","","","","","","0.00001729","","","","","","","2026-07-09T08:59:22.809Z","","","","","",""
"MIAMI","8myCrP4fwnTN1ZtZNxR779LsmgjTL4dAuSdkGYsupump","59","5","","","","","","","","","","","","","","","","","0.000007616","","","","","","","2026-07-09T08:59:23.812Z","","","","","",""
"mayhemnigg","J4hrySdepc2rXFvGjoobWm7MHU1hRyeexgkkzvsSa2vh","","","","","","","","","","","","","","","","","","","","","","","","","7.95e-7","","","","","","2026-07-09T08:59:24.814Z",""
"Ragu","FDt1L7csmGKDKD58xxZ3TbxoPDnxSzE4wp285V8tpump","","","","","","","","","","","","","","","","","","","","","","","","","0.000001304","","","","","","2026-07-09T08:59:25.820Z",""
"ROAR","CT6TmprSiA4qs45A2WFpTFrXumKJuXAmucxYVjmgpump","84","9.382716048","","","","","","","","","","","","","","","","","0.000003966","","","","","","","2026-07-09T09:00:21.869Z","","","","","",""
"mayhemnigg","9G9qLtjUVMTGg8269N9Qv4jzc29zsgSzJ4VVtBbU5eST","","","","","","","","","","","","","","","","","","","","","","","","","2.702e-7","","","","","","2026-07-09T09:00:22.827Z",""
"Leandro","6a6iytqeAaJDq4qYheHJXVM2towP1VgpiNR9rLjVxxYW","55","3.555555554","","","","","","","","","","","","","","","","","0.000002184","","","","","","","2026-07-09T09:00:23.856Z","","","","","",""
"HOOD","DGKMY3xr7GyPMrcCXCRD7NBtMaoPu7qbeAuDze3fpump","100","6.872852233","","","","","","","43.9","360","-66.6","960","","","","","","","0.000009017","0.000009408","","","","","","2026-07-09T09:01:20.805Z","2026-07-09T09:05:18.856Z","","","","",""
"at","EJVAipfCfDhnyVjEg8m8m3rXJriCkZHRico9KiKDpump","60","8.000000001","","","","","","","","","","","","","","","","","0.00000394","","","","","","","2026-07-09T09:01:21.825Z","","","","","",""
"grah","EVcgBkj5BcK8qpT8TLV4aa92GpNRoBou17PE35Gopump","","","","","","","","","","","","","","","","","","","","","","","","","2.663e-7","","","","","","2026-07-09T09:02:20.816Z",""
"WONDERMOON","9bURjdFzRwsLaDQgcDDH8pvZ4HSeqptKUzvDu8zuTyC7","","","","","","","","","","","","","","","","","","","","","","","","","5.803e-7","","","","","","2026-07-09T09:02:21.839Z",""
"WC26","3eUQx2XGczbxpawx2LaNx3j4VuHpZATCms8xeFhkpump","56","2.4691358","","","","","","","","","","","","","","","","","0.000002224","","","","","","","2026-07-09T09:03:20.836Z","","","","","",""
"BAG OK","2GyB4AfWU9MYUuroC6GE5rBXAEwXpgLGTFXJueRnpump","","","","","","","","","","","","","","","","","","","","","","","","","4.964e-7","","","","","","2026-07-09T09:03:21.801Z",""
"grah","FJAMt8ZTvt8zL6s9ViHRckZjJsiyma7WxyZPH1xKpump","","","","","","","","","","","","","","","","","","","","","","","","","4.395e-7","","","","","","2026-07-09T09:04:20.799Z",""
"WONDERMOON","3R7FMC2ueafdykifcPD82sFBRTx4mVqHSeWDN2kJ8ALz","","","","","","","","","","","","","","","","","","","","","","","","","0.000001024","","","","","","2026-07-09T09:04:21.791Z",""
"WONDERMOON","DSA9ebw3xuYUeBvuZnBVExqpX3rTF3dJFu6Vc3Pigz3r","","","","","","","","","","","","","","","","","","","","","","","","","3.822e-7","","","","","","2026-07-09T09:05:20.795Z",""
"TOPDOG","4QRetxU9JCGLZyJ1sytK3iS7aGp2BAxwqR63SMX2pump","59","2.370370368","","","","","","","","","","","","","","","","","0.000002205","","","","","","","2026-07-09T09:05:21.816Z","","","","","",""
"at","9V6f9Q8SzN23SjoAw31JUMEfJs4z2qvX4cRkzwzLpump","","","","","","","","","","","","","","","","","","","","","","","","","4.414e-7","","","","","","2026-07-09T09:06:20.885Z",""
"BULLCAT","FizA9BRjLK1ijQLb77kJWbVhBoAiHaYDQGGZHYTTpump","57","0.493827159","","","","","","","","","","","","","","","","","0.000001891","","","","","","","2026-07-09T09:07:19.000Z","","","","","",""
"at","hsGrSbtpDkWjJD8jMXMJd5jB45uk6nZEioT4vwzpump","60","8.000000001","","","","","","","","","","","","","","","","","0.000005523","","","","","","","2026-07-09T09:07:19.827Z","","","","","",""
"REDACTED","8BDSVxeGrsnPN5929cDYwvTcpDDmL1mNSXxA4t5Zpump","85","9.876543208","","","","","","","0.2","240","-2.6","960","","","","","","","0.000003959","0.000004083","","","","","","2026-07-09T09:08:20.828Z","2026-07-09T09:12:18.935Z","","","","",""
"grah","G4Yy2LELdD8RPDtKxUE6ZbW7ejkdJNMNABehwJejpump","","","","","","","","","","","","","","","","","","","","","","","","","5.475e-7","","","","","","2026-07-09T09:08:21.800Z",""
"at","DX8Jns2Epe7JGYRNuo5Asz7jiQn8bcNTX8msL2Y8pump","60","8.000000001","","","","","","","","","","","","","","","","","0.000004782","","","","","","","2026-07-09T09:08:22.832Z","","","","","",""
"Lizard","3UaHQqWBahfV5rxByCDDSvrTRoXKpddU8mZU5Rh9pump","61","1.97530864","","","","","","","","","","","","","","","","","0.000002202","","","","","","","2026-07-09T09:11:22.807Z","","","","","",""
"AVELON","br1ATWn77ecev1AhWYcJkhubAKDJyMnLxFaikGppump","56","1.48148148","","","","","","","","","","","","","","","","","0.000003159","","","","","","","2026-07-09T09:11:23.815Z","","","","","",""
"BSD","J5fdqC3zPWFX8Yz2js7qoAojFT8jEe8gmdCaVgrzpump","56","2.370370368","","","","","","","","","","","","","","","","","0.000002338","","","","","","","2026-07-09T09:11:24.796Z","","","","","",""
"25","Cx6UpHKf3Td58cdYadD2S9xf2fyAFv8GQ3Ue867Hpump","","","","","","","","","","","","","","","","","","","","","","","","","0.00000245","","","","","","2026-07-09T09:11:25.818Z",""
"Lizard","En6rdr467b8XnGTiPSDTKbzDMYqk1yJHkxzzackfpump","61","1.97530864","","","","","","","","","","","","","","","","","0.000002219","","","","","","","2026-07-09T09:12:21.824Z","","","","","",""
"grah","Ght6y8w2HuDk94FmZmtChpABipjCpm4wHvgf67yRpump","","","","","","","","","","","","","","","","","","","","","","","","","2.786e-7","","","","","","2026-07-09T09:12:22.830Z",""
"grah","DzZ559uekchF1DpDyGBGLotXzva2WtMaRRgVcgX3pump","78","6.913580245","","","","","","","","","","","","","","","","","0.000003663","","","","","","","2026-07-09T09:12:23.800Z","","","","","",""
"hey","8ShnU2weaQanPMjACye3pDVBrSdeWvFQQzUHtpVVHABB","67","3","","","","","","","","","","","","","","","","","0.000002244","","","","","","","2026-07-09T09:13:20.803Z","","","","","",""
"Lizard","124ApbVQ1eb67Pq713iaNbipciXa7a2HYajGKUHJpump","61","1.97530864","","","","","","","","","","","","","","","","","0.000002213","","","","","","","2026-07-09T09:13:21.862Z","","","","","",""
"Lizard","58tsQaLCast6q3ta4YgvtcuzE324xDHRA3dEceq3pump","61","1.97530864","","","","","","","","","","","","","","","","","0.000002233","","","","","","","2026-07-09T09:14:19.825Z","","","","","",""
"Lizard","67ACVSB5GwCvfJYAxPp5e8VCLaTNrFASeQ2axuSdpump","61","1.97530864","","","","","","","","","","","","","","","","","0.000002226","","","","","","","2026-07-09T09:15:20.827Z","","","","","",""
"grath","AiXsjPwSdMq5m3o9norJdWSJfZ2h3bbwEzqCZgqUpump","78","6.913580245","","","","","","","","","","","","","","","","","0.000005359","","","","","","","2026-07-09T09:15:21.822Z","","","","","",""
"Boink","4B7YU2gWuZtkLdb9jtwPb8h2DEqjchPTHDu8XLNHpump","68","6","","","","","","","","","","","","","","","","","0.000002347","","","","","","","2026-07-09T09:16:20.876Z","","","","","",""
"Yescka","BAzKsjLG2fCjK6BvtCQGRGk9zSXr1TQeBzKhrvVVLzxR","56","2","","","","","","","","","","","","","","","","","0.000002196","","","","","","","2026-07-09T09:16:21.862Z","","","","","",""
"Lizard","Fpeckt1Svy9JjBv2CXamAtNRNdr3N9LGK3znmeAXpump","61","1.97530864","","","","","","","","","","","","","","","","","0.000002226","","","","","","","2026-07-09T09:17:22.796Z","","","","","",""
"Polita","FAvzCBdSaWrzFtX9RX7eEoFEewtf2Rb4U8VLfALXpump","","","","","","","","","","","","","","","","","","","","","","","","","3.362e-7","","","","","","2026-07-09T09:17:23.810Z",""
"25","51FHrRRkqDENqA5Q5iiJ7Ktvd2f4acP9so9wUfEWpump","","","","","","","","","","","","","","","","","","","","","","","","","4.911e-7","","","","","","2026-07-09T09:17:24.882Z",""
"Lizard","AzoVFbGdqoSMnyhwiCxXvsNXeeLLLy5PawdnBu97pump","61","1.97530864","","","","","","","","","","","","","","","","","0.000002229","","","","","","","2026-07-09T09:17:25.799Z","","","","","",""
"Lizard","3KqD7MMDCPA91cfo5P8XvWu3vWxoEEns7yYc3eRSpump","61","1.97530864","","","","","","","","","","","","","","","","","0.000008864","","","","","","","2026-07-09T09:18:22.800Z","","","","","",""
"Polita","AE4wRA8dQB76QcvyUqnJonHBKqYr93X2UFCa8f8Vpump","","","","","","","","","","","","","","","","","","","","","","","","","0.000002153","","","","","","2026-07-09T09:18:23.802Z",""
"BKIT","5tq57BzM8aYc6BGTSzahQ3NJseeJSSEi3d5T8Gyspump","84","3.950617282","","","","","","","","","","","","","","","","","0.000001813","","","","","","","2026-07-09T09:18:24.902Z","","","","","",""
"Lizard","bxNRz8qG21gShcT2bQA1n7J6KD85kbZuxeBNsYRpump","61","1.97530864","","","","","","","","","","","","","","","","","0.000002225","","","","","","","2026-07-09T09:18:25.835Z","","","","","",""
"PUMPSON","9TTnB4xX9ysg6yjtqnYe6ZBVq91QdU9kEUMDLSrApump","","","","","","","","","","","","","","","","","","","","","","","","","3.698e-7","","","","","","2026-07-09T09:19:22.878Z",""
"Lizard","8armKaUK4pkij9yMocFqxQSK3JHhE3VpiPfQzDWNpump","61","1.97530864","","","","","","","","","","","","","","","","","0.000002225","","","","","","","2026-07-09T09:19:23.812Z","","","","","",""
"rossy","Ei368NJq8wru7M6rDwWcZ9H4s7NeYgMdek2PHUwqpump","","","","","","","","","","","","","","","","","","","","","","","","","0.000002194","","","","","","2026-07-09T09:19:24.806Z",""
"Alexander","2FqXZ4rZkwTMt3xhA6xWkWYCUd8kbh9Cpp4wr5ntpump","72","10","","","","","","","","","","","","","","","","","0.000004355","","","","","","0.000002259","2026-07-09T09:19:25.812Z","","","","","2026-07-09T09:21:18.901Z",""
"Shelter","D2DtyW8znMjZ4wXRCBV2Dd5Dzqv3Xsnmd25V5qG8pump","76","0.05","","","","","","","","","","","","","","","","","0.000002181","","","","","","","2026-07-09T09:20:20.840Z","","","","","",""
"Shelter","FkmQMJUr6fZGzdMXSWtqzhdGULB2xHRvKSagGtZ6pump","56","2.962962961","","","","","","","","","","","","","","","","","0.000004949","","","","","","","2026-07-09T09:20:21.904Z","","","","","",""
"at","4qReQ8D2GLfTuYtZLbE7sM5p8o7rB4QrhfLhi6YTpump","60","8.000000001","","","","","","","0","0","0","960","","","","","","","0.000003103","0.000003103","","","","","","2026-07-09T09:22:19.846Z","2026-07-09T09:25:18.945Z","","","","",""
"Leandro","8izQA2DgBVDAKgMmg92Ai2Jq8ng2Wot6qqJZy8vpump","58","5","","","","","","","","","","","","","","","","","0.000002221","","","","","","","2026-07-09T09:24:20.870Z","","","","","",""
"at","ELQUozkyexFzoTZ5geLaFrFEMW3QWPF3M2HhJasxpump","","","","","","","","","","","","","","","","","","","","","","","","","3.611e-7","","","","","","2026-07-09T09:24:21.812Z",""
"DIP","ATGma8ZTp4WTiXhGhaW3dT8oF9kTZ2BfcyPVcna9139g","63","3","","","","","","","","","","","","","","","","","0.00001161","","","","","","","2026-07-09T09:26:20.802Z","","","","","",""
"Harper","8vmV1j2mSvYiH7FG2dMkK91PsEB3m3Agf2q7o1RCpump","","","","","","","","","","","","","","","","","","","","","","","","","0.000003799","","","","","","2026-07-09T09:26:21.905Z",""
"piss","Fe2r9N5ZVPgoVnihjMYubSrwagpDBQkkkzgb5ZQNpump","66","0.05","","","","","","","","","","","","","","","","","0.000002179","","","","","","","2026-07-09T09:27:22.793Z","","","","","",""
"at","5egHifPAHoyNNgJjqqTXKe3Q8bnkbjGKckRDXZcNpump","60","8.000000001","","","","","","","","","","","","","","","","","0.000003159","","","","","","","2026-07-09T09:27:23.898Z","","","","","",""
"at","7KHMEmBiwQ2A2v89FUePfwJLaM5VjKDNq9L9VwGhpump","","","","","","","","","","","","","","","","","","","","","","","","","1.964e-7","","","","","","2026-07-09T09:27:24.802Z",""
"ANSEMJAK","38QSHDfJyhrYjnsRMmTFjT6SBsnC6r2d87HokmDdpump","89","14.814814813","","","","","","","","","","","","","","","","","0.000006167","","","","","","0.000002197","2026-07-09T09:27:25.888Z","","","","","2026-07-09T09:30:18.974Z",""
"grath","CfE911g7U7gH1mW7k6ZcUL2KVUQiqt6ArVyhXmkppump","","","","","","","","","","","","","","","","","","","","","","","","","8.631e-8","","","","","","2026-07-09T09:28:21.834Z",""
"at","4WiPoPgybTWoCzZvx5jxeu1z4mMWQWhkqUYcoq5ppump","","","","","","","","","","","","","","","","","","","","","","","","","2.192e-7","","","","","","2026-07-09T09:28:22.787Z",""
"LostRelics","M2dcAfcvGzyWT1eF1H3XeKv6drBfZajrQWTNbidpump","55","1.382716048","","","","","","","","","","","","","","","","","0.00000242","","","","","","","2026-07-09T09:28:23.810Z","","","","","",""
"GBB","GxJfJFN2gdVa7io3gtJnvXCCXbeht41qQcJgLTXipump","99","0.250000001","","","","","","","","","","","","","","","","","0.000002242","","","","","","2.485e-7","2026-07-09T09:29:19.982Z","","","","","2026-07-09T09:31:19.002Z",""
"Kanavi","56hSejjQ3faV1pYgUVQYE9qDkK3bifvV7x2qW6ikpump","57","5","","","","","","","","","","","","","","","","","0.000002225","","","","","","","2026-07-09T09:30:20.878Z","","","","","",""
"at","ytBCTVZbZmbD6DS4dvUgjQgUanKPbuW6R1pj8jEpump","62","9.000000001","","","","","","","","","","","","","","","","","0.000003069","","","","","","","2026-07-09T09:30:21.886Z","","","","","",""
"grath","7g7GXfUg5JyjRCjCBq1HNG374q6Bj7BqjUs4STQXpump","","","","","","","","","","","","","","","","","","","","","","","","","2.032e-8","","","","","","2026-07-09T09:31:22.705Z",""
"QUANTKID","Lx41BsgabGRgnUNBtXdcVVMbt3WGNB6kFoXxn25pump","100","0.296296295","","","","","","","","","","","","","","","","","0.000003117","","","","","","0.000001205","2026-07-09T09:32:20.856Z","","","","","2026-07-09T09:33:19.032Z",""
"goldenbull","DddME2DBU9yXitiiSCXw9JhK1A3HRqHpX3meCbtYpump","61","1.97530864","","","","","","","","","","","","","","","","","0.00001136","","","","","","","2026-07-09T09:32:21.783Z","","","","","",""
"grath","3gvPveX784seEurFjmejd4kBJMxoTDXtzo6CMgPcpump","","","","","","","","","","","","","","","","","","","","","","","","","3.848e-8","","","","","","2026-07-09T09:33:20.827Z",""
"at","C9CKmCMisD4vzVQPooe8hMcLxn4eE1nLLQ24haN3pump","","","","","","","","","","","","","","","","","","","","","","","","","3.424e-7","","","","","","2026-07-09T09:33:21.796Z",""
"Harper","22dBxTbgVKg8ahbk6NaP7Ki2si6YG5mfW2nVf5kzpump","","","","","","","","","","","","","","","","","","","","","","","","","0.000003184","","","","","","2026-07-09T09:34:21.559Z",""
"Harper","E1xQYhBkfXAQ9M5mq7snzhs2Q7Ghdru7GyKsrgM5pump","","","","","","","","","","","","","","","","","","","","","","","","","0.000001622","","","","","","2026-07-09T09:34:21.764Z",""
"ANSEMJAK","2CAB4hsqs6L9EsR3ZFwYsh5puqhqrmzqG7kQk3gvpump","87","14.814814813","","","","","","","","","","","","","","","","","0.000006359","","","","","","","2026-07-09T09:34:23.025Z","","","","","",""
"grath","FDXy8Q6J9M2JLRkPF2Z7eSNvTg854DRw8JbK2sx6pump","","","","","","","","","","","","","","","","","","","","","","","","","4.601e-8","","","","","","2026-07-09T09:35:20.791Z",""
"BULLY","6FtgfwULQnxBeg4eQt9eashUNG13uwtFkToE5Pm3pump","","","","","","","","","","","","","","","","","","","","","","","","","1.79e-7","","","","","","2026-07-09T09:36:19.809Z",""
"MEYHEM","GNUJpV6DzsQ6fZYDBgLsaJgBbFHkkZ8XyMSpNGqpump","","","","","","","","","","","","","","","","","","","","","","","","","3.978e-7","","","","","","2026-07-09T09:37:20.782Z",""
"grath","3vrCQME4RoXCJEq4F6kwcodGJhHyPPCFVsuApGJipump","72","4.938271603","","","","","","","","","","","","","","","","","0.00001521","","","","","","","2026-07-09T09:37:21.795Z","","","","","",""
"Astro dogs","3Sk3osV7ghccUwpaZeV7uPYkEuR2ywe9NMZbrT8Npump","","","","","","","","","","","","","","","","","","","","","","","","","0.000002443","","","","","","2026-07-09T09:38:21.911Z",""
"HEHE","EkSdfp9vwzdprNvvwXjvitwPnGdJbcMhotJTqXjnpump","56","1.48148148","","","","","","","","","","","","","","","","","0.000002608","","","","","","","2026-07-09T09:38:22.843Z","","","","","",""
"KIPPAH","9NfSPsW5bGbUBGKQQqRR1tsBFytFCHRbdXaDXSdkpump","88","6.25185185","","","","","","","","","","","","","","","","","0.000003561","","","","","","","2026-07-09T09:38:23.789Z","","","","","",""
"LENGO","9Gsfedn6ERZRhUW7bvQiBrxKV2RfuyYeKigDoyHYpump","","","","","","","","","","","","","","","","","","","","","","","","","6.004e-7","","","","","","2026-07-09T09:39:20.785Z",""
"SPOT","kSGj85xkdwwuN9bY1r5Q1RkkeDCAWPysVUt6JVn7xsd","60","4","","","","","","","","","","","","","","","","","0.000007254","","","","","","","2026-07-09T09:39:21.948Z","","","","","",""
"grath","4MC1hveXxkgzFkb1r7KbgH5BbqU4MQHYiwxcPLHPpump","","","","","","","","","","","","","","","","","","","","","","","","","4.794e-7","","","","","","2026-07-09T09:40:21.853Z",""
"HOODWORK","7ZRHqMVfpqJsAExVzAm3qCK32HioWzftwfTPcfqpump","58","1.629629628","","","","","","","","","","","","","","","","","0.000003068","","","","","","","2026-07-09T09:40:22.776Z","","","","","",""
"at","8Rxv4bN8Up9RFSCRsT7RU8qCko9YXhbkwHS2HLoEpump","","","","","","","","","","","","","","","","","","","","","","","","","4.427e-7","","","","","","2026-07-09T09:40:23.802Z",""
"BANANA","9h2e8JWJtamkcsDSqJkbBKfQR25xSaYRcoRWsT9Qpump","58","0.050084894","","","","","","","","","","","","","","","","","0.00003102","","","","","","","2026-07-09T09:41:19.842Z","","","","","",""
"Harper","AnLvFGgBntHa4GxA5tdsmDektCTSjeHPs7bjE9WWpump","","","","","","","","","","","","","","","","","","","","","","","","","0.000002211","","","","","","2026-07-09T09:42:22.800Z",""
"TRASHCAT","8E8Ke5NZydVow6eEJVGAdHQSL6fu6fq5xkXir3aYpump","","","","","","","","","","","","","","","","","","","","","","","","","5.549e-7","","","","","","2026-07-09T09:42:23.916Z",""
"at","CTELAX4bpA5WRCSCtMmQRcByvf3NXz4DvTUthCw5pump","86","35.000000001","","","","","","","","","","","","","","","","","0.00002133","","","","","","8.311e-7","2026-07-09T09:42:24.789Z","","","","","2026-07-09T09:44:18.876Z",""
"FRY","EURTXqfwJv2Vg3mkTxoHNbxQAtEoSb4LzdGXBzKGpump","64","2.370370368","","","","","","","","","","","","","","","","","0.000002189","","","","","","","2026-07-09T09:43:22.792Z","","","","","",""
"gasmask","GgjZ2Rvnr4GvBeEZuqC4zifqGKZANFdbyU7pkkbMpump","70","3","","","","","","","","","","","","","","","","","0.00001249","","","","","","","2026-07-09T09:43:23.836Z","","","","","",""
"gasmask","4YMHB69XVfTbsKPwDGVhchyuATtgbpSWK4Y2qDkKbhJH","","","","","","","","","","","","","","","","","","","","","","","","","0.000002187","","","","","","2026-07-09T09:43:24.883Z",""
"grath","FgoL7GShbKE7uTuP8hNSM5yDfVoYu4VryMuwfXW1pump","","","","","","","","","","","","","","","","","","","","","","","","","2.154e-7","","","","","","2026-07-09T09:43:25.788Z",""
"PUMP","HPXCJNGnWCf5D36Y1Q29BXArkJhkRw7xcap7g8ynpump","","","","","","","","","","","","","","","","","","","","","","","","","7.335e-7","","","","","","2026-07-09T09:45:23.778Z",""
"at","DcSg5m8LuZnp17VYUYDyTH68LWicSEt6Pa3BA88pump","","","","","","","","","","","","","","","","","","","","","","","","","2.729e-7","","","","","","2026-07-09T09:45:24.856Z",""
"SOLK","GFZVCWYMr7Bd2aokA66ytH1KZ2n8BgdH9DcpXn9Vpump","58","1.679012344","","","","","","","","","","","","","","","","","0.000002192","","","","","","","2026-07-09T09:45:25.813Z","","","","","",""
"CHADLER","7RkiGVcVFkyjCRccVQpP2uPhLTdBqyHYTGk1MHZ9pump","58","0.050084894","","","","","","","","","","","","","","","","","0.000002379","","","","","","","2026-07-09T09:45:26.804Z","","","","","",""
"PATRIOTS","D3ardBoTmeED51LnUXQqMcsmQdPxxLBqbnU4ANgCpump","98","14.814814813","","","","","","","","","","","","","","","","","0.000004289","","","","","","","2026-07-09T09:46:23.841Z","","","","","",""
"at","2SUNnDpTV5uHKr51cQ1xx5Qu4FBzfDCTT5vDsJqUpump","","","","","","","","","","","","","","","","","","","","","","","","","0.000001807","","","","","","2026-07-09T09:46:24.848Z",""
"KILL SAD","7hnSrXpDEL6XVDUQbGJT7TkQcbQLGuwoNrQWCMHdpump","","","","","","","","","","","","","","","","","","","","","","","","","4.067e-7","","","","","","2026-07-09T09:47:22.801Z",""
"at","6jgEGNtcZ3JEwaL7XfQpL2Hj3sp3FbijjA4KchRbpump","","","","","","","","","","","","","","","","","","","","","","","","","4.821e-7","","","","","","2026-07-09T09:47:23.816Z",""
"ANSEMJAK","HnJoiYzGBtp8jTLnRVQM8sfTkYBmWHbirSJ7NsM3pump","","","","","","","","","","","","","","","","","","","","","","","","","0.000002205","","","","","","2026-07-09T09:47:24.812Z",""
"grath","Dd5Wbotn5bNcFbiKoRVDR2m53NaCgrXd66vsNucCpump","","","","","","","","","","","","","","","","","","","","","","","","","7.165e-7","","","","","","2026-07-09T09:47:25.832Z",""
"Cash","ERGWJX8gXRhzXryeUGC1VgsBGAzPyjHSuQrx2tFcEhuY","65","4","","","","","","","","","","","","","","","","","0.000002192","","","","","","","2026-07-09T09:48:20.882Z","","","","","",""
"grath","GvhLEjyKpm6JDbLuj6Aru1niFhkdH23rDufW3ScVpump","","","","","","","","","","","","","","","","","","","","","","","","","3.088e-8","","","","","","2026-07-09T09:48:21.789Z",""
"grath","5WgEQnu1PegoU6e4HWi3fd4HGmfuKKA39f7jwt2Tpump","","","","","","","","","","","","","","","","","","","","","","","","","1.184e-7","","","","","","2026-07-09T09:49:20.804Z",""
"ANSEMJAK","BSuJjVi3dfASdSsJhzAvYLhDG7kqjGXAhZ9YoEYYpump","85","14.814814813","","","","","","","","","","","","","","","","","0.000005852","","","","","","","2026-07-09T09:49:21.842Z","","","","","",""
"CASHCAT","HxFWGg8yDUhLMaMboFp2HV7KyLxtaJYd61CwRHr5pump","","","","","","","","","","","","","","","","","","","","","","","","","1.022e-7","","","","","","2026-07-09T09:50:21.775Z",""
"Hedgy","BDHZpm1srXi4TH4WwyLtjXeALiesZSTEKC3MevANpump","55","2.962962961","","","","","","","","","","","","","","","","","0.000002265","","","","","","","2026-07-09T09:50:22.797Z","","","","","",""
"SHARK","82m6ycLdSE3JhFK4YfVtpSXRUggp7q5Y6QBJXc43pump","55","1.362962961","","","","","","","","","","","","","","","","","0.000002179","","","","","","","2026-07-09T09:50:23.844Z","","","","","",""
"RIGHT","E4JCS15EsQDZ4yvFBaRo7y2sQkSqi3R9DAiMHjXPpump","57","0.250000001","","","","","","","","","","","","","","","","","0.000001429","","","","","","2.767e-7","2026-07-09T09:51:20.792Z","","","","","2026-07-09T09:52:18.862Z",""
"TEXE","6vTypN9nTFYzpobqWZLjb2FnNoD9UzuEPw8TL8Lmpump","61","1.98148148","","","","","","","","","","","","","","","","","0.00000218","","","","","","","2026-07-09T09:51:21.783Z","","","","","",""
"grath","HqzN2aUawuPRbWnnNLNfbKVZx1Pxut8vJktFBMGApump","","","","","","","","","","","","","","","","","","","","","","","","","8.408e-8","","","","","","2026-07-09T09:52:19.803Z",""
"LUCIE","ASzCKrqGBBLmS2HVhSw7QeMzQk7ZK25RRYBmuJW7pump","67","3","","","","","","","","","","","","","","","","","0.000002222","","","","","","","2026-07-09T09:54:20.817Z","","","","","",""
"sunglasses","7dNKSb7saFuUX4Hy1kRfP4T8KAJbspZ1iFsyc2U6pump","77","3","","","","","","","","","","","","","","","","","0.000007624","","","","","","","2026-07-09T09:54:21.772Z","","","","","",""
"grath","2vwhJ6GzdQv2SvXD22Hh9Adqi1yixC3KBWXwSAadpump","","","","","","","","","","","","","","","","","","","","","","","","","3.357e-7","","","","","","2026-07-09T09:56:20.785Z",""
"LUCIE","7Tw3TKjUTNgjwBKHyAtZRVz7Dm9fjRy97Vk6psYgpump","58","1.481481479","","","","","","","","","","","","","","","","","0.000002184","","","","","","","2026-07-09T09:58:21.879Z","","","","","",""
"Grey","cRui83MZuexqh37Vjhgk2yaYX3Z58DwejSvJk1Dpump","63","3","","","","","","","","","","","","","","","","","0.000002286","","","","","","","2026-07-09T09:58:22.984Z","","","","","",""
"PNF","Dt7wvXfSzzYJhBprxjXLkcWCQm5HJ8UTfjRYvRqopump","97","0.019753085","","","","","","","","","","","","","","","","","0.000002198","","","","","","","2026-07-09T09:58:23.795Z","","","","","",""
"chick","E53CzUhuvmgJ6HmcyJ4jBEG26HycVHJS5fs2Kwp3pump","","","","","","","","","","","","","","","","","","","","","","","","","0.000001025","","","","","","2026-07-09T09:59:21.809Z",""
"at","59zPaMHLm9wgYb6aDY2Hjbqirxwn7F6xo5SUdvBSpump","","","","","","","","","","","","","","","","","","","","","","","","","3.841e-7","","","","","","2026-07-09T09:59:22.787Z",""
"BRB","FdzgjHdSyirMAnFhTNn9oZiQ8dAuEY7xEsk5K13pump","64","2.500000001","","","","","","","","","","","","","","","","","0.000002988","","","","","","","2026-07-09T09:59:23.862Z","","","","","",""
"ANSEMJAK","ThzXLDwvnmyMEYsFqYzWMX5tb4WcP5jSnQ5gHsEpump","","","","","","","","","","","","","","","","","","","","","","","","","0.000002208","","","","","","2026-07-09T10:00:20.839Z",""
"at","8UJ5WZCpGzmVp66E6myZMd87WdK2S2bBPmqAXUKGpump","","","","","","","","","","","","","","","","","","","","","","","","","0.000001704","","","","","","2026-07-09T10:00:21.835Z",""
"$GULL","DPhH19gebzoxhmvz48PV1zzd3YuACwWh9W8xdYVqpump","61","1.97530864","","","","","","","","","","","","","","","","","0.00000244","","","","","","","2026-07-09T10:01:22.780Z","","","","","",""
"Taro","4DNwXreNq49pzEp4hGGUBFdCJn7gXNm1G81RrJhPdKws","60","3","","","","","","","","","","","","","","","","","0.000002285","","","","","","","2026-07-09T10:01:24.009Z","","","","","",""
"$Bsun","9fQZ99qGSijXdQbi9h6ZC7fqBdca6EWqWAMDcN6Lpump","96","0.060000001","","","","","","","","","","","","","","","","","0.00001192","","","","","","","2026-07-09T10:01:24.221Z","","","","","",""
"at","6qFkgYLevbxLpDwsz35y1CJdV5yCXynwMR99Z6AYpump","60","8.000000001","","","","","","","","","","","","","","","","","0.000003449","","","","","","","2026-07-09T10:01:24.839Z","","","","","",""
"FBI","4aX5nXXzFfy4jPJpNJ5Dy7jMKsu9zdU2DXM8ci9Apump","89","1.5","","","","","","","","","","","","","","","","","0.000002184","","","","","","","2026-07-09T10:02:22.791Z","","","","","",""
"re","Ane1YJLPWKRsQspf8ErpWj4NCqRXfpEYfJT2TXoXpump","","","","","","","","","","","","","","","","","","","","","","","","","8.348e-7","","","","","","2026-07-09T10:02:23.831Z",""
"ANSEMJAK","Ahv4U864XyH2PxquRyj4b5qkbpKvdCJvNufFzZ1Wpump","","","","","","","","","","","","","","","","","","","","","","","","","0.0000022","","","","","","2026-07-09T10:02:24.787Z",""
"tu","DheLtmZC5J6EZnULgziVwL3HWbiZpvwwFGPdfMj7pump","","","","","","","","","","","","","","","","","","","","","","","","","8.852e-7","","","","","","2026-07-09T10:03:22.825Z",""
"OPOS","CBxGh8une14CGJJaLmwACwtVpw6xVyawRUGwzdgjbonk","57","2.9625","","","","","","","","","","","","","","","","","0.000003988","","","","","","","2026-07-09T10:03:23.866Z","","","","","",""
"Mintlane","FKchWLco1aDX48nvaD74fPNQNTHpaCkNQFTHK4appump","57","1.560493826","","","","","","","","","","","","","","","","","0.000002417","","","","","","","2026-07-09T10:03:24.783Z","","","","","",""
"grath","5AYdgr8iytVizGG3C5TAQrDcPXN18mFnruY4w8pKpump","","","","","","","","","","","","","","","","","","","","","","","","","1.094e-7","","","","","","2026-07-09T10:03:25.779Z",""
"Cat","4FyYJF79rA7R9DmniRVn6oPGF89b9J1LAbYUV8rhpump","60","2.5","","","","","","","","","","","","","","","","","0.000002286","","","","","","","2026-07-09T10:04:22.790Z","","","","","",""
"33","2xVQdXaKaxCcCxvNR35z8mMUWELFw8vyDFbA8RAdpump","","","","","","","","","","","","","","","","","","","","","","","","","7.49e-7","","","","","","2026-07-09T10:04:23.769Z",""
"ANSEMJAK","DhgH3Qqt2tMt7zhtGy6R6QRXcG6zvVUopkh129Bepump","82","14.814814813","","","","","","","","","","","","","","","","","0.000006187","","","","","","0.000002249","2026-07-09T10:04:25.825Z","","","","","2026-07-09T10:06:18.872Z",""
"at","CpZYsx8xkcvBg2UcMynEq7yvBKLEGFVfoTHYEqsBpump","62","9.000000001","","","","","","","","","","","","","","","","","0.000007552","","","","","","0.000002159","2026-07-09T10:04:26.774Z","","","","","2026-07-09T10:06:18.899Z",""
"Cal","5kGLCmwbrUccmub8by4K6T1iPMLABJb5tQkEdDH3pump","99","9.876543208","","","","","","","","","","","","","","","","","0.000008632","","","","","","","2026-07-09T10:05:21.803Z","","","","","",""
"BRAINDEAD","3UGTyhQQEZJ3tXbBmvUfBCLbaqu4YJz9jeUtx8YPpump","","","","","","","","","","","","","","","","","","","","","","","","","6.571e-7","","","","","","2026-07-09T10:05:22.780Z",""
"6","DDL9NmunyxDXp6kcMY7W1fkkTCLZ3bLC4PgE1cL117BK","72","4","","","","","","","","","","","","","","","","","0.000002183","","","","","","","2026-07-09T10:05:23.770Z","","","","","",""
"at","HNG6nJ8CG5oGNJU1Ko1spRHPEKYQFFyYNZHoDm9cpump","","","","","","","","","","","","","","","","","","","","","","","","","3.039e-7","","","","","","2026-07-09T10:06:19.770Z",""
"VIGYL","Hw78rmaotDWyYFJbVwP6dCwmPpngGGvm5hYCYQ5wpump","59","1.776900297","","","","","","","","","","","","","","","","","0.000002197","","","","","","","2026-07-09T10:07:21.903Z","","","","","",""
"BITTO","HeEHk4wqkLFzWasZpXghwUJzzcw11ZyxWvAxhpBCpump","55","2.962962961","","","","","","","","","","","","","","","","","0.000002183","","","","","","","2026-07-09T10:07:22.914Z","","","","","",""
"at","D1eiuzPZhttcxGsCMEtiowuJvGy1UW3HSpjmT1Jqpump","","","","","","","","","","","","","","","","","","","","","","","","","4.494e-7","","","","","","2026-07-09T10:07:23.772Z",""
"ENZO","591LMzSMH6DqiEo7HHK3ZjAaDU2CzTgvwCxRwVabpump","","","","","","","","","","","","","","","","","","","","","","","","","1.082e-7","","","","","","2026-07-09T10:08:20.779Z",""
"WIFGASMASK","3o1eLpKtR9vBkKALm1tjPuD3U7MKWMoLEPP8yHzppump","57","1.580246912","","","","","","","","","","","","","","","","","0.000003152","","","","","","","2026-07-09T10:08:21.857Z","","","","","",""
"Ascend","7cGWY89qDXT2xx1RfweuRoz3r2FUtarZQ2jGsEUApump","57","2.5","","","","","","","","","","","","","","","","","0.000002351","","","","","","0.000002187","2026-07-09T10:09:22.781Z","","","","","2026-07-09T10:13:18.829Z",""
"$Bsun","GMraatg22W2AAD2qjgs7Fbz8yheqbVmfd8ZHeLAfpump","","","","","","","","","","","","","","","","","","","","","","","","","0.000001298","","","","","","2026-07-09T10:09:23.774Z",""
"NEVERMEOW","ADw22wSTM3miwHeunw4vjM2s5wg4Tu1Jkp9KcNA4pump","100","0.127387523","","","","","","","","","","","","","","","","","0.000002275","","","","","","0.000002188","2026-07-09T10:09:24.762Z","","","","","2026-07-09T10:13:18.888Z",""
"ANSEMJAK","9D85dnQokAK2nsy3TLxrjZAhu9fsGpHuiuYmis8vpump","82","14.814814813","","","","","","","","","","","","","","","","","0.000005762","","","","","","0.00000223","2026-07-09T10:09:25.775Z","","","","","2026-07-09T10:11:18.919Z",""
"SCTF","Af48vwREMKXXHJEJdNb7SERin1ve2myVtDym65qupump","57","0.250000001","","","","","","","","","","","","","","","","","0.00002375","","","","","","1.155e-7","2026-07-09T10:10:20.842Z","","","","","2026-07-09T10:13:18.857Z",""
"ii","6JvXF9xHbAs1UsBwTaWRE5oEqH9zAbFhQDLcPKMBpump","","","","","","","","","","","","","","","","","","","","","","","","","3.831e-7","","","","","","2026-07-09T10:10:21.791Z",""
"Ferret","5fv7fPaGtpa3txuLy9spxDUxrWQakB7MDHhuNBMX7jTn","72","4","","","","","","","","","","","","","","","","","0.000002215","","","","","","","2026-07-09T10:13:19.922Z","","","","","",""
"ENZO","7rGnyvwabKYpE2o2uwz6WQMuF6z8c1mYutD3rS4vpump","","","","","","","","","","","","","","","","","","","","","","","","","0.000001091","","","","","","2026-07-09T10:14:21.810Z",""
"Dhurbe","8EFn5pRZ3ryrdS5vhsTcC5RyFxFngV4SnQzRLqVvpump","60","3","","","","","","","","","","","","","","","","","0.000002292","","","","","","","2026-07-09T10:14:22.833Z","","","","","",""
"RIVAL","3pofbbKtBh4T4UyBfuppTqa1StZenVPt7Z3L36TUpump","61","1.97530864","","","","","","","","","","","","","","","","","0.000002198","","","","","","","2026-07-09T10:14:23.771Z","","","","","",""
"SENDDDD","3xYGYKwAKgFV8mmqhs52PH17csgK7sU2Y52uzuWapump","96","0.148148147","","","","","","","","","","","","","","","","","0.000008078","","","","","","2.581e-8","2026-07-09T10:14:24.786Z","","","","","2026-07-09T10:16:18.877Z",""
"kkll","8bVXxawey2NZWBR9A8bzKq8aMgfQd1KFxCZH4hi1pump","","","","","","","","","","","","","","","","","","","","","","","","","4.348e-7","","","","","","2026-07-09T10:15:21.830Z",""
"Dhurbe","7coBkytQh3rC5grURZeLhLe69bfsFEgtGLkXzXt8pump","58","3","","","","","","","","","","","","","","","","","0.000002285","","","","","","","2026-07-09T10:15:22.773Z","","","","","",""
"Bruv","7Nyn6apHAhuWSWo1tbHd7UvVmWe5xy3Zra2jsbBpump","","","","","","","","","","","","","","","","","","","","","","","","","8.198e-7","","","","","","2026-07-09T10:15:23.787Z",""
"SPEEDRUN","A1a7N66do6pzNSji6NYhFcFzps5fn87kwa6WMYtvpump","64","0.622222221","","","","","","","","","","","","","","","","","0.000004517","","","","","","","2026-07-09T10:16:19.756Z","","","","","",""
"try","3Rp4iwGKimLYFsX2R9S7VR2UynM32zo3zvPq5ezFpump","","","","","","","","","","","","","","","","","","","","","","","","","4.075e-7","","","","","","2026-07-09T10:17:20.788Z",""
"Bruv","2P5oGcCa2fgZvF6uHmUHwraLzcakxcHU8akKRwUkpump","","","","","","","","","","","","","","","","","","","","","","","","","8.411e-7","","","","","","2026-07-09T10:18:21.774Z",""
"Shelter","EEfhQyDMfUXsGZmMQzFUzsbZGE8Vdt4dj6rwsYZRpump","61","1.97530864","","","","","","","","","","","","","","","","","0.000002183","","","","","","","2026-07-09T10:18:22.761Z","","","","","",""
"PUH","h7PMP2fvzUc96RM3NAJxLwSEZhYjtHGcEuHqxdJpump","56","3","","","","","","","","","","","","","","","","","0.000002183","","","","","","","2026-07-09T10:18:23.757Z","","","","","",""
"PIEROG","DbDahG5g1ePZhrZ2BVVHo6WZegqWqrMWfQefF8uqpump","","","","","","","","","","","","","","","","","","","","","","","","","3.134e-7","","","","","","2026-07-09T10:20:19.760Z",""
"BBTC","F78zucS9PNyvMRzRigZaVA7GtwDWtGLSTTPxZL1Rpump","100","0.080000001","","","","","","","","","","","","","","","","","0.000004252","","","","","","0.000001071","2026-07-09T10:21:19.783Z","","","","","2026-07-09T10:22:18.798Z",""
"Dr. Bibi","HBmUo7Bbo1ucuiBBxbuTfumLxXjgAzdx58jyUMzUrK4R","68","4","","","","","","","","","","","","","","","","","0.000002182","","","","","","","2026-07-09T10:22:20.833Z","","","","","",""
"ENZO","5Wbf9DqutbjhBP9GfJn5iY3KkefLhnzwyfRCxw96pump","58","0.150000001","","","","","","","","","","","","","","","","","0.00000153","","","","","","","2026-07-09T10:22:21.819Z","","","","","",""
"DHURVE","D4FsDpaxsbmDaKqjpW4FK41zMVxZgUJVCB5WvigMpump","56","1.481481479","","","","","","","","","","","","","","","","","0.000007348","","","","","","","2026-07-09T10:24:20.808Z","","","","","",""
"YELL","4EJNm4cre4XaPJy2h6sfbSUZe7Go9EFc7xtRFMcHpump","61","1.97530864","","","","","","","","","","","","","","","","","0.000002195","","","","","","","2026-07-09T10:24:21.765Z","","","","","",""
"bro","ArEvdUzDBrxd6WZZZyV7zMemwij65M6JfAFF9PuPpump","78","5.925925924","","","","","","","","","","","","","","","","","0.000002618","","","","","","","2026-07-09T10:25:19.819Z","","","","","",""
"ERA","HLVcuwguB7EZdAVzjaLgCCUL9Ews7fbQN4i9gmXJpump","77","5","","","","","","","","","","","","","","","","","0.000002275","","","","","","","2026-07-09T10:27:19.805Z","","","","","",""
"CABAL","EMhaYGALeQy4cnCQzF4E9s2Syjsg7vWJoN6xui79pump","100","5","","","","","","","","","","","","","","","","","0.000002229","","","","","","","2026-07-09T10:28:19.786Z","","","","","",""
"MJ","H8Cg5KMdGQHyFoBgJPehmQbBvqahNWzPKqcMpBZNpump","57","5.500000001","","","","","","","","","","","","","","","","","0.00000218","","","","","","","2026-07-09T10:29:19.767Z","","","","","",""
"H24","4xBPaummbkS732fEcHKoxhWgoLzgPCp93YQmEoNxpump","57","0.059259258","","","","","","","","","","","","","","","","","0.000001731","","","","","","7.377e-7","2026-07-09T10:30:21.768Z","","","","","2026-07-09T10:31:18.787Z",""
"Memesock","t4dvSf5oWjZ732bAetf9WFPRHyJYc6hiMyHxsPopump","67","3","","","","","","","","","","","","","","","","","0.000002282","","","","","","","2026-07-09T10:30:22.779Z","","","","","",""
"DOG.SOL","8LPExhiWvehDgLqHQccN6F8iYC2hoTzAiC7cXqh1pump","67","4.05","","","","","","","","","","","","","","","","","0.00000218","","","","","","","2026-07-09T10:30:23.767Z","","","","","",""
"Grey","865gg8PUqucFRJzXph8CEbbajMNztX7F3SKKB3Vtpump","61","2","","","","","","","","","","","","","","","","","0.000002225","","","","","","","2026-07-09T10:31:19.868Z","","","","","",""
"GRAMRAPE","9F6HQBSGDAAbcSptnBDvJog38iowATVAXFrq4Rmrpump","57","5.500000001","","","","","","","0","0","-0.2","960","","","","","","","0.000002184","0.000002184","","","","","","2026-07-09T10:32:19.771Z","2026-07-09T10:35:18.823Z","","","","",""
"$Family","3yYC7utogqTGRtcRt16gCgd64Gxv9GN2M28w4UVBpump","64","2.469135801","","","","","","","","","","","","","","","","","0.000003816","","","","","","","2026-07-09T10:34:20.989Z","","","","","",""
"Rumeda","3pmdAP2pvxDFBjarAJmPy168Y7sNBoESBmMbeDUApump","59","1.740246912","","","","","","","","","","","","","","","","","0.000002477","","","","","","","2026-07-09T10:34:21.168Z","","","","","",""
"Chicken","Fxsxd5oiZkzwVowNv22mS9BR2MZoa7W7kVjWo68kpump","68","3","","","","","","","","","","","","","","","","","0.000002202","","","","","","","2026-07-09T10:36:21.003Z","","","","","",""
"ROI","AcDvaad6wQfz2sJNpggunuLboSKtgTxfXeQJNNJvpump","100","6.913580245","","","","","","","","","","","","","","","","","0.000002221","","","","","","","2026-07-09T10:36:21.835Z","","","","","",""
"CoolDog","BNmxKy7oJW2EbTDeVVmZwH96fnX7xNswMwhENMwEpump","56","5.250000001","","","","","","","","","","","","","","","","","0.000003015","","","","","","","2026-07-09T10:37:18.791Z","","","","","",""
"WHO?","7UeZdfdTs8f4sQyQDAt7gbFcrDMVyzR3DEUkeeM8pump","67","3","","","","","","","","","","","","","","","","","0.000002183","","","","","","","2026-07-09T10:38:19.675Z","","","","","",""
".soldier","8EcRY9iFCpcKLBCnkYyrWyKNSwnpfiTuPDxq69oDpump","55","5.250000001","","","","","","","","","","","","","","","","","0.000003015","","","","","","","2026-07-09T10:39:21.987Z","","","","","",""
"Fuck Fifa","8MnyTijSsi5z7JS5Ctyp87VVJk2vcvu5rguUbyGWAkfh","55","2.962962961","","","","","","","","","","","","","","","","","0.00000219","","","","","","","2026-07-09T10:39:22.231Z","","","","","",""
"pennyfart","8TJ6yNAHePthDq8CfgHHWDaV4N2bWnwpyycTTGwmpump","67","3","","","","","","","","","","","","","","","","","0.00000221","","","","","","","2026-07-09T10:39:22.755Z","","","","","",""
".pump","CjcVoeeG1fA1eSrBc25KGyakw7ZgrwE2bFmTefZipump","55","3","","","","","","","","","","","","","","","","","0.000002225","","","","","","","2026-07-09T10:41:21.772Z","","","","","",""
".sol","BWPsELXmtwusvQjEik2md6vnbsWhiicH856PTvbdywDN","63","3","","","","","","","","","","","","","","","","","0.000005671","","","","","","","2026-07-09T10:41:22.775Z","","","","","",""
"HODL","FgcyeVmRCXsXKZgF3FEhjyDSmjQNDpfamedxRanTpump","72","4","","","","","","","","","","","","","","","","","0.000002225","","","","","","","2026-07-09T10:41:23.763Z","","","","","",""
".fun","GzfS4TjWspBkBS9nM8PeohLrwxtKLJgAvWeYQJ3epump","100","0.0001","","","","","","","","","","","","","","","","","0.00001553","","","","","","","2026-07-09T10:43:20.758Z","","","","","",""
"Zzz Cat","FQBwd3vo9KSDZ8mEz8yHBhFsrkoi2LQ7xt2NRzTfpump","70","3.456790122","","","","","","","","","","","","","","","","","0.000002979","","","","","","","2026-07-09T10:44:18.871Z","","","","","",""
".sol","65sAGUbHNKd7Tq9QWmbmdNdKQQR4yFGEuHqGH5A5pump","","","","","","","","","","","","","","","","","","","","","","","","","0.000002267","","","","","","2026-07-09T10:44:20.749Z",""
"ELON","DwiizVhZ9tCP75SJ2tMNk9fk6wTjaKTW9cMaeRtTpump","96","5.925925924","","","","","","","","","","","","","","","","","0.000004062","","","","","","","2026-07-09T10:44:21.815Z","","","","","",""
"PFU","B7tjBzt3joTN2nfEW6ndQJ5pDeYw6Fdn7MFKiqe8pump","87","11.85185185","","","","","","","","","","","","","","","","","0.000002616","","","","","","0.000002179","2026-07-09T10:46:20.780Z","","","","","2026-07-09T10:47:18.847Z",""
"RMD","AyRdwt9d3hWt86e1eQehMk1QAANKwGDEZUhnYgTopump","56","1.48148148","","","","","","","","","","","","","","","","","0.000002194","","","","","","","2026-07-09T10:46:21.758Z","","","","","",""
"KYC","D4yRnwfWzxRrX65eyJ8sBsEJHRbQpHFMhpqLK4Sgpump","60","3","","","","","","","","","","","","","","","","","0.000002178","","","","","","","2026-07-09T10:48:19.443Z","","","","","",""
"GGGG","8B7xjgKrKeZHTGr4gDyPLRpcCMWibmFuokNFf2Jppump","","","","","","","","","","","","","","","","","","","","","","","","","3.826e-7","","","","","","2026-07-09T10:49:19.766Z",""
"at","2R2sNGCX89YjywAhrtLrcUMybT3cfupFHTGs86BMpump","56","7.000000001","","","","","","","","","","","","","","","","","0.000002102","","","","","","","2026-07-09T10:50:21.751Z","","","","","",""
"at","69xC4K1YaWMtkijnnD2KTF55TNY6xRv4Pr5nbFeYpump","56","7.000000001","","","","","","","","","","","","","","","","","0.000003728","","","","","","","2026-07-09T10:50:22.749Z","","","","","",""
".sol","39U1mTSXYrfKifknM96tFeCdaYXNDSTjvjU3h4p6pump","73","6.913580245","","","","","","","","","","","","","","","","","0.000002363","","","","","","","2026-07-09T10:50:23.804Z","","","","","",""
"GGGG","6HKii7n97CsbbSk7Cvdd1EupjUSSfm4dU3osC8kTpump","","","","","","","","","","","","","","","","","","","","","","","","","4.545e-7","","","","","","2026-07-09T10:51:20.756Z",""
"Pemp","BTPxPrJj896hMiKwYc96QQfxf3YWxsRzDvUJ8ENmpump","58","3","","","","","","","","","","","","","","","","","0.000002218","","","","","","","2026-07-09T10:51:21.745Z","","","","","",""
"tony","EEzB81RTCCQMNqAsmp9RWt2jmPVrh5sdavuo1qqFpump","63","4.938271603","","","","","","","","","","","","","","","","","0.00001028","","","","","","","2026-07-09T10:52:21.806Z","","","","","",""
"GGGG","4tQ9vK5jnPv957RoJ41FLufNYAi9JwRpCuY9AmaVpump","55","0.05530864","","","","","","","","","","","","","","","","","0.000001936","","","","","","","2026-07-09T10:52:22.826Z","","","","","",""
"RDA","69LZ8fAX9xFNYmtARBuv9X3rx7qYRqV5CuB52UWWpump","56","1.48148148","","","","","","","","","","","","","","","","","0.000002187","","","","","","","2026-07-09T10:52:23.748Z","","","","","",""
"ANEMABULL","5GUmJB9kz6dwqhJqpLaPh8cSFHvMMZJCo1UpnZtpump","62","2.893827158","","","","","","","","","","","","","","","","","0.0000027","","","","","","","2026-07-09T10:54:19.791Z","","","","","",""
"FLAKED","4pVA7DLC9yHaeNBSe3N5RXLYc4UMkVSi54QuzHAfpump","61","1.97530864","","","","","","","","","","","","","","","","","0.000002169","","","","","","","2026-07-09T10:56:19.743Z","","","","","",""
"GGGG","EUL9aLfMr32c3hVba6fkCz7aBQq9rFCBgfPMe32Bpump","","","","","","","","","","","","","","","","","","","","","","","","","4.93e-7","","","","","","2026-07-09T10:57:20.762Z",""
"Vulcan","81SWzyU5HsSUTwXziQyTPa7W53G8V5riQbx3B8kUpump","60","3","","","","","","","","","","","","","","","","","0.000002197","","","","","","","2026-07-09T10:57:21.775Z","","","","","",""
".com","5WY9vamKWJTQFHGmUEdKzG1Y8XP9CgLEBoyovBv1pump","66","3","","","","","","","","","","","","","","","","","0.000008125","","","","","","","2026-07-09T10:58:22.746Z","","","","","",""
".COM","LeXdw6qrtYCjnQ4mRFiGAZZq4NhxEJen6T1Tvynpump","61","2","","","","","","","","","","","","","","","","","0.000002469","","","","","","","2026-07-09T10:58:23.784Z","","","","","",""
"at","nd3SKio4GjYfVbv7S1jkpTDujkveVRftdpm3JCApump","56","7.000000001","","","","","","","","","","","","","","","","","0.000002907","","","","","","","2026-07-09T11:00:20.761Z","","","","","",""
"HOLE","8cetRjJva3AwLcAgLt18CB2GLV1cxFP3iRe3Fid6pump","","","","","","","","","","","","","","","","","","","","","","","","","1.589e-7","","","","","","2026-07-09T11:00:21.779Z",""
"Felix","GQHh2kXu6RHkWH45cJ4tZo6easuU88LPhSGTwC5apump","56","1.48148148","","","","","","","","","","","","","","","","","0.000002171","","","","","","","2026-07-09T11:01:23.748Z","","","","","",""
"Arrow","AzjKycPBhRfkWtZF15hYXecNbrcJ42QMPMUdVBFcpump","","","","","","","","","","","","","","","","","","","","","","","","","0.000001172","","","","","","2026-07-09T11:03:20.805Z",""
"PIG","A5pBtdGWqZcwzBBWPfEKKdspMtNZS4yFbz9pF7A2pump","59","2.370370368","","","","","","","","","","","","","","","","","0.000002173","","","","","","","2026-07-09T11:03:21.839Z","","","","","",""
"boxcat","FT6q19b2JMqj9HBdsGxfDnu7txvmkDDh5c1efZKHpump","61","1.97530864","","","","","","","","","","","","","","","","","0.000002227","","","","","","","2026-07-09T11:04:21.773Z","","","","","",""
"boxcat","21xiiMUjdjkf6Y86FEetHzewaCwQyukNK7ehhf95pump","61","1.97530864","","","","","","","","","","","","","","","","","0.000002223","","","","","","","2026-07-09T11:04:22.737Z","","","","","",""
"boxcat","Gu6CpYNh7HvfRfe1QMDAMfzJ5jtb9VCGqT15Jg2Mpump","61","1.97530864","","","","","","","","","","","","","","","","","0.000002223","","","","","","","2026-07-09T11:05:22.812Z","","","","","",""
"IRJ","35jgsXeYuJQ2eiWpCnWfXwQ2TSy6JTKntYLCiK8Wpump","67","2.962962961","","","","","","","","","","","","","","","","","0.000002275","","","","","","","2026-07-09T11:05:23.895Z","","","","","",""
"rocketnigg","5UjZ6kF6JzXJga2waMnG5HFumjPDdxpg44gVr6Etpump","72","2.469135801","","","","","","","","","","","","","","","","","0.000001781","","","","","","","2026-07-09T11:06:23.762Z","","","","","",""
"EVERMEADOW","q2Qr39aWunvQXiWULFmGoj6VcJ4dedx8EPBddrjpump","72","3.911111107","","","","","","","","","","","","","","","","","0.000003631","","","","","","","2026-07-09T11:06:24.854Z","","","","","",""
"boxcat","EjXVLX6zzEF3YJnJ2ALRVQx56toWVfiAjeypiNwApump","61","1.97530864","","","","","","","","","","","","","","","","","0.000002224","","","","","","","2026-07-09T11:06:25.751Z","","","","","",""
"boxcat","FJeB1QvAnRKZK2B95ifoG4zZk5Qc7YKD7fDJHQ42pump","61","1.97530864","","","","","","","","","","","","","","","","","0.0000022","","","","","","","2026-07-09T11:07:22.750Z","","","","","",""
"哈兰葱","5RPD1avPsCrE4kkyUo4hpqAbB6VeV4mTWczUoD61pump","80","9.876543208","","","","","","","","","","","","","","","","","0.000007718","","","","","","","2026-07-09T11:07:23.751Z","","","","","",""
"Printer","FNzYGyuzjHnJ7LnxgPCem9fjAFbGW7U9n4iEbwHhpump","","","","","","","","","","","","","","","","","","","","","","","","","0.000002359","","","","","","2026-07-09T11:07:24.751Z",""
"boxcat","2sVxc4NUbwRXd275SZeBGEW6vbQZyHdMUwexjTYhpump","61","1.97530864","","","","","","","","","","","","","","","","","0.000002199","","","","","","","2026-07-09T11:08:23.786Z","","","","","",""
"KYC","DxxVYqYTbYk7hEbnKWdTeCFqRuTxY7XUoHYnQwV6pump","56","3","","","","","","","","","","","","","","","","","0.000002201","","","","","","","2026-07-09T11:08:24.792Z","","","","","",""
"Retsuko","9KwbZAcSSM3ouxZxiBm4tuYpLYSxcj2uQtgq4y8Npump","59","3","","","","","","","","","","","","","","","","","0.000002218","","","","","","","2026-07-09T11:08:25.806Z","","","","","",""
"boxcat","DL9hXSDhUF8d7ff9U1MwjMQ8ZrrLbzpUpmAdDxbfpump","61","1.97530864","","","","","","","","","","","","","","","","","0.000008807","","","","","","","2026-07-09T11:09:21.751Z","","","","","",""
"gasmask","CcTUtfnqTrwPVkpMGvhhvYe7uhmVAUFVWPaxQGarpump","","","","","","","","","","","","","","","","","","","","","","","","","0.000002171","","","","","","2026-07-09T11:09:22.768Z",""
"Arrow","ENFeNw5d1zfdJHaAKwXpACUWkFeBgTVSqAsrFY5Bpump","","","","","","","","","","","","","","","","","","","","","","","","","5.428e-7","","","","","","2026-07-09T11:09:23.745Z",""
"boxcat","2zCniJEd8uiMmtgehVQUT6LcuT6ETEnd6AvpfNbEpump","61","1.97530864","","","","","","","","","","","","","","","","","0.000002201","","","","","","","2026-07-09T11:09:25.437Z","","","","","",""
"NU","64KzeqDmmTaxdx6ay9rQtPiReqBR5u6sMV2UiEfxpump","","","","","","","","","","","","","","","","","","","","","","","","","2.464e-7","","","","","","2026-07-09T11:10:22.789Z",""
"at","6voUkUvHny8PnU463JcCojpdRR3tYRMGrDbwg1Uypump","","","","","","","","","","","","","","","","","","","","","","","","","2.526e-7","","","","","","2026-07-09T11:10:23.926Z",""
"PUMP","DFuGjG4abxpgFfYzrYnKawKR6yUKRBRdD8e7gLRbpump","","","","","","","","","","","","","","","","","","","","","","","","","0.000001222","","","","","","2026-07-09T11:10:24.732Z",""
"boop","4tXBGkcYn25M6KrnjNDRZfhc9r9gaSP3oVLQQJDapump","60","2.5","","","","","","","","","","","","","","","","","0.000002444","","","","","","","2026-07-09T11:10:25.768Z","","","","","",""
"Seagull","9bZh6BxZYq595tP2MfijaAq1FiZzvYVEJRUcQ7HGpump","55","3","","","","","","","","","","","","","","","","","0.000002171","","","","","","0.000002171","2026-07-09T11:11:22.233Z","","","","","2026-07-09T11:14:18.897Z",""
"dat","8NFT5K793Ff8QK37xnT714yV1jmxpNRUcGB9BhUcpump","57","2.500000001","","","","","","","","","","","","","","","","","0.000002328","","","","","","","2026-07-09T11:11:22.745Z","","","","","",""
"JFSOL","DyTr4Wm2FUwi3XMaf1ewmNBuanbmhTReuodA3N8rpump","55","2.962962961","","","","","","","","","","","","","","","","","0.000002621","","","","","","","2026-07-09T11:11:23.744Z","","","","","",""
"Retsuko","HWN21tTSWHanJyPMdBLvuaAHmzpxGbHpCYb5pPz6pump","58","3","","","","","","","","","","","","","","","","","0.000002577","","","","","","","2026-07-09T11:11:24.821Z","","","","","",""
"johnny","Eujw7p2AbJxyZEB4F4g7L5VQKAAHntmN3c7umjiuWCt1","72","4","","","","","","","","","","","","","","","","","0.00000223","","","","","","","2026-07-09T11:15:22.760Z","","","","","",""
"Retardog","EecEoqFSzyLiJCiNs7u6JNTLRHHcuq1fs5zMzgjhpump","92","2.962962961","","","","","","","","","","","","","","","","","0.000002274","","","","","","","2026-07-09T11:17:20.778Z","","","","","",""
"NOVA","6dwphC5moGT4b9xSvqvQUVMUc7u5pBLpsYrXXUiNpump","73","4.304197529","","","","","","","","","","","","","","","","","0.000003079","","","","","","","2026-07-09T11:17:21.818Z","","","","","",""
"CWC","8hz1erFXBSVx1asWxFzYYUjuP9E9zLxAt7g1Vthxpump","60","2.5","","","","","","","","","","","","","","","","","0.000002167","","","","","","","2026-07-09T11:19:22.896Z","","","","","",""
"ANSEMJAK","5v82qzaRuhHxffaaf7c7USYZErXMj81oTPJGKmdMpump","","","","","","","","","","","","","","","","","","","","","","","","","0.000002175","","","","","","2026-07-09T11:19:23.755Z",""
"fastestbonder","DokEAugtxNcSiPEuUnSuZMSTaXX17c3Xz4GG1jg2pump","","","","","","","","","","","","","","","","","","","","","","","","","3.562e-8","","","","","","2026-07-09T11:19:24.734Z",""
"johnny","4PRj2cZD36b2ogdq9ccu6Xc2pwmAbmJBxLu4HCDzpump","97","0.0001","","","","","","","","","","","","","","","","","0.000002288","","","","","","","2026-07-09T11:19:25.775Z","","","","","",""
"Donald ","BFHNfmt2GYDsxX7k9TQFuPS2g4jo32o6PXyRkXAxpump","","","","","","","","","","","","","","","","","","","","","","","","","4.168e-8","","","","","","2026-07-09T11:20:21.741Z",""
"ANSEMJAK","CUQ4GuXXwmWLfCNoEouXPSin5RumFCKzc5UB39Ejpump","81","14.814814813","","","","","","","","","","","","","","","","","0.000007387","","","","","","","2026-07-09T11:22:21.762Z","","","","","",""
"PUMP","2k7a8mdMj756QoGMdbWkXqzffauqSXEUkExPVJb1pump","","","","","","","","","","","","","","","","","","","","","","","","","7.099e-7","","","","","","2026-07-09T11:22:22.726Z",""
"Cupriavidus","GF8GQnURhJcqZvAuB7eZMG7a9bHNfKTqjYdBZGiLpump","63","2.962962961","","","","","","","","","","","","","","","","","0.00001484","","","","","","","2026-07-09T11:22:23.717Z","","","","","",""
"MetaBacteria","9SNoSiaFKTf8ZSsK37g1nEsYHMTVJXxSzJdtcFKjpump","58","3","","","","","","","","","","","","","","","","","0.00001236","","","","","","","2026-07-09T11:23:20.923Z","","","","","",""
"muta","GGXk5S1qJwRntWyrXXci4zACdCbrCn9RBYBdqUJUpump","87","0.0001","","","","","","","","","","","","","","","","","0.000002267","","","","","","","2026-07-09T11:23:21.724Z","","","","","",""
"$BROKE","29nFXDoUTGmJw7SzQ3a1EnGco5m6p8yNerxmr7AUpump","60","0.395061727","","","","","","","","","","","","","","","","","0.00001162","","","","","","","2026-07-09T11:24:19.799Z","","","","","",""
"HUHCAT","BKAcYyX1ocmtt6WGC4VVeFuHwp4Ph7XoAP89NY1zpump","60","1.88852191","","","","","","","","","","","","","","","","","0.000003345","","","","","","","2026-07-09T11:25:20.854Z","","","","","",""
"$BROKE","CEkLfvQa6L7KZKVsx1jEv4VYn1N172VJzc8YXf8ppump","","","","","","","","","","","","","","","","","","","","","","","","","4.283e-7","","","","","","2026-07-09T11:25:21.750Z",""
"FPJ","99i1NVfp9i7ygqawV68Wnrox1eLf1kN4YmMU6Gimpump","72","4","","","","","","","","","","","","","","","","","0.000002282","","","","","","","2026-07-09T11:26:21.745Z","","","","","",""
"WANSEM","GYpgCeqQJd5eNGXU6VC5jrDs2AgtVcuEjsMJp7ghpump","80","6.913580245","","","","","","","","","","","","","","","","","0.000002708","","","","","","","2026-07-09T11:26:22.797Z","","","","","",""
"MetaBacteria","CZVYmmUdZnpLezT1wMHyqB9Y8BZba1j8awg7jK9Fgzgj","60","3.950617282","","","","","","","","","","","","","","","","","0.000002265","","","","","","","2026-07-09T11:26:23.750Z","","","","","",""
"BBC","4WMdaLAMfPweusy6hTd93fV4HNLGFrspWHpMnTkspump","92","22.222222221","","","","","","","","","","","","","","","","","0.000006835","","","","","","","2026-07-09T11:27:21.739Z","","","","","",""
"QUEEF","2TfEZKzXtQp8KiN85W5f6S2AazpK7CkWrXi857H2pump","","","","","","","","","","","","","","","","","","","","","","","","","2.589e-7","","","","","","2026-07-09T11:27:22.803Z",""
"NOVA","FaHbVnbDoxvVsUipsfYU4mQfukrMPgV4KARaahCxpump","74","4.504888887","","","","","","","","","","","","","","","","","0.000003762","","","","","","","2026-07-09T11:27:23.740Z","","","","","",""
"at","FEuC27ZUCQKP9iVzk4EhuRHoupXemDCJZcYdesjGpump","","","","","","","","","","","","","","","","","","","","","","","","","3.606e-7","","","","","","2026-07-09T11:28:20.803Z",""
"hahah","4BRcXYyF8BKMpcEKh6kinut5vmbPit5Pp7ypupPdpump","56","2.500000001","","","","","","","0","0","-0.1","960","","","","","","","0.00000263","0.00000263","","","","","","2026-07-09T11:28:21.743Z","2026-07-09T11:31:18.876Z","","","","",""
"MetaBacteria","CP1N2fmuGLNU4xkjzXJdXjXCQvQJuhhgQFLDMcf6pump","67","8","","","","","","","","","","","","","","","","","0.000002208","","","","","","","2026-07-09T11:30:20.747Z","","","","","",""
"louts","EyuXDccdWHsaYyZ9hPQBEYYnFVX5Uop7VHmESTd7pump","","","","","","","","","","","","","","","","","","","","","","","","","1.446e-7","","","","","","2026-07-09T11:30:21.785Z",""
"Ascend","Bd49woEwBg61ybK5qXtpyJ751E3RpDfKjEyQNcp8pump","67","3","","","","","","","","","","","","","","","","","0.000002442","","","","","","0.000002164","2026-07-09T11:32:21.821Z","","","","","2026-07-09T11:35:18.836Z",""
"chudcat","6VsSDLykNmBxeDEPMJW7853G9m8jFQYMyRwNXrPnpump","100","0.088875016","","","","","","","","","","","","","","","","","0.000002165","","","","","","","2026-07-09T11:32:22.733Z","","","","","",""
"choice","CT2VUCFtGPfpjRZnMCZ89yh4rdhJnbmF1AWd5T97pump","60","5.000000001","","","","","","","","","","","","","","","","","0.000002163","","","","","","","2026-07-09T11:32:23.746Z","","","","","",""
"at","AirXgTCghVdFDt8XzLSdsRVVo9T1gvV6d4ZmN5gipump","56","7.000000001","","","","","","","","","","","","","","","","","0.000004974","","","","","","","2026-07-09T11:33:20.807Z","","","","","",""
"Retardog","MwvYjJ6RYTax95tYgfaTN4ZeHSqmMrsAbx1L5Bgpump","90","2.962962961","","","","","","","","","","","","","","","","","0.000002163","","","","","","","2026-07-09T11:33:21.764Z","","","","","",""
"MetaBacteria","D5nMwyDYVFcMVhQmbe3qqqA8SEd1keA7E62ZdMzhpump","55","2.962962961","","","","","","","","","","","","","","","","","0.000002265","","","","","","","2026-07-09T11:34:21.820Z","","","","","",""
"at","4MQdytH9MrJYpTwbSUP5g29sBWCyE8PrDn9YTLQ5pump","","","","","","","","","","","","","","","","","","","","","","","","","4.628e-7","","","","","","2026-07-09T11:35:21.722Z",""
"FERG","E2VoosFpwenxLE5T3Uf4VnUh3yiQuLxCrgwXqAxKpump","68","3.084444442","","","","","","","","","","","","","","","","","0.000002663","","","","","","0.000002171","2026-07-09T11:35:22.792Z","","","","","2026-07-09T11:39:18.800Z",""
"at","5sAp42Cec5eNPm7EcBaTADRyM4d2KcrQNhsnnKcQpump","","","","","","","","","","","","","","","","","","","","","","","","","3.113e-7","","","","","","2026-07-09T11:35:23.761Z",""
"Kim","E6EMiY2EBC28dXqUZzzHBbwojWZJHuz3bZU8unB7pump","74","7.901234566","","","","","","","","","","","","","","","","","0.000002212","","","","","","","2026-07-09T11:37:19.811Z","","","","","",""
"deg","5JepEeRbG32kq3wXBibpy56QAAwk4F3D5yTTECm4pump","","","","","","","","","0","0","0","960","","","","","","","","0.00000217","","","","","","","2026-07-09T11:38:18.852Z","","","","",""
"BIBILABU","H1ihJ2Dj7sPqheFEvVU5CdARxuej6YknAhmabkyhpump","56","1.48148148","","","","","","","","","","","","","","","","","0.000002164","","","","","","","2026-07-09T11:40:19.753Z","","","","","",""
"Arsenal","29VpSX4E7r8h5WkXrTvy7arxa6s3P6EKDqzaW6mipump","60","3","","","","","","","","","","","","","","","","","0.000002164","","","","","","","2026-07-09T11:41:19.752Z","","","","","",""
"ZYNT","AEPNWAL5AXpQCzw34JCeKqn3n3aGrijX57B9rmAxpump","59","1.81","","","","","","","","","","","","","","","","","0.000002171","","","","","","","2026-07-09T11:42:19.434Z","","","","","",""
"NACK","14RG2t31UVoJUSQXu1GoBvtE8Ep22oUJ2N7Vc8S3pump","","","","","","","","","","","","","","","","","","","","","","","","","0.000002208","","","","","","2026-07-09T11:43:21.748Z",""
"Beanos","Bqc6PXNHBWx7BcN9VDLghCMFRhn8bWW7RpQUPRAUpump","75","0.0001","","","","","","","","","","","","","","","","","0.00000231","","","","","","","2026-07-09T11:43:22.820Z","","","","","",""
"Nack","sTn8Vk3C75UwY9UaDLs8XQ77HoRnm1RQorQw9hapump","100","4.938271603","","","","","","","","","","","","","","","","","0.000005844","","","","","","","2026-07-09T11:43:23.780Z","","","","","",""
"ANSEMJAK","6JDBNapBr9Gq5KerZw1TTeP6dDudXBSRQpFa8uYtpump","","","","","","","","","","","","","","","","","","","","","","","","","0.000002173","","","","","","2026-07-09T11:44:20.805Z",""
"Knack","AoB7AsAVwFfBHdacuFbMpf25nFVzh7fV92jasvMqpump","64","3","","","","","","","","","","","","","","","","","0.000002178","","","","","","","2026-07-09T11:44:21.749Z","","","","","",""
"ANSEMJAK","9M1bnoCre8JaBdbZ4bU1m3CHZnNjSMYjp46VTGUqpump","80","14.814814813","","","","","","","","","","","","","","","","","0.000005913","","","","","","0.000002195","2026-07-09T11:45:22.040Z","","","","","2026-07-09T11:47:18.836Z",""
".bull","B8MX8BLbFbUBh5feDVEzqTaNdYBfjMhsDHzV3rXupump","67","2.962962961","","","","","","","","","","","","","","","","","0.000002186","","","","","","","2026-07-09T11:45:22.284Z","","","","","",""
"HuBots","Ap64L8MbN97UBN8Tyth3FkaHErsBwKNcbFbXxYbNpump","","","","","","","","","","","","","","","","","","","","","","","","","6.424e-8","","","","","","2026-07-09T11:45:22.723Z",""
"pray","EtmrgPHjTAys8XMwaus9NZRxSZJ9mHgJFv4ZKcXupump","","","","","","","","","","","","","","","","","","","","","","","","","3.584e-7","","","","","","2026-07-09T11:46:20.331Z",""
"LilStoat","87dGzjtLC35UwF2D9ZPt2a2EXxgKuzRJH9TdAFSPpump","61","1.97530864","","","","","","","","","","","","","","","","","0.000002209","","","","","","","2026-07-09T11:47:21.738Z","","","","","",""
"LilStoat","ATbHsbkDoXdLXt37yZWiyCf65ZKAeLYUNDaweAaNpump","61","1.97530864","","","","","","","","","","","","","","","","","0.000002203","","","","","","","2026-07-09T11:47:22.794Z","","","","","",""
"pray","CZJJv7w7HZ3kbFi87MU1G3RnaKuWwmrnwtNTYAeYpump","","","","","","","","","","","","","","","","","","","","","","","","","4.054e-7","","","","","","2026-07-09T11:47:23.875Z",""
"LilStoat","CiDKAh6JjDPeAnE61sEyJUqVgqjobY9i7xXTPUD6pump","61","1.97530864","","","","","","","","","","","","","","","","","0.00001015","","","","","","","2026-07-09T11:48:21.500Z","","","","","",""
"pray","DRXehuzXLKWdypPvPNgWjX5wuYku3xA598RAThoRpump","","","","","","","","","","","","","","","","","","","","","","","","","2.029e-7","","","","","","2026-07-09T11:48:21.695Z",""
"ASMR","B64LjFSi25qNRVjkfiUNArmGtiF3d4gtvHArCjL5pump","89","0.250000001","","","","","","","","","","","","","","","","","0.000002217","","","","","","","2026-07-09T11:49:20.724Z","","","","","",""
"$DELULU","CM3xaafBoSTGTcChswYmFvewZ4xE8iwruVUDUGNbpump","","","","","","","","","","","","","","","","","","","","","","","","","5.938e-7","","","","","","2026-07-09T11:49:22.273Z",""
"pray","Es7cULDip1VpANedv1mV3XLpps2FgUSK2yW8WhoNpump","","","","","","","","","","","","","","","","","","","","","","","","","4.704e-7","","","","","","2026-07-09T11:50:21.765Z",""
"Insurance","C1BRMeQe82iboPcAgKpbzx4crj7XYFSuEvRkiZcBpump","94","29.629629628","","","","","","","","","","","","","","","","","0.00001346","","","","","","","2026-07-09T11:50:22.731Z","","","","","",""
"ANSEMJAK","2C4JnESQv6hdTZxGuQpm48TdewRZ2ptRdN8SVbVxpump","79","14.814814813","","","","","","","","","","","","","","","","","0.000005711","","","","","","0.000002179","2026-07-09T11:50:23.736Z","","","","","2026-07-09T11:52:18.854Z",""
"pray","JArNZX5Bu5GxpmGLstqSQRobNyZyUDd7PfpTf33dpump","","","","","","","","","","","","","","","","","","","","","","","","","4.48e-7","","","","","","2026-07-09T11:51:20.740Z",""
"IAS","ChrrvXGZSvkfbQWP8GiJcXSr8GfWcHmzes2vhzuYpump","","","","","","","","","","","","","","","","","","","","","","","","","4.16e-9","","","","","","2026-07-09T11:51:21.860Z",""
"Meowl","AQFZT5YiYBqaPgVRV5VtE2wdMKGLCCryH1hjGjjJpump","61","1.97530864","","","","","","","","","","","","","","","","","0.000002182","","","","","","","2026-07-09T11:52:19.735Z","","","","","",""
"pray","7aPXWjtd9XsDLjreyeARN82qnwDcGjLjxg5Ait7xpump","","","","","","","","","","","","","","","","","","","","","","","","","4.364e-7","","","","","","2026-07-09T11:53:20.798Z",""
"ANSIGMA","5YLp1ctSREjp1g6VjhabppUf3NZVme63teZYtGnzpump","100","0.493750089","","","","","","","","","","","","","","","","","0.000002218","","","","","","","2026-07-09T11:53:21.753Z","","","","","",""
"KOL","8Nmg3HKRA81E8JcjvUNVDk3c4wrVxW6JNFmiFrMppump","","","","","","","","","","","","","","","","","","","","","","","","","0.000002174","","","","","","2026-07-09T11:54:22.720Z",""
"SMARTSEM","BaYgSLnAYWct5y8FUQViQVX3qHurDxuNiYswAb6pump","98","0.493750089","","","","","","","","","","","","","","","","","0.000002205","","","","","","","2026-07-09T11:54:23.751Z","","","","","",""
"S&P500","639n7NN9B4JjGn28QhkBJs6tuXitdRsWnBHMdanWpump","72","5","","","","","","","","","","","","","","","","","0.000004562","","","","","","","2026-07-09T11:54:24.722Z","","","","","",""
"pray","4JK545BCfFjqyzAh2Nbk8wtDvD9gPGuhJueLhwsqpump","","","","","","","","","","","","","","","","","","","","","","","","","2.329e-7","","","","","","2026-07-09T11:54:25.746Z",""
"ANSEMJAK","7u7PFcmEfjXP8LuoBvjA7Gf4Px7YoBW4AYXMSSgHpump","79","14.814814813","","","","","","","","","","","","","","","","","0.000006009","","","","","","","2026-07-09T11:55:19.755Z","","","","","",""
"COPIT","4tP6NspD1Q52D6FZMa8KPpBysXK3H6TTBSK8p2uspump","58","1.645504907","","","","","","","","","","","","","","","","","0.000002413","","","","","","","2026-07-09T11:56:21.836Z","","","","","",""
"Hamburger","E1afBAyWGzbKBa6dSb1nDa5xzALhB8Gj6azmMGnypump","58","3","","","","","","","","","","","","","","","","","0.000002212","","","","","","","2026-07-09T11:56:22.733Z","","","","","",""
"pray","8kD2yLqWuUaJoZVZSy4iXK38mATBkAD8km2i3An3pump","","","","","","","","","","","","","","","","","","","","","","","","","4.111e-7","","","","","","2026-07-09T11:56:23.735Z",""
"BULLPOOP","4EZWmmg4Ds2emWPdAirxZ3tpCTP49U58J7TxWKMKpump","91","0.493750089","","","","","","","","","","","","","","","","","0.00000219","","","","","","","2026-07-09T11:57:19.936Z","","","","","",""
"Dickchain","H36yB5s7S7os4miHVCsZKH174M2RwEBR4Eiid2cupump","64","5","","","","","","","","","","","","","","","","","0.000002774","","","","","","","2026-07-09T11:58:23.767Z","","","","","",""
"COOPCOIN","Ba6p8giEZNLvmhLSfG15UfAuKjf3nAhoxz5wnvjppump","","","","","","","","","","","","","","","","","","","","","","","","","1.339e-7","","","","","","2026-07-09T11:58:24.741Z",""
"Hamburger","D3eacavjZZmzwRgDt4xQukai8k7vvRXZtVKJDiEzpump","56","3","","","","","","","","","","","","","","","","","0.000002176","","","","","","","2026-07-09T11:58:25.735Z","","","","","",""
"Hamburger","8gU7iw1G4TCgz85jxu8yxqJY9iDfeMRQQAt3iyjkpump","63","3","","","","","","","","","","","","","","","","","0.000002212","","","","","","","2026-07-09T11:58:26.733Z","","","","","",""
"TRUMPS","FxeHVu3v7H2una578bBUPjQXeAHHft8HocDiuu83pump","75","4.888888887","","","","","","","","","","","","","","","","","0.000005322","","","","","","","2026-07-09T11:59:21.720Z","","","","","",""
"IPA","BKyfdh6wTZLue3TYUpfrmEt3AwbMFbnYJsYsYbK4pump","63","5","","","","","","","","","","","","","","","","","0.000002171","","","","","","","2026-07-09T11:59:22.781Z","","","","","",""
"Buttplugblock","7MFfr4J1PrgbMjZh9MouHrtLvX7fDkstUkTPd9Uhpump","75","3","","","","","","","","","","","","","","","","","0.000002203","","","","","","","2026-07-09T11:59:23.780Z","","","","","",""
"boop","GwWbGq6fd5EqHiX423pkA2s3nh8xHDLwERe8NAD1pump","72","4","","","","","","","","","","","","","","","","","0.000006378","","","","","","","2026-07-09T12:00:22.729Z","","","","","",""
"GOLDBULL","8M4cConmKmVSQ8H3MNVGu7oRDKwtjckhmYUoDmcGpump","82","0.493750089","","","","","","","","","","","","","","","","","0.000002177","","","","","","","2026-07-09T12:00:23.723Z","","","","","",""
"BTC","qv6d6fDRjpF4M1YwvFYneb575FtHjrexDffttwepump","55","3","","","","","","","","","","","","","","","","","0.000005736","","","","","","","2026-07-09T12:00:24.733Z","","","","","",""
"ZANSEM","275USTh2qrhXYWByQTM4HPiMvBViVWnGbJxbXfxwpump","93","24.500000001","","","","","","","","","","","","","","","","","0.000008904","","","","","","0.000002372","2026-07-09T12:00:25.733Z","","","","","2026-07-09T12:02:19.969Z",""
"COOPCOIN","7BiQwD1k5AdEXGeNTtnvA97fXrjFZA4Cgy6GDYYrpump","71","3.000000001","","","","","","","","","","","","","","","","","0.000003662","","","","","","","2026-07-09T12:01:20.747Z","","","","","",""
"BTC","XiujMsz9a9b7N4JVbNJVPeiwZRuJ4jZuUfefUR2pump","60","2.962962961","","","","","","","","","","","","","","","","","0.000002782","","","","","","","2026-07-09T12:01:21.769Z","","","","","",""
"BULLGER","HYAekDjBrdvmWjt4ULXUiqNYbxoXWvJeiRqfunWupump","74","0.493750089","","","","","","","","","","","","","","","","","0.000002218","","","","","","","2026-07-09T12:02:20.379Z","","","","","",""
"JOOBI","6wW9bEtm1gH6XZ42LrMvpKZKPJgcH3TR4wfhGs3epump","61","1.97530864","","","","","","","","","","","","","","","","","0.00000221","","","","","","","2026-07-09T12:05:22.737Z","","","","","",""
"DIP","2Tsy6q9mJJo7fpu4WUsGvKETxuKFX1esHNyqhxQepump","56","2","","","","","","","","","","","","","","","","","0.000002211","","","","","","","2026-07-09T12:05:23.742Z","","","","","",""
"BTC","6JNtRSRzGoJ4pjd1hRwb6DczmF3qUBwxEscRSQ48pump","56","2","","","","","","","","","","","","","","","","","0.00000217","","","","","","","2026-07-09T12:05:24.728Z","","","","","",""
"COOPCOIN","4jWEEQ6rtp2fyk9n2ySvcD56QiWpToP2eHFzNKbBpump","72","3.300000001","","","","","","","","","","","","","","","","","0.000004637","","","","","","","2026-07-09T12:05:25.738Z","","","","","",""
"RUSTIE","6ES9AAW3fet4eJKXdn1fhoGYMCQU94GgiQW285wopump","57","5","","","","","","","","","","","","","","","","","0.000002166","","","","","","","2026-07-09T12:06:22.723Z","","","","","",""
"dildo","7pwSPzCN4DA9Rw6SMwk6rEkwKRg57YmGaMsucj13FQNC","72","4","","","","","","","","","","","","","","","","","0.000002216","","","","","","","2026-07-09T12:06:23.722Z","","","","","",""
"PFP","5g33Z2cjGtnZYwTZv4Q1EmvEUPwJZNN1VXRf5b5cpump","59","0.320000001","","","","","","","","","","","","","","","","","0.00005056","","","","","","","2026-07-09T12:06:25.812Z","","","","","",""
"dildo","5dUqKo5U98Ks7ADzN2dL15WALUC4nYWezU91m7sK1Qd1","68","4","","","","","","","","","","","","","","","","","0.000002209","","","","","","","2026-07-09T12:07:20.726Z","","","","","",""
"ANSEM","6Y4ghx6h3u8LZRnazMmkcusDcVrw7rWs919GtitCpump","","","","","","","","","","","","","","","","","","","","","","","","","0.00000222","","","","","","2026-07-09T12:07:21.724Z",""
"NODOG","CMG3udSXv2MSND4Jk63aBsLq941QcU5eCDXcNfTxpump","66","0.493750089","","","","","","","","","","","","","","","","","0.000002175","","","","","","","2026-07-09T12:08:22.708Z","","","","","",""
"COOPCOIN","75i4bdYCQh4pguRv75g4iyDnTXTppTavobykyJG1pump","77","5.000000001","","","","","","","","","","","","","","","","","0.000003917","","","","","","","2026-07-09T12:08:23.724Z","","","","","",""
"Ice","6LUwEcHHoKxgnGrFRYojAiY1NE2pANXp6NpVAgrkCRM9","","","","","","","","","","","","","","","","","","","","","","","","","0.000002168","","","","","","2026-07-09T12:08:24.720Z",""
"BULK","6u8u2MovTVp9n8y32h3EssFMHcFncUW4uk6xS1A8pump","","","","","","","","","","","","","","","","","","","","","","","","","6.627e-7","","","","","","2026-07-09T12:08:25.718Z",""
"COOPCOIN","E8eRU8MjBz2u2Uyi212KMaJJ7q8tU7Bqp9hR8nPhpump","77","5.000000001","","","","","","","","","","","","","","","","","0.000002121","","","","","","","2026-07-09T12:09:19.722Z","","","","","",""
"MENSAT","FwJCRkfPqZSLwvUo2hrrVypj6PKU2xHoDjtktx9zpump","56","1.48148148","","","","","","","","","","","","","","","","","0.000002238","","","","","","","2026-07-09T12:10:22.732Z","","","","","",""
"FSIU","9dgKcKDCQrkG5feL3gE82W8B4cQp9tLs614jw5q5pump","59","1.776900297","","","","","","","","","","","","","","","","","0.000002174","","","","","","","2026-07-09T12:10:23.829Z","","","","","",""
"Wizard5","7dnU22MjmYEG1bDPxZc91vxUiJCjS613qJMit278pump","61","1.97530864","","","","","","","","","","","","","","","","","0.00001073","","","","","","","2026-07-09T12:10:24.728Z","","","","","",""
"ANSEM","4rBXz4Vd25xvmocuTKoZkfVv5WEszX4T6eesBnSzpump","94","29.629629628","","","","","","","","","","","","","","","","","0.00001209","","","","","","","2026-07-09T12:10:25.746Z","","","","","",""
"ANSEM","5y8y3XGrsMca5nPci89Pz239UVyqzH2iKRxyTwAb1CK8","","","","","","","","","","","","","","","","","","","","","","","","","0.000002179","","","","","","2026-07-09T12:11:22.713Z",""
"COOPCOIN","FppF9xhXgUS26SbqE15YKza4m5ZBLZs4KF6MqGpwpump","","","","","","","","","","","","","","","","","","","","","","","","","5.677e-7","","","","","","2026-07-09T12:11:23.789Z",""
"MORNING","8zwpEbPFFdAeCG5zSzRH8qN9m9EMFRTHFmC58kp3N2a7","57","8.999999999","","","","","","","","","","","","","","","","","0.000002216","","","","","","0.000002171","2026-07-09T12:11:24.732Z","","","","","2026-07-09T12:14:18.751Z",""
"Samurai","5tPZSRqRwXEVUcm5UmTAWCrcpcKfiEvUz7JsB7AWpump","61","3","","","","","","","","","","","","","","","","","0.000002274","","","","","","","2026-07-09T12:11:25.716Z","","","","","",""
"Wizard5","5CCmh1LouLYTNU8GD3vdLBzpDeseTaXkc7SLG9Capump","61","1.97530864","","","","","","","","","","","","","","","","","0.000002183","","","","","","","2026-07-09T12:12:22.709Z","","","","","",""
"SATOSHI","3Xt39ZUwSfkCXc9sZWvLq8nwQ9Db3gUBUxxsrubepump","","","","","","","","","","","","","","","","","","","","","","","","","8.569e-7","","","","","","2026-07-09T12:12:23.710Z",""
"MISSLECOIN","22nbqo9o2iNjvetsvACZAQAoJVDbPqPNTdYwkJQypump","","","","","","","","","","","","","","","","","","","","","","","","","3.71e-7","","","","","","2026-07-09T12:12:24.715Z",""
"ASMR","Cqtz2Y4bgv5Fhmqohfeby4dFedyTvSYihKbFWJ7Spump","82","0.150000001","","","","","","","","","","","","","","","","","0.00001091","","","","","","","2026-07-09T12:12:25.729Z","","","","","",""
"LIBERATED","8PtH8X5QnSRR8GZco57XtL94T8vgoL7DXT69FDAkpump","55","3","","","","","","","","","","","","","","","","","0.000005051","","","","","","","2026-07-09T12:13:21.707Z","","","","","",""
"PWEASE","5GCWyBx8HJHQPutpkmRAmNLJ3XBY1Y6m4PUKXnEkpump","56","1.46627566","","","","","","","","","","","","","","","","","0.000004369","","","","","","","2026-07-09T12:13:22.709Z","","","","","",""
"BULL","GmLGbWDSdhtEKMKjtyoLxZXUwnujBkrEADszpc6Xpump","74","3","","","","","","","","","","","","","","","","","0.000003375","","","","","","","2026-07-09T12:13:23.740Z","","","","","",""
"Muhammad","FHGixfCdXycQG85wh2gdtUHDNMA6dwvvkAALrVvRpump","57","2.5","","","","","","","","","","","","","","","","","0.000002325","","","","","","","2026-07-09T12:16:19.795Z","","","","","",""
"Muhammad","6v261i6VsStE87VCUZiCGP6iMZY7Qy3NU2utWN38pump","73","3","","","","","","","","","","","","","","","","","0.000002169","","","","","","","2026-07-09T12:17:21.847Z","","","","","",""
"Muhammad","C6f1ARkBT5FGThKUgLGiBwP7TTWvdi4WwdMaGz5ipump","67","2.962962961","","","","","","","","","","","","","","","","","0.000002169","","","","","","","2026-07-09T12:17:22.791Z","","","","","",""
"BULLINU","4hJuUfQK4HKZXLUBrDCawE5kb7DfGDzxXppHibUSpump","60","0.493750089","","","","","","","","","","","","","","","","","0.000002191","","","","","","","2026-07-09T12:17:23.728Z","","","","","",""
"999","5gRpy9L5dMzF1eQeWsxgYmrGx3AUS4JcaHgRYi2Kpump","61","5","","","","","","","","","","","","","","","","","0.00000227","","","","","","","2026-07-09T12:18:19.740Z","","","","","",""
"Muhammad","DBbfLERf3j1QMENyh2BGPXTExzuVaA4xxz3ji34qpump","67","3","","","","","","","","","","","","","","","","","0.000002206","","","","","","","2026-07-09T12:19:21.778Z","","","","","",""
"hijab","Aax9M31trErm1xvSdfVdgdrSUVxqZUza7sJdgienpump","61","3.1","","","","","","","","","","","","","","","","","0.000002282","","","","","","","2026-07-09T12:19:22.816Z","","","","","",""
"Muhammad","B6uKsYWZ7tRdcVMRyUAbv6MCNJ26NgyqqUvvfJLXpump","55","2.5","","","","","","","","","","","","","","","","","0.00000227","","","","","","","2026-07-09T12:19:23.762Z","","","","","",""
"Slovak","H455fKfwxuvKBXUrJMZKpoGo1UjqGkpSex4AHJ7kpump","58","2.962962961","","","","","","","","","","","","","","","","","0.000002364","","","","","","","2026-07-09T12:22:22.032Z","","","","","",""
"Slovak","FD2bAduE3zcnoGyh4xgggasA1YVoLFM9oda8vkCWpump","60","3","","","","","","","","","","","","","","","","","0.000002175","","","","","","","2026-07-09T12:22:22.299Z","","","","","",""
"Lemur","2hj5oM9yjweVk28oDDiyEQg864Rc2aJDRp9e9nZ8pump","74","2.962962961","","","","","","","","","","","","","","","","","0.000002338","","","","","","","2026-07-09T12:22:22.720Z","","","","","",""
"BULLHOUSE","4T7p6FkxzqUuHsLZbQUFUeCmBCJjDPAdbWo85A52pump","56","0.493750089","","","","","","","","","","","","","","","","","0.00001261","","","","","","","2026-07-09T12:24:21.723Z","","","","","",""
"Slovak","BiEKN3KFzzea2yTJij7jVkJLEs9Mtuf6ZhsGremjpump","59","3","","","","","","","","","","","","","","","","","0.00000227","","","","","","","2026-07-09T12:24:22.705Z","","","","","",""
"Nettspend","51Wqg4Nv1gmnAyf48N2P7ftZGQdVxmo8A9NCTBiEpump","61","2.000000001","","","","","","","","","","","","","","","","","0.000002423","","","","","","","2026-07-09T12:24:23.736Z","","","","","",""
"TigerBull","87WoxwN3bJdaed3BxcRefKJDDcTn9dLoXu2GF5zUpump","61","1.97530864","","","","","","","","","","","","","","","","","0.00001147","","","","","","","2026-07-09T12:25:19.703Z","","","","","",""
"Rob","HX8mZqQpSwaKmQWSsZ9YiKBnmkZidUGX4BMw8mKepump","63","3","","","","","","","","","","","","","","","","","0.000002215","","","","","","","2026-07-09T12:26:20.728Z","","","","","",""
"ROB","88kvxSs8E9DHD4DZ1Tb1j2Y8otS3kFPH1y7AhHfGpump","69","2.962962961","","","","","","","","","","","","","","","","","0.000002326","","","","","","","2026-07-09T12:26:21.882Z","","","","","",""
"Everything","Jq5pdKHjrCwFSswjjFGAugYt9jLygb5gr6UJcjwpump","63","2.962962961","","","","","","","","","","","","","","","","","0.000002191","","","","","","","2026-07-09T12:27:19.788Z","","","","","",""
"Rob","F6RnVud899bZc7yWj2RkgMC3U8dp3A3N1fByjbjupump","56","1.97530864","","","","","","","","","","","","","","","","","0.000002468","","","","","","","2026-07-09T12:28:18.868Z","","","","","",""
"DEXBULL","444DU9GoKvecNsLawYzumfDwqDLyodNkXezCNzBbpump","94","29.629629628","","","","","","","","","","","","","","","","","0.00001321","","","","","","","2026-07-09T12:29:22.732Z","","","","","",""
"SLOVAK","HdDaZ7kJe9U2LT6pKBHDHQdbgafS1EG6kpjEJKr8pump","60","3","","","","","","","","","","","","","","","","","0.000002215","","","","","","","2026-07-09T12:29:23.767Z","","","","","",""
"MILKY","E38jbnzitJAtTPS6WFkwdSwJPcdoWaqEuxBNLHVbpump","55","0.150000001","","","","","","","","","","","","","","","","","0.000004143","","","","","","","2026-07-09T12:29:24.731Z","","","","","",""
"SMH","22ncgTdtvBUAUSgLweSZzDgTW7Ht8Wytqb9xReF7pump","90","19.75","","","","","","","","","","","","","","","","","0.000003607","","","","","","","2026-07-09T12:30:21.757Z","","","","","",""
"CAKE","3qCCxv4czgEmhSGhZHkDF5UW24vfp3bLQ6chXFdYpump","90","0.060000001","","","","","","","","","","","","","","","","","0.00009397","","","","","","","2026-07-09T12:30:22.719Z","","","","","",""
"he","DXMJxanuNhGqGw6dT7eoTEJgV4tum3braY99mu91pump","","","","","","","","","","","","","","","","","","","","","","","","","2.772e-7","","","","","","2026-07-09T12:30:23.716Z",""
"DIH","qYDddEsB8Bw1u1txU7r9gSn9WNHhYocU83CiZT6aCc2","58","3","","","","","","","","","","","","","","","","","0.00000218","","","","","","","2026-07-09T12:31:22.855Z","","","","","",""
"TRAJ","BtX52hh8CKvgy9nmhMAyReKL77gPBiAUmK9LugoCpump","56","10.909090909","","","","","","","","","","","","","","","","","0.000002664","","","","","","","2026-07-09T12:31:23.714Z","","","","","",""
"tony","APH6KCf5YLH5oT4Vm9qY7QjEgsvysV7Ltjoi2BpHpump","","","","","","","","","","","","","","","","","","","","","","","","","3.444e-7","","","","","","2026-07-09T12:31:24.748Z",""
"he","2x8sJ19abGmdjK97Jq3Zgq3B3gLA1AQaqPPwM6iapump","","","","","","","","","","","","","","","","","","","","","","","","","6.103e-7","","","","","","2026-07-09T12:31:25.726Z",""
"Kim","3iA8q39n71gSvWHjCXdfonVrsCD6GYFKkJPPoq9gpump","56","10.909090909","","","","","","","","","","","","","","","","","0.000002711","","","","","","","2026-07-09T12:32:22.773Z","","","","","",""
"he","2o6YhpXdV6yaaNqr1aidMjYRiFbYcSqXwwsPR9vSpump","66","1.500000001","","","","","","","","","","","","","","","","","0.000003809","","","","","","","2026-07-09T12:32:23.712Z","","","","","",""
"ANSEMHOOD","244gmSuGicB8e2TjcXf35PqBQZLEK6Gdt3WH8ZfUpump","56","10.909090909","","","","","","","","","","","","","","","","","0.000003099","","","","","","","2026-07-09T12:32:24.733Z","","","","","",""
"SOLANA","9mLELfgBwTRF9UgdEBZivUhyzvLGr2xh24oqRQ2mpump","72","3","","","","","","","","","","","","","","","","","0.000009161","","","","","","","2026-07-09T12:32:25.751Z","","","","","",""
"WIFE","GUL1nRf3sniypXypPTb9iRGsNHBQMsU2DYku886ppump","67","2.962962961","","","","","","","","","","","","","","","","","0.000002219","","","","","","","2026-07-09T12:33:22.720Z","","","","","",""
"CHESS","GVTvzTHJgUA6RJgkMBaWXH7sFyLfa11t3q6Qfznpump","59","1.776900296","","","","","","","","","","","","","","","","","0.000002221","","","","","","","2026-07-09T12:33:24.720Z","","","","","",""
"SOLANA","J3efe8ne2HFy6q8CtqSjGrHeeCKPBpGy3HEht98Rpump","63","2.962962961","","","","","","","","","","","","","","","","","0.000002275","","","","","","","2026-07-09T12:33:26.209Z","","","","","",""
"Kim","9eYj8dFy5RT14ppHyYGPi8dk71WP9fzQSc4oZikGpump","","","","","","","","","","","","","","","","","","","","","","","","","0.000002108","","","","","","2026-07-09T12:34:22.718Z",""
"ROBINBULL","3zo2h7QpRakY7uXq4kKHSTcCkXw6rCRCZfTMkvrRpump","","","","","","","","","","","","","","","","","","","","","","","","","2.843e-7","","","","","","2026-07-09T12:34:23.723Z",""
".sol","9f7LZxEV16feR2b9BL64A3JgC5Xm7UsnM8VexYFLpump","","","","","","","","","","","","","","","","","","","","","","","","","3.271e-7","","","","","","2026-07-09T12:34:24.740Z",""
"HUHCAT","Eb7mmeq4pSq5ekbpLou2wFvvGVyLawRiXvmvr3NSpump","56","10.909090909","","","","","","","","","","","","","","","","","0.000003364","","","","","","","2026-07-09T12:34:25.738Z","","","","","",""
"SUE","G9RzaES8vGoFX7TdMX99pewQHHSa3bzDZ6DqptpPpump","65","0.0001","","","","","","","","","","","","","","","","","0.000002286","","","","","","","2026-07-09T12:35:21.709Z","","","","","",""
"IRIS","4suu8zcDeTWt7kCd6FGY6gN4SiGH1XXFzcirmQkjpump","55","5","","","","","","","","","","","","","","","","","0.000002173","","","","","","","2026-07-09T12:35:22.800Z","","","","","",""
"哈兰葱","FnEcnkACiCcWhKaxzuD1f5G9aWqgsLd2aQw3xBAbpump","56","10.909090909","","","","","","","","","","","","","","","","","0.00001026","","","","","","","2026-07-09T12:35:23.723Z","","","","","",""
"Muhammad","59DQgKWs8hes9gAsXKeE9bbFSo7ZSh4iy6FKWMTXpump","","","","","","","","","","","","","","","","","","","","","","","","","1.495e-7","","","","","","2026-07-09T12:36:21.718Z",""
"he","BVvprmK8SJxBSkq12wDYsvGdJ4HZrY9sweVLtH3wpump","","","","","","","","","","","","","","","","","","","","","","","","","2.737e-7","","","","","","2026-07-09T12:36:22.729Z",""
"Lobby","CgBjbic8tCNQTgfdRSvWKvTgctB7um1yhhrFqmtqpump","57","0.493827159","","","","","","","","","","","","","","","","","0.000003615","","","","","","","2026-07-09T12:36:23.737Z","","","","","",""
"BLYTH","Gur7gCgoP8Lz9YsHkVjc4QTvpJVtq27nCWRWqF5opump","75","4.938271603","","","","","","","","","","","","","","","","","0.000002961","","","","","","","2026-07-09T12:37:22.713Z","","","","","",""
".sol","D6RvUXEqL5Zcu9fproUGM5Xk2vHxN1Xx9962CQPGpump","","","","","","","","","","","","","","","","","","","","","","","","","3.141e-7","","","","","","2026-07-09T12:37:23.710Z",""
"he","5RRuPTKpo6ZtjtAiuiySg5mPyFbRjm5YwjxV3gA2pump","67","2.000000001","","","","","","","","","","","","","","","","","0.000001812","","","","","","","2026-07-09T12:37:24.727Z","","","","","",""
"ROBINBULL","GvUs6US4EyzvmHsqJ6NPSWEoUaUPwQ5YBhuh4Apkpump","56","10.909090909","","","","","","","","","","","","","","","","","0.000003209","","","","","","","2026-07-09T12:37:25.756Z","","","","","",""
"SHIT","H5ZbndGvJqJ359AxdCRBKEPQUDgegXEKXH1BECA7pump","67","3","","","","","","","","","","","","","","","","","0.000004926","","","","","","","2026-07-09T12:38:22.909Z","","","","","",""
"Muse","FxH3iBz8iCiLnXJCR7JzpdQzF4gbWcCeZuGuE5Sgpump","63","4.5","","","","","","","","","","","","","","","","","0.000003381","","","","","","","2026-07-09T12:38:23.122Z","","","","","",""
"Kitty","6ek434u9APG9AWJN98W3cuNFAarSxe8MSwxCFxe9pump","99","3.083247688","","","","","","","","","","","","","","","","","0.000009991","","","","","","","2026-07-09T12:38:23.713Z","","","","","",""
"SUE","8YhAsxMtRtGTeK2mEoKQx2NYWDhkCNCwpcT3nAqgpump","57","0.0001","","","","","","","","","","","","","","","","","0.000002279","","","","","","","2026-07-09T12:38:24.693Z","","","","","",""
"Meow","DNrwspU1etkBrMaqHrygAoQzNvRN7FsWd6b5hoBQLwuW","72","4","","","","","","","","","","","","","","","","","0.000002227","","","","","","","2026-07-09T12:39:22.744Z","","","","","",""
"TRENCHES","AZEmEnBqia3ixj42ZECBFppLKWn2i7JQNf1UmT6hpump","67","2.962962961","","","","","","","","","","","","","","","","","0.000002246","","","","","","","2026-07-09T12:39:23.734Z","","","","","",""
"MTTGA","FqYuFEhSZrCnTExYnd85CaxJZC7Z27ya4S5mivCZGSgu","","","","","","","","","","","","","","","","","","","","","","","","","0.000002183","","","","","","2026-07-09T12:39:24.724Z",""
"ELON","9A7wR6QbNW38nNwMJU2DTwinwup6S8yECuRqCqjQpump","56","10.909090909","","","","","","","","","","","","","","","","","0.000004875","","","","","","","2026-07-09T12:39:25.732Z","","","","","",""
"TRUST","FKE7k2qA2gYigfhriPh6yBcqFJH8ektubAkNFcuspump","","","","","","","","","","","","","","","","","","","","","","","","","8.542e-9","","","","","","2026-07-09T12:40:20.715Z",""
"MetaBacteria","BaKQhSFdfxN4epBZVxZ8w3jSucMkHTDu6xDA5XKipump","56","10.909090909","","","","","","","","","","","","","","","","","0.000004763","","","","","","","2026-07-09T12:40:21.766Z","","","","","",""
"he","HECspmLTjuvP4Qax8CLDc9GhjgJ5szi94v65cYGepump","","","","","","","","","","","","","","","","","","","","","","","","","3.248e-7","","","","","","2026-07-09T12:41:22.861Z",""
"PFP","AJ9jsfBzsZHvucBqVeVCZ2tRJ11NkHJjLTSQxRRYpump","","","","","","","","","","","","","","","","","","","","","","","","","2.147e-7","","","","","","2026-07-09T12:41:23.720Z",""
"he","EB4r3MyV6frmrnmezG3wg3dSbnFckKZhEKRHzZV1pump","","","","","","","","","","","","","","","","","","","","","","","","","3.685e-7","","","","","","2026-07-09T12:41:24.758Z",""
"Bun","8JxznS24BiSF1pxgxh5ev76yqSZPk3hgcyF1s5YUpump","55","0.395061727","","","","","","","","","","","","","","","","","0.00000504","","","","","","","2026-07-09T12:41:25.759Z","","","","","",""
"BILL","2YDRGZQhCMvp4zy5FS24oaawbMsN4u1sQgmgXtqRpump","","","","","","","","","","","","","","","","","","","","","","","","","0.000001053","","","","","","2026-07-09T12:42:22.711Z",""
"he","3kaMqSJJxFTzuk4MwnEuDpS3oz9LxT8duTJD8pHrpump","","","","","","","","","","","","","","","","","","","","","","","","","5.397e-7","","","","","","2026-07-09T12:42:23.739Z",""
"HENTAI6900","BMb8ztNHRAkL8F1b64YT1zDBnBhzZtF3G4w4BK9Qpump","56","10.909090909","","","","","","","","","","","","","","","","","0.000004774","","","","","","","2026-07-09T12:42:24.849Z","","","","","",""
"TRUST","DriqPMHbmEgeeScuFBAgBEWWJaKkoH14ufXZAV65pump","","","","","","","","","","","","","","","","","","","","","","","","","6.184e-8","","","","","","2026-07-09T12:42:25.728Z",""
"Solama ","CVE8oue4A9f1XpYCoistV4NTnXgC8BHMCZsJoQnhpump","61","1.97530864","","","","","","","","","","","","","","","","","0.000002181","","","","","","","2026-07-09T12:43:21.936Z","","","","","",""
"BILL","DDdhygQUJHcHHiZsGa3ZfeQ81uSdTKfJpM9fj1Brpump","","","","","","","","","","","","","","","","","","","","","","","","","7.122e-7","","","","","","2026-07-09T12:43:22.696Z",""
"ELON","GLTNpUUT4tHnA8SzpZsN61HyweSV6BMcLt35PhkApump","56","10.909090909","","","","","","","","","","","","","","","","","0.000002554","","","","","","","2026-07-09T12:43:23.704Z","","","","","",""
"BILL","8VSypBvpmj2xzGzNk2q2aKfx2SNNWesy6dwtRsb3pump","77","2.500000001","","","","","","","","","","","","","","","","","0.000003202","","","","","","","2026-07-09T12:44:21.763Z","","","","","",""
"BILL","DxN7GFitJSD3RageBLR6ThodThwDDKeWyT8iCJTFpump","","","","","","","","","","","","","","","","","","","","","","","","","4.186e-7","","","","","","2026-07-09T12:44:22.699Z",""
"MetaBacteria","AHC1wCT3mScErs3tedivs3Rrz33FCYHLMWFpC91Epump","56","10.909090909","","","","","","","","","","","","","","","","","0.0000025","","","","","","4.001e-7","2026-07-09T12:44:23.719Z","","","","","2026-07-09T12:45:18.786Z",""
"PZA","4bwVgT3F46kvw1tVp8BCeoy7JeWBGNVc1H1pmAXipump","","","","","","","","","","","","","","","","","","","","","","","","","3.332e-7","","","","","","2026-07-09T12:45:19.698Z",""
"SOLANA","6e3TQWxTCmGvLGwSBz9jGrV9KwhMMCgMjcSQ7JTepump","","","","","","","","","","","","","","","","","","","","","","","","","0.000002417","","","","","","2026-07-09T12:46:22.689Z",""
"kitcat","9nfTa29hm3L71jthPLphNM2ePLeKzJ8QyZgjrsjdpump","","","","","","","","","","","","","","","","","","","","","","","","","1.567e-7","","","","","","2026-07-09T12:46:23.697Z",""
"IRIS","AcKCd3LAqWYoJtBHoS1bGxF4MnT7CSLYcYa1Lgs7pump","61","2","","","","","","","","","","","","","","","","","0.000002218","","","","","","","2026-07-09T12:46:25.737Z","","","","","",""
"IRIS","331Tr1WbnS5z8xYAibJecqUDBdguC4SkGHDgVpRMpump","60","2.962962961","","","","","","","","","","","","","","","","","0.000002445","","","","","","","2026-07-09T12:48:21.765Z","","","","","",""
"Dickbutt","4kz3jDX79qKixgQ3a4cUdeLK68ktvSnzZGscrX1AbQDd","68","4","","","","","","","","","","","","","","","","","0.00000252","","","","","","","2026-07-09T12:48:22.711Z","","","","","",""
".fun","Mci1hpqs5GWzbGpGMcYuAc43799zdERwb1i84w5pump","61","1.97530864","","","","","","","","","","","","","","","","","0.000002211","","","","","","","2026-07-09T12:48:23.709Z","","","","","",""
"RUSTIE","GjXPPgV7mX4kAkgB97FJQb5zas8U7WXS3hdrXpeopump","","","","","","","","","","","","","","","","","","","","","","","","","0.00000227","","","","","","2026-07-09T12:49:22.735Z",""
"RUSTIE","DQRLxhpq77qEW8kqGQaS28VS4yRVTQksytBH7Sa6pump","71","3","","","","","","","","","","","","","","","","","0.00001112","","","","","","","2026-07-09T12:49:23.716Z","","","","","",""
"IRIS","BaQjjh7MpWfHiGccs7ifYDGNyz8Mmb9F4USWvtxZpump","","","","","","","","","","","","","","","","","","","","","","","","","0.00000217","","","","","","2026-07-09T12:49:24.899Z",""
"SEPE","AC9inH4NtXLrdbBr3iCKSo8rJXzpRm4uLCaFedaepump","80","6.872852234","","","","","","","","","","","","","","","","","0.000002213","","","","","","","2026-07-09T12:49:25.742Z","","","","","",""
"Droydstein","CYoyr2sPigeK4sFJnHFQAK74XypHr7SLUqLcsgwTpump","61","1.97530864","","","","","","","","","","","","","","","","","0.000002211","","","","","","","2026-07-09T12:50:20.697Z","","","","","",""
"CANCELME","DAkdaX7mU8UUfUAc9kdoUm4kyJ6FBrMLqkF2ruBCpump","","","","","","","","","","","","","","","","","","","","","","","","","0.000001167","","","","","","2026-07-09T12:50:21.707Z",""
"MiamiTrip","EC6tYWy2wTtZy8o2pWgdwzWSqLaX9NS6vZnJAAN4pump","62","2.469135801","","","","","","","0","0","0","960","","","","","","","0.00000422","0.00000422","","","","","","2026-07-09T12:51:19.707Z","2026-07-09T12:54:18.751Z","","","","",""
"ANSEMHOOD","FsHkgrbWtag2Yvk2PqrNqTra1a4h67nG7toB7W2kpump","","","","","","","","","","","","","","","","","","","","","","","","","0.000002399","","","","","","2026-07-09T12:52:20.072Z",""
"FRY","5vUTY266CCk9oXpyXx1kn2wC7Mqyc5tnZp6ZWFscpump","","","","","","","","","","","","","","","","","","","","","","","","","0.000001184","","","","","","2026-07-09T12:53:21.715Z",""
"GET RICH","B8Tri3a8EyUUBSZSJGjGGXUX8JQjGi9bDe1c2bbQpump","94","0.060000001","","","","","","","","","","","","","","","","","0.000006412","","","","","","0.000001045","2026-07-09T12:53:22.732Z","","","","","2026-07-09T12:54:18.780Z",""
"BICHI","2QtEQNhgY9d6k8eMKGPimsVfUAejCTYp9vwnThVDpump","58","2.962962961","","","","","","","","","","","","","","","","","0.000002204","","","","","","","2026-07-09T12:53:23.688Z","","","","","",""
"GET RICH","Gs38qHAiZVupeEZTwvdGgQghiLiCA95o8GU6NZdzpump","","","","","","","","","","","","","","","","","","","","","","","","","4.219e-7","","","","","","2026-07-09T12:55:19.739Z",""
"GET RICH","AdgZi7ZR3nHDcxn78Xxy7UpvQYu42A85FQLyPt1npump","","","","","","","","","","","","","","","","","","","","","","","","","1.783e-7","","","","","","2026-07-09T12:56:22.777Z",""
"Dab67","BpDxh9ycW2NiiRDGt1kzKtYQio5ogSnWLpptb1zSpump","70","3","","","","","","","","","","","","","","","","","0.000002189","","","","","","","2026-07-09T12:56:23.756Z","","","","","",""
"Thinking","3KrukDxp8cKLBWDygsU8joC3Nq7WrWR1zuHvAw6Spump","81","10","","","","","","","","","","","","","","","","","0.00000721","","","","","","","2026-07-09T12:56:24.696Z","","","","","",""
"NIGGERS","BfkSSTKZ5MgpU2CmaueBGbgxFFNGeQ7DoevU8v9apump","87","0.060000001","","","","","","","","","","","","","","","","","0.000002688","","","","","","","2026-07-09T12:56:25.703Z","","","","","",""
"Ascend","HkfFLBYWBEsCnJruhzpAVmSoK2ZsDcpMtezYoe8puMP","56","1.48148148","","","","","","","","","","","","","","","","","0.000002178","","","","","","","2026-07-09T12:57:21.760Z","","","","","",""
"NIGGERS","BsucyonFsBgJBFdKfs4DXYhCz6fyVF9YUeUbxN7Kpump","","","","","","","","","","","","","","","","","","","","","","","","","9.408e-7","","","","","","2026-07-09T12:57:22.704Z",""
"Toro","3DyvkVhJvqh9UkF6U19MN2ZM2eGhSGvZqp3EvQa6pump","76","5.000000001","","","","","","","","","","","","","","","","","0.000002179","","","","","","","2026-07-09T12:57:23.742Z","","","","","",""
"CORNDOG","7o8qNinZMwRRZVHGV8uLNgW4HrauTDvdoFu4GjPepump","67","3","","","","","","","","","","","","","","","","","0.000002179","","","","","","","2026-07-09T12:58:22.737Z","","","","","",""
"NIGGERS","ArvecCZ3dURBdEehx3GWnVU3RoBdVJ4oUWUhtA93pump","","","","","","","","","","","","","","","","","","","","","","","","","9.081e-8","","","","","","2026-07-09T12:58:23.708Z",""
"HENTAI6900","GozeY1HwKBQCHjMz9zHk3Pem1ojB178m7atAgJDfpump","56","10.909090909","","","","","","","","","","","","","","","","","0.000003976","","","","","","","2026-07-09T12:58:24.716Z","","","","","",""
"FREDDY","9DGieimEbkjEyUP8EmS4aNGRqNJ6S1Seq6njqG7Bgssi","62","2.178","","","","","","","","","","","","","","","","","0.000002245","","","","","","","2026-07-09T12:58:25.706Z","","","","","",""
"Camalefante","DXiXPoUNcYopfSX315Q8FvRN68b3HpeMAkmhTjxJpump","61","1.97530864","","","","","","","","","","","","","","","","","0.000008991","","","","","","","2026-07-09T12:59:20.719Z","","","","","",""
"BULLCOCK","2FctkQRGNB5xTg9uoZGKGZtexXskpo6Kf8xaqNZRpump","58","1.72839506","","","","","","","","","","","","","","","","","0.000003769","","","","","","","2026-07-09T12:59:21.712Z","","","","","",""
"grandma","32NGVEfhJtYDkwjUXh4iJhURFFaMzxXTp2FkQtuVpump","56","0.200000001","","","","","","","","","","","","","","","","","0.000001747","","","","","","5.227e-7","2026-07-09T13:00:19.736Z","","","","","2026-07-09T13:04:18.848Z",""
"PFP","FHcyznCcrYhcfJm9CeKCwhAxkzMaEtQQiwpQFaKopump","","","","","","","","","","","","","","","","","","","","","","","","","1.92e-7","","","","","","2026-07-09T13:01:22.686Z",""
"wormhole","Hs39oYSp8toAvgRG3yioNVfqqm8AxxMuSynPapdypump","55","3","","","","","","","","","","","","","","","","","0.000002273","","","","","","","2026-07-09T13:01:23.747Z","","","","","",""
"DOG","CaSCDZEfRbTV3qBaR4SJsMXFL3UoVt3go3czNTzapump","","","","","","","","","","","","","","","","","","","","","","","","","4.441e-7","","","","","","2026-07-09T13:01:24.697Z",""
"NIGGERS","AhoVfYTtcwzac3q8TpGGSr38UxM5vgGiL59P1Bbxpump","69","0.060000001","","","","","","","","","","","","","","","","","0.000004246","","","","","","","2026-07-09T13:01:25.685Z","","","","","",""
"DOGSOL","NWECutVkihDHbUgtyrsCRWpqD59A9ouFVky45LMpump","65","4.029629628","","","","","","","","","","","","","","","","","0.000003235","","","","","","","2026-07-09T13:02:22.769Z","","","","","",""
"Push","Dv7z1w6pqkeehKW13MRYpHeYxJc8zJJwg4jm6eybpump","68","3.950617282","","","","","","","","","","","","","","","","","0.000002416","","","","","","","2026-07-09T13:02:23.713Z","","","","","",""
"Memeri","88dXs2yAGtgW2pgZf3fLMZ9uVif4ksqo2q7U4TTYpump","75","4.938271603","","","","","","","","","","","","","","","","","0.000002951","","","","","","","2026-07-09T13:02:24.701Z","","","","","",""
"Nutzsche","BehYSQLMq94abNdErKBvYXmdxUKbx2DrNrPn6t7Bpump","69","3","","","","","","","","","","","","","","","","","0.000006326","","","","","","","2026-07-09T13:02:25.726Z","","","","","",""
"PFP","3vGKm6TK2zxuyFPVaTtJNct3cRvBHeGAyqxMU9Kcpump","","","","","","","","","","","","","","","","","","","","","","","","","7.151e-9","","","","","","2026-07-09T13:03:21.703Z",""
"Dank","Ec2njy3Q5fH8gp3r4XxcyuHBsvJP9a8XTdz2Jq3Jpump","67","3","","","","","","","","","","","","","","","","","0.000002186","","","","","","","2026-07-09T13:03:23.076Z","","","","","",""
"Squirrel","B3qAhfUmfCVd1ngFfw3Lu5jvELJXfMxeqtRWDDKxpump","56","3","","","","","","","","","","","","","","","","","0.000004172","","","","","","","2026-07-09T13:03:23.276Z","","","","","",""
"TNUT","5RmJLspHus79FcjzepsvjpQnBLUVvnsoci3DPTFtpump","68","3.083247688","","","","","","","","","","","","","","","","","0.000002223","","","","","","","2026-07-09T13:04:20.696Z","","","","","",""
"NIGGERS","J5nX8scc458DDoBLqGhZu5iqLuzddtENjFeoBp4Hpump","","","","","","","","","","","","","","","","","","","","","","","","","1.77e-7","","","","","","2026-07-09T13:04:21.769Z",""
"gn","6vEWALCoriLNGcA3nqGQoqLrbuND4u4wAAXbLd16pump","76","5","","","","","","","","","","","","","","","","","0.000002222","","","","","","","2026-07-09T13:05:22.715Z","","","","","",""
"Shitter","3q3jJAS29RugniQb7spAzN6WAUb3pyp8rn5amZBYpump","63","3","","","","","","","","","","","","","","","","","0.00000228","","","","","","","2026-07-09T13:05:23.711Z","","","","","",""
"Loa","53FSqcq7x4rqp9K7Q5b5J2DSmkSrD38rxEeXs3ospump","56","1.46627566","","","","","","","","","","","","","","","","","0.000008187","","","","","","","2026-07-09T13:05:24.691Z","","","","","",""
"PFP","CcPm2iXmjz7gSTuTYoCWH7zW8jQJJSpeVgKj9J5Rpump","89","0.250000001","","","","","","","","","","","","","","","","","0.000001342","","","","","","","2026-07-09T13:05:25.693Z","","","","","",""
"Darwin","6WdnWpVb6angCEEpHD1Wp8TERAJZZgrxBuEcQucdpump","65","2.962962961","","","","","","","","","","","","","","","","","0.000002178","","","","","","","2026-07-09T13:07:22.685Z","","","","","",""
"Darwin","5s2JtRsjjPSniEcUH5eSKaq8e7kSw7uT7ZThawdwpump","67","3","","","","","","","","","","","","","","","","","0.000002195","","","","","","","2026-07-09T13:07:24.713Z","","","","","",""
"Darwin","FSn5itbKSiNZbx9d7vAhtQQcxJJJQxYhpodM32U8pump","55","5","","","","","","","","","","","","","","","","","0.00000228","","","","","","","2026-07-09T13:07:25.690Z","","","","","",""
"Nutzsche","AqcJHypq3JyTGZ6QAwRxyRDk3L5py45HB45WbVQupump","56","1.481481479","","","","","","","","","","","","","","","","","0.00000228","","","","","","","2026-07-09T13:08:21.700Z","","","","","",""
"cat","FgugfvpbfMyJotGb4rijVDSHQueDmvXDwxKR7Lgpump","100","14.814814813","","","","","","","","","","","","","","","","","0.000006587","","","","","","","2026-07-09T13:08:22.704Z","","","","","",""
"wif","Bkt9yyxnxN4QacEpStkHSaYpYihJ9G9yDwvEVoC3pump","57","5","","","","","","","","","","","","","","","","","0.00000218","","","","","","","2026-07-09T13:08:23.688Z","","","","","",""
"GCB","8AUMxTQkt5Sih92H3bqHPQUPSRfx3ZxD8jCrYUGapump","81","0.350000001","","","","","","","","","","","","","","","","","0.000002238","","","","","","","2026-07-09T13:09:18.730Z","","","","","",""
"BUFF","5Z4193Q1VD8zGRauhbXdEfrEibdY6PhtAfB8YXNjpump","87","0.060000001","","","","","","","","","","","","","","","","","0.000002305","","","","","","4.809e-7","2026-07-09T13:09:20.700Z","","","","","2026-07-09T13:11:18.807Z",""
"SATOSHI","HfsCx1brDadivZQsR6VP22Sc9UaJipwpHLxgFgngpump","","","","","","","","","","","","","","","","","","","","","","","","","7.879e-7","","","","","","2026-07-09T13:09:21.763Z",""
"MESSI","GnqMoKjPVoTxTjR7vVNnrMfvDeMK8174xQ2zA5hBpump","","","","","","","","","","","","","","","","","","","","","","","","","3.177e-8","","","","","","2026-07-09T13:10:20.753Z",""
"WANSEM","C1AWXDqnFPpUjS69iWrcRBYQFygryW3sabTC8iRepump","80","6.913580245","","","","","","","","","","","","","","","","","0.000004583","","","","","","","2026-07-09T13:10:21.735Z","","","","","",""
"CHIPS","vunnaTH9DgJ4DZ5xjdv52YW6HDJJw6bqqMWL9Pqpump","66","2.765432097","","","","","","","","","","","","","","","","","0.000003208","","","","","","","2026-07-09T13:12:22.782Z","","","","","",""
"Durka","3ikDpAp19XpcKA2NF9f1r84wHkiCttt4p9LbFrewpump","57","0.500000001","","","","","","","0","0","-98.8","60","","","","","","","0.00001139","0.0001611","","","","","","2026-07-09T13:12:23.676Z","2026-07-09T13:15:18.786Z","","","","",""
"CoNe","ExQ8QN2MU1itbmT7fiysDaRvHUdjkx3M6o5QR7GVpump","","","","","","","","","","","","","","","","","","","","","","","","","8.87e-7","","","","","","2026-07-09T13:12:24.710Z",""
"Ghost","E1ssCwmeWaTaEMWs5k45s21Hb3fBfvhzvioUh8tEpump","64","2.5","","","","","","","","","","","","","","","","","0.00001043","","","","","","","2026-07-09T13:12:25.703Z","","","","","",""
"bijû","Cm5ePh97rbDLcDqNawrMMN8SpwvWrhNGTjpdtajApump","55","2.5","","","","","","","","","","","","","","","","","0.000002228","","","","","","","2026-07-09T13:13:19.706Z","","","","","",""
"Shiro","3aCyzVkGw1z6sbZBpq1mfDRHGLL5yzc7eN6523aVpump","71","4.938271603","","","","","","","","","","","","","","","","","0.000002274","","","","","","","2026-07-09T13:14:20.676Z","","","","","",""
"DADDY","HtXpFRYPJhhzKdvbgSM9qrSGkrs1xLoNvRQBKUJbpump","","","","","","","","","","","","","","","","","","","","","","","","","4.556e-7","","","","","","2026-07-09T13:15:19.727Z",""
"GCB","ENVWSEDzPkLHyBLT4ZZiPWYZCTskUMrwcWWNBxGQpump","80","0.060000001","","","","","","","","","","","","","","","","","0.00000481","","","","","","","2026-07-09T13:17:19.752Z","","","","","",""
"BACKWARDS","F5gcix2fMRhNVKdwQ32VzH7oRLvysNhKUtgCgqjDpump","66","4.938271603","","","","","","","","","","","","","","","","","0.000003083","","","","","","","2026-07-09T13:19:20.686Z","","","","","",""
"BULLDIDDY","3gUau4A4GJUtUPoKxt7JqAexyDDT2c7uz93Ftyrwpump","100","0.938125172","","","","","","","","","","","","","","","","","0.00000223","","","","","","0.0000022","2026-07-09T13:19:21.693Z","","","","","2026-07-09T13:23:18.728Z",""
"TRIM","EzoE979MLPTaXot7WT6W4vryApbK51Hh2uS6a3Vmpump","61","1.97530864","","","","","","","15.2","300","-21.4","960","","","","","","","0.000005636","0.000007486","","","","","","2026-07-09T13:20:21.719Z","2026-07-09T13:23:18.812Z","","","","",""
"kitkat","81jdLXhwTD8hS5RExz9e3tZQKZPEcABW2vpqqmn9pump","95","9.481481479","","","","","","","","","","","","","","","","","0.000003751","","","","","","","2026-07-09T13:20:22.688Z","","","","","",""
"okdog","5vT47TTfh8Yf8K8KsfsDLQTRhrxaL2bJysGqMNNopump","56","2.765432097","","","","","","","","","","","","","","","","","0.000004806","","","","","","0.000002419","2026-07-09T13:20:23.694Z","","","","","2026-07-09T13:25:18.745Z",""
"FLOCKY","5DnQ3J7omsPdYEbRSg5WXsF5yLjNDciczYoNS6Bypump","73","4.938271603","","","","","","","","","","","","","","","","","0.000002174","","","","","","0.000002174","2026-07-09T13:23:19.737Z","","","","","2026-07-09T13:27:18.869Z",""
"STACK","DHGaDEFvQvPnoBu12o7FZ19zhwZb4rfPFo7JKU4opump","","","","","","","","","","","","","","","","","","","","","","","","","1.917e-7","","","","","","2026-07-09T13:24:21.717Z",""
"$simland","6BfQZvxPHVsgnejrXFYpHVwkL2WjbY3kHRzBBkeNpump","67","2.962962961","","","","","","","","","","","","","","","","","0.000002637","","","","","","","2026-07-09T13:24:22.700Z","","","","","",""
"FOMO","5eYDX1oam8b4wk4KQTEGZibno6wn6bMQigqJN7rXpump","","","","","","","","","","","","","","","","","","","","","","","","","0.000001571","","","","","","2026-07-09T13:24:23.686Z",""
"Lemon","BZSRRT4gqCPX3f4aVL4vQ3JKa6cUUTSCimrKPbLNpump","56","1.5","","","","","","","","","","","","","","","","","0.000002174","","","","","","","2026-07-09T13:25:19.687Z","","","","","",""
"Stephen","4wHgaqJkZaFP2WoDnYmoNqv1gQmZGSM8PuKcG6icpump","64","4.938271603","","","","","","","","","","","","","","","","","0.000002176","","","","","","","2026-07-09T13:26:21.754Z","","","","","",""
"Boogie","Do9TLZ5uzTuj8aczqeSj2fdyqG3U9VGxqL5HEyCpump","89","1.728395059","","","","","","","","","","","","","","","","","0.000002259","","","","","","","2026-07-09T13:26:22.679Z","","","","","",""
"BANK","Frq79uC5zTGUbcKrn95dyrcidc1PBePCAyneLMbApump","69","5.000000001","","","","","","","","","","","","","","","","","0.00000223","","","","","","","2026-07-09T13:26:23.717Z","","","","","",""
"Emote","HqQBtiymMbiDVqnrUHq4UHfVcthzXd9iEFMcrxJapump","77","7.901234566","","","","","","","","","","","","","","","","","0.00000268","","","","","","","2026-07-09T13:27:19.682Z","","","","","",""
"TCX","F2bnJW1z55UQ9ZqGX5RwYQfvNJrd23n66eyBV5QZpump","67","2.962962961","","","","","","","","","","","","","","","","","0.000004901","","","","","","","2026-07-09T13:28:19.689Z","","","","","",""
"TTAN","C8dQxVYMEMH6tiYchDgRnLC3eUW8qweAiXj1Trtgpump","","","","","","","","","","","","","","","","","","","","","","","","","5.668e-7","","","","","","2026-07-09T13:30:22.706Z",""
"$BULL","2b38A3vqg1rPouodKNXbg3rVWtgw2zE4rWQxdRfipump","","","","","","","","","","","","","","","","","","","","","","","","","4.201e-8","","","","","","2026-07-09T13:30:23.832Z",""
"Alternita","C36JXNZhRNmhNg8tj1BnDhJWKcWvTXrMmCTHMgwQpump","63","2.962962961","","","","","","","","","","","","","","","","","0.000002216","","","","","","","2026-07-09T13:30:24.686Z","","","","","",""
"FOMO","7aPjQQzPEQBUZz7qQ188iretCmEcrccSwSq9DP8Jpump","","","","","","","","","","","","","","","","","","","","","","","","","5.058e-7","","","","","","2026-07-09T13:30:25.690Z",""
"MESNA","96BpxKwHvjY2Kwp6fo5vMP6KT1LximFRtTzMK6kMpump","94","29.629629628","","","","","","","","","","","","","","","","","0.00001184","","","","","","0.000002209","2026-07-09T13:31:20.868Z","","","","","2026-07-09T13:33:18.840Z",""
"DOGMATIK","HfoFN7yXK2xkWjL7ZMcrV7JFL8BrNeJ9Eofk4Wxzpump","63","4.938271603","","","","","","","","","","","","","","","","","0.000002237","","","","","","","2026-07-09T13:32:19.695Z","","","","","",""
"ROCK","4LjoKGiqMaxEf7TF4dis6g3V3U18yk5RT9riTCmXTZNh","","","","","","","","","","","","","","","","","","","","","","","","","2.731e-8","","","","","","2026-07-09T13:33:19.737Z",""
"MC","EuAMVAVdGdwdhP3V6XTtyHTVELgh91k83XW2QCpnpump","61","1.97530864","","","","","","","","","","","","","","","","","0.000009743","","","","","","","2026-07-09T13:34:21.942Z","","","","","",""
"EGG ","EDQBTpdWt7QDJ8yw4ysx13f4YkzMh5pq5V8t472xpump","61","1.97530864","","","","","","","","","","","","","","","","","0.000002171","","","","","","","2026-07-09T13:34:22.144Z","","","","","",""
"CAPYB","8ELj1fWCGfBgQNJxbeU8n56mDURicwb68ZRgiUax42UJ","","","","","","","","","","","","","","","","","","","","","","","","","4.552e-8","","","","","","2026-07-09T13:34:22.690Z",""
"PUMP","HZJX7igXGjNzcUbZhjmQdHSRbKnFz6gPkxQPAxyspump","56","0.197530863","","","","","","","","","","","","","","","","","0.000002146","","","","","","","2026-07-09T13:35:21.689Z","","","","","",""
"EGG","naAx4rU77noQgCiYFtBYGE7QbwAjLyA5TUafMm3pump","56","1.97530864","","","","","","","","","","","","","","","","","0.000002169","","","","","","","2026-07-09T13:35:23.715Z","","","","","",""
"CHO","83X57ws5V6QUmp9cWMiuZGhbLxwCYMyRngaKPQGAi6dG","","","","","","","","","","","","","","","","","","","","","","","","","1.66e-7","","","","","","2026-07-09T13:36:21.732Z",""
"DCAT","HYk7TvSQL3X7eQRATehfTnRdy5KVjpe3uDxyPQDdpump","","","","","","","","","","","","","","","","","","","","","","","","","3.372e-7","","","","","","2026-07-09T13:36:22.696Z",""
"YOLK","GHWG3jYEJvyzXtFkR4m7WAeHgFQDdkdhmUQxGjSfpump","","","","","","","","","","","","","","","","","","","","","","","","","2.399e-8","","","","","","2026-07-09T13:36:23.683Z",""
"SIGMA","31biiCQJLPvPNwAMs3TCytWxWi1mecPDTLZaGAJ99AWm","","","","","","","","","","","","","","","","","","","","","","","","","7.105e-7","","","","","","2026-07-09T13:38:22.087Z",""
"STABLECAT","Hpb7myb5Fifdh9Rx5Syvm2iDWBD9m7tXRy4cavjpump","56","1.97530864","","","","","","","","","","","","","","","","","0.000002216","","","","","","","2026-07-09T13:38:22.633Z","","","","","",""
"MAD","DFknVYeUua5t8tSns4KpChEjRwCsw45CHXuE26Xxpump","","","","","","","","","","","","","","","","","","","","","","","","","7.909e-7","","","","","","2026-07-09T13:38:23.084Z",""
"Bitsem","J14XLyVzRWw4AKdv7qVKoHsEhvVvj1JMfi81aVXKpump","","","","","","","","","","","","","","","","","","","","","","","","","4.129e-7","","","","","","2026-07-09T13:39:20.692Z",""
"GCB","EwbqY8bFMj34w6uxfXqL2D9u47G2egbAEPgLyDkWpump","","","","","","","","","","","","","","","","","","","","","","","","","5.32e-7","","","","","","2026-07-09T13:39:21.679Z",""
"MOO","FVZAK8G293WL6WA1AMcGNPX2pfYC132YQAEuTqQJ7UN2","","","","","","","","","","","","","","","","","","","","","","","","","1.555e-7","","","","","","2026-07-09T13:40:21.680Z",""
"$Dip","8Rse3BhtKThgcbhSBAYDRP5DUCXbi6y7JaAGzS2Hpump","","","","","","","","","","","","","","","","","","","","","","","","","4.995e-7","","","","","","2026-07-09T13:40:22.708Z",""
"II","3wJM8AnTYezHBhgYmobJ2mAigkamA64nxqxcVFiopump","67","3","","","","","","","","","","","","","","","","","0.00000218","","","","","","","2026-07-09T13:40:23.742Z","","","","","",""
"NASDANQ","HXfo9EQh6s9vxSvDw8UzaxjFB1evXvdLUgFdYwppump","66","2.765432097","","","","","","","","","","","","","","","","","0.000002221","","","","","","","2026-07-09T13:41:20.698Z","","","","","",""
"NEKO","64ov6CUV4dyt7mx6LsGUSFhvrwSP8CKNb5NvoRmEpump","63","2.229535887","","","","","","","63.7","180","-54.6","960","","","","","","","0.00001052","0.00001185","","","","","","2026-07-09T13:42:22.788Z","2026-07-09T13:45:18.840Z","","","","",""
"CROWNS","9iX2EWLWH3VZJyjWvXj7W37f1YeiWFzzyaTDXeoMpump","58","1.638091061","","","","","","","","","","","","","","","","","0.000002175","","","","","","","2026-07-09T13:42:23.686Z","","","","","",""
"RETR","7L5GGfDCuF9bh2ciYt6nHmXmxULVFUSzbgyWJpCcB633","64","1.980198018","","","","","","","","","","","","","","","","","0.000003816","","","","","","","2026-07-09T13:42:24.722Z","","","","","",""
"NEKO","NfEmW3jJwjqnaTQ6uEjPMwz9EmX9K4h1Ztdo1Gzpump","61","2","","","","","","","","","","","","","","","","","0.000002263","","","","","","","2026-07-09T13:42:25.677Z","","","","","",""
"MUNG","87Jmx7SB7B9tzCF4jWWTfB5atWLL3ZX7ESU8L14Tpump","","","","","","","","","","","","","","","","","","","","","","","","","2.766e-7","","","","","","2026-07-09T13:43:19.672Z",""
"HOODWORK","EnkJ5fqDc1bhEGZEqvc33sggxTtdz8opniAgE2p9pump","61","1.97530864","","","","","","","","","","","","","","","","","0.00000256","","","","","","","2026-07-09T13:46:20.739Z","","","","","",""
"RET","GB5sPC3b3AHGQR7U6NSidzNSm8cd1SAfg6Uq2Cp4KoFu","61","1.980198018","","","","","","","","","","","","","","","","","0.000002401","","","","","","","2026-07-09T13:46:21.693Z","","","","","",""
"Neko","AfEfbH2kwU1A93yz7dYjarsAN3x7CukbYugTbcxLpump","72","5","","","","","","","","","","","","","","","","","0.000002206","","","","","","","2026-07-09T13:47:22.701Z","","","","","",""
"pussy","5NmkL8DgHj6VLZJpqgQp7QcBFpB8QHEb7VDDGX2AwV3Z","68","4","","","","","","","","","","","","","","","","","0.000002224","","","","","","","2026-07-09T13:47:23.692Z","","","","","",""
"FIH","HXwTq6WGdqP9GqAgtnWtFwZknQGa1Hp2FKsQxbYCpump","","","","","","","","","","","","","","","","","","","","","","","","","0.00000651","","","","","","2026-07-09T13:47:24.769Z",""
"$AGAIN","9bZwJLuMLEgUMkSad78ccgsQW5prQmpPhhCgm2Yupump","94","0.060000001","","","","","","","","","","","","","","","","","0.000002186","","","","","","","2026-07-09T13:47:25.696Z","","","","","",""
"TM","7eqBat6xSspsKkmGow6hhCAx72RV1DfJnNXAcLnhpump","63","4.938271603","","","","","","","","","","","","","","","","","0.000002282","","","","","","","2026-07-09T13:48:19.667Z","","","","","",""
"OpenClaw","6NDZ28S4Tm9jJnVWwwQeE4xBGyjsXJmtrsRR6mmipump","80","2.962962961","","","","","","","","","","","","","","","","","0.00000245","","","","","","","2026-07-09T13:49:21.746Z","","","","","",""
"NEO","ER1uRH7K4JTKFUs5w2GGKvgr3QndWUtg96YSeYj6ozr9","","","","","","","","","","","","","","","","","","","","","","","","","2.113e-7","","","","","","2026-07-09T13:49:22.707Z",""
"OpenClaw","4hd4oK9FyJuMfmdcGn3mv177HX9N6Rwg8pVUspUgpump","56","5","","","","","","","","","","","","","","","","","0.000002179","","","","","","","2026-07-09T13:49:23.680Z","","","","","",""
"soon","Ao1XvivVBktv33pY2D5vYHdZXsq9gooRf1kuXSeJpump","60","2.5","","","","","","","","","","","","","","","","","0.000002219","","","","","","","2026-07-09T13:50:20.688Z","","","","","",""
"ok","CPdQTRQK1CQfStxEKExESWBXdRHWih8GtoyhC8nDpump","67","2.962962961","","","","","","","","","","","","","","","","","0.000002257","","","","","","","2026-07-09T13:50:21.798Z","","","","","",""
"YOLK","Cj49HnbzDiSqbtSakN8xC3u7zECFWP9jYHpcf9Bcpump","","","","","","","","","","","","","","","","","","","","","","","","","7.035e-7","","","","","","2026-07-09T13:51:20.677Z",""
"FON","c1QRswMuiEJd1FApqswyo4bvaq7wy3so3Jcw8v2pump","58","1.7","","","","","","","","","","","","","","","","","0.000006977","","","","","","","2026-07-09T13:51:21.783Z","","","","","",""
"DJT","CyekyJqou8TG5T1FwhfshKX5TD5STZ583MvExEZVpump","70","3.456790122","","","","","","","","","","","","","","","","","0.000002184","","","","","","","2026-07-09T13:52:22.669Z","","","","","",""
"LLA","6ptpDb4bGVSCpBqj6ZoexzQ4Wu3RCpXMp6dkWzLYxwah","","","","","","","","","","","","","","","","","","","","","","","","","8.176e-7","","","","","","2026-07-09T13:52:23.674Z",""
"air","HoA9di25Y8fdr1kCKpMbEiEtJ3cGRVrx3VjU4EWkpump","56","1.97530864","","","","","","","","","","","","","","","","","0.000004225","","","","","","","2026-07-09T13:52:24.734Z","","","","","",""
"air","S6pCFBFWD2bhq7zydZWWUsKbebP8GJthKJTTZ7nbonk","62","4.9375","","","","","","","","","","","","","","","","","0.0000142","","","","","","","2026-07-09T13:52:25.674Z","","","","","",""
"Suncoin","AYLvS1ymUyKEXSoLoRVSgd6SscL5ZhjXEqxK1dUKpump","75","4.71111111","","","","","","","","","","","","","","","","","0.000003354","","","","","","","2026-07-09T13:53:20.667Z","","","","","",""
"birdbull","4svqyvJq6fZ9XZWReiPXz9saHkjZBJKrSdjkZrFwpump","94","29.629629628","","","","","","","","","","","","","","","","","0.000009012","","","","","","","2026-07-09T13:53:21.674Z","","","","","",""
"REK","CQq7xS1q4EmNHfEXg2NCu4T7HGnAjZUk4m2d1Grg8AWg","58","1.980198018","","","","","","","","","","","","","","","","","0.000002346","","","","","","","2026-07-09T13:54:19.743Z","","","","","",""
"PAND","999EhEvWpFP2kSo6GevSiXLkz5riV3KQP1Xm4XuQjyRD","","","","","","","","","","","","","","","","","","","","","","","","","7.688e-7","","","","","","2026-07-09T13:55:21.666Z",""
"BABYANSEM","5mnKJWw5VDiFGu8WCjBCs838oqoxysWGSZ61UjGipump","100","0.098750018","","","","","","","","","","","","","","","","","0.000007389","","","","","","","2026-07-09T13:56:22.690Z","","","","","",""
"ok","G91u4Gr9GuM17nGkhgbhTFD3NXXVpDTLEP6CNeLcpump","67","2.962962961","","","","","","","","","","","","","","","","","0.000002196","","","","","","","2026-07-09T13:56:23.673Z","","","","","",""
"ELECT","GYuZyyn6CqisJKBMArcYqgKALbqh5ghkQ9Wzw34LgGxj","","","","","","","","","","","","","","","","","","","","","","","","","5.098e-7","","","","","","2026-07-09T13:56:24.728Z",""
"Vlad","5x8Ywc1aq6MwGN9vm6LjVMvNvMjsvXnAVDohDUZaBmJR","","","","","","","","","","","","","","","","","","","","","","","","","7.194e-7","","","","","","2026-07-09T13:56:25.698Z",""
"airdrup","9GudZx4y6mcNiRuumfLmPq76LgmiNPnG46PR3oripump","61","1.97530864","","","","","","","","","","","","","","","","","0.000002237","","","","","","","2026-07-09T13:57:22.689Z","","","","","",""
"BULL","4DgMAwjFQFmeBvnZgQdJtgopyfmjmtkvXx8v7hZHpump","64","1.000000001","","","","","","","","","","","","","","","","","0.000005837","","","","","","","2026-07-09T13:58:20.693Z","","","","","",""
"Sendology","ADgnghKZCr7KydfXGJ9s6H4AMKe2srkrKRBh38Znpump","67","3","","","","","","","","","","","","","","","","","0.000002185","","","","","","","2026-07-09T13:58:21.686Z","","","","","",""
"Vlad","7XZW21hxNhGriiSHncDLEZ2RE3V2BuJYRz4CecDem7gz","65","0","","","","","","","","","","","","","","","","","0.000001679","","","","","","","2026-07-09T13:59:19.716Z","","","","","",""
"PUMP","HS5LNMdsjHoTPhbBJY2CFxwanCM4TQRpTmR6awrHpump","58","3","","","","","","","","","","","","","","","","","0.000002199","","","","","","","2026-07-09T14:00:22.709Z","","","","","",""
"MERT.SOL","F8tUXPKWHKJQuNGCJ2j8Ls5bEpTuvGBZYP9uRDjtpump","","","","","","","","","","","","","","","","","","","","","","","","","0.000002186","","","","","","2026-07-09T14:00:23.684Z",""
"MERT.SOL","49ZbCbr8cErN5Hwxr28XsBFpQ7byfv5o44rgLYgGpump","59","4.938271603","","","","","","","","","","","","","","","","","0.000002206","","","","","","","2026-07-09T14:00:24.779Z","","","","","",""
"robinson","H9RTPBpPzTjTfeDCr1qETqgdYEdQzjXSnyJH4L81pump","56","1.5","","","","","","","","","","","","","","","","","0.000002187","","","","","","","2026-07-09T14:00:25.689Z","","","","","",""
"$Bullyx","9nhFRF8EePP6TRzCQzgqnsXuinQPEmkZkeWDp5Lwpump","56","2.000000001","","","","","","","","","","","","","","","","","0.000002488","","","","","","","2026-07-09T14:01:22.865Z","","","","","",""
"ok","Ceu9oH8RdEe3nVQArtY8xBYp2tb5dmrERUpXsqCQpump","67","2.962962961","","","","","","","","","","","","","","","","","0.000002235","","","","","","","2026-07-09T14:01:23.675Z","","","","","",""
"VAPE","7P2GcdaieAiCdfnoP8PypXXYMVoMgpzwepoF9TDDpump","61","1.97530864","","","","","","","","","","","","","","","","","0.00001342","","","","","","","2026-07-09T14:01:24.661Z","","","","","",""
"pupi","CVpBJGr4PrPJiLoVe2AXNKmjzkNA4Po1pjyYnUNTpump","61","1.97530864","","","","","","","","","","","","","","","","","0.000002187","","","","","","","2026-07-09T14:01:25.663Z","","","","","",""
"999","56nNyQNHZxFB1G6A4yoMfk2nCF52evkbnR4mpUy9pump","56","5","","","","","","","","","","","","","","","","","0.000002188","","","","","","","2026-07-09T14:02:22.668Z","","","","","",""
"Soccer","Cjaw7zhjQrLp3QZyRyMtE5nCR8J4qFCzZ7qqmtHkpump","67","2.962962961","","","","","","","","","","","","","","","","","0.000002194","","","","","","","2026-07-09T14:02:23.787Z","","","","","",""
"999","9NyiQGkbCLCM9beQ3qLkfzhVdUTWpcGGNJLjw8vRu3J","57","8.999999999","","","","","","","","","","","","","","","","","0.000002379","","","","","","","2026-07-09T14:02:24.670Z","","","","","",""
"999","4Cez6f8HBhTN2aBoxNsbh5k6CwjCwaBuGMdiDcJEpump","","","","","","","","","","","","","","","","","","","","","","","","","0.000002188","","","","","","2026-07-09T14:02:25.692Z",""
"ok","89217ZDa5SUPWm9MbUumFgQ5NPNPeFeamusdjmJwpump","75","4.938271603","","","","","","","","","","","","","","","","","0.000003926","","","","","","","2026-07-09T14:03:22.681Z","","","","","",""
"sudo","FETB6rDsgRr4dpQqLHQpyEoLZvPnnRZSULW2fjQNpump","61","1.97530864","","","","","","","","","","","","","","","","","0.000003037","","","","","","","2026-07-09T14:03:23.658Z","","","","","",""
"GBULL","E5U2hJfB3ouy1fi5mwj3s4VRsqzgYYCP8DECMBcTpump","61","1.97530864","","","","","","","","","","","","","","","","","0.000003722","","","","","","","2026-07-09T14:03:24.723Z","","","","","",""
"READ","ChmD3jhP7PV9CrrnpYssET9xVUngT2sLNGPumhWgpump","61","1.97530864","","","","","","","","","","","","","","","","","0.00000229","","","","","","","2026-07-09T14:03:25.807Z","","","","","",""
"SNAX","7o2vHcWPpaDX9Pxix8qDVijxrCc18GDgpdGnhksfpump","59","3","","","","","","","","","","","","","","","","","0.00000229","","","","","","","2026-07-09T14:04:21.765Z","","","","","",""
"Kevin","G4shyU6bJ6vK63a846WqHRjDQHts53z8cESDWxhVpump","61","4.938271603","","","","","","","","","","","","","","","","","0.000002288","","","","","","","2026-07-09T14:04:23.133Z","","","","","",""
"ANSOLL","GtoDar7Ji9tXpnTAWfjRyRGyEXSW4XaaFbbzGCYypump","61","2.000000001","","","","","","","","","","","","","","","","","0.000003305","","","","","","","2026-07-09T14:04:23.468Z","","","","","",""
"Collette","7w7WV2u3wXxm8xdp2mV4uxcq8tBiEFUEp3F3EF1gpump","67","3","","","","","","","","","","","","","","","","","0.000002199","","","","","","","2026-07-09T14:07:20.659Z","","","","","",""
"r0bin","AhuEhaHr6ubBaK6FkdBFFD9wrX1ZqaUhnh52NRFSpump","56","1.5","","","","","","","","","","","","","","","","","0.00000227","","","","","","","2026-07-09T14:08:20.666Z","","","","","",""
"MiamiTrip","FDWhMJ7zfiSvaVUmftQNgBF3hxzihhrbpmxicWXYpump","","","","","","","","","","","","","","","","","","","","","","","","","0.000001038","","","","","","2026-07-09T14:09:23.674Z",""
"Miami","UmA46hKin4tzwKy7YUTVNrXtvHnaQAJGPkDsFPopump","","","","","","","","","","","","","","","","","","","","","","","","","4.069e-7","","","","","","2026-07-09T14:10:20.697Z",""
"sudo","6JC7Y6VALF4AzBKx5GgYVnQXdRnL91oTCpK1mqtVpump","61","1.97530864","","","","","","","","","","","","","","","","","0.000003302","","","","","","","2026-07-09T14:10:21.737Z","","","","","",""
"ok","6sgx6WLjy6ZwBS6XTQCtnBAWZgmb7kxtZKZbmjAHpump","67","2.962962961","","","","","","","","","","","","","","","","","0.000002186","","","","","","","2026-07-09T14:12:21.660Z","","","","","",""
"TOSUN","3W2VfT5HNqea1DfxKr89nEkA6t97bRNhNtLxdp5dpump","100","0.060000001","","","","","","","","","","","","","","","","","0.000006573","","","","","","0.000001061","2026-07-09T14:12:22.665Z","","","","","2026-07-09T14:13:18.708Z",""
"ASMR","Gr6EW7M8tgyRMiTKo6gbsVQRZc2GmYSBjznE5EFJpump","93","0.100000001","","","","","","","","","","","","","","","","","0.000004814","","","","","","","2026-07-09T14:12:23.752Z","","","","","",""
"SNTL","HfyQhkBMnKqjaAQcwYEBDm3bwXV32vkyZXURSwi1pump","","","","","","","","","","","","","","","","","","","","","","","","","0.000003734","","","","","","2026-07-09T14:13:21.712Z",""
"999","ArFUhJGiSbQkJsWh4rhF6msT2RfMo1HkbKhTqJN2pump","60","7","","","","","","","","","","","","","","","","","0.000009679","","","","","","","2026-07-09T14:13:22.661Z","","","","","",""
"Dab67","4VsLPeiujj8Hv7qdHnZ6JATvZpi29XZ2JonM5kNgpump","61","1.97530864","","","","","","","","","","","","","","","","","0.000002182","","","","","","","2026-07-09T14:13:23.772Z","","","","","",""
"SNTL","6h2CpGHuRLsBZMVPPeaqG2LjVQnWcrr1KbE8yMbFpump","61","1.97530864","","","","","","","","","","","","","","","","","0.00000218","","","","","","","2026-07-09T14:14:19.660Z","","","","","",""
"COCKROACH","AfkJkZhWbk1ohWwQ2tKexZ2QEUKQkPx16EC4Gq1madVE","59","10","","","","","","","","","","","","","","","","","0.000002414","","","","","","","2026-07-09T14:15:22.668Z","","","","","",""
"Cockroach","EmAnU7bLDv7GFWjt3ZdUCKi3VaTFxz26UJjS2QN4pump","","","","","","","","","","","","","","","","","","","","","","","","","0.000002182","","","","","","2026-07-09T14:15:23.684Z",""
"fug","5Pj1vqkaJv2ZgZwanPNgEsBxRV7cEkSbkAbFeJ2dpump","67","3","","","","","","","","","","","","","","","","","0.000002284","","","","","","","2026-07-09T14:15:24.659Z","","","","","",""
"VLAD","5mZwSkv8F2LrbaNkg1ckP4RprieXqJYcnvwEAHjEpump","","","","","","","","","","","","","","","","","","","","","","","","","1.588e-7","","","","","","2026-07-09T14:15:25.660Z",""
"RUN","ahhLj94ArdNG3bmmkVTux8yifY4Jekdk1pdcXyDpump","95","38.054968288","","","","","","","","","","","","","","","","","0.00001163","","","","","","","2026-07-09T14:16:22.652Z","","","","","",""
"SUDO","CQu2mxoRt3KPea3vBRMP3nebzAidzGN9jQYq6dr7pump","61","1.97530864","","","","","","","","","","","","","","","","","0.000006177","","","","","","","2026-07-09T14:16:23.663Z","","","","","",""
"WORLD","AmckGLQoTqNDg8CAtsrZzVsVYVayftgSo9tSWXMZpump","75","4.938271603","","","","","","","","","","","","","","","","","0.000002179","","","","","","","2026-07-09T14:16:24.770Z","","","","","",""
"Vlad","A1hdKti438VvvnG7YuCvNWo3vz9sBRfZBoWFkXYTqvyP","","","","","","","","","","","","","","","","","","","","","","","","","4.268e-7","","","","","","2026-07-09T14:16:25.778Z",""
"ok","2FVmhdCmkEew76LJzRVr1Jqsby1GhPyZfLzvwF8qpump","61","1.97530864","","","","","","","","","","","","","","","","","0.000002175","","","","","","","2026-07-09T14:17:20.728Z","","","","","",""
"COCKROACH","D1pQi3MABMcv1Vey3TxkHszv1krF4k7HgZ8YTb3Kpump","67","3","","","","","","","","","","","","","","","","","0.000003122","","","","","","","2026-07-09T14:18:20.683Z","","","","","",""
"Dab67","4CDHMjx2YmaYKun8ebz8suNHkSHM6yJZrN2NWqmwpump","63","3","","","","","","","","","","","","","","","","","0.000005038","","","","","","","2026-07-09T14:19:20.671Z","","","","","",""
"PUMPFUN","2rfgwsjxCHAR6bQSb2DLcndARvFBJqMLRuuW4gzvpump","55","2.962962961","","","","","","","","","","","","","","","","","0.000002278","","","","","","","2026-07-09T14:19:21.695Z","","","","","",""
"COCKROACH","Am4dpqDE2YntZBPuCTn4f7m7qi1xU6i7UGHMpucgpump","","","","","","","","","","","","","","","","","","","","","","","","","0.000002215","","","","","","2026-07-09T14:20:20.778Z",""
"MDWWI","BtXYx2mLz7NYxKwqrZS7sYnc4Vbcf2Vzg76KEMGBpump","","","","","","","","","","","","","","","","","","","","","","","","","3.821e-8","","","","","","2026-07-09T14:21:20.659Z",""
"RIPS","9eoUmA1NfUBViG1eHdsqzUh3xtRvz9EwdVtEREkDpump","56","1.48148148","","","","","","","","","","","","","","","","","0.000005893","","","","","","","2026-07-09T14:21:21.682Z","","","","","",""
"Vlad","5EbsNCKRZ9WLR7B36Focgs2GSmzg4we51aUbRUHKr9c4","","","","","","","","","","","","","","","","","","","","","","","","","0.000001044","","","","","","2026-07-09T14:22:19.665Z",""
"COCKROACH","ujF8YkQe99CNjVyFdQTPZicT3dqKjHkEvfELdgWPuMp","56","1.48148148","","","","","","","","","","","","","","","","","0.000002184","","","","","","","2026-07-09T14:23:21.848Z","","","","","",""
"CORNDOG","BNFQiYohQcNwLReWyKFRxGctCwXJDjZWJoYdUDzopump","70","3.5","","","","","","","","","","","","","","","","","0.000002324","","","","","","","2026-07-09T14:25:20.141Z","","","","","",""
"ENT","C5JDu9KgcU6B4PhnfsdwrjPtefjdkp93y3yPbnhapump","80","6.676055857","","","","","","","","","","","","","","","","","0.000004498","","","","","","","2026-07-09T14:26:20.835Z","","","","","",""
"$simlandcn","CCXq36DtcSw6MVYSzzynqG1MjjksjFXpqS67TM8Jpump","71","4.938271603","","","","","","","","","","","","","","","","","0.000002952","","","","","","","2026-07-09T14:26:21.763Z","","","","","",""
"MUHAMMAD","BPo5Y9WvEthxt2NxrdWJWgwGhd7z4eVER2p65ndtpump","","","","","","","","","","","","","","","","","","","","","","","","","0.000002275","","","","","","2026-07-09T14:28:19.649Z",""
"1","8JAPq2Hr1ZL9yPia5zF14vLJYSHsHRNmCNvA6abdpump","56","1.5","","","","","","","","","","","","","","","","","0.00001288","","","","","","","2026-07-09T14:30:21.656Z","","","","","",""
"PUMP","3HcWPcsk8AHXZpN5ARm27BGsYwRswjEjJF8dVyRipump","","","","","","","","","","","","","","","","","","","","","","","","","3.789e-7","","","","","","2026-07-09T14:30:22.648Z",""
"MUHAMMAD","GQWDN4oNapiFoPfxAFMr2TmTGAF1cyD3N3Z8Ey2gpump","58","3","","","","","","","","","","","","","","","","","0.000002279","","","","","","","2026-07-09T14:30:23.738Z","","","","","",""
"JUGGALOPE","5ttYreGbXaPJukvELAwtuSuvV13F93tGL3234azUpump","74","2.962962961","","","","","","","","","","","","","","","","","0.000002206","","","","","","","2026-07-09T14:31:21.738Z","","","","","",""
"magical","UM8VLnskSkaWZC3uytkT9YbE7buPF3cNryZRqtWpump","77","2.962962961","","","","","","","","","","","","","","","","","0.000002203","","","","","","","2026-07-09T14:31:22.654Z","","","","","",""
"MAGICAL","5hT8PFLPvYLNxtb5XWBrzZMqngWgcTck3Tizet2zpump","","","","","","","","","","","","","","","","","","","","","","","","","0.000002177","","","","","","2026-07-09T14:31:23.661Z",""
"Telvar ","GmqoTgFkNFaRsq7jehgwaWX2UFnpgNbHsdxLQ1ZFpump","","","","","","","","","","","","","","","","","","","","","","","","","1.471e-7","","","","","","2026-07-09T14:32:20.659Z",""
"TICKER","8ZifZvHrrvKVGjvDkmYoJ4SNvZhrfRN7AUD5QveYpump","","","","","","","","","","","","","","","","","","","","","","","","","2.559e-7","","","","","","2026-07-09T14:32:21.656Z",""
"REFLECT","38D2JYpcrYS8yo5S4cDAaqsHmUW3rYGYvV4rafYXpump","61","2","","","","","","","","","","","","","","","","","0.00000225","","","","","","","2026-07-09T14:33:20.742Z","","","","","",""
"Juggalope","CKZciPDKh9EyQfM4UA4y1zd9RAai6TVpobRBMprWpump","","","","","","","","","","","","","","","","","","","","","","","","","0.000002218","","","","","","2026-07-09T14:33:21.773Z",""
"bullfast","4WFtGQoXPkGjqXokoUBsEk7pviF7dX8L2r8jRjMSpump","75","4.938271603","","","","","","","","","","","","","","","","","0.000002986","","","","","","","2026-07-09T14:34:22.752Z","","","","","",""
"MBABBE","FQRDMh8vVMXhB8CSirDF9zXAovtTK9cApzZwRagApump","","","","","","","","","","","","","","","","","","","","","","","","","1.702e-7","","","","","","2026-07-09T14:34:24.660Z",""
"MDWWI","AsuPa9zygmBFM97VW6Jgv62Uwu4y8Bni6Js65eZLpump","81","0.060000001","","","","","","","","","","","","","","","","","0.000003979","","","","","","","2026-07-09T14:34:25.795Z","","","","","",""
"WOLF","FPV8UzS77n5C1ZCasmUPQUkzxFLC4f9xqeUbHWstpump","56","2","","","","","","","","","","","","","","","","","0.00000217","","","","","","","2026-07-09T14:35:23.656Z","","","","","",""
"R&B","HHyQ1KaaUW83pPZaFBhPfkHvRQXGDmU2VzShmzfzpump","60","4.938271603","","","","","","","","","","","","","","","","","0.000002213","","","","","","","2026-07-09T14:35:25.645Z","","","","","",""
"REFLECT","8MesUBYzqZufxoJy4JRN8wgKvMGznoNnwpUbDKE2pump","56","2","","","","","","","","","","","","","","","","","0.000002273","","","","","","","2026-07-09T14:36:22.659Z","","","","","",""
"Juggalope","BbkULSYYKLsM5nCsK9jyD2HzP8Rgsrup7VPTq4MH7hfi","","","","","","","","","","","","","","","","","","","","","","","","","0.000002169","","","","","","2026-07-09T14:36:23.659Z",""
"PZA","81AGvKpeWaBH9tG62JVhY2zEMwuwF4hFjET9fEDEpump","","","","","","","","","","","","","","","","","","","","","","","","","6.375e-7","","","","","","2026-07-09T14:36:24.686Z",""
"R&B","G7Ge1irbbsKU2cZestNM6r8cWrhZA7eoiEYsrvEQpump","60","4.938271603","","","","","","","","","","","","","","","","","0.000002998","","","","","","","2026-07-09T14:36:25.666Z","","","","","",""
"Klaim","AWgdCTJKvByoZQjtpaV5qCFkrMLZ4ucV8ezpz4tApump","67","2.962962961","","","","","","","","","","","","","","","","","0.000002209","","","","","","","2026-07-09T14:37:20.686Z","","","","","",""
"mafiamob ","HChbVpxm8qhCq8b4tQgZMEAyKs8h5Gb1GzTUk2oXpump","60","0.395061727","","","","","","","","","","","","","","","","","0.00001059","","","","","","","2026-07-09T14:37:21.659Z","","","","","",""
"YOLK","5Sr3cC4h53RMY7UgchguWsJboNWXigULaEfcUFbEpump","","","","","","","","","","","","","","","","","","","","","","","","","2.992e-8","","","","","","2026-07-09T14:38:21.663Z",""
"CONTROL","41nhBAycjgRQQvAoVA9Y65Xvt79KUZUypBRjA9o5pump","64","2.5","","","","","","","","","","","","","","","","","0.000002216","","","","","","","2026-07-09T14:38:22.650Z","","","","","",""
"CUCK","BdbaWQsoFSoW3GTmnU3SRC1oTegWNYcC3h4V7Kzpump","58","4.938271603","","","","","","","","","","","","","","","","","0.000002273","","","","","","","2026-07-09T14:38:23.646Z","","","","","",""
"HOMO","D2sooVqQedyGQkiPZZ79B24RZrLpV7nSw76H7Pchpump","57","0.250000001","","","","","","","","","","","","","","","","","0.000002171","","","","","","","2026-07-09T14:39:20.688Z","","","","","",""
"PESSI","7rUeAEPC67GY2iTvu4EVqrCAGFcScbtNRW8y17q4pump","56","1.481481479","","","","","","","","","","","","","","","","","0.000002541","","","","","","","2026-07-09T14:39:21.665Z","","","","","",""
"CONTROL","32m6h35zHUrc7kVvK5m3y4qcSweuk7w4Se1wZhk2pump","56","2","","","","","","","","","","","","","","","","","0.000002172","","","","","","","2026-07-09T14:40:19.633Z","","","","","",""
"bullfast","FEzKmEdETEe6puDuimgYt6VYDyPsGLN8wmng99RBpump","","","","","","","","","","","","","","","","","","","","","","","","","7.198e-7","","","","","","2026-07-09T14:41:19.700Z",""
"buller","ECEm71XyRQ55sqnBGKPtnvCzjTkYg6wSjuqaviafpump","70","4.612345678","","","","","","","","","","","","","","","","","0.000003341","","","","","","","2026-07-09T14:42:21.725Z","","","","","",""
"HOODU","9Xv8a6zegZNFFLuDWgBc95NwCNhtaiE7NxznshAppump","55","1.382716048","","","","","","","","","","","","","","","","","0.000002176","","","","","","","2026-07-09T14:42:22.699Z","","","","","",""
"BULLAUDE","8xrnTBS58XbCLEwFMNAVcpaoQxyRkJwnEEC5wvM6pump","56","1.48148148","","","","","","","","","","","","","","","","","0.000003229","","","","","","","2026-07-09T14:42:23.649Z","","","","","",""
"dab","J6Qycv8UC2ZFUmS9gv3bK2945NYDiHoxhUnMdd39pump","70","4.641975307","","","","","","","","","","","","","","","","","0.000002323","","","","","","","2026-07-09T14:43:20.667Z","","","","","",""
"MQ-9","7o8gSvqc2DYPLNr6NhoA91QHXnLc2AZFApqnLW3Vpump","57","3","","","","","","","","","","","","","","","","","0.000002176","","","","","","","2026-07-09T14:43:21.632Z","","","","","",""
"WAGE","5CHWgQvh5QDMr2eJvf2otD8M78K3AUVWXxMh1k87pump","57","1.574301128","","","","","","","","","","","","","","","","","0.00000278","","","","","","","2026-07-09T14:44:22.678Z","","","","","",""
"UBULL","ED1f7Hh3GqAkGuTvvqs6HQhEAFVmSHEGAMaSZjM6pump","100","19.753086418","","","","","","","","","","","","","","","","","0.00001361","","","","","","","2026-07-09T14:44:23.760Z","","","","","",""
"TMF","7LTE3xBfuHNRdsZHLekHJt1pdDpRfFUGT5mp2cKipump","75","4.938271603","","","","","","","","","","","","","","","","","0.0000023","","","","","","","2026-07-09T14:44:24.701Z","","","","","",""
"CHRISTOPHER","37du9B29ssPAa1sCnahwp7j7bhXyLRDq6zRo92GXpump","","","","","","","","","","","","","","","","","","","","","","","","","0.000002218","","","","","","2026-07-09T14:44:25.628Z",""
"VIGYL","4yvaNmhQgVpH415uvygncGYPXhVfBgzgFMFHHCWCpump","59","1.78","","","","","","","","","","","","","","","","","0.000002183","","","","","","","2026-07-09T14:45:20.724Z","","","","","",""
"999","7dq6CRCx2bZ5ykmVTP86Tdq2ERrNE1ArWCc7UKvmpump","100","0.987654319","","","","","","","","","","","","","","","","","0.000002407","","","","","","","2026-07-09T14:45:21.666Z","","","","","",""
"Pumproach","8LH8uwTsbkhettWxjH99AC1EcW4vTezanebCs9U2pump","61","1.97530864","","","","","","","","","","","","","","","","","0.000002276","","","","","","","2026-07-09T14:47:21.636Z","","","","","",""
"FRY","61UGGCXdi76kr4ccwgMnDwL9ipE3maiEpsZmCRBipump","","","","","","","","","","","","","","","","","","","","","","","","","4.471e-7","","","","","","2026-07-09T14:49:22.649Z",""
"BILLCOIN","2aJY8WVf3fa7vUYvEv2mU3PVj3zWBcu2rieAp3pepump","61","1.97530864","","","","","","","","","","","","","","","","","0.00000232","","","","","","","2026-07-09T14:49:23.697Z","","","","","",""
"ANSEM","PbJSJovUAcPC7zTdAZgBEadeNBhF7g6aTSawSM2pump","73","1.500000001","","","","","","","","","","","","","","","","","0.00000227","","","","","","","2026-07-09T14:49:24.725Z","","","","","",""
"SEKOLAH","G64vtUPNNBwPq3sysLcAiQW7Wbo6V8Wq62RB1vbzpump","87","7.239506171","","","","","","","","","","","","","","","","","0.000003318","","","","","","","2026-07-09T14:49:25.643Z","","","","","",""
"LM","3CT2LLcHRL1cuxkRSQkVpiun72gm3a64HppoJ5tFpump","85","9.876543208","","","","","","","","","","","","","","","","","0.000003027","","","","","","","2026-07-09T14:50:22.665Z","","","","","",""
"ANSEM","B9ZeCm3KJzL41vjKcKmLCxSD8bmtP1TBLTeYn3V4pump","","","","","","","","","","","","","","","","","","","","","","","","","0.000001309","","","","","","2026-07-09T14:50:23.646Z",""
"NOKIA","ByrbK6YEGBuXe5VgYLLz9mZ2MoUKu1X13B98KxUxpump","60","4","","","","","","","","","","","","","","","","","0.000002217","","","","","","","2026-07-09T14:50:24.653Z","","","","","",""
"NEXA","6EViSagEZMGxqJx8w4VARNMrcmdPWHbQ21Ebmfx8pump","59","4.938271603","","","","","","","","","","","","","","","","","0.000002218","","","","","","","2026-07-09T14:50:25.663Z","","","","","",""
"chillcat","22ngBvKqxY7EfYyAsXZLgz9uopzP7DhZqhAuivQTpump","74","4.44375","","","","","","","","","","","","","","","","","0.000002174","","","","","","","2026-07-09T14:51:21.660Z","","","","","",""
"WAGE","6TspVXdR8cWMkKc6tDgJSHpfPpJoZCSXHEtiV5RLpump","57","1.574301128","","","","","","","","","","","","","","","","","0.000004464","","","","","","","2026-07-09T14:51:22.678Z","","","","","",""
"999","7gQHDS1UwGcrESjrPHN4aZUHzW4o8c7smMC19PLcpump","70","0.000987653","","","","","","","","","","","","","","","","","0.000003589","","","","","","","2026-07-09T14:51:23.662Z","","","","","",""
"COI6900","A4f3fLFLbJ9qdmh4DfvKTtd2wQxbhZaq8YtDA5WJpump","71","2.962962961","","","","","","","","","","","","","","","","","0.000002201","","","","","","","2026-07-09T14:52:19.659Z","","","","","",""
"999","FgYG3Epzg6mXEUPQkBMxS6LBBVQiobcMfVJ42uKwpump","56","3.5","","","","","","","","","","","","","","","","","0.000002171","","","","","","","2026-07-09T14:53:21.670Z","","","","","",""
"HUNTER","AU45sMJAXurQZWX31UFVSHjNSeV2k9FsuSbU76Fcpump","69","2.962962961","","","","","","","","","","","","","","","","","0.000002209","","","","","","","2026-07-09T14:53:22.868Z","","","","","",""
"HUNTER","F3CUmpFnhLCzUnFCsxF4NgZNSei1pQSw8Thz8u7fEjE5","","","","","","","","","","","","","","","","","","","","","","","","","0.000002173","","","","","","2026-07-09T14:53:23.132Z",""
"ANSEM","664Jiqh5YcnMWvK6W6Qi2pSjnzT284PkhzMejEQvpump","60","0.88875","","","","","","","","","","","","","","","","","0.000002925","","","","","","","2026-07-09T14:54:21.784Z","","","","","",""
"DOG","G6qgpJnGyg1yc68gxZah7CqgffSoXLuiMohrDfkbpump","","","","","","","","","","","","","","","","","","","","","","","","","4.79e-7","","","","","","2026-07-09T14:54:22.727Z",""
"Wawa","5VC8ndXCT4pHzqosWpegWzumNTpLqL9bGFfPwSy3pump","75","4.888888887","","","","","","","","","","","","","","","","","0.000007392","","","","","","","2026-07-09T14:54:23.672Z","","","","","",""
"Emotes","Dztic6c3V4MKxwUmCenDu5jk4esegqE8jnSV57XTpump","58","3.5","","","","","","","","","","","","","","","","","0.000003139","","","","","","","2026-07-09T14:55:20.662Z","","","","","",""
"Emote+","DessKPzrMFwUqWTF7GEZZSQhHxERPXDyagxsXPSEpump","59","3.5","","","","","","","","","","","","","","","","","0.000002178","","","","","","","2026-07-09T14:55:21.882Z","","","","","",""
"Henrietta","9yoCnd8S1vv383JMScRdDrZX83vs7YXVEYZKuP2Ypump","63","3","","","","","","","","","","","","","","","","","0.000002175","","","","","","","2026-07-09T14:57:22.641Z","","","","","",""
"Cash","DX1wTFiuZPYej2Np3KqesJDFMQC76B4MBVx3v63hpump","77","5.432098764","","","","","","","","","","","","","","","","","0.000002217","","","","","","","2026-07-09T14:57:23.659Z","","","","","",""
"ANSEM","6kPUrLRGvkVwrFu1D5a3Ef7VyS7UqjFFHM4A4B3Lpump","60","2","","","","","","","","","","","","","","","","","0.000001933","","","","","","","2026-07-09T14:57:25.669Z","","","","","",""
"TTAN","Jstrii9KTBhYTbkUbvVmBWZsYFXfeXXu4fDXS1epump","","","","","","","","","","","","","","","","","","","","","","","","","6.739e-7","","","","","","2026-07-09T14:58:22.706Z",""
"BIH","5Ucd6WtZh63mxPaSbkhvRrvRSfDWh2rjAvE5RyhJpump","61","2","","","","","","","","","","","","","","","","","0.000003745","","","","","","","2026-07-09T14:58:23.684Z","","","","","",""
"DICTATOR","EiHUS2BWdUGix1TUSNCa7JWNM3d978tVsptWj3czpump","68","1.000000001","","","","","","","","","","","","","","","","","0.000004001","","","","","","","2026-07-09T14:58:24.660Z","","","","","",""
"KENT","EkQ9cRH4S44eQqTezotkRLHA4n3WBMqvgGyDxFBHpump","67","2.962962961","","","","","","","","","","","","","","","","","0.000006776","","","","","","","2026-07-09T14:58:25.709Z","","","","","",""
"Henrietta","23TaYW9XHFf81J2dYnMxWZnomsPjZ4C1aPYjSWUtpump","","","","","","","","","","","","","","","","","","","","","","","","","3.603e-7","","","","","","2026-07-09T14:59:21.671Z",""
"KENT","6SZzTqoFgchCA1918c4JPqzEhZt5hStbPpsQrX48pump","55","5","","","","","","","","","","","","","","","","","0.000002219","","","","","","","2026-07-09T14:59:22.718Z","","","","","",""
"fugg","CGYzxQEA5GRG4JKFtEVsBVxi8ySATCxRkY6811pBpump","57","0.250000001","","","","","","","","","","","","","","","","","0.00002753","","","","","","","2026-07-09T15:00:22.639Z","","","","","",""
"Jinbei","3RxPYVLt15gux1SKfNZtpQiVeg5A6oGxrzK7HqxPpump","88","2.962962961","","","","","","","","","","","","","","","","","0.000002227","","","","","","","2026-07-09T15:00:23.649Z","","","","","",""
"Mabula","EBEXBEYDxzjFKeQpF67YcGnAm5hxyoAMG12xp64spump","85","13.827160492","","","","","","","","","","","","","","","","","0.00001958","","","","","","","2026-07-09T15:00:24.659Z","","","","","",""
"WAWA","78g1aBKUJ68F1oCoAsc4zbvZcifDpd7iPoS6mtZBpump","75","4.938271603","","","","","","","","","","","","","","","","","0.000005737","","","","","","","2026-07-09T15:00:25.653Z","","","","","",""
"Jinbe","Ds8aDjhp3VGCT9NojfBSCfm1BuFwBDJRLyaWLpf8pump","87","2.962962961","","","","","","","","","","","","","","","","","0.000002278","","","","","","","2026-07-09T15:01:21.908Z","","","","","",""
"METRIC","4MX4cjnZzE6gteuua5nrkMWeuxtHXKx4AA1DvPsjpump","68","3.083247688","","","","","","","","","","","","","","","","","0.000002177","","","","","","","2026-07-09T15:01:22.183Z","","","","","",""
"ANSEM","2ncmYh3VU9qCK3zdVftrobjYkFeZpaHUkskqX5o6pump","55","1.000000001","","","","","","","","","","","","","","","","","0.00001138","","","","","","","2026-07-09T15:01:23.007Z","","","","","",""
"sdfdsg","22jX4g3ujyw22iTkD2JbkbqRAVuYdyyxnaWCz7Z7pump","","","","","","","","","","","","","","","","","","","","","","","","","0.000002176","","","","","","2026-07-09T15:02:22.647Z",""
"sdfdsg","Eyrjz3VrMMz5z9aB2P2tL5skA9B3S3YNJqVqdnAFpump","","","","","","","","","","","","","","","","","","","","","","","","","0.000002177","","","","","","2026-07-09T15:02:23.646Z",""
"BUFF","54mCVHdgCVxds6qvcxXdtuhJQp1vwbhV8TVhDUespump","","","","","","","","","","","","","","","","","","","","","","","","","0.000005066","","","","","","2026-07-09T15:02:24.652Z",""
"50","E9xL2k578vndV1zutfZbDZhp5VNTpGGGFCz7dRNipump","","","","","","","","","","","","","","","","","","","","","","","","","4.265e-7","","","","","","2026-07-09T15:02:25.739Z",""
"50","XyP74dkuNdhqrJfC9iBBq1Bsd6rFYq31KMLB94Ypump","64","5","","","","","","","","","","","","","","","","","0.000002217","","","","","","","2026-07-09T15:03:22.733Z","","","","","",""
"Tobi","73Tq6BSS5LcNtkKCXNp7dUFGHHb86fPc6aXAXd78pump","63","3","","","","","","","","","","","","","","","","","0.000002315","","","","","","","2026-07-09T15:03:23.645Z","","","","","",""
"sdfdsg","FkgMScwjFc7KtCYva1yZw63cbrWqTkV9XPFjaxsqpump","","","","","","","","","","","","","","","","","","","","","","","","","0.000002174","","","","","","2026-07-09T15:03:24.712Z",""
"WAWA","fA37Xf3gY8yqeArXXzbtf1yTrTFpvKg6LfT1E2tPumP","56","1.48148148","","","","","","","","","","","","","","","","","0.0000051","","","","","","","2026-07-09T15:03:25.649Z","","","","","",""
"vBull","EMBPymAw9isDp61d19vcX9CGAUSGEsh4PJG1ZTHMpump","56","1.48148148","","","","","","","","","","","","","","","","","0.000002192","","","","","","","2026-07-09T15:04:22.049Z","","","","","",""
"sdfdsg","4ogAb1tzgeiHGHqVWHSkanqAqrx4JPQvJLrUnwmspump","","","","","","","","","","","","","","","","","","","","","","","","","0.000002215","","","","","","2026-07-09T15:04:22.639Z",""
"sdfdsg","2byiw6TEvnMTeQnBhgpPbQpuSKKWnZvjryVQBkJjpump","","","","","","","","","","","","","","","","","","","","","","","","","0.000002172","","","","","","2026-07-09T15:04:24.316Z",""
"sdfdsg","2YrRfnj3AcLXWoJjuByDSDVjp5gZ5g1SqDHvr8YVpump","","","","","","","","","","","","","","","","","","","","","","","","","0.000002171","","","","","","2026-07-09T15:04:24.581Z",""
"sdfdsg","F4wnjKPeerf7aUCDxjTbgSx8VXKkKf2xJFF3vX54pump","","","","","","","","","","","","","","","","","","","","","","","","","0.000002172","","","","","","2026-07-09T15:05:21.885Z",""
"$WB2","7gx3RiP9C5wWGbnDHrPB3Go6t8N44cf64iTPmf3dpump","","","","","","","","","","","","","","","","","","","","","","","","","4.38e-7","","","","","","2026-07-09T15:05:22.084Z",""
"999 hoodfr","HcCXHzmMMMrr3suUNYUTgC7NYY224sCT5xDEjJtHpump","56","1.46627566","","","","","","","","","","","","","","","","","0.000002416","","","","","","","2026-07-09T15:05:22.671Z","","","","","",""
"SCAM","Gm8Ktucx7MEaQgQurLvspPZg5ox7jthetdnZJJjcpump","","","","","","","","","","","","","","","","","","","","","","","","","3.897e-7","","","","","","2026-07-09T15:06:22.637Z",""
"Multicoin","9p2TYqYT9BPjZQmmFojsgRsg1d2pXi3tS1KTdF4upump","56","3","","","","","","","","","","","","","","","","","0.000002214","","","","","","","2026-07-09T15:06:24.648Z","","","","","",""
"Multicoin","FuSpEPfoovKPNq5RgdTpdJU7QZfR5TfdLZf7Ebshpump","55","3","","","","","","","","","","","","","","","","","0.000002217","","","","","","","2026-07-09T15:07:19.649Z","","","","","",""
"PF","5caZqyQSZgYgEvcz8fLpp2sGcnZh8uFyAhkcRECypump","65","2.962962961","","","","","","","","","","","","","","","","","0.000004759","","","","","","","2026-07-09T15:08:21.651Z","","","","","",""
"Wizardcat","G4Twk6mA19XdvCypDaar8Y2aMu5kAEZ5hExwFeArpump","78","6.000000001","","","","","","","","","","","","","","","","","0.000003239","","","","","","","2026-07-09T15:08:22.706Z","","","","","",""
"cat","5PkUPhky4ehsfuFh3gYsRcjjMUF3CBTjJwNHNestpump","59","4.938271603","","","","","","","","","","","","","","","","","0.00000225","","","","","","","2026-07-09T15:08:23.684Z","","","","","",""
"MLG","83T8hXBRKYn6XxeN2wjb7rBAUja4PBW9UTf5vP6pump","85","2.962962961","","","","","","","","","","","","","","","","","0.000002282","","","","","","","2026-07-09T15:09:22.674Z","","","","","",""
"Cebu","GqxUnfJPJJF5r1fZvuTBEpiMzjYQ5uHJjzcokk9Hpump","60","4","","","","","","","","","","","","","","","","","0.000004359","","","","","","","2026-07-09T15:09:23.691Z","","","","","",""
"TRILLIONS","5QUG6rTraL21oHKVvEwYxux1ZaJ1nQGv6HA3TABPpump","","","","","","","","","","","","","","","","","","","","","","","","","0.000002221","","","","","","2026-07-09T15:09:25.656Z",""
"SPARK1.1","613v12nu9kry5CGqYVRs4axkYRoiNzE16G2BLEMwpump","97","0.010000001","","","","","","","","","","","","","","","","","0.000002434","","","","","","","2026-07-09T15:10:19.700Z","","","","","",""
"King💎","Avn4nGuttMAGAQrF5VkW8W7kSRN3QgnNY1A1xPJppump","","","","","","","","","","","","","","","","","","","","","","","","","0.000001211","","","","","","2026-07-09T15:11:20.729Z",""
"TRENCHER","F6t5Wk1VXG1sMqEfrR2TYNKKG2kypVcj6JjuMtLJpump","","","","","","","","","","","","","","","","","","","","","","","","","3.249e-7","","","","","","2026-07-09T15:11:21.751Z",""
"Blimp","9RgYq9DSaYaaFyTrMMwLRBW2Psqw5HwoRACmXSqdmH8u","","","","","","","","","","","","","","","","","","","","","","","","","8.337e-7","","","","","","2026-07-09T15:13:21.677Z",""
"AETHERFLUX","8FfoZhXLfeDumrrhqXWhyrTm2HPW9E1iVs6dpLnwpump","59","0.355555554","","","","","","","","","","","","","","","","","0.000002952","","","","","","","2026-07-09T15:13:22.657Z","","","","","",""
"pepe","DcjgGWHVKAQSJCETaNfvnA1y5E7uoi35CxtLTZdepump","64","1.000000001","","","","","","","","","","","","","","","","","0.000005222","","","","","","","2026-07-09T15:13:23.640Z","","","","","",""
"GIN-CHAN","C7Ni2eT2XmtXfzGUL4TKvMyzLAGJf2b8wKGe2arwpump","","","","","","","","","","","","","","","","","","","","","","","","","0.000002181","","","","","","2026-07-09T15:14:20.236Z",""
"MEM","CdFmUV7aa38uwpYJL1nfEB9Jr84D5hKaoBpnMxfwpump","67","2.962962961","","","","","","","","","","","","","","","","","0.000003793","","","","","","","2026-07-09T15:14:20.662Z","","","","","",""
"fluffpeng","AxpZNMph7JAyu73FV7mZU1a6qGAtJqdKDaDTu2Nwpump","62","0.500000001","","","","","","","","","","","","","","","","","0.000001747","","","","","","7.13e-7","2026-07-09T15:15:22.620Z","","","","","2026-07-09T15:17:18.736Z",""
"Rapenaldo","6Q1BDYGnWtfnGgSisE5C5xaVE5hLxw7ZSqcQWVUWpump","61","1.97530864","","","","","","","","","","","","","","","","","0.000002575","","","","","","","2026-07-09T15:15:23.644Z","","","","","",""
"USDC","HQ3eJjXCCKaaS42dbfu22jXTQz65Py6UHJGtR18wpump","61","1.97530864","","","","","","","","","","","","","","","","","0.00000218","","","","","","","2026-07-09T15:16:22.633Z","","","","","",""
"TOSUN","HnTKmkYxkrtnikD94op6dRuq7rNSXzm1XvuoHex7pump","99","0.060000001","","","","","","","","","","","","","","","","","0.00000211","","","","","","","2026-07-09T15:17:21.806Z","","","","","",""
"VLADBOT","2NKfGdmu66YpGWAWk1h19qAZ2aCLfrTXBMFZJUATpump","56","1.48148148","","","","","","","","","","","","","","","","","0.000002326","","","","","","","2026-07-09T15:18:20.638Z","","","","","",""
"GHOST","GQjxxHCy7P9ZcqfodfQ4hQ9mJecB9thmNgyuQ7qUpump","","","","","","","","","","","","","","","","","","","","","","","","","9.229e-7","","","","","","2026-07-09T15:18:21.645Z",""
"VITAMINC","7X2kaeogeXhJvd7zkRGacyXW7ZD8dewkqyZRTw5Bpump","","","","","","","","","","","","","","","","","","","","","","","","","7.581e-7","","","","","","2026-07-09T15:19:21.703Z",""
" ","HxBhmv6kERLPonwF39b48BE5pxm3ySaB4GfNniPApump","76","5","","","","","","","","","","","","","","","","","0.000002499","","","","","","","2026-07-09T15:19:22.646Z","","","","","",""
"squeaky","CTacRxU4gU8W9rRjMALmwqx5tjZxyDULmo88b18Fpump","68","3.083247688","","","","","","","","","","","","","","","","","0.000005776","","","","","","","2026-07-09T15:19:23.655Z","","","","","",""
"$ME7","CwKD5wSmvd3Z4kSVQX62757bZy3r1g3gvkpW6cYWpump","71","1.300000001","","","","","","","","","","","","","","","","","0.000002758","","","","","","","2026-07-09T15:20:20.749Z","","","","","",""
"MUSKISM","WBmBkUvJPCd8yDXodDZy9ayGUjwyN2f4A9CmjYbpump","60","1.94567901","","","","","","","","","","","","","","","","","0.00000285","","","","","","","2026-07-09T15:20:21.643Z","","","","","",""
"TRENCHER","GEXwNHydqNCBD8R5DcDSjy4ZKbbqcbc34yPiBghZpump","","","","","","","","","","","","","","","","","","","","","","","","","0.000001043","","","","","","2026-07-09T15:21:21.731Z",""
"GHOST","2ZwSJWUXyhEqcNNtEJ9DgGAbwZid24znadEtwcfGpump","","","","","","","","","","","","","","","","","","","","","","","","","6.732e-8","","","","","","2026-07-09T15:21:22.621Z",""
"GOOSE","AUrpVUVZxay3Qqc3ngpmyzrnfom7ggv6X6h7oHaBpump","55","3","","","","","","","","","","","","","","","","","0.000002225","","","","","","","2026-07-09T15:21:23.624Z","","","","","",""
"TripleT","27zK8svKdtyBPdHSfbyQt88M5Cnhv4XRJdgG1Ybipump","67","2.962962961","","","","","","","","","","","","","","","","","0.000002285","","","","","","","2026-07-09T15:22:21.731Z","","","","","",""
"scout","5bAC1DvKs7qDpHnG23HQL1sJy1zXbgAJago7z2gipump","67","2.962962961","","","","","","","","","","","","","","","","","0.000002179","","","","","","","2026-07-09T15:22:22.647Z","","","","","",""
"RAGB","Hs82JDcX1VCHRCFrgQVaXLwGuzYrrYW4dDtWvb2Bpump","","","","","","","","","","","","","","","","","","","","","","","","","5.192e-7","","","","","","2026-07-09T15:22:23.628Z",""
"TRENCHER","BYqFaKDnZx6EjEqUEDu8t2qeXqXyFfkDshfTENSapump","85","1.000000001","","","","","","","","","","","","","","","","","0.000001785","","","","","","6.885e-7","2026-07-09T15:23:21.619Z","","","","","2026-07-09T15:24:18.663Z",""
"TRENCHER","BVQUGexfHZ1S4uiboYthfCoArQ4XW2oG97u9kCNcpump","","","","","","","","","","","","","","","","","","","","","","","","","2.8e-7","","","","","","2026-07-09T15:23:22.636Z",""
"Hope","DmoZ2BYFr63bPoREHoNojNHTqZeErLD6Ak2rH2n1pump","56","3.5","","","","","","","","","","","","","","","","","0.000002219","","","","","","","2026-07-09T15:23:23.630Z","","","","","",""
"CASHPEPE","93KWAYtfo4HWy2K5sSBxg3an941Gwia9T6DhpQB1pump","61","1.97530864","","","","","","","","","","","","","","","","","0.00000324","","","","","","","2026-07-09T15:24:19.635Z","","","","","",""
"FLORK","C6H5pqLCqjp6P7Cgw5KceMidUdtox3NdXmmvgoCKpump","75","4.641975307","","","","","","","","","","","","","","","","","0.00001089","","","","","","","2026-07-09T15:25:21.638Z","","","","","",""
"GCB","C5pLBkj17s3Mj6sWWYxLh7nhWqEPiNiTHSbzcanbpump","74","0.060000001","","","","","","","","","","","","","","","","","0.000006058","","","","","","","2026-07-09T15:25:22.638Z","","","","","",""
"TRENCHER","3GQLNoKegbkTGGqAna822Bo5grtMpCbFpMcsdLqwpump","","","","","","","","","","","","","","","","","","","","","","","","","3.602e-7","","","","","","2026-07-09T15:25:23.652Z",""
"TRENCHER","CP3wp2j5QftXQcfA6oXnsdYtbifKLLdQUrKsBCNDpump","","","","","","","","","","","","","","","","","","","","","","","","","1.362e-7","","","","","","2026-07-09T15:26:20.632Z",""
"TRENCHER","FtNvqfXnXr1W59SiUKs4v4ekJWcyU85U9ThYPtDbpump","","","","","","","","","","","","","","","","","","","","","","","","","1.347e-7","","","","","","2026-07-09T15:26:21.629Z",""
"TRENCHER","GufgyNqrSLQh1ASLhX45dMSNHpVtjs8aETFjWUcRpump","","","","","","","","","","","","","","","","","","","","","","","","","0.00000123","","","","","","2026-07-09T15:27:19.625Z",""
"SOLANA","7PMFNrEtySL2HAAPHnmsT6F5mnZA8RdyxKnjaSKxpump","67","2.962962961","","","","","","","","","","","","","","","","","0.000002223","","","","","","","2026-07-09T15:28:19.631Z","","","","","",""
"AETHERFLUX","HLJjMkz4uyPeKio66ezgTeGH4hin4VHb7nFvax2fpump","","","","","","","","","","","","","","","","","","","","","","","","","8.2e-7","","","","","","2026-07-09T15:29:22.684Z",""
"TRENCHER","J4CoMd4FG6pfKGiZ5Cbc4dxBPHKEL9opyPP32Qojpump","","","","","","","","","","","","","","","","","","","","","","","","","2.158e-7","","","","","","2026-07-09T15:29:23.709Z",""
"HOODWORK","8Z9mS8EyEtKaUw3C9QghihictA83QPke4Tc721HTpump","56","1.48148148","","","","","","","","","","","","","","","","","0.000002736","","","","","","","2026-07-09T15:29:24.628Z","","","","","",""
"CANG","5s1nX98NKQcSUcfVutx7q5LUDh7eFYoaoPA41jcrpump","","","","","","","","","","","","","","","","","","","","","","","","","3.62e-8","","","","","","2026-07-09T15:29:25.635Z",""
"TRENCHER","7cYvdEeo8hv8iAp8qVXaoJqact6QM5gscvrUtZ6Wpump","","","","","","","","","","","","","","","","","","","","","","","","","0.000001396","","","","","","2026-07-09T15:30:22.637Z",""
"TRENCHER","J1RFtAPypWURYh2j3LMAQ9KuJNHnVNNQB6zF87UUpump","67","1.000000001","","","","","","","","","","","","","","","","","0.000002374","","","","","","","2026-07-09T15:30:23.687Z","","","","","",""
"MDC","HRjnGs1Vz3jpYhiN9edqk5EyfJnKV9hJvoCQ1j6Spump","","","","","","","","","","","","","","","","","","","","","","","","","0.000002753","","","","","","2026-07-09T15:30:24.625Z",""
"Life","2dJjSookTkW2pdqKwj1GA7eJ5oC6PFudskwh9ubepump","","","","","","","","","","","","","","","","","","","","","","","","","0.000002182","","","","","","2026-07-09T15:30:25.735Z",""
"SOLAN","FzSbDWwxqas8kqbzrd96DMvt37WQkTnGU35u2Rc4pump","68","3.950617282","","","","","","","","","","","","","","","","","0.000002174","","","","","","","2026-07-09T15:31:22.650Z","","","","","",""
"Bull","EhLcuSnd3gk35pGeNWzfuy3gkiLi38HJxmsCHMupump","","","","","","","","","","","","","","","","","","","","","","","","","8.751e-7","","","","","","2026-07-09T15:31:23.651Z",""
"TRENCHER","CTGke6nVGFMaMYQyAp9E6iEkmnPFDFKG4kjVTKZvpump","","","","","","","","","","","","","","","","","","","","","","","","","2.906e-7","","","","","","2026-07-09T15:31:24.620Z",""
"T2067","jXfK2LP4swyZ2tzQEv3Tii6fW6wNgey2L7JoR3Mpump","","","","","","","","","","","","","","","","","","","","","","","","","6.868e-7","","","","","","2026-07-09T15:31:25.624Z",""
"TRENCHER","DUJNyRyDvJTt5jnuA2wq7HvmELfHdTHA9X3czGULpump","","","","","","","","","","","","","","","","","","","","","","","","","3.133e-7","","","","","","2026-07-09T15:32:22.634Z",""
"Hope","62QgVv7Ky3jS67SnZUNGgQV2g8mvJHyvxqEhTDgipump","61","1.97530864","","","","","","","","","","","","","","","","","0.000002174","","","","","","","2026-07-09T15:32:23.631Z","","","","","",""
"TRENCHER","F8oU8B1SaEgoch7ALH7sdxh4jQBcjKHHWU25UyLbpump","","","","","","","","","","","","","","","","","","","","","","","","","3.191e-7","","","","","","2026-07-09T15:32:24.636Z",""
"$Bsun","BFjvoNWFxSv39DTqAKGbeCJJeqmn7mFGos2r4M8npump","","","","","","","","","","","","","","","","","","","","","","","","","8.157e-9","","","","","","2026-07-09T15:32:25.637Z",""
"CANG","HWBE448zGE9tKGhSTNTQ1YNfkega5QNLTgVpnbShpump","","","","","","","","","","","","","","","","","","","","","","","","","2.193e-7","","","","","","2026-07-09T15:33:22.634Z",""
"TRENCHER","CfNbSHZsvThYCfakD4BUnLWQmsPUaR37hSqy3miJpump","60","1.000000001","","","","","","","","","","","","","","","","","0.00000993","","","","","","","2026-07-09T15:33:23.633Z","","","","","",""
"pendu","FTvUFGLkuUvNjbP6HGyCz2BL6LBgHDMvztgRF3anpump","64","2.5","","","","","","","","","","","","","","","","","0.000002176","","","","","","","2026-07-09T15:33:24.617Z","","","","","",""
"SHARK","AXqtDcf3macTj14ovir8whoZwW9KEdakCVWCN7B7pump","56","2.370370368","","","","","","","","","","","","","","","","","0.000002205","","","","","","","2026-07-09T15:33:25.664Z","","","","","",""
"Bull","4biHN2oyihtqFUYXZxvEiemqiygVXG3BvkCPh5Etpump","","","","","","","","","","","","","","","","","","","","","","","","","5.004e-7","","","","","","2026-07-09T15:34:22.780Z",""
"Buc-ee's","9xdPfxLtwSiznDaFYTctVzRSBQMyeJbktW7gnEfTpump","57","3","","","","","","","","","","","","","","","","","0.000002286","","","","","","","2026-07-09T15:34:23.630Z","","","","","",""
"POW","3W5bd7tYRFyuGSmzSUX3517DqNKvUwoQXvhFegobpump","64","2.469135801","","","","","","","","","","","","","","","","","0.000002277","","","","","","","2026-07-09T15:34:24.621Z","","","","","",""
"TRENCHER","8SPcjgCfmstDj36RT3BnZaXVxKxsov9X1ShjiZz8pump","","","","","","","","","","","","","","","","","","","","","","","","","4.898e-7","","","","","","2026-07-09T15:34:25.617Z",""
"TRENCHER","GcDzphqSTbvNpq9GaYgwwZpQBMdWc62J6jCTB6u5pump","","","","","","","","","","","","","","","","","","","","","","","","","4.743e-7","","","","","","2026-07-09T15:35:22.617Z",""
"BALLS","FNVsAA7NBZW45ax6zaH97YF1WkzbhYBaGQKAFy2epump","68","3.083259258","","","","","","","","","","","","","","","","","0.000002184","","","","","","","2026-07-09T15:35:23.776Z","","","","","",""
"turddd","HxqCcFAvLUQLMiM4t7xbwM4Bw3FDEtr7jt1bN8frpump","55","1.000000001","","","","","","","","","","","","","","","","","0.000006253","","","","","","","2026-07-09T15:35:24.659Z","","","","","",""
"ROW","GUKpSJPLoD9EqzU3Bpr2ZSzUhrN1b5acS5Upcv29pump","64","2.5","","","","","","","","","","","","","","","","","0.000002215","","","","","","","2026-07-09T15:35:25.642Z","","","","","",""
"ARELON","5HGtjSrVfaRwfgghLR4Knw7PSSbssoDaSDThUndWpump","61","1.97530864","","","","","","","","","","","","","","","","","0.000005219","","","","","","","2026-07-09T15:36:22.629Z","","","","","",""
"Orange","9ufmkw38XZ5iDbfJr9op5gdrjUnrdqELuForYmfpump","60","1.876543208","","","","","","","","","","","","","","","","","0.000005151","","","","","","","2026-07-09T15:36:24.027Z","","","","","",""
"pupi","AgMyu72iYDoPSVj1iJVYh2FFcKiAZSWtvTrp5Uodpump","61","1.97530864","","","","","","","","","","","","","","","","","0.000002173","","","","","","","2026-07-09T15:36:24.618Z","","","","","",""
"AI","E1SstRykCRdp8mnKPtPD7cgHbGNLvEPyC4ozaNaUpump","61","2.000000001","","","","","","","","","","","","","","","","","0.000002584","","","","","","","2026-07-09T15:37:21.637Z","","","","","",""
"TRENCHER","DMNxToHXhNY6dVgMtxKseizt82naf2hdxjjqZqvppump","","","","","","","","","","","","","","","","","","","","","","","","","3.183e-7","","","","","","2026-07-09T15:37:22.639Z",""
"KEY","AZBJZdXFJTTxQp2Zn2X2VJ4rhukESLZdvMuwokQVpump","68","3.083247688","","","","","","","","","","","","","","","","","0.000003947","","","","","","","2026-07-09T15:37:23.739Z","","","","","",""
"TRENCHER","A8chhniPe2w7CEs9Gi5nHaM3qeU8ioEFX3ixY752pump","","","","","","","","","","","","","","","","","","","","","","","","","3.32e-7","","","","","","2026-07-09T15:39:20.630Z",""
"OLGA","14nuVQ74GnaSRaDDAgnFADpvAZ5eD9TbsFYDzAnfpump","93","3","","","","","","","","","","","","","","","","","0.000002273","","","","","","","2026-07-09T15:39:21.845Z","","","","","",""
"TRENCHER","9DgGy7cmk1QQ6X9A224Sdm2jSLgp2wuc7CxF3nQ2pump","","","","","","","","","","","","","","","","","","","","","","","","","8.199e-8","","","","","","2026-07-09T15:40:21.626Z",""
"NIG6900","7eHq6kQaSHVbQ5B6b5aL9xKmkCwKqenRzkoNjtxrpump","67","2.962962961","","","","","","","","","","","","","","","","","0.000002274","","","","","","","2026-07-09T15:40:22.680Z","","","","","",""
"BULLHOUSE","5P5BrfYTzKyoHTbAQzv2FcJhjfQueAh8vL2QX22xpump","100","0.493750089","","","","","","","","","","","","","","","","","0.0000132","","","","","","","2026-07-09T15:40:23.621Z","","","","","",""
"UniBULL","6DzJFmjk7kqmMjF6eT3B9W6C6Yu6vw8QrdPVu9MWpump","64","2.469135801","","","","","","","","","","","","","","","","","0.000002173","","","","","","","2026-07-09T15:41:21.633Z","","","","","",""
"NIG6900","6KsayR4JN1VhZqfePhL6z3UVBCzubBriRvi2VCagpump","63","2.962962961","","","","","","","","","","","","","","","","","0.000002274","","","","","","","2026-07-09T15:41:22.637Z","","","","","",""
"ONBOARDING","2tnA9RQZkg3KR8jEJQNFNW5zs7JFiq75ooun6C8npump","56","1.97530864","","","","","","","","","","","","","","","","","0.000003553","","","","","","","2026-07-09T15:41:23.609Z","","","","","",""
"McBull","FEABWWn4ePdNY9cp4hKmgVqKHNkqTWsqV7ZPtM8Tpump","100","1.096125202","","","","","","","","","","","","","","","","","0.000002255","","","","","","","2026-07-09T15:42:21.621Z","","","","","",""
"Public","F9UYCSev31XPMEox9s9hoqLYaJd2UrPRW8BNJJYqpump","56","3","","","","","","","","","","","","","","","","","0.000002235","","","","","","","2026-07-09T15:42:23.727Z","","","","","",""
"doctrend","HjSRafBPtAM371MxADLxCnf5CYANoNRmwMttkUMUpump","63","2.962962961","","","","","","","","","","","","","","","","","0.000002172","","","","","","","2026-07-09T15:43:22.617Z","","","","","",""
"MOO","BCDdYXHikB982REkaQsnbBNbZHGJTy2eqwR3EYnqpump","72","3.950617282","","","","","","","","","","","","","","","","","0.000002981","","","","","","","2026-07-09T15:43:23.690Z","","","","","",""
"Public","29fCoBPBTsABx4TqTH2E87wRvPmPmm9kUdbmMrvgpump","67","3","","","","","","","","","","","","","","","","","0.000002185","","","","","","","2026-07-09T15:43:24.693Z","","","","","",""
"DIP","PX1JkDyiRfcdvfw8DtyqFs8ks4Kw9Su3qcBDdzPpump","63","5","","","","","","","","","","","","","","","","","0.000002283","","","","","","","2026-07-09T15:43:25.671Z","","","","","",""
"FCM","AEZoJWxuRU8Nc58JFEtNxh9mDAnn7aWriYepTmuypump","71","0.060000001","","","","","","","","","","","","","","","","","0.000006523","","","","","","","2026-07-09T15:44:19.722Z","","","","","",""
"GHOST","625reVa99tq4k84rY5BabSwVPF8dbStnCcQyXdsNpump","","","","","","","","","","","","","","","","","","","","","","","","","0.000001025","","","","","","2026-07-09T15:46:21.610Z",""
"MAYHAM","2KuuLKtzgQtiyqqSiKpnHRxD8DGzhTYj7YSdxtTWpump","","","","","","","","","","","","","","","","","","","","","","","","","2.967e-7","","","","","","2026-07-09T15:46:22.668Z",""
"T2067","2MuqZesmAM4JcZRN8Env8HuXYkSmsyDtASVL6Tnepump","","","","","","","","","","","","","","","","","","","","","","","","","6.95e-7","","","","","","2026-07-09T15:46:23.610Z",""
"NiceHash","ESA1dhKZW2WhtP4fyN6XA3Xk2HpwsUuCSaNKRe2qpump","","","","","","","","","","","","","","","","","","","","","","","","","4.047e-7","","","","","","2026-07-09T15:47:19.624Z",""
"钻井阀","5FferieFVmUkupzpE5jjr2A1KKP73xE4TFpPhuWbpump","55","3","","","","","","","","","","","","","","","","","0.000002178","","","","","","","2026-07-09T15:48:19.641Z","","","","","",""
"Shipley","DonKREa4RTDqCDwh86BrQyf6b3f4xJEkmW9w9QvDpump","60","2.962962961","","","","","","","","","","","","","","","","","0.000002419","","","","","","","2026-07-09T15:50:20.697Z","","","","","",""
"drillcock","C2LbhawYbFdhxWPPT5ZH1qLuWmEGxaqtABuBFiRdpump","58","3","","","","","","","","","","","","","","","","","0.000002274","","","","","","","2026-07-09T15:50:21.737Z","","","","","",""
"BULL","HzmPBg8z1kNprR5xdQfvD4KfUavByT3UswdAvoadpump","98","0.493750089","","","","","","","","","","","","","","","","","0.000002181","","","","","","","2026-07-09T15:51:20.611Z","","","","","",""
"Pander","3QsqyVnvRqpPR7QMK9q8zfQKawk4mHLb9FpKbK3Npump","56","3","","","","","","","","","","","","","","","","","0.000002217","","","","","","","2026-07-09T15:51:21.694Z","","","","","",""
"FCM🌙","7MEFLAZKqoJzzznyfoAczSwUcQvzq7RporsxQJ73pump","61","0.250000001","","","","","","","","","","","","","","","","","0.000004181","","","","","","","2026-07-09T15:52:22.660Z","","","","","",""
"CATBULL","3M9bv38AjUNAxBe1hHqb44aqBNRzWxtTyXQSmfh9pump","87","11.85185185","","","","","","","","","","","","","","","","","0.0000218","","","","","","","2026-07-09T15:52:23.624Z","","","","","",""
"drillcock","ViZMXNqFYHfL3r7BNmRcCpWULVMZEHdCkxfKodPpump","56","3","","","","","","","","","","","","","","","","","0.000002273","","","","","","","2026-07-09T15:52:24.690Z","","","","","",""
"FCM🌙","2eF2NxuxXutZXaSLFXeouyRcBBLq9fTd4wdphKvxpump","","","","","","","","","","","","","","","","","","","","","","","","","3.511e-7","","","","","","2026-07-09T15:52:25.605Z",""
"SEPE","6mi6ULNKZTdeVt6dKetQ6N1NdgwSzqNEDpjTgxgZpump","55","3","","","","","","","","","","","","","","","","","0.000002173","","","","","","","2026-07-09T15:53:21.647Z","","","","","",""
"鑽孔雞","DACQVNvCUZMg24guFzw1rDC77mameeopSvmvw95opump","56","3.950617282","","","","","","","","","","","","","","","","","0.000002907","","","","","","","2026-07-09T15:53:22.618Z","","","","","",""
"Dab67","9HuPMEGx9ZWK7sRWymncHipVmWUVWyvqjWkWTStpump","61","2","","","","","","","","","","","","","","","","","0.000002187","","","","","","","2026-07-09T15:53:23.625Z","","","","","",""
"LUMIO","Az731Abeqx5ZCyoPBh9k9yhNXMhaLXH8XamvJEJBpump","55","3","","","","","","","","","","","","","","","","","0.00001127","","","","","","","2026-07-09T15:54:21.613Z","","","","","",""
"T2067","Ea519Kd7YPdAnh1JvSRQSzWE98M1ByPf7mngK8i2pump","","","","","","","","","","","","","","","","","","","","","","","","","3.352e-7","","","","","","2026-07-09T15:54:22.623Z",""
"Tren","6q3u8uWp1hvLcXDxF6xQs1hXkmWUaZ4Qmup34qgFpump","","","","","","","","","","","","","","","","","","","","","","","","","1.906e-7","","","","","","2026-07-09T15:54:23.613Z",""
"AnsemGuru","DK3R2ELQjK9Cexg22oafQvSxKLFeuuXQBYgSPx4ypump","73","4.246913579","","","","","","","","","","","","","","","","","0.000003541","","","","","","","2026-07-09T15:55:20.663Z","","","","","",""
"FCM🌙","HnYZmkW15Ehzme1j4nEY4KgNckwyHWfrkvKBSjCgpump","","","","","","","","","","","","","","","","","","","","","","","","","2.604e-8","","","","","","2026-07-09T15:55:21.622Z",""
"AETHERFLUX","D7pbUSKKCnBFLcHuE9uvDgVmCMe7R6TtTpsKVfpSpump","88","0.019753085","","","","","","","","","","","","","","","","","0.000002176","","","","","","","2026-07-09T15:56:20.725Z","","","","","",""
"shades","8wWtLKxDXKV9oWTqeLTDgGhF5myQYtRnF9PmC19zCpmf","72","4","","","","","","","","","","","","","","","","","0.000003702","","","","","","","2026-07-09T15:56:21.628Z","","","","","",""
"CAS","Eufy5LWELFQqdcbokJLXNweUDDpcdDj4fySN7RkBpump","","","","","","","","","","","","","","","","","","","","","","","","","0.000001066","","","","","","2026-07-09T15:57:21.796Z",""
"FCM🌙","D5sj1NCGBJJptjfmMFWp8nahk9Sp49tyfxqeHxa2pump","","","","","","","","","","","","","","","","","","","","","","","","","0.000001246","","","","","","2026-07-09T15:57:22.711Z",""
"shades","Gu9DmdWqgEzguspAXkJzsJPfT94BdK6wr2FTxEFVpump","60","3","","","","","","","","","","","","","","","","","0.00000218","","","","","","","2026-07-09T15:57:23.620Z","","","","","",""
"GOD","BSiSQsEyegjtRzbjiWtppLvkoNqpR9C366Cx7kSopump","57","6","","","","","","","","","","","","","","","","","0.00000219","","","","","","","2026-07-09T15:57:24.628Z","","","","","",""
"BULLCAT","DNJNLfrQs8Sfd8vxyNVpVVnb3ZzqHU7TxqAbDRBjpump","91","0.493750089","","","","","","","","","","","","","","","","","0.000008657","","","","","","","2026-07-09T15:58:24.619Z","","","","","",""
"AIFOOTBALL","6c8igXwJxrH2FziURZRUZXMXDPnG4syNpHv3dK3Kpump","72","5","","","","","","","","","","","","","","","","","0.000006148","","","","","","","2026-07-09T15:58:25.620Z","","","","","",""
"drillcock","8u8kZco6sP5tg5AUHeN3npCWeRHxhHg54irn6USBpump","55","3","","","","","","","","","","","","","","","","","0.000002271","","","","","","","2026-07-09T15:58:26.610Z","","","","","",""
"BTR","9fQ6uaR4XtQjBr8ypA8DDMZaJucRwraakYAXDv1fpump","72","3.950617282","","","","","","","","","","","","","","","","","0.000004047","","","","","","","2026-07-09T15:58:27.621Z","","","","","",""
"ORCAKING","2HmzKkTZinHQTSCMtPW2MzEbWWL3XsTA3R3DSVcDCssi","61","2.0889","","","","","","","","","","","","","","","","","0.000002395","","","","","","","2026-07-09T15:59:21.646Z","","","","","",""
"shades","568DRZUPVp3hnT7cQd1rYmUXKG66SaoE7AxsUXCgpump","58","3","","","","","","","","","","","","","","","","","0.000002212","","","","","","","2026-07-09T15:59:22.621Z","","","","","",""
"FCM🌙","GrGFruRWv9tpJw5t5ntDWsJFdYFPTxqHVxmPBBYYpump","","","","","","","","","","","","","","","","","","","","","","","","","8.799e-7","","","","","","2026-07-09T15:59:23.647Z",""
"Betpeng","25m6ag9MBSL8RrRpeM7Giss3LpJe6Lcrs8kqJWo8pump","","","","","","","","","","","","","","","","","","","","","","","","","0.000001091","","","","","","2026-07-09T16:01:19.517Z",""
"NASA","Fxkow4cPugfhGfvjGZHPvmM94iU5P8dXMr98czXYpump","","","","","","","","","","","","","","","","","","","","","","","","","1.093e-7","","","","","","2026-07-09T16:02:19.652Z",""
"Week","6uHdCtryvuXmubywGCC8ZuFZAzUW625Cbxedshddpump","99","0.060000001","","","","","","","","","","","","","","","","","0.0000325","","","","","","","2026-07-09T16:03:21.612Z","","","","","",""
"SALON","2krE8CKArgygYLXeGaSv33X6SCoysjBdDP9uP8oapump","67","2.962962961","","","","","","","","","","","","","","","","","0.000002481","","","","","","","2026-07-09T16:03:23.627Z","","","","","",""
"Popcash","9yNxFEgFNQgA85gafnxzVTHZFNFd7g3zVqudL9Wjpump","55","1.364345678","","","","","","","","","","","","","","","","","0.000002173","","","","","","","2026-07-09T16:06:21.893Z","","","","","",""
"MRRW","CPxRrXtMgPCqHH4kXJug5u24facA13Y3rBBnPR8Lpump","","","","","","","","","","","","","","","","","","","","","","","","","0.000001232","","","","","","2026-07-09T16:06:22.106Z",""
"KHALI","8XBeGpd6Zg6PsmxSjTp3bBC64vnPqsiGMyt6E4zgpump","68","4","","","","","","","","","","","","","","","","","0.000002227","","","","","","","2026-07-09T16:07:19.622Z","","","","","",""
"0.0001","2Fv8kv34oh9QGkwBrtZjP9nWYwhB2wowwWYwZWihpump","57","0.250000001","","","","","","","","","","","","","","","","","0.0001625","","","","","","","2026-07-09T16:08:21.631Z","","","","","",""
"Paningning","FmTxW5tevUFbFKNdrQbCbfmcfrGbjH6DtW2MJyyopump","100","14.814814813","","","","","","","","","","","","","","","","","0.00001084","","","","","","","2026-07-09T16:08:22.618Z","","","","","",""
"deg","m1A6uUbfq5E8ixBzZFSG2Jn1hojzRRzx88JJmYcpump","83","2.962962961","","","","","","","","","","","","","","","","","0.000002214","","","","","","","2026-07-09T16:08:23.629Z","","","","","",""
"Jinbei","CX8a2JWho3WBBuLFSP3FXgAzcsD5RSL9yhaCp4P7pump","59","4","","","","","","","","","","","","","","","","","0.000002257","","","","","","","2026-07-09T16:11:22.603Z","","","","","",""
"Jetchua","2KrriYjsB39iGcNEyej4es1986jjXdQASfHfFqxRpump","56","3","","","","","","","","","","","","","","","","","0.000002378","","","","","","","2026-07-09T16:11:23.645Z","","","","","",""
"dug","HGmCd9juN3asZWSKUSGS53npP1LJkKJXnDPxv1dZpump","81","2.962962961","","","","","","","","","","","","","","","","","0.000002326","","","","","","","2026-07-09T16:11:24.609Z","","","","","",""
"deg","4LUUiMHMBssRo7voFZQ3XfjdVXyba4uurXupvqa6pump","61","2","","","","","","","","","","","","","","","","","0.00001049","","","","","","","2026-07-09T16:11:25.664Z","","","","","",""
"CATBULL","91Y77YYCRXoVirgfrASiZ2Urhh2GywGi5euXmxCTpump","82","0.493750089","","","","","","","","","","","","","","","","","0.000002192","","","","","","","2026-07-09T16:12:21.622Z","","","","","",""
"Mass","3r64eqAL3KAL5U6ucHQddmpnGzRAS2JVhThSSgLxpump","68","3.083247688","","","","","","","","","","","","","","","","","0.000002168","","","","","","","2026-07-09T16:12:22.651Z","","","","","",""
"Vlud","CE6jxgSPh7EZYD9tuccSuMudERgt3bXku34nYRDtpump","60","3","","","","","","","","","","","","","","","","","0.000002169","","","","","","","2026-07-09T16:12:23.603Z","","","","","",""
"Singularity","2N9L9Qncqd94m6BBPnm1JZpDZSoRyYRZSdcV7qNcsXLa","","","","","","","","","","","","","","","","","","","","","","","","","0.00000227","","","","","","2026-07-09T16:14:21.630Z",""
"BatCat","9z3oBFoRmFa7JnHhWNyw9eKbPKSUBBpKtgiWHcrpump","56","1.48148148","","","","","","","","","","","","","","","","","0.00000217","","","","","","","2026-07-09T16:15:21.734Z","","","","","",""
"THRUDS","4pKwkLzsxuEBv8xjsLAxrg9A1d26jjs4KUUQzKfwpump","55","5","","","","","","","","","","","","","","","","","0.00000227","","","","","","","2026-07-09T16:15:22.618Z","","","","","",""
"DOPE","HwFp9RvMfwtoqcgrQeKvSwnN8RMQQ6SdbrEyVFo3pump","","","","","","","","","","","","","","","","","","","","","","","","","4.033e-7","","","","","","2026-07-09T16:15:23.736Z",""
"love","3wFnAnzTPS2VvJmYcRvYWUroHPY8xMo7UuaEGSc1pump","62","5","","","","","","","","","","","","","","","","","0.00000221","","","","","","","2026-07-09T16:16:21.669Z","","","","","",""
"Beanos","6hBH9vD4suqjTqfHt2NY9bbFRFFeBeKhheRhj36hpump","100","0.0001","","","","","","","","","","","","","","","","","0.00000222","","","","","","","2026-07-09T16:16:22.614Z","","","","","",""
"WARUME","8TmUmBtxCnfZcyaUkAXeDBnWbSYS3q3BDJ3tsS3Bpump","92","4.938271603","","","","","","","","","","","","","","","","","0.00000778","","","","","","","2026-07-09T16:16:23.613Z","","","","","",""
"MARA","HCYL34QL3soQreDyCkWYQjcbryGVFjqk765D1bAdrEuF","70","3.5","","","","","","","","","","","","","","","","","0.00000227","","","","","","","2026-07-09T16:17:23.670Z","","","","","",""
"DIGITALMONEY","EbWS8zexhnvTrTK5qr3QXGQjhyqC7YKWyxUpS8rqpump","69","5","","","","","","","","","","","","","","","","","0.000002173","","","","","","","2026-07-09T16:17:24.627Z","","","","","",""
"MSGA","Ft6ZJiftJxG87mBJeJDvvrzMqYN7Pe94demhMMwspump","100","17.830609212","","","","","","","","","","","","","","","","","0.00001352","","","","","","","2026-07-09T16:17:25.609Z","","","","","",""
"Frog bull","En5BUVwidWe7qmtscQ8Ko4k6nJBuwSrAKUpokX7Mpump","57","0.060000001","","","","","","","","","","","","","","","","","0.000002542","","","","","","","2026-07-09T16:18:19.645Z","","","","","",""
"RIGGED","4PMB8J9q5UjHTPfoiWjnbi2bUzVtfgfJXeSbxXmupump","64","2.416918429","","","","","","","","","","","","","","","","","0.000003036","","","","","","","2026-07-09T16:19:19.605Z","","","","","",""
"MODA","4crWr1pwkC3JAogFza8pb5tySgQTTY9xjof7PNb2pump","","","","","","","","","","","","","","","","","","","","","","","","","3.957e-7","","","","","","2026-07-09T16:20:21.637Z",""
"suckerburg","4P1NG6NHMN3Q9KbT28xSKdKVBDxg9Hr9JsFQR6zLpump","71","2.962962961","","","","","","","","","","","","","","","","","0.000002267","","","","","","","2026-07-09T16:20:22.605Z","","","","","",""
"CUCKERBEG","HC35Kw72QpmnDezM5Snro96P79GyTC6Q6BUPDwWpump","58","4.938271603","","","","","","","","","","","","","","","","","0.000002179","","","","","","","2026-07-09T16:21:21.645Z","","","","","",""
"Cuck","58Cvi5ScCiJ4cYMRAnipNRrK2xHA5AVCFRYnk2Mfpump","58","3.950617282","","","","","","","","","","","","","","","","","0.000002209","","","","","","","2026-07-09T16:21:22.598Z","","","","","",""
"Cuck","BdzhvoSRhp8UHbZwRbvcQFarFKjtDfSFpnXJU7V3pump","64","5","","","","","","","","","","","","","","","","","0.000002477","","","","","","","2026-07-09T16:21:23.631Z","","","","","",""
"Frog bull","J6GBzAiWkcXzpVj7rfrWnT64CAtqu6tu7YgFGwUfpump","55","0.060000001","","","","","","","","","","","","","","","","","0.000001402","","","","","","","2026-07-09T16:22:21.499Z","","","","","",""
"Bull","2K19PtbUxXKT8H7x9veCNwnvEbv5VeZFjozysi1hpump","58","0.300000001","","","","","","","","","","","","","","","","","0.000002706","","","","","","","2026-07-09T16:24:21.656Z","","","","","",""
"CODEY","DPciSqfFu5Rd4iiRP2ELD81oG9ti2Di3utjPi6nfpump","67","3","","","","","","","","","","","","","","","","","0.000002206","","","","","","","2026-07-09T16:25:22.651Z","","","","","",""
"Cuckerberg","FxuHHTodUYMPyummVvz6oxrGPZv6QjHCAXwMrLUpump","58","3","","","","","","","","","","","","","","","","","0.000002209","","","","","","","2026-07-09T16:25:23.597Z","","","","","",""
"GPTJUPITER","BSQAzzw8wbuFdYRBG8MkjpNmBytotoykV2hyhU3gpump","56","5","","","","","","","","","","","","","","","","","0.00000246","","","","","","","2026-07-09T16:25:24.587Z","","","","","",""
"Cuckerberg","2NR4YRGh6rNX1m9P4rcn2ikZ3tC9z8YjUtnpZ3zppump","55","5","","","","","","","","","","","","","","","","","0.00000218","","","","","","","2026-07-09T16:25:25.786Z","","","","","",""
"JAMIE","3g4AymUbFgdh6az6JAHw2kYEtZvPCiSBvfiJ9zDMpump","55","3.5","","","","","","","","","","","","","","","","","0.000002275","","","","","","","2026-07-09T16:26:22.753Z","","","","","",""
"HONKLER","F1kzhh47N8Dd4LHf1RABRzJmNp98ecRKLbrAuU3Hpump","55","3","","","","","","","","","","","","","","","","","0.000002378","","","","","","","2026-07-09T16:26:23.659Z","","","","","",""
"FIRST","5cfMJ1a3mKQDurrefVTnuiZZKU51orZvzX4Hc9cWpump","81","9.000000001","","","","","","","","","","","","","","","","","0.000003659","","","","","","","2026-07-09T16:27:20.612Z","","","","","",""
"robihood","AiiqYeErGJdiahbWCen7qnuubLbKK2otBn91vfVRpump","59","1.777777776","","","","","","","","","","","","","","","","","0.000002451","","","","","","","2026-07-09T16:27:21.603Z","","","","","",""
"pepe","CZGgi6iycBUE6sK9DU229hSMWnoAAPtkHsvD6k8Ypump","","","","","","","","","","","","","","","","","","","","","","","","","1.37e-7","","","","","","2026-07-09T16:28:19.603Z",""
"Duck","GwPEVGLaFj91krG2MtBVDB3w4NRaT83eFCdYv6Vfpump","63","2.962962961","","","","","","","","","","","","","","","","","0.000002206","","","","","","","2026-07-09T16:29:20.736Z","","","","","",""
"MEMEBULL","9fy6iaavbQ2b7vEgmbYQXP3YR6yBnDUdyxBeRtY4pump","85","11.85185185","","","","","","","","","","","","","","","","","0.00001209","","","","","","","2026-07-09T16:30:19.394Z","","","","","",""
">-","9wzCcxVpj3MMebWMQtH1MENG7iZvJhne3KHv4QfSpump","67","3","","","","","","","","","","","","","","","","","0.000002165","","","","","","","2026-07-09T16:31:19.633Z","","","","","",""
"TIKTOKEN","CNTYYesSXN96GRqmG6kq3XqTvNeHttJmdJGb5pw4pump","57","4.938271603","","","","","","","","","","","","","","","","","0.000002269","","","","","","","2026-07-09T16:32:19.748Z","","","","","",""
"chill","9Hbtw3qc7kbEPDEYhQLdvX95w7LZsKqzMcxmabNypump","","","","","","","","","","","","","","","","","","","","","","","","","2.973e-7","","","","","","2026-07-09T16:34:21.683Z",""
"404","D7hqXWcufTW3J3CHQ1oSrK67i7L6o9mSN29yFQZZpump","70","6.8","","","","","","","","","","","","","","","","","0.000013","","","","","","","2026-07-09T16:34:22.599Z","","","","","",""
"honkler","H9SqjRgH2ghjRyB36Cuob1hagYGdo7VtXLLbn4uCpump","63","3","","","","","","","","","","","","","","","","","0.00000221","","","","","","","2026-07-09T16:35:20.130Z","","","","","",""
"chill","BZWDiasUXxbddSWcsWTMTgMXJkD5RcaNtTPLAKRTpump","85","1.000000001","","","","","","","","","","","","","","","","","0.000002229","","","","","","","2026-07-09T16:35:20.617Z","","","","","",""
"TRUMPAIR","7NtPUqbhiPxigps3ivYi6kaWTexKUaL2ke453EfcuZp6","65","3.5","","","","","","","","","","","","","","","","","0.000002208","","","","","","","2026-07-09T16:36:22.074Z","","","","","",""
"TOLY","HhgPuy2YWUTz6krQomauQEYfQAhS814YFB8zsuF5pump","55","3","","","","","","","","","","","","","","","","","0.000002268","","","","","","","2026-07-09T16:38:23.646Z","","","","","",""
"TOLY-KUN","7JGAYGP5QSWCtq3pmoPGidooU7aBMXXc5tsfQsFp1UH5","62","2.142857143","","","","","","","","","","","","","","","","","0.000002214","","","","","","","2026-07-09T16:38:24.618Z","","","","","",""
"CHADLY","3vbofJEghqEUWfgaj6Ef7TkKajMgLd3wZRZVUMjUpump","","","","","","","","","","","","","","","","","","","","","","","","","0.00000217","","","","","","2026-07-09T16:38:25.659Z",""
"Bull","7sWRCdkPwEqCaa38rKWt89qdZzuq3Wt1Yg4quXb2pump","60","3","","","","","","","","","","","","","","","","","0.000002287","","","","","","","2026-07-09T16:41:20.605Z","","","","","",""
"EB","HKxG691hS1j4j2QqyUVcC3HA9KNMWayNsmvuRKF3pump","74","4.444444443","","","","","","","","","","","","","","","","","0.000004804","","","","","","","2026-07-09T16:42:22.740Z","","","","","",""
"Fablecore","4C5x2RxGdWMCXNcrWeeAF5xqqQt79sTFaNBrSEtHpump","58","1.718518517","","","","","","","","","","","","","","","","","0.000002172","","","","","","","2026-07-09T16:42:23.578Z","","","","","",""
"HILLARY","7FNkqn1w6HeLdaYFaXANnnZNApZr7jSau1nqN1G4pump","56","4.938271603","","","","","","","","","","","","","","","","","0.000002361","","","","","","","2026-07-09T16:42:24.589Z","","","","","",""
"Buy","BAsnn2BEeB5LGJ7364SAX1579MGupNWwU3exdgsQpump","","","","","","","","","","","","","","","","","","","","","","","","","2.208e-7","","","","","","2026-07-09T16:42:25.622Z",""
"ZRP","5mYzUCSCJSG8NA3yfT898sR6L5KLenFfvkUn9mwqpump","61","1.97530864","","","","","","","","","","","","","","","","","0.000002172","","","","","","","2026-07-09T16:43:22.601Z","","","","","",""
"HILLARY","J7voE9ozp1iXtexLwnXMbHfFWiBsnHP5KjtqBbLvpump","73","5","","","","","","","","","","","","","","","","","0.000002173","","","","","","","2026-07-09T16:43:23.602Z","","","","","",""
"ANSEPS","4sQsRoh1At5cFrw9hKAhZEci3sieap71YCsj3n4Dpump","90","0.493750089","","","","","","","","","","","","","","","","","0.000007244","","","","","","","2026-07-09T16:44:22.646Z","","","","","",""
"NOTCH","GgB55U58q4Hk1C3EQHjEhtcuPRYdKFmd9tJ8Pvuzpump","","","","","","","","","","","","","","","","","","","","","","","","","0.000002172","","","","","","2026-07-09T16:44:23.590Z",""
"cuckerburg","5ubRAKqUapKCB25CyJAKXoASW4B4x4tNdT3NSmwYpump","64","5","","","","","","","","","","","","","","","","","0.000003994","","","","","","","2026-07-09T16:44:24.603Z","","","","","",""
"POB","3VcwvsjqrFMSjVyjVtrmcpy1jX63xRmeXC3GfBHXpump","","","","","","","","","","","","","","","","","","","","","","","","","0.000001047","","","","","","2026-07-09T16:44:25.604Z",""
"SIMULATION","naVHNKTdwmodAiXqvLtrcQLekqLi2axGhAhLHLypump","66","5","","","","","","","","","","","","","","","","","0.000002212","","","","","","","2026-07-09T16:46:22.918Z","","","","","",""
"RAVEN","7Czk1SZ8tMcoXrAKnFo9TAhsGqZkSr5EFfqy3XTpgssi","62","2.1978","","","","","","","","","","","","","","","","","0.000002395","","","","","","","2026-07-09T16:46:23.115Z","","","","","",""
"SIMULATION","7vZooBLQDfjybym1QpncYm8735zPmzRWcEMHqE38pump","64","5","","","","","","","","","","","","","","","","","0.000002215","","","","","","","2026-07-09T16:46:23.596Z","","","","","",""
"SIMULATION","RptkPfoNJhRsm5GoG9nbLwZB5MnY1LAXFiRALvRbeMY","","","","","","","","","","","","","","","","","","","","","","","","","0.000002273","","","","","","2026-07-09T16:46:24.594Z",""
"TALOS","91pnWbgWdnKsTWTvGgW87RAJC1Vy4BPp3PtN5p5Qpump","56","1.46627566","","","","","","","","","","","","","","","","","0.00001484","","","","","","","2026-07-09T16:47:21.594Z","","","","","",""
"ZUCK","G4nVvn59iiji7T7knCMyxCgUUPsoSezxJ15vCbJkpump","63","5","","","","","","","","","","","","","","","","","0.000002216","","","","","","","2026-07-09T16:47:22.646Z","","","","","",""
"Kappy","G7KURiZp7RR5GW1kMt4GfLzyXND58DsPfEWv4krApump","61","2","","","","","","","","","","","","","","","","","0.000002184","","","","","","","2026-07-09T16:47:23.571Z","","","","","",""
"Red Bull","AvrQ39nv1GCm9edW8zjy5PDB7FSYAfiQfMSfpZAqpump","56","0.500000001","","","","","","","","","","","","","","","","","0.000002172","","","","","","","2026-07-09T16:48:21.726Z","","","","","",""
"RECKY","FSfM9dd5cRuNXxG23zvnvziHrgzKTfYmgwSRZewMpump","56","3","","","","","","","","","","","","","","","","","0.000002334","","","","","","","2026-07-09T16:48:22.593Z","","","","","",""
"GTO","55eKgwR8pQXHNz3kGw3fg7xmxaraM4rJZJwQ3u3cpump","56","2","","","","","","","","","","","","","","","","","0.000002287","","","","","","","2026-07-09T16:48:23.676Z","","","","","",""
"FUF","5nweddAk6dWJjM9AryP6GUZKL6qMEayebgnmNzXtpump","100","0.250000001","","","","","","","","","","","","","","","","","0.000002204","","","","","","","2026-07-09T16:49:21.581Z","","","","","",""
"Diherberg","BPYUonqJzUtdSRZGPJXLv19GvtaXogfuzDSA7s8cpump","65","2.962962961","","","","","","","","","","","","","","","","","0.000002168","","","","","","","2026-07-09T16:49:22.583Z","","","","","",""
"KATHLEEN","63ggtkF7ixQfJud535ub77FdcgrMKC58E9ef4f9zpump","56","4.938271603","","","","","","","","","","","","","","","","","0.000002168","","","","","","","2026-07-09T16:49:23.596Z","","","","","",""
"RED","9M84AQRLCz91AnNFgG9jLh2FFiZkrMCivtYFoSf3pump","69","0.500000001","","","","","","","","","","","","","","","","","0.000002019","","","","","","","2026-07-09T16:50:20.583Z","","","","","",""
"INUCOGNITO","4oakV2y32ne9QJgfDLn6ra5kJ1e2PdKBsaNRTvVjpump","63","4.4","","","","","","","","","","","","","","","","","0.000002201","","","","","","","2026-07-09T16:50:21.616Z","","","","","",""
"SPACEXAI","Hm7FnqskgrYHR9d1Tk4sbPtYqM2QMynexMjo5kMPpump","66","5","","","","","","","","","","","","","","","","","0.000002951","","","","","","","2026-07-09T16:51:19.646Z","","","","","",""
"Chickenberg","8T1gqxh9Kv48ttoV8xqD55YsRMUrafJfzwYMT3v9pump","64","2.962962961","","","","","","","","","","","","","","","","","0.000002269","","","","","","","2026-07-09T16:52:19.590Z","","","","","",""
"Zuck","DytH5ykNvTVR3t38EYjSDWPhQXh6124gqJ6477Mapump","62","2.962962961","","","","","","","","","","","","","","","","","0.000002269","","","","","","","2026-07-09T16:53:20.059Z","","","","","",""
"GROW","6Yj2MjkiDTwqcgQSZTT7MuxtNgXdRf8Sy7xCFTn4pump","68","3.083247688","","","","","","","","","","","","","","","","","0.000002175","","","","","","","2026-07-09T16:53:20.687Z","","","","","",""
"euRAPE","84N355PhN4g6H28Mz9dCT6rTezRZN86SpeacCSZnpump","75","0.0001","","","","","","","","","","","","","","","","","0.000002268","","","","","","","2026-07-09T16:54:22.604Z","","","","","",""
"Rig","HBYZzaie1DyCvkkSWor5Phsc1yHpZmsHpiaNUTzVpump","56","3.5","","","","","","","","","","","","","","","","","0.000002169","","","","","","","2026-07-09T16:54:23.699Z","","","","","",""
"N/A","2Yjb1asVsHygtrEfZ94kekEt7zUe4YE18CMaQj68pump","56","4.938271603","","","","","","","","","","","","","","","","","0.000002248","","","","","","","2026-07-09T16:54:24.587Z","","","","","",""
"PUDGY","G2qrufse68edcRjrMoU1A14ruReKcFLiKm1Q2s9QjNmS","","","","","","","","","","","","","","","","","","","","","","","","","0.000002209","","","","","","2026-07-09T16:54:25.639Z",""
"SNOWBALL","8gJG8YpLTsqx5CkvyaREefpuEe8ShwqBM4X2DZKnpump","67","2.962962961","","","","","","","","","","","","","","","","","0.00000446","","","","","","","2026-07-09T16:55:21.583Z","","","","","",""
"N/A","9TRwAwHS8RhuWgEWL8rSppCpUoem3ndNvsX26SU2pump","57","3.950617282","","","","","","","","","","","","","","","","","0.000002268","","","","","","","2026-07-09T16:55:22.662Z","","","","","",""
"Rig","AiaSLLtumnGeNWUXmxEZvytL1MU6ULdv18SEqjP9pump","72","5","","","","","","","","","","","","","","","","","0.000002173","","","","","","","2026-07-09T16:55:23.594Z","","","","","",""
"Europeen","HR11ZneRvQvxdPydr5Xj6EfxptnV1kmDUMXwNAyGpump","61","2.962962961","","","","","","","","","","","","","","","","","0.000002272","","","","","","","2026-07-09T16:56:23.588Z","","","","","",""
"Z","C9H6Wtq72G6Fj7pf51zaZYPc9hjRexYuUoqWNTgEpump","57","4.938271603","","","","","","","","","","","","","","","","","0.000002272","","","","","","","2026-07-09T16:56:24.591Z","","","","","",""
"POB","6XwnV6FdnK9nv5AAyDwZLBBzLqNhkqgTWp1uQfc5pump","","","","","","","","","","","","","","","","","","","","","","","","","4.022e-8","","","","","","2026-07-09T16:56:25.616Z",""
"N/A","8G3azCgCm8vFN5SCfGZrTUFaLKqv1VLF9DyBehtkpump","88","3","","","","","","","","","","","","","","","","","0.000002273","","","","","","","2026-07-09T16:57:22.601Z","","","","","",""
"ILLEGAL","9hoQiRwKgaWbLPgeUp3sKzn8bvxYBYhQxu9GZM2Fpump","71","5","","","","","","","","","","","","","","","","","0.000002187","","","","","","","2026-07-09T16:57:23.586Z","","","","","",""
"MEMELESS","CTa7BAg8fYnPd3DtrG9Rvn7CeW2dSuHg6UARjEDPpump","56","4.938271603","","","","","","","","","","","","","","","","","0.000002273","","","","","","","2026-07-09T16:57:24.659Z","","","","","",""
"MOA","HyTkHCTsYcrFGH5BZjhxTUpUCZiRRj3BMB4hyvnGpump","75","2.962962961","","","","","","","","","","","","","","","","","0.000002198","","","","","","","2026-07-09T16:57:25.577Z","","","","","",""
"Z","3wQicsufiuZb49GyrBvVdioGKKhsUWHb2k7tCttQpump","56","4.938271603","","","","","","","","","","","","","","","","","0.000002272","","","","","","","2026-07-09T16:58:22.598Z","","","","","",""
"X","MjKM97M6rWouA2nkqYuZKM2E8SCcSTHUdiSZvmSpump","55","4.938271603","","","","","","","","","","","","","","","","","0.000002171","","","","","","","2026-07-09T16:58:24.578Z","","","","","",""
"ROBERT","241dVF2PMBRck77RUGwzZundBRXhwHMf9gjVFbbXwD2L","56","1.48148148","","","","","","","","","","","","","","","","","0.00000218","","","","","","","2026-07-09T16:59:19.763Z","","","","","",""
"URSULA","71QfshYnYysqWkAtxJS8zssgpYgTYBMqVvsm6oa9pump","63","3","","","","","","","","","","","","","","","","","0.000002212","","","","","","","2026-07-09T17:00:22.722Z","","","","","",""
"tgcat","3Fp5RCjXHRpFEcTRAexQ5dUR7GqX64PuhUEHvFtmpump","65","0.0001","","","","","","","","","","","","","","","","","0.000002272","","","","","","","2026-07-09T17:00:23.663Z","","","","","",""
"tweet","2qPbQ3Ch5K4bY1cwZmzRdXniKkDoPbUvg79nAsLnpump","","","","","","","","","","","","","","","","","","","","","","","","","3.843e-7","","","","","","2026-07-09T17:00:24.591Z",""
"Curie","CrPdn8ApDy6yD2fSbZCEfyWXuKytvQG7MpX7LTtJpump","57","1.619753085","","","","","","","","","","","","","","","","","0.00000241","","","","","","","2026-07-09T17:00:25.714Z","","","","","",""
"muta","BtKf1kw91ratuSNR9ZMwYaZPWzQHdu6QPSnoj1eMpump","57","0.0001","","","","","","","","","","","","","","","","","0.000002313","","","","","","","2026-07-09T17:01:22.616Z","","","","","",""
"PRO","22nnj3SuL2RBvyf7r9zNGFZa4oE3BTXm3Uo7s1ifpump","","","","","","","","","","","","","","","","","","","","","","","","","4.559e-8","","","","","","2026-07-09T17:01:23.598Z",""
"Hospital","AppR4am82PKBH9zHAH6QWpgzvwbDwiAF1dr8uxqxpump","75","4.938271603","","","","","","","","","","","","","","","","","0.000008021","","","","","","","2026-07-09T17:01:24.590Z","","","","","",""
"FLY","TEoQNKp4VQeMdAAFHJaQCuoMaF2gcUkhzyPCruRpump","67","2.962962961","","","","","","","","","","","","","","","","","0.000002169","","","","","","","2026-07-09T17:01:25.588Z","","","","","",""
"SOL","EhB7PEzDzFGhJCrS59Fsm1Two1yP855knu7nUDScpump","78","3.950617282","","","","","","","","","","","","","","","","","0.000002202","","","","","","","2026-07-09T17:02:19.671Z","","","","","",""
"999","GTQUF2TSjN68hMCub3fww1WtAzHsWP6xuSL8XcU9pump","68","3.080000605","","","","","","","","","","","","","","","","","0.000002662","","","","","","","2026-07-09T17:04:20.870Z","","","","","",""
"FFN","BJBkY8Uomk8VrRkYfWpQg3jef6toDHjRhPERG8FUpump","68","3.456790121","","","","","","","","","","","","","","","","","0.000002222","","","","","","","2026-07-09T17:04:21.093Z","","","","","",""
"UMBRA","8rVTJgB5T6PZnsp38mVDTeLrbpuw1JUa63c2Seq8pump","67","2.962962961","","","","","","","","","","","","","","","","","0.000002651","","","","","","","2026-07-09T17:05:22.574Z","","","","","",""
"SOL","H9C4yyjo73GMUDNZAvbekPe7SWmkHR5PCXZBdQhZpump","76","3.950617282","","","","","","","","","","","","","","","","","0.000002198","","","","","","","2026-07-09T17:05:23.584Z","","","","","",""
"OFS","BtEDCRbV4V7mPKHsJmv5GCgSAsKfxxcz5MVUoRL83Mz8","59","3.5","","","","","","","","","","","","","","","","","0.000002172","","","","","","","2026-07-09T17:05:24.640Z","","","","","",""
"LOLCHAIN","6Y9oyN26fFoG28bBPghbo2RHnUWPqj7LjH6SeqBDpump","58","1.679012344","","","","","","","","","","","","","","","","","0.000002381","","","","","","","2026-07-09T17:05:25.586Z","","","","","",""
"DERBY","CBMJRFeG3u96Wc2vmUNdysWYPK2tMNPtzRFiwzcJpump","63","3.5","","","","","","","","","","","","","","","","","0.000002171","","","","","","","2026-07-09T17:06:21.586Z","","","","","",""
"LSPFI","EMfbHPmSXKctnqgaJo7k4eMtFnTUSzxrp7QKo6fKpump","69","1.5","","","","","","","","","","","","","","","","","0.000001635","","","","","","","2026-07-09T17:06:22.577Z","","","","","",""
"Bonked","H8y9GefpXG2K4j3n2UdcVsmSuhyE9ExReKVt8UMUbonk","69","6.715","","","","","","","","","","","","","","","","","0.00001064","","","","","","","2026-07-09T17:06:23.586Z","","","","","",""
"SHITBULL","DeAWbVdRLekGnTHFYxksZmohS791SkKd1vBkf6gGpump","79","0.493750089","","","","","","","","","","","","","","","","","0.000009398","","","","","","","2026-07-09T17:07:21.612Z","","","","","",""
"EUAH","5giSUASbLL8T5XNLtMzHmmEMiuv1Ayp99vnwEZmTpump","60","3","","","","","","","","","","","","","","","","","0.000002272","","","","","","","2026-07-09T17:07:22.596Z","","","","","",""
"DIAL","3AdR8cwRReKwVvsWbM5Jth5AguJMiBVR6kdQ2ECvpump","100","0.050084894","","","","","","","","","","","","","","","","","0.000002179","","","","","","","2026-07-09T17:07:23.564Z","","","","","",""
"WANSEM","8ugpzJRxGjJuKRkZtyEPzKjeuSb3GAnLU6D5M3Txpump","80","6.913580245","","","","","","","","","","","","","","","","","0.000004048","","","","","","","2026-07-09T17:09:19.549Z","","","","","",""
"PLATTY","4LQYtAm4ePaBAY9LTQz673j5EPjWgP3JMz3eW26gpump","61","3.5","","","","","","","","","","","","","","","","","0.000002176","","","","","","","2026-07-09T17:10:21.596Z","","","","","",""
"SC","Day9Q4jfyRfhG9VNDCtR4xrTkSdngndYUVbharmMpump","","","","","","","","","","","","","","","","","","","","","","","","","2.687e-7","","","","","","2026-07-09T17:10:23.588Z",""
"petbouncer","3mjxjBdLV5ZPoFqPz1pcezUWtbWoqQaYy2Kr7SCRpump","55","4.938271603","","","","","","","","","","","","","","","","","0.000002172","","","","","","","2026-07-09T17:11:22.590Z","","","","","",""
"index","8aAfJyFP8xmRVPXcu4aUq9PayVeeXuFdHwxs1bJFpump","56","1.48148148","","","","","","","","","","","","","","","","","0.00001136","","","","","","","2026-07-09T17:11:24.580Z","","","","","",""
"ODY","2vrX4tnfn1DyT2YeykyXSjJMFmRb5Ld2haBRHKHFpump","57","0.250000001","","","","","","","","","","","","","","","","","0.000002504","","","","","","","2026-07-09T17:11:25.588Z","","","","","",""
"ODY","5yM3iQYo5RPGspiECLqL99bUonpnXuuskBqeuURTpump","57","0.500000001","","","","","","","","","","","","","","","","","0.000001683","","","","","","","2026-07-09T17:13:20.577Z","","","","","",""
"lspfi son","GX6wS1t667yJ3rAmp2TeBEs962W64mkZ7a4s2N5Gpump","66","1.5","","","","","","","","","","","","","","","","","0.000006334","","","","","","","2026-07-09T17:13:21.584Z","","","","","",""
"bully","86WbZT1rKsSR5wx4f2Et3nZL6BCwrosLfjoyKAtbpump","70","0.493750089","","","","","","","","","","","","","","","","","0.000002179","","","","","","","2026-07-09T17:15:21.591Z","","","","","",""
"MHP","BvjecuGsCQiy18NfHVC8o5ibx5NQyRN6G9jfwiNnpump","88","12.839506171","","","","","","","","","","","","","","","","","0.000006357","","","","","","","2026-07-09T17:16:21.581Z","","","","","",""
"PDRB","GNEDBnj6NAfo7A2hDH1XQSJYTcTyeeeqSvAG2DS5pump","80","0.059259258","","","","","","","","","","","","","","","","","0.000007606","","","","","","1.985e-7","2026-07-09T17:16:22.688Z","","","","","2026-07-09T17:17:18.758Z",""
"fuf","CbqGbRkd9erHB7EwWdijt3ZAxFeoYqu1EMYYWJSrpump","92","4.938271603","","","","","","","","","","","","","","","","","0.000002347","","","","","","","2026-07-09T17:16:23.561Z","","","","","",""
"UNCANNY","EbeXeJ3pyVyMSjqybL1j65gexxVq6HuxLNxjR5rVpump","72","3.999999999","","","","","","","","","","","","","","","","","0.000002947","","","","","","","2026-07-09T17:17:20.578Z","","","","","",""
"PIKABULL","Hhn2ViLHHKkSrTarSt5CPjMmJWRGv5qrmn5NDRw5pump","66","0.493750089","","","","","","","","","","","","","","","","","0.000005826","","","","","","","2026-07-09T17:18:22.562Z","","","","","",""
"TripleT","EApY4CSMYVT9NBwS1dP2AXLSinX3aty3apH67KZFpump","67","2.962962961","","","","","","","","","","","","","","","","","0.000002265","","","","","","","2026-07-09T17:18:23.589Z","","","","","",""
"Robin","4YgS14t6u6jgfkCyuALNZbeufSfuiSguFhUHtZCGpump","76","5","","","","","","","","","","","","","","","","","0.000009271","","","","","","","2026-07-09T17:18:24.583Z","","","","","",""
"CINNAMOROLL","5DzQBg6DpQ5CCJH3eLFcbxLKumjSuEAtttEKaGne79m7","","","","","","","","","","","","","","","","","","","","","","","","","0.000002275","","","","","","2026-07-09T17:18:25.735Z",""
"UNFAZED","5N6Z6XCBcMhQckfdoRtsNkm8zU8fvJTw8MpVmFBjpump","100","1.46627566","","","","","","","","","","","","","","","","","0.000004329","","","","","","","2026-07-09T17:19:19.627Z","","","","","",""
"Perry","5zisMKDp7U4wUzaavhFmvKySXP3vN1N299QxF3Hgpump","56","7.901234566","","","","","","","","","","","","","","","","","0.00000218","","","","","","","2026-07-09T17:20:20.570Z","","","","","",""
"PERCY","82rzvpMhVjA6R3wX4DM7v8icCDwLwYBBnyaAUN8Zpump","","","","","","","","","","","","","","","","","","","","","","","","","0.00000218","","","","","","2026-07-09T17:20:21.787Z",""
"PERCY","FSQPE2HnY661iM7rbinseUE3STrKXaZC2tAhoR3bpump","56","4.938271603","","","","","","","","","","","","","","","","","0.000002178","","","","","","","2026-07-09T17:21:22.659Z","","","","","",""
"PERCY","58Gug4QazKKqwN9FaK7jrwoMWBb1uEgWWdcPAE7apump","55","4.938271603","","","","","","","","","","","","","","","","","0.00000218","","","","","","","2026-07-09T17:21:24.592Z","","","","","",""
"PxDOGE","Gz99F3FzWoqhTZFJMJdAjAK99Cr6weUHTrKFWK1Zpump","78","5.925925924","","","","","","","","","","","","","","","","","0.000003188","","","","","","","2026-07-09T17:21:25.645Z","","","","","",""
"PRAB","5oZc49jNYUkycy7FaCrnkv8veYHDAxaMmybLep9tgVAa","","","","","","","","","","","","","","","","","","","","","","","","","0.000002221","","","","","","2026-07-09T17:22:22.584Z",""
"STRAWBERRY","7F9QegmmUd9WUZ3BXcDpxBiRRCabGkrSyARC49Vfpump","76","5","","","","","","","","","","","","","","","","","0.000002178","","","","","","","2026-07-09T17:23:22.579Z","","","","","",""
"TOPBLASTOOOOR","8bcW4xBwgR2gnHVvDwWSoGe5FMfpP3ZyjmBUDfyZpump","","","","","","","","","","","","","","","","","","","","","","","","","0.00000228","","","","","","2026-07-09T17:23:23.587Z",""
"TripleT","2YeSZrqMsExsYPQ6qH8TVN2DmRmUKDj7dJc3Gm1kpump","61","1.97530864","","","","","","","","","","","","","","","","","0.000002277","","","","","","","2026-07-09T17:23:24.571Z","","","","","",""
"Topblastoooor","4UTSMyc9qE8e5GVwakLA5tCoH15fdDFTdiUFss1vpump","55","4.938271603","","","","","","","","","","","","","","","","","0.000002222","","","","","","","2026-07-09T17:23:25.576Z","","","","","",""
"SOL","6zh4VgUG5xCzfQwv1WDPHxMjBjYHqpzMDn9FqUhvpump","","","","","","","","","","","","","","","","","","","","","","","","","0.000002178","","","","","","2026-07-09T17:24:19.576Z",""
"Vault","HeD5FV2DaDmhHnWFH9JQz7q3hNdfP1yAFwCCbsTQpump","56","1.51111111","","","","","","","","","","","","","","","","","0.000002418","","","","","","","2026-07-09T17:25:21.570Z","","","","","",""
"bastille","2YY1UK1AZ1QtGW5jX3SyGb3DrxjPvZTcVpTVK6zVpump","","","","","","","","","","","","","","","","","","","","","","","","","0.000002176","","","","","","2026-07-09T17:25:23.682Z",""
"SPX6900","C6aAG83tRfYu64bWWFTf44S8rYL7xq9DPvkvaT1upump","74","15","","","","","","","","","","","","","","","","","0.000006392","","","","","","","2026-07-09T17:28:19.593Z","","","","","",""
"5","3z8GiR7XMq7MRJx2m3yjtThFH4HthYVxvKZADwe1hbbh","56","3","","","","","","","","","","","","","","","","","0.000002174","","","","","","","2026-07-09T17:29:20.681Z","","","","","",""
"$UBTC","APEtAg2uZadAeu2UBPZqkgc3dCwM6tgN3Mg1XcQgpump","93","0.090000001","","","","","","","","","","","","","","","","","0.000002453","","","","","","","2026-07-09T17:29:21.587Z","","","","","",""
"GOBBY","6zHQPqJwsCgEKtoV3YUAuhE9oKUpiwTGHJChNmU7pump","59","5","","","","","","","","","","","","","","","","","0.000002174","","","","","","","2026-07-09T17:30:21.586Z","","","","","",""
"bullcat","G5ZBz4fw4tNWCgZTMPCdq8xewRChB4EL9T72j8xgpump","64","2.4691358","","","","","","","","","","","","","","","","","0.000007857","","","","","","","2026-07-09T17:30:23.602Z","","","","","",""
"PEGOLD","76DcjnAkwk8LQus6ko4fR4LQcGSpSwNLodAk38GJpump","82","8.000000001","","","","","","","","","","","","","","","","","0.000003488","","","","","","","2026-07-09T17:30:24.584Z","","","","","",""
"Arena","6siXwg7pHYbu52vQYxvmeespjvJdnpcfHWzpZVULpump","60","5","","","","","","","","","","","","","","","","","0.000002275","","","","","","","2026-07-09T17:30:25.625Z","","","","","",""
"muro","6FVdgbE4AigEGdLjd1GhQikEq3JH441ZU84uoxpFpump","59","1.81","","","","","","","","","","","","","","","","","0.000002174","","","","","","","2026-07-09T17:34:22.143Z","","","","","",""
"QUESTIONS","7ePCakX13QbeFg3WNS6WYCtxhhKJ6xRagCaFWmUpump","","","","","","","","","","","","","","","","","","","","","","","","","0.000002301","","","","","","2026-07-09T17:34:22.691Z",""
"Manic","4NzScTB7o5fsVprenQHxW5goLS8qywEjWn9fLptqpump","70","3.456790122","","","","","","","","","","","","","","","","","0.000002724","","","","","","","2026-07-09T17:34:23.642Z","","","","","",""
"Musk","Hpn8dRC3WRKRfkvUrCttRZTJsaGo4VgSoQ9dP9Ncpump","56","1.97530864","","","","","","","","","","","","","","","","","0.00000157","","","","","","","2026-07-09T17:34:24.598Z","","","","","",""
"OpenAI","5eEyDUBadjcGsxxJtP8FTX6hwbikQMeVjqn6PYCNpump","59","3.5","","","","","","","","","","","","","","","","","0.000002274","","","","","","","2026-07-09T17:35:22.634Z","","","","","",""
"OPAI","Htv2jP9pYVyR3Kr4kRLYWB2qDotCQgHKpPp4F8A6pump","55","7.901234566","","","","","","","","","","","","","","","","","0.000002273","","","","","","","2026-07-09T17:35:23.622Z","","","","","",""
"OpenAI","AkEcXoX7ahKtQ5UidYvWpALj7n5YJHpbx287YTyZpump","62","4.5","","","","","","","","","","","","","","","","","0.000002324","","","","","","","2026-07-09T17:35:25.565Z","","","","","",""
"Memory","GoJsFLgF3syzcALdEeSrWina6i3LKUSKUZuLxbTgpump","58","4","","","","","","","","","","","","","","","","","0.000002575","","","","","","","2026-07-09T17:36:21.678Z","","","","","",""
"Ansem&ms","4NkasLiiGoi3GRFCwQuANd6sLj1Dcp91VivmhK3Upump","","","","","","","","","","","","","","","","","","","","","","","","","3.107e-7","","","","","","2026-07-09T17:36:22.576Z",""
"Tofu","99rTHmptjaGXCsTzwfUynMj3Ae7D9EXF7MEUgeyGpump","","","","","","","","","","","","","","","","","","","","","","","","","8.532e-8","","","","","","2026-07-09T17:36:23.576Z",""
"OAI","9N8iwmkpXN9sxzKmWz8w3LLMtFsN5a16mHPPnZt7pump","68","7.6","","","","","","","","","","","","","","","","","0.000002216","","","","","","","2026-07-09T17:36:24.584Z","","","","","",""
"Musk","7j7sQoP5eA15QbFP1Vj99BcKXFrGeBcdgN3TiLkMpump","","","","","","","","","","","","","","","","","","","","","","","","","3.335e-7","","","","","","2026-07-09T17:37:22.577Z",""
"$CSN","Fqh9gghTjkkL4qBfnpvabRCiGkkvCLYzJdLd23C8pump","","","","","","","","","","","","","","","","","","","","","","","","","3.33e-7","","","","","","2026-07-09T17:37:24.577Z",""
"WORK","HnB65meTJuRZFbhuh5tqS2Y99xFSFP8SBpy8UQMBpump","","","","","","","","","","","","","","","","","","","","","","","","","0.000002275","","","","","","2026-07-09T17:37:25.573Z",""
"Dog","Bcdx2TxNZtc3CMSofB9AGHx47jTEaKgEQKXQ1rWDpump","59","2.962962961","","","","","","","","","","","","","","","","","0.000002277","","","","","","","2026-07-09T17:38:20.573Z","","","","","",""
"RPACKS","8mwEwPE6B8Gnmtddt6e7z4pC4vERaLgEyaH6pQQLpump","","","","","","","","","","","","","","","","","","","","","","","","","0.000002175","","","","","","2026-07-09T17:38:21.597Z",""
"Robin","CG2Yawz8kB4QGKQjUYY4ZPrv1z6gWa4utkjNj8xLpump","","","","","","","","","","","","","","","","","","","","","","","","","0.000001289","","","","","","2026-07-09T17:39:22.671Z",""
"Manic","CNiH67TPNsxXmbQr8ciGqHDc5VHFkHqSy7psNusxpump","91","18","","","","","","","","","","","","","","","","","0.00001071","","","","","","","2026-07-09T17:39:23.573Z","","","","","",""
"SOL","cfJasnQwD4p4B9tG1dyEs64cqqvvokseiTYDsaPpump","67","5","","","","","","","","","","","","","","","","","0.000002177","","","","","","","2026-07-09T17:39:24.580Z","","","","","",""
"pupi","2ZjcQVCwDhLux5mgpa3vfgVxwhU9mV65KotVUMjTpump","61","1.97530864","","","","","","","","","","","","","","","","","0.000002177","","","","","","","2026-07-09T17:39:25.707Z","","","","","",""
"WGT","3UGYEA58Jkpe5ukgeCkn5PUTqQAYuEcf38aBw1Prpump","","","","","","","","","","","","","","","","","","","","","","","","","5.394e-7","","","","","","2026-07-09T17:40:21.566Z",""
"ELUR","DUH1GC5VKxo8gVv9FdZsVSGEn7SLkEPumzyG1MS4pump","72","5","","","","","","","","","","","","","","","","","0.000002266","","","","","","","2026-07-09T17:40:22.758Z","","","","","",""
"ANSEMVINCI","7NQ7rAdArUnsjYs2T5dJRoYS3gFRaxKpGEjBspYWpump","","","","","","","","","","","","","","","","","","","","","","","","","2.077e-7","","","","","","2026-07-09T17:40:23.614Z",""
"SOS","FqsdB7yuU677CGdHwzKQemoRH3Gu49GpUBzpKUzxpump","","","","","","","","","","","","","","","","","","","","","","","","","0.000002457","","","","","","2026-07-09T17:40:24.732Z",""
"Mittens","Cf4o5rASNMNXuPedZHbgwXi16axDZPNWqQRahqLFpump","56","1.48148148","","","","","","","","","","","","","","","","","0.000005003","","","","","","","2026-07-09T17:41:21.587Z","","","","","",""
"OVYN","Cw3SnFM9J4oxhgF1gwWk3ZrWRT5CZP2JEio2JgDEpump","60","1.88","","","","","","","","","","","","","","","","","0.000002178","","","","","","","2026-07-09T17:41:22.568Z","","","","","",""
"CRAZYTOM","BzWY9p1ozL7Dmt4NmxcR4ABgs1rQs6MxyLFd1ubppump","","","","","","","","","","","","","","","","","","","","","","","","","2.856e-7","","","","","","2026-07-09T17:41:23.643Z",""
"XHANDLES","DPCxW3pXfGjCgsSdcjgZvTqPUHtpwua9ZpMuUYeApump","","","","","","","","","","","","","","","","","","","","","","","","","0.000002224","","","","","","2026-07-09T17:42:22.565Z",""
"Serious","EymF6yCifDmSvH3E5czkXDaaa5AkutH24xXzQGS1pump","60","3.015384615","","","","","","","","","","","","","","","","","0.000002756","","","","","","","2026-07-09T17:42:23.650Z","","","","","",""
"BANGERS","ALgt4hcWzwvEP4uFohg8hzeecWjP7LD6P8VKNJrVpump","","","","","","","","","","","","","","","","","","","","","","","","","0.000002224","","","","","","2026-07-09T17:42:24.559Z",""
"DESIGN","H2avqr5ESEW6Rdzk1BTLpSGCj4HiLALD21WufiNppump","","","","","","","","","","","","","","","","","","","","","","","","","0.000002224","","","","","","2026-07-09T17:42:25.551Z",""
"Musk","By1CdP2uKpyXaFuaD8a53tm4A9rKMiuojJ6SVqQcpump","","","","","","","","","","","","","","","","","","","","","","","","","7.117e-7","","","","","","2026-07-09T17:43:23.589Z",""
"Musk","3mcFsjngwS3uNqMsWjgTugUimgoCnVXtCkJ9LFaepump","","","","","","","","","","","","","","","","","","","","","","","","","6.752e-7","","","","","","2026-07-09T17:43:25.579Z",""
"HOPE","63665J5bmGTRkPPL1dAbBSFiNYTdtNuHYGDDCFWZpump","58","3.6","","","","","","","","","","","","","","","","","0.000007242","","","","","","","2026-07-09T17:44:22.569Z","","","","","",""
"Musk","AW9swLgCL7rWUCAAXgrFPm9feKLRs7eVZSBcfYyApump","","","","","","","","","","","","","","","","","","","","","","","","","7.652e-7","","","","","","2026-07-09T17:44:23.630Z",""
"Musk","FJbPYCmQJVGJzDEt9L4KZjdhtDsmSECH1VbZoSaMpump","55","1.97530864","","","","","","","","","","","","","","","","","0.00001118","","","","","","","2026-07-09T17:44:24.566Z","","","","","",""
"Luppi","5edqark4uazhoH3SqD8ugvHPgbYCboHXVVXSvqYYpump","59","1.76","","","","","","","","","","","","","","","","","0.000002183","","","","","","","2026-07-09T17:44:25.568Z","","","","","",""
"LZ","49orgJwoD8hs291GJmYQvfm2mh6rbVM426jgugyzpump","","","","","","","","","","","","","","","","","","","","","","","","","4.418e-7","","","","","","2026-07-09T17:45:22.573Z",""
"Musk","5Hutm4MxFadGpxdX5NLQoPyQT6N3ayWtUSGhm9T2pump","","","","","","","","","","","","","","","","","","","","","","","","","3.323e-7","","","","","","2026-07-09T17:45:23.601Z",""
"$AGAIN","2LK2CDHuSaff7yRtaCkRipHt2nUScLUWSdbHQycjpump","87","0.060000001","","","","","","","","","","","","","","","","","0.000002189","","","","","","","2026-07-09T17:45:24.561Z","","","","","",""
"Kim","3ZZGkes1WpsEe1qqNYMn5s3ppPGvbLSgtZpcLdyRpump","61","2","","","","","","","","","","","","","","","","","0.000002456","","","","","","","2026-07-09T17:46:21.627Z","","","","","",""
"BO1","AFdJLXXN7SiR7Evic4vorqpzfjPHNsM2Ar5TT9WKpump","61","2","","","","","","","","","","","","","","","","","0.000002189","","","","","","","2026-07-09T17:46:23.564Z","","","","","",""
"ToddBlanche","56Yg1DnNGTCQBCKMwaUTFhjVjinx4aCmMaTB8pXVpump","67","3","","","","","","","","","","","","","","","","","0.000002227","","","","","","","2026-07-09T17:47:22.691Z","","","","","",""
"AS","3pYGFvG6jn2SDDGuttZGGH2ETSxahcBRfjxYQ3NBpump","61","2","","","","","","","","","","","","","","","","","0.000005332","","","","","","","2026-07-09T17:47:23.561Z","","","","","",""
"$buy ","JCWRM9srYuTYT3bUBuse3vBttZdcRveuBLCNoLBypump","80","0.060000001","","","","","","","","","","","","","","","","","0.000002188","","","","","","","2026-07-09T17:47:24.544Z","","","","","",""
"OPAI","3SBjr8fFfc6tG4NFHxV1ivkFjZx3wcZJYgbReukypump","69","6.8","","","","","","","","","","","","","","","","","0.00001047","","","","","","","2026-07-09T17:47:25.611Z","","","","","",""
"Luna","FBD6kK3JM5sRN9fCT3PbpFPa7uCaEuk9Pjm7BEejpump","58","2.962962961","","","","","","","","","","","","","","","","","0.000002554","","","","","","","2026-07-09T17:49:22.063Z","","","","","",""
"OPAI","2z44J8xNfsCKFPKJT5qufh7KQC5FLoyAFfWG3v8x9EPi","56","2","","","","","","","","","","","","","","","","","0.000002224","","","","","","","2026-07-09T17:49:23.580Z","","","","","",""
"Grow","EF8ehJyxxBAZGvLXRPuuiSfhzsKAUtJobGky6EX3pump","56","3.3","","","","","","","","","","","","","","","","","0.000002183","","","","","","","2026-07-09T17:49:24.614Z","","","","","",""
"Darcy","3wWub3PKf3awfh9FnynPhC6SSuGMQ1jsojkxno2npump","55","1.382716047","","","","","","","","","","","","","","","","","0.000002608","","","","","","","2026-07-09T17:50:22.548Z","","","","","",""
"SOL","8Pf5kHpMNKTog4hYkjiX9Cv7bTjLGSa8TpmDLq4Gpump","66","5","","","","","","","","","","","","","","","","","0.000002283","","","","","","","2026-07-09T17:50:23.570Z","","","","","",""
"Europa","9xu9AeuQgaxnTRtkULnYXQ6KMyi6L5jXo8hnQuQzpump","60","7","","","","","","","","","","","","","","","","","0.000006698","","","","","","","2026-07-09T17:50:24.758Z","","","","","",""
"SOL","CCSwGaEo1MwGe1pT37ZNuUm9FzZ4hVY6UvQqRAJLpump","67","3","","","","","","","","","","","","","","","","","0.000002182","","","","","","","2026-07-09T17:50:25.607Z","","","","","",""
"MEDWARS","6nR7rkeudrY6bV8fvFsYmNLYKsaNRkPr4wPDwAW5pump","61","1.97530864","","","","","","","","","","","","","","","","","0.000002194","","","","","","","2026-07-09T17:51:22.574Z","","","","","",""
"RPET","HhUmbyVAr6bPSbPR4tiKoHxbX4fMVQkNBdpcM8e4pump","","","","","","","","","","","","","","","","","","","","","","","","","4.769e-7","","","","","","2026-07-09T17:51:23.578Z",""
"CRYPTOBILLION","2qYZEodUXdxUCW3uKmMP5QapiD45hd9zFrzwY5hopump","67","2.962962961","","","","","","","","","","","","","","","","","0.000002283","","","","","","","2026-07-09T17:51:25.572Z","","","","","",""
"emergence","Bk9vSMpeLRjNfNCasSD9B4bu26FX83mJzCny24F8pump","56","3.3","","","","","","","","","","","","","","","","","0.000002184","","","","","","","2026-07-09T17:52:22.590Z","","","","","",""
"GPT-5.6","4Nkj85VEYUfMKLqqdxrT5eoz8Z7e7XrxLs9mkvEXpump","57","2.962962961","","","","","","","","","","","","","","","","","0.000002859","","","","","","","2026-07-09T17:52:23.580Z","","","","","",""
"BITBOY","WfpsxX9PeGtt7VFNJUyA3At6owKmuzun91V6z5Tpump","55","3.3","","","","","","","","","","","","","","","","","0.000002182","","","","","","","2026-07-09T17:53:21.706Z","","","","","",""
"Thanos ","56hm72gMnBcXpH7xEo2pSaSpsPeiYw98ZWSNQREupump","56","2.469135801","","","","","","","","","","","","","","","","","0.000002182","","","","","","","2026-07-09T17:53:24.230Z","","","","","",""
"Tony","FT4KoFeyUXYcHrdK3vZTFcAYLdD1rMYMyCW3ZXtRpump","66","2.78","","","","","","","","","","","","","","","","","0.000002187","","","","","","","2026-07-09T17:54:22.570Z","","","","","",""
"GPT-5.6","6Dg6CcGR1x1G85gRDSjYK6TsXXN9em3Fye8cfiBfpump","55","2.962962961","","","","","","","","","","","","","","","","","0.000002201","","","","","","","2026-07-09T17:54:23.608Z","","","","","",""
"GPT-5.6","76zoi3XmpxzgjfVnHSpDY9jQx8As8ZREofAm4t3epump","61","4.4","","","","","","","","","","","","","","","","","0.000005614","","","","","","","2026-07-09T17:54:24.554Z","","","","","",""
"CET","DgmsXam2irUbsbX8Nb4m3R73BVThAQui8Xm4RtYfpump","66","0.100000001","","","","","","","","","","","","","","","","","0.000002112","","","","","","","2026-07-09T17:54:25.860Z","","","","","",""
"Frigger","FL44YYfhDEnaJMqZtPFreGfo7nJBMSUxXj3hvdcupump","","","","","","","","","","","","","","","","","","","","","","","","","0.000002184","","","","","","2026-07-09T17:55:20.577Z",""
"ZMAP","HqbnWBsGegmQysCZjxVv55W9rF1UYZXy5dy1dffjpump","","","","","","","","","","","","","","","","","","","","","","","","","5.208e-8","","","","","","2026-07-09T17:55:21.709Z",""
"CHAPLIN","7zLE4qm2tuoNjU5i1nzABKfmRh91AoMHi45CFd3dpump","85","3.456790121","","","","","","","","","","","","","","","","","0.000003451","","","","","","","2026-07-09T17:56:22.764Z","","","","","",""
"CORT","CUWqbtEFZ1f5gTbciYvaAR4dhn9w7HAUz11eEbJrpump","60","3.000000001","","","","","","","","","","","","","","","","","0.000003581","","","","","","","2026-07-09T17:56:23.543Z","","","","","",""
"BLAZE","6NieUiFB9NvxLunBqL9BwBK1WAdPtxuJse6d7wCFpump","68","3.083247688","","","","","","","","","","","","","","","","","0.000002188","","","","","","","2026-07-09T17:56:25.624Z","","","","","",""
"Frigga","531NaweCjvExLDgPwaaDkzhdbECBUUx9g91sPxhQpump","93","26.271604937","","","","","","","","","","","","","","","","","0.00001219","","","","","","","2026-07-09T17:57:19.558Z","","","","","",""
"GROW","5XB54bB6WPBPmiwK5yBP5ft4LvbQYBriqWENQdyxpump","58","1.679012344","","","","","","","","","","","","","","","","","0.000002182","","","","","","","2026-07-09T17:59:18.732Z","","","","","",""
"Boogify","AeGZtpkDvfaHn8ECG2Hyw8ofBjKmMufAkyhmm2DXpump","65","3.950617282","","","","","","","","","","","","","","","","","0.00000247","","","","","","","2026-07-09T17:59:20.565Z","","","","","",""
"GPT-5.6","48yLonDHhYQoadeVqWiiVc1eJUk7UiR5W8KPSxiLpump","56","2","","","","","","","","","","","","","","","","","0.000002284","","","","","","","2026-07-09T18:00:22.559Z","","","","","",""
"ASTERISM","EbjW9wtiEdw5gDQPN1DkJRaLHaqCukMXGDTQ9NE3pump","55","3.3","","","","","","","","","","","","","","","","","0.000002229","","","","","","","2026-07-09T18:01:22.552Z","","","","","",""
"Mythos2","HC8JGAe8gRZNCdf8sZTogDbVzyXzhzYkMQ8QnQ9dpump","63","3","","","","","","","","","","","","","","","","","0.000002221","","","","","","","2026-07-09T18:01:23.554Z","","","","","",""
"PRXN","FzgdgSNasET9vVj6FHsvjNAxMSf2xxuNtZy3mcQqpump","61","1.97530864","","","","","","","","","","","","","","","","","0.000003062","","","","","","","2026-07-09T18:01:24.549Z","","","","","",""
"LC2027","EMCyTiCwqNntCDE1XcRN5Pi7ENPe6tJt2cJyAgJQpump","99","1.500000001","","","","","","","","","","","","","","","","","0.00000244","","","","","","","2026-07-09T18:02:22.613Z","","","","","",""
"חיים","9yYn9e1EK32vhxumHxDPXx7EkLShjxkkhnVoTgvBpump","60","3","","","","","","","","","","","","","","","","","0.000002285","","","","","","","2026-07-09T18:02:24.556Z","","","","","",""
"JA","Et9Ek7EjQMZVFeQ78LGJHF1XTmwysYmL587rwXRUpump","57","2.000000001","","","","","","","","","","","","","","","","","0.00003767","","","","","","","2026-07-09T18:02:25.562Z","","","","","",""
"ENT","Dm2YarKPrek2z8S3ez8WH2V53imYxhcp8RHQKd3Kpump","","","","","","","","","","","","","","","","","","","","","","","","","0.000002225","","","","","","2026-07-09T18:03:22.592Z",""
"CASHROBIN","C8dDJgaPUSChJFLFSnHE9LszMuQrsTZ38EX9C9N9pump","68","3.083247688","","","","","","","","","","","","","","","","","0.000006302","","","","","","","2026-07-09T18:03:23.604Z","","","","","",""
"HOOD","FRe8SHxzZgD7RfsvffPMWUwagZu4K844tmreMatPpump","","","","","","","","","","","","","","","","","","","","","","","","","6.903e-8","","","","","","2026-07-09T18:03:24.559Z",""
"MINWAG777","C2JF4YCQqxpwCCEe9cj6kUMfQ1kz2edMceBBmj2ppump","59","10","","","","","","","","","","","","","","","","","0.000002481","","","","","","0.000002181","2026-07-09T18:03:25.559Z","","","","","2026-07-09T18:05:18.758Z",""
"Luna","DJotwJpBXgQ4BbLZdxJq1Bi7Vc8m6EAw8yNHih6Rpump","56","1.97530864","","","","","","","","","","","","","","","","","0.000002755","","","","","","","2026-07-09T18:04:22.638Z","","","","","",""
"JOE","2LVXGkZsdcDWo5nq66yhicmEMywQofyVYLa1wDmEpump","56","1.97530864","","","","","","","","","","","","","","","","","0.000002224","","","","","","","2026-07-09T18:04:23.695Z","","","","","",""
"Musk","SRnL45d52dcL5KNaMCtHf2K6u4hswFcecpEZ82Xpump","","","","","","","","","","","","","","","","","","","","","","","","","0.000001087","","","","","","2026-07-09T18:04:24.556Z",""
"three","A96TEesB3mqfRrnaTM8dQ77wcTfpvrp1Fd3D5Seqpump","61","1.97530864","","","","","","","","","","","","","","","","","0.000002184","","","","","","","2026-07-09T18:04:25.564Z","","","","","",""
"Musk","J9X9uQmkddH34SpWdi4exUdyTZjjm1RNb88iW1Kypump","","","","","","","","","","","","","","","","","","","","","","","","","8.01e-7","","","","","","2026-07-09T18:05:19.551Z",""
"Musk","9gU4gLV8DWKWYXvEnmkgnJgiVC2ALfpS1pA8pHE3pump","","","","","","","","","","","","","","","","","","","","","","","","","4.619e-7","","","","","","2026-07-09T18:06:22.556Z",""
"SOL","5UpTVNRKrhmNvBudusndUGogLZZxV4HsQpVGZeyrpump","64","2.5","","","","","","","","","","","","","","","","","0.000002181","","","","","","","2026-07-09T18:06:23.553Z","","","","","",""
"GUTS","GGidpxzGgBVZMnk9EKxBd5xKWBcpqgeECzzVdd8Zpump","64","2.469135801","","","","","","","","","","","","","","","","","0.00000349","","","","","","","2026-07-09T18:06:24.553Z","","","","","",""
"Musk","8Lby9vTAEisrJj7n5ocY4jHvJ5HPJ7PP4hAKJx1Cpump","","","","","","","","","","","","","","","","","","","","","","","","","5.852e-7","","","","","","2026-07-09T18:06:25.572Z",""
" ","7yhjKPrwfX9qjo9ByWbHg5dvGWvobiPJ8BjX9zXFpump","56","3.950617282","","","","","","","","","","","","","","","","","0.000002283","","","","","","","2026-07-09T18:07:22.618Z","","","","","",""
"Musk","DoPmJzbkxXfSCFB3egZWJkoqsKMDGz5VKvQWmhkSpump","","","","","","","","","","","","","","","","","","","","","","","","","5.849e-7","","","","","","2026-07-09T18:07:23.623Z",""
"hoodtard","HtgvxjJYRSeJLy3NUuZj2NwfmQ7vfX7UEWFke3Eopump","66","2.8","","","","","","","","","","","","","","","","","0.000002195","","","","","","","2026-07-09T18:07:24.574Z","","","","","",""
"JLS","EVB92caB7YP7aMD4eLjii3mKfwQ2m8iFvcc93aD4pump","67","3.000000001","","","","","","","","","","","","","","","","","0.000002674","","","","","","","2026-07-09T18:07:25.560Z","","","","","",""
"Musk","43nnYHw1mw2LrQocqyhSvSGHmCtpiqypmqnMMozipump","","","","","","","","","","","","","","","","","","","","","","","","","5.643e-7","","","","","","2026-07-09T18:08:22.589Z",""
"Musk","8vnncpV7j77yu3nAma7WajmgJEb1FQLd8AgeuJ7npump","","","","","","","","","","","","","","","","","","","","","","","","","8.855e-7","","","","","","2026-07-09T18:08:23.595Z",""
"Musk","SkgSww8vkSqraycMkgabXUikws7rPxiQJCeJWHZpump","","","","","","","","","","","","","","","","","","","","","","","","","3.547e-7","","","","","","2026-07-09T18:08:24.571Z",""
"Musk","9PWpsDDsVmJA1gfJKnfY8wALbbVuqfSb8WGe44Sgpump","","","","","","","","","","","","","","","","","","","","","","","","","2.701e-7","","","","","","2026-07-09T18:08:25.550Z",""
"USA","EtTaw9wMritsqdSt3isfvk136DEGt6yKpjTm6AcKpump","87","11.640002876","","","","","","","","","","","","","","","","","0.00001765","","","","","","","2026-07-09T18:09:20.557Z","","","","","",""
"Musk","87HvhAj1j5hbieMsAjCCeFCg7KGq8kMDf5CcLWXNpump","","","","","","","","","","","","","","","","","","","","","","","","","6.085e-7","","","","","","2026-07-09T18:09:21.576Z",""
"WW","JA5sbSzNMVyEjSVwEvN4EhQGEQZNehxeGiYyAK1ypump","86","12.410000001","","","","","","","","","","","","","","","","","0.000003482","","","","","","","2026-07-09T18:10:22.551Z","","","","","",""
"STREAMKILLER","4EJWNAZRDo8MDRnQuCGDsZppwBc8qj2D8hjMcaXLpump","58","3.5","","","","","","","","","","","","","","","","","0.000002188","","","","","","","2026-07-09T18:10:23.652Z","","","","","",""
"JEWGPT","CwZoG44SxdgRq9WTxFbW31vXWaaPK5fSTFFek3Pgpump","68","5","","","","","","","","","","","","","","","","","0.000002488","","","","","","","2026-07-09T18:10:24.658Z","","","","","",""
"CRISP","Drs4BunwVboEW97vdC8mXXxYGSLt9wX2jqDVrSpDpump","59","1.777777776","","","","","","","","","","","","","","","","","0.000003026","","","","","","","2026-07-09T18:10:25.557Z","","","","","",""
"Musk","9HJfYUpzaZWMetbr7HXjtgvN6LJRVBgrpqt6rn3pump","","","","","","","","","","","","","","","","","","","","","","","","","8.011e-7","","","","","","2026-07-09T18:11:22.822Z",""
"Musk","3fo8n5X6c1aq9XeYaFQB9FiBkBwugojJ2cPPmvS3pump","","","","","","","","","","","","","","","","","","","","","","","","","3.124e-7","","","","","","2026-07-09T18:11:23.039Z",""
"Musk","aDpT2EVncJQYisaCiSWPd5Q3MbiptosMJk85MuNpump","","","","","","","","","","","","","","","","","","","","","","","","","7.791e-7","","","","","","2026-07-09T18:11:24.545Z",""
"WW","3hrY3ULZUzLnEfFpDKcnd9kuiWnZdazeRTbnvEwrpump","","","","","","","","","","","","","","","","","","","","","","","","","2.457e-7","","","","","","2026-07-09T18:12:22.539Z",""
"Musk","ADup4csPCufu88nUSCj8J2vV3c5wkE1NfnVgNBskpump","","","","","","","","","","","","","","","","","","","","","","","","","3.076e-7","","","","","","2026-07-09T18:12:23.607Z",""
"Tula-Tu","4yGx9ie522s62uVdiq6ZpMqTSqKL6ag4ZMMGFmsupump","56","2","","","","","","","","","","","","","","","","","0.000002194","","","","","","","2026-07-09T18:12:24.582Z","","","","","",""
"WW","CXauZzJgtk2o9PKyhPigmsEUu2jf8Dov6s4wSYs9pump","","","","","","","","","","","","","","","","","","","","","","","","","0.000001394","","","","","","2026-07-09T18:12:25.549Z",""
"Musk","2VQFidkczW1eMtTgDLSzhyJ9Un61JsftoBAuVNRjpump","58","0.059259258","","","","","","","","","","","","","","","","","0.000001632","","","","","","","2026-07-09T18:13:22.555Z","","","","","",""
"solana","FTvuebj7Jn3orKATkdZsjTuDGQbDWQVh7EQgr4rDpump","","","","","","","","","","","","","","","","","","","","","","","","","3.666e-7","","","","","","2026-07-09T18:13:23.653Z",""
"Musk","8xSGvSvYiVGTEcCUx66BHEd2woCWQ5b55LbBjcyzpump","","","","","","","","","","","","","","","","","","","","","","","","","2.923e-7","","","","","","2026-07-09T18:13:24.565Z",""
"joe","A2ACNfh4cfd1me9cYjTDdqQE5RuaiTfQFvsoEAzZpump","62","2.200000001","","","","","","","","","","","","","","","","","0.00000252","","","","","","","2026-07-09T18:13:25.550Z","","","","","",""
"MOP","BwUpHRfCpF6dgPd1TUjH6KPxgq2j1RKQPAxBFax9pump","99","0.954000175","","","","","","","","","","","","","","","","","0.000002226","","","","","","","2026-07-09T18:14:22.545Z","","","","","",""
"WW","AQAMYvqw5DTZWtjZsuSBm2rZTUD4Xw8NJpHL9yXCpump","","","","","","","","","","","","","","","","","","","","","","","","","1.755e-7","","","","","","2026-07-09T18:14:24.572Z",""
"POPNIGGA","25BpjMjXXesc7EmNSnHoCuwWdMHwGxrJJZhfu1ZUpump","","","","","","","","","","","","","","","","","","","","","","","","","0.000002262","","","","","","2026-07-09T18:14:25.533Z",""
"Rizzler","CKe7LRN1L7Nt6RdEAkdy78iqfw1ZKKj6qPj333nzpump","67","2.962962961","","","","","","","","","","","","","","","","","0.000003059","","","","","","","2026-07-09T18:15:18.695Z","","","","","",""
"Musk","9csfEdQERDMhDHEXc4AnbK6ac8xhAZKm71h264uSpump","","","","","","","","","","","","","","","","","","","","","","","","","7.15e-7","","","","","","2026-07-09T18:15:20.706Z",""
"POPNIGGA","BZCAukvZY99Y4urX4AEPRV5JrgrRFfNyuD7rfXeYpump","87","11.85185185","","","","","","","","","","","","","","","","","0.00001986","","","","","","","2026-07-09T18:15:21.551Z","","","","","",""
"Musk","E4XTGXY4duW7kCGEkhhERJJsWieM3kHH4DFJd5ZFpump","","","","","","","","","","","","","","","","","","","","","","","","","8.403e-7","","","","","","2026-07-09T18:16:21.550Z",""
"CHAPLIN","EqGKaRbCg6Legm5j29r7D7LC7s9WR4nm99aSsdubpump","82","3.456790121","","","","","","","","","","","","","","","","","0.000002286","","","","","","","2026-07-09T18:16:22.556Z","","","","","",""
"CHADLY","77fVQTPCqvSZFjrD2VwCPzkoWktS1vdox5C9mvhme7ve","","","","","","","","","","","","","","","","","","","","","","","","","0.000002188","","","","","","2026-07-09T18:16:23.563Z",""
"棱角猫","EiBP5YvNqD8D8MQF8u8VZSx9M1FZwk4EP6heyYzhpump","100","0.9","","","","","","","","","","","","","","","","","0.00001119","","","","","","","2026-07-09T18:17:20.680Z","","","","","",""
"Manic","M2BGB89ZP5UgGzAKiYut5TMHsjVCvB5X15aP56apump","93","24","","","","","","","","","","","","","","","","","0.000008594","","","","","","","2026-07-09T18:17:21.573Z","","","","","",""
"GUTS","Bm3RyvBXZJRWrkw8REy8N9bfd4McPPkohfDVgx92pump","56","1.97530864","","","","","","","","","","","","","","","","","0.000002205","","","","","","","2026-07-09T18:18:22.557Z","","","","","",""
"Musk","Q9Wdnh91Xs1C5ZdkBQEJxSqGufLMco4bZ5sQ6sjpump","65","3.950617282","","","","","","","","","","","","","","","","","0.000008625","","","","","","","2026-07-09T18:18:23.546Z","","","","","",""
"WATCH","CFJq4BxE7ywYFyRwnJohAfWE4kAyvST2qu73YcJmpump","99","19.753086418","","","","","","","","","","","","","","","","","0.000006679","","","","","","","2026-07-09T18:18:24.534Z","","","","","",""
"Musk","29YxTcGMTw1GFTq5LoEFF1GBptV45q6pj6X8FX4spump","","","","","","","","","","","","","","","","","","","","","","","","","4.249e-7","","","","","","2026-07-09T18:18:25.554Z",""
"HIITL","9Y4yf5X3Pw5RxYB3SVkmsp6B5QsPCZtJeEb3r7fqnC4t","","","","","","","","","","","","","","","","","","","","","","","","","0.00000229","","","","","","2026-07-09T18:20:21.563Z",""
"GTC","5X88U7tJe81PAR6f7mg9UR1UzsMWeGdcCp7r2uDvpump","68","3.083247688","","","","","","","","","","","","","","","","","0.000002191","","","","","","","2026-07-09T18:20:22.543Z","","","","","",""
"ARTLANA","Dncn7MrgHC9hGoaFyw5SHu4h3VXPK5yfDguGeaRFpump","","","","","","","","","","","","","","","","","","","","","","","","","0.00000229","","","","","","2026-07-09T18:20:23.673Z",""
"FFP","CDqV3k9w4AHq2MBEKcMG8u8BMf4jdaj3s3CwEJUopump","","","","","","","","","","","","","","","","","","","","","","","","","0.000002052","","","","","","2026-07-09T18:21:21.555Z",""
"FFP","BWDiY9ePvdHoiQub1zYrctYYWJ4D5Bu5hhMXeBNwpump","","","","","","","","","","","","","","","","","","","","","","","","","0.000001279","","","","","","2026-07-09T18:21:23.613Z",""
"POPCASH","9a5qiPW1vrysUmEt717bp2A6zXLrnXG9qfEJNLCpump","55","1.395900925","","","","","","","","","","","","","","","","","0.0000027","","","","","","","2026-07-09T18:21:24.603Z","","","","","",""
"FFP","AbGYkvtWgmfraiKjQj7BLNmNY9mDY3s4MXtKb98Wpump","","","","","","","","","","","","","","","","","","","","","","","","","0.000001234","","","","","","2026-07-09T18:21:25.677Z",""
"FFP","2dx1RX9iWZew9w4DGa5PdtQuHQ6db16MB1Uf8vnfpump","","","","","","","","","","","","","","","","","","","","","","","","","9.52e-7","","","","","","2026-07-09T18:22:22.556Z",""
"FFP","gZLcvWUjX3KB5sxBSspnhJgczaybC2Med3AakKGpump","","","","","","","","","","","","","","","","","","","","","","","","","0.000001448","","","","","","2026-07-09T18:22:23.560Z",""
"PANDA","4pstvgwHyvbrartgoUVC7dBKUEXUaabUkob37HKspump","","","","","","","","","","","","","","","","","","","","","","","","","0.000002189","","","","","","2026-07-09T18:22:24.578Z",""
"FFP","S2zNvsGwMjaNJ1qVX3N32YDe4WBfT7S6G43ADZmpump","","","","","","","","","","","","","","","","","","","","","","","","","8.486e-7","","","","","","2026-07-09T18:22:25.556Z",""
"5.6","upuJH34h65zaUn8qrHDoJDbvWyh8z9BLQnv7HpJpump","67","5.530864196","","","","","","","","","","","","","","","","","0.000002401","","","","","","","2026-07-09T18:23:22.543Z","","","","","",""
"FFP","J9b8vu1g7UQfHUKQTMs4epzMwr2ptzoebHuftUFRpump","74","15","","","","","","","","","","","","","","","","","0.000003408","","","","","","","2026-07-09T18:23:23.609Z","","","","","",""
"FFP","DneB8e975LSmqWYrH3qDZEwCX3bb5qRyCAMKqxVapump","74","15","","","","","","","","","","","","","","","","","0.000003369","","","","","","","2026-07-09T18:23:24.552Z","","","","","",""
"Cupriavidus","6zwbmUwFGKzANU5yLMiF58YZRVAg7QQGaSZjwBMApump","65","5","","","","","","","","","","","","","","","","","0.000002188","","","","","","","2026-07-09T18:23:25.694Z","","","","","",""
"FFP","GCrGZskUdxqKTEG7gEeDQ6hkGe2K8F3e9AWtv3D9pump","","","","","","","","","","","","","","","","","","","","","","","","","0.00000174","","","","","","2026-07-09T18:24:22.544Z",""
"RESET","12aLxEepx8GdmdehxMKHm3GZQBLejdQExHX1bcnSpump","56","1.455445543","","","","","","","","","","","","","","","","","0.000004738","","","","","","","2026-07-09T18:24:23.569Z","","","","","",""
"CAT","CxACiGKGw6pcPYm4qkPwFw6TJrn6v9aBs2yxrHHApump","62","2.15264","","","","","","","","","","","","","","","","","0.00001324","","","","","","","2026-07-09T18:24:24.693Z","","","","","",""
"5.6","5Y9nvXC5hYTiHaNu3KtVCCPiV6s9ftS62nfS8dmCpump","","","","","","","","","","","","","","","","","","","","","","","","","5.122e-7","","","","","","2026-07-09T18:24:25.563Z",""
"FFP","FDxVevnRfodahAkh3Ra5tXCQhMnZbBWiBmRKuE7Gpump","","","","","","","","","","","","","","","","","","","","","","","","","0.000001758","","","","","","2026-07-09T18:25:22.568Z",""
"FFP","2Z792n9Jjk3orNM94yQPnboV9iK2AM2G2pMSermCpump","","","","","","","","","","","","","","","","","","","","","","","","","3.266e-7","","","","","","2026-07-09T18:25:23.563Z",""
"FFP","CjJa7uGkRLypbxcEPBs4KzV6oU8Gc7XzuKCSmzSPpump","","","","","","","","","","","","","","","","","","","","","","","","","3.853e-7","","","","","","2026-07-09T18:25:24.607Z",""
"FFP","7TPM5zmv69ubpvuZoVnsFWuk4skfaMG8acbzGrncpump","","","","","","","","","","","","","","","","","","","","","","","","","0.000001581","","","","","","2026-07-09T18:25:25.579Z",""
"FFP","4GGfQcxKmXEfn8n3EXnTUXYW8E2KuHpy1eYL48agpump","","","","","","","","","","","","","","","","","","","","","","","","","0.000001933","","","","","","2026-07-09T18:26:22.633Z",""
"FFP","HojMdAqaQzFH1uZHjEZZvYTKqSuWTgozU8uYwVuypump","","","","","","","","","","","","","","","","","","","","","","","","","7.349e-7","","","","","","2026-07-09T18:26:23.839Z",""
"FFP","GGVmpmiTvmLovZyUnUVd4R6ysj6byqNCo49qRvkepump","","","","","","","","","","","","","","","","","","","","","","","","","0.000001129","","","","","","2026-07-09T18:26:24.092Z",""
"EdenEarth","7NGZDiatNtMepr63FYqCDyeNCrhaaez8cdhZXfAMpump","56","2.000000001","","","","","","","","","","","","","","","","","0.000002526","","","","","","","2026-07-09T18:26:24.580Z","","","","","",""
"FFP","47X8NQnvbqonWY87Jv1wEe85RddPqn9Uw74SLaXjpump","","","","","","","","","","","","","","","","","","","","","","","","","0.000001561","","","","","","2026-07-09T18:27:22.558Z",""
"BAGPAD","iASCxq4TPztNd47vFHsmywDtZBqEEgqyy3TdM7Tpump","56","1.512106345","","","","","","","","","","","","","","","","","0.000002189","","","","","","","2026-07-09T18:27:23.556Z","","","","","",""
"FFP","21r8KFAeVzvRkPe8dKZHSJbSAzA4WcgiSKMbJknfpump","","","","","","","","","","","","","","","","","","","","","","","","","9.339e-7","","","","","","2026-07-09T18:27:24.567Z",""
"FFP","2w8K3iJg3jjmgCUsFQHuvDo791cGoeMet4esjCPKpump","","","","","","","","","","","","","","","","","","","","","","","","","3.341e-7","","","","","","2026-07-09T18:27:25.681Z",""
"FFP","3e6uv7cXh5NQ55XYeynTsayTynU1xpxwpxLEeQBRpump","","","","","","","","","","","","","","","","","","","","","","","","","3.999e-7","","","","","","2026-07-09T18:28:22.538Z",""
"5.6","2QZoEvVvu5iAu7UXM5D6mfw1mzA6ACKkE7EpohPRpump","","","","","","","","","","","","","","","","","","","","","","","","","9.902e-7","","","","","","2026-07-09T18:28:23.545Z",""
"FFP","8zzwS6xmQo6cAsgD8bGN2ahhArRNMprJAvM6QvBzpump","","","","","","","","","","","","","","","","","","","","","","","","","0.000002573","","","","","","2026-07-09T18:28:24.527Z",""
"FFP","44xpiWWDUsUsWTv4DXjqepm79S7y8LyrWDwFaDJbpump","","","","","","","","","","","","","","","","","","","","","","","","","6.309e-7","","","","","","2026-07-09T18:28:25.622Z",""
"GUTS","2ArjbuALcrDDd68nyjv7qBTTc8gYA21zvvhjzvZWpump","60","2.962962961","","","","","","","","","","","","","","","","","0.000004262","","","","","","","2026-07-09T18:29:22.538Z","","","","","",""
"Rocket","G3hiH51EK2R2Kd9iHoR4753vWG5vEjaJ2iWVKExbpump","65","3.950617282","","","","","","","","","","","","","","","","","0.000003059","","","","","","","2026-07-09T18:29:23.548Z","","","","","",""
"FFP","H9kj2WLQtJ2Rk8yhT5C9fCYvdkYPDpbAhGyTr5sSpump","","","","","","","","","","","","","","","","","","","","","","","","","5.942e-7","","","","","","2026-07-09T18:29:24.546Z",""
"FFP","9gMnnemEMJNuxoQKw6VR3PD5beFPjYxE888M7Qkwpump","","","","","","","","","","","","","","","","","","","","","","","","","0.000001222","","","","","","2026-07-09T18:29:25.542Z",""
"BURN","mnUyYcTMw6ncr6uNankGRCT255sqkTuvjyecnEKpump","57","1.560519842","","","","","","","","","","","","","","","","","0.0000022","","","","","","","2026-07-09T18:30:22.536Z","","","","","",""
"$MAX","F7n6WNFRQs1F4nudyRhec8o35Nw9PEXbnK1HBonJpump","62","0.500000001","","","","","","","","","","","","","","","","","0.000002992","","","","","","","2026-07-09T18:30:23.548Z","","","","","",""
"R&B","7HAQitxdPJxUaL1oq5KMLz8rCksF2t79a2FjuRaXpump","","","","","","","","","","","","","","","","","","","","","","","","","4.228e-7","","","","","","2026-07-09T18:30:24.558Z",""
"FFP","7kzUMSfGbp6WJW5oZBakhrreVhurgrqzsC3vgyE3pump","","","","","","","","","","","","","","","","","","","","","","","","","0.000001245","","","","","","2026-07-09T18:30:25.536Z",""
"FFP","ACndnid7CnRojr7C7qZoTekTWS1ii3MqTcj7eHYPpump","","","","","","","","","","","","","","","","","","","","","","","","","3.387e-7","","","","","","2026-07-09T18:31:22.566Z",""
"sneed","ByT4FvywkkSngKxtz1KtvogoUBe2sQPSGMAfMQmRpump","67","2.93","","","","","","","","","","","","","","","","","0.000002639","","","","","","","2026-07-09T18:31:23.541Z","","","","","",""
"FFP","4SnkzcJaTL1xTEeTydqcjYLUuhx6W7kCKWFePxPupump","","","","","","","","","","","","","","","","","","","","","","","","","8.544e-7","","","","","","2026-07-09T18:31:25.603Z",""
"YAGIZBOT","DU6drNTHnmzEdAu5PZkUhAHmFSjyuxzoESHK9zyNpump","82","10","","","","","","","","","","","","","","","","","0.000002356","","","","","","","2026-07-09T18:32:22.587Z","","","","","",""
"PIGLET","EGvtrZEbf97QXY29YQcTgQQSqHjAxbKiTieQpMkpump","","","","","","","","","","","","","","","","","","","","","","","","","0.000002288","","","","","","2026-07-09T18:32:23.549Z",""
"Clippy","AncFDyLei2m8sTJQcNrzN8nmE8YochRouFyJfZXZpump","58","3.3","","","","","","","","","","","","","","","","","0.000002186","","","","","","","2026-07-09T18:32:24.570Z","","","","","",""
"PANDA","HNEyivgEJLUdZUrM9kRyajBjW2uEssk2Rv7eZiURpump","88","21.669341894","","","","","","","","","","","","","","","","","0.000007028","","","","","","","2026-07-09T18:32:25.540Z","","","","","",""
" ","FPGxm2jQ1LzXTWpDk8dedghBsUV5M3ic5dJc9tVGpump","","","","","","","","","","","","","","","","","","","","","","","","","2.442e-7","","","","","","2026-07-09T18:33:22.938Z",""
"Twin","7iQVWwSuZGMngEQ2d1DCMofZGqsivNhDNvDkbuE7Bayp","","","","","","","","","","","","","","","","","","","","","","","","","0.000002227","","","","","","2026-07-09T18:33:23.527Z",""
"$MAX","9vLUZANCS6DKYNfnC2SqXa2mnQqb3f9La9gzXrkcpump","","","","","","","","","","","","","","","","","","","","","","","","","2.726e-8","","","","","","2026-07-09T18:33:24.552Z",""
"TWIN","F9oMjMHtZN1Z9AH1s25DFjvhb9TAzL1SJS8Tk1xpump","63","7","","","","","","","","","","","","","","","","","0.000002227","","","","","","","2026-07-09T18:33:25.567Z","","","","","",""
"codex","Gdaq7kq5Xz4a8Ysyhamj7j7EbEPSiDMsZJQc5Q6dyjGM","","","","","","","","","","","","","","","","","","","","","","","","","0.000002185","","","","","","2026-07-09T18:34:19.589Z",""
" ","5EBiV86Qq33crpaW9pJpwrA77jxVbJfAANczf7Bbpump","","","","","","","","","","","","","","","","","","","","","","","","","2.153e-7","","","","","","2026-07-09T18:35:19.595Z",""
" ","CNdUaambrrXEEjk9wS49JNQfLFPQwFf6fmVN61HHpump","","","","","","","","","","","","","","","","","","","","","","","","","1.797e-7","","","","","","2026-07-09T18:36:19.670Z",""
"1drop","BXpfRNDCMEvZGkRTymD3VgjskuiZHuVguFU1dZjwpump","60","4.938271603","","","","","","","","","","","","","","","","","0.000002183","","","","","","","2026-07-09T18:38:22.549Z","","","","","",""
"roben","DEMRqABz8H35TgnQ1poc3KRU4HtHqhPY4sakbVYnXXG6","61","2","","","","","","","","","","","","","","","","","0.000004655","","","","","","","2026-07-09T18:38:24.103Z","","","","","",""
"BILLCOIN","jNdvBpzBSfYmejAor4hY9EtpdukbXcUMCwQ1cvgpump","61","1.97530864","","","","","","","","","","","","","","","","","0.000002249","","","","","","","2026-07-09T18:38:24.331Z","","","","","",""
"PUMP","4JJyGifzajUTRLsdrc7Q2Rh9J19dMY6CqRBNmguSpump","61","1.97530864","","","","","","","","","","","","","","","","","0.000002183","","","","","","","2026-07-09T18:38:25.563Z","","","","","",""
"TUM","FNtVZNt1CeXGGZAVVmF6fJKWH2UsH1uw62uiycEzpump","","","","","","","","","","","","","","","","","","","","","","","","","1.247e-7","","","","","","2026-07-09T18:39:22.535Z",""
"WETNOSE","9t3878ek2oEQ9xSnxTZQWvkmcUwQDnUY85ZwNh4Ypump","","","","","","","","","","","","","","","","","","","","","","","","","5.811e-7","","","","","","2026-07-09T18:39:23.532Z",""
"BRICKED","2JWH5ygr3VqNy2Vvyg3VFDYxtthJfNsoJMpmTzmLpump","63","2.962962961","","","","","","","","","","","","","","","","","0.000006147","","","","","","","2026-07-09T18:40:19.649Z","","","","","",""
"PYLONA","GCumJjAoQc9iH8GyX44ZiHzALx8r7gk2sUMsJRVMpump","68","3.083247688","","","","","","","","","","","","","","","","","0.000002184","","","","","","","2026-07-09T18:41:22.532Z","","","","","",""
"SD","4LZMt6itEqMFPeXpi3wjr4Hs75H8GCXzEZq5skp4pump","","","","","","","","","","","","","","","","","","","","","","","","","1.096e-7","","","","","","2026-07-09T18:41:24.534Z",""
"screaming","8dHAoYtTqrHX4XmYp7r3D4MRaHaZGcxwd49GcQ5Rpump","56","3.456790121","","","","","","","","","","","","","","","","","0.000005655","","","","","","","2026-07-09T18:41:25.532Z","","","","","",""
"ANSUNA","Hzn5fBTrEBAuKihLbLsVroryoLyzE1XKVDXDMUs2pump","","","","","","","","","","","","","","","","","","","","","","","","","9.756e-8","","","","","","2026-07-09T18:42:22.557Z",""
"mlem","7XY28ML5hhr8vLvUTMAoMqrKhbAjrMtuY484A4yvpump","72","3.950617282","","","","","","","","","","","","","","","","","0.000005509","","","","","","","2026-07-09T18:42:23.529Z","","","","","",""
"KP","EAUAogjTLg5g5qGnk7QUGzStWErWQLwvK2ScZQhepump","57","0.250000001","","","","","","","","","","","","","","","","","0.000006226","","","","","","","2026-07-09T18:42:24.519Z","","","","","",""
"nubcat","8onw5zZkuetaPkQHPYErsWp62u7CWJDYkqVAoYwYpump","57","2.200000001","","","","","","","","","","","","","","","","","0.000002184","","","","","","","2026-07-09T18:42:25.526Z","","","","","",""
"ANSEM+","8YtkQdKpK81sRpNdJ3tvS2XiCkJLaW8i8vtwJ27Apump","75","4.938271603","","","","","","","","","","","","","","","","","0.000003005","","","","","","","2026-07-09T18:43:22.574Z","","","","","",""
"ORACLE","7TvocCuuiTevn98DVq6GvzYxeFjd6DfE4vTJ8heEpump","56","1.48148148","","","","","","","","","","","","","","","","","0.000003149","","","","","","","2026-07-09T18:43:23.535Z","","","","","",""
"boogie","DTb3pi58y34JSdSyPBC67FQWk2tpPveQ1LfPpREPpump","","","","","","","","","","","","","","","","","","","","","","","","","8.474e-7","","","","","","2026-07-09T18:44:22.550Z",""
"CHUCK","HQ8dW94t6LcQwk4zGyUQCfPBk2PYgzEyXsUQ6JSPpump","","","","","","","","","","","","","","","","","","","","","","","","","3.521e-7","","","","","","2026-07-09T18:44:23.554Z",""
"PARIS","4RguG3QXxFgsRELTQUBBGuKbZPEcTXam2xZ4WuTypump","58","4","","","","","","","","","","","","","","","","","0.000002248","","","","","","","2026-07-09T18:44:24.546Z","","","","","",""
"Perchi","3omHezKNDYqsJ2ZTGzRw3dJCvzDxieWPWky7qQfPpump","67","2.89","","","","","","","","","","","","","","","","","0.000002185","","","","","","","2026-07-09T18:44:25.542Z","","","","","",""
"BULLBANK","6UYwuiZbVzFvHE4rTPwBzsA7rizf3Lrvq6oJ4irHMBmM","67","2.962962961","","","","","","","","","","","","","","","","","0.000002255","","","","","","","2026-07-09T18:45:22.567Z","","","","","",""
"$MAX","UJyXPshpfFiFTQmzFcn79zwhaq5P9Wvfa1mD4eZpump","57","1.000000001","","","","","","","","","","","","","","","","","0.000002725","","","","","","","2026-07-09T18:45:23.524Z","","","","","",""
"screaming","787LcccjJ9EF3ZSf2ghJ5Trwi5FaMB7E9yTrNHRspump","57","3.950617282","","","","","","","","","","","","","","","","","0.000002198","","","","","","","2026-07-09T18:45:24.531Z","","","","","",""
"棱角猫","2mdxBgN5cJpASru2UFcrHkySujzBYoJoaR96K9YUpump","","","","","","","","","","","","","","","","","","","","","","","","","0.000001081","","","","","","2026-07-09T18:45:25.648Z",""
"BTC","9fjzborj9MnWobgpwSH8kRUYjD3rz1CqKtn6mvf3pump","73","15","","","","","","","","","","","","","","","","","0.0000031","","","","","","","2026-07-09T18:46:21.593Z","","","","","",""
"BTC","3m7D9ii5ewLuyjLbCSaA1W4vmkrnvSDgtQKzDmqqpump","","","","","","","","","","","","","","","","","","","","","","","","","2.757e-7","","","","","","2026-07-09T18:46:22.580Z",""
"BluffAI","2pewWpweyJxJzoFVdsnZaxRxB8oGQCXf4baoLei5pump","95","34.567901233","","","","","","","","","","","","","","","","","0.00001032","","","","","","","2026-07-09T18:46:23.529Z","","","","","",""
"BTC","2hmqZ8cJxQ9RKB7oU2zVdotJ9McT2Qt5nVR84DTvpump","60","8","","","","","","","","","","","","","","","","","0.000003614","","","","","","","2026-07-09T18:47:21.574Z","","","","","",""
"Sped","2dAt9BMxpNDnzBo32VuR8MXEypVzuZwQj3ZCn8xVpump","64","2.370370369","","","","","","","","","","","","","","","","","0.000003199","","","","","","","2026-07-09T18:47:22.582Z","","","","","",""
"BTC","24AwdgwtiV6R5qHddXovuL6TmfJA34zS5qHkwjYmpump","","","","","","","","","","","","","","","","","","","","","","","","","7.159e-7","","","","","","2026-07-09T18:47:23.594Z",""
"BTC","CoH5bnpARAEFjfyd19CXg5jpznySDQA8JVvgRnfspump","60","8","","","","","","","","","","","","","","","","","0.000002271","","","","","","","2026-07-09T18:47:24.576Z","","","","","",""
"棱角猫","HZamRCzxFBJi3VRVc1YxTKW48mF717vKQH1YTerDpump","","","","","","","","","","","","","","","","","","","","","","","","","4.702e-7","","","","","","2026-07-09T18:48:22.553Z",""
"BTC","9TzVyrR8qCUAvfxzTDEti8Po1HEv8kxPnENnLNJMpump","","","","","","","","","","","","","","","","","","","","","","","","","0.000001623","","","","","","2026-07-09T18:48:23.601Z",""
"BTC","EZWfiS5meoEviWBervXXPDWmvTbAEBhCq3uBqHsapump","","","","","","","","","","","","","","","","","","","","","","","","","5.303e-7","","","","","","2026-07-09T18:48:24.528Z",""
"Mochi","JJYR3xgoA2AMucwMoEnkTyTMDSKBNSukuPgph8apump","","","","","","","","","","","","","","","","","","","","","","","","","3.662e-7","","","","","","2026-07-09T18:48:25.562Z",""
"$MAX","8fxPwAighdQYtMKbgMuFMfKsoFMLg9ryQCPSvG3fpump","","","","","","","","","","","","","","","","","","","","","","","","","8.577e-7","","","","","","2026-07-09T18:49:22.523Z",""
"shaq","HuPJBp77evzXKGqK4ZzjJV1rqxgc1Jzfaf9kX4Zqpump","","","","","","","","","","","","","","","","","","","","","","","","","2.533e-7","","","","","","2026-07-09T18:49:23.527Z",""
"BTC","E1CGHTE5JspfyCgYdau9VPpgwvcUMoAQ18G4xcu5pump","","","","","","","","","","","","","","","","","","","","","","","","","6.004e-7","","","","","","2026-07-09T18:49:24.531Z",""
"screaming","3b6nchRBUGUwTgpYDZnDkKwihJFDyFN89FqQhNwqpump","63","5","","","","","","","","","","","","","","","","","0.000002186","","","","","","","2026-07-09T18:49:25.532Z","","","","","",""
"BTC","2VaLcNUH5fJHjYxtSoF1ebmkqm3Awwu1YEfh55uMpump","","","","","","","","","","","","","","","","","","","","","","","","","0.000001629","","","","","","2026-07-09T18:50:19.514Z",""
"Mochi","EKdLc5xxjR1LpkSmLV21VfyQvTFukvqcAY4Kzvb5pump","78","0.059259258","","","","","","","","","","","","","","","","","0.000002497","","","","","","","2026-07-09T18:51:21.522Z","","","","","",""
"BTC","8yf7Y2yY45veBkp1t97N3GapPjWtQbet4MYLiMthpump","","","","","","","","","","","","","","","","","","","","","","","","","0.000001563","","","","","","2026-07-09T18:51:22.527Z",""
"FROGCAT","3u38L2dQxD8dAiFuEJmcKibdcHm4Hxz3Xz23bJM3pump","89","14.814814813","","","","","","","","","","","","","","","","","0.000004875","","","","","","","2026-07-09T18:51:23.614Z","","","","","",""
"BTC","3jKFcj3CrP9JZNpFtswkrJenFCenTff1whU4HAaCpump","","","","","","","","","","","","","","","","","","","","","","","","","0.000001769","","","","","","2026-07-09T18:52:22.855Z",""
"robinhood","9LC7MNuvUvDbQrqhLnHMqg5vovqRffRBn1LNnoPSpump","","","","","","","","","","","","","","","","","","","","","","","","","2.812e-7","","","","","","2026-07-09T18:52:23.076Z",""
"BTC","dNVzgWN5vJ4sppmRAR1FWMPKH5c8xgVFSnybUQvpump","","","","","","","","","","","","","","","","","","","","","","","","","0.000001492","","","","","","2026-07-09T18:52:23.527Z",""
"SOLBOUND","BkAAYrxVhT5M83Zu7ag2bPb7nehVucNirHQiHAnGpump","61","1.97530864","","","","","","","","","","","","","","","","","0.000003286","","","","","","","2026-07-09T18:52:24.530Z","","","","","",""
"DROOLSOL","7Y86HGokuVVTHnCqwdcNJBhayVaQFUdrY4j7RuDXpump","100","0.326862559","","","","","","","","","","","","","","","","","0.00001455","","","","","","","2026-07-09T18:53:22.516Z","","","","","",""
"robinhood","9Kmuv88wq3rHJD1sobNXM1cZAE7iUjyqpgbGdMhEpump","","","","","","","","","","","","","","","","","","","","","","","","","7.118e-7","","","","","","2026-07-09T18:53:23.573Z",""
"BTC","EtABztAHG96r8TsW9zydZntVzoqVckkgBpMnX7ZCpump","","","","","","","","","","","","","","","","","","","","","","","","","8.087e-7","","","","","","2026-07-09T18:53:24.522Z",""
"BTC","BbXrGRfDLAPaNGXpbwppbL4VvB5mBguzdBM6zQM5pump","60","8","","","","","","","","","","","","","","","","","0.00004619","","","","","","","2026-07-09T18:53:25.577Z","","","","","",""
"screaming","45e646fLxoT47KiPvvsD4k2V7szKh5svMbb7qDrrpump","","","","","","","","","","","","","","","","","","","","","","","","","0.000002257","","","","","","2026-07-09T18:54:22.547Z",""
"neo","55eFmXdjZicXGsGLwNVohVeNCXNvsKrp9YQRUBPFpump","","","","","","","","","","","","","","","","","","","","","","","","","0.000003176","","","","","","2026-07-09T18:54:23.582Z",""
"BTC","EGpSnvFFoMWC5mzXJiUHDL5K7vg2MD5J1kiQ4LR5pump","","","","","","","","","","","","","","","","","","","","","","","","","8.418e-7","","","","","","2026-07-09T18:54:24.542Z",""
"hood","C3mwYsAt53XF7Ef9ADP8KpEo8B2oHm9Znc3qz6QQpump","61","2","","","","","","","","","","","","","","","","","0.000002184","","","","","","","2026-07-09T18:54:25.543Z","","","","","",""
"BTC","FwN5dVomEda2w3EZViN3fJwxrAhGTXnDeDGFG99opump","","","","","","","","","","","","","","","","","","","","","","","","","0.000001763","","","","","","2026-07-09T18:55:22.537Z",""
"BTC","xiEf51sqtjoCPby2gUv8m4HBJXPfkydTo2xDV42pump","","","","","","","","","","","","","","","","","","","","","","","","","0.000001439","","","","","","2026-07-09T18:55:23.556Z",""
"BABYANSEM","3M2SREAQvP8F1dW5LN5eckHQwbeg8SfqdAvNFrmKpump","64","2.469135801","","","","","","","","","","","","","","","","","0.000002556","","","","","","","2026-07-09T18:55:24.535Z","","","","","",""
"BTC","HbU1aRqMQWZCte81A6xwC2oYzgqJVE4sRYrUDvjtpump","60","8","","","","","","","","","","","","","","","","","0.000002577","","","","","","","2026-07-09T18:55:25.589Z","","","","","",""
"ARCOS","C6VvoxZfRLz8AKWQtJEVBvgwkabynMr5E4aJBjoFpump","68","3.083247688","","","","","","","","","","","","","","","","","0.000002183","","","","","","","2026-07-09T18:56:22.525Z","","","","","",""
"BTC","FRPXfjajHH7Ab5nqduDV1JXSwpQD8uJnyYwnZgEmpump","","","","","","","","","","","","","","","","","","","","","","","","","8.366e-7","","","","","","2026-07-09T18:56:23.535Z",""
"BTC","HVfNb9KFoLL78vDL6bvvh2DDw8VCwhTqpoYCa4whpump","","","","","","","","","","","","","","","","","","","","","","","","","9.226e-7","","","","","","2026-07-09T18:56:24.589Z",""
"inkky","614vRNEQDmrTQffXnJarjbSA8sPUoYXyhRwDtVdrpump","66","4.938271603","","","","","","","","","","","","","","","","","0.000006639","","","","","","","2026-07-09T18:56:25.586Z","","","","","",""
"BTC","4S4Ay7wKSFAEJqrM8maKBfmQWT31T254U7ptBi2xpump","","","","","","","","","","","","","","","","","","","","","","","","","2.373e-7","","","","","","2026-07-09T18:57:22.537Z",""
"BULBA","Cx1Lyny32tu7MFrSj99tfV6JHsV4GgNkPzZG2mZzpump","","","","","","","","","","","","","","","","","","","","","","","","","6.315e-7","","","","","","2026-07-09T18:57:23.526Z",""
"BTC","7vWR5BybWRy2fEFySjudDk6UAPnJUiN8iKafkkPnpump","","","","","","","","","","","","","","","","","","","","","","","","","0.000001166","","","","","","2026-07-09T18:57:24.554Z",""
"FANDUEL","6gPGJvpDaW57udSX5uNpHL7Sni9XAhDYhuc5DC1Cpump","56","0.98765432","","","","","","","","","","","","","","","","","0.000002183","","","","","","","2026-07-09T18:57:25.527Z","","","","","",""
"BTC","3jcrhrLPXy62ufrTPrKfcsWE33dDiDSEyPDZBSTBpump","","","","","","","","","","","","","","","","","","","","","","","","","3.108e-7","","","","","","2026-07-09T18:58:22.534Z",""
"BTC","B6ZbVNw9RepTXEBgJ64EfJ6uefKytuFiBShvFCdVpump","73","15","","","","","","","","","","","","","","","","","0.000002967","","","","","","","2026-07-09T18:58:24.519Z","","","","","",""
"ANSUNA","E3QRbZphDqmd65hd3wURLDB8aKTT5Fca8xwyd3pRpump","","","","","","","","","","","","","","","","","","","","","","","","","4.288e-7","","","","","","2026-07-09T18:58:25.648Z",""
"neo","2sE5DQv8JQf3R5yAYXVqVbvWqGzcDusieTtY6w95pump","82","0.150000001","","","","","","","","","","","","","","","","","0.000002447","","","","","","","2026-07-09T18:59:22.513Z","","","","","",""
"BTC","AzMtj7u4qpHd1sy4EKtcW2ERK453aVejL8DYnJHxpump","73","15","","","","","","","","","","","","","","","","","0.000003122","","","","","","","2026-07-09T18:59:23.521Z","","","","","",""
"I","EMkQZ9Bmi1SKofHt6dzYHQrKDsp6EJWJDdY7r99wpump","60","4.938271603","","","","","","","","","","","","","","","","","0.000002768","","","","","","","2026-07-09T18:59:24.526Z","","","","","",""
"Fanduel","8Jt2AD2Z1xo6u2iPtT7oggCJgdNjoXewHRKDBiZspump","","","","","","","","","","","","","","","","","","","","","","","","","0.000002186","","","","","","2026-07-09T18:59:25.532Z",""
"Ninja","GZtUuMRxwTafv9nXMRsZqmaNhGDW5yva2h6rt6ZWpump","66","3.600000001","","","","","","","","","","","","","","","","","0.000002752","","","","","","","2026-07-09T19:00:23.533Z","","","","","",""
"BTC","DpxPbE661eBcipQWx4gnGnniwbDGgpMoepr8p5XVpump","","","","","","","","","","","","","","","","","","","","","","","","","5.35e-7","","","","","","2026-07-09T19:00:24.521Z",""
"FON","HxgDaQUbkEVE8j7SNq9U67ffYBhtbMSL19T3ZVGUpump","96","14.814814813","","","","","","","","","","","","","","","","","0.00001665","","","","","","","2026-07-09T19:00:25.539Z","","","","","",""
"CODEX","FQ2nnA1aMAjeX1z4nj2NaXceVM6o1siTqfNe4JqKvQu7","","","","","","","","","","","","","","","","","","","","","","","","","0.000002186","","","","","","2026-07-09T19:01:21.025Z",""
"Fanduel","HDRd3y5KsdY6MTcGwgdLnRxueRqG3CrwjQ92fVyJpump","64","2.962962961","","","","","","","","","","","","","","","","","0.000002184","","","","","","","2026-07-09T19:01:21.566Z","","","","","",""
"BTC","4HVV258xaESHcNrfqaXE1UKvKZ3ho9ok8fguivsPpump","","","","","","","","","","","","","","","","","","","","","","","","","3.709e-7","","","","","","2026-07-09T19:01:22.512Z",""
"Fanduel","GsrgNLHBu4RkNrnYgE27UuFAubLD7AMaKHL2n6ckpump","62","2.962962961","","","","","","","","","","","","","","","","","0.000006095","","","","","","","2026-07-09T19:02:21.520Z","","","","","",""
"DINNR","4kPK3syMkx8a3b93CttEefkd6zkP1aFhNW1JQ8ADpump","55","1.382716048","","","","","","","","","","","","","","","","","0.000002453","","","","","","","2026-07-09T19:02:22.547Z","","","","","",""
"ENGINEERING","2i1kCkxEy4o1aaUu6frG5G5hv7W2cTfRLLbBSeFYpump","81","8","","","","","","","","","","","","","","","","","0.00002107","","","","","","","2026-07-09T19:02:23.637Z","","","","","",""
"ENGINEERING","E3QqPcrmjeX3fDbrqXEaNRPwC5VLWttFmUTBpgSFpump","69","4","","","","","","","","","","","","","","","","","0.00000334","","","","","","","2026-07-09T19:03:22.523Z","","","","","",""
"ENGINEERING","6FsQzwnZuUc2gwctAgrDe2LgEPqoUc2jxpimBL2spump","","","","","","","","","","","","","","","","","","","","","","","","","0.000001195","","","","","","2026-07-09T19:03:23.561Z",""
"KYLIAN","AFkAmFeDm4skPC1pHUZLZrt6Gbg4NoBpBA2b3k26pump","59","5","","","","","","","","","","","","","","","","","0.000002286","","","","","","","2026-07-09T19:03:24.525Z","","","","","",""
"ENGINEERING","B478c5BBYjJbjia3UWNYbPxjW8scs7FCUHUXnKt8pump","","","","","","","","","","","","","","","","","","","","","","","","","0.000001109","","","","","","2026-07-09T19:03:25.522Z",""
"Raccoon","H5zcFDanyakd8U31iy2gXeMQ5crqLAWC8cHtqxsSpump","97","14.814814813","","","","","","","","","","","","","","","","","0.000004697","","","","","","","2026-07-09T19:04:22.518Z","","","","","",""
"ENGINEERING","Ahfyy3r5jzPDsgNFsKK7YS1AsmrrdrHJhAKehn8Apump","79","8","","","","","","","","","","","","","","","","","0.000002363","","","","","","","2026-07-09T19:04:23.530Z","","","","","",""
"ENGINEERING","DKgFZY8NVCDeCf8bvpbAhuKb2jj5efXX37r3L23Gpump","","","","","","","","","","","","","","","","","","","","","","","","","7.147e-7","","","","","","2026-07-09T19:04:24.517Z",""
"ENGINEERING","9XvXnr6U3FNhQzPeSfoybEnxz8jKyXvVQUDg3N2Kpump","","","","","","","","","","","","","","","","","","","","","","","","","9.967e-7","","","","","","2026-07-09T19:05:21.550Z",""
"ENGINEERING","DGyCo4ATs9CyqBebPCuPgCqDMzxssmFwhDP5qr23pump","","","","","","","","","","","","","","","","","","","","","","","","","0.000001051","","","","","","2026-07-09T19:05:22.517Z",""
"ENGINEERING","CXwygRVVmng6KFAUSLtUT5KSPRxJspfHp161XU71pump","","","","","","","","","","","","","","","","","","","","","","","","","0.000001931","","","","","","2026-07-09T19:05:23.531Z",""
"Yamato","8S1n35yr6BTG8ks6PfbeCY9T1mJ6esLPYor2kLSwpump","67","2.962962961","","","","","","","","","","","","","","","","","0.000002354","","","","","","","2026-07-09T19:06:22.555Z","","","","","",""
"Fearless","5aNAcWX6wUaGPdHmg1hgTpXfqd81Df5CVqw5juH1pump","75","4.938271603","","","","","","","","","","","","","","","","","0.000002192","","","","","","","2026-07-09T19:06:23.585Z","","","","","",""
"ENGINEERING","AXrE3g132NCFtoEPb6apNoYcjsieQtQD3MEwd2a1pump","78","8","","","","","","","","","","","","","","","","","0.000002655","","","","","","","2026-07-09T19:06:24.515Z","","","","","",""
"ENGINEERING","4fTPnoNNKsqwNStHf21eLb8eHfLfmbVRVw4nSrkYpump","","","","","","","","","","","","","","","","","","","","","","","","","7.569e-7","","","","","","2026-07-09T19:06:25.536Z",""
"ANSUNA","Bwgoscf4nb8wgXchjyL3hwmebgSkQVt158ehci9qpump","56","0.060000001","","","","","","","","","","","","","","","","","0.000001335","","","","","","","2026-07-09T19:07:22.524Z","","","","","",""
"ENGINEERING","3aB4Yp5RA3bm4JghJ1jXj8yTcko8nUxE4e5Cve7mpump","","","","","","","","","","","","","","","","","","","","","","","","","9.425e-7","","","","","","2026-07-09T19:07:23.573Z",""
"P15","8miNFfcx13JAQyGdKiAXf6LRVRtaUR6cDUfxiZjCzP15","56","1.5","","","","","","","","","","","","","","","","","0.000002184","","","","","","","2026-07-09T19:07:24.524Z","","","","","",""
"ENGINEERING","5eCEPEgc4zrETNEjUoJr7Hb2H41utH9NgAVwFqjspump","","","","","","","","","","","","","","","","","","","","","","","","","7.252e-7","","","","","","2026-07-09T19:07:25.520Z",""
"ENGINEERING","FyvTu35nmxZw45VwAuy2uh7W8Nu43JTrq88M7789pump","","","","","","","","","","","","","","","","","","","","","","","","","5.384e-7","","","","","","2026-07-09T19:08:22.600Z",""
"BULLRAP","DzNArZotz2z57f66FGY5rnftZYh7nfQkbB1hHf2Cpump","","","","","","","","","","","","","","","","","","","","","","","","","3.017e-7","","","","","","2026-07-09T19:08:23.602Z",""
"ENGINEERING","A9gh4zUyTgtz2PRhKQqTKL4WmxVs3qNHADcHt4v3pump","","","","","","","","","","","","","","","","","","","","","","","","","9.807e-7","","","","","","2026-07-09T19:08:24.685Z",""
"Spond","2jUqBxFrB3Pe1CghUqxqfTT7JBbJQPRr9TtUrdqVpump","61","5","","","","","","","","","","","","","","","","","0.000002184","","","","","","","2026-07-09T19:08:25.653Z","","","","","",""
"Manic","gk47FJd6WauXVuK6Tsa5d4D3e57hi5VULRQqVoWpump","55","1.357161697","","","","","","","","","","","","","","","","","0.000002196","","","","","","","2026-07-09T19:09:22.589Z","","","","","",""
"PULL","48V4UnyoQbM1dPz6BsVgEGvs3ZoCpTxroL8jxEuSpump","68","3.083247688","","","","","","","","","","","","","","","","","0.000002183","","","","","","","2026-07-09T19:09:23.572Z","","","","","",""
"BUNNY ","BYvB8XLoqnWGgQRo14vCuqBecTHNzTFFp6KwARZopump","61","2.000000001","","","","","","","","","","","","","","","","","0.000002628","","","","","","","2026-07-09T19:09:24.510Z","","","","","",""
"ENGINEERING","2AXt118vXneoS6KtcAichhYgHfJdm5JKtTsuqQe7pump","","","","","","","","","","","","","","","","","","","","","","","","","8.601e-7","","","","","","2026-07-09T19:09:25.574Z",""
"ENGINEERING","J8qyRvz7sLgcTCNW6wfiugrNxwvrCsFcneDvQMScpump","82","8","","","","","","","","","","","","","","","","","0.000002522","","","","","","","2026-07-09T19:10:22.661Z","","","","","",""
"ENGINEERING","7Y6eZbUxbiPZCcz9CEdrVgNZQnyHp4e1J9ESG8gpump","","","","","","","","","","","","","","","","","","","","","","","","","9.904e-7","","","","","","2026-07-09T19:10:23.527Z",""
"kitler","DkczKkKvstgerkyvfNBo8zZq7rFKtuF6gc98M73yZvpp","","","","","","","","","","","","","","","","","","","","","","","","","0.000005661","","","","","","2026-07-09T19:10:24.638Z",""
"ENGINEERING","GYT31d6FZSvM2hiYxVya5g9ewdxGUzFZUfwk1GZApump","82","8","","","","","","","","","","","","","","","","","0.00000526","","","","","","","2026-07-09T19:10:25.516Z","","","","","",""
"ENGINEERING","CQKAfGhhc3D3v3Bur8rVjQYCeserbSgVakwXoqQXpump","","","","","","","","","","","","","","","","","","","","","","","","","3.799e-7","","","","","","2026-07-09T19:11:22.548Z",""
"ENGINEERING","EQcYMu6GafEfYP2AuAxQ5TbpXMAjEwWQt9WxrBD6pump","88","15","","","","","","","","","","","","","","","","","0.000003702","","","","","","","2026-07-09T19:11:23.520Z","","","","","",""
"ENGINEERING","FQ7rngjF5cbuZFAJAF1kKV2rV2rzF772srNUyFHipump","","","","","","","","","","","","","","","","","","","","","","","","","6.869e-7","","","","","","2026-07-09T19:11:24.529Z",""
"Raccoon","E8ycf3xropMhAVc5USpUhiqrSNn4C62GDXqFgZKJpump","56","1.48148148","","","","","","","","","","","","","","","","","0.000002268","","","","","","","2026-07-09T19:11:25.529Z","","","","","",""
"ENGINEERING","GLmqn5pk7UumY22hD8BtpoYpnJjeSUuweNLuooPxpump","80","8","","","","","","","","","","","","","","","","","0.000003389","","","","","","","2026-07-09T19:12:22.511Z","","","","","",""
"ENGINEERING","fjmZ28mtdtnHSbEuFrAYKJxKzqY92ZNz6dEQVzepump","80","8","","","","","","","","","","","","","","","","","0.0000025","","","","","","","2026-07-09T19:12:23.518Z","","","","","",""
"toeken","mi1bf1C8cLx2sRvdKYezAwjTqmsVLJpaAJuJuNqpump","98","17.777777776","","","","","","","","","","","","","","","","","0.000009175","","","","","","","2026-07-09T19:12:24.593Z","","","","","",""
"BULLRAP","2xAG5JrpFLPCy81o82D6Ebukdq2BLm2M3oa5uPwVpump","","","","","","","","","","","","","","","","","","","","","","","","","1.479e-8","","","","","","2026-07-09T19:12:25.530Z",""
"ENGINEERING","7zrLvTwzoRp2jmwASHU3bjNrNdz8LKvD12cxFQa6pump","79","8","","","","","","","","","","","","","","","","","0.000002798","","","","","","","2026-07-09T19:13:22.528Z","","","","","",""
"ENGINEERING","AxsJHmq9y1udXjFXBNMtU6k4xCvfj8ALH5mnwngTpump","","","","","","","","","","","","","","","","","","","","","","","","","7.015e-7","","","","","","2026-07-09T19:13:23.512Z",""
"RL","BsrgaMNG9hAoJXNr99NkJWGKgNRFj76nrBUCK23ipump","","","","","","","","","","","","","","","","","","","","","","","","","3.922e-7","","","","","","2026-07-09T19:13:24.525Z",""
"ENGINEERING","E8rdeByZXhh3EhD29YPejKaHa5oKtNzc7LyFdY3Qpump","","","","","","","","","","","","","","","","","","","","","","","","","0.000001417","","","","","","2026-07-09T19:13:25.504Z",""
"ENGINEERING","6JWC1oQKgNYGZy54vV5mAAFSYNvRiZ48zj2ukuJHpump","","","","","","","","","","","","","","","","","","","","","","","","","0.000001389","","","","","","2026-07-09T19:14:22.515Z",""
"ENGINEERING","2y7wVMpMmNjqv8cAWHAaVdgtHRuHroW2YXkx4Wtvpump","","","","","","","","","","","","","","","","","","","","","","","","","0.000001838","","","","","","2026-07-09T19:14:23.499Z",""
"ENGINEERING","GFs1KqoVt2QpL2FAsVJMEyUomkcvBr77BLHXFKaupump","78","8","","","","","","","","","","","","","","","","","0.000006059","","","","","","","2026-07-09T19:14:24.510Z","","","","","",""
"ENGINEERING","3Hcz2StzAsMfBTUjUACd2VLnQ6aTSCh9UERyAufPpump","","","","","","","","","","","","","","","","","","","","","","","","","0.000001816","","","","","","2026-07-09T19:14:25.540Z",""
"ENGINEERING","Ek7vwkCkJTVieLYPTGWinrr7BxTFs46k5ivKq72Upump","78","8","","","","","","","","","","","","","","","","","0.000002936","","","","","","","2026-07-09T19:15:22.537Z","","","","","",""
"ENGINEERING","4S9p4TdnchUvybADaLjE7fit9A7EbwAEPrsUsMq7pump","78","8","","","","","","","","","","","","","","","","","0.000003202","","","","","","","2026-07-09T19:15:23.558Z","","","","","",""
"AT","3fJR3pGRKnENx7M9L56ENAamWeWoMw9awHEkKQiHpump","","","","","","","","","","","","","","","","","","","","","","","","","2.083e-7","","","","","","2026-07-09T19:15:24.509Z",""
"ENGINEERING","9nzX8qV4gYxLTvYZgkZqY6gYcKi5Yq4zxQgydN9zpump","","","","","","","","","","","","","","","","","","","","","","","","","0.000001663","","","","","","2026-07-09T19:15:25.509Z",""
"ENGINEERING","HGf67gcL3oaGozEqya159FG3KdRuLdZEbbagQSjcpump","","","","","","","","","","","","","","","","","","","","","","","","","0.000001366","","","","","","2026-07-09T19:16:22.503Z",""
"ANSUNA","2WN9hjtvUAeZBgxeGV4Vg1PYaWBCsa9H7GzgTKxfpump","","","","","","","","","","","","","","","","","","","","","","","","","1.703e-8","","","","","","2026-07-09T19:16:23.506Z",""
"ENGINEERING","4sFHzZfZKgeBGegYbKtmirsi4Yum9UXLRXiRmbPepump","77","8","","","","","","","","","","","","","","","","","0.000002949","","","","","","","2026-07-09T19:16:25.511Z","","","","","",""
"CROWNS","2iiMQtowq1TGEotLtiQ4rXG6vaxJUnHLb6qyJiy6pump","58","1.638091061","","","","","","","","","","","","","","","","","0.000002179","","","","","","","2026-07-09T19:17:22.511Z","","","","","",""
"ENGINEERING","9oCYHoRAceKcrdmiRtT95h2LjBSStT84wHcCsZYmpump","","","","","","","","","","","","","","","","","","","","","","","","","0.000001282","","","","","","2026-07-09T19:17:24.513Z",""
"ENGINEERING","FJwgcjWigaUZxtRBm3U3zJMTTJ5mekmtvMoEWfR4pump","68","5","","","","","","","","","","","","","","","","","0.000003061","","","","","","","2026-07-09T19:17:25.517Z","","","","","",""
"ENGINEERING","Dtfhu6WEWq4k9mjNfrRyfpjmaqysWHR32E8M3neNpump","","","","","","","","","","","","","","","","","","","","","","","","","0.000002762","","","","","","2026-07-09T19:18:22.523Z",""
"CATHAT","B9h5idy8EFGTWKrY6dshWkYy2kVCPcE4Gtw6FHiSpump","","","","","","","","","","","","","","","","","","","","","","","","","1.551e-7","","","","","","2026-07-09T19:18:23.518Z",""
"GOAT","gU2kgEQMWTku1FnL2jK6DW6HPhHTB2nuDi9Cxbipump","","","","","","","","","","","","","","","","","","","","","","","","","8.739e-7","","","","","","2026-07-09T19:18:24.640Z",""
"ENGINEERING","7kT5gXe5TWLGFEGcTo41i6VWDvWKoQuqoenxoWspump","76","8","","","","","","","","","","","","","","","","","0.000008612","","","","","","","2026-07-09T19:18:25.513Z","","","","","",""
"ENGINEERING","5CAwZNdKs83NkERguVuuXRBXKdFbfTynMHWUejCNpump","","","","","","","","","","","","","","","","","","","","","","","","","0.00000165","","","","","","2026-07-09T19:19:21.966Z",""
"Quotient","13ABaAQukpA3Ho6bKkiEZrAGbUE4mwpBF7UDzn8rpump","56","1.48148148","","","","","","","","","","","","","","","","","0.000002234","","","","","","","2026-07-09T19:19:22.553Z","","","","","",""
"ENGINEERING","2WEcbB2zqSt3WXNfs4xJ8aBhJ8v7YgAXSKtjTqKSpump","85","15","","","","","","","","","","","","","","","","","0.000006045","","","","","","","2026-07-09T19:19:23.523Z","","","","","",""
"ENGINEERING","HGwcnmejop822GB7qCRver8P8dUwrod7CTWBMrVepump","","","","","","","","","","","","","","","","","","","","","","","","","9.734e-7","","","","","","2026-07-09T19:19:24.506Z",""
"ENGINEERING","B9jpcdjLodv6NbxkybXhXYdoLj8HNLQGuaeT5XRnpump","","","","","","","","","","","","","","","","","","","","","","","","","9.78e-7","","","","","","2026-07-09T19:20:22.545Z",""
"ENGINEERING","B2XcGz1AYsGA6NANHiMDuUmbwxybod8btzzSKZbbpump","","","","","","","","","","","","","","","","","","","","","","","","","0.000001694","","","","","","2026-07-09T19:20:23.521Z",""
"ENGINEERING","9F8d9c22mWpKX3bKQvRJsrzP4yYiHGNSHhJG6Rogpump","75","8","","","","","","","","","","","","","","","","","0.000002293","","","","","","","2026-07-09T19:20:24.601Z","","","","","",""
"ENGINEERING","5LEpqft7zfNY46erGfa5ymS9Cft2BBuFT5pR4Lhapump","","","","","","","","","","","","","","","","","","","","","","","","","0.000001159","","","","","","2026-07-09T19:20:25.530Z",""
"ENGINEERING","9Q9hQr3HqXUQNt9mob5fEqEofDUycgBFH6fyXiijpump","74","8","","","","","","","","","","","","","","","","","0.000003947","","","","","","","2026-07-09T19:21:22.518Z","","","","","",""
" ORACLE","ALgrsxgZLG5F3jsjzMRUvWgYtcFQLihKAoy8ToJppump","64","2.469135801","","","","","","","","","","","","","","","","","0.000002695","","","","","","","2026-07-09T19:21:23.576Z","","","","","",""
"ENGINEERING","34VUVHNiyXnMY3zLqUUaw3sHupC9jgBoksoxCReKpump","75","8","","","","","","","","","","","","","","","","","0.000002832","","","","","","","2026-07-09T19:21:24.511Z","","","","","",""
"BAGSEMWORK","5AeE9H1Sn4nneH3Vyfeo3JgQ2UX7MHVTYTk5neiXpump","68","3.083247688","","","","","","","","","","","","","","","","","0.000004165","","","","","","","2026-07-09T19:21:25.644Z","","","","","",""
"ENGINEERING","2wPHEGspT4bqt4HGw2nv7cBtciRPZg7XVfFcsLMTpump","","","","","","","","","","","","","","","","","","","","","","","","","0.000001438","","","","","","2026-07-09T19:22:22.562Z",""
"TS","5yhMY8MrtD9MNs85jMCrsKtMzrhKkj1e9Mugf1WJpump","56","1.48148148","","","","","","","","","","","","","","","","","0.000002181","","","","","","","2026-07-09T19:22:23.550Z","","","","","",""
"ENGINEERING","BGqFbcDwxFeoXQFvbpkFkW9ayWxbMjATvnoQ7fjmpump","","","","","","","","","","","","","","","","","","","","","","","","","0.000001171","","","","","","2026-07-09T19:22:24.527Z",""
"ENGINEERING","DJyrXGvBArceCPQvLK7b7KvUmREkXLBjCTXpEUEdpump","","","","","","","","","","","","","","","","","","","","","","","","","8.966e-7","","","","","","2026-07-09T19:22:25.522Z",""
"ENGINEERING","9zeWyKFSgdPhSb5hdvU3erH6nTNoECGaBcEtsxZrpump","83","15","","","","","","","","","","","","","","","","","0.000004586","","","","","","","2026-07-09T19:23:22.525Z","","","","","",""
"SEMNA","Ber1UWKWZ8BkmeYg8qJdK5iE8Rdf2qthH6eu3k7Gpump","68","3.07","","","","","","","","","","","","","","","","","0.0000053","","","","","","","2026-07-09T19:23:23.837Z","","","","","",""
"ENGINEERING","75ivnWdBvTtcuaEUyGf2kkwfhLNJJLsjDS91fkXupump","","","","","","","","","","","","","","","","","","","","","","","","","8.526e-7","","","","","","2026-07-09T19:23:24.060Z",""
"Blackrock","9ivSxMAxZN5ZP42xSqbNNpZsU4fWpypjLeJonSUfpump","","","","","","","","","","","","","","","","","","","","","","","","","5.01e-7","","","","","","2026-07-09T19:23:24.521Z",""
"ENGINEERING","AcAfzNRhyXEdEzAw7LxFDjLenMxBEkXd4m1nK2Hpump","","","","","","","","","","","","","","","","","","","","","","","","","0.000001663","","","","","","2026-07-09T19:24:22.530Z",""
"Musk","AEXue4w7eirjRcAk7oyVZSuCuF7mennZ7aNCzHeypump","","","","","","","","","","","","","","","","","","","","","","","","","5.672e-7","","","","","","2026-07-09T19:24:23.583Z",""
"Musk","wAqoa34RCCLueCvBHVdgHQ4kURNVLthx7JhhjJCpump","","","","","","","","","","","","","","","","","","","","","","","","","5.038e-7","","","","","","2026-07-09T19:24:24.816Z",""
"ENGINEERING","rSvDFB1DoyuteqARkZRhtVfnuRoFQWejR962wGApump","","","","","","","","","","","","","","","","","","","","","","","","","0.000002304","","","","","","2026-07-09T19:24:25.001Z",""
"ENGINEERING","GhQGwqTAg3yghbmt4edFBziVxsLSDF7mvnP17HZypump","","","","","","","","","","","","","","","","","","","","","","","","","3.281e-7","","","","","","2026-07-09T19:25:22.538Z",""
"crycat","Caz2suopS14ZhPrk6gBBWitGvVfASiftAVjhzdLvpump","61","2","","","","","","","","","","","","","","","","","0.00000387","","","","","","","2026-07-09T19:25:23.540Z","","","","","",""
"Musk","Dv25qhbJx48MStn1efCwdtoQSsCZqvwx2EL5dQorpump","55","2.962962961","","","","","","","","","","","","","","","","","0.000002337","","","","","","","2026-07-09T19:25:24.514Z","","","","","",""
"ENGINEERING","Xw5mDi7BaFwdZqsRNPkxfgeP8tAMEu5cwkq3fxcpump","","","","","","","","","","","","","","","","","","","","","","","","","4.493e-7","","","","","","2026-07-09T19:25:25.508Z",""
"ENGINEERING","9xhzHEYp4CP7u7ijmpirvxNsYpqrTgDw2xmPKmd2pump","82","15","","","","","","","","","","","","","","","","","0.000005079","","","","","","","2026-07-09T19:26:22.602Z","","","","","",""
"FOMO","AZLx4HCGjJ1Gtf64MzA7jQNVVdmt81MfogPip3KZpump","","","","","","","","","","","","","","","","","","","","","","","","","1.341e-7","","","","","","2026-07-09T19:26:23.618Z",""
"ENGINEERING","6tkrxap75pu4jaWUB6c3AsqnPYGanVG2AkmrfMTypump","","","","","","","","","","","","","","","","","","","","","","","","","0.00000151","","","","","","2026-07-09T19:26:24.541Z",""
"Musk","885tP9BQm4Rf5SpvuQGko1GtYEg9E5x4ZjFAtKiSpump","","","","","","","","","","","","","","","","","","","","","","","","","0.000001085","","","","","","2026-07-09T19:26:25.535Z",""
"ENGINEERING","92eWbyQDKe7o5jBAZWhx9JTJLB5RXbgN5hE6tKcrpump","","","","","","","","","","","","","","","","","","","","","","","","","0.000002806","","","","","","2026-07-09T19:27:22.504Z",""
"BAGSEMWORK","Bvgpq8iB6BMFoXw6GFxbKBTUsyGmwwdpY7z2G47Fpump","77","6.872852234","","","","","","","","","","","","","","","","","0.000003779","","","","","","","2026-07-09T19:27:23.535Z","","","","","",""
"engineerin","3NwRBXoUYScjTstnVixVVNxgKsqAddkH1NEYWHPqpump","","","","","","","","","","","","","","","","","","","","","","","","","0.000001668","","","","","","2026-07-09T19:27:24.510Z",""
"ANGUS","CUjS7cy8Jp3WzWd6uEw1sS79M1PgKf26zc1yjrVFpump","61","1.97530864","","","","","","","","","","","","","","","","","0.000002228","","","","","","","2026-07-09T19:27:25.533Z","","","","","",""
"ENGINEERING","CycuUg9FvgZtMUCpNVFm9hK2SpJ1cg5rCWfuFJCcpump","","","","","","","","","","","","","","","","","","","","","","","","","0.000002909","","","","","","2026-07-09T19:28:22.516Z",""
"ENGINEERING","6hM19VN8HftBcXxaBDNabfuGCJiYNquZycPyuNcApump","","","","","","","","","","","","","","","","","","","","","","","","","3.489e-7","","","","","","2026-07-09T19:28:23.538Z",""
"ENGINEERING","GgQQz4n9zxFMqYr8yNE8QWe8dLxfiWcapnWSE4i4pump","","","","","","","","","","","","","","","","","","","","","","","","","0.000001609","","","","","","2026-07-09T19:28:24.528Z",""
"ENGINEERING","4yRXDSiATDL52f9bKCmfJQRxLKGxe8vwvDZBmE3zpump","","","","","","","","","","","","","","","","","","","","","","","","","8.135e-7","","","","","","2026-07-09T19:28:25.530Z",""
"ORACLE","2Cw5Z1f18pgdkHVXsGqEzMth7hgSZDgVk2RZRQz3pump","61","2.765432097","","","","","","","","","","","","","","","","","0.000002183","","","","","","","2026-07-09T19:29:22.589Z","","","","","",""
"ENGINEERING","4679B9kyRdzuHo9D5xT2ACaCU5hgQWHFyM9R6ym1pump","","","","","","","","","","","","","","","","","","","","","","","","","0.000002407","","","","","","2026-07-09T19:29:23.510Z",""
"Musk","8q3yiQ5THtMxaxyrq3c1SWLx5RxpXMXW7xbn7xBLpump","","","","","","","","","","","","","","","","","","","","","","","","","2.143e-7","","","","","","2026-07-09T19:29:24.523Z",""
"ENGINEERING","BuZWcgVa7hAmn2wkTecUTxxUfgft1jXCtTtgGyQjpump","","","","","","","","","","","","","","","","","","","","","","","","","8.77e-7","","","","","","2026-07-09T19:29:25.542Z",""
"ENGINEERING","4GXLc8VtrXcUB9UrDhZh5PAMYKJkNtKDVvSSrXb7pump","","","","","","","","","","","","","","","","","","","","","","","","","0.000002276","","","","","","2026-07-09T19:30:22.510Z",""
"foreskin","Hmpo4rg3uR8oJATtm9MA2VAKLpC65ZDBCY8PMCA9pump","","","","","","","","","","","","","","","","","","","","","","","","","4.918e-7","","","","","","2026-07-09T19:30:23.517Z",""
"ENGINEERING","4q9tcqfZaVhckHqns2cDFMwrdWe4Hxc9rg4tBGY9pump","71","8","","","","","","","","","","","","","","","","","0.000002393","","","","","","","2026-07-09T19:30:24.535Z","","","","","",""
"maxi","CsYrA68e3kgztJFFWVW157Vtk71WKVu8trXF2axpump","56","1.434638108","","","","","","","","","","","","","","","","","0.000006651","","","","","","","2026-07-09T19:30:25.520Z","","","","","",""
"$ANSEMRBT","cQLJNYKbjviy6VgqMNTTeG4s8ykNs6r5yYoDk9apump","","","","","","","","","","","","","","","","","","","","","","","","","0.000001045","","","","","","2026-07-09T19:31:22.539Z",""
"ENGINEERING","5BH8dCLa71Ynw1KFKwzyzd2s1GcsHdvHZzy3MW9Zpump","","","","","","","","","","","","","","","","","","","","","","","","","0.000001119","","","","","","2026-07-09T19:31:23.516Z",""
"ENGINEERING","Dw4vk1DCSFi3wdg2eb22igSiTUjGiMyTdpF65MPRpump","","","","","","","","","","","","","","","","","","","","","","","","","3.26e-7","","","","","","2026-07-09T19:31:24.623Z",""
"foreskin","DnCzzf356fBtoT5BJrM9k31G9eYzPADFbmAdYPrTpump","","","","","","","","","","","","","","","","","","","","","","","","","3.719e-7","","","","","","2026-07-09T19:31:25.553Z",""
"ESCAPE","AbYuybVfVs8sFm9vj1tPkjXGGmsPDzLSyGYugyPgpump","","","","","","","","","","","","","","","","","","","","","","","","","3.637e-7","","","","","","2026-07-09T19:32:22.516Z",""
"Raven","2wVSELjSKRHbisuLgj7cwjgh9hcTBJQLqQcH41nYpump","56","3","","","","","","","","","","","","","","","","","0.000002285","","","","","","","2026-07-09T19:32:23.491Z","","","","","",""
"ENGINEERING","CyDVKs2PgAZewL2Xc1mwFYNYB41FivN1BvDXx5AFpump","81","15","","","","","","","","","","","","","","","","","0.00001346","","","","","","","2026-07-09T19:32:24.574Z","","","","","",""
"MALI","4oieWH3drv19JA5sta9WzTNnbEeyTVLz7y2hRxiDpump","61","1.97530864","","","","","","","","","","","","","","","","","0.00000406","","","","","","","2026-07-09T19:32:25.566Z","","","","","",""
"ESCAPE","CJCs6hsrsgwBUvr757ZfVMotGHyWZHLXKSeZRhUppump","","","","","","","","","","","","","","","","","","","","","","","","","0.000002173","","","","","","2026-07-09T19:33:22.528Z",""
"ENGINEERING","8S3TJvvL7ABQNzEaUcSieUGUhpyNeJFFpyS58kPipump","","","","","","","","","","","","","","","","","","","","","","","","","0.000001573","","","","","","2026-07-09T19:33:23.566Z",""
"ENGINEERING","wgjTYuXukijYSzCZFURR2kWYTZRfxvaCVyiFcK2pump","","","","","","","","","","","","","","","","","","","","","","","","","9.233e-7","","","","","","2026-07-09T19:33:24.512Z",""
"ENGINEERING","Ca6QDCCj3zGfAJqGZE4uPfZY56bjnxMNy3mSELk1pump","","","","","","","","","","","","","","","","","","","","","","","","","0.000001386","","","","","","2026-07-09T19:33:25.574Z",""
"ENGINEERING","KBxhK4X7YEvSsJtu7iuNJgFMBJb4LGtTzUvr7CNpump","","","","","","","","","","","","","","","","","","","","","","","","","7.416e-7","","","","","","2026-07-09T19:34:22.512Z",""
"ENGINEERING","H7NvPcuetySj46BVmTpp3soREhsCz6JZCHBQYZzwpump","","","","","","","","","","","","","","","","","","","","","","","","","0.000001463","","","","","","2026-07-09T19:34:23.552Z",""
"ESCAPE","ALPDHc37CsWnDb15YQmtfbKthGRDhsWkhEQVRNGEpump","","","","","","","","","","","","","","","","","","","","","","","","","0.000001045","","","","","","2026-07-09T19:34:24.573Z",""
"ENGINEERING","5RGwzWkKvMvBLAdLa6vZCwUitcWktXkzQzsTbpRRpump","","","","","","","","","","","","","","","","","","","","","","","","","9.504e-7","","","","","","2026-07-09T19:34:25.607Z",""
"MINI","GPqP6LJvP5onYuPygxZ1faRavnn7gyVwYBrHhtvypump","79","3.456790121","","","","","","","","","","","","","","","","","0.000002339","","","","","","","2026-07-09T19:35:22.555Z","","","","","",""
"ENGINEERING","3noUKvk5zL2QZQEeZRzDqW18adAZmsJdxL6GqWNzpump","","","","","","","","","","","","","","","","","","","","","","","","","6.27e-7","","","","","","2026-07-09T19:35:24.517Z",""
"ESCAPE","KYtMdazAQVHqCZPzsbaUxo2cQYavW4t9G8wSVYUpump","","","","","","","","","","","","","","","","","","","","","","","","","8.089e-7","","","","","","2026-07-09T19:35:25.554Z",""
"ESCAPE","8rrtkfaR12MGJjBcJ8jq5LvA8EMgHqHy93sfSzvTpump","","","","","","","","","","","","","","","","","","","","","","","","","0.0000012","","","","","","2026-07-09T19:36:21.610Z",""
"smol","Er5qnru4zM22gB78WYT48WdtNq4BDETZCq8XaRjFpump","61","1.97530864","","","","","","","","","","","","","","","","","0.000002209","","","","","","","2026-07-09T19:36:22.510Z","","","","","",""
"ENGINEERING","2eCHWFtvKAbBgT65uzPRBxkkS5UPYjav4cvQD1Wipump","80","15","","","","","","","","","","","","","","","","","0.000005018","","","","","","","2026-07-09T19:36:23.555Z","","","","","",""
"ANGUS","5kmHyw4t6tQfZakr8sznRjRtFQxNc8VEoEAHZ7Dnpump","56","2.962962961","","","","","","","","","","","","","","","","","0.000003152","","","","","","","2026-07-09T19:36:24.528Z","","","","","",""
"KM","Bi3XLt4vsZiBx7fDN6Q4XMiLFeNyzcCW7pD96yENpump","62","5","","","","","","","","","","","","","","","","","0.00000238","","","","","","","2026-07-09T19:37:23.505Z","","","","","",""
"DROOLTRUMP","47VZCewkTQwogtTGp25sCKibQD2P8gskK6Ez6iaApump","100","0.296250053","","","","","","","","","","","","","","","","","0.000002207","","","","","","","2026-07-09T19:37:25.531Z","","","","","",""
"ENGINEERING","EysSeMpFQ5WN2bRAWNsZQ1TzuSz717jpqM7r8xyipump","","","","","","","","","","","","","","","","","","","","","","","","","0.000001953","","","","","","2026-07-09T19:38:22.523Z",""
"GRUGSEM","4JrTHQdR8SZsS9hrus8GxzQn77UsMcKDTwGMb1bBpump","","","","","","","","","","","","","","","","","","","","","","","","","0.000003869","","","","","","2026-07-09T19:38:23.513Z",""
"ENGINEERING","6UDS7ZHN6m8fsLgZVzuCGcz9veRVoNsUiMyonGVJpump","","","","","","","","","","","","","","","","","","","","","","","","","0.000001456","","","","","","2026-07-09T19:38:24.508Z",""
"RATKING","DAJo7TSfRjhhLtFEEc2JaZSs9uPo7kYFYQdxcckK52Uy","66","2.696296295","","","","","","","","","","","","","","","","","0.000003112","","","","","","","2026-07-09T19:38:25.507Z","","","","","",""
"GRUGSEM","GBuNxRPhW1SQWBRrU4P74HGKBtgoeEtv8dVKcZMWpump","90","24.691358022","","","","","","","","","","","","","","","","","0.000005156","","","","","","","2026-07-09T19:39:22.552Z","","","","","",""
"ENGINEERING","FTKRNnmwDF1jrb4WS9cRn73xmGRL9GEvCdHHcsepump","","","","","","","","","","","","","","","","","","","","","","","","","0.000001144","","","","","","2026-07-09T19:39:23.511Z",""
"ENGINEERING","CXbV19VbtJXD2oBa9XBXpzjicoAhi4bisnHy8RKwpump","","","","","","","","","","","","","","","","","","","","","","","","","4.351e-7","","","","","","2026-07-09T19:39:24.527Z",""
"o","DqTE7mxiygdsV63hKUoUaN26fLEgZHQLWWsHLHkfpump","56","1.000000001","","","","","","","","","","","","","","","","","0.000001799","","","","","","","2026-07-09T19:39:25.515Z","","","","","",""
"ENGINEERING","GhUAWoc6xyYV6C9yBeEAACantK9aGWBGVaLX5AMSpump","","","","","","","","","","","","","","","","","","","","","","","","","5.042e-7","","","","","","2026-07-09T19:40:22.533Z",""
"Fly","994h6idjDrfbjKcpkoxrJqRmM4wQcDR3NgRtq58kpump","61","1.97530864","","","","","","","","","","","","","","","","","0.000002864","","","","","","","2026-07-09T19:40:24.061Z","","","","","",""
"ENGINEERING","HCdxzDTgE4LZAAvbFS8VPHmAjMCmJPQprUBMd8DSpump","","","","","","","","","","","","","","","","","","","","","","","","","0.000002093","","","","","","2026-07-09T19:40:24.242Z",""
"o","9LvBL3fAfzuhJGRgC7wYo87TPNCR9pSd7BzmjDSqpump","","","","","","","","","","","","","","","","","","","","","","","","","7.939e-7","","","","","","2026-07-09T19:40:25.693Z",""
"ENGINEERING","GTx7eMzWXhgpttyNssMCQKv6evh4neMzWxPRyBDcpump","","","","","","","","","","","","","","","","","","","","","","","","","3.078e-7","","","","","","2026-07-09T19:41:22.524Z",""
"ENGINEERING","9qusrpQ5ncjptyC4PWZGvU7AxbjZhXN7A77qkPgSpump","","","","","","","","","","","","","","","","","","","","","","","","","0.000001083","","","","","","2026-07-09T19:41:23.503Z",""
"EA","FEEUBTWYFdzM6KHDQ36nf4dbsyZu6QnzHdichzygpump","68","0.060000001","","","","","","","","","","","","","","","","","0.000002526","","","","","","","2026-07-09T19:41:24.550Z","","","","","",""
"OracleFomo","BDgMHAyHa6RDqJ3JJ6k9Nz2EyYYBTLYuzRxCHGcHpump","61","1.97530864","","","","","","","","","","","","","","","","","0.00000255","","","","","","","2026-07-09T19:41:25.513Z","","","","","",""
"YAGIZBOT","4LJ4B2fZQNfFVDxryrVm31rLa3bPqcsQT6Bnk2uCpump","61","5","","","","","","","","","","","","","","","","","0.000002187","","","","","","","2026-07-09T19:42:22.510Z","","","","","",""
"GRUGSEM","25QWanpFvYLxywCYizJzwwJMQ9AnvbzvE9U9nWyVpump","","","","","","","","","","","","","","","","","","","","","","","","","0.000001735","","","","","","2026-07-09T19:42:23.534Z",""
"ENGINEERING","7n5rKnx3XmXLCUHDqDmRJrGLJUr7u9K8KRjRLowYpump","","","","","","","","","","","","","","","","","","","","","","","","","0.000001492","","","","","","2026-07-09T19:42:24.560Z",""
"ENGINEERING","2Ww5BeuZXxTSxrLRbFuhoQUfNFaoLJD4yAiZBM1Mpump","","","","","","","","","","","","","","","","","","","","","","","","","7.104e-7","","","","","","2026-07-09T19:42:25.728Z",""
"ENGINEERING","GhFwvqX3nNnmqCRaxV4BRmyyFkf3uufq47LPYkQspump","","","","","","","","","","","","","","","","","","","","","","","","","5.531e-7","","","","","","2026-07-09T19:43:22.506Z",""
"GRUGSEM","Hj4R4HZd2Nm8f7FVGoF4XEPFV6ZHaAo8nSsWT14kpump","","","","","","","","","","","","","","","","","","","","","","","","","5.699e-7","","","","","","2026-07-09T19:43:23.509Z",""
"ENGINEERING","ERUEQwFe4yCic9jHyrMJw2RS3BFPKGUjE8d8z3qHpump","","","","","","","","","","","","","","","","","","","","","","","","","0.00000149","","","","","","2026-07-09T19:43:24.582Z",""
"ENGINEERING","BP7Ws3QkAdhS6BxtgZKU4NjbvCGoL9RW1TXvtacbpump","","","","","","","","","","","","","","","","","","","","","","","","","0.000001624","","","","","","2026-07-09T19:43:25.501Z",""
"GRUGSEM","59C5whZ9zTWLn5czN78BPJQkXqJy5UnuRdZy7yLypump","","","","","","","","","","","","","","","","","","","","","","","","","5.077e-7","","","","","","2026-07-09T19:44:22.568Z",""
"ENGINEERING","58UrRbEk2EkQpmJxyXbKhLRmCkZhQwXMTTJ2JyMApump","80","15","","","","","","","","","","","","","","","","","0.000004166","","","","","","","2026-07-09T19:44:23.565Z","","","","","",""
"GRUGSEM","CA24sGn4rdu3RpoLsofGAC5j5JBbnRYg2VEJD9qTpump","","","","","","","","","","","","","","","","","","","","","","","","","4.211e-7","","","","","","2026-07-09T19:44:24.584Z",""
"ENGINEERING","Dt5sxwVnRYwPVbSwoCx95HpVEvS5b3FRiuyUEwaHpump","","","","","","","","","","","","","","","","","","","","","","","","","0.00000154","","","","","","2026-07-09T19:44:25.503Z",""
"ENGINEERING","2BDvANUWJwVEww8ukkwVw9stBi8g1ePXkxBpSzyPpump","","","","","","","","","","","","","","","","","","","","","","","","","0.000001004","","","","","","2026-07-09T19:45:22.523Z",""
"ENGINEERING","38216C6ktbWssxcSJbeYk9NGWanKoL9zsYcy5jq2pump","80","15","","","","","","","","","","","","","","","","","0.00000529","","","","","","","2026-07-09T19:45:24.501Z","","","","","",""
"BULLPOST","GF97EoRYWySPrJNsEGCUGRjW2hozXvhG1F4htiyqpump","59","1.776900297","","","","","","","","","","","","","","","","","0.000002186","","","","","","","2026-07-09T19:45:25.503Z","","","","","",""
"nightfcoin","FcrbA6zHmdKrvM1UmqCSHkaprpnDGTMeEyLy6HdJpump","","","","","","","","","","","","","","","","","","","","","","","","","6.531e-7","","","","","","2026-07-09T19:46:22.542Z",""
"nightfcoin","2eXUjvzctZrirPYuv3DuREgprAJwsncQRVWRAYfXpump","","","","","","","","","","","","","","","","","","","","","","","","","7.816e-7","","","","","","2026-07-09T19:46:23.732Z",""
"ENGINEERING","6VhiJjTPFogieHwrRhd3P2UDdw2Vch2eom1ox727pump","80","15","","","","","","","","","","","","","","","","","0.000003394","","","","","","","2026-07-09T19:46:23.986Z","","","","","",""
"ENGINEERING","6vZmtYFG1fNQ1n9VNBNbmjxQHQJ8oPPwUwGGEwNRpump","","","","","","","","","","","","","","","","","","","","","","","","","0.000001231","","","","","","2026-07-09T19:46:24.510Z",""
"ENGINEERING","CEHor3tFaFw9bJwXHbcbN5RxcuEWqyTSWdx8mm87pump","","","","","","","","","","","","","","","","","","","","","","","","","4.86e-7","","","","","","2026-07-09T19:47:22.503Z",""
"nightfcoin","6xct1KrAG1LrvuCUL2spEtMwXJNBJyHCvFpDPbzpump","","","","","","","","","","","","","","","","","","","","","","","","","0.000001431","","","","","","2026-07-09T19:47:23.563Z",""
"c@","BNdTpfs2RwvxLYWnms7arsqPvjUtCiKEL9a9R7Jjpump","75","4.938271603","","","","","","","","","","","","","","","","","0.000005844","","","","","","","2026-07-09T19:47:25.498Z","","","","","",""
"nightfcoin","8jeSwryjHbs5b1obZSacmBp8eKkVhDnjSd6ns6pPpump","","","","","","","","","","","","","","","","","","","","","","","","","0.000005108","","","","","","2026-07-09T19:48:22.531Z",""
"V","GhdTuRcVjubzYnYYSFQNLD2E4UeSdNpgf59deKCGpump","92","19.753086418","","","","","","","","","","","","","","","","","0.000007907","","","","","","","2026-07-09T19:48:23.517Z","","","","","",""
"Otty","EbN6XrpSyozqPLRj8nngBFoGAdDmd2c1SsT6eJFVpump","67","2.962962961","","","","","","","","","","","","","","","","","0.000002202","","","","","","","2026-07-09T19:48:24.535Z","","","","","",""
"MOBUTU","B8Uu1uz5rbTG55HiRoRiDqwXzfQf2cMK87HegzZApump","61","1.97530864","","","","","","","","","","","","","","","","","0.00000233","","","","","","","2026-07-09T19:48:25.516Z","","","","","",""
"ENGINEERING","mXSVSWN5ZBFcw6J2qaDZeY6JEtkjn5YUgsGkP7Zpump","79","15","","","","","","","","","","","","","","","","","0.0000143","","","","","","","2026-07-09T19:49:20.668Z","","","","","",""
"hack","2yDrrPypveTJZbFBv3ALLQ5THUkLi7HuNtjKBWmtpump","65","0.060000001","","","","","","","","","","","","","","","","","0.000001353","","","","","","","2026-07-09T19:49:21.545Z","","","","","",""
"SHADOW ","C7PVocLhQduTpoXYsM3vh3gXfY6Nd36XowNhpYn3pump","67","2.962962961","","","","","","","","","","","","","","","","","0.000002251","","","","","","","2026-07-09T19:50:22.506Z","","","","","",""
"RECEIVE","9XJDyfXHDZKNRVYyGkGDFKnFSDV2NekehJHNdP2qpump","","","","","","","","","","","","","","","","","","","","","","","","","0.000002047","","","","","","2026-07-09T19:50:23.493Z",""
"myfa","4FJnErm2FLxn3SvdSYR2tJHqdFaTBdLdten5aZMkpump","","","","","","","","","","","","","","","","","","","","","","","","","8.836e-7","","","","","","2026-07-09T19:50:24.675Z",""
"c@","C4qQbiziDJUi5Cun99YcYnk61mPucfaQQ9r4cyadpump","","","","","","","","","","","","","","","","","","","","","","","","","6.403e-7","","","","","","2026-07-09T19:50:25.523Z",""
"c@","Biz5kpbAZFKYMUAHq8PAkMAQZBUhjnzSJ7VTYKBWpump","","","","","","","","","","","","","","","","","","","","","","","","","4.103e-7","","","","","","2026-07-09T19:51:22.520Z",""
"RECEIVE","2qcta1oUt3KsNsX4CGT5Wu1KfJWgf1JGCiypDpV2pump","","","","","","","","","","","","","","","","","","","","","","","","","0.000001745","","","","","","2026-07-09T19:51:23.708Z",""
"Fudooor","CwRah4CZ63E7HAmhoyGFz3tmewVkVFkieE9VAjo6pump","59","3.1","","","","","","","","","","","","","","","","","0.000002243","","","","","","","2026-07-09T19:51:24.616Z","","","","","",""
"RECEIVE","53A61zid4cuxKUdTuQg2pt66sfsG86sSKgGe9mKJpump","","","","","","","","","","","","","","","","","","","","","","","","","6.013e-7","","","","","","2026-07-09T19:51:25.520Z",""
"RECEIVE","E3bmcYmNnupsaR4qm2uhcruppHdq5GhyWwEwzVkEpump","","","","","","","","","","","","","","","","","","","","","","","","","0.000001166","","","","","","2026-07-09T19:52:22.504Z",""
"RECEIVE","BWQucKmAgoFvTrpSKTnUEoqww4j6Z8uZipZSLTD5pump","","","","","","","","","","","","","","","","","","","","","","","","","0.000001201","","","","","","2026-07-09T19:52:23.514Z",""
"good","FYPPSynCDsLS9WEExMrhU7HVqdPFxmCqJEt1ZQRNpump","64","2.4691358","","","","","","","","","","","","","","","","","0.000002185","","","","","","","2026-07-09T19:52:24.513Z","","","","","",""
"RECEIVE","G4e9VTZ91pmTirqXcPqyweaQ8Fys65TBgoGFwLu6pump","","","","","","","","","","","","","","","","","","","","","","","","","0.000001398","","","","","","2026-07-09T19:52:25.630Z",""
"arthas","78V53dvJhZwuuCpfeRbb1wYY8M32p7ni9WAkx4qnpump","61","2","","","","","","","","","","","","","","","","","0.000004919","","","","","","","2026-07-09T19:53:21.993Z","","","","","",""
"RECEIVE","J2JSDGXeG9L67YC5HZCFXKrKAfiP8uPr2yu1yrQEpump","","","","","","","","","","","","","","","","","","","","","","","","","0.000001674","","","","","","2026-07-09T19:53:22.260Z",""
"RECEIVE","DKJ9Vsx82DdNCxGySctX256teqe9tFrFqV1jPBVjpump","","","","","","","","","","","","","","","","","","","","","","","","","0.000001682","","","","","","2026-07-09T19:53:23.509Z",""
"ROPE","8umps8XAZFQfCbkPfZySwwB2wh7TuEREe3X4Arnepump","78","7.407407405","","","","","","","","","","","","","","","","","0.00001235","","","","","","","2026-07-09T19:53:24.566Z","","","","","",""
"RECEIVE","8VEQ3GJAbsDM72NFFSEyB39GdGt9PJYn9rJPEeUXpump","","","","","","","","","","","","","","","","","","","","","","","","","0.000001222","","","","","","2026-07-09T19:54:22.527Z",""
"RECEIVE","2zL8iLPoyyHRdTw7p1iFmckTYqVJ2PWVHhfqMzjBpump","","","","","","","","","","","","","","","","","","","","","","","","","0.00000149","","","","","","2026-07-09T19:54:23.503Z",""
"RECEIVE","6FCzggTvn62KMJvV91Ly6ASSEB1QuHpstMX3eRzGpump","79","15","","","","","","","","","","","","","","","","","0.000003411","","","","","","","2026-07-09T19:54:24.507Z","","","","","",""
"$TFB2027","EYVVSV5qKmrRE8SAya4jKqF2fEB8wXPSAF7JqpV3pump","97","2.000000001","","","","","","","","","","","","","","","","","0.000002715","","","","","","","2026-07-09T19:54:25.506Z","","","","","",""
"RECEIVE","5gVXgDBkixzs5JdjtveuE35TUbTNUBTu5o1CLs5Dpump","","","","","","","","","","","","","","","","","","","","","","","","","0.000001832","","","","","","2026-07-09T19:55:22.503Z",""
"RECEIVE","Ft9MmNbPrNh2tZVtG3W2DbcqGydH93SAXHUyrKotpump","","","","","","","","","","","","","","","","","","","","","","","","","0.000001444","","","","","","2026-07-09T19:55:23.732Z",""
"RECEIVE","AxFaDWZL15fuvMpupcJ5CGMXrf7e8xQCjxX5Y4zgpump","","","","","","","","","","","","","","","","","","","","","","","","","0.000001235","","","","","","2026-07-09T19:55:24.171Z",""
"RECEIVE","HFjJ3NRocYBMjC2S4xPYXNbTzNnDoXGX6DgMPy6Xpump","79","15","","","","","","","","","","","","","","","","","0.000003113","","","","","","","2026-07-09T19:55:24.367Z","","","","","",""
"RECEIVE","AVpQ5joz2qZGeqZhDPWMiN2PxKB1op6huWcxQ4gJpump","","","","","","","","","","","","","","","","","","","","","","","","","8.066e-7","","","","","","2026-07-09T19:56:22.514Z",""
"RECEIVE","GwZS9ABonQHGJtwFNX44YAm8Bq3jj172aM6fCtjcpump","","","","","","","","","","","","","","","","","","","","","","","","","0.000001345","","","","","","2026-07-09T19:56:23.507Z",""
"$Curb","CxraiBMvo5D29k2HtnmLMwHdav4RiPJN5ARbkTc5pump","94","0.060000001","","","","","","","","","","","","","","","","","0.00000276","","","","","","","2026-07-09T19:56:24.695Z","","","","","",""
"c@","7TUDiT5DkFuVf1hCzStjomU7SZ4MnNK8bVbcHb3zpump","","","","","","","","","","","","","","","","","","","","","","","","","0.00000253","","","","","","2026-07-09T19:56:25.578Z",""
"RECEIVE","FTuSRrtyYvfjYktRyaFefPYFdRJpDZD5Q4weTGpKpump","","","","","","","","","","","","","","","","","","","","","","","","","0.000001505","","","","","","2026-07-09T19:57:22.515Z",""
"KETTLE","GFVu4nqtdSxz2QeqkL2sp2HNFVJuLx4ZWuNUPd59pump","61","1.97530864","","","","","","","","","","","","","","","","","0.000002349","","","","","","","2026-07-09T19:57:23.566Z","","","","","",""
"c@","J4ZLB4EEcfND8Pe4uzsf6iYpMD4GDJnM3NJ6asaApump","","","","","","","","","","","","","","","","","","","","","","","","","7.218e-7","","","","","","2026-07-09T19:57:24.517Z",""
"RECEIVE","DjNeGtAbW79uaam89brebySV81TWZs4mbQ3HA76cpump","","","","","","","","","","","","","","","","","","","","","","","","","8.684e-7","","","","","","2026-07-09T19:57:25.510Z",""
"RECEIVE","2e5zygfWcENa8p9eoy4hm4toC6qj7MhU7PhVRrm8pump","78","15","","","","","","","","","","","","","","","","","0.00001724","","","","","","","2026-07-09T19:58:22.511Z","","","","","",""
"nightfcoin","5Rx5QLPkZxr2uqxVRAtqaYihwrghmZ772iF8qzErpump","","","","","","","","","","","","","","","","","","","","","","","","","4.425e-7","","","","","","2026-07-09T19:58:23.515Z",""
"RECEIVE","6hKLiw9Ep3yABDXwcFj8P9bBtGGmDQGJyeHWM2t8pump","","","","","","","","","","","","","","","","","","","","","","","","","6.584e-7","","","","","","2026-07-09T19:58:24.538Z",""
"RECEIVE","DWDri1gVGzdgGH4EQShVghe6ng2d4ppVBwk3BRPzpump","","","","","","","","","","","","","","","","","","","","","","","","","0.000001039","","","","","","2026-07-09T19:58:25.548Z",""
"PTO","Esu22DBCSaKbjSpxpZs7XrHE4CRUSk2azfApMarpump","","","","","","","","","","","","","","","","","","","","","","","","","0.000002184","","","","","","2026-07-09T19:59:22.512Z",""
"RECEIVE","eZfvQ3EyMKFxcADZm8Kygt5EsnUkWLQW4Sb8rP3pump","","","","","","","","","","","","","","","","","","","","","","","","","0.000001049","","","","","","2026-07-09T19:59:23.562Z",""
"nightfcoin","3ucdGViSH3sa5Ao6jaDTYTp9LuhpFogZ8zsm5RXwpump","","","","","","","","","","","","","","","","","","","","","","","","","7.176e-7","","","","","","2026-07-09T19:59:24.819Z",""
"RECEIVE","4t7AyvboYdyhrHrF153SWjtUx7C8H7EtitxJ1Nhmpump","","","","","","","","","","","","","","","","","","","","","","","","","6.527e-7","","","","","","2026-07-09T19:59:25.032Z",""
"RECEIVE","DAqcHe9sttHVoeo922xiCU6FcgnuFDF8JkK2nP7Ppump","","","","","","","","","","","","","","","","","","","","","","","","","0.000002416","","","","","","2026-07-09T20:00:22.654Z",""
"RECEIVE","2eeUSQxFHoCSW1124iYWrCn8rQX7bQCBshyDCNrKpump","","","","","","","","","","","","","","","","","","","","","","","","","0.00000206","","","","","","2026-07-09T20:00:23.586Z",""
"RECEIVE","7zbaJBBDWCvQwLXx6NNDVx5bzydef5L2wVTS6vrpump","","","","","","","","","","","","","","","","","","","","","","","","","6.23e-7","","","","","","2026-07-09T20:00:24.567Z",""
"RECEIVE","83FVByKfqi3NsEwQvD1DfT5ntGY8mbLiHFQnP64fpump","78","15","","","","","","","","","","","","","","","","","0.000009092","","","","","","","2026-07-09T20:00:25.561Z","","","","","",""
"hack","Cshn5FMZ77EGBWDdUPYWU6ucNwqJL3QLt6Frvab7pump","61","0.060000001","","","","","","","","","","","","","","","","","0.000003154","","","","","","","2026-07-09T20:01:22.525Z","","","","","",""
"RECEIVE","6eexfrjfnEznh8gUeNeexzPvSFp7unJdi11p91Cnpump","","","","","","","","","","","","","","","","","","","","","","","","","0.00000294","","","","","","2026-07-09T20:01:23.572Z",""
"RECEIVE","EKBppGkkShkVQYYZ1FNqJcm1nUUSCM362qXHD3EGpump","","","","","","","","","","","","","","","","","","","","","","","","","9.667e-7","","","","","","2026-07-09T20:01:24.573Z",""
"PWEASE","3d15uCqacYXY1oCGaWxx24n3Po8zKvbdfgeRaG47pump","56","1.48148148","","","","","","","","","","","","","","","","","0.000002185","","","","","","","2026-07-09T20:01:25.542Z","","","","","",""
"RECEIVE","7kN5hUsvoDtd27vafgjULgqqsu9gLGrhPN4aX87wpump","","","","","","","","","","","","","","","","","","","","","","","","","4.319e-7","","","","","","2026-07-09T20:02:22.512Z",""
"RECEIVE","M5GH2vmrHzJJznn68uZSouJTspiRQHWKeE4h8k6pump","","","","","","","","","","","","","","","","","","","","","","","","","0.000002362","","","","","","2026-07-09T20:02:23.585Z",""
"RECEIVE","9xZwzUPSucPJfs23pJkRiz6YcoxNym2YKQr36QCGpump","78","15","","","","","","","","","","","","","","","","","0.000004346","","","","","","","2026-07-09T20:02:24.528Z","","","","","",""
"RECEIVE","AE94BHy2zSF3QUPZsKEzeoo9nkcH4w9DZJobEpR8pump","78","15","","","","","","","","","","","","","","","","","0.000003475","","","","","","","2026-07-09T20:02:25.613Z","","","","","",""
"RECEIVE","CGycWFzbrDxyhrT68PwtBe4UH1fz4V1ctidTxBngpump","78","15","","","","","","","","","","","","","","","","","0.000006486","","","","","","","2026-07-09T20:03:24.533Z","","","","","",""
"RECEIVE","7wvrzYzbitE6zbGkApMdm1UoskfEo8XLCBJG4yghpump","","","","","","","","","","","","","","","","","","","","","","","","","8.912e-7","","","","","","2026-07-09T20:03:25.516Z",""
"LILJOHN","7CUGZgfyWE4hp8ZBp3mGabL5CbAVgYXbEksPLT11pump","56","1.48148148","","","","","","","","","","","","","","","","","0.000002229","","","","","","","2026-07-09T20:03:26.568Z","","","","","",""
"RECEIVE","9KynFnBEMyKo5c8gEm2PxnUcRNnbTaDvjqEq7NWepump","","","","","","","","","","","","","","","","","","","","","","","","","0.000002181","","","","","","2026-07-09T20:03:27.480Z",""
"Kitt","AsvwJnbrRPRCi8HfQ4kaB5YSMBsd3wei9jmpQsuypump","70","3.456790121","","","","","","","","","","","","","","","","","0.000007991","","","","","","","2026-07-09T20:04:22.498Z","","","","","",""
"RECEIVE","8FAbhw6cEz8SdJAjWGUTkf1jgoVDcZDuFYbjmCGwpump","","","","","","","","","","","","","","","","","","","","","","","","","0.000001495","","","","","","2026-07-09T20:04:23.512Z",""
"RECEIVE","EjEKVa2MdGYAVwuDzad3YmaqtHviaz8i2Vh4xxs9pump","","","","","","","","","","","","","","","","","","","","","","","","","8.912e-7","","","","","","2026-07-09T20:04:24.547Z",""
"ROBERT","4s4vihVhBD5wwcqLyGvWzVH1MZwhpRABu3Cpf1Lfpump","69","3.950617282","","","","","","","","","","","","","","","","","0.000002183","","","","","","","2026-07-09T20:04:25.541Z","","","","","",""
"Thinking","5N6aYhqVCztKBzxtu58NrdHDEHt2fMNAQ64rybhRpump","85","6.913580245","","","","","","","","","","","","","","","","","0.00000232","","","","","","","2026-07-09T20:05:21.505Z","","","","","",""
"HOODU","GADPAE9zsdesBAyKRNu7PMQeDzfFRWyiKdGGbmbbpump","61","1.969135801","","","","","","","","","","","","","","","","","0.000002226","","","","","","","2026-07-09T20:05:22.525Z","","","","","",""
"RECEIVE","986Lqfwjt5i7B7vEVHrza3PtZha893wbLeR7FGDopump","78","15","","","","","","","","","","","","","","","","","0.000003498","","","","","","","2026-07-09T20:05:23.579Z","","","","","",""
"BTC","FwVrXDvjZ2VFiQS8wogjKDtv78b4fU8rzTguxPaApump","","","","","","","","","","","","","","","","","","","","","","","","","0.000001199","","","","","","2026-07-09T20:06:21.506Z",""
"BTMMM","6jpuGfoX8aU7tHiJL8MHr7XqwubUqH1YpnMsvWV8pump","","","","","","","","","","","","","","","","","","","","","","","","","7.408e-7","","","","","","2026-07-09T20:06:22.505Z",""
"RECEIVE","EoS6MKBQZkspYosf6G6G7TRjBikotd8AcUiMcJhopump","","","","","","","","","","","","","","","","","","","","","","","","","7.169e-8","","","","","","2026-07-09T20:06:23.583Z",""
"BTC","36fz25B3KArCoQVZae1MQ4Zq3HqefcgR2CiZ15Atpump","","","","","","","","","","","","","","","","","","","","","","","","","6.788e-7","","","","","","2026-07-09T20:07:22.567Z",""
"MPGA","27QkiF58ktyZcHVvaWDM4mJMcrNAMezABYtwLbhkpump","99","3.083247688","","","","","","","","","","","","","","","","","0.00001282","","","","","","","2026-07-09T20:07:23.510Z","","","","","",""
"BTC","5Wx7qeEpt44wu7eN8YWyFkyW1RaQs9esfBAbaaCspump","66","8","","","","","","","","","","","","","","","","","0.00001033","","","","","","","2026-07-09T20:07:24.515Z","","","","","",""
"Nugget","EzrmAMhZrJfomn2yYxzgxq3V2TRUc8BV7r8GWH6Ypump","68","3.061728394","","","","","","","","","","","","","","","","","0.000008039","","","","","","","2026-07-09T20:07:25.506Z","","","","","",""
"BULLB","Ah7gEopJ29ownkRdkBqapzYEFrb7qpDfmYSGRdWJpump","63","3","","","","","","","","","","","","","","","","","0.000002183","","","","","","","2026-07-09T20:08:19.578Z","","","","","",""
"SPINY","AcjrMcqY2hgJmC3hRU3XSeg5wYjj5feGvjAmAqWNpump","","","","","","","","","","","","","","","","","","","","","","","","","0.000002184","","","","","","2026-07-09T20:09:20.544Z",""
"Shill Me ","2b87XfpLqwXrjotZmmaoLcJW22Kt6jPwHohiXKR5pump","","","","","","","","","","","","","","","","","","","","","","","","","4.563e-7","","","","","","2026-07-09T20:09:21.533Z",""
" ","J3uMZBYNkaseNa8QnVPPiA4uEiqN5b3fYdZb7dsKpump","","","","","","","","","","","","","","","","","","","","","","","","","0.000001672","","","","","","2026-07-09T20:10:22.634Z",""
" ","7hfDeVs3T1tdS2ZAKYM17bpcTQ8P4Pw2fbJkHmgBpump","","","","","","","","","","","","","","","","","","","","","","","","","0.000002372","","","","","","2026-07-09T20:10:23.509Z",""
"PARIS","DYAU85cU9oC7diRqpnJ4z7RZiweZ5PXUy5Appj2xpump","55","3.950617282","","","","","","","","","","","","","","","","","0.00000343","","","","","","","2026-07-09T20:10:24.527Z","","","","","",""
" ","NMJy5rEoZreN5KnsGMxDQxpiP1SCzfr4a6eHm5Lpump","","","","","","","","","","","","","","","","","","","","","","","","","0.000001433","","","","","","2026-07-09T20:10:25.504Z",""
" ","8k8YYafouhxSP7pphywirsXUHLXTHJVUPyEmLwUspump","","","","","","","","","","","","","","","","","","","","","","","","","9.169e-7","","","","","","2026-07-09T20:11:23.493Z",""
" ","9gjqNhG6HhPdiwvydXmz1gjZQSQkHUuRGPkFy383pump","","","","","","","","","","","","","","","","","","","","","","","","","0.000001934","","","","","","2026-07-09T20:11:24.515Z",""
"CASHCOW","9fdzvou5tqp4GQjeajzUbqhBYr89cFXuzr7EvECkpump","67","2.88","","","","","","","","","","","","","","","","","0.000002183","","","","","","","2026-07-09T20:11:25.508Z","","","","","",""
"CASHPIG","HETzhGsREKsQRZKL7z5akeoQqaiYixpHGWMSh8gPpump","67","2.962962961","","","","","","","","","","","","","","","","","0.000005382","","","","","","","2026-07-09T20:12:22.502Z","","","","","",""
" ","EsGnJLEzfpZSUtprHfk8Xh6BH4SjBgmtGDNW3mPipump","","","","","","","","","","","","","","","","","","","","","","","","","0.000002174","","","","","","2026-07-09T20:12:23.501Z",""
" ","GR8dRKCs5D9sA5o6Kx1HqKJnXJXzvLCpQCeCwXBGpump","","","","","","","","","","","","","","","","","","","","","","","","","9.726e-7","","","","","","2026-07-09T20:12:24.502Z",""
"SUMMER","B71sv9oyVYTm6uZdMmFiz1L1K1GTenTLuFYSKiwhpump","69","7","","","","","","","","","","","","","","","","","0.000002188","","","","","","","2026-07-09T20:12:25.498Z","","","","","",""
" ","31F7wNELJaYndTvy8ThgFV9vdqGWJN4Xjtbrhdb3pump","","","","","","","","","","","","","","","","","","","","","","","","","0.000001447","","","","","","2026-07-09T20:13:22.495Z",""
" ","ERpeDcTXjHaE88S5XeCxjfpCgbcn9ukJQ3DUAuxbpump","65","8","","","","","","","","","","","","","","","","","0.000002333","","","","","","","2026-07-09T20:13:23.593Z","","","","","",""
" ","4xijfLph7x5MjQCS3X7spdESdjafygxcBzgGCtYWpump","","","","","","","","","","","","","","","","","","","","","","","","","9.747e-7","","","","","","2026-07-09T20:13:24.506Z",""
" ","7wwFYi6q4ZbMbknYPdWqe5z9GHsWbp3Do2u6Pzbopump","","","","","","","","","","","","","","","","","","","","","","","","","0.000002043","","","","","","2026-07-09T20:13:25.499Z",""
" ","4sCZPv9RjjbN1Divg3ReNiBP48jj1w9KoJhCaaxfpump","65","8","","","","","","","","","","","","","","","","","0.000005322","","","","","","","2026-07-09T20:14:22.494Z","","","","","",""
"maxi","M4HpZGZf4AYwZrCvsGdX2dsTFHmX6kKt3cNuVKapump","68","3.083247688","","","","","","","","","","","","","","","","","0.000002226","","","","","","","2026-07-09T20:14:23.507Z","","","","","",""
" ","9aJzR6XuHAfk7MypYwwYrU7FyHDTgxhHMvFZfi9fpump","77","15","","","","","","","","","","","","","","","","","0.000004111","","","","","","","2026-07-09T20:14:24.501Z","","","","","",""
" ","ESoeW6x71vjXLQ3espUqJXnHsbnjgj49iQgkAYoxpump","","","","","","","","","","","","","","","","","","","","","","","","","0.000001836","","","","","","2026-07-09T20:14:25.537Z",""
" ","HxQDyGyzBoAqAxEEBwm3eJSaEToLWonM4HUSTn6Gpump","81","8","","","","","","","","","","","","","","","","","0.000002314","","","","","","","2026-07-09T20:15:22.524Z","","","","","",""
" ","3AgqLfpQwCiciPnvWmk8Q431HXxB3XgazLWf6o5Mpump","","","","","","","","","","","","","","","","","","","","","","","","","7.772e-7","","","","","","2026-07-09T20:15:23.483Z",""
"BITMINE","uzkqX7WUq4bbGFvYAGNt8suUPBSkRq7MnF7Go2wpump","","","","","","","","","","","","","","","","","","","","","","","","","0.000001381","","","","","","2026-07-09T20:15:25.522Z",""
"hack","GbkTmANXrLjQurAXhbmB8Gzs4uFzaPeAskh9VXyvpump","","","","","","","","","","","","","","","","","","","","","","","","","1.698e-7","","","","","","2026-07-09T20:16:22.496Z",""
"BITMINE","AzxejuPX26gpM85sA9rVXj15fufMqD6jNmr8sfDypump","","","","","","","","","","","","","","","","","","","","","","","","","0.000001385","","","","","","2026-07-09T20:16:23.845Z",""
"Hartwin","HhpSnViPFTEcoPzHk2yrhuHa1qTkamQU1MozcRgWpump","80","2.962962961","","","","","","","","","","","","","","","","","0.000002752","","","","","","","2026-07-09T20:16:24.035Z","","","","","",""
"BITMINE","Axd2ZtDYpbGcn9HkV7NVGPbdKGzYHujQp1PfJvU8pump","","","","","","","","","","","","","","","","","","","","","","","","","0.000001494","","","","","","2026-07-09T20:16:24.492Z",""
"Trilly","FvH11jAqymFRTYJeXWvu3bqc4hFsPhtz6mK8sVe5M2ua","","","","","","","","","","","","","","","","","","","","","","","","","0.000002222","","","","","","2026-07-09T20:17:22.488Z",""
"BITMINE","ErEJy1HgQpCVXav5DZYBnXdXRLZGaLwuWXyvdJT2pump","77","15","","","","","","","","","","","","","","","","","0.000006863","","","","","","","2026-07-09T20:17:23.506Z","","","","","",""
"BITMINE","4bRJpNyLrSY9gPGxrfkUBp4To8XY1TxqeWdTvMrXpump","","","","","","","","","","","","","","","","","","","","","","","","","9.298e-7","","","","","","2026-07-09T20:17:24.505Z",""
"BUFF","Bsuz466jL2tPEHG9dg3y8HkCkdoBtne8xr9x6KDDpump","","","","","","","","","","","","","","","","","","","","","","","","","3.386e-7","","","","","","2026-07-09T20:17:25.476Z",""
"BITMINE","EYnbnSpr6VJenxkq67GupBBuaXvbWa5nNhbRke4Kpump","","","","","","","","","","","","","","","","","","","","","","","","","0.000001797","","","","","","2026-07-09T20:18:22.522Z",""
"CANG","7aUoc8kZH9wW9qhitC5RUyrepJZPFC5nDM4pzfsfpump","","","","","","","","","","","","","","","","","","","","","","","","","3.883e-7","","","","","","2026-07-09T20:18:23.488Z",""
"BITMINE","5uGg8624CzGnzz6vFmxpHxw4CUU3yKArVcjHjUFkpump","65","8","","","","","","","","","","","","","","","","","0.000002137","","","","","","","2026-07-09T20:18:24.482Z","","","","","",""
"Everyday","5hAq9Eu21F567xcmsVC9Y6xHpRiEwciBtUAU8Hjvpump","60","3.3","","","","","","","","","","","","","","","","","0.000008517","","","","","","","2026-07-09T20:18:25.521Z","","","","","",""
"BITMINE","FTPHH52BM5RQ19Zms7GrtsFReHDDJFKBSN7TYEknpump","65","8","","","","","","","","","","","","","","","","","0.000003888","","","","","","","2026-07-09T20:19:22.512Z","","","","","",""
"BITMINE","FrSqraV1YYhCdktqfjv7MpCuBd2GWN3xPv5p8yWBpump","65","8","","","","","","","","","","","","","","","","","0.000002193","","","","","","","2026-07-09T20:19:23.553Z","","","","","",""
"BITMINE","CZ1D9GKiWvYyeUtccSV1eSrXGphvLb6ZaAbyo5xPpump","","","","","","","","","","","","","","","","","","","","","","","","","0.00000132","","","","","","2026-07-09T20:19:24.505Z",""
"BITMINE","8SqMBjLrLRZ3BR6LPgkkBPHYvetXzD3jKAek2cGKpump","","","","","","","","","","","","","","","","","","","","","","","","","0.000001608","","","","","","2026-07-09T20:19:25.519Z",""
"BITMINE","FjmEYdu7xV16oJGJn8g1xjgAXu7bhc4MM7iLMaj2pump","","","","","","","","","","","","","","","","","","","","","","","","","8.124e-7","","","","","","2026-07-09T20:20:22.508Z",""
"BITMINE","2CotLHLeAoqKi4PFxdxGYtmeo61S2WzDLv2tncTTpump","","","","","","","","","","","","","","","","","","","","","","","","","0.000001174","","","","","","2026-07-09T20:20:23.529Z",""
"GAIS","DQjuLhMqE34Zto8KqEvLpDcZeS74wWxLkXhX9wrKpump","67","2.962962961","","","","","","","","","","","","","","","","","0.000003198","","","","","","","2026-07-09T20:20:24.497Z","","","","","",""
"BITMINE","9vhyez6JviWQxEYe5Vfv1hsjy5yE47SznbHGCvNKpump","","","","","","","","","","","","","","","","","","","","","","","","","9.909e-7","","","","","","2026-07-09T20:20:25.523Z",""
"BITMINE","41i5V4zJWrwzG6cQfTYUFDDpkzhnQG6R3mruApnVpump","","","","","","","","","","","","","","","","","","","","","","","","","0.000001272","","","","","","2026-07-09T20:21:22.550Z",""
"toly","6tCN41WUDDv9g1GQaWiFvULvoxuzhSPLKpFGGrwUpump","60","2.962962961","","","","","","","","","","","","","","","","","0.000002814","","","","","","","2026-07-09T20:21:23.493Z","","","","","",""
"BITMINE","ADwgQrLWbTJx3QX2eMBXUeZt146KaKQzEpQPMCu2pump","","","","","","","","","","","","","","","","","","","","","","","","","7.569e-7","","","","","","2026-07-09T20:21:24.501Z",""
"EMBLEMS","5yPDTm5Dvq8YAgHPP5rR5r4sLZU7VvmpQaxfvHt9pump","","","","","","","","","","","","","","","","","","","","","","","","","0.000002202","","","","","","2026-07-09T20:21:25.561Z",""
"BITMINE","2jQ1VAgXKDeonUwJZM7BgMRi7YoNDZD8uqYBCKQLpump","","","","","","","","","","","","","","","","","","","","","","","","","7.878e-7","","","","","","2026-07-09T20:22:22.520Z",""
"Mittens","2d9RJ5F43sL9VsC3iW972itTohpTeDQhKbrPfw8ipump","68","3.03","","","","","","","","","","","","","","","","","0.000008261","","","","","","","2026-07-09T20:22:23.497Z","","","","","",""
"BITMINE","D9Mfihfp2U8gLL9axZ6n5sWmnoYTmVjmoi2JAg1xpump","","","","","","","","","","","","","","","","","","","","","","","","","9.463e-7","","","","","","2026-07-09T20:22:24.506Z",""
"BITMINE","G91ZygXEjyGd49cAtckfcYvCJuuso5tz47tJAMDVpump","","","","","","","","","","","","","","","","","","","","","","","","","3.748e-7","","","","","","2026-07-09T20:22:25.515Z",""
"BITMINE","2B6YGZxX5G8E1J3WcxUG8HX6RTyRy1BcWbZYgyjCpump","","","","","","","","","","","","","","","","","","","","","","","","","0.000001299","","","","","","2026-07-09T20:23:21.907Z",""
"BITMINE","6vQmg45PMG6yfcGzHYEeuadE5VgExoiyKStHF3zgpump","","","","","","","","","","","","","","","","","","","","","","","","","0.00000163","","","","","","2026-07-09T20:23:22.544Z",""
"QUARTER","9VFXhL2hEYYjLXcnYxchiv42ciS14gKEjed87kpDpump","64","4.938271603","","","","","","","","","","","","","","","","","0.000002226","","","","","","","2026-07-09T20:23:24.498Z","","","","","",""
"BITMINE","B3rA6Vh1e9XEiBQ2HnGPuL1v2ARraWPuLBUFWnz5pump","","","","","","","","","","","","","","","","","","","","","","","","","0.000002071","","","","","","2026-07-09T20:24:22.501Z",""
"BITMINE","7EvSPxcqhcKa3WnVE7n92ysNT6AJ4EX5rDozrSgcpump","","","","","","","","","","","","","","","","","","","","","","","","","0.000001026","","","","","","2026-07-09T20:24:25.068Z",""
"CHUD","22nyABAGEbqdAjqg83RzrmXUS2Aez6H54rmRfpyXpump","62","0.49375","","","","","","","","","","","","","","","","","0.000002462","","","","","","","2026-07-09T20:24:25.265Z","","","","","",""
"Kitty","JCEVHxNUULeKEVsjyepXAAWxb9duCodzUvSLvc6gpump","","","","","","","","","","","","","","","","","","","","","","","","","0.000001348","","","","","","2026-07-09T20:25:22.485Z",""
"BITMINE","4uCeii9MxA2YrFnamXZwqFfhRcu5vEob1YPU25Lzpump","","","","","","","","","","","","","","","","","","","","","","","","","6.138e-7","","","","","","2026-07-09T20:25:23.520Z",""
"BITMINE","Bfna1mraQFWvBMRm2GfJefc1Y5KNU1SqtQsTQZWGpump","","","","","","","","","","","","","","","","","","","","","","","","","0.000002279","","","","","","2026-07-09T20:25:24.508Z",""
"BITMINE","2aLYTLibCpVXnpGrqKrfYxi9js33TXRgosZ8sFDgpump","","","","","","","","","","","","","","","","","","","","","","","","","0.000001188","","","","","","2026-07-09T20:25:25.506Z",""
"SUMMER","EJpaYADovyr2NiXaNops625iyxBcXAetxa4vrsLcpump","64","8","","","","","","","","","","","","","","","","","0.000008502","","","","","","","2026-07-09T20:26:23.507Z","","","","","",""
"SUMMER","8EPZVbgVjRVF8hDxJWFNwAQcxuEP5TfPnRUE3kgMpump","","","","","","","","","","","","","","","","","","","","","","","","","0.000001065","","","","","","2026-07-09T20:26:24.645Z",""
"CHUDRISE","22nyJcQb6uknCAxmnzsQQMjn3dUhbNJK7mNXVry4pump","","","","","","","","","","","","","","","","","","","","","","","","","6.549e-8","","","","","","2026-07-09T20:26:25.502Z",""
"SUMMER","6uN6N4KZJE5CKfR9QUJbnDwiUCN6HDqFBvKs4gVhpump","","","","","","","","","","","","","","","","","","","","","","","","","0.000001016","","","","","","2026-07-09T20:27:22.495Z",""
"BONKIN","EciEkEwQEC6EgyT8vD44j2Z6TTNZN9qK3yignbW7bonk","75","4.64125","","","","","","","","","","","","","","","","","0.00001142","","","","","","","2026-07-09T20:27:23.486Z","","","","","",""
"LECTERN","CCkUkBJUCS6LVRCDJeNVgibJfNYJwd1fCG3CSQaepump","57","0.246913579","","","","","","","","","","","","","","","","","0.000001581","","","","","","","2026-07-09T20:27:24.475Z","","","","","",""
"SPINY","4sByQDBiTdfGRDbs1UcNFX9vGVUuH8uCiHuWBZMTpump","84","9.116049381","","","","","","","","","","","","","","","","","0.00000382","","","","","","","2026-07-09T20:27:25.476Z","","","","","",""
"El Wiwi","3gumFnpYLxcHx4P4vtXvzWABbTXPikNwTUx4BSDdpump","76","5","","","","","","","","","","","","","","","","","0.000009717","","","","","","","2026-07-09T20:28:22.528Z","","","","","",""
"SUMMER","BqCvJcWc3ZmHGsvuPUutSq8HZbQdiwknd9skaNUypump","64","8","","","","","","","","","","","","","","","","","0.000006033","","","","","","","2026-07-09T20:28:23.497Z","","","","","",""
"SUMMER","43ZVzf1U1vWZmqAzKG29voTMybbLCVnnVk233kpcpump","","","","","","","","","","","","","","","","","","","","","","","","","0.000002487","","","","","","2026-07-09T20:28:24.524Z",""
"SUMMER","HCpHQZMvW1BcPqNicHY2bWCQ7jxgMdHk9ARghACepump","","","","","","","","","","","","","","","","","","","","","","","","","0.000001594","","","","","","2026-07-09T20:28:25.501Z",""
"SUMMER","57eiFKPnCejwkeSjkPsbeQFxg2fYczDgGdGsHA5Cpump","","","","","","","","","","","","","","","","","","","","","","","","","0.00000179","","","","","","2026-07-09T20:29:22.027Z",""
"SUMMER","82Nh18rQcH9raMmnJzxZX574cTp9sk7XxkHgUHyKpump","","","","","","","","","","","","","","","","","","","","","","","","","0.000001013","","","","","","2026-07-09T20:29:22.537Z",""
"SUMMER","8cvEKE8KWK6AGiy9e1CGpHrcsJ6HCRnQTM1kCHPspump","","","","","","","","","","","","","","","","","","","","","","","","","0.000001116","","","","","","2026-07-09T20:29:24.491Z",""
"SUMMER","G4c9Lry4M4d8W4TabLQFJHLHJDLGGuXVyixHzTRPpump","","","","","","","","","","","","","","","","","","","","","","","","","6.41e-7","","","","","","2026-07-09T20:30:22.488Z",""
"SUMMER","E47uLRRi8n6H62CMZGc4qXGTF3Kn2orqLMtLafcUpump","","","","","","","","","","","","","","","","","","","","","","","","","0.000001831","","","","","","2026-07-09T20:30:23.500Z",""
"SUMMER","92tx35GSGsZdrJUJpZsbj81H7uxGt9b1dk21NJNHpump","","","","","","","","","","","","","","","","","","","","","","","","","6.238e-7","","","","","","2026-07-09T20:30:25.454Z",""
"$jewthius","AMymRX2Nbe6UkXU9GwMAqh2nE3bqWmvPptmJDfV9pump","60","5","","","","","","","","","","","","","","","","","0.000002293","","","","","","","2026-07-09T20:30:25.650Z","","","","","",""
"CRASHCAT","AghVcnS6zWrZJjzRaW2vQteXVWwxn1fwX86RB9kypump","75","4.69","","","","","","","","","","","","","","","","","0.00001672","","","","","","","2026-07-09T20:31:22.487Z","","","","","",""
"Pimpollo","HKZzJW82xgt5tQ3VYHz2q6q5BHvCdKAsqCRhjvxhpump","76","2.962962961","","","","","","","","","","","","","","","","","0.000002287","","","","","","","2026-07-09T20:31:23.492Z","","","","","",""
"SUMMER","FBMHVnvfZyJEbEwJh72dfm7LJvbpyPgc1ubyChenpump","","","","","","","","","","","","","","","","","","","","","","","","","0.000001153","","","","","","2026-07-09T20:31:25.293Z",""
"SUMMER","8y4VvH4X9RbBrX63Db8LryXsc7Jwkt6r7R5eb7copump","","","","","","","","","","","","","","","","","","","","","","","","","0.000001293","","","","","","2026-07-09T20:31:25.503Z",""
"SUMMER","6LqwAon7khf2JxSvg2erXaixG7GKGK63sjNbG7pqpump","","","","","","","","","","","","","","","","","","","","","","","","","0.000001639","","","","","","2026-07-09T20:32:22.591Z",""
"SUMMER","8T5sPmFtHRFFMPSHYzxLzA7GJSmzzoNgeJcXasH3pump","","","","","","","","","","","","","","","","","","","","","","","","","9.413e-7","","","","","","2026-07-09T20:32:23.613Z",""
"SUMMER","G8jqYHC1VxRgUkE9X1X8thRG6BL9K8EqAhqRfkPppump","","","","","","","","","","","","","","","","","","","","","","","","","0.000002668","","","","","","2026-07-09T20:32:25.314Z",""
"SAND","aZ7cS7hHhrVV5eTV5kAYDXs5KGyfEPSQNuP1fmrpump","56","10","","","","","","","","","","","","","","","","","0.000002344","","","","","","","2026-07-09T20:32:25.793Z","","","","","",""
"hack","8Ft7HPYDimukK75bKqZfQHDtGdgSp3fUqm7R2WgQpump","","","","","","","","","","","","","","","","","","","","","","","","","3.28e-7","","","","","","2026-07-09T20:33:22.523Z",""
"SAND","DZfEKmpW3T2mG9XAcHg8aijFoyLAa5dtpVDffRE1pump","56","10","","","","","","","","","","","","","","","","","0.000006178","","","","","","","2026-07-09T20:33:23.500Z","","","","","",""
"ROBCAT","HUXL6w6fEW5TQkXfRqpmUNfTnxyKnzrQkwn3kSpZpump","56","1.48148148","","","","","","","","","","","","","","","","","0.000002409","","","","","","","2026-07-09T20:33:24.505Z","","","","","",""
"GATO","gviuKQ6AXTL5YqTK3gs9YM615xSrro1xq8CVHxDpump","56","1.454005933","","","","","","","","","","","","","","","","","0.000002233","","","","","","","2026-07-09T20:33:25.623Z","","","","","",""
"PROP","6htrDyhRYCg2oGQaJVg6cLvMpKdBdyMSVbgxpiAtpump","","","","","","","","","","","","","","","","","","","","","","","","","2.887e-7","","","","","","2026-07-09T20:34:22.626Z",""
"PROP","4pEj8kBdDA4zV4BgSMtNLCpCgkJteNccT6MtSNVgpump","","","","","","","","","","","","","","","","","","","","","","","","","1.457e-7","","","","","","2026-07-09T20:34:23.602Z",""
"ANTIHOODS","57EFxg4p5m5hqsYASgM7wFXryGkkzouSdSqRRAddYNW4","63","3","","","","","","","","","","","","","","","","","0.000002231","","","","","","","2026-07-09T20:34:24.530Z","","","","","",""
"ANTIHOODS","GfKZJtbt8aHQxhjRy7521rgnRu597y4QkYUvyRM6pump","66","2.8","","","","","","","","","","","","","","","","","0.000002248","","","","","","","2026-07-09T20:34:25.491Z","","","","","",""
"CRCM","F3bX7qdrVMaj68SDUu5ChUUJNTZU59cNBvG42Twjpump","","","","","","","","","","","","","","","","","","","","","","","","","3.98e-7","","","","","","2026-07-09T20:35:20.488Z",""
"LIVEEEEEEE","AdNJtn2E2KTea6nJY9JYQj4z8bfvxLMAhutArhWoiscH","","","","","","","","","","","","","","","","","","","","","","","","","0.000002187","","","","","","2026-07-09T20:35:21.541Z",""
"Haaland","81Q38u2mA4TtcrKbAthUumdJG67bY2wwGFXacaKwpump","","","","","","","","","","","","","","","","","","","","","","","","","0.00000219","","","","","","2026-07-09T20:36:19.494Z",""
"$RUGP","93dfoBMkeqKPhAFdCk3DtnsKQyn44tP9KnYSHf93pump","","","","","","","","","","","","","","","","","","","","","","","","","1.386e-7","","","","","","2026-07-09T20:37:19.550Z",""
"Vortex","ChR3XWBPno6RgdTWf7XoCQFa3w2EV3UwcqrMVPZxpump","100","0","","","","","","","","","","","","","","","","","0.00002366","","","","","","","2026-07-09T20:38:19.520Z","","","","","",""
"MBAPPE","5uLMRpLTpv4KXQehebxMSQShW4QAvrJY1aR2LfpWpump","100","0.060000001","","","","","","","","","","","","","","","","","0.000002268","","","","","","","2026-07-09T20:39:19.593Z","","","","","",""
"Tren","ExWZ8fden1j71L9Za4KTCcYCxvVvyZ4QpXNsYZCcpump","76","1.97530864","","","","","","","","","","","","","","","","","0.00001472","","","","","","","2026-07-09T20:42:20.504Z","","","","","",""
"RWUG","ruDXpwwmxEQ9BR3d2TXDLzTusdRWLVsSUgd7wXCpump","56","1.434638108","","","","","","","","","","","","","","","","","0.000002216","","","","","","","2026-07-09T20:42:21.494Z","","","","","",""
"SPINY","wJSE8bQmozPFbv7gVV2C94yr6fJTMY1NRwdh3VXpump","57","1.608930148","","","","","","","","","","","","","","","","","0.000002187","","","","","","","2026-07-09T20:43:20.487Z","","","","","",""
"Emblem","776bT9kidFMPSs6UbMpThFuvZDWEGTA9g7YTER7spump","86","13.728395059","","","","","","","","","","","","","","","","","0.00001244","","","","","","","2026-07-09T20:43:21.481Z","","","","","",""
"HODL","F39dj4RTLdfeEELkpJuchV746xnKwJyhhK2hooX7pump","67","3","","","","","","","","","","","","","","","","","0.000002188","","","","","","","2026-07-09T20:44:19.533Z","","","","","",""
"ADI","9pgbUxDUF5ov25CNnXCGPeQ7vHozmzfx9BuZg2639nia","","","","","","","","","","","","","","","","","","","","","","","","","0.000002187","","","","","","2026-07-09T20:45:20.472Z",""
"ELWIWI","2FBCsn8uRV5kJJiymjAFRdghVt6PfvZP9XMvfCJypump","","","","","","","","","","","","","","","","","","","","","","","","","2.809e-7","","","","","","2026-07-09T20:45:21.562Z",""
"AGD","F49W692XguXtTCT2tJEUY9dHiZcTamsWtrodTukaDL4Q","","","","","","","","","","","","","","","","","","","","","","","","","0.000002294","","","","","","2026-07-09T20:46:22.482Z",""
"Emblem","7szvWZhshLvvzoKHjEFe2LtXvpCuqtStJAcUhUC1tLpH","55","2.5","","","","","","","","","","","","","","","","","0.000002231","","","","","","","2026-07-09T20:46:23.522Z","","","","","",""
"PULL","EVpymuUVDAERDjuxGgZv1WL2EHMXkv3VHMnMGUapump","55","1.395900925","","","","","","","","","","","","","","","","","0.000002647","","","","","","","2026-07-09T20:46:24.492Z","","","","","",""
"WIGGABUTT","J8f1sEtcDo9wsnN4edqPGk9T21ubosZkBArySfWZpump","55","3.950617282","","","","","","","","","","","","","","","","","0.000002254","","","","","","","2026-07-09T20:46:25.492Z","","","","","",""
"BOOBY","Eggbxg82AX652eUrphTxmUsT3XRE91nU3q2PraZkpump","","","","","","","","","","","","","","","","","","","","","","","","","9.891e-7","","","","","","2026-07-09T20:47:20.486Z",""
"Robin","HNcbPvbufuNgaRKSFhkYymZPVNfzP5HWx3KuiVn2pump","62","4.938271603","","","","","","","","","","","","","","","","","0.000004468","","","","","","","2026-07-09T20:47:21.493Z","","","","","",""
"CASHCAT","Cwtknb25eSB8WchWUaBxAEeL8NN2wyNpBcrvbd2Rpump","91","18.765432097","","","","","","","","","","","","","","","","","0.000009373","","","","","","","2026-07-09T20:48:19.488Z","","","","","",""
"OMG","6fZjrWZ8dWwezDQC9CkPuywgSS81zdAXi43XXPLXpump","57","1.520987653","","","","","","","","","","","","","","","","","0.000002186","","","","","","","2026-07-09T20:49:20.503Z","","","","","",""
"cashcat v2","Hy9G7bQ3EkSP1FAoGYEMpAJnM6h8nLdCu681tayzpump","","","","","","","","","","","","","","","","","","","","","","","","","0.000002549","","","","","","2026-07-09T20:49:21.488Z",""
"GOOB","CNUHuQxV68tg4XJ448gSSJD3rhgQWwvkWLni8LDhpump","67","2.88","","","","","","","","","","","","","","","","","0.000002193","","","","","","","2026-07-09T20:50:19.568Z","","","","","",""
"TP","8xix9z4HyxwjvGnfdKWWo3T7k1Rujqi9mB4Fd5ESpump","81","3.950617282","","","","","","","","","","","","","","","","","0.00000698","","","","","","","2026-07-09T20:51:19.495Z","","","","","",""
"QQNE","EiMqgGzCSnKGKhgDz5Ay3e1yHAwwp6bvBHsXN54Gpump","59","5","","","","","","","","","","","","","","","","","0.000002185","","","","","","","2026-07-09T20:52:20.501Z","","","","","",""
"FYNEON","9WUc3pCD2BmDt9xajVry6NNZsEvgqP3H11Gj2VN1pump","64","2.4691358","","","","","","","138.4","120","-35.5","960","","","","","","","0.000003009","0.000006212","","","","","","2026-07-09T20:52:21.507Z","2026-07-09T20:55:18.658Z","","","","",""
"CASHLESS","9Pmh47pDKVDnwLKSRL8cXQWnghBrzchhiAhcSYWtd8xj","55","9","","","","","","","","","","","","","","","","","0.000002286","","","","","","0.000002183","2026-07-09T20:53:20.492Z","","","","","2026-07-09T20:56:18.594Z",""
"CASHLESS","EUFdqYcKPrNrraJuKjHGtAahxmG9Y5NM8voqSbp1pump","75","7.901234566","","","","","","","","","","","","","","","","","0.000008714","","","","","","","2026-07-09T20:53:21.486Z","","","","","",""
"boop","5vs1KN5YRhT7Yx3bEGL76GzkgiFCHMgaVJGNBaY1pump","67","3","","","","","","","","","","","","","","","","","0.000002229","","","","","","","2026-07-09T20:54:20.546Z","","","","","",""
"191512","3WSMxKnqVmdq3TK7LA2vuUeeTFYJE3CJ6fB7wAHFpump","63","3.03","","","","","","","","","","","","","","","","","0.000002184","","","","","","","2026-07-09T20:54:21.471Z","","","","","",""
"FOIDSLAYER","9sS47zURvfiqjVsPWiFsFCzvnpeELYXiEJ5fGgpwpump","","","","","","","","","","","","","","","","","","","","","","","","","0.000001046","","","","","","2026-07-09T20:56:19.499Z",""
"FBURN","9UedAYrmS58KUdUxoc7QNau3kkcHRFBNQbtiieoupump","56","1.48148148","","","","","","","","","","","","","","","","","0.000002438","","","","","","","2026-07-09T20:57:21.987Z","","","","","",""
"HAND","8XS7qhZedhNfHWqJ8DiKHeXdwv14y8A1FEuz7gMRpump","57","3","","","","","","","","","","","","","","","","","0.000002222","","","","","","","2026-07-09T20:57:22.473Z","","","","","",""
"hoodcraft","13q9Y5se9ggF9cMnJF1w3ryupBsB6KkBCkB9x7G8pump","56","1.502423262","","","","","","","","","","","","","","","","","0.000002187","","","","","","","2026-07-09T20:57:23.475Z","","","","","",""
"SPINY","9Hoc6LmvUvEMUvNwp8qY8xv6uUSXz6ZupJkWQdeUpump","85","9.876543208","","","","","","","","","","","","","","","","","0.000004033","","","","","","","2026-07-09T20:57:24.505Z","","","","","",""
"EVE","CY63GC7gbuwSjzGgjdWxNuh9GJbjgJVBtwiBbC5qpump","67","2.962962961","","","","","","","","","","","","","","","","","0.000002202","","","","","","","2026-07-09T20:58:23.592Z","","","","","",""
"will","FoxG3cQofGBKUCzd3YsNwyTuNE4n5F2MuVV8v2bGpump","63","3","","","","","","","","","","","","","","","","","0.000002194","","","","","","","2026-07-09T20:58:24.194Z","","","","","",""
"SWOLE","DSJNQS2LViSzhRyNXLaCAD7rJwkx618V1Tth9oLopump","56","3.6","","","","","","","","","","","","","","","","","0.00001467","","","","","","","2026-07-09T20:59:22.497Z","","","","","",""
"WIF","CCF3kzrbTZjf91D6jjeX51wvnCXcsAJKW1CA64bo94da","75","4.938271603","","","","","","","","","","","","","","","","","0.000002285","","","","","","","2026-07-09T20:59:23.476Z","","","","","",""
"nigger 232322","7aHVc28VKmeFeiHj7DHdzfJyEmAKxmv8vTcAAxGkpump","67","2.962962961","","","","","","","","","","","","","","","","","0.000002184","","","","","","","2026-07-09T20:59:24.489Z","","","","","",""
"Sendology","5GoR3s7j2mHY6b9pph2Hku56324Wd49i2qnLokh9pump","70","3.5","","","","","","","","","","","","","","","","","0.000002506","","","","","","","2026-07-09T20:59:25.505Z","","","","","",""
"Fool","JAM9p7eyFhmjZ6zqkNkE2mAD61RHZVehRz8cUtPppump","67","2.962962961","","","","","","","","","","","","","","","","","0.000002301","","","","","","","2026-07-09T21:00:23.491Z","","","","","",""
"BBQ","4eYLM35f5PFVTb7v75eGDQPfeKXZHUiukLdiLDkJpump","61","1.97530864","","","","","","","","","","","","","","","","","0.000002883","","","","","","","2026-07-09T21:00:24.765Z","","","","","",""
"TSMOONS","A17AwpDp6U4ZJZtx3WU46zMpawiXFjHE1GYJwhYUpump","57","1.600000001","","","","","","","","","","","","","","","","","0.000003168","","","","","","","2026-07-09T21:00:24.993Z","","","","","",""
"sneed","AVkC18nmyeYsrJe2LSoXhG5fhpTjNh4mej3xL5a4pump","67","2.962962961","","","","","","","","","","","","","","","","","0.000002288","","","","","","","2026-07-09T21:00:25.690Z","","","","","",""
"Maxilla","A4Sifd2DHYJEx6EACYzDKJBDV7aqBkgGAkWCqw8ipump","","","","","","","","","","","","","","","","","","","","","","","","","2.638e-7","","","","","","2026-07-09T21:01:22.489Z",""
"ImG","27mJhkfMGzgmEKRPg8heUAmhHHVov6XUJra8zSRnpump","","","","","","","","","","","","","","","","","","","","","","","","","2.913e-7","","","","","","2026-07-09T21:01:23.528Z",""
"OPTA","3adUvnxzRxeK29FcWEwWZxqE5EhVrg4E7nF1Nx75pump","68","3.083247688","","","","","","","","","","","","","","","","","0.000002214","","","","","","","2026-07-09T21:01:24.486Z","","","","","",""
"FON","5bb3NKLDEwPo4rBiGamNZ6sJfNmBBFCDDGbVGLb8pump","67","2.962962961","","","","","","","","","","","","","","","","","0.000002297","","","","","","","2026-07-09T21:01:25.585Z","","","","","",""
"FON","Cj1s9jYKUeN1JtU61TcFg8GvWtemoY1dTQvjknHopump","67","2.962962961","","","","","","","","","","","","","","","","","0.000002291","","","","","","","2026-07-09T21:02:22.671Z","","","","","",""
"FON","dbkmuuDSweN1fdPkQXgbGdCeXCNbrs1MxemmRZtpump","67","2.962962961","","","","","","","","","","","","","","","","","0.00000229","","","","","","","2026-07-09T21:02:23.471Z","","","","","",""
"PIC-ATSU","6abybiatp2wSAHZGeAUWBzmGkXqi8d2mb8Gb78iApump","55","0.150000001","","","","","","","","","","","","","","","","","0.000002878","","","","","","","2026-07-09T21:02:24.478Z","","","","","",""
"WM","3yAtJfMDkzbctzgyU5zhFNPQwmEXjQpeL8c1gYQ2pump","61","2","","","","","","","","","","","","","","","","","0.00000233","","","","","","","2026-07-09T21:02:25.556Z","","","","","",""
"Cebu","6Lmf4HrjE2VeoXkMxmYcHeiyEEcZ52KMvQ5HbjRapump","67","2.962962961","","","","","","","","","","","","","","","","","0.000002192","","","","","","","2026-07-09T21:03:21.474Z","","","","","",""
"ImG","CGZy1sASqiRBnwpqZQjWARdzojdLHbEBgPTCkbV3pump","56","2.000000001","","","","","","","","","","","","","","","","","0.000002503","","","","","","","2026-07-09T21:03:22.503Z","","","","","",""
"cashless","Ga6WCwH24PQcwy94Cetx6y5FunJp6k4UGuapmSKvpump","","","","","","","","","","","","","","","","","","","","","","","","","0.000002335","","","","","","2026-07-09T21:03:23.513Z",""
"GIN-CHAN","AZ6Jh4anqP2HDknCDuHvVaTqkouyZec9nmUWR8bWpump","67","2.962962961","","","","","","","","","","","","","","","","","0.000002205","","","","","","","2026-07-09T21:03:24.502Z","","","","","",""
"Hedgy","5Z3PN3pwLi4NSfcWzit5uTXShjNpzs7JATV2WFfipump","67","2.962962961","","","","","","","","","","","","","","","","","0.000002187","","","","","","","2026-07-09T21:04:22.546Z","","","","","",""
"SAILOR","DqMYUiqJpwxnYNQmGWZdnKsY7eTzgVaWTHdx7oAJpump","61","1.97530864","","","","","","","","","","","","","","","","","0.000002933","","","","","","","2026-07-09T21:04:23.479Z","","","","","",""
"hood","BczFtvuAJqHB1BkqzHK2iQrqFC4mw78d8PQimnG7pump","56","2.000000001","","","","","","","","","","","","","","","","","0.000002187","","","","","","","2026-07-09T21:04:24.613Z","","","","","",""
"CASH CAT","3NqQQkbkTx2wUH76jdQfyzMSo2Bs4Amgxszv7AdApump","57","0.500000001","","","","","","","","","","","","","","","","","0.0001167","","","","","","","2026-07-09T21:04:25.536Z","","","","","",""
"RANGER","J5v8wHFKj3FLF7gqgmQQSbWcucrunfYeCxDs2X1pump","55","1.357161697","","","","","","","","","","","","","","","","","0.000002371","","","","","","","2026-07-09T21:05:22.328Z","","","","","",""
"Ascend","EEk13D39ng6GmLWHcJQbH2fDCyaZcAFncMuhGH7Zpump","67","2.962962961","","","","","","","","","","","","","","","","","0.00001772","","","","","","","2026-07-09T21:05:23.485Z","","","","","",""
"ADGS","2kMhkt44gbqNYHagErgcM7gGdRt3YuyFMCHTDHDfpump","","","","","","","","","","","","","","","","","","","","","","","","","9.677e-8","","","","","","2026-07-09T21:06:19.501Z",""
"Baked","AFpYQiy9PMUG8QF3YWQUMChexCsRvpo3FkbcoZbopump","61","1.97530864","","","","","","","","","","","","","","","","","0.000002233","","","","","","","2026-07-09T21:07:22.519Z","","","","","",""
"ROTATOR","2eaQXbFYrDLbPnZzmqFep5ct1mC3spz8basHoHM6pump","55","1.382716047","","","","","","","","","","","","","","","","","0.000002569","","","","","","","2026-07-09T21:07:23.523Z","","","","","",""
"Mittens","7YfrfXZzrMNuZMFSLiSi36xtk2f9JwEDYnztZF4Dpump","67","2.88","","","","","","","","","","","","","","","","","0.000002188","","","","","","","2026-07-09T21:07:24.834Z","","","","","",""
"bopdog","83vrQgpQXs9SyU7jx2XG8rMbFTqtifWE2HTYpMK4pump","61","2","","","","","","","","","","","","","","","","","0.000002432","","","","","","","2026-07-09T21:07:25.059Z","","","","","",""
"FATCAT","CnDkxB6ZikULJ5dSHhQXC87fbTEYmEAH9JtYkd7Npump","67","3","","","","","","","","","","","","","","","","","0.000002204","","","","","","","2026-07-09T21:08:21.534Z","","","","","",""
"PUH","6Xey4Qu69E3n2oJVCsBs2zuKkntX34nhj2oHuhZqpump","83","5.560493826","","","","","","","","","","","","","","","","","0.000002493","","","","","","","2026-07-09T21:08:22.566Z","","","","","",""
"MBAPPE","4jsoa7hJ98h5tECTN5aYdeopq8yaChWqbmR8dy8Tpump","","","","","","","","","","","","","","","","","","","","","","","","","5.073e-7","","","","","","2026-07-09T21:08:23.475Z",""
"PVE","C6fEhuovEH7PQpFc1KVJLk869atxGk6a1SwRdaYpNx2T","","","","","","","","","","","","","","","","","","","","","","","","","0.000002196","","","","","","2026-07-09T21:09:21.493Z",""
"FLIPRISE","5LtMm7bicBTAT3TYqi2BN5bu9hJPYddgKD11KchLpump","72","3.950617282","","","","","","","","","","","","","","","","","0.000002809","","","","","","","2026-07-09T21:10:21.525Z","","","","","",""
"PARIS","BzAgshDMFnYVuRZQbBQYAKASxevCEPTf3ut9Sv4jpump","55","3.950617282","","","","","","","","","","","","","","","","","0.000002187","","","","","","","2026-07-09T21:11:22.524Z","","","","","",""
"poorcat","4uPLSRstf9M1zxymGrfNtdDX45ZmgZ4hWfN6uw2cpump","","","","","","","","","","","","","","","","","","","","","","","","","2.54e-7","","","","","","2026-07-09T21:11:23.551Z",""
"Pornessi","9E53RYeRJs2DwwrhriBtUrz4ruJ7D7kgtVpmuUt3pump","76","2.962962961","","","","","","","","","","","","","","","","","0.00001066","","","","","","","2026-07-09T21:11:24.533Z","","","","","",""
"Cashcats","43TnoHtz3wfTXjxDMSFrz6zaxfFwhzUXnB7pnkh2pump","68","3.03","","","","","","","","","","","","","","","","","0.000002193","","","","","","","2026-07-09T21:11:25.552Z","","","","","",""
"Collette","GGw3Psw12T17bbEKWPSEwKuqLTfCcyDrFndC5ed1pump","67","2.962962961","","","","","","","","","","","","","","","","","0.000002185","","","","","","","2026-07-09T21:12:22.459Z","","","","","",""
"AAAA","9tmahBtx64igVWfqreWV9Px3Lpdu7QvbEekQko8Epump","67","2.962962961","","","","","","","","","","","","","","","","","0.000002207","","","","","","","2026-07-09T21:12:23.474Z","","","","","",""
"パンダ","9FiUnoA9Ej91M6gfqNb4noDVndv3TtVYx2mKxi1ipump","67","2.962962961","","","","","","","","","","","","","","","","","0.000002185","","","","","","","2026-07-09T21:13:21.502Z","","","","","",""
"RSB","A5PXxZ6uWQnDDb4E2H8gmZMtRqHHRGUr5QPRNuRXpump","78","0.246913579","","","","","","","","","","","","","","","","","0.000009212","","","","","","","2026-07-09T21:13:22.508Z","","","","","",""
"Emblem","xo9Y2AL8V2W6DJN5yxGsb3etK3HdHieG82NgAfHjZhn","60","2.5","","","","","","","","","","","","","","","","","0.000002286","","","","","","","2026-07-09T21:13:23.490Z","","","","","",""
"T3MP3ST","6REZxCSrz4E1GeZMaDG8YnqKcFrTMWA6mxY24DWLpump","59","4.938271603","","","","","","","","","","","","","","","","","0.000003211","","","","","","","2026-07-09T21:14:21.531Z","","","","","",""
"BABYLEVI","DonBLaKtLQ1JpmUp2Jr9NobwDFK3QyhnMkTbFRKgpump","67","2.962962961","","","","","","","","","","","","","","","","","0.000002183","","","","","","","2026-07-09T21:14:22.475Z","","","","","",""
"Trumprot","BYSBmWfN5aQwGtUXjtMittqtNLA9TYCREr3qhQN6pump","59","5","","","","","","","","","","","","","","","","","0.000002286","","","","","","","2026-07-09T21:14:23.512Z","","","","","",""
"ZEBII","8iqJP2JrJUsVdKwz5Eo69ZkNFtGRh1kjVv82nEeLpump","61","1.97530864","","","","","","","","","","","","","","","","","0.000002658","","","","","","","2026-07-09T21:15:18.702Z","","","","","",""
"mbappe","FvELHYz8ZKC84Vk7PwLdMWYZZdbAF6kHQ2g91dgnpump","","","","","","","","","","","","","","","","","","","","","","","","","2.369e-7","","","","","","2026-07-09T21:16:20.541Z",""
"CET","5X3TZoy6koh3KMjFFT9kCy9S1Q9z8F9LuUz7Dimrpump","","","","","","","","","","","","","","","","","","","","","","","","","0.000001197","","","","","","2026-07-09T21:16:21.502Z",""
"MCRAPPE","6T3v4g1XvJ5np8FZboNHCDKygHZL7CXPfFW3k2RTpump","61","2","","","","","","","","","","","","","","","","","0.000002247","","","","","","","2026-07-09T21:17:22.496Z","","","","","",""
"nugget","GJuB2LN1RmkdHJHb9YBagTRAdKCPZTagXyoJf3EWpump","61","2","","","","","","","","","","","","","","","","","0.000004141","","","","","","","2026-07-09T21:17:23.537Z","","","","","",""
"250","5xaqQPiJv45tZVSeFX5xLemK1eFB7ap8t53egEazpump","","","","","","","","","","","","","","","","","","","","","","","","","1.536e-8","","","","","","2026-07-09T21:17:24.491Z",""
"ASSHATS","FWvxhDWUGzggCuDU5sJLpQ7cJeXJDZEDK53SDApNpump","56","3","","","","","","","","","","","","","","","","","0.000007541","","","","","","","2026-07-09T21:17:25.477Z","","","","","",""
"Robin","M8ezRQc77eC3gyjhSHVkQ3x4kNGCfHbJxv4BhLJpump","67","3","","","","","","","","","","","","","","","","","0.000002207","","","","","","","2026-07-09T21:18:21.730Z","","","","","",""
"JUGGERNAUT","9iDmXsDGUFJZ3SHXKodfFm45cju4MLEQSgvn1bXrpump","85","10","","","","","","","","","","","","","","","","","0.000002474","","","","","","0.000002303","2026-07-09T21:18:22.011Z","","","","","2026-07-09T21:20:18.587Z",""
"FCM","DRtfzGNKRoSRJtB82ncqjTSm6iBdB9SZFtFTHci6pump","57","1.599999999","","","","","","","","","","","","","","","","","0.000002184","","","","","","","2026-07-09T21:18:22.531Z","","","","","",""
"RSB","91r2HkvPT8GBDYxAkrDpnXxc3uU3jGYeLGKXQX4Zpump","","","","","","","","","","","","","","","","","","","","","","","","","6.879e-7","","","","","","2026-07-09T21:19:19.477Z",""
"Everyday","5idGdapLo3jFAEMxM7zUFtNm8bDa8WBtjBHrPikhpump","59","3.3","","","","","","","","","","","","","","","","","0.000002185","","","","","","","2026-07-09T21:20:20.482Z","","","","","",""
" ","AFZ3AJXz1QD8UJuq2VyKQJBvEycM6MxMC8uwR3B9pump","60","3.3","","","","","","","","","","","","","","","","","0.000002185","","","","","","","2026-07-09T21:20:21.633Z","","","","","",""
"JUGGERNAUT","ASS6mnHAAyWfzmYCc2TGEgxzMDAvwxrRyBg1R9qopump","72","5","","","","","","","","","","","","","","","","","0.000003752","","","","","","","2026-07-09T21:21:20.473Z","","","","","",""
"Roider","6RrS2SzekBY7inT6Gb5wPufKv17S7Xs8qgGodJa5pump","","","","","","","","","","","","","","","","","","","","","","","","","2.663e-7","","","","","","2026-07-09T21:21:21.479Z",""
"BULL","FAiuwSNramZBBHN2jyya5XcmDh6M6VAdCZunJuVQpump","58","1.639150616","","","","","","","","","","","","","","","","","0.000002192","","","","","","","2026-07-09T21:22:22.483Z","","","","","",""
"GATO","CyGf9GvUeLDtz2ZBoN5ZaMwN7YQZ3UJ99rmQ2jyMpump","58","5","","","","","","","","","","","","","","","","","0.000002198","","","","","","","2026-07-09T21:22:23.507Z","","","","","",""
"MCRAPPE","Av49Ki2TT885nQc8UKkW8FQMXZ7RAGc8ubyW4zNmpump","56","2","","","","","","","","","","","","","","","","","0.000002226","","","","","","","2026-07-09T21:22:24.466Z","","","","","",""
"will","5et1B98cFEuMtmqM2LdjHTogbZbo8HbYaRKafPm5pump","60","1.95","","","","","","","","","","","","","","","","","0.000002185","","","","","","","2026-07-09T21:22:25.456Z","","","","","",""
"bullcat","5Vr2VXe3b3tHJQj1Rh2oBCC1KY8P45mLMrChgzJxpump","64","2.4691358","","","","","","","","","","","","","","","","","0.000003173","","","","","","","2026-07-09T21:23:21.529Z","","","","","",""
"Vludumir","7iYxAT9rozErp52qJdeuBGVSvfJiSNZLNKiDwyZvpump","57","1.524395059","","","","","","","","","","","","","","","","","0.000002227","","","","","","","2026-07-09T21:23:22.511Z","","","","","",""
"KITTLER","2L7QuDhibzdYdJmHvQts5HQGUJeKQbdsG84WyAh4pump","56","3","","","","","","","","","","","","","","","","","0.000002606","","","","","","","2026-07-09T21:23:23.480Z","","","","","",""
"CET","GcBCWXXfXba5CGpSXyeQi1aruXUqBYZu5GizH6Yfpump","","","","","","","","","","","","","","","","","","","","","","","","","1.449e-7","","","","","","2026-07-09T21:25:21.469Z",""
"CASHLESS","5HTtpWSzsu51hVM5GyNsWGxFD8FMiYS7PHZDcY8wpump","98","14.814814813","","","","","","","","","","","","","","","","","0.000004907","","","","","","","2026-07-09T21:25:22.459Z","","","","","",""
"WISHBONE","3Aq9t5FKUxphqcn68rVhgvkhBnJyKEPPpGJmzQbXpump","60","1.966192591","","","","","","","","","","","","","","","","","0.00001798","","","","","","","2026-07-09T21:25:23.491Z","","","","","",""
"BHR","A7XrsbFgDMzZogZaiMMHDN8fnnZUksFSd5R2QeERpump","56","1.450000001","","","","","","","","","","","","","","","","","0.000002397","","","","","","","2026-07-09T21:28:18.515Z","","","","","",""
"ceshcut","ACeuvNKTGhyLuFiHHCmd7aXdmcc742ZZjRAaEPojpump","100","7.000000001","","","","","","","","","","","","","","","","","0.000002181","","","","","","","2026-07-09T21:28:18.545Z","","","","","",""
"POPLET","1fP5P6jJxhuntS1WCoXs6q39N6mrWR9oJKVvz4vpump","56","1.444322084","","","","","","","","","","","","","","","","","0.000002194","","","","","","","2026-07-09T21:28:20.479Z","","","","","",""
"CAT","AvrXfnL4teJZwqyYB5W9r617ARdW89xqxU6RYM1Jpump","61","2","","","","","","","","","","","","","","","","","0.000002283","","","","","","","2026-07-09T21:28:21.462Z","","","","","",""
"REALLYK","GR5Ta6ZhEsUTooGTMYkbt5V472SaqyHKcKqm92cfpump","","","","","","","","","","","","","","","","","","","","","","","","","5.192e-7","","","","","","2026-07-09T21:29:22.528Z",""
"ASMR","CnJAZQzox9BPnMcc5wDbyNpWggDTSCV4SShQ65Z8pump","","","","","","","","","","","","","","","","","","","","","","","","","2.465e-7","","","","","","2026-07-09T21:29:24.466Z",""
"Memetic","4QhaQVKGxCdm1WygpMZnjx1b1VNrPAFsYZwvDb1Rpump","","","","","","","","","","","","","","","","","","","","","","","","","4.545e-7","","","","","","2026-07-09T21:29:25.463Z",""
"PLAS","6LrN5xYAyURezt3hKYmfjEt7Qzs58eo9y5EAVXxqpump","67","3","","","","","","","","","","","","","","","","","0.000002181","","","","","","","2026-07-09T21:30:22.476Z","","","","","",""
"GOOALPPÈ","7iZRgoiX3qPqeMyFgo5pB8ySVqzidN1nSatLWt1Ypump","","","","","","","","","","","","","","","","","","","","","","","","","1.276e-7","","","","","","2026-07-09T21:30:23.470Z",""
"Airport","D45EfhSYxdbkYugGbFhN17xHbe1C6tiNMc8EJcCTpump","63","3","","","","","","","","","","","","","","","","","0.000002181","","","","","","","2026-07-09T21:30:24.479Z","","","","","",""
"Memetic","HREuvd9ujEuUKNTyeX96K8k91chwnjE7b2C72VG6pump","","","","","","","","","","","","","","","","","","","","","","","","","5.878e-7","","","","","","2026-07-09T21:30:25.545Z",""
"CET","CxC6tSwQgJy78JznR7gxzbusuFZ4UQUWGTRoXJ1Kpump","74","0.060000001","","","","","","","","","","","","","","","","","0.000002383","","","","","","","2026-07-09T21:31:22.509Z","","","","","",""
"Memetic","2hbYV8Arqc2AGNZAkLNzxLQFw5vLM9vTkCTmHDehpump","","","","","","","","","","","","","","","","","","","","","","","","","3.019e-7","","","","","","2026-07-09T21:31:23.483Z",""
"Memetic","8kttWt3sXrEHac7yeMnfmaARN56VauGJXyCLfv4Ppump","","","","","","","","","","","","","","","","","","","","","","","","","4.94e-7","","","","","","2026-07-09T21:31:24.526Z",""
"FOMO","5d32VbhzA6EUKbZPvntqfoFX3BKrxECLdQdE5Ejnpump","85","10.000000001","","","","","","","","","","","","","","","","","0.000004676","","","","","","","2026-07-09T21:31:25.471Z","","","","","",""
"Memetic","Ad9gpeuKr8BognakvAJY73NUZKv2zvLUoEsgZxX6pump","","","","","","","","","","","","","","","","","","","","","","","","","0.000001053","","","","","","2026-07-09T21:32:19.518Z",""
"BLYAT","HvXKRr4EmJ3aYWPkmxxCHpCfGzET1nRxm2DhCRH6pump","","","","","","","","","","","","","","","","","","","","","","","","","0.000001152","","","","","","2026-07-09T21:33:21.502Z",""
"Memetic","Ca9DyVoKsZ5oWKVPug3FDVTcNm59Dv2FdLggMDfbpump","","","","","","","","","","","","","","","","","","","","","","","","","0.000002975","","","","","","2026-07-09T21:33:22.473Z",""
"BLYAT","HS8TG9Cp9oLdUZC6vQbHTYH1pUbEp9Hv5Tqa9S6ypump","","","","","","","","","","","","","","","","","","","","","","","","","0.000002168","","","","","","2026-07-09T21:33:23.538Z",""
"Dog","5JzRcWJZgeWyfV3mMqn9QMsa6GgsPzjP9BQLAj3wpump","76","3.950617282","","","","","","","","","","","","","","","","","0.000002182","","","","","","","2026-07-09T21:34:20.487Z","","","","","",""
"BLYAT","7yJB6jmfgtQy65ZHmSACG24MrtCAroEuwWdEF9q5pump","","","","","","","","","","","","","","","","","","","","","","","","","0.000001571","","","","","","2026-07-09T21:34:21.525Z",""
"BLYAT","EE1NhMdAJEmrf5e1PP3TWreKNegwErVEibszKNBRpump","","","","","","","","","","","","","","","","","","","","","","","","","0.000001289","","","","","","2026-07-09T21:35:22.532Z",""
"TRUMP","AyjNusUj6rG33rdTx2ua1NnXJwPegVTobJi533L5pump","59","3.3","","","","","","","","","","","","","","","","","0.000002284","","","","","","","2026-07-09T21:35:23.464Z","","","","","",""
"RedRoger","2S7YiR8eDJLt87oeeyBwCyHJgbzyG7NGVH8cNv47pump","67","3","","","","","","","","","","","","","","","","","0.000002283","","","","","","","2026-07-09T21:35:24.518Z","","","","","",""
"BAGSEMWORK","2VVLvCaKWnsnrtPCg67Qog4TUbdDu8msS42ydb1hpump","66","2.716049381","","","","","","","","","","","","","","","","","0.000002182","","","","","","","2026-07-09T21:35:25.535Z","","","","","",""
"BLYAT","J7L9jaZ5ktNBuPxBYzE4EPyW12qk4uWYwm1pf2enpump","","","","","","","","","","","","","","","","","","","","","","","","","0.00000152","","","","","","2026-07-09T21:36:22.562Z",""
"PORTIVA","BmkZYiL1C1U15Ev84GB2i2VvgaGMpQ976jXM4rbdpump","56","1.48148148","","","","","","","","","","","","","","","","","0.000002181","","","","","","","2026-07-09T21:36:23.470Z","","","","","",""
"Protect","E2wMwNs9HRyx7YvoPdwcrSBUzkifc4P7fFbF74EDpump","","","","","","","","","","","","","","","","","","","","","","","","","0.000002218","","","","","","2026-07-09T21:36:24.478Z",""
"BLYAT","GQ3pK3b4pFJqs7zceCLKtVzdw1WJuA4D212yFsnepump","79","8.000000001","","","","","","","","","","","","","","","","","0.000002275","","","","","","","2026-07-09T21:36:25.641Z","","","","","",""
"CATIT","51cwK9isuqM5VLG9KjgMKCaTcrkpZGbYidBbpK9Upump","55","1.34222222","","","","","","","","","","","","","","","","","0.000002283","","","","","","","2026-07-09T21:37:22.500Z","","","","","",""
"baebaedb","5tSxgo1H3Lq9kS9X5UQUELwLgrV3hAjfwG2DAFFUpump","90","16.790123455","","","","","","","","","","","","","","","","","0.000005307","","","","","","","2026-07-09T21:37:23.563Z","","","","","",""
"BLYAT","CRhX6mDtmTM2gCDeiPAdHvYgvFGPjGxS2KZ7nDfEpump","","","","","","","","","","","","","","","","","","","","","","","","","0.000001899","","","","","","2026-07-09T21:37:24.474Z",""
"robinhood","8EDXDXV28YR7hjCoNaA4bAoVJBPPrcdbJKTfwZXBpump","55","1.353985183","","","","","","","","","","","","","","","","","0.000002283","","","","","","","2026-07-09T21:37:25.493Z","","","","","",""
"PIH","7VGoX4JoZfU83GhRURrSJo9TeUgVuYLEHGL59HeZpump","59","1.778469134","","","","","","","","","","","","","","","","","0.000002182","","","","","","","2026-07-09T21:38:22.603Z","","","","","",""
"REALLYK","F3SaHaFCS68S5dBR5qUu5tyogbwqgu41nzG7gqbVpump","","","","","","","","","","","","","","","","","","","","","","","","","2.132e-7","","","","","","2026-07-09T21:38:23.469Z",""
"Mbape","FVxU55e7dMDV1cTD5LByCorUgiCBfrEXFoupziWf8BQa","75","4.938271603","","","","","","","","","","","","","","","","","0.00000561","","","","","","","2026-07-09T21:38:24.444Z","","","","","",""
"dave","6W9oCHjYSWvm7uL4oiftnLVg77K7Yiq61v5rzL14pump","79","6.419753084","","","","","","","","","","","","","","","","","0.000004672","","","","","","","2026-07-09T21:38:25.484Z","","","","","",""
"BAGSEMWORK","9c8DahoHZiBhMzUeW3cnPGZbR86mtEMAHp924J4pump","64","2.469135801","","","","","","","","","","","","","","","","","0.000002883","","","","","","","2026-07-09T21:39:20.453Z","","","","","",""
"PUH","BVf7pSjKAPE6stjhmpWCU8LyAphxbPxwSHF6svCYpump","60","1.883456788","","","","","","","","","","","","","","","","","0.00001408","","","","","","","2026-07-09T21:39:21.471Z","","","","","",""
"CUPSEYWIF","FuuXgvxji3Tmfqn5UvmgBYgs6fF8ficjPc3N1ftbpump","87","11.85185185","","","","","","","","","","","","","","","","","0.00001701","","","","","","","2026-07-09T21:40:19.462Z","","","","","",""
"nightfcoin","6ZKUTDoP4WfbhtiYpiZtD3JwBPmLTj98KMFTSKaepump","","","","","","","","","","","","","","","","","","","","","","","","","0.000001138","","","","","","2026-07-09T21:41:20.474Z",""
"BLYAT","AY7Z8Fcm2iwEoGEez9TpNT5UiMEyYzqkympC98kWpump","","","","","","","","","","","","","","","","","","","","","","","","","6.587e-7","","","","","","2026-07-09T21:41:21.476Z",""
"nightfcoin","BYr2NAQuTFSLyaaUfZhB32czTsnN9ZRxjjJHVy7Lpump","","","","","","","","","","","","","","","","","","","","","","","","","1.91e-7","","","","","","2026-07-09T21:42:21.498Z",""
"IPO","GDBdMGYfvJMCqaT2QTfDjMB3jeRQPF7dJykx5SCRpump","64","2.4691358","","","","","","","","","","","","","","","","","0.000002181","","","","","","","2026-07-09T21:42:22.465Z","","","","","",""
"lockin","FUpP55GsG1L35iM7KTZTzHJ62CPP7Zh65eyWoK7fpump","60","5","","","","","","","","","","","","","","","","","0.000002225","","","","","","","2026-07-09T21:42:24.459Z","","","","","",""
"trader","DjJPiMNkCTpcp9bwpwzfVRmLsYEWLwmBmv8hwVvepump","63","3","","","","","","","","","","","","","","","","","0.00000218","","","","","","","2026-07-09T21:43:22.286Z","","","","","",""
"nightfcoin","23Qak1thYpNh6W1AHbmW3qXFzaUbmtsgbW56k9k8pump","","","","","","","","","","","","","","","","","","","","","","","","","4.198e-7","","","","","","2026-07-09T21:43:23.533Z",""
"RETAIL","9qQSa5gZgWvhyHMEjPDebwygzwMNGVW6UBQFV7utpump","80","5.254320986","","","","","","","","","","","","","","","","","0.000002179","","","","","","","2026-07-09T21:43:24.463Z","","","","","",""
"MONKEY","98RzSR5i99wZDGxhoaQbnt1Xbbm2j9BWH6sKPX7Rpump","69","1.100000001","","","","","","","","","","","","","","","","","0.000004681","","","","","","","2026-07-09T21:44:21.513Z","","","","","",""
"nightfcoin","3cziQuyQ4TNgod6ysqWZrnidm5rT5zT4izGecKxbpump","","","","","","","","","","","","","","","","","","","","","","","","","0.000002939","","","","","","2026-07-09T21:44:22.618Z",""
"LIST","6RHUNR3msoYheShY9s4gFSd2CF7c1a2gwAp8LeiQpump","85","9.580246912","","","","","","","","","","","","","","","","","0.000006068","","","","","","","2026-07-09T21:44:23.525Z","","","","","",""
"nightfcoin","BuHdLsHZPJsX3ivdpwt5dDkUoAJte1NwkmUHCvCpump","","","","","","","","","","","","","","","","","","","","","","","","","2.599e-7","","","","","","2026-07-09T21:45:22.444Z",""
"AFFIRM","HftVXkiJb95QxCTEQe9YPVAyUPvuobLBL9GH1cq5ux7y","","","","","","","","","","","","","","","","","","","","","","","","","0.00000228","","","","","","2026-07-09T21:45:23.463Z",""
"Tobi","BwRqt6ZHMYPGWJVjWSEVNqfrdKJNs2EN5oQip5jjpump","55","2.5","","","","","","","","","","","","","","","","","0.000002185","","","","","","","2026-07-09T21:45:24.458Z","","","","","",""
"nightfcoin","2Vjd1UmHVfjUsrzdPFYV3J8JSPKGWUPa1BQDMRefpump","","","","","","","","","","","","","","","","","","","","","","","","","3.763e-7","","","","","","2026-07-09T21:46:22.499Z",""
"Calli","Af4YVCNoZ45PfQRAk9gKGcyLF4SV5kYJPfUkoq9vpump","60","1.919219751","","","","","","","","","","","","","","","","","0.000002207","","","","","","","2026-07-09T21:46:23.509Z","","","","","",""
"SHITCOINS","BBCyXdmGk1UDPrdEX8637D412wUzBV9Rq9esZzC2pump","64","2.5","","","","","","","","","","","","","","","","","0.000002222","","","","","","","2026-07-09T21:46:24.474Z","","","","","",""
"FFFMbappe","BG13u9v5Gg2N8HthcJzrQv1AQwm1C1HbkkKXnvV2pump","","","","","","","","","","","","","","","","","","","","","","","","","1.151e-7","","","","","","2026-07-09T21:46:25.478Z",""
"Var","79XMALoEBU5SfZsTaLzKUjrjWA1RzRZeauvCReRppump","","","","","","","","","","","","","","","","","","","","","","","","","7.413e-7","","","","","","2026-07-09T21:47:22.487Z",""
"ROGER","GM8Qc79xGqc67eoU9v3WZobKh3mPtoUpgzFXziTfpump","67","3","","","","","","","","","","","","","","","","","0.000002201","","","","","","","2026-07-09T21:47:23.466Z","","","","","",""
"nightfcoin","Ai2FQNTGPqRb3xPuP8Lbnmsj5JxjZueYwz74aV4Spump","","","","","","","","","","","","","","","","","","","","","","","","","0.000001371","","","","","","2026-07-09T21:47:24.491Z",""
"FRANKIE","2817vv5QPjyKgebswDWUcjvgi9t96oKPK1YaNh97pump","","","","","","","","","","","","","","","","","","","","","","","","","0.000001102","","","","","","2026-07-09T21:47:25.454Z",""
"Var","C2B6ffAq9jFrSmZgWyhUcTkrmCZawSyeddBFucVHpump","56","0.98765432","","","","","","","","","","","","","","","","","0.000001444","","","","","","","2026-07-09T21:48:22.463Z","","","","","",""
"PAIDREPLY","Fj8xCRpAzqvjKLA2Ap2tbcXNtE7bTZrzHCBn3noBDyos","56","1.48148148","","","","","","","","","","","","","","","","","0.000002413","","","","","","","2026-07-09T21:48:23.646Z","","","","","",""
"schemer","p9gJytZE79vWRQabeThLCA1fvjmZj1mS6qu8hAcpump","58","1.647656094","","","","","","","","","","","","","","","","","0.000002188","","","","","","","2026-07-09T21:48:24.472Z","","","","","",""
"nightfcoin","7shMexyJ5BZeioefF7hRu8DuVZqJYtGtft1Gpghcpump","","","","","","","","","","","","","","","","","","","","","","","","","4.258e-7","","","","","","2026-07-09T21:48:25.452Z",""
"SOLARIANS","E649Qmmf3a1WxAeYC449R3uWDmhq7Vybq8QVQTc6pump","55","1.4","","","","","","","","","","","","","","","","","0.000002183","","","","","","","2026-07-09T21:49:22.464Z","","","","","",""
"LIMECAT","7fsByWNTuwPkZTA8rJQbg4XtkYyKVGHVNhVkiHQMSpHa","67","2.962962961","","","","","","","","","","","","","","","","","0.000002197","","","","","","","2026-07-09T21:49:23.490Z","","","","","",""
"GREEN","HiK9fHXhhCH3m3VKMH9uD4AvBoZdA23ReijTz8Dvpump","","","","","","","","","","","","","","","","","","","","","","","","","0.000001047","","","","","","2026-07-09T21:49:24.587Z",""
"nightfcoin","6AYRzJ91JBYt1VAuDeB4vrT2QWBwsMCthzhUAKm5pump","","","","","","","","","","","","","","","","","","","","","","","","","3.788e-7","","","","","","2026-07-09T21:49:25.510Z",""
"Robin","3wVaRf7Uoxagw5t7DJoHaBMDXispzbGh1auSZgwrpump","62","4.938271603","","","","","","","","","","","","","","","","","0.000003269","","","","","","","2026-07-09T21:50:22.463Z","","","","","",""
"Clih","9X8tXbrDRq89AHvz2rtSrPJDJGekoHu5iMYiArHFpump","","","","","","","","","","","","","","","","","","","","","","","","","7.974e-7","","","","","","2026-07-09T21:50:23.594Z",""
"ZUCC","CcZcdwHt1i5ap5zZRpAh7rkJeX2UEmYFRT34Tub4pump","57","5","","","","","","","","","","","","","","","","","0.000002283","","","","","","","2026-07-09T21:50:24.459Z","","","","","",""
"DK64","AoJW3PXQRjRGWwjQuUrQJFa8t3B3FS9GfAaAJJrWpump","89","14.600000001","","","","","","","","","","","","","","","","","0.000004886","","","","","","","2026-07-09T21:50:25.583Z","","","","","",""
"CATSPOLY","5amPNPtwHyLJhA8crJwnL1JHXtjy4a5qHDuAvaPSpump","57","1.617132584","","","","","","","","","","","","","","","","","0.000002226","","","","","","","2026-07-09T21:51:22.506Z","","","","","",""
"OnGodBruh","7dnhm3vATyXwUWUVMCKr9X73UTQST9VMnV1BdXAEpump","58","1.679012343","","","","","","","","","","","","","","","","","0.000002199","","","","","","","2026-07-09T21:51:23.494Z","","","","","",""
"Vivante","4m59T8Rx6DNXjqWPeQtX1o7HySJ8hSedwhJnEVWEpump","58","3.3","","","","","","","","","","","","","","","","","0.000002392","","","","","","","2026-07-09T21:51:24.470Z","","","","","",""
"nightfcoin","5MD4CaAKcNoMM7d4XemkurX6XdziThUxYrYZViJHpump","","","","","","","","","","","","","","","","","","","","","","","","","4.911e-7","","","","","","2026-07-09T21:51:25.492Z",""
"LMAO!","3vqEqNMQPf31rEiQYc6mJcFvdtSkWMKheKfoZqZhVWMY","","","","","","","","","","","","","","","","","","","","","","","","","0.000002283","","","","","","2026-07-09T21:52:22.469Z",""
"WARUME","HzCGMbNGGmNcYw2dbeCgDhKwAhueYYCmgj3PHENFWmga","67","2.962962961","","","","","","","","","","","","","","","","","0.000007747","","","","","","","2026-07-09T21:52:23.501Z","","","","","",""
"WARUME","E6NaEAShHxNPGykaLMwJ8GoFmM3NGMwgCLf6x1U1pump","59","1.846913578","","","","","","","","","","","","","","","","","0.000002196","","","","","","","2026-07-09T21:52:24.535Z","","","","","",""
"Kim","9inEqrckqgtrRwLo4QFz12yscsdN6esRmrUcR3ywpump","58","1.629629628","","","","","","","","","","","","","","","","","0.000002181","","","","","","","2026-07-09T21:52:25.463Z","","","","","",""
"nightfcoin","DmAPjqP8vgf7x8pzdZwiEKKpahQLtoQVr1FnQfBpump","","","","","","","","","","","","","","","","","","","","","","","","","3.212e-7","","","","","","2026-07-09T21:53:21.460Z",""
"АFК","9eZztgfq87iniWYab9rLZUbza7zhLofQcfvq4SdBpump","55","1.382716048","","","","","","","","","","","","","","","","","0.000002488","","","","","","","2026-07-09T21:53:22.460Z","","","","","",""
"nightfcoin","EJJLDE7iQZrgSZ9kLcaSGtH7Wg4rpKcBrEUwueYRpump","","","","","","","","","","","","","","","","","","","","","","","","","7.278e-7","","","","","","2026-07-09T21:53:23.460Z",""
"Baguette","9Dj9yeRNpgMoygVLva3eEsuJQANK5NMDnJFKzAWWpump","57","5","","","","","","","","","","","","","","","","","0.000002181","","","","","","","2026-07-09T21:54:22.465Z","","","","","",""
"GIN-CHAN","9tainUz3DryjTtxpZNJNfd8FE2ba9N6EoSPmKXyppump","60","1.911683949","","","","","","","","","","","","","","","","","0.000002283","","","","","","","2026-07-09T21:54:23.436Z","","","","","",""
"GOT","E4N9M1NQ8zCBVtD7Ma5qWXFJXKyDMztBE9HrLUANpump","70","2.962962961","","","","","","","","","","","","","","","","","0.000002157","","","","","","","2026-07-09T21:54:24.453Z","","","","","",""
"E.TMbappe","Tjk7EodABEzMNw8qdy17BNS9FxJ6TgWmxucDDg9pump","","","","","","","","","","","","","","","","","","","","","","","","","0.000002899","","","","","","2026-07-09T21:54:25.477Z",""
"GREEN","BHaJBE3FgnWwCHSFfE2KRKziWjTRdbc4ETbWNtC1pump","","","","","","","","","","","","","","","","","","","","","","","","","0.000001265","","","","","","2026-07-09T21:55:21.600Z",""
"Cebu","Gs8JV7q5YHsLBMWckbX3jXAAePqwjxiQYpFr18KCpump","55","1.330567899","","","","","","","","","","","","","","","","","0.00001634","","","","","","","2026-07-09T21:55:22.540Z","","","","","",""
"TRAC","RTMiQ4Bp31yLHPyhRZubtwTmqrwaT63AnHWkps4pump","96","40.000000001","","","","","","","","","","","","","","","","","0.00001193","","","","","","","2026-07-09T21:55:23.621Z","","","","","",""
"IRIS","HSp9hkMvAWwXaKKpBKKFbZfxLERwu9nZooRF6VJVpump","67","2.88","","","","","","","","","","","","","","","","","0.000002225","","","","","","","2026-07-09T21:55:24.454Z","","","","","",""
"ROBOBAPPE","DG6i4oWywujaH2AXGRU4CX8VZVeyXJ2HNHScHiKApump","57","1.539644906","","","","","","","","","","","","","","","","","0.000002222","","","","","","","2026-07-09T21:56:21.469Z","","","","","",""
"sneed","4shCqcGihvCx5W1WckkFSAhnw8oKQtPCQJSdAHHApump","56","1.481481479","","","","","","","","","","","","","","","","","0.000002281","","","","","","","2026-07-09T21:56:22.493Z","","","","","",""
"PORVITA","3WPUEdHJh1mkqHzCDZ6XqgaJ4rSPzBKsjVXDpes9pump","56","1.48148148","","","","","","","","","","","","","","","","","0.000002225","","","","","","","2026-07-09T21:57:19.543Z","","","","","",""
"Ramclih","BtSbzBHuqmP9szSJ7HZptGoEkaskJ5KDcFHL5UrBpump","69","2.962962961","","","","","","","","","","","","","","","","","0.000002899","","","","","","","2026-07-09T21:59:21.474Z","","","","","",""
"ANTSEM","3H9HgC9KWALprf3txPi451cdqCax9X7iAE82GbJepump","70","3.456790122","","","","","","","","","","","","","","","","","0.000002881","","","","","","","2026-07-09T21:59:22.477Z","","","","","",""
"cult","577DrA8EEizqCa8pGB5pgz9uPwtDpCWgXgxy5NGpump","56","1.454005933","","","","","","","","","","","","","","","","","0.000002207","","","","","","","2026-07-09T21:59:23.443Z","","","","","",""
"Baguette","6NZ4gESGyNdVnsiThGRnq9KNRYX1K8JoPXZK9NeTpump","76","10","","","","","","","","","","","","","","","","","0.000008594","","","","","","","2026-07-09T22:00:20.511Z","","","","","",""
"BABY","E3pWJR6p6D5ZhvxD3u7qPN6SqcCLLE98RiyEuAUfpump","56","1.97530864","","","","","","","","","","","","","","","","","0.000002199","","","","","","","2026-07-09T22:00:21.449Z","","","","","",""
"CATATO","5uvSCcBC9hWfdXkDL5SLf9eT2UwXpjYV25W6kPripump","61","1.97530864","","","","","","","","","","","","","","","","","0.000002181","","","","","","","2026-07-09T22:01:21.457Z","","","","","",""
"ANTIHOODS","3VVa7nFPmpP1CjPRfVQ2hEEsfoLrkkYdk1hmngEUpump","61","2","","","","","","","","","","","","","","","","","0.000003376","","","","","","","2026-07-09T22:01:22.491Z","","","","","",""
"BULLDOG","2jRyWNAdkQTbUwCUVJ24Ptu8EFuXD41AjXecJVarpump","","","","","","","","","","","","","","","","","","","","","","","","","7.584e-7","","","","","","2026-07-09T22:01:23.464Z",""
"Ansemen","2oRC5vXajJ9igo5Enh9MFjGuq6sP7HuDzBwAqYGwpump","61","1.97530864","","","","","","","","","","","","","","","","","0.000002184","","","","","","","2026-07-09T22:02:21.468Z","","","","","",""
"𝖦rugsem","tw3Ti3ECJAmnAtA5qmjY5qRVm3Xbbueh9CP7XY2pump","96","47.407407406","","","","","","","","","","","","","","","","","0.00001577","","","","","","","2026-07-09T22:02:22.455Z","","","","","",""
"MARVIN","4LyVFfjotwoiazsi1p89qyx6ruFxQ2DEzFvtdQwPpump","55","3.5","","","","","","","","","","","","","","","","","0.000002323","","","","","","","2026-07-09T22:02:23.454Z","","","","","",""
"1SolBigDih","HuWGb5AmRpNRVa7YYn7subYSiYCYaLYUGvhnkoc4pump","","","","","","","","","","","","","","","","","","","","","","","","","2.71e-7","","","","","","2026-07-09T22:02:24.457Z",""
"MSGA","3rBAiweeTu3g59uchabh55StXkTy51kbtdNEbe7Hpump","63","2.962962961","","","","","","","","","","","","","","","","","0.000006173","","","","","","","2026-07-09T22:03:22.468Z","","","","","",""
"ZUCC","35tjdt4NACTwgJjfKCM4Udp8ESxUNdYzWaHN4SJzpump","63","2.2816","","","","","","","","","","","","","","","","","0.000002637","","","","","","","2026-07-09T22:03:23.448Z","","","","","",""
"DoubleMonk","Awfo6jxBVLER1eV2B4UPUXBJvTB7zSVpHeBWVvDXpump","78","5.925925924","","","","","","","","","","","","","","","","","0.000003129","","","","","","","2026-07-09T22:03:25.451Z","","","","","",""
"IBM","5Dxs9LFaizmCBn4GpXijfHJm561Ew9RvasZQpoW2pump","61","1.97530864","","","","","","","","","","","","","","","","","0.000009918","","","","","","","2026-07-09T22:04:21.455Z","","","","","",""
"Zygopump","3sjD2uvnt4nxcjuDVWPKiD67R4doadDUkV4G6Wswpump","","","","","","","","","","","","","","","","","","","","","","","","","8.9e-7","","","","","","2026-07-09T22:04:23.452Z",""
"inkky","8z8G6Fn8XQNYzwJi6LYPftYPFsrmFkJ6xcLWoavoyuka","67","2.962962961","","","","","","","","","","","","","","","","","0.000008958","","","","","","","2026-07-09T22:04:24.439Z","","","","","",""
"Elon-gation","CawDCRSf8WNSnrPTDc2EuT8iLwma5qaNxjhdjyetpump","58","3.3","","","","","","","","","","","","","","","","","0.000002716","","","","","","","2026-07-09T22:04:25.483Z","","","","","",""
"miracle","4YccCASrXsiHJFJ7JuzCsw8VA7tejQKBGHDX2KcTpump","","","","","","","","","","","","","","","","","","","","","","","","","2.982e-7","","","","","","2026-07-09T22:05:20.608Z",""
"asswork","GekEj8k8vidWoNK6gQYbGPciEuGKUab7QqU3gMxpump","","","","","","","","","","","","","","","","","","","","","","","","","3.112e-7","","","","","","2026-07-09T22:05:21.458Z",""
"pfp","QTto2bMG56sKtU2aekrLP9XTA4SydkAcYVz3FVQpump","70","3.456790121","","","","","","","","","","","","","","","","","0.000002191","","","","","","","2026-07-09T22:06:20.485Z","","","","","",""
"xX_CLAN_Xx","EsLYgmBJumYuV6t6SqcHzUbDLVDiKyZFsDdYNxsLpump","67","3","","","","","","","","","","","","","","","","","0.00001691","","","","","","","2026-07-09T22:06:21.492Z","","","","","",""
"xXCoinXx","8j5hATHxv36SbCAzohSG59Fp4PrwVRu4hFUS7yowpump","63","5","","","","","","","","","","","","","","","","","0.000002285","","","","","","","2026-07-09T22:07:21.445Z","","","","","",""
"xX____Xx","9nEfPLqAfsLr1hpy2eAQme4sjn66W2hLEh3Di222pump","60","5","","","","","","","","","","","","","","","","","0.000002222","","","","","","","2026-07-09T22:07:22.537Z","","","","","",""
"The Crypto","73Ztu455rYxPBfDBtWoZin4YHvppRi4fCZ7qVTPHpump","","","","","","","","","","","","","","","","","","","","","","","","","4.653e-7","","","","","","2026-07-09T22:07:23.671Z",""
"$RATcoin","2pCvEeoJazx44AtyNFxw8idS7aBcwqHd6rrZyNFKpump","","","","","","","","","","","","","","","","","","","","","","","","","1.679e-8","","","","","","2026-07-09T22:08:20.450Z",""
"Boo'd","EKD92jyZA3N1KoSvmUyQMeA5Hjs2ooDswsq6EbTzpump","","","","","","","","","","","","","","","","","","","","","","","","","0.000002355","","","","","","2026-07-09T22:08:21.449Z",""
"BANDIT","2sDWYX3rvT6q5pDr49sruf7WUNw4XbrbLF3sYh3Wpump","","","","","","","","","","","","","","","","","","","","","","","","","4.995e-7","","","","","","2026-07-09T22:09:21.499Z",""
"Bullion","2iTYS6Ay64bxPznfBzZm39jVzRoHpBBCT9aPybKGpump","78","5.925925924","","","","","","","","","","","","","","","","","0.000003133","","","","","","","2026-07-09T22:09:22.446Z","","","","","",""
"BANDIT","6HgJ9Jd2pFdtS6VVEgLFojLQCo1E9vUUF3aBYHrHpump","","","","","","","","","","","","","","","","","","","","","","","","","3.427e-7","","","","","","2026-07-09T22:09:23.476Z",""
"Reekcoin","CBPDHEfkYRcxqeZqeRkJ7e3Cx4YLigpKCMqunEATpump","56","1.5","","","","","","","","","","","","","","","","","0.000002883","","","","","","","2026-07-09T22:10:19.184Z","","","","","",""
"BULLDOG","4Ej1VtPaLc4W5BQwh26h2cy4QHk9JduHKeAogiuWpump","","","","","","","","","","","","","","","","","","","","","","","","","3.729e-7","","","","","","2026-07-09T22:11:22.465Z",""
"GLORY","EJZAFJwvBWEoSkZb54gRzj7M5nC9Tg1in1532DzRpump","58","1.635555554","","","","","","","","","","","","","","","","","0.000004991","","","","","","","2026-07-09T22:11:23.460Z","","","","","",""
"Boo'd","2xoApNfAbNArLwAhCKyN5H1vdTSPshfujcFx2RnSpump","","","","","","","","","","","","","","","","","","","","","","","","","4.072e-7","","","","","","2026-07-09T22:11:24.472Z",""
"Xx_CLAN_xX","5zMcUa3U3N2qgrPpVNKLPW2P1dMYqsGCUwQ6nd9JM5Ea","67","2.962962961","","","","","","","","","","","","","","","","","0.000002206","","","","","","","2026-07-09T22:11:25.448Z","","","","","",""
"ANSEM","HyRXGxQ2xFc1rVECCDT7HKhFF3VD9SuQSBYBKsmtpump","","","","","","","","","","","","","","","","","","","","","","","","","3.069e-7","","","","","","2026-07-09T22:12:22.518Z",""
"xX_CLAN_Xx","GJqLeEzLbxnWgFdQ5QeRPYzawBBAiaSXjWzbxkE2pump","67","3.950617282","","","","","","","","","","","","","","","","","0.000008958","","","","","","","2026-07-09T22:12:23.435Z","","","","","",""
"TRENCHIN","DcbwRSMZ746qwRmBsNFgyKniqVeJTBJoDQzsgctApump","55","1.382716047","","","","","","","","","","","","","","","","","0.000002183","","","","","","","2026-07-09T22:12:24.444Z","","","","","",""
"xX_CLAN_Xx","6ErPgkSvcmmBDJu4pcMDq1Ffay75m1nqQx6mLkcdURra","67","2.962962961","","","","","","","","","","","","","","","","","0.000002182","","","","","","","2026-07-09T22:12:25.445Z","","","","","",""
"BOGEBANK","jeP4MxnnSFLe5wX5pad74mvh1gpxGqTMsqRhR4Kpump","56","1.454005933","","","","","","","","","","","","","","","","","0.000002195","","","","","","","2026-07-09T22:13:20.434Z","","","","","",""
"ANSEM","3942fePztMNxWBds9U3R7r8yytbdzM2hh2R8bb7Xpump","","","","","","","","","","","","","","","","","","","","","","","","","7.249e-7","","","","","","2026-07-09T22:13:21.440Z",""
"Golden","D2rDiLwhXmeenukdLZGC55LhsvPRoYgsLdBzEAJttyja","67","2.962962961","","","","","","","","","","","","","","","","","0.00002328","","","","","","","2026-07-09T22:14:21.471Z","","","","","",""
"BULLDOZ","8tQJmXQXWpKoGL7WsdwEeQGiMkG8U5huhtXUJVqBpump","55","1.353086418","","","","","","","","","","","","","","","","","0.00001178","","","","","","","2026-07-09T22:14:22.454Z","","","","","",""
"xX_COIN_Xx","5NSV5RNrsu2TmWqchrYJs8pPTrp1s7TPkek73EABpump","65","4","","","","","","","","","","","","","","","","","0.000002183","","","","","","","2026-07-09T22:14:23.449Z","","","","","",""
"DREAM","8KVD6wN5MxwgKwhVxy15hNRnXDrsDkpdYa3mhwafpump","67","2.962962961","","","","","","","","","","","","","","","","","0.000002184","","","","","","","2026-07-09T22:15:19.450Z","","","","","",""
"BAGSEMWORK","aJa4dYS8xkx3G3mPgmwc1ioNm3F3Z9euXcg4jsupump","61","1.97530864","","","","","","","","","","","","","","","","","0.000003317","","","","","","","2026-07-09T22:18:19.455Z","","","","","",""
"Xbox360","55WHyYoTa56AhBA2TnPyMhPz8dczc2bWY4d1kqSPpump","","","","","","","","","","","","","","","","","","","","","","","","","4.438e-8","","","","","","2026-07-09T22:19:22.646Z",""
"BULLSZN","DnHN92LyWNDxe6muAoK4kAr9ydgd3USDuSv6wotZpump","78","5.925925924","","","","","","","","","","","","","","","","","0.000003132","","","","","","","2026-07-09T22:19:22.835Z","","","","","",""
"Ali-A","9Htbc3bugiEzkhKWzMvv4H25bVePzGJ1oaLjMhZPpump","61","2.67","","","","","","","","","","","","","","","","","0.000002285","","","","","","","2026-07-09T22:19:23.528Z","","","","","",""
"Robin Fud","47XmFtvVUcyK1Xu7LfmZeLa6jqGa5nNEEN44gaTapump","59","1.777777776","","","","","","","","","","","","","","","","","0.000002727","","","","","","","2026-07-09T22:19:24.560Z","","","","","",""
"Carti","5F1aqKM49bEs4dZmUuVMtaF4xyssjjr7uAN35cbCpump","63","2.962962961","","","","","","","","","","","","","","","","","0.000002184","","","","","","","2026-07-09T22:20:20.449Z","","","","","",""
"PUMPRUG","AGX7r47rbowEV2CsRx5jKzKdTAbzH8mAFAre5rDGpump","59","1.78148148","","","","","","","","","","","","","","","","","0.000002186","","","","","","","2026-07-09T22:20:21.668Z","","","","","",""
"IBM","8NZ4AnSitg8ottWJTEMrDENg2RZn1K73B1Xm1hrFpump","56","1.48148148","","","","","","","","","","","","","","","","","0.000002405","","","","","","","2026-07-09T22:21:22.485Z","","","","","",""
"Hope","EwVYMr7nCRd73bbdW4wePBRnUh5X3X95Cfr6zm4ycN9a","67","2.962962961","","","","","","","","","","","","","","","","","0.000002208","","","","","","","2026-07-09T22:21:23.496Z","","","","","",""
"BOOZY","GVPsbVpnvnVkWqhePLRNw6CDkC1pt1qv5ckfHiappump","59","1.78148148","","","","","","","","","","","","","","","","","0.000002184","","","","","","","2026-07-09T22:21:24.454Z","","","","","",""
"DICK","EEdAB72Wu6TmeY51Ttr5auSaBb79To86Rrskkwwcpump","85","9.876543208","","","","","","","","","","","","","","","","","0.000008083","","","","","","","2026-07-09T22:21:25.464Z","","","","","",""
"DENY","BVeDRkfNn8gZmR6CzBexunvrDWjcLT7xaMmqi95tpump","83","15.000000001","","","","","","","","","","","","","","","","","0.000004916","","","","","","","2026-07-09T22:22:22.452Z","","","","","",""
"Yes!","GDQd8jTDNp7SWBnxJozGUBagPNom1pum3eG1RTWSpump","","","","","","","","","","","","","","","","","","","","","","","","","1.869e-7","","","","","","2026-07-09T22:22:23.457Z",""
"Opps","AXoc36SsfSTn8JAEYiubgU61KBnrKAvZMzv8wgpfMKGa","67","2.962962961","","","","","","","","","","","","","","","","","0.000002207","","","","","","","2026-07-09T22:22:24.463Z","","","","","",""
"MESNA","5UUJFcodcvw2w6VhnzshqGD5UCQaVWYD2uorhZFMpump","94","29.629629628","","","","","","","","","","","","","","","","","0.00002258","","","","","","","2026-07-09T22:22:25.564Z","","","","","",""
"Groyper","BAgiGJZSXNtybB3AGqD7T7GdXUMYGf3H5fUzCBFvX42a","75","4.938271603","","","","","","","","","","","","","","","","","0.000002185","","","","","","","2026-07-09T22:23:22.471Z","","","","","",""
"BUULZI","13eiMbwfnaQmy9uHDYjQVLYvhoJYtDzUmgaPP3Rjpump","55","1.415269772","","","","","","","","","","","","","","","","","0.000002421","","","","","","","2026-07-09T22:23:23.457Z","","","","","",""
"NYX","AkFLWrJt3iZX7UvSkae23zpeL6pXGXZ7sVUH6Leppump","76","5","","","","","","","","","","","","","","","","","0.000002186","","","","","","","2026-07-09T22:23:24.476Z","","","","","",""
"BLACKOPS","H4aYrzkN499U8HY9uThjd1BfqnHB5npsN4PH1wNzwdja","75","4.938271603","","","","","","","","","","","","","","","","","0.000006245","","","","","","","2026-07-09T22:24:22.475Z","","","","","",""
"reek","6QeGdmvpvjd32aEhxDepENKmFKsSu6bY5MbJss9ppump","59","1.8","","","","","","","","","","","","","","","","","0.000002276","","","","","","","2026-07-09T22:24:23.511Z","","","","","",""
"BO2","88kZgir5W3tyBLNKwSfg3xDe96uAvrLePjZd73kBpump","61","1.97530864","","","","","","","","","","","","","","","","","0.000002187","","","","","","","2026-07-09T22:24:24.512Z","","","","","",""
"RAMEN","CocCH7fkeV9U2b3CpixbJBUV6icK59oA5CvJMoyDR5Ua","75","4.938271603","","","","","","","","","","","","","","","","","0.000002199","","","","","","","2026-07-09T22:24:25.514Z","","","","","",""
"BO2","5m2vkkBb4GLhugncKT2Q8k7F4QaNhwXTYFDdd1Fzpump","56","1.97530864","","","","","","","","","","","","","","","","","0.000002222","","","","","","","2026-07-09T22:25:22.431Z","","","","","",""
"MOAB","AX8yyyRYh9kpt6TtRUi73FUBXdj58hPJsrDZ7bwkpump","60","2.962962961","","","","","","","","","","","","","","","","","0.000002186","","","","","","","2026-07-09T22:25:23.427Z","","","","","",""
"BDUP","DgXFe2xt46GccrWdbPH2GMecdccBGEWdowohLTaCpump","","","","","","","","","","","","","","","","","","","","","","","","","7.697e-7","","","","","","2026-07-09T22:25:24.453Z",""
"RAMEN","FPma8WeecpG4nM9u8URgsc1AKUqG4ivb9zvSJ2Rzpump","70","3.555555554","","","","","","","","","","","","","","","","","0.000009377","","","","","","","2026-07-09T22:25:25.457Z","","","","","",""
"$BULL","BLtgsx746WV38u84cyg8YTNVjokYc4X4bcxn7K79pump","","","","","","","","","","","","","","","","","","","","","","","","","3.247e-8","","","","","","2026-07-09T22:26:21.451Z",""
"CET","9SvUQSXxAbFJWJQgowkVMShS9Eg6LiHMmrXy6xDEpump","71","0.060000001","","","","","","","","","","","","","","","","","0.000004385","","","","","","","2026-07-09T22:26:23.444Z","","","","","",""
"NOCK","7KZ5Wzpf7WkA7winURqFL6Eca5Lfwi36LQPGUN3dpump","56","1.46627566","","","","","","","","","","","","","","","","","0.000002186","","","","","","","2026-07-09T22:27:22.455Z","","","","","",""
"stinky","Af95iiSGzUTgQFnWfZDVzfAZJ6Gbb24MQhakbXyNpump","","","","","","","","","","","","","","","","","","","","","","","","","0.000001247","","","","","","2026-07-09T22:27:23.453Z",""
"TP","DijePMZ4oW71McmDhXMKhu3KLnn1wmZiK5qfRny4pump","","","","","","","","","","","","","","","","","","","","","","","","","8.262e-7","","","","","","2026-07-09T22:27:24.626Z",""
"Memestock","EY31Qnu7jmSEqiV9aGcgua2gKrn3u4nEchAX8Tqrpump","84","0","","","","","","","","","","","","","","","","","0.000008932","","","","","","","2026-07-09T22:27:25.440Z","","","","","",""
"MASK","5Kn5zvDcy9wAsA6aqpc8wvW7brj8UKUGdxXx24HUJvRa","75","4.938271603","","","","","","","","","","","","","","","","","0.000002199","","","","","","","2026-07-09T22:28:22.452Z","","","","","",""
"BLEP","Gcg5aNCo61PKmNd9hgQsLDCC5RHDSAYGitJaf9y6pump","61","1.97530864","","","","","","","","","","","","","","","","","0.000002907","","","","","","","2026-07-09T22:28:23.511Z","","","","","",""
"METH","Bh8ftvrsPtHFrnZyJoyXG1sfZYTHUgbSAEbrHMtXpump","67","3","","","","","","","","","","","","","","","","","0.000002389","","","","","","","2026-07-09T22:28:24.523Z","","","","","",""
"MASK","2HHHhm8tto6BaLv4UV9oVKBvys8fDsDtBeQen3cwHHXa","75","4.938271603","","","","","","","","","","","","","","","","","0.000002198","","","","","","","2026-07-09T22:28:25.437Z","","","","","",""
"cod","CiAxhMRJtmCpnRumzH1WKAcftcCgG2aqV3MNxyA5hSaa","75","4.938271603","","","","","","","","","","","","","","","","","0.000002287","","","","","","","2026-07-09T22:29:22.445Z","","","","","",""
"TPP","CnfkPMYZA8wK2UN4NT5i91uJRzTPzGBFX4nV9BCFpump","","","","","","","","","","","","","","","","","","","","","","","","","6.856e-7","","","","","","2026-07-09T22:29:23.463Z",""
"Anon","9KZCN283ejbTXZKo5Dm1Pi5zoyd4oXdn7BcRvHBzpump","56","1.46627566","","","","","","","","","","","","","","","","","0.000002186","","","","","","","2026-07-09T22:29:24.444Z","","","","","",""
"METH","Bvmn277xTCcZbbbS4Y4pfxUPspD4QPyTxZDphpmdpump","63","3","","","","","","","","","","","","","","","","","0.000003133","","","","","","","2026-07-09T22:29:25.467Z","","","","","",""
"cod","6G1N5JtMFB12cuLft1SwKGjukj2B9tmkwTshhm7DaZSa","75","4.938271603","","","","","","","","","","","","","","","","","0.000002186","","","","","","","2026-07-09T22:30:20.456Z","","","","","",""
"TRUMPBOSS","7v4eajJFWunXg5AVN92tkhE6Yu9fTeCznn1x2oBapump","100","0.098750018","","","","","","","","","","","","","","","","","0.000002186","","","","","","","2026-07-09T22:30:21.469Z","","","","","",""
"wifgun","FfUGbnsUxkXy37hfSuvFXm8zW5rx5WJXwBmUqMUbsQja","75","4.938271603","","","","","","","","","","","","","","","","","0.000002186","","","","","","","2026-07-09T22:31:22.516Z","","","","","",""
"TSIF","8RiZMdEhvpbaQHKf8SKju3JmJLZbZz5J53FmS3ggpump","","","","","","","","","","","","","","","","","","","","","","","","","5.136e-7","","","","","","2026-07-09T22:31:23.436Z",""
"Goat","2KYEQZpiW6ejRCH7KY3FxXtqmoaKv7ccEHAHgij1pump","59","1.8","","","","","","","","","","","","","","","","","0.000002191","","","","","","","2026-07-09T22:31:25.956Z","","","","","",""
"GINNAN","7Nim1ett6kNKeqbonhGxqFeZCshvKfe6GJNDost9osNa","75","4.938271603","","","","","","","","","","","","","","","","","0.000002218","","","","","","","2026-07-09T22:32:21.568Z","","","","","",""
"ARCWAYS","AFPdh9StmvdgbGY1xtHKoY8f9EGsTfRijRN79HuLpump","75","4.839506171","","","","","","","","","","","","","","","","","0.000002951","","","","","","","2026-07-09T22:32:22.441Z","","","","","",""
"FUDLEVI","5jmsELxLkyjLU8rLKuwGb6Wgbym7mktnC4z3QNmDpump","","","","","","","","","","","","","","","","","","","","","","","","","8.14e-8","","","","","","2026-07-09T22:32:23.436Z",""
"COPIUM","6FRvfu4Q7toE2aWcQFeuDCebJYBzhrtSgwowVvYvpump","","","","","","","","","","","","","","","","","","","","","","","","","0.000002186","","","","","","2026-07-09T22:33:21.446Z",""
"cod","3bsHvqQTPLjkv37PRZRsMaHbv9GZaUHXeTZLaxQjpump","60","2.5","","","","","","","","","","","","","","","","","0.000002231","","","","","","","2026-07-09T22:33:22.454Z","","","","","",""
"GINNAN","ETpFGn5xcMUYHsStGeqhEeh1KcibKuXGDaA3xGsuouba","75","4.938271603","","","","","","","","","","","","","","","","","0.0000022","","","","","","","2026-07-09T22:33:23.442Z","","","","","",""
"CET","4KzAeryPjVwm1QpxyYCh3wSHuNUo5tZiy4Riv6xGpump","69","0.100000001","","","","","","","","","","","","","","","","","0.000004124","","","","","","","2026-07-09T22:34:22.452Z","","","","","",""
"BIB","n8y3x4SMeJLmCc2sMD3nG3b1YkmhtPak8dfK5Lkpump","55","1.376531567","","","","","","","","","","","","","","","","","0.000002185","","","","","","","2026-07-09T22:34:23.451Z","","","","","",""
"CHONK","FPhTZ3vhUYKJ6KWfn4ejtkggHizfYqEoAAXNXUVHpump","","","","","","","","","","","","","","","","","","","","","","","","","2.32e-7","","","","","","2026-07-09T22:34:24.481Z",""
"CUPSEM","2NPDHHBkuNBAdZkvWmVUo11RJ9v2Hs8uCCbgUpSQpump","87","11.85185185","","","","","","","","","","","","","","","","","0.00001834","","","","","","","2026-07-09T22:34:25.494Z","","","","","",""
"$BAGBOB","GXfHjHfrsFbNM34hkecZnf4nFTZ91e3FpMCuJ3Vxpump","","","","","","","","","","","","","","","","","","","","","","","","","3.139e-7","","","","","","2026-07-09T22:35:22.435Z",""
"BSTC","GD9i3NZd6A1cxpXRJ8XdC8cYaDJKMjWzqdK8h1S8pump","","","","","","","","","","","","","","","","","","","","","","","","","0.000002789","","","","","","2026-07-09T22:35:23.456Z",""
"GLEEB","4ocVVRpVazJjTrgdxJrYZihd1fGB5vivFKNsxeZxpump","61","3","","","","","","","","","","","","","","","","","0.000002427","","","","","","","2026-07-09T22:35:24.428Z","","","","","",""
"CUPSEM","8t3J2kcD18vxBLa7iG6ZQjGbd9Zuxqp4NmhkfCZpump","","","","","","","","","","","","","","","","","","","","","","","","","0.000002293","","","","","","2026-07-09T22:35:25.428Z",""
"GLEEB","CVqFDmihYSV3M3ZbV9CM4hZVmNfRguNGN4pbLrD14Cna","75","4.938271603","","","","","","","","","","","","","","","","","0.000002183","","","","","","","2026-07-09T22:36:19.446Z","","","","","",""
"CET","DYgxH1UVLQt6qQ5C7SAg7Cp3fTiGeN8peRtzCYpxpump","","","","","","","","","","","","","","","","","","","","","","","","","0.000001269","","","","","","2026-07-09T22:37:19.458Z",""
"GLEEB","5RcHhTq1vsKiDQowYP4WGhGwmHBM3oz4V3hrNVKhuJFa","75","4.938271603","","","","","","","","","","","","","","","","","0.000002185","","","","","","","2026-07-09T22:37:22.495Z","","","","","",""
"ZEU⚡️","JCtwWU6i74Ku8rxiJJQQ6G4UpuKA8G4AsGW1HCVmpump","69","0.250000001","","","","","","","","","","","","","","","","","0.000003009","","","","","","","2026-07-09T22:37:23.502Z","","","","","",""
"TP","WZcAGXS5wRxgkd4yn7UosVwEDd7s9qDH88UqgVgpump","","","","","","","","","","","","","","","","","","","","","","","","","0.000001167","","","","","","2026-07-09T22:37:24.517Z",""
"CUPSEM","EkNbQMQYpd4JET5FpZrqbdkYdHXeqocZcBByJpFWpump","87","11.85185185","","","","","","","","","","","","","","","","","0.00002059","","","","","","","2026-07-09T22:38:22.432Z","","","","","",""
"CREDITCAT","17XsubvnmvUscownG3V6WN8XjyAYkm2PzgujCvypump","76","9.876543208","","","","","","","","","","","","","","","","","0.000005688","","","","","","","2026-07-09T22:38:24.427Z","","","","","",""
"AV","Bsjg1vDapBsEuSa93kN4CTLAiPns3hKcY47BGmeNpump","","","","","","","","","","","","","","","","","","","","","","","","","4.134e-7","","","","","","2026-07-09T22:38:25.622Z",""
"Myth","9uRPKFDWyWj9AieDQru75pqMTrexvJQSBaMiJnw16dja","75","4.938271603","","","","","","","","","","","","","","","","","0.000002221","","","","","","","2026-07-09T22:39:22.439Z","","","","","",""
"CAPU","hcGRio4BciFPcPb5min5qRidrKVEUxqZNXQrhT9pump","76","10.000000001","","","","","","","","","","","","","","","","","0.000003885","","","","","","","2026-07-09T22:39:23.431Z","","","","","",""
"CUPSEM","FRkqDhQacqZ1ndM4nnockGvrv8ZDUoxACCjA3wuZpump","","","","","","","","","","","","","","","","","","","","","","","","","0.000002252","","","","","","2026-07-09T22:39:24.512Z",""
"CREDITCAT","81C6e21S37KFSipn748xBNkN4zCKxnJCv1mU6HPepump","56","2","","","","","","","","","","","","","","","","","0.000002193","","","","","","","2026-07-09T22:39:25.437Z","","","","","",""
"OHNO","24t5Xm2YgFmvRLUtVftyZxr6ESQtZV4i6LpTSmJmpump","","","","","","","","","","","","","","","","","","","","","","","","","0.00003498","","","","","","2026-07-09T22:40:22.505Z",""
"MOSA","EX62mYnmWVarnjeepSS3vKDsH1QZbKeXCSwahMXvpump","","","","","","","","","","","","","","","","","","","","","","","","","6.108e-7","","","","","","2026-07-09T22:40:23.444Z",""
"TP","GHvytkAmtosh5zG2pHGTYtEtpE247Pg4EbKY349Tpump","","","","","","","","","","","","","","","","","","","","","","","","","2.409e-7","","","","","","2026-07-09T22:40:24.479Z",""
"Fap","27ogSL6zwuk1gRNgHNE2k7rRjyLqPnDWrmqMi35qpump","63","3","","","","","","","","","","","","","","","","","0.00000225","","","","","","","2026-07-09T22:40:25.449Z","","","","","",""
"TC","GSitEeZdzyn6zwSEDJoD3akNxHR67DTrb3MRDYUZpump","85","10","","","","","","","","","","","","","","","","","0.000005887","","","","","","","2026-07-09T22:41:22.448Z","","","","","",""
"PENG","4URpqf4B2GDQQofPAu5demPvLoM2pgjbDMXPVmQRiJ6a","75","4.938271603","","","","","","","","","","","","","","","","","0.000002198","","","","","","","2026-07-09T22:41:23.452Z","","","","","",""
"CET","9ngUWPKuT4aQncthn8T4ujtBWRFt4rVUnBHYgxivpump","64","0.100000001","","","","","","","","","","","","","","","","","0.000001894","","","","","","","2026-07-09T22:41:24.500Z","","","","","",""
"BULLMIE","1p45B5DCoUD5N7wo2En6tJ3KNBmu1J5VZZKGKXepump","55","1.347476571","","","","","","","","","","","","","","","","","0.000002191","","","","","","","2026-07-09T22:41:25.433Z","","","","","",""
"CET","8r6QHavUsYmyMJBVq7y318927MkzRr4MJxgMTssgpump","61","0.100000001","","","","","","","","","","","","","","","","","0.000003149","","","","","","","2026-07-09T22:42:21.585Z","","","","","",""
"MOONARA","72kT8n9bp4MLz6ELtsiqkQXdPhdCd352yJrU6fz2pump","58","1.6739358","","","","","","","","","","","","","","","","","0.000002246","","","","","","","2026-07-09T22:42:22.431Z","","","","","",""
"DEPTHY","G66dQGqcrroQrEhm7qen2wi3oK6hEEuzArX8Jgu6pump","56","1.481481479","","","","","","","","","","","","","","","","","0.000002199","","","","","","","2026-07-09T22:43:19.450Z","","","","","",""
"Percy","7nv8vRysNgNkBKdL2zACzKwyMnmeemH8dQM3gs4kpump","57","3.3","","","","","","","","","","","","","","","","","0.000002223","","","","","","","2026-07-09T22:44:21.420Z","","","","","",""
"CET","J8fTxYepcH1vEEPbN7PLpJYT31PpEV61Wg1Z6CTdpump","","","","","","","","","","","","","","","","","","","","","","","","","2.625e-8","","","","","","2026-07-09T22:44:22.424Z",""
"Folly ","3JuxBB1MxLNEqGTBaVerLWNX8JRTXj5B7Q2csFnQpump","85","9.876543208","","","","","","","","","","","","","","","","","0.000003871","","","","","","","2026-07-09T22:44:23.439Z","","","","","",""
"Reekcoin","8pJjGxHfhuxDan9HcYFtUuz3sSaoS7SBNkFyew5Apump","59","1.8","","","","","","","","","","","","","","","","","0.000005356","","","","","","","2026-07-09T22:45:21.435Z","","","","","",""
"COS","4DQdRprjxHKkbtNkDeGGoELAwunQHu4WeE7L9A62pump","58","1.666172838","","","","","","","","","","","","","","","","","0.000002222","","","","","","","2026-07-09T22:45:22.427Z","","","","","",""
"HMAX","CSvMeVNR7QQtm1eoDZNYPUfzGMHJQzjiMG673T1zpump","","","","","","","","","","","","","","","","","","","","","","","","","3.056e-7","","","","","","2026-07-09T22:45:23.431Z",""
"Tally","73Kra5QbFogzPVtEvkEniigc66JNL3x8D67iRQ8dpump","61","1.97530864","","","","","","","","","","","","","","","","","0.000005289","","","","","","","2026-07-09T22:46:22.446Z","","","","","",""
"noni","GMrFEZMBduyiG1WrdRk8xdhG4ZL5XMy7BkqbhLNpRhfa","75","4.938271603","","","","","","","","","","","","","","","","","0.0000022","","","","","","","2026-07-09T22:46:23.527Z","","","","","",""
"CET","4QjwxCN8BF4STFPcTTnAj7zLaojHhZaCyLCDzZcLpump","","","","","","","","","","","","","","","","","","","","","","","","","8.953e-7","","","","","","2026-07-09T22:46:24.488Z",""
"BEEFY","5vRQnyPkSsFBr7ke66i1dARariKUnpofUnPTqTatpump","58","1.72148148","","","","","","","","","","","","","","","","","0.000002187","","","","","","","2026-07-09T22:46:25.500Z","","","","","",""
"BCAT","2YDABLi3N1Fd9mtrrGck38q8EwB1YhgCZ4BJPfbDpump","61","2","","","","","","","","","","","","","","","","","0.000002189","","","","","","","2026-07-09T22:47:22.442Z","","","","","",""
"DareDev","EuuDnasCSh3swpqecAxbcey599PRkgEmn7muRJwhpump","56","2.962962961","","","","","","","","","","","","","","","","","0.000003141","","","","","","","2026-07-09T22:47:23.416Z","","","","","",""
"Reekcoin","5c85iRRoSKb3YLDMBsy3dfWKgopbbAixceXjgFkn1aga","75","4.938271603","","","","","","","","","","","","","","","","","0.0000022","","","","","","","2026-07-09T22:47:24.429Z","","","","","",""
"BULLKINGDOM","Asx1PK2qcHqhC3qrLcghn3oN2CMBRW9bXyCqnMyKP8na","75","4.938271603","","","","","","","","","","","","","","","","","0.000002296","","","","","","","2026-07-09T22:47:25.421Z","","","","","",""
"ZEU⚡️","CWpxBuWKdQtMnUxVvEXeWZ8jJLmhw3L9Bi2GXvfwpump","","","","","","","","","","","","","","","","","","","","","","","","","8.953e-7","","","","","","2026-07-09T22:48:22.442Z",""
"AMNIBULL","9QciPycUBpvce4ea9LMg7wJW267PPxwJThJr1pMKpump","57","0.98765432","","","","","","","","","","","","","","","","","0.000002543","","","","","","","2026-07-09T22:48:23.424Z","","","","","",""
"PRXN","9DDvKwLkrJiYen1CWYheH65krdg81kuVFtwRjkN9pump","61","1.97530864","","","","","","","","","","","","","","","","","0.000002208","","","","","","","2026-07-09T22:48:24.466Z","","","","","",""
"$20","2KUWi3BWE3EbbyHDzGMjuSMWDrobP9GMmARmPPiGMoQa","75","4.938271603","","","","","","","","","","","","","","","","","0.000002201","","","","","","","2026-07-09T22:48:25.406Z","","","","","",""
"DMND","uSoYtp4F1ePfcSo7AiayBDUiXfphSisFKZgUoPkpump","62","5.000000001","","","","","","","","","","","","","","","","","0.000003156","","","","","","","2026-07-09T22:49:22.436Z","","","","","",""
"Freetards","5rZDVeARX4q7giV1mXKXqwcPqeyNMb7iZ9kEfEY2pump","","","","","","","","","","","","","","","","","","","","","","","","","2.102e-7","","","","","","2026-07-09T22:49:23.693Z",""
"PRXN","7Dmu4nQcDysNKsZAgMVmVGfj77vdLVqfiHAFCnWDfb9a","75","4.938271603","","","","","","","","","","","","","","","","","0.000002201","","","","","","","2026-07-09T22:49:24.429Z","","","","","",""
"CASHMEOW","9PJB2PrbEnCiuXyGLCmUEc8qPpAy8HPFGDaEARs7pump","58","1.72","","","","","","","","","","","","","","","","","0.000002188","","","","","","","2026-07-09T22:49:25.468Z","","","","","",""
"noni","EoybtGtNZEkbfWA2JBXeBx8T2EW5zYvf2w96sE3Fpump","57","1.58","","","","","","","","","","","","","","","","","0.000002232","","","","","","","2026-07-09T22:50:22.437Z","","","","","",""
"GRRR","3XmitqdM6rmckwXyeaCmrwtmesDuNdc23eF7uPEdpump","57","5","","","","","","","","","","","","","","","","","0.000002195","","","","","","","2026-07-09T22:50:23.436Z","","","","","",""
"HMAX","5sBGpqTVqtWaY1VEp5h44eTiNs5twDhPpgrmCtYnpump","","","","","","","","","","","","","","","","","","","","","","","","","2.455e-7","","","","","","2026-07-09T22:50:24.426Z",""
"Xai","32xHf6MgKjW9xiYyZLGn4vxLj8rcn4mnahT6A1492Vua","75","4.938271603","","","","","","","","","","","","","","","","","0.000002289","","","","","","","2026-07-09T22:50:25.423Z","","","","","",""
"PASTA","3CfviYtgHLLtdbXGmK1MFbEccawRtBUafFSt9xz9J2Da","75","4.938271603","","","","","","","","","","","","","","","","","0.000002187","","","","","","","2026-07-09T22:51:22.430Z","","","","","",""
"KIRBOS","ihPN96Q7SK1jfRfT2HNUXu6wgnzxhdQ4A9j35Hxpump","56","1.512106345","","","","","","","","","","","","","","","","","0.000002187","","","","","","","2026-07-09T22:51:23.462Z","","","","","",""
"SENDR","6B99KC21DGs8HLLLyRPW6S4rMxbwvr6xuaiJotHGpump","55","1.402469134","","","","","","","","","","","","","","","","","0.000002293","","","","","","","2026-07-09T22:51:24.431Z","","","","","",""
"PASTA","3VJwaKcCkhXZZVognnDoYTuNzq9WhT3Z3upzfFrGpump","60","2.962962961","","","","","","","","","","","","","","","","","0.000002187","","","","","","","2026-07-09T22:51:25.439Z","","","","","",""
"KIRI","BuJRvBcgT5dAREkSEM4mcTfyAwyX5wgfcfiK7q8Qpump","56","1.48148148","","","","","","","","","","","","","","","","","0.000002192","","","","","","","2026-07-09T22:52:22.445Z","","","","","",""
"SOUL","9zwd6ME5duhWDBSvKc8hXK3sHKKM23sXJBiqjF3Mpump","56","1.48148148","","","","","","","","","","","","","","","","","0.00001637","","","","","","","2026-07-09T22:52:23.538Z","","","","","",""
"AMNIBULL","C6L9Xd7M8bkkjN8Xt5F2JU1YhAZB6jPHEbndBqJ7pump","56","0.98765432","","","","","","","","","","","","","","","","","0.000001733","","","","","","","2026-07-09T22:52:24.613Z","","","","","",""
"0.0001","HS2dQFRWPnjHB7EyaiW9ZUBJvaCuzD6b2d6Ab4ozpump","","","","","","","","","","","","","","","","","","","","","","","","","5.397e-9","","","","","","2026-07-09T22:52:25.980Z",""
"WALL-E","GQfsS1jjwetJw8v4Q5JNNJzrN7ahLjHgCrFGTdj7pump","56","0.197530863","","","","","","","","","","","","","","","","","0.00008597","","","","","","","2026-07-09T22:53:20.455Z","","","","","",""
"CET","AFV4kVy2R7LnKFdK3d4fQSDjshvPaukj23cTtrh1pump","58","0.181182521","","","","","","","","","","","","","","","","","0.000006021","","","","","","4.256e-7","2026-07-09T22:53:21.460Z","","","","","2026-07-09T22:56:18.490Z",""
"Otty","HLKoyz2WeH4ZU2CrWvArYVLG433eqwQPo2wLZ7bDpump","67","2.962962961","","","","","","","","","","","","","","","","","0.000002187","","","","","","","2026-07-09T22:54:19.496Z","","","","","",""
"0.00001","5GJ41xwnNJ1FqgaEYauUKNo7uCRfPUVjeoS4zmsopump","","","","","","","","","","","","","","","","","","","","","","","","","4.916e-7","","","","","","2026-07-09T22:55:22.439Z",""
"Quaaludes","4TdRMWsfujtfNhq592W5MogWYuspZv8GkSGqq5Bkpump","64","2.370370368","","","","","","","","","","","","","","","","","0.000002287","","","","","","","2026-07-09T22:55:23.456Z","","","","","",""
"TOGCOIN","DKytgc3bsVKVQRutN4Ud49qXe1Tkrgf1ZHitqgTNpump","","","","","","","","","","","","","","","","","","","","","","","","","5.359e-7","","","","","","2026-07-09T22:55:24.435Z",""
"REKT","7yWYeHrvx5JZkEkxBdJd5FabrMcarkgQ54WP7egCpump","61","5.000000001","","","","","","","","","","","","","","","","","0.000003003","","","","","","","2026-07-09T22:55:25.435Z","","","","","",""
"pip","Nsags8D7TFZffNfeBVuaD2qMCZshTNaRGvNLscspump","59","1.763821679","","","","","","","","","","","","","","","","","0.000002184","","","","","","","2026-07-09T22:57:19.457Z","","","","","",""
"CHOC","4q8UytN7jwikHxDCxq3TVNY1SVj73ratTFDBgXGepump","70","3.555555554","","","","","","","","","","","","","","","","","0.000002733","","","","","","","2026-07-09T22:58:19.455Z","","","","","",""
"Mogged","7UFbcRKERKSHMMdaK2uTd97uzJq6HJqsLyW3tcMxpump","68","6.8","","","","","","","","","","","","","","","","","0.000002292","","","","","","","2026-07-09T22:59:19.433Z","","","","","",""
"MEOW","HaAQUdGupTRxGe77Zerzwhz6JjXvPLuexH7eAKabpump","95","2.000000001","","","","","","","","","","","","","","","","","0.000002498","","","","","","","2026-07-09T23:01:22.471Z","","","","","",""
"TRENS","AHFRHXyWBXdcEt49BSzVkBtMsbt8wd8smEapQ4sxpump","","","","","","","","","","","","","","","","","","","","","","","","","2.002e-7","","","","","","2026-07-09T23:01:23.430Z",""
"HMAX","HLSswQGpcMqtUsiMQsiKhitcakSs2Dsijm1ZBJQepump","68","0.130000001","","","","","","","","","","","","","","","","","0.000002209","","","","","","","2026-07-09T23:01:24.445Z","","","","","",""
"GJEN-Z","DL9RE4WdH28pv774S2F2fPGRUL8oQTxpexYXwLpepump","","","","","","","","","","","","","","","","","","","","","","","","","0.000001233","","","","","","2026-07-09T23:01:25.425Z",""
"NS","DkFa65Zobe4vQswG8Df527E5FdaJo7WWxvBgsNstQbhn","","","","","","","","","","","","","","","","","","","","","","","","","1.569e-7","","","","","","2026-07-09T23:02:19.436Z",""
"CREDITCAT","Ap1Kis47zdF2SDBtwi2VSmMuvfQt47xQmc5BDtopump","75","9.876543208","","","","","","","","","","","","","","","","","0.00000663","","","","","","","2026-07-09T23:03:19.443Z","","","","","",""
"OF","Zk4XcKto2Amqh67yb6qLc9U6YwoTje1VrxE6zmXgDUM","56","4.938271603","","","","","","","","","","","","","","","","","0.000006578","","","","","","","2026-07-09T23:04:19.443Z","","","","","",""
"$BENNU","7eByuF7YVBp3dGJ9NpUByv63Sx83Q9a41Tj2VRHipump","","","","","","","","","","","","","","","","","","","","","","","","","0.000001151","","","","","","2026-07-09T23:05:22.439Z",""
"ICHIKO","9xpZ48oWKk9tu6sRxUNY4Hq1fFhrWJmbovKDG92qpump","67","3","","","","","","","","","","","","","","","","","0.000002185","","","","","","","2026-07-09T23:05:23.427Z","","","","","",""
"Mochi","5DwWnBvaG36QkCCgq8UZQoeVuXvdf3jYpGiTraQPpump","70","0.246913579","","","","","","","","","","","","","","","","","0.000003278","","","","","","1.074e-7","2026-07-09T23:05:24.466Z","","","","","2026-07-09T23:07:18.526Z",""
"NAKO","1qE76s6LWtLukrvyH8vUycMrWVMM3Xf8H4VmngEpump","58","1.647656094","","","","","","","","","","","","","","","","","0.000002185","","","","","","","2026-07-09T23:06:21.419Z","","","","","",""
"toehair","EaUUKoowGCSrRCv2tZdMpxy6osBF9GySQxDBaWsqpump","63","2.962962961","","","","","","","","","","","","","","","","","0.000002586","","","","","","","2026-07-09T23:06:23.411Z","","","","","",""
"Everyday","6brQijAmQixaanhV4pcXtG3AQxjhHdZByt3FzMj88Pra","72","3.950617282","","","","","","","","","","","","","","","","","0.00001109","","","","","","","2026-07-09T23:07:20.540Z","","","","","",""
"Cashcat","223z1qoM7ktb2fAUeSLdYdv4uUAhKsyUH695FQ5bpump","84","1.728395059","","","","","","","","","","","","","","","","","0.000002286","","","","","","","2026-07-09T23:08:21.457Z","","","","","",""
"MC","C8Vp9QdWV7dXNJngyk7V9nQomWFvBvEMXu91WBoMpump","68","3.083247688","","","","","","","","","","","","","","","","","0.000007885","","","","","","","2026-07-09T23:08:22.428Z","","","","","",""
"AMS","37aRYiRQWCpLGX4wN5QQ4Cw6aVWYMdwMmCR9tzNXpump","","","","","","","","","","","","","","","","","","","","","","","","","0.000006823","","","","","","2026-07-09T23:08:23.412Z",""
"MARSCOIN","HyQhe5nnqhLCrYj28p9jtjuXER61tvcTzJgzULcCpump","99","6","","","","","","","","","","","","","","","","","0.000008269","","","","","","","2026-07-09T23:09:20.437Z","","","","","",""
"religion","7T9XoUtZuuErgrS6Z3dPfRfFx65T5GvNYSiafZPQpump","65","4","","","","","","","","","","","","","","","","","0.00000342","","","","","","","2026-07-09T23:09:21.552Z","","","","","",""
"BADG","4NHoLXjGytFsKdELexXvZ2o574BTyu3oq2nyhPDUpump","","","","","","","","","","","","","","","","","","","","","","","","","3.109e-7","","","","","","2026-07-09T23:10:22.454Z",""
"CREDITCAT","CGCfF7t9AtoS6ig5oBaohRnvGUAfotLxrFFk9Ru4pump","80","6.900000001","","","","","","","","","","","","","","","","","0.000003325","","","","","","","2026-07-09T23:10:23.435Z","","","","","",""
"Mochi","gU6wARiZdYaQwpH3w6KZvrJTwYJxjxP82zuPwURpump","","","","","","","","","","","","","","","","","","","","","","","","","2.042e-7","","","","","","2026-07-09T23:10:24.440Z",""
"Thic Monke","FQ8uD9PpCovvdLWitNAnVk7GNbYn4xsaPobwRUYPpump","","","","","","","","","","","","","","","","","","","","","","","","","3.965e-7","","","","","","2026-07-09T23:10:25.427Z",""
"pawfit","2Utp9gxu592z6sjMQ6ZsbrHdrmhfZCdBmv9N1ygFpump","69","2.962962961","","","","","","","","","","","","","","","","","0.000002391","","","","","","","2026-07-09T23:11:19.521Z","","","","","",""
"CUPSEM","CPnzQd3aJLQMfw1bVkC8mYbSngbYGriTKHLpyUQ5pump","94","29.629629628","","","","","","","","","","","","","","","","","0.00001562","","","","","","","2026-07-09T23:12:21.513Z","","","","","",""
"MYTH","HYS2KQTAE17HBYf84wNBed9heA8ejC69aEg4LNgMpump","67","5","","","","","","","","","","","","","","","","","0.00001375","","","","","","","2026-07-09T23:12:22.438Z","","","","","",""
"WANSEM","7Y7BP3TLy93zMehJABfpLbjviUtF7wf1GNBhKW51pump","81","7.407407406","","","","","","","","","","","","","","","","","0.000003628","","","","","","","2026-07-09T23:12:23.439Z","","","","","",""
"BS","FJYAyG8YuKpv8HaaUp6WZtK97nGhqApn53S4E9P8ne1x","","","","","","","","","","","","","","","","","","","","","","","","","3.746e-7","","","","","","2026-07-09T23:14:22.457Z",""
"mimicat","ss8yqtx4F9CfK6KEjnkB5TFsXNXsJfeTJMw7u46pump","55","1.357161697","","","","","","","","","","","","","","","","","0.00000223","","","","","","","2026-07-09T23:14:23.488Z","","","","","",""
"AMS","Jd4cos1qiPqWv2r4EV3URFCr1SYbwRfyLnFRccdpump","","","","","","","","","","","","","","","","","","","","","","","","","9.061e-7","","","","","","2026-07-09T23:14:24.428Z",""
"BA","EwtXdU9sNqgh6NBmcFXZqK5FfW8DQim4J5bhTVXsQJ83","","","","","","","","","","","","","","","","","","","","","","","","","3.668e-7","","","","","","2026-07-09T23:14:25.425Z",""
"LM","yGx9ithZvtJmphs1KdM6Bq3QGPpX8M5P3TJNAneHicE","63","6.913580245","","","","","","","","","","","","","","","","","0.000009367","","","","","","","2026-07-09T23:15:21.428Z","","","","","",""
"ubef","Fe3ptgwkSJcy5cuH7YgqHhwVysyeRicLVMGd4MFjpump","69","5","","","","","","","","","","","","","","","","","0.000004873","","","","","","","2026-07-09T23:15:22.549Z","","","","","",""
"AMS","J11RdgYB1dGPX6mSafQmkJygfgESFKxgtss1kP6dpump","79","0.500000001","","","","","","","","","","","","","","","","","0.00002649","","","","","","","2026-07-09T23:15:23.419Z","","","","","",""
"Summer","CKtGm5Kx2ihhA9VFe6u4Fh1ZFdqykrbDV23Qf4peSWya","72","3.950617282","","","","","","","","","","","","","","","","","0.000002192","","","","","","","2026-07-09T23:17:19.495Z","","","","","",""
"Summer","GwGNSxCopZ8KqJuzuf7RKRriQtQYBmKMcvU98Mhu5j2a","72","3.950617282","","","","","","","","","","","","","","","","","0.000002246","","","","","","","2026-07-09T23:18:19.429Z","","","","","",""
"MALLAH","7biQf2GjUHj7aTPTDc7tdFCRcc4g811su89a1hQnpump","","","","","","","","","","","","","","","","","","","","","","","","","1.02e-7","","","","","","2026-07-09T23:19:19.446Z",""
"GINNAN","cVWPBbFDMwH9dowZLViQhu2ftf4cmVJvfki2NBxpump","62","3.960396038","","","","","","","","","","","","","","","","","0.000002185","","","","","","","2026-07-09T23:20:19.466Z","","","","","",""
"whitebuff","712RTkpCh919GZS631QrRgev1Tnwe3Hku8pfU5Rgpump","","","","","","","","","","","","","","","","","","","","","","","","","2.028e-7","","","","","","2026-07-09T23:21:21.506Z",""
"XBOXDOG","78BLLazEKoAXCEcSftVYRGDsDPUzxnUM63pf15iKpump","63","2.3312","","","","","","","","","","","","","","","","","0.000005751","","","","","","","2026-07-09T23:21:22.481Z","","","","","",""
"XBOXDOG","6q2JAhprYt7L2o3w3aTDzP9Y3FGBBJjwy9tsw4p9F7na","72","3.950617282","","","","","","","","","","","","","","","","","0.00001419","","","","","","","2026-07-09T23:21:23.415Z","","","","","",""
"CAT","12GQD6cFsECTPvtuwHU8iMqKCeGMHbcABwpieW59pump","55","1.415269772","","","","","","","","","","","","","","","","","0.000002176","","","","","","","2026-07-09T23:22:19.591Z","","","","","",""
"DUCK","CE5qn7n51zzLy5kyt5CNP8yx41cv3ojCTNtJQp9Wpump","","","","","","","","","","","","","","","","","","","","","","","","","3.441e-7","","","","","","2026-07-09T23:23:22.442Z",""
"AMS","8s5NHhQGY21N3fX6uvEJfts4X3ZXTmxFv9fQVFzJpump","","","","","","","","","","","","","","","","","","","","","","","","","7.006e-8","","","","","","2026-07-09T23:23:23.420Z",""
"CASHRAT","F6N6Q1kMRhNCcedX3RmUsMBTAi7vWm7Bh6oc4aonpump","76","5","","","","","","","","","","","","","","","","","0.000004358","","","","","","","2026-07-09T23:23:24.445Z","","","","","",""
"XBOXPUP","E6YcMnkQv9JSkWrTE9SJYgxZk343hV3Mt8ozVdb3pump","56","5","","","","","","","","","","","","","","","","","0.000002222","","","","","","","2026-07-09T23:23:25.454Z","","","","","",""
"Frump","6tQRErVEMMCCdRipi5xUVUZaeJk7mbFs6bDzLqynpump","56","5","","","","","","","","","","","","","","","","","0.000002186","","","","","","","2026-07-09T23:24:19.500Z","","","","","",""
"Scamazon","EPdiSWkkENq6z32F2zAwLw6wCfuxDay7beajKifapump","56","1.48148148","","","","","","","","","","","","","","","","","0.000002225","","","","","","","2026-07-09T23:25:19.543Z","","","","","",""
"VCard","2Q43qwv7qGUpCR7RpTSQN5hAHkje7cuLg56qFf9Bpump","59","5","","","","","","","","","","","","","","","","","0.000002201","","","","","","","2026-07-09T23:26:19.431Z","","","","","",""
"CASHLESS","BCi1vrh6CrZeUx1gA247CpdYeEXQgusnF8bFFpEpump","75","6.100000001","","","","","","","","","","","","","","","","","0.000003245","","","","","","","2026-07-09T23:27:22.427Z","","","","","",""
"ROM","9isTLXkx9G9A7FRV59jGd7WAbJJGxdr4oeCbuXdfpump","","","","","","","","","","","","","","","","","","","","","","","","","3.694e-8","","","","","","2026-07-09T23:27:23.419Z",""
"BS","DwnKR43E2Qxe3t4hw3nr8MbNYHF8iwP6xo5PGXELRDaT","56","4.938271603","","","","","","","","","","","","","","","","","0.000002529","","","","","","","2026-07-09T23:27:24.486Z","","","","","",""
"nom","At61gkq6FjEeBXbW6FYxNDZqWZ151PWR1HQJvfRapump","56","1.48148148","","","","","","","","","","","","","","","","","0.00001079","","","","","","","2026-07-09T23:27:25.486Z","","","","","",""
"CASHROBIN","NcnfirMyRcSAj7fFTEiUMpx6awLV2vT2pRHaUg7pump","72","3.950617282","","","","","","","","","","","","","","","","","0.000005613","","","","","","","2026-07-09T23:28:20.461Z","","","","","",""
"ZOMPUS","BSAnZ38CGV1YZ7AEaJVhph2rbCRUTep4pY44eGUjpump","66","7","","","","","","","","","","","","","","","","","0.000002183","","","","","","","2026-07-09T23:28:21.443Z","","","","","",""
"SUNI","8VdVnwqBo1D9TjZW9GDP2pYFBqzpv5aN1ySw3jY9pump","68","5.925925924","","","","","","","","","","","","","","","","","0.000003889","","","","","","","2026-07-09T23:29:20.437Z","","","","","",""
"ROM","3bUWKmygsEn9yPsDBZZAbys5Yrdv1ZVyZMeLCcKdpump","","","","","","","","","","","","","","","","","","","","","","","","","3.597e-7","","","","","","2026-07-09T23:29:21.433Z",""
"MF","G29JYuYEiivqWtfZAHNv2P9CKcsQ2gupk8ULETxt8Ra6","","","","","","","","","","","","","","","","","","","","","","","","","8.598e-7","","","","","","2026-07-09T23:31:21.421Z",""
"ROM","6Y2HdCwqWUhzYihxpoWUMwzpEsZeDvHLmJgaePS7pump","","","","","","","","","","","","","","","","","","","","","","","","","7.699e-7","","","","","","2026-07-09T23:31:22.410Z",""
"SOLCASH","CAKVgHKyuEeryCjNkoozHnTR3iuJvGugMv5ahLdpump","60","3.960396038","","","","","","","","","","","","","","","","","0.000004324","","","","","","","2026-07-09T23:31:23.432Z","","","","","",""
"PL","EPuUZzGvJGuRthhHFGVNKtpAuYg6EE9FR9XdRdDuHQxa","","","","","","","","","","","","","","","","","","","","","","","","","7.316e-7","","","","","","2026-07-09T23:32:21.617Z",""
"MARKET","3otQgbCy6bKZFioWUbtiqsfih1GDBsvWrbiSAjohpump","67","3","","","","","","","","","","","","","","","","","0.000002707","","","","","","","2026-07-09T23:32:22.492Z","","","","","",""
"RIBBIT","FrtbBAaSZksfh4oV46E7Pvb43QiiUmYLD3dcGS6gpump","75","4.875406284","","","","","","","","","","","","","","","","","0.00000777","","","","","","","2026-07-09T23:32:23.412Z","","","","","",""
"MF","DVih53iAmQNMwPqwf2UNNxCwYZ8oHbE6vKNznboa7Kwe","","","","","","","","","","","","","","","","","","","","","","","","","3.658e-7","","","","","","2026-07-09T23:33:19.473Z",""
"MF","5oZYybXHDSsFnBRQdPiVPYYgitwPSGEun55JpFJLi8on","","","","","","","","","","","","","","","","","","","","","","","","","3.165e-7","","","","","","2026-07-09T23:34:22.410Z",""
"RICHDOG","4erca7uEmL2LTZjKYUjFL2VGS2aNVDySwvFWbMvwpump","","","","","","","","","","","","","","","","","","","","","","","","","0.000001074","","","","","","2026-07-09T23:34:23.418Z",""
"WHITEBAPPE","5qSiW64jwRL4JwKbzR2iwEQegevCzPPAR4j8SBGLpump","58","1.627661407","","","","","","","","","","","","","","","","","0.000002223","","","","","","","2026-07-09T23:34:24.450Z","","","","","",""
"CWASHCUAT","3GBWMm2TibxfJdq3tTs1rSi5K95ko3dbXK7Rfiebpump","63","3.083247688","","","","","","","","","","","","","","","","","0.000006133","","","","","","","2026-07-09T23:34:25.416Z","","","","","",""
"EXIT","5ZxFQ8qTM86B8Q8ME1ABa8N6vZgNHEbQ96uaRopUpump","90","2.000000001","","","","","","","","","","","","","","","","","0.000002573","","","","","","","2026-07-09T23:35:21.469Z","","","","","",""
"LM","HEdJtdhEHebADyCvzidYiNv9N5LmGwzwTp55gZDBee7L","","","","","","","","","","","","","","","","","","","","","","","","","4.095e-7","","","","","","2026-07-09T23:35:22.432Z",""
"LM","A7noVMwQwnLryrLYTBBUf6wgWnfK6KCYCq1C7BUh8cFb","","","","","","","","","","","","","","","","","","","","","","","","","2.847e-7","","","","","","2026-07-09T23:35:23.403Z",""
"Prized","7YD4EkpPpGSi22FhSabsn8yvFjkNtdrj1BMtxEvUpump","56","1.48148148","","","","","","","","","","","","","","","","","0.000002227","","","","","","","2026-07-09T23:36:20.476Z","","","","","",""
"whitebuff","5VXVXYGi6gZYK2z1VNY1ZtrTtdJnRykp4aRZvAvJpump","","","","","","","","","","","","","","","","","","","","","","","","","6.363e-8","","","","","","2026-07-09T23:36:21.498Z",""
"BP","6iBQDpzkpBerKKKCHXDBUv1dUKHrX3Lr1DVwWJrCYB2Q","55","4.938271603","","","","","","","","","","","","","","","","","0.000004083","","","","","","","2026-07-09T23:37:19.456Z","","","","","",""
"CASHDOG","BkLGoahMTtnYxvs3tFqJGzy2aFPtmyp74UcRSEp1pump","97","14.814814813","","","","","","","","","","","","","","","","","0.000006579","","","","","","","2026-07-09T23:38:21.426Z","","","","","",""
"ATTENTION","2Ra4b3EtUY9kheL3aULNc3jK56HJqcotK2QnPVwhpump","59","5","","","","","","","","","","","","","","","","","0.000009173","","","","","","","2026-07-09T23:38:22.437Z","","","","","",""
"rylo","3fYRWsvT1dkqptjkLvnhW6RGNw6qjpXHNQDTbYkNpump","65","0.009876541","","","","","","","","","","","","","","","","","0.000002598","","","","","","","2026-07-09T23:38:23.432Z","","","","","",""
"Zeri","5k1mL6BGTvG72WYSn2fkWcXYMH5RJjSszRjgJ6eipump","56","1.5","","","","","","","","","","","","","","","","","0.00000241","","","","","","","2026-07-09T23:39:21.459Z","","","","","",""
"ANSEMBLEWH","1t4uiHn7o44ncndx3LGKmPpH3XXMywEpUbZa5p2pump","59","1.765237314","","","","","","","","","","","","","","","","","0.000002222","","","","","","","2026-07-09T23:39:22.404Z","","","","","",""
"PL","AjBDgubrjC9S8SDeU7SCFpSe4Haioxho6D5tE3ezogFZ","","","","","","","","","","","","","","","","","","","","","","","","","6.997e-7","","","","","","2026-07-09T23:40:19.407Z",""
"dontrump","CL11RYzNjZa8H44AweRqPZRCvFmCze3fb2jC42CEpump","","","","","","","","","","","","","","","","","","","","","","","","","7.413e-7","","","","","","2026-07-09T23:41:22.402Z",""
"BWERP","CbcfLHuQ2xn6F4ixnrMMTya63MKRTTTJt2ohs1APpump","56","1.97530864","","","","","","","","","","","","","","","","","0.000002225","","","","","","","2026-07-09T23:41:23.421Z","","","","","",""
"Fattouz","Gd7WqrdJAo9JZcQxj162h4PSdgkY5wg4Mi94PFoFpump","","","","","","","","","","","","","","","","","","","","","","","","","3.881e-7","","","","","","2026-07-09T23:41:24.477Z",""
"Musk","Gw7APsrA4NeZGQRTxi7wqYvag97XgmRohTog2sFvpump","","","","","","","","","","","","","","","","","","","","","","","","","4.702e-7","","","","","","2026-07-09T23:41:25.454Z",""
"SCALE","CEkM1XPa3tweAQXLWSzbU2GBkUFg3iWtRHip9QkRpump","57","1.59","","","","","","","","","","","","","","","","","0.000002226","","","","","","","2026-07-09T23:42:22.392Z","","","","","",""
"ROM","3796GkNHzuCM7GQjy7N5m3pCaXwWC2XjdLxBfsmSpump","","","","","","","","","","","","","","","","","","","","","","","","","3.345e-8","","","","","","2026-07-09T23:42:23.526Z",""
"Bobken","3znvH5Jt68WGqDtuiLiuVbHDRR7hWniicKQ8WE6fpump","","","","","","","","","","","","","","","","","","","","","","","","","5.11e-7","","","","","","2026-07-09T23:42:24.536Z",""
"ShareCat","3uV1Ln7Cw7ZbJob5caFQbUHXyj5qiRRWcXk59hEnpump","74","4.444444442","","","","","","","","","","","","","","","","","0.000004696","","","","","","","2026-07-09T23:42:25.445Z","","","","","",""
"Folkswagen","2dnh77hQVuBWrBhQmGSqkeZGJnGcmuS8MgYErEFepump","","","","","","","","","","","","","","","","","","","","","","","","","7.45e-7","","","","","","2026-07-09T23:43:21.440Z",""
"DRUNKCAT","CevgDEN7c7NJm9MFxPdKTF3yAmMtging69w14dZVpump","55","3","","","","","","","","","","","","","","","","","0.000002185","","","","","","","2026-07-09T23:43:23.420Z","","","","","",""
"BS","G6z1XGJuBng44StsbsqhnLWjsHV6LBPhgsT4yXCyZ1rW","","","","","","","","","","","","","","","","","","","","","","","","","4.423e-7","","","","","","2026-07-09T23:43:24.454Z",""
"UPCAT","HtYLhwmRicT5DQCnEKinUb5AwiPbV3BqnLWrV3TQpump","55","5","","","","","","","","","","","","","","","","","0.000002222","","","","","","","2026-07-09T23:43:25.409Z","","","","","",""
"Cryptoguy","ESKiZ6QjRGuYHvj7tWQPQP6X6EXvZ7gPA6jbdxhhpump","68","4","","","","","","","","","","","","","","","","","0.000002182","","","","","","","2026-07-09T23:44:21.405Z","","","","","",""
"BP","78e8MA8LVDBxdjS4yzuJP3TsGuzQ1dAPBuWQuTJsB3s7","","","","","","","","","","","","","","","","","","","","","","","","","3.598e-7","","","","","","2026-07-09T23:45:21.425Z",""
"Drive Grip","DdjJ2EaU8eQZYqtx6JKhMfMMy1GZvuBDVnjqcugopump","65","0.059259258","","","","","","","","","","","","","","","","","0.000004688","","","","","","","2026-07-09T23:46:21.410Z","","","","","",""
"    BNNA","Ag7gtyiaJqaQ9jWbWuhYSWaex2AVwc53UDBfdFBJpump","","","","","","","","","","","","","","","","","","","","","","","","","3.874e-7","","","","","","2026-07-09T23:46:22.407Z",""
"CASHCATBBY","A6RV4d7w1mnCTM4Vym7noEDP8SMmBxXSin1oNUAMMray","85","9.92","","","","","","","","","","","","","","","","","0.000005735","","","","","","","2026-07-09T23:46:23.422Z","","","","","",""
"MF","EqF6GfaNA82fBQQYJyUany4KryEcbAKB9EDwCW3cEBwV","","","","","","","","","","","","","","","","","","","","","","","","","9.779e-7","","","","","","2026-07-09T23:47:20.386Z",""
"assets","7Ti3iNbfgGwoe4JQNUtgHQJRwurq2T16yyxitDXDpump","67","2.962962961","","","","","","","","","","","","","","","","","0.000003841","","","","","","","2026-07-09T23:47:21.420Z","","","","","",""
"PL","AJpitMgaMg7osTWNu9bJdqAkdTzSTR4ay3mgG7q6eBNG","","","","","","","","","","","","","","","","","","","","","","","","","1.765e-7","","","","","","2026-07-09T23:48:22.413Z",""
"LINKING","96hCQrNeEarYp6dMphGuwnzoXzEZgYMwbededrC8pump","67","1.000000001","","","","","","","","","","","","","","","","","0.000002182","","","","","","","2026-07-09T23:48:23.397Z","","","","","",""
"CASHCAT","5fkWMGUxcjwbzW1gVYj2meR9uBA9GeqZMDiju934pump","","","","","","","","","","","","","","","","","","","","","","","","","4.989e-7","","","","","","2026-07-09T23:48:24.453Z",""
"Drive Grip","6UqWGJHGhgffWKAMJjDbDpnPrMaAfuxgKnXvLRjbpump","","","","","","","","","","","","","","","","","","","","","","","","","5.128e-7","","","","","","2026-07-09T23:48:25.398Z",""
"goatse","HQ4Ziv2y3UbRaL5JJy2vLjEz4YFo6wj4qFWJENwrpump","61","2","","","","","","","","","","","","","","","","","0.0000023","","","","","","","2026-07-09T23:49:19.404Z","","","","","",""
"BA","66cLzwGtKD4KTrNVmdAqRh4sAfDH9TzcpxuaJ7DUNcVa","","","","","","","","","","","","","","","","","","","","","","","","","5.079e-7","","","","","","2026-07-09T23:51:22.433Z",""
"F-250","FVqqmiucsEdyyi2qLLaB9zbHPHYcgMgcrUfkEmLepump","","","","","","","","","","","","","","","","","","","","","","","","","3.514e-7","","","","","","2026-07-09T23:51:23.395Z",""
"MBH🔑","CD1UKgUDctfvdDDJcpFsjhLe1qTyAQHNrPRXs14ypump","","","","","","","","","","","","","","","","","","","","","","","","","6.754e-7","","","","","","2026-07-09T23:51:24.401Z",""
"HUSS","DiYqer6J4LWv4z4QVqotgdV9anK7oknV7sW3UdSMP8ta","72","3.950617282","","","","","","","","","","","","","","","","","0.000007569","","","","","","","2026-07-09T23:51:25.422Z","","","","","",""
"HUSS","AqSFZMp8SdurED8J1skq3mzs9GgnSikTEd5aoYWipump","75","5.925925924","","","","","","","","","","","","","","","","","0.000005547","","","","","","","2026-07-09T23:52:21.419Z","","","","","",""
"MF","4hiu269No1XoUQc4gQoDBShPZAZ7pQ1LstRYqx2oh7XV","","","","","","","","","","","","","","","","","","","","","","","","","4.976e-7","","","","","","2026-07-09T23:53:19.403Z",""
"lolbitcoin","6Sd2FUnpgZpvxKVcxTgeRgMZFeih638WBEq4YcKfpump","81","14.814814813","","","","","","","","","","","","","","","","","0.000004879","","","","","","","2026-07-09T23:54:18.469Z","","","","","",""
"TIGER","6KRFFhZ2HL8qW8xMA3uxspR485jwWvALv9ywvGpgq4Yd","","","","","","","","","","","","","","","","","","","","","","","","","7.737e-8","","","","","","2026-07-09T23:54:20.474Z",""
"MLED","3a992h5jfW6cd1cmhNQM8Ts1DnQ1ptR5NeRksYmEpump","","","","","","","","","","","","","","","","","","","","","","","","","0.000001487","","","","","","2026-07-09T23:54:21.428Z",""
"CAT","eLyhW47kaBg3TEDAhW8swoDSob72k5jbHUYyDJnpump","60","1.938035595","","","","","","","","","","","","","","","","","0.00000235","","","","","","","2026-07-09T23:55:21.402Z","","","","","",""
"Toyota","He3Z37TxQGZQiCjtVUcGkCV9JLXR2odq9yZdoK1epump","","","","","","","","","","","","","","","","","","","","","","","","","3.71e-7","","","","","","2026-07-09T23:55:22.432Z",""
"LM","HaqJQXxaNTgqynFSDafRiDCZKMGLiXYYRiRJxBUGxPje","","","","","","","","","","","","","","","","","","","","","","","","","9.407e-7","","","","","","2026-07-09T23:55:23.435Z",""
"ASS","D7ADPSzhfKUMJr1B36gyNVNhj1mPVRTiL2UnvCYfpump","56","5","","","","","","","","","","","","","","","","","0.000002286","","","","","","","2026-07-09T23:56:22.416Z","","","","","",""
"1","HQ9CwmwhS9cp8V3YMHfTHMEvfsqEjBEjFiixnudBpump","","","","","","","","","","","","","","","","","","","","","","","","","1.843e-8","","","","","","2026-07-09T23:56:23.440Z",""
"STARMIND","F9gWmqFp6Lvfwq9wPpwLRyXBHf9Ph1rSJW7oUKJApump","63","3","","","","","","","","","","","","","","","","","0.000002248","","","","","","","2026-07-09T23:56:24.417Z","","","","","",""
"STARMIND","8JsqURCyoq1gqkLPxuVheGuJymKem1DPJ4PiAzHUpump","67","3","","","","","","","","","","","","","","","","","0.000002286","","","","","","","2026-07-09T23:56:25.456Z","","","","","",""
"MICHICASH","DmDzii65RmA4DCBE4qSRFHYcrS47iN3bm61K46jTpump","67","4.938271603","","","","","","","","","","","","","","","","","0.000005825","","","","","","","2026-07-09T23:57:22.416Z","","","","","",""
"DEE","u7tp4CrLM27pBrZtEBnaY4mTbnvtroXbTyc63VTFnMa","72","3.950617282","","","","","","","","","","","","","","","","","0.000002285","","","","","","","2026-07-09T23:57:24.403Z","","","","","",""
"MBH🔑","6SG9w6RtNSWRmV4PMpi2w89Nqddp5fkS44XkPQMepump","","","","","","","","","","","","","","","","","","","","","","","","","4.917e-8","","","","","","2026-07-09T23:57:25.447Z",""
"STARMIND","8cCQ2TQxQJLj9bNwpsw2M6vRWPypyHvNxmB21xxBw7mM","","","","","","","","","","","","","","","","","","","","","","","","","0.000002205","","","","","","2026-07-09T23:58:22.746Z",""
"STARMIND","5LHWXJfdjXmWFf93HbtZG6nNq3JkzQ8Fcz3zDMeiWfsf","","","","","","","","","","","","","","","","","","","","","","","","","0.000002183","","","","","","2026-07-09T23:58:23.036Z",""
"STARMIND","C4YGFzccA6oMyuGCXvpH7CmVD3dsEWTBs16DA8PDCXBg","","","","","","","","","","","","","","","","","","","","","","","","","0.000002184","","","","","","2026-07-09T23:58:24.392Z",""
"PARIS","5AcEjoCw3kHuex8xXcSMhQH9YbEgJAf9N4pyx91Kpump","56","5","","","","","","","","","","","","","","","","","0.000002183","","","","","","","2026-07-09T23:59:20.499Z","","","","","",""
"7/10","6v9HVYGR1LLSavDnreb6buwrR59MU48fZWGtqMC2fiha","72","3.950617282","","","","","","","","","","","","","","","","","0.000002183","","","","","","","2026-07-09T23:59:21.462Z","","","","","",""
"STARMIND","8KangBptUxfbvW8rvnDzXys9XTkVNyCCTRn8RGVAyYf6","","","","","","","","","","","","","","","","","","","","","","","","","0.000002181","","","","","","2026-07-10T00:00:23.438Z",""
"MF","7pvD3joKrzDTSE1baMQmbQLbmKc9okEeY9QygrthHtXw","","","","","","","","","","","","","","","","","","","","","","","","","5.097e-7","","","","","","2026-07-10T00:00:24.386Z",""
"7/10","4E3XyrZY5sASn1QFnKqd8EnHNvzWA9beZfothLiq1p4a","","","","","","","","","","","","","","","","","","","","","","","","","0.00002378","","","","","","2026-07-10T00:00:25.404Z",""
"the dog","HAs3E6jbytzNnnWLhrD5KBKGDSZFEhgGq1vNvYdepump","99","0.060000001","","","","","","","","","","","","","","","","","0.000002439","","","","","","","2026-07-10T00:01:22.418Z","","","","","",""
"07/10","FmPv83mFDJqMWLN9r4rFgiET6NZiWjd9qJZXFFompump","56","2.658844207","","","","","","","","","","","","","","","","","0.000002225","","","","","","","2026-07-10T00:01:23.400Z","","","","","",""
"GINNAN","6JH2F6vrNzDDL29ooYDTvuHu41S1tBqW7Ab21Ay7pump","85","10.000000001","","","","","","","","","","","","","","","","","0.000003891","","","","","","","2026-07-10T00:01:24.412Z","","","","","",""
"07/10","Dz8GHWMgRuupYymHDttYwBNo8giDzgAdgZpGgoVRpump","67","2.962962961","","","","","","","","","","","","","","","","","0.000002182","","","","","","","2026-07-10T00:01:25.395Z","","","","","",""
"Eiffell","126jZ4if5v2hnKtxtjucyN2MHLD1Fbv3m2X2mGmQpump","58","2.962962961","","","","","","","","","","","","","","","","","0.000002301","","","","","","","2026-07-10T00:02:22.416Z","","","","","",""
"PARIS","9dLNTqJDbKLA3fXuViSBQn2r4KxGWvAB4HVKNhmDpump","58","5","","","","","","","","","","","","","","","","","0.000002181","","","","","","","2026-07-10T00:02:23.391Z","","","","","",""
"SOL","4ZpTmTUMEb6FBTmKc1KubXntztKuH6RM8jErGoCspump","56","10","","","","","","","","","","","","","","","","","0.000006535","","","","","","","2026-07-10T00:02:24.412Z","","","","","",""
"MOG","F9cB9GtxF9zqXNdUuzwCc3DGi1jqYsh2Ea7n62T3pump","","","","","","","","","","","","","","","","","","","","","","","","","4.869e-7","","","","","","2026-07-10T00:02:25.389Z",""
"Eiffell","4aqr9WsRJmrrRjF4DxPfePtBG4arcjjswNcDHQ3zpump","67","2.962962961","","","","","","","","","","","","","","","","","0.000004204","","","","","","","2026-07-10T00:03:20.429Z","","","","","",""
"BCAT","HESMvgA5qBn2Ez5SzH22a7RU8Am6Qb5Cx2cbVFTspump","92","20","","","","","","","","","","","","","","","","","0.000005704","","","","","","","2026-07-10T00:03:21.390Z","","","","","",""
"PAINTSEM ","ADsPb668RQQCDsdyhiELNiQ2cnrsuJQtL2RSubhcpump","57","2.2","","","","","","","","","","","","","","","","","0.000002909","","","","","","","2026-07-10T00:04:22.452Z","","","","","",""
"EIFFEL","DcYTSJmpggP5H2eu4W1NjXq4gTeSMkbEyY2wnkkvpump","67","3","","","","","","","","","","","","","","","","","0.000002591","","","","","","","2026-07-10T00:04:23.390Z","","","","","",""
"BULLATRO","4FwaYRzUdxZEDhMhmHAuumiWeXHwmphdA3Gw7q24pump","57","1.578271603","","","","","","","","","","","","","","","","","0.000002463","","","","","","","2026-07-10T00:04:24.395Z","","","","","",""
"GDGU","FQ7FLDcjK98va2YaEfYPB2Zd9GaKsSknv2yCJFxQpump","58","5","","","","","","","","","","","","","","","","","0.000002221","","","","","","","2026-07-10T00:05:21.386Z","","","","","",""
"MF","9n9AMRUPuCM8rsW6jf5eYY6XmhACWqzSc9vMSxEsAEB5","","","","","","","","","","","","","","","","","","","","","","","","","2.42e-7","","","","","","2026-07-10T00:05:22.394Z",""
"Solly","AWhfGFqEs8yDYP5pbWWdZzYnLCNka5VyShNSmordpump","67","2.962962961","","","","","","","","","","","","","","","","","0.00000272","","","","","","","2026-07-10T00:05:23.409Z","","","","","",""
"Grok","BYM1o2B7StL1aDDCYdu6HKSmjU3jfeM2AvyH66yBpump","58","5","","","","","","","","","","","","","","","","","0.000002217","","","","","","","2026-07-10T00:06:20.393Z","","","","","",""
"CASRAT","B2NVCabDfDXue4EvcCpJ7RxkDKHV8Wispug1Fm7Wpump","56","1.48148148","","","","","","","","","","","","","","","","","0.000002617","","","","","","","2026-07-10T00:07:19.490Z","","","","","",""
"HOTKEY","EzpqJoEAgMRbfbJ5CCEJGXnJXmheL8et5pLWStaipump","61","2.02699298","","","","","","","","","","","","","","","","","0.000003051","","","","","","","2026-07-10T00:08:19.391Z","","","","","",""
"cat","9rD74kCFbm3zTvRo6h8hXjRPjSp1xnmx8vKv211pump","58","1.647656094","","","","","","","","","","","","","","","","","0.00000254","","","","","","","2026-07-10T00:09:20.386Z","","","","","",""
"angy","3vskwAvK4zhNNfU4KBFvthZJbYDr5e59BJ1oG4fHpump","97","10","","","","","","","","","","","","","","","","","0.00000242","","","","","","0.000002184","2026-07-10T00:09:21.496Z","","","","","2026-07-10T00:10:18.559Z",""
"SERIOUS","HJXvwNTymMN6biMCiDZ828bw829TDQVspVJaeQqnrToa","64","2.4691358","","","","","","","","","","","","","","","","","0.000005233","","","","","","","2026-07-10T00:11:19.395Z","","","","","",""
"SERIOUS","EwsuwQR1oLsnLyANfmF914Gs4VT2exkaPNJGx9fTu3ca","64","2.4691358","","","","","","","","","","","","","","","","","0.00001062","","","","","","","2026-07-10T00:12:24.434Z","","","","","",""
"LongCat","BCfRq7w75UiEEzELAC2wd8eyxa1qisrWwWE2muAdpump","58","3.300000001","","","","","","","","","","","","","","","","","0.000002728","","","","","","","2026-07-10T00:12:25.478Z","","","","","",""
"pushing ","27YEMDdCfZQB6aoXuoWR14kpTVaz1a84js2Q9Ppmpump","","","","","","","","","","","","","","","","","","","","","","","","","4.648e-8","","","","","","2026-07-10T00:12:26.387Z",""
"TARDY-01","7pTcfy13F8oGhsdrH467Rht7AKjbi3ZfQH73vo6Rpump","57","5","","","","","","","","","","","","","","","","","0.000002217","","","","","","","2026-07-10T00:13:19.401Z","","","","","",""
"REKTO","CcGHV3917GnFRYpPBi6witrXTdnta1zNPoVaEXtXpump","91","17.777777776","","","","","","","","","","","","","","","","","0.000006047","","","","","","","2026-07-10T00:14:20.593Z","","","","","",""
"Flex","22oDnWKkvmmeEP9qRAJ4uHV1cR4MkD8JNw8AbnNHpump","","","","","","","","","","","","","","","","","","","","","","","","","1.873e-7","","","","","","2026-07-10T00:15:20.444Z",""
"Catnald","415fJxTvG9gnqFA4PBBjVTP2xdePAgQCzuX42cRnpump","56","1.48148148","","","","","","","","","","","","","","","","","0.000002248","","","","","","","2026-07-10T00:15:21.389Z","","","","","",""
"Scale","FpCMjzFN6BPwdVdLwGTu2vFcvVtRr7G3ssZ9mjecpump","55","1.382716048","","","","","","","","","","","","","","","","","0.000002197","","","","","","","2026-07-10T00:17:21.451Z","","","","","",""
"Memesock","H8twfgsHAVdL4D59begjgQB4RAfVZGpVRAaWb6Bcpump","61","2","","","","","","","","","","","","","","","","","0.000002208","","","","","","","2026-07-10T00:17:22.385Z","","","","","",""
"LONEMIKOL","C3BPwhmkTTPoKQMiPg2UiaZqrCTWWJxFjy7n6QCYpump","60","3.950617282","","","","","","","","","","","","","","","","","0.000003206","","","","","","","2026-07-10T00:17:23.421Z","","","","","",""
"MOHAMMED","3xDip1JgDJ3vLx2FUvf7ZXhdWrwc7Zis2Hy9K1oypump","","","","","","","","","","","","","","","","","","","","","","","","","0.000002282","","","","","","2026-07-10T00:19:19.234Z",""
"Swish","2u7n3upRa425yexxgTABPjxdzWihPvCbAyoBDk8npump","","","","","","","","","","","","","","","","","","","","","","","","","1.457e-7","","","","","","2026-07-10T00:21:20.533Z",""
"Robbed","2byp6htnizFqFJDCqmRoZRsV4CavFbj1x8rwDe2kpump","67","2.962962962","","","","","","","0","0","-48.8","960","","","","","","","0.000004189","0.000004491","","","","","","2026-07-10T00:21:21.386Z","2026-07-10T00:24:18.526Z","","","","",""
"GAY","GC14J8sk5aPyXp1vhFYx3eDj2ZAVPxEFnjiMXfCmpump","56","2","","","","","","","","","","","","","","","","","0.00000422","","","","","","","2026-07-10T00:23:20.073Z","","","","","",""
"1000x","EShkXQCno8m4CTnFz3StD5W68FgonP4cEZUFA8Ckpump","96","0.500000001","","","","","","","","","","","","","","","","","0.000001743","","","","","","","2026-07-10T00:23:21.392Z","","","","","",""
"usug","DeTN35cwBJyVNtMhbB8XWE9BQ4CUyp5KZi4FhTVRpump","60","3","","","","","","","","","","","","","","","","","0.000002178","","","","","","","2026-07-10T00:26:21.389Z","","","","","",""
"USELLUGAY","6zcaiT2F5PQFcaDN4tXUejtumd1MH1UfDnCLaQkZpump","56","2","","","","","","","","","","","","","","","","","0.000002223","","","","","","","2026-07-10T00:26:22.433Z","","","","","",""
"1 MLN!!","AJcU7mVYwyatkGVDEyMQJF9Fzgdsz3WUo2PfDSR5pump","78","6.000000001","","","","","","","","","","","","","","","","","0.000003213","","","","","","","2026-07-10T00:29:18.482Z","","","","","",""
"CASHYBARA","CxJ1VNiFR1RxFuWUstTfXzZZEsVjSFJVWxppGNdupump","100","14.814814813","","","","","","","","","","","","","","","","","0.000006579","","","","","","","2026-07-10T00:29:20.378Z","","","","","",""
"HOOD","3A39hyMjdExxnsiMotEY6n43xHC65skE5n5bJ97Upump","67","3.000000001","","","","","","","","","","","","","","","","","0.000002647","","","","","","","2026-07-10T00:29:21.603Z","","","","","",""
"10000x","76HxMsqa43gADcEBUjFYuiFZHQgRe9bvuJGQYE65pump","","","","","","","","","","","","","","","","","","","","","","","","","4.084e-7","","","","","","2026-07-10T00:30:19.332Z",""
"YWC","CSgrgfKg1LqjWe8MzJimCZkFyzzZsjqEcfxfNr2Upump","","","","","","","","","","","","","","","","","","","","","","","","","3.604e-7","","","","","","2026-07-10T00:31:19.372Z",""
"nerd","stZy2aEcPDrvGzuVgrb2Ur67XkrMAyuSRceFH62pump","60","1.938035595","","","","","","","","","","","","","","","","","0.000005798","","","","","","0.000002722","2026-07-10T00:35:19.383Z","","","","","2026-07-10T00:39:18.504Z",""
"ONLY 1","2C25Q232TuYkXfomiTWkXTVwj9TjsUStU8fbh1TZpump","","","","","","","","","","","","","","","","","","","","","","","","","4.979e-7","","","","","","2026-07-10T00:36:19.358Z",""
"US","GyVjAfKoNH7yyrFzN4CEMzVnookoDzMu7oCVgthdpump","61","3.456790121","","","","","","","40.4","240","-34.1","960","","","","","","","0.000002793","0.000005086","","","","","","2026-07-10T00:38:19.359Z","2026-07-10T00:41:18.628Z","","","","",""
"whitedog","8vgaTBW1nz4fBboCYFph7MVSLsgL8wBbex9M1hE5pump","56","1.46627566","","","","","","","","","","","","","","","","","0.000005259","","","","","","","2026-07-10T00:39:19.355Z","","","","","",""
"BAGSEMWORK","2QA8boRdCQgqKUsgwv3jPHwhF1F5FTd2SsAtexwopump","61","1.97530864","","","","","","","","","","","","","","","","","0.000002866","","","","","","","2026-07-10T00:40:21.385Z","","","","","",""
"OVER","9Puu6RW3hsudBCt8kVaQqkb4urVwnVWQh16Chxrcpump","96","46.09929078","","","","","","","","","","","","","","","","","0.00001721","","","","","","","2026-07-10T00:40:22.354Z","","","","","",""
"DYM","D4Uaydnzpg7wb8VpdQKGXP1W3VurLdQAwK5xcTqFpump","57","1.59","","","","","","","","","","","","","","","","","0.00000218","","","","","","","2026-07-10T00:40:23.376Z","","","","","",""
"vibecat","8r8TWGSExyrS9SmMQo5WMNVitTeMiHDsVUu18YBopump","75","4.938271603","","","","","","","","","","","","","","","","","0.000003009","","","","","","","2026-07-10T00:41:19.380Z","","","","","",""
"qZENITH","6mNc69TSdz4cJXYUo3qEnWAieHAMdBcQM73BXigqpump","77","5.48148148","","","","","","","","","","","","","","","","","0.000002257","","","","","","0.000002181","2026-07-10T00:42:21.368Z","","","","","2026-07-10T00:46:18.484Z",""
"KIRBOS","CrhPYaHr7sX3UB8uPGdPLycUHJWyYDSudHZduHfqpump","58","1.65","","","","","","","","","","","","","","","","","0.000002181","","","","","","","2026-07-10T00:42:22.373Z","","","","","",""
"YUYito","ESRmRtfvVytqdzEMzTEbDp9Ui6YBJzeBusGA88wdpump","55","2.5","","","","","","","","","","","","","","","","","0.000002181","","","","","","","2026-07-10T00:42:23.427Z","","","","","",""
"gago","6fabiprF96hWz8AXzCQaKPCWyS6AVNPU2sUzS3gNpump","67","2.962962961","","","","","","","","","","","","","","","","","0.00000709","","","","","","","2026-07-10T00:43:20.360Z","","","","","",""
"Muse","4xnqqP3Ww53mH38YwWvqxdUrkgg9ihz6th7jR14qpump","","","","","","","","","","","","","","","","","","","","","","","","","0.000007525","","","","","","2026-07-10T00:43:21.445Z",""
"FIT","7fBBPHpe3KGF1xBPeYCLeQ6Ty1SnoHkzBYcQuZMypump","58","1.68","","","","","","","","","","","","","","","","","0.000002227","","","","","","","2026-07-10T00:44:19.417Z","","","","","",""
"SR","AYS7mXksS7YMXHnWR2J1DaH8FsxPs1KSasK5vB7Tpump","100","0.098765431","","","","","","","","","","","","","","","","","0.00002078","","","","","","5.671e-7","2026-07-10T00:47:19.603Z","","","","","2026-07-10T00:49:18.440Z",""
"gago","CNKQwnkLFXbcnsJPKGJWJX88pxKB54LU7JbD9Ykepump","61","1.97530864","","","","","","","","","","","","","","","","","0.000006499","","","","","","0.000002179","2026-07-10T00:48:19.389Z","","","","","2026-07-10T00:52:18.540Z",""
"goatse","ARLR8C2Dto8fvsJaSJuci6tkQx33oXxcwYja4Wdgpump","66","2.8","","","","","","","","","","","","","","","","","0.000002612","","","","","","","2026-07-10T00:49:21.358Z","","","","","",""
"ansemcash","GrpYcEuLYrdvmW9DkmzawDXZCCdmfzY5byRJYZgPpump","89","18.000000001","","","","","","","","","","","","","","","","","0.000004201","","","","","","0.000003327","2026-07-10T00:49:22.434Z","","","","","2026-07-10T00:51:18.538Z",""
"taro","Hq1AgFi5y3rFCUrcn1pdNzSLzc5Fvo35daM9uk7Xpump","89","14.320987653","","","","","","","","","","","","","","","","","0.00001342","","","","","","","2026-07-10T00:49:23.501Z","","","","","",""
"US","6NtMA4fGDqvr9qBf17Y5oddPL99yA3j5YNRxZD8npump","56","1.97530864","","","","","","","","","","","","","","","","","0.000002439","","","","","","","2026-07-10T00:50:20.354Z","","","","","",""
"LIQONARA","GWfUKScdX8e3PX5hxM99KXCWKccdu9Rgxdobx7wMpump","","","","","","","","","","","","","","","","","","","","","","","","","0.000001173","","","","","","2026-07-10T00:50:21.351Z",""
"goatse","AKeZpxyct587fSeNUeMMGFLPkDxnmLbhuy47StXXpump","62","2.2","","","","","","","","","","","","","","","","","0.00000222","","","","","","","2026-07-10T00:51:19.364Z","","","","","",""
"Ponzi","ES8Fqip9LuoV4E7DSCkRP33GPyskeBQNuDqunbVopump","","","","","","","","","","","","","","","","","","","","","","","","","0.00000218","","","","","","2026-07-10T00:52:20.497Z",""
"MASON","JCpA33h6x8jjHuXut3ZbJ4ZoLSdstkUALMnTYX31pump","65","2.535179833","","","","","","","","","","","","","","","","","0.00000257","","","","","","","2026-07-10T00:52:21.476Z","","","","","",""
"GOAT","GT89vsk6uptPaSDpgnyi2dH2cMfbBzKbXnJi6YE3pump","58","1.7","","","","","","","","","","","","","","","","","0.000002844","","","","","","","2026-07-10T00:53:20.364Z","","","","","",""
"SNS","22bKCyTkF3TYPyY68uArYekiyM1o9NR5wfLXPfw3pump","79","6.172839505","","","","","","","","","","","","","","","","","0.000003684","","","","","","","2026-07-10T00:53:21.361Z","","","","","",""
"BULL","vTuX2edQwUdyehvUuzCSMbXkfbjYVghGnBBcx2hpump","55","1.357161697","","","","","","","","","","","","","","","","","0.000002203","","","","","","","2026-07-10T00:54:21.386Z","","","","","",""
"nigga","CWFETE1VjF3K7uLFtiGtTDbmLSpbAD8WTZNJ1QX8pump","55","3.5","","","","","","","","","","","","","","","","","0.000002275","","","","","","","2026-07-10T00:55:20.353Z","","","","","",""
"ORANGEsem","GaXbLjPz22Nm97yuSdqzSfUzUpqPLw2kRZ82dmFKpump","","","","","","","","","","","","","","","","","","","","","","","","","2.482e-7","","","","","","2026-07-10T00:55:21.384Z",""
"gggggggggg","H5G72g88H2TWjkK2esUxEDU64f97o5rhe7GQxCPcpump","","","","","","","","","","","","","","","","","","","","","","","","","2.845e-7","","","","","","2026-07-10T00:56:20.362Z",""
"SERIOUS","Dve925L3AeWdUFb6Z5DtavQL9qwdxN3TMwDFUeBsYsxa","67","2.962962961","","","","","","","","","","","","","","","","","0.00000218","","","","","","","2026-07-10T00:56:21.345Z","","","","","",""
"SERIOUS","7fsmAv1aqyxMvsiMpfX2vRtVcXp3fUF95KwD667Jhvxa","67","2.962962961","","","","","","","","","","","","","","","","","0.00001573","","","","","","","2026-07-10T00:57:20.362Z","","","","","",""
"hhhhh","4svZCkRrLJvhwWpyLWemRh69Y2dQbsHtJeQsf3c5pump","","","","","","","","","","","","","","","","","","","","","","","","","3.456e-7","","","","","","2026-07-10T00:57:21.356Z",""
"MC","9JeQPVexU6d5DkkmEqDDuCRyHfa2n1u47dJKtpjZpump","60","1.876543208","","","","","","","","","","","","","","","","","0.000002182","","","","","","","2026-07-10T00:58:20.337Z","","","","","",""
"TrumpSpace","7LV32PzVH76z5hDFCoMSF49tqK4dXn5GXmqkHuyGpump","57","3.3","","","","","","","","","","","","","","","","","0.000002406","","","","","","","2026-07-10T01:00:20.383Z","","","","","",""
"RJGN","5AKnGEJYp7ahiCghtJBReX7kfh49woHefvFFrf5Npump","57","7","","","","","","","","","","","","","","","","","0.000004286","","","","","","","2026-07-10T01:00:21.354Z","","","","","",""
"Sregginville","839aGSQVPsM3WsnF37Xz4JGF4JyX6nv1AP56u7LSpump","55","3.5","","","","","","","","","","","","","","","","","0.00000247","","","","","","","2026-07-10T01:01:20.478Z","","","","","",""
"RJGN","8tniPAEn9LqFUC9qLMhG3AgMCBBxxsLfXGqPUpjMYhaa","67","2.962962961","","","","","","","0","0","-0.6","960","","","","","","","0.000002197","0.000002197","","","","","","2026-07-10T01:02:19.356Z","2026-07-10T01:05:18.402Z","","","","",""
"Mad Cat","FKLqzLStfxakRNa7XXjfY9myy2yTKcHvTjh6nTcEpump","60","1.876543208","","","","","","","","","","","","","","","","","0.000002183","","","","","","","2026-07-10T01:03:19.388Z","","","","","",""
"10000x","4ZfjzXuRvzFSmpdiPzZQPTFc6y2ezHyRGuLY3ioQpump","83","0.250000001","","","","","","","","","","","","","","","","","0.000002671","","","","","","","2026-07-10T01:05:19.403Z","","","","","",""
"footballchan","Gm9wDeusi2HfDxErLwEn7Bi8JgRvFvwDswMf6Fdpump","66","4.938271603","","","","","","","","","","","","","","","","","0.000006999","","","","","","","2026-07-10T01:06:19.405Z","","","","","",""
"nanocat","S3PNXYrphV8rysfwYRdFKyx84GhVLHWmYN8arZEpump","56","1.454005933","","","","","","","","","","","","","","","","","0.000004201","","","","","","","2026-07-10T01:07:20.559Z","","","","","",""
"LIMECAT","7Z2RBj1ZmvBa1NXDX82GhDoupYjcLcPmrYwT117UMoVa","72","3.950617282","","","","","","","","","","","","","","","","","0.000002324","","","","","","","2026-07-10T01:07:20.776Z","","","","","",""
"LIMECAT","HPm5iQKFbqMkVcM14uaM7MeFnAuNa2LgTCPmeEKg461a","72","3.950617282","","","","","","","","","","","","","","","","","0.000002202","","","","","","","2026-07-10T01:08:21.363Z","","","","","",""
"LIMECAT","AtCjcYVyhJJ3VVcWhy3tBcRF5rHh3ydu8JdJc3AGGLna","72","3.950617282","","","","","","","","","","","","","","","","","0.000002283","","","","","","0.000002183","2026-07-10T01:08:22.369Z","","","","","2026-07-10T01:11:18.454Z",""
"CASHEW","A1gWQbFHWKAff5YMvh3a8BTmToiSBvf8LSSm11DPpump","67","3","","","","","","","","","","","","","","","","","0.000002345","","","","","","","2026-07-10T01:08:23.355Z","","","","","",""
"USOH","FTM1gefqGmg1rsNU72Z5RGaRZKUbEs8YCtg36FhKpump","56","1.48148148","","","","","","","","","","","","","","","","","0.000002896","","","","","","0.000002337","2026-07-10T01:09:22.343Z","","","","","2026-07-10T01:13:18.478Z",""
"BAGWORKERS","UKrFv8VrcCUtyrFqatiDGhU6rn7fYqBWR7boucWpump","96","16.790123455","","","","","","","","","","","","","","","","","0.000006091","","","","","","","2026-07-10T01:09:23.347Z","","","","","",""
"DANCE","BeG2rUD1tDtQ4Pjpf4txdL7SrmptnVryAWCHc4M1pump","78","6","","","","","","","","","","","","","","","","","0.000006177","","","","","","","2026-07-10T01:09:24.349Z","","","","","",""
"NICKBENAVIDES","77Co89e57KXR2RgR46N5spYqrpi8qAMnFY9ETn4kpump","55","5","","","","","","","","","","","","","","","","","0.000002284","","","","","","","2026-07-10T01:09:25.341Z","","","","","",""
"10000x","2Qrom7NWvMso1tuYjyN9KYRRLjm5dujCW9dMNgq9pump","","","","","","","","","","","","","","","","","","","","","","","","","0.000001191","","","","","","2026-07-10T01:12:21.370Z",""
"LIGHT","4PdJgP3ivS5w6VcmxsAKfbwc1qgcdQsphTAT2xqXpump","56","2.469135801","","","","","","","","","","","","","","","","","0.000002184","","","","","","","2026-07-10T01:12:22.330Z","","","","","",""
"Mythos","D3J9rqmXDGBA4WiLrNjahVaa9xffXb5Sj9tCcovRpump","60","1.9","","","","","","","","","","","","","","","","","0.000003277","","","","","","","2026-07-10T01:12:23.365Z","","","","","",""
"GUI","sNK6ADK5S4Lemy6z4vR9Q9JmgzpwY2TMci36vxtpump","75","5.925925924","","","","","","","","","","","","","","","","","0.000002203","","","","","","","2026-07-10T01:13:19.346Z","","","","","",""
"SOLA","DxZA6FxP8WPH4EDWYPeLw2HBcVGpiLLkVTABz4E6Fb3r","","","","","","","","","","","","","","","","","","","","","","","","","0.000002185","","","","","","2026-07-10T01:15:19.386Z",""
"thinker","6uCM4DAsQUG3P9fzUKasekDxWwUk893r4SVLiNDpump","60","1.938035595","","","","","","","","","","","","","","","","","0.000008426","","","","","","","2026-07-10T01:16:19.400Z","","","","","",""
"MAYNUGGET","ADwumQJPc9QM437cZcnprJGhZXSp51Dvtfkx5dZ5pump","","","","","","","","","","","","","","","","","","","","","","","","","1.21e-7","","","","","","2026-07-10T01:17:19.384Z",""
"cat","8rcxyLetWVQp9ZCkyjsW63pxT4UAEkp1pQF2YqsGpump","66","2.8","","","","","","","","","","","","","","","","","0.00000222","","","","","","","2026-07-10T01:20:21.435Z","","","","","",""
"BILLION","AyFAK3YV7W9n5koNANt3D87ALbDrA7Ttjq9v1cqHpump","","","","","","","","","","","","","","","","","","","","","","","","","0.000002223","","","","","","2026-07-10T01:20:22.357Z",""
"Gui","JApR8NFrV44iro6H426zCmu8eevSLqhSGckdKwXapump","80","6.913580245","","","","","","","","","","","","","","","","","0.000003323","","","","","","","2026-07-10T01:20:23.335Z","","","","","",""
"bull","BpQJduM1WVbJBviF1wfqs6CiTX2EFyWFcqR8AfWepump","99","0.200000001","","","","","","","","","","","","","","","","","0.00000274","","","","","","","2026-07-10T01:21:19.387Z","","","","","",""
"air","4mnStmBP4RzUfiTcF2ZLXFv9ZhMxZhY42EQfRCfHpump","65","3.456790122","","","","","","","","","","","","","","","","","0.000003097","","","","","","","2026-07-10T01:22:20.343Z","","","","","",""
"CASHCAT","gsivUv95cbnaXEK7SqmUKUE3rVvpNvwFsCAk7f6pump","100","14.814814813","","","","","","","","","","","","","","","","","0.000004899","","","","","","0.000002226","2026-07-10T01:22:21.376Z","","","","","2026-07-10T01:24:18.474Z",""
"RETARD","HqyMsWVfCDqh13D2QtFnE9hPvFamC2Kc45oXTw65pump","","","","","","","","","","","","","","","","","","","","","","","","","3.956e-7","","","","","","2026-07-10T01:23:19.344Z",""
"jgsbjdlaxb","B8d3nWD8KNjSMWVkh5EnXQ9TUKegTNcww66VXEXzZosa","62","2.113580245","","","","","","","","","","","","","","","","","0.000002307","","","","","","","2026-07-10T01:24:20.350Z","","","","","",""
"jgsbjdlaxb","9tyRHn5eqUVw4aYhS5mmpkh4SMvrgkNpg8zNm632xhqa","62","2.113580245","","","","","","","","","","","","","","","","","0.000002214","","","","","","","2026-07-10T01:24:21.344Z","","","","","",""
"LIQONARA","7y1753XcNMmiazfYRnNfkdLsSyHYkD5G66af7SVGpump","61","1.97530864","","","","","","","","","","","","","","","","","0.000002197","","","","","","","2026-07-10T01:25:19.349Z","","","","","",""
"山羊","CPaZWcQeFZHJmuwUPCJnGWnmPKHPDqgBdtUmN2TRpump","55","1.9","","","","","","","","","","","","","","","","","0.000007572","","","","","","","2026-07-10T01:26:20.365Z","","","","","",""
"Starmind","4Dohc8zsfTjuvLtz7GnEEnGgKfDUTdehXHDiNSVKpump","","","","","","","","","","","","","","","","","","","","","","","","","5.067e-7","","","","","","2026-07-10T01:26:21.349Z",""
"MILKDOG","3JHheirYdfaoWmMCyv78a85kUdoACeMWZfjq1LKVpump","67","2.9","","","","","","","","","","","","","","","","","0.000002296","","","","","","","2026-07-10T01:28:19.339Z","","","","","",""
"LFISH","7ycGxZKidYhFdczpfpVVwCQwfDP4evVfkQ6knDyCpump","","","","","","","","","","","","","","","","","","","","","","","","","4.114e-7","","","","","","2026-07-10T01:29:20.350Z",""
"flashcat","5EGXCiq8mMX6m5LXubosS3haxqk35AJi36XkXiipump","58","1.647656094","","","","","","","","","","","","","","","","","0.000003798","","","","","","","2026-07-10T01:29:21.360Z","","","","","",""
"LFISH","2o4BnFKmfFWPxSZdPoyUUe2TSM8kLj5NNtpwgShEpump","61","0.98765432","","","","","","","","","","","","","","","","","0.000001612","","","","","","","2026-07-10T01:30:22.340Z","","","","","",""
"LFISH","9CeM2jPL2bWkUwtk2nKt2rCxJb2H494fEQnrQouvpump","","","","","","","","","","","","","","","","","","","","","","","","","0.00000132","","","","","","2026-07-10T01:30:23.332Z",""
"BullTara","Ex4WAbQa9BuH6Knug4ZG8vNnKG5VR4D26zJH5Dcnpump","61","2","","","","","","","","","","","","","","","","","0.000002201","","","","","","","2026-07-10T01:30:25.388Z","","","","","",""
"mango","6Bn8JwaUkWA7tAiwv1yRF123oetrAeMbsYVqSEYspump","93","5.925925924","","","","","","","","","","","","","","","","","0.000002273","","","","","","","2026-07-10T01:31:21.338Z","","","","","",""
"LFISH","BYgMZzs2pBKivhVfLKHmBxoqssoX5cofjdPrukcopump","","","","","","","","","","","","","","","","","","","","","","","","","0.000001064","","","","","","2026-07-10T01:31:22.339Z",""
"fz","Hu9JHqVL6UbVmq72sK936gFLuF9tzHW7ipwv5NPspump","","","","","","","","","","","","","","","","","","","","","","","","","4.258e-7","","","","","","2026-07-10T01:31:23.345Z",""
"Starmind","k1e8pTLBUBkKVKLTzAL1Q9DcqMBf6rifU9hQcxvpump","66","0.050084894","","","","","","","","","","","","","","","","","0.000002191","","","","","","","2026-07-10T01:32:21.331Z","","","","","",""
"BULLSEM","4MVwaJBSgF37skkpZ77D1LS727XoZ6LBaay8fq4hpump","61","2.094","","","","","","","","","","","","","","","","","0.000002636","","","","","","","2026-07-10T01:32:22.405Z","","","","","",""
"LFISH","DeQiN6Y9JLtSYR3v8jYTSNKXzCwUfbfxUZR1VNQRpump","","","","","","","","","","","","","","","","","","","","","","","","","3.572e-7","","","","","","2026-07-10T01:32:23.395Z",""
"FABLE","9vYbnrAMQKaYF7kx83KeMhkDhJPtPSbiWcom7CBPpump","64","4","","","","","","","","","","","","","","","","","0.000002228","","","","","","","2026-07-10T01:33:22.344Z","","","","","",""
"LFISH","D1UkQ1z3HTXr8jkzXwmh9UHqVCYbeAzjeG9aWzAhpump","","","","","","","","","","","","","","","","","","","","","","","","","3.283e-7","","","","","","2026-07-10T01:33:23.333Z",""
"$80","8BtDegH3E4TsY3YXfatEBqXHeF7SL2PhmeWPsP3Lpump","55","3.6","","","","","","","","","","","","","","","","","0.000005433","","","","","","","2026-07-10T01:33:24.333Z","","","","","",""
"brisan","DjDtxKrwvyq57dY1hYQN8Qn5WJsPKN6D9NgMBP4epump","","","","","","","","","","","","","","","","","","","","","","","","","0.000001186","","","","","","2026-07-10T01:33:25.384Z",""
"huh","GX993177Ka2Uxw2RUQBs6iRyenR3gTcr1nyTQN7ppump","","","","","","","","","","","","","","","","","","","","","","","","","8.87e-7","","","","","","2026-07-10T01:34:21.348Z",""
"DNCG","DMhj3UBAt6eHjECkNJQ3Z4TqHmZgKBi4p8VMKgoApump","","","","","","","","","","","","","","","","","","","","","","","","","2.91e-7","","","","","","2026-07-10T01:37:22.343Z",""
"cheese","869kZxWBq62VGWhN2CAEdkhKL4cFhPSZ8Tr5qQA5pump","","","","","","","","","","","","","","","","","","","","","","","","","8.848e-7","","","","","","2026-07-10T01:37:23.362Z",""
"401c","D1yEVsEmSxe9GHuMJJqmNswoQPzBC8hRp7C99ZQEpump","100","19.753086418","","","","","","","","","","","","","","","","","0.000005999","","","","","","","2026-07-10T01:37:24.325Z","","","","","",""
"Knack","7EeoaH848BVFtY58dGtF4C4eLuMAKJg1UJAKvRszpump","67","2.87","","","","","","","","","","","","","","","","","0.000002225","","","","","","","2026-07-10T01:37:25.344Z","","","","","",""
"PERCY","3UC18WrF5B7MbygRK5j3YHUPBG8QUgN1snwyriH14aXm","64","5","","","","","","","","","","","","","","","","","0.000002294","","","","","","","2026-07-10T01:38:19.325Z","","","","","",""
"GayMoney","Xs1TE3VF6hRTA4Wobi4ACVQhon35SpMFXJubBwbpump","56","1.48125","","","","","","","","","","","","","","","","","0.000002192","","","","","","","2026-07-10T01:40:21.322Z","","","","","",""
"LFISH","BPRAsyWNUqoiciFSzVnfUiT3vBn4Y8TcFc5tNaTHpump","55","1.48148148","","","","","","","","","","","","","","","","","0.000003308","","","","","","","2026-07-10T01:41:20.334Z","","","","","",""
"Feble","9LeRoZMZdtUQgdwjRFFJSEvy7tz4LEWZheCkbZhqpump","","","","","","","","","","","","","","","","","","","","","","","","","0.000002405","","","","","","2026-07-10T01:41:21.328Z",""
"PL","8VxxHhxjgNk1oydt252BwGWgs7YvUG6p3283LAnk68M5","58","5.925925924","","","","","","","","","","","","","","","","","0.000009652","","","","","","","2026-07-10T01:42:19.369Z","","","","","",""
"LFISH","ERtdfovH7TNQ9YKumDDTEmbhNkjoJgK2hcL6qX7epump","58","1.97530864","","","","","","","","","","","","","","","","","0.000003722","","","","","","","2026-07-10T01:44:20.917Z","","","","","",""
"MOO","Ev7L5aTmWnhSHa7FGiFE7gD6jGptwDT8CkB9hgUupump","56","0.197530863","","","","","","","","","","","","","","","","","0.000002524","","","","","","","2026-07-10T01:44:22.329Z","","","","","",""
"UP","EhAu1PdvBRHLFb2KiDeD3i1BKGtve2y4ByXTv3EkT7EW","64","5","","","","","","","","","","","","","","","","","0.000002664","","","","","","","2026-07-10T01:44:23.419Z","","","","","",""
"SKIN","2h3LLgLHiFvPNPYro2petTcAzcedk9xxBqRD8znepump","","","","","","","","","","","","","","","","","","","","","","","","","0.000001253","","","","","","2026-07-10T01:46:22.369Z",""
"LFISH","3Q5NVcPm4bs2spfGQjq3Bh4ekNrrxFF1ezRsQvRgpump","","","","","","","","","","","","","","","","","","","","","","","","","4.207e-7","","","","","","2026-07-10T01:46:23.327Z",""
"DOGE","5AvLyBxdRRMSR94GkpJYM9ZworUiDsD5vRvAtDG3pump","67","3","","","","","","","","","","","","","","","","","0.0000022","","","","","","","2026-07-10T01:46:24.379Z","","","","","",""
"LFISH","9oTonvKw6vd8Ny5N29cbh7wKsM9w2h8uP88S2uLdpump","64","2.962962961","","","","","","","","","","","","","","","","","0.000002727","","","","","","","2026-07-10T01:46:25.340Z","","","","","",""
"LFISH","6n9K6FFd7CwUtpCmu85kM5UsBstcnpHEfUVe2EfUpump","","","","","","","","","","","","","","","","","","","","","","","","","9.079e-7","","","","","","2026-07-10T01:47:21.337Z",""
"Trenchfoot","CWjTkL8R5VSxpTCvD3NF5oZ8F38vpbpSaRxNk5yvpump","94","14.814814813","","","","","","","","","","","","","","","","","0.000006392","","","","","","0.000002562","2026-07-10T01:47:22.342Z","","","","","2026-07-10T01:49:18.509Z",""
"CUPSEM","GR3dRZFhtMLRe6tCBpPK6ffGUmtr7P6Kamw7hD6Bpump","60","1.900000001","","","","","","","","","","","","","","","","","0.000002539","","","","","","","2026-07-10T01:47:23.333Z","","","","","",""
"PUP","FXjLkgeVRCQnZX79zEXRFphP4HH4Q8NhiEXUT6J3pump","100","1.97530864","","","","","","","","","","","","","","","","","0.000003336","","","","","","","2026-07-10T01:48:20.311Z","","","","","",""
"LFISH","4R3VpbMNicqgFCpM55fSV1YsdjJx6yccxyhCrBMRpump","","","","","","","","","","","","","","","","","","","","","","","","","3.099e-7","","","","","","2026-07-10T01:48:21.310Z",""
"vibecat","j7C7fFWvnNteZDMbnPWH1Q5fqoSmQJdFi4H5WUwpump","56","1.454005933","","","","","","","","","","","","","","","","","0.000003747","","","","","","","2026-07-10T01:49:20.320Z","","","","","",""
"SR","ETudqN9BpgHXqAgDG2Kp2QsTzmNr4rmoL8rQGCDFpump","97","0.098765431","","","","","","","","","","","","","","","","","0.000002228","","","","","","","2026-07-10T01:49:21.334Z","","","","","",""
"Vibecat","EwKaMz3bMqHtPcqppmjhoGV1iFVhhF2Le6ZhkXgHpump","61","1.97530864","","","","","","","","","","","","","","","","","0.000002231","","","","","","","2026-07-10T01:51:20.370Z","","","","","",""
"VORF","2ews8fPhzrTbEVMZ9CKKS5wav8nEBtGCX2J2MHcFpump","69","0.050084894","","","","","","","","","","","","","","","","","0.000004369","","","","","","","2026-07-10T01:51:21.398Z","","","","","",""
"CAML","7GEwA2x894ngyfK1YkDbs1zxb3RS3uCZcKfVdcNkpump","75","4.839506171","","","","","","","","","","","","","","","","","0.000008948","","","","","","","2026-07-10T01:52:19.410Z","","","","","",""
"bridge","FV32tKYCkubjJr2CLd9y7f1tuoz31RFjrCS8ufwzpump","67","2.89","","","","","","","","","","","","","","","","","0.000002234","","","","","","","2026-07-10T01:53:21.328Z","","","","","",""
"bull","7P3RN8XTKEJyiGzUEgygLNwzzjMTkK1FmDifAcMspump","","","","","","","","","","","","","","","","","","","","","","","","","5.198e-7","","","","","","2026-07-10T01:53:22.530Z",""
"Whisk","BbZRz15WjjxJEwaUpFvpWiTx3md1AqncfBxmnYfLrmwa","67","2.962962961","","","","","","","","","","","","","","","","","0.000002313","","","","","","","2026-07-10T01:53:22.794Z","","","","","",""
"Harper","8wjmwWcd5jAH1n2kFQgHg7KfQ1KhEaXkwFYLZmfppump","55","1.4","","","","","","","","","","","","","","","","","0.000002218","","","","","","","2026-07-10T01:54:20.320Z","","","","","",""
"ICO","8wFuJrzwXdLdmaMmrREMLChqGpoTPCUTfCxZBmMTpump","96","17.777777776","","","","","","","","","","","","","","","","","0.000006697","","","","","","","2026-07-10T01:54:21.335Z","","","","","",""
"DPFAN","CwyZEeYP6r74A3KcQ6fd3os9nLyUQ1R246a1ivcppump","","","","","","","","","","","","","","","","","","","","","","","","","3.897e-7","","","","","","2026-07-10T01:56:22.315Z",""
"AIRCAT","HQpAqe47owyVSwLpApkD1NF2NMSG3kauwGnpDYsKdX1a","67","2.962962961","","","","","","","","","","","","","","","","","0.00001805","","","","","","","2026-07-10T01:56:23.318Z","","","","","",""
"OG","7JQiJEpTiWua7MRdHz9S7gkHe4RoWgdtvZ1WJupYpump","","","","","","","","","","","","","","","","","","","","","","","","","0.000001667","","","","","","2026-07-10T01:56:24.307Z",""
"CASHCAT","9v8Y7UPLCNbTimCio43YJJmw1YaHg1jQ6CrGSMXxpump","","","","","","","","","","","","","","","","","","","","","","","","","8.317e-8","","","","","","2026-07-10T01:56:25.321Z",""
"VORF","GPZR5CGB8RMw8SrWdmUZ3G4a1aFFKiPKVChPCLbtpump","","","","","","","","","","","","","","","","","","","","","","","","","5.236e-7","","","","","","2026-07-10T01:57:20.336Z",""
"ICO","DTK2EEAgN5Q13BZYgS7TK8nB2wUBs21tFbhLyAyBpump","59","1.777777776","","","","","","","","","","","","","","","","","0.000002218","","","","","","","2026-07-10T01:57:21.326Z","","","","","",""
"VORF","GP22qPFCZiaYSK9Mk37fgxgLJHQYDFzCQprMmhkgpump","","","","","","","","","","","","","","","","","","","","","","","","","9.012e-7","","","","","","2026-07-10T01:58:20.320Z",""
"CLAUDEMONEY","3Jhs3b7bK2pgBbKpqZ5M8PpVEmEyLM4yLU3NJAHrpump","55","1.381817043","","","","","","","","","","","","","","","","","0.000002254","","","","","","","2026-07-10T01:58:21.317Z","","","","","",""
"air","BFPwPuh11zt2seEX8VvPe152pZvBoWzzgc8RpsP7pump","57","5","","","","","","","","","","","","","","","","","0.000002211","","","","","","","2026-07-10T01:59:20.495Z","","","","","",""
"BMBMB","J47yEAS4AtwEPX9QNoTt1uL17pthnhR6kuF1CUKGpump","60","0.400000001","","","","","","","","","","","","","","","","","0.00000258","","","","","","","2026-07-10T01:59:21.354Z","","","","","",""
"AIRCAT","B9oBCPTWYa2uNxUb7f2Ny4CnJ3iAKs6mPWAUVHZdpump","67","2.962962961","","","","","","","","","","","","","","","","","0.000002256","","","","","","","2026-07-10T02:00:19.046Z","","","","","",""
"SOON","2mKYEh4eijDsZRJ7jsR2JW4CETBVBJhXWuSGGL9Bpump","99","1.97530864","","","","","","","","","","","","","","","","","0.000005214","","","","","","","2026-07-10T02:01:21.644Z","","","","","",""
"HIGHER","4PuVs5bZeV4tgEyeUamLjzWLu2tK9r49aorCu9Twpump","97","17.777777776","","","","","","","","","","","","","","","","","0.000004605","","","","","","0.000002242","2026-07-10T02:01:21.994Z","","","","","2026-07-10T02:03:18.455Z",""
"Paningning","EpWQW2nhANJakwCMMxxcNK4f5LeMFigjcULsHmmyHe3a","67","2.962962961","","","","","","","","","","","","","","","","","0.000002225","","","","","","","2026-07-10T02:01:23.367Z","","","","","",""
"ALBEMARLE","6fcMQNzk9B4r3oZ2DghDCwFRJaHWT9f7KoUREXpCpump","","","","","","","","","","","","","","","","","","","","","","","","","7.562e-7","","","","","","2026-07-10T02:02:21.334Z",""
"SOON","2FuNUgDBaMudkHitzUiqqxdZKyp5tEvhwhY1fNFepump","57","5","","","","","","","","","","","","","","","","","0.000002282","","","","","","","2026-07-10T02:02:22.395Z","","","","","",""
"SOON","3jKHPNNgwDTQCCBmaTYmxh4Y2Nm999zj5sjbjuwvU7Wq","67","6","","","","","","","","","","","","","","","","","0.000002222","","","","","","0.000002222","2026-07-10T02:02:23.318Z","","","","","2026-07-10T02:05:18.427Z",""
"LUMIO","EgXJSSMSBwkBFdwjAwFvAyfB1cB7WTCgxLgpMm1Ziyba","67","2.962962961","","","","","","","","","","","","","","","","","0.000002229","","","","","","0.000002214","2026-07-10T02:05:20.314Z","","","","","2026-07-10T02:08:18.376Z",""
"doomcat","q37jqXdSD4PewGguYTZpo4RkNx7N471LWrHJWKgpump","59","1.744462024","","","","","","","","","","","","","","","","","0.000002624","","","","","","","2026-07-10T02:05:21.341Z","","","","","",""
"AIRCAT","9fErRj9ftFzLdRT65B2GRkswJgUp3t7aFXJy6QW8pump","","","","","","","","","","","","","","","","","","","","","","","","","7.702e-7","","","","","","2026-07-10T02:06:20.313Z",""
"Alexander","Htrg4qk6rv9cZeSvZW4mkndZ8XarttgvLgRskPy1pump","57","5","","","","","","","","","","","","","","","","","0.000002587","","","","","","","2026-07-10T02:06:21.420Z","","","","","",""
"sadcat","DeJc9zw5DqNjsXyYwBM5e6DAKa8ujuwHK8xk1U8ypump","61","1.97530864","","","","","","","","","","","","","","","","","0.000002247","","","","","","","2026-07-10T02:07:20.311Z","","","","","",""
"BS","5Tdp92jAkkWVVZCJH9nE1bhC3gr2GDZLrUmZZjDU4nkj","55","4.938271603","","","","","","","","","","","","","","","","","0.000002231","","","","","","","2026-07-10T02:07:21.319Z","","","","","",""
"PPUNG","DWTbZgCnmueeQmwNUbAZvTn2uH491TrhdTiBh7k1pump","87","12.000000001","","","","","","","","","","","","","","","","","0.000004738","","","","","","","2026-07-10T02:09:21.334Z","","","","","",""
"dip","4Z27xK4AnwjrG71AofteyGQJbjohTEbePiRf6sibpump","63","3.456790122","","","","","","","","","","","","","","","","","0.000002207","","","","","","","2026-07-10T02:09:22.347Z","","","","","",""
"bull","B7rPJ2ary3oeoQrMahQwTJvktWt9kx1yDyFGrhtapump","56","1.48148148","","","","","","","","","","","","","","","","","0.000002206","","","","","","","2026-07-10T02:09:23.336Z","","","","","",""
"jgsbjdlaxb","6x65NyE47qFZsQ2y8gohyx6bAHMQiZszZKjLA8Rewrpa","72","3.950617282","","","","","","","","","","","","","","","","","0.000009184","","","","","","","2026-07-10T02:10:19.293Z","","","","","",""
"TheoVon","BRqpXXFJMNGtssXYGpHSB4LkAsFVEkiK4aVFYFcTpump","82","7.901234566","","","","","","","","","","","","","","","","","0.000002207","","","","","","","2026-07-10T02:11:19.330Z","","","","","",""
"FUN","BmdbLSFLHKcJtHq1Bp5D4QGSSEhLfpyFPtKNW13Vpump","80","6.913580245","","","","","","","","","","","","","","","","","0.000002209","","","","","","","2026-07-10T02:14:19.338Z","","","","","",""
"BLEND","AAAH6GsXLwReqaiHLSSXj2UMLP38SdG9oefNHhu6J2wa","100","3.950617282","","","","","","","","","","","","","","","","","0.000002223","","","","","","","2026-07-10T02:16:19.306Z","","","","","",""
"AIRCHI","BUQDnCtiWq5zwtmQFbny5UnN9NSLwMLMEtLir1VHC4ea","72","3.950617282","","","","","","","0","0","-0.1","960","","","","","","","0.000002207","0.000002207","","","","","","2026-07-10T02:17:19.333Z","2026-07-10T02:20:18.407Z","","","","",""
"$SHODGE ","CmLS4bWXq3WysNmGTJn1Vvg7CyzbsS6M6jDmZHVjpump","60","0.383000001","","","","","","","","","","","","","","","","","0.000001538","","","","","","9.549e-7","2026-07-10T02:18:19.306Z","","","","","2026-07-10T02:20:18.379Z",""
"ALBEMARLE","EWJQd5V9fho9NGdjepENXSqr62py5Ph2YhM5KgGKpump","","","","","","","","","","","","","","","","","","","","","","","","","6.425e-7","","","","","","2026-07-10T02:19:21.352Z",""
"SOLBERRY","5n1KMNttCYBJ58qeoZARHpqy2gcDV4ocza14uegKH4Aa","72","3.950617282","","","","","","","","","","","","","","","","","0.000002207","","","","","","","2026-07-10T02:20:19.307Z","","","","","",""
"SOLBERRY","96H14b5ejdFYAGn9hUKUr58NHFG4uzCw1Rccw3nK48Ga","72","3.950617282","","","","","","","","","","","","","","","","","0.000002227","","","","","","","2026-07-10T02:21:19.325Z","","","","","",""
"nerd","8EzoXibmHxKUGoyrUqME5MvBBrKcJDxopayaoiLMpump","56","1.48148148","","","","","","","","","","","","","","","","","0.000002205","","","","","","","2026-07-10T02:24:19.292Z","","","","","",""
"Elon-gation","4mENk9CWGk1ybaTQd2RTs3hvT4SYe4PnxxSBzm1qpump","55","5","","","","","","","","","","","","","","","","","0.000003815","","","","","","0.000002204","2026-07-10T02:25:20.299Z","","","","","2026-07-10T02:29:18.363Z",""
"AFFIRM","7kPSC4WoHCLwQMZpEZoUHy7PhdxXTverrsm1yM9Rpump","69","3.288888887","","","","","","","","","","","","","","","","","0.000003695","","","","","","","2026-07-10T02:25:21.293Z","","","","","",""
"FOH","AAfYrz8nn3sHTzDNCUQpLdon4s24SzzDYodY9DbwkUxa","61","1.97530864","","","","","","","","","","","","","","","","","0.000002413","","","","","","","2026-07-10T02:29:20.390Z","","","","","",""
"don","DGKGw2jwGfpfF5oPLCcaWMwCrgNyanvxoYLquKM6pump","61","2","","","","","","","","","","","","","","","","","0.000002252","","","","","","","2026-07-10T02:29:21.302Z","","","","","",""
"PUMPSEM","FugspqX3NbCm8NjEdrHfQ7YGxBBWTcotd58W62Qzpump","100","19.753086418","","","","","","","","","","","","","","","","","0.000009269","","","","","","","2026-07-10T02:30:19.294Z","","","","","",""
"ANSEMDROP","3fCnP2DshJqYfnbb3uB1f8g43z9cksiWZYFKhCCmpump","80","6.913580245","","","","","","","","","","","","","","","","","0.000002382","","","","","","","2026-07-10T02:33:19.338Z","","","","","",""
"PUFUS","J78zbG4nod9Z2TTRuF7RmrcyNoN7nGasRdbu4TG2pump","63","4","","","","","","","","","","","","","","","","","0.00001282","","","","","","","2026-07-10T02:35:19.343Z","","","","","",""
"PHP","CGdchivpBCxKb9hiVjW5YLJKggQLFAz23pP6PAtR8U9z","100","0.088888887","","","","","","","","","","","","","","","","","0.000002212","","","","","","","2026-07-10T02:36:20.332Z","","","","","",""
"AIRDROP","3fxMAxCCQRKWps8ykPeT5vYdiBcsKCc1AWgzi8cbpump","67","3","","","","","","","","","","","","","","","","","0.000004427","","","","","","","2026-07-10T02:36:21.302Z","","","","","",""
"MEMES","A6YVfpPisk3EndGMw4k475VBJAMozoyy4pgntPcipugB","69","7","","","","","","","","","","","","","","","","","0.000002311","","","","","","","2026-07-10T02:37:21.285Z","","","","","",""
"PPPP","4o3uixtExX2a634dss4vSpwo4L4QF7WAhdbPHhQcpump","55","5","","","","","","","","","","","","","","","","","0.000002311","","","","","","","2026-07-10T02:37:22.294Z","","","","","",""
"TripleP","Hp15M65JnUjZW8oaantn8mHTFPDfFBPADLR1r3tcpump","57","3.3","","","","","","","","","","","","","","","","","0.00001423","","","","","","","2026-07-10T02:37:23.308Z","","","","","",""
"ANSEMDROP","Bngx5jb6TpQ3iyqHb42RiAUkKHmcxqA4whfpCzR8pump","77","6.913580245","","","","","","","","","","","","","","","","","0.000002207","","","","","","","2026-07-10T02:38:20.310Z","","","","","",""
"Gigafly","9YkQQxZXCRcseC4jGkP5RAzYsD4hy5H3NmtgVbCepump","83","8.592592591","","","","","","","","","","","","","","","","","0.000002252","","","","","","","2026-07-10T02:38:21.302Z","","","","","",""
"Italianrot","1PcwN3iEeP5iUEq5hDEjqmBGuxhVihy3KdAuZraT3Sb","63","3.456790122","","","","","","","","","","","","","","","","","0.000002311","","","","","","","2026-07-10T02:40:20.344Z","","","","","",""
"SR","4g9HR8Gy4iW6CUaXeqUtmEfxJmB4J6Xr8YCDb7ZMpump","","","","","","","","","","","","","","","","","","","","","","","","","1.486e-7","","","","","","2026-07-10T02:40:21.303Z",""
"ANSEMDROP","81owksrFA4ewh9YUwRQeeYMWfCm8Et1zJu7AQGS4pump","74","6.913580245","","","","","","","","","","","","","","","","","0.000002207","","","","","","","2026-07-10T02:41:19.368Z","","","","","",""
"ALBEMARLE","AdgTbNWHRLD6jwdTkHfNXfwBVhCLdMjFsrTxLqZCpump","81","0.100000001","","","","","","","0","0","0","960","","","","","","","0.000001429","0.000001429","","","","","","2026-07-10T02:43:19.371Z","2026-07-10T02:46:18.380Z","","","","",""
"ALBEMARLE","9D8X647LbGru4PzNxGfX1G4jAk2STs4iMS52Nb8Lpump","75","0.100000001","","","","","","","0.1","480","0","960","","","","","","","0.000002918","0.000002918","","","","","","2026-07-10T02:44:19.290Z","2026-07-10T02:47:18.397Z","","","","",""
"ANSEMCHAIN","3de8RqsGU7Cp6CrRm48Yn6hESYT9G7ACBhL76KYDpump","63","2.311958114","","","","","","","","","","","","","","","","","0.000002248","","","","","","","2026-07-10T02:45:19.325Z","","","","","",""
"HOOD","EHFWH5wZP1aYrm9jTH49ViEYEgxWmfxnqt8K3aHspump","80","6.913580245","","","","","","","","","","","","","","","","","0.000005873","","","","","","","2026-07-10T02:46:20.349Z","","","","","",""
"MONEY","CVreLeSffagAxt8rciixLpFdYEgEzkyz2MLpixuhpump","100","19.753086418","","","","","","","","","","","","","","","","","0.000006458","","","","","","","2026-07-10T02:46:21.365Z","","","","","",""
"Bb","EYFbRxfpgbgRH9x2Fmvjz3Whewk7PYhw1mxVUnxypump","66","4.223104004","","","","","","","","","","","","","","","","","0.000002871","","","","","","","2026-07-10T02:47:20.297Z","","","","","",""
"MISSL","7aEBJupkekpLXQ4mYKAetJ36L57aLf7uBKUmJuxZpump","","","","","","","","","","","","","","","","","","","","","","","","","6.474e-7","","","","","","2026-07-10T02:47:21.350Z",""
"Transfer","98yaRB833PfbXNGSTBonSTMVUUPKnztjXECtZ4nhXFSi","62","5","","","","","","","","","","","","","","","","","0.000002269","","","","","","","2026-07-10T02:48:19.311Z","","","","","",""
"damdam","97tLMWQhS1A2DMmDWHvsBWbgBp337UTz4gkVNNSjpump","98","0.987654319","","","","","","","","","","","","","","","","","0.000006883","","","","","","0.000002408","2026-07-10T02:49:19.362Z","","","","","2026-07-10T02:53:18.364Z",""
"bojiboji","4Loc9mSZR1aJFKT3X7M71gF2pYCjPw1DQwNokUoRpump","","","","","","","","","","","","","","","","","","","","","","","","","0.000002283","","","","","","2026-07-10T02:50:21.356Z",""
"ANSEMDAD","ABRZ1g9BDGiTY2WPVBfpVfKjbvn5txGbzqHDGu8Spump","100","14.814814813","","","","","","","","","","","","","","","","","0.000005065","","","","","","","2026-07-10T02:50:22.300Z","","","","","",""
"epoch1000","3XuUouCywEE9KM1SiFkH44ce5CrsomP8pNk8Jwm6pump","59","4.938271603","","","","","","","","","","","","","","","","","0.000002828","","","","","","","2026-07-10T02:51:19.299Z","","","","","",""
"APPLE","5gFAaKDD1EsGxbJqTXoAQk3wkfLtzY4jzzufetN9pump","67","3","","","","","","","","","","","","","","","","","0.000003526","","","","","","","2026-07-10T02:52:20.282Z","","","","","",""
"TripleP","EdkyQf1JMq73xDDDwruZzUP8GBi6W6qRiEzHoXsRpump","95","16.790123455","","","","","","","","","","","","","","","","","0.00001076","","","","","","","2026-07-10T02:52:21.333Z","","","","","",""
"Oiia","22uQR2YmV4MUhoiLQBbDCwry8LRkRssB6qqdbjGhpump","61","2","","","","","","","","","","","","","","","","","0.000003722","","","","","","","2026-07-10T02:54:20.276Z","","","","","",""
"Catnald","4tS3MREMFfK5vnjing4X2ry1ehZe6vBqwTueGjibpump","56","1.48148148","","","","","","","","","","","","","","","","","0.00000227","","","","","","","2026-07-10T02:54:21.303Z","","","","","",""
"rotcoin","Fozgr3cLsYJ2RBjM3XPV1b8UzhrpVmBumAyYvvyopump","59","4.4","","","","","","","","","","","","","","","","","0.00001005","","","","","","","2026-07-10T02:55:21.396Z","","","","","",""
"Transfer","9NRbKRisZCEDhTFKpk47KDTSZaBaGiLfx8fjcAPyKNdz","63","5.5","","","","","","","","","","","","","","","","","0.00000221","","","","","","","2026-07-10T02:55:22.319Z","","","","","",""
"ROBINBULL","4Gm7D7Z4qaUgXsDeUjtmLcWJi4yt1cTqbvxaUVbFpump","","","","","","","","","","","","","","","","","","","","","","","","","2.972e-7","","","","","","2026-07-10T02:55:23.280Z",""
"IKKIMEL","61r7viFks1i29GpekNXxKH7c6NTPaqDiS6vrUwfppump","","","","","","","","","","","","","","","","","","","","","","","","","1.268e-7","","","","","","2026-07-10T02:56:19.286Z",""
"ALBEMARLE","GkTg1UNPwLBMNh22QjQbjcDciHGrJqT4AbEyCUkdpump","70","0.100000001","","","","","","","","","","","","","","","","","0.00000261","","","","","","","2026-07-10T02:57:19.398Z","","","","","",""
"CASHSAHUR","9QBMHyiKfu7x7emZC8bXRHUDmJ61eE2EGkTerowcpump","60","2.962962961","","","","","","","","","","","","","","","","","0.000004061","","","","","","0.000002216","2026-07-10T02:58:20.297Z","","","","","2026-07-10T03:02:18.357Z",""
"33","2VB9KBAsE13hsYf8uem56qJ1EL89382Nr6f7btUBpump","73","6.913580245","","","","","","","","","","","","","","","","","0.000004706","","","","","","","2026-07-10T02:58:21.431Z","","","","","",""
"catalyst","5mH155ePpNWJb2GktpftLJbcTvoxFaUrv7XkZPDtpump","100","0.282220132","","","","","","","","","","","","","","","","","0.00001298","","","","","","","2026-07-10T02:59:21.286Z","","","","","",""
" GUY","DpfsSoSuX5syrRSeVjUmCZvWWX3WpELPQ7VFz6D9pump","64","2.469135801","","","","","","","","","","","","","","","","","0.000002614","","","","","","","2026-07-10T02:59:22.299Z","","","","","",""
"LM","4iqe5DBVTKBg4F9TrKvcWiNyo9gUJ9KeGvHA6v6c1Jpi","57","5.925925924","","","","","","","","","","","","","","","","","0.000002308","","","","","","","2026-07-10T02:59:23.286Z","","","","","",""
"401c","FnNqBxvyeCQZefQxGxoR527oA395BGdVYJU48LsHpump","59","12.857142857","","","","","","","","","","","","","","","","","0.000003352","","","","","","","2026-07-10T03:00:20.302Z","","","","","",""
"huh","74LkceLuZqCnVBuebvUPCPkXy4umdGRrWtJWSmKbpump","59","12.857142857","","","","","","","","","","","","","","","","","0.000002943","","","","","","","2026-07-10T03:00:21.287Z","","","","","",""
"FRANCIS","2m5XcdzvNSPGKwHc6Ss71893fmHNa318T2qYU9espump","66","2.8","","","","","","","","","","","","","","","","","0.000002209","","","","","","","2026-07-10T03:01:20.363Z","","","","","",""
"WEN","2W8zkWLWj4z2jPcDdLCnUHzYzi1aEaQNiQqgdu9Hpump","66","0.100000001","","","","","","","","","","","","","","","","","0.000002793","","","","","","2.983e-7","2026-07-10T03:01:21.293Z","","","","","2026-07-10T03:04:18.402Z",""
"Slop","He7UAjNG4NEyQL4rt7hY51fR1KevwTSTcdKZQAQUpump","73","9.876543208","","","","","","","","","","","","","","","","","0.000002391","","","","","","0.000002271","2026-07-10T03:02:19.296Z","","","","","2026-07-10T03:04:18.339Z",""
"MF","2WPxwBF6DQ34WCZTUHUAsSHeogoGiPq688vfdDnnrqK5","","","","","","","","","","","","","","","","","","","","","","","","","0.000001892","","","","","","2026-07-10T03:03:20.296Z",""
"SNP500","Cn7TPXTzu2u53i3N8ECTFTf7SHFHX4SitjwqguKZpump","69","3.259259258","","","","","","","","","","","","","","","","","0.00000286","","","","","","","2026-07-10T03:03:21.286Z","","","","","",""
"MOLTING","CvmKF6ArkMKTUtdkpPTsdQ1Kg1HMbiS9UhZ1A1Bgpump","75","4.938271603","","","","","","","","","","","","","","","","","0.000002251","","","","","","","2026-07-10T03:04:19.284Z","","","","","",""
"CWH","AvfZUeUr61miUyJS2tdo9TyWRP96iQBNvH77EzyHpump","63","2.962962961","","","","","","","","","","","","","","","","","0.000002678","","","","","","","2026-07-10T03:06:21.283Z","","","","","",""
"IT","EpE83tGQxrDME113buDQHFv8erktxPa6ToPHDpmuHXja","","","","","","","","","","","","","","","","","","","","","","","","","0.000002204","","","","","","2026-07-10T03:09:22.267Z",""
"ora","C4Pb9bCBWR946A2vi3R2MzEpqDpEnPBxz83tAH6cpump","67","2.962962961","","","","","","","","","","","","","","","","","0.000003104","","","","","","","2026-07-10T03:09:24.303Z","","","","","",""
"Roncando","41XLaXCcAPka9861YMfFmWbapAF8BHYkmJmzALTSpump","79","9.876543208","","","","","","","","","","","","","","","","","0.000006031","","","","","","","2026-07-10T03:09:25.278Z","","","","","",""
"Brainfry","CcoS8j1D3QNG94mvbYNx4CMgordMh2Ktwiqj7Lywpump","57","2.198371577","","","","","","","","","","","","","","","","","0.000005511","","","","","","","2026-07-10T03:10:19.313Z","","","","","",""
"BULL","F43F6JNdWp2TtXfCeA4HaGjSuga5fp6pZvThyfn2pump","","","","","","","","","","","","","","","","","","","","","","","","","2.442e-7","","","","","","2026-07-10T03:12:20.343Z",""
"BULLHOUSE","6RQGchtbnugkAx5TAPA9abjT7ewpca1Yp8J2uPAPpump","57","5","","","","","","","","","","","","","","","","","0.000003006","","","","","","","2026-07-10T03:12:21.290Z","","","","","",""
"BA","GAyfJEMJ1kPPVXKam5uiPR47QvBWdDxDaPnidiLaCrmn","59","6.913580245","","","","","","","","","","","","","","","","","0.00000304","","","","","","","2026-07-10T03:13:22.303Z","","","","","",""
"TripleP","6BbM19yVxwcNRXJMpjoFDnC4U1oenymJnGRjAgHBpump","75","4.938271603","","","","","","","","","","","","","","","","","0.00001199","","","","","","","2026-07-10T03:13:23.314Z","","","","","",""
"drillcock","28vS6icc2ngcvH47SwisxbcC8pjg21P6oAPssp9hpump","63","3","","","","","","","","","","","","","","","","","0.00000221","","","","","","","2026-07-10T03:13:24.286Z","","","","","",""
"LC2027","FJJYgwk5uW29orK5H4wfpHg1E1jVvr3VvQEhqGgZpump","","","","","","","","","","","","","","","","","","","","","","","","","1.264e-8","","","","","","2026-07-10T03:13:25.316Z",""
"NS","FuqQ4whQSbVSnFGjDxiZcxZjXSQLMNhL7DZKP8xEq1EY","56","5.925925924","","","","","","","","","","","","","","","","","0.00000475","","","","","","","2026-07-10T03:15:19.271Z","","","","","",""
"SOLA","FxKzFkAp6BxYnUfQ5HAoF5uNjRZpwpeXieum46BDvLzd","","","","","","","","","","","","","","","","","","","","","","","","","0.000002204","","","","","","2026-07-10T03:16:18.410Z",""
"LongCat","XR412XeViWX5XGJkQp6t3YHHJhQhiVvZB2CeQQapump","69","3.300000001","","","","","","","","","","","","","","","","","0.000002203","","","","","","","2026-07-10T03:16:20.287Z","","","","","",""
"LC2027","5GY5XXvaUtHJaRXd5z3ErdXwi5sDU3Eeu3qgKqgapump","","","","","","","","","","","","","","","","","","","","","","","","","2.514e-7","","","","","","2026-07-10T03:16:21.369Z",""
"TripleC","3xgLp6FyLEVLe7FbADPgBzYMoZqexenKwVzLmdWcpump","80","6.913580245","","","","","","","","","","","","","","","","","0.000002322","","","","","","","2026-07-10T03:17:20.824Z","","","","","",""
"MF","AFYw1H1vDtE2f6apcGycn7p9TYnVndtDVJhhLMoHHzd9","65","8.888888887","","","","","","","","","","","","","","","","","0.000006954","","","","","","","2026-07-10T03:18:19.285Z","","","","","",""
"ORB","C8tmX97Xk4toV7LE3aZszkv6CKj6U4aAFwUB9xcspump","84","13","","","","","","","","","","","","","","","","","0.0000089","","","","","","","2026-07-10T03:21:20.264Z","","","","","",""
"cat","85YCZonRd7AD4sscajxn2Y3yiFv6EjYaS6R4m362pump","58","1.647656094","","","","","","","","","","","","","","","","","0.000002268","","","","","","","2026-07-10T03:21:21.322Z","","","","","",""
"IROBOTS","qhLDfzFknTnSAEyA52en9akbJbY5zQfhHaVxbvQpump","100","0.098765431","","","","","","","","","","","","","","","","","0.00004551","","","","","","","2026-07-10T03:22:20.341Z","","","","","",""
"deg","8ck9AouVrZLkU8dUMU33tkgaJGqWa1h15dwWyJaXpump","60","3","","","","","","","","","","","","","","","","","0.000002458","","","","","","","2026-07-10T03:22:21.319Z","","","","","",""
"Moohammed","58YkpKkaeJVNwJis5Mt4zp2DexCpuAigWUtq9Qhupump","92","5","","","","","","","","","","","","","","","","","0.000002203","","","","","","","2026-07-10T03:23:19.285Z","","","","","",""
"QuadrupleT","71uYrUZZH9WxcWRDAS79T8rFPoSpDpnBBFAh4YNJpump","55","5","","","","","","","","","","","","","","","","","0.000002203","","","","","","","2026-07-10T03:24:22.269Z","","","","","",""
"LM","GhYhZmNX51LkucSymjsTY2RKEwVNL9FggwEDmUTXZgRP","","","","","","","","","","","","","","","","","","","","","","","","","2.752e-7","","","","","","2026-07-10T03:24:23.285Z",""
"Kreo","GS2A5CFonFS52fonNfLKii2G5DmYswpmzzM45nFkpump","55","3.703703701","","","","","","","","","","","","","","","","","0.00000228","","","","","","","2026-07-10T03:24:24.372Z","","","","","",""
"TTTT","6sPh2evNjGFhMuHsSMmcvPEf98yjg7wvsiQJU37pump","96","17.777777776","","","","","","","","","","","","","","","","","0.000005233","","","","","","","2026-07-10T03:24:25.328Z","","","","","",""
"BULL","BjUPMkbrVb8vwa7Vc8ycgTrKGhuZNXMCzpjPhzjHpump","","","","","","","","","","","","","","","","","","","","","","","","","0.000002203","","","","","","2026-07-10T03:25:19.274Z",""
"LASTDROP","9hy4d4WSuHo6YukmovStKUo8S5ghVPrx3jC3Nrq6pump","","","","","","","","","","","","","","","","","","","","","","","","","0.000002223","","","","","","2026-07-10T03:26:20.280Z",""
"BA","71RD2j1UPp2w8DZeZaugCZggfdWEqQGDZiF6Z9KRMAWn","70","11.85185185","","","","","","","","","","","","","","","","","0.000004859","","","","","","","2026-07-10T03:26:21.310Z","","","","","",""
"chickenshit","4pJQtzb43pJihKPcGrfgPYh1cjoMPAVKvqbjKa35pump","58","3","","","","","","","","","","","","","","","","","0.000002231","","","","","","","2026-07-10T03:27:20.398Z","","","","","",""
"PTB","Az8wsqB7kchDSHoHb7pZaAVjXJJoWy3hvPdHi9kkpump","75","4.938271603","","","","","","","","","","","","","","","","","0.000002205","","","","","","","2026-07-10T03:27:21.289Z","","","","","",""
"MF","DsTYGAfVmGaS5apZiuqSZA4F8fs5RAFk9xoojGmvgboL","58","6.583703702","","","","","","","","","","","","","","","","","0.000002619","","","","","","","2026-07-10T03:28:22.280Z","","","","","",""
"BBC","2e9zHAZQS2k9uxpGP45oxAMVV5Rf73h4TTqruB35pump","69","4.938271603","","","","","","","","","","","","","","","","","0.000002991","","","","","","","2026-07-10T03:28:23.299Z","","","","","",""
"CATSDAQ","AFudBLnRLTVpnUXqEkR2KwuJp24LVG6REHCheWw1pump","61","2.000000001","","","","","","","","","","","","","","","","","0.000002517","","","","","","","2026-07-10T03:28:24.267Z","","","","","",""
"$BULL","2su4c77q8PWbmBkoTqGM1rcdGRXTp52HovCPKWMtpump","91","19.555555554","","","","","","","","","","","","","","","","","0.000008341","","","","","","0.00000282","2026-07-10T03:28:25.318Z","","","","","2026-07-10T03:32:18.368Z",""
"BP","43AHBp5jd25oE692Gyigs7jYSYZiKbycaSKEiDfKmxup","","","","","","","","","","","","","","","","","","","","","","","","","0.000001092","","","","","","2026-07-10T03:29:21.342Z",""
"LM","2BsGRFDywFcVFLsGMLbEAbEKK8Bg7zQEH2PigLLxdLPG","","","","","","","","","","","","","","","","","","","","","","","","","2.834e-7","","","","","","2026-07-10T03:29:22.270Z",""
"MOGCHARD","AZB41LB2q7dYw2AdprLeNgUY4k51xoqsXpWjkDvcpump","55","5","","","","","","","","","","","","","","","","","0.000003406","","","","","","","2026-07-10T03:29:23.263Z","","","","","",""
"BIPOLAR","DNrfc5JJgYnCzgasbGASuAbnVfRMwPkM1anFS45Hpump","56","3","","","","","","","","","","","","","","","","","0.000005264","","","","","","0.000002211","2026-07-10T03:31:20.269Z","","","","","2026-07-10T03:36:18.314Z",""
"POCHAD","Euive9bcb8fLP98cYAf2xHLRvrrrxdu2wwVDzvPSpump","63","3.950617282","","","","","","","","","","","","","","","","","0.000002861","","","","","","","2026-07-10T03:31:21.347Z","","","","","",""
"organic","2caMmNDiSnwkiBgMiaTCz2vTxfJ3bqMjyN3YNPWPpump","94","0.060000001","","","","","","","","","","","","","","","","","0.000002955","","","","","","","2026-07-10T03:33:19.427Z","","","","","",""
"NS","3FUXZMQ4JPBsuQQC4rnkG3mLbbvNjo4Vr4EHkGm44ngM","70","11.85185185","","","","","","","","","","","","","","","","","0.000002916","","","","","","","2026-07-10T03:34:19.216Z","","","","","",""
"SFR","CrX334Ro9CD81SYFJ977frNiHa7eF383S9vFq4wGpump","99","0.059259258","","","","","","","","","","","","","","","","","0.000008499","","","","","","8.12e-9","2026-07-10T03:35:19.284Z","","","","","2026-07-10T03:37:18.304Z",""
"Gold","9YD35EGZqWq1X6KSH3XKm3uij5MoRrcRxEoT56ogpump","75","10","","","","","","","","","","","","","","","","","0.000007485","","","","","","","2026-07-10T03:37:19.276Z","","","","","",""
"egypt","cr4gNEproiMd5s8NeC5jwt1CFTEZ1Qb6C2Y1fC5pump","67","2.962962961","","","","","","","","","","","","","","","","","0.000002665","","","","","","","2026-07-10T03:38:19.272Z","","","","","",""
"organic","5Qbf4WcFZWsr7x6V78RP6AsaLUdHRfHaGkDFDNGFpump","87","0.060000001","","","","","","","","","","","","","","","","","0.000003262","","","","","","","2026-07-10T03:39:19.326Z","","","","","",""
"SFR","ANzMkbwsjF1xmZYFRbv1t7LNVChK325kQXBzxvTfpump","96","0.059259258","","","","","","","0","0","0","960","","","","","","","0.000002939","0.000002939","","","","","","2026-07-10T03:41:19.320Z","2026-07-10T03:44:18.407Z","","","","",""
"TRUMPACCOUNT","DBTtPaPDebb8PTBvuJKKWQWPEY765gaqKmbzpymJpump","63","4.938271603","","","","","","","","","","","","","","","","","0.000002249","","","","","","","2026-07-10T03:42:19.445Z","","","","","",""
"OC","BPkzvGD1BWQzRtBta7iPUUiiBrXXeoewEk1GvYEopump","56","0.200000001","","","","","","","","","","","","","","","","","0.000002061","","","","","","","2026-07-10T03:43:19.266Z","","","","","",""
"Bulliccini","5EtBUjDACK4Dfuechvxz8tVWx9EtQapbVvJr4rSApump","64","2.498738011","","","","","","","325.2","960","0","960","","","","","","","0.000007349","0.000009847","","","","","","2026-07-10T03:45:21.276Z","2026-07-10T03:50:18.409Z","","","","",""
"蘑菇猫","6zmbSBF4ZQx3cvtuwsQQadGH8dejXKnQYneNpoGTpump","55","3","","","","","","","","","","","","","","","","","0.000003495","","","","","","","2026-07-10T03:45:22.265Z","","","","","",""
"BULL","75Dxuu3aXm7CX6oPYcjTewL7Vg3z8YeqK6pgv5cbpump","92","19.654320986","","","","","","","","","","","","","","","","","0.000007965","","","","","","0.000004218","2026-07-10T03:45:23.290Z","","","","","2026-07-10T03:49:18.344Z",""
"CATHOOD","HStgDFZGGNnBGj5mkndcC1oAq4b7vUY7M8ounJhYpump","64","4.444444443","","","","","","","","","","","","","","","","","0.000006185","","","","","","","2026-07-10T03:46:20.293Z","","","","","",""
"OTC","4CoNAvsuQqoKf6sHpr48SirpRrMELGa1D38451ZJpump","","","","","","","","","","","","","","","","","","","","","","","","","3.385e-8","","","","","","2026-07-10T03:46:21.266Z",""
"hopcat","AjgM737WBCP77kpPRT89fF7ERcg8QCCvcwqsdGHgpump","87","11.85185185","","","","","","","","","","","","","","","","","0.000002677","","","","","","0.000002268","2026-07-10T03:48:19.289Z","","","","","2026-07-10T03:50:18.425Z",""
"EMBLEM","L6suQ6cLytBupYobr97ouzSgjn81HJXjrqo7fNLpump","68","10","","","","","","","","","","","","","","","","","0.000002407","","","","","","0.000002219","2026-07-10T03:49:19.252Z","","","","","2026-07-10T03:51:18.413Z",""
"SLIME","ApMR3RXb36fT5B1r7HTxoVaupNcaLLGFVvDx965npump","61","1.97530864","","","","","","","113.9","180","-7","960","","","","","","","0.000002876","0.00000488","","","","","","2026-07-10T03:50:20.513Z","2026-07-10T03:53:18.358Z","","","","",""
"EMBLEM","HEvygb3LwdvgBbLcLZHNduW7f54PRgzQQjK9P31Ppump","89","5","","","","","","","","","","","","","","","","","0.000002211","","","","","","","2026-07-10T03:50:20.719Z","","","","","",""
"TATERSKI","3pM5Fm9KeysTWEoQMd2Bgn1rArpbPt4JF6u61Mqmpump","","","","","","","","","","","","","","","","","","","","","","","","","3.073e-7","","","","","","2026-07-10T03:52:19.264Z",""
"TripleB","AvVqFb4UFE8N7txDGAyBDVk9cdG2tGqMbYdwYCJApump","78","5.925925924","","","","","","","","","","","","","","","","","0.000003633","","","","","","","2026-07-10T03:53:19.296Z","","","","","",""
"NANO","E7r4AnkYLH5ZuuiX8art3G7Hub88WWXVEgyeg8HNpump","","","","","","","","","","","","","","","","","","","","","","","","","1.064e-7","","","","","","2026-07-10T03:54:19.266Z",""
"SFFR","7Ey7ZYMZkJgYbVYixS8D9RikCKoLsuCBobprTCYEpump","","","","","","","","","","","","","","","","","","","","","","","","","2.437e-7","","","","","","2026-07-10T03:55:19.014Z",""
"Suzuki","85dRzm7Pezx8YLvEFcMFKVHYVNJaUQnQMg5ADCx7pump","85","2","","","","","","","","","","","","","","","","","0.000002218","","","","","","","2026-07-10T03:56:19.246Z","","","","","",""
"CET","AJm392QPijpr29mr7t3BmTsKdQquA8vqBxwAot5Lpump","55","0.125000001","","","","","","","","","","","","","","","","","0.000001504","","","","","","5.894e-7","2026-07-10T03:57:21.276Z","","","","","2026-07-10T03:58:18.310Z",""
"BB","2fKFmsn5n8bjDpyfMiTHKEWFdjUkZFtFcxw91LNQpump","67","2.962962961","","","","","","","","","","","","","","","","","0.000002207","","","","","","","2026-07-10T03:57:22.265Z","","","","","",""
"TripleB","24BsVyhvbe3Z9PNdmbGQdQseQxWcsKtLsQT3mdfspump","79","7.901234566","","","","","","","","","","","","","","","","","0.000004211","","","","","","","2026-07-10T03:57:23.327Z","","","","","",""
"CAT","4XxrN3wzWoTNugNbZPGMk6PMWBoPxB8pxPLyBtVspump","60","1.938035595","","","","","","","","","","","","","","","","","0.000002273","","","","","","","2026-07-10T03:58:19.280Z","","","","","",""
"401k","BbKGNPBBUknPmaFzjsam1ZmSnARCvZZfUw4tmiaopump","","","","","","","","","","","","","","","","","","","","","","","","","8.791e-8","","","","","","2026-07-10T03:59:19.287Z",""
"SPARROW","DQtuR9g9BTWgbFbxK6PaYdr3c6nGgcsw1RrJSP73pump","86","6","","","","","","","","","","","","","","","","","0.000009871","","","","","","0.000002449","2026-07-10T04:00:19.249Z","","","","","2026-07-10T04:03:18.346Z",""
"GoldenBull","FA6dxTr8JEKpLsqgz43baxRrrMxT8NjExNo2PiEapump","56","1.48148148","","","","","","","","","","","","","","","","","0.00000221","","","","","","","2026-07-10T04:01:19.273Z","","","","","",""
"TripleC","D5o3jp5eqm5fQivDf6rQzKNn9t8piwVbMFBUXYzQpump","56","1.5","","","","","","","","","","","","","","","","","0.000002282","","","","","","","2026-07-10T04:02:20.321Z","","","","","",""
"NS","sG5p6PQLxhf3SMhdWy2BhjxxGPepsgNMeG9Wu5LHsZN","60","7.674074073","","","","","","","","","","","","","","","","","0.00000214","","","","","","","2026-07-10T04:02:21.305Z","","","","","",""
"angy","CiMPRuoh9XxjNNsFwHjmKQVzEqH7BBX3koYLG1N9pump","","","","","","","","","","","","","","","","","","","","","","","","","0.000002327","","","","","","2026-07-10T04:03:20.481Z",""
"BP","6sMqgeZcdRSWvA4i2zKNrCoiyZdK33ZS8QEdmNPGQ6yo","","","","","","","","","","","","","","","","","","","","","","","","","6.076e-7","","","","","","2026-07-10T04:03:20.716Z",""
"OF","4ZiP83trT1gHYdFY6VsUGvdDGt4ZzBP8sn1yWrGMjg3w","","","","","","","","","","","","","","","","","","","","","","","","","0.000001846","","","","","","2026-07-10T04:04:19.257Z",""
"KLARP","GtUQFmK5nU3NkDh7QxzNo6WZrXdYFaybFoHsBUqDpump","84","18.900000001","","","","","","","","","","","","","","","","","0.000005874","","","","","","","2026-07-10T04:05:19.236Z","","","","","",""
"BA","36en3FyvVqBMxJ9qztemxbGP2X9ToWuFHZFGdPqKiwDZ","","","","","","","","","","","","","","","","","","","","","","","","","4.351e-7","","","","","","2026-07-10T04:06:19.281Z",""
"VKHLND","GDB6KBbiznwqMPiUWKr7eUWM4kKh1cGfb4ZoErGLpump","100","0.02305128","","","","","","","","","","","","","","","","","0.000002211","","","","","","","2026-07-10T04:07:19.348Z","","","","","",""
"KITWIFMIT","B47KduUv9F8VDuQYwx68qiSvttVN24WtH6c2mPfTpump","60","1.876543208","","","","","","","","","","","","","","","","","0.00000399","","","","","","","2026-07-10T04:08:19.256Z","","","","","",""
"PL","EqzptCt84uDCVjnmsWaj6qpVi7CGUceQ4fpX2aoYp9PQ","56","6.320987653","","","","","","","","","","","","","","","","","0.000004741","","","","","","","2026-07-10T04:10:19.258Z","","","","","",""
"Feble","HASoQFR1tJTNb5EPDEkLSN7VhNKeQKbqq4tC2JXkpump","58","6","","","","","","","","","","","","","","","","","0.000002251","","","","","","","2026-07-10T04:11:21.261Z","","","","","",""
"MCOIN","HwJ4g3DfmWV6NyLzX7qLx6gsHqw7gvZK8eULEeH7pump","76","5.000000001","","","","","","","","","","","","","","","","","0.00000221","","","","","","","2026-07-10T04:11:22.280Z","","","","","",""
"SUPERBOTS","3gbnJSxuJPB5Mv7xGMSW5wTD91W9HqoMVJdzsaZ8pump","100","0.197530863","","","","","","","","","","","","","","","","","0.000002386","","","","","","5.471e-7","2026-07-10T04:11:23.272Z","","","","","2026-07-10T04:14:18.417Z",""
"FTX","CNum5iBJWLJDvy2Yg4jGKuwKgHZur4zveYjBtHYcpump","","","","","","","","","","","","","","","","","","","","","","","","","3.877e-7","","","","","","2026-07-10T04:12:19.235Z",""
"BA","HR46uf4ywrbsgqWDyXi2e61tW9XM6X1SJnCDC47MATvr","60","7.654320986","","","","","","","","","","","","","","","","","0.000004019","","","","","","","2026-07-10T04:13:19.267Z","","","","","",""
"BUFU","8p8u4vaU3sDBq4vLrMoi7vPxb3PdyWRoWJxTfSv4pump","62","0.493827159","","","","","","","","","","","","","","","","","0.00001565","","","","","","2.475e-7","2026-07-10T04:14:19.249Z","","","","","2026-07-10T04:17:18.337Z",""
"S&P500","BuLFwqjdcKdNF2gYQzfmKH3r6XyYoUDimNb2u1LKpump","61","1.97530864","","","","","","","","","","","","","","","","","0.000004651","","","","","","","2026-07-10T04:15:21.256Z","","","","","",""
"help me","DMKnccG1Tujv8w9G9ZSd2L6jM7jAYG88xNic5qvWpump","80","2.962962961","","","","","","","","","","","","","","","","","0.000007578","","","","","","","2026-07-10T04:15:23.321Z","","","","","",""
"please","BhfCJCCHWm7vajpZPjxjFgrMBNJ4U91DzCFYxHT7pump","","","","","","","","","","","","","","","","","","","","","","","","","4.273e-7","","","","","","2026-07-10T04:15:24.249Z",""
"SFFR","Bp7C3XLFeFMekbuoHy4E8ZfJUTKJCipuhXqWQEPTpump","89","0.059259258","","","","","","","","","","","","","","","","","0.000002224","","","","","","","2026-07-10T04:15:25.238Z","","","","","",""
"CASHDOG","3hKoW5pZCUnmAbQKyM9pKnp5UVqfSHCJ1N7Aq5g7pump","80","6.872852234","","","","","","","","","","","","","","","","","0.000008261","","","","","","","2026-07-10T04:16:20.297Z","","","","","",""
"1 more","GZuFcqtQSExhr6LDPsr56pwVYBUZnQUrjLTdoyvRpump","79","2.962962961","","","","","","","","","","","","","","","","","0.000007057","","","","","","","2026-07-10T04:16:21.371Z","","","","","",""
"WORKHORSE","3uKnE29Z6MCUuXJMSJv6evHmhdd6ZbBfGC67rgoZpump","100","14.814814813","","","","","","","","","","","","","","","","","0.0000129","","","","","","","2026-07-10T04:17:21.243Z","","","","","",""
"MEIKO","GoQBzRhsqhJqRQk12cFB35M4dpLvyxwXmD733T5pump","","","","","","","","","","","","","","","","","","","","","","","","","3.423e-7","","","","","","2026-07-10T04:17:22.295Z",""
"PUH","6X8TuPM4heqkeWrb93E6A5yy5kgUc2trBdnvqVV1pump","93","5.925925924","","","","","","","","","","","","","","","","","0.000003431","","","","","","","2026-07-10T04:17:23.282Z","","","","","",""
"wen","wenmEAuTuYnBko3VczbqAqytH1YUPvxvJFfw9eoJjad","82","9.8","","","","","","","","","","","","","","","","","0.0000117","","","","","","","2026-07-10T04:18:19.294Z","","","","","",""
"AIR","5LR45mq9gAdJHE4NdehTBBG1G3y6Cp4pfpswg63ypump","68","3.083247688","","","","","","","","","","","","","","","","","0.000002997","","","","","","","2026-07-10T04:19:19.284Z","","","","","",""
"BS","3LKDvWGWyQyKSkvbsQxWBq19qSQfaWpNvktVdPFmtBvH","","","","","","","","","","","","","","","","","","","","","","","","","0.000001853","","","","","","2026-07-10T04:20:19.242Z",""
"MEIKA","93GTMGEB6oPTwV8UWkA3z8s4PEdWb5orWsThsLakpump","","","","","","","","","","","","","","","","","","","","","","","","","4.191e-8","","","","","","2026-07-10T04:21:21.299Z",""
"zzz","7ByPFsN9vQACZeN3qn2Ws6V7C2x4cVpmZta2LoYNpump","","","","","","","","","","","","","","","","","","","","","","","","","0.000002226","","","","","","2026-07-10T04:21:22.238Z",""
"BS","9qDiVWWAgQSUmaFvtbEB6CSXn2ddSRGk4wpBXWUq9HzE","","","","","","","","","","","","","","","","","","","","","","","","","0.000001388","","","","","","2026-07-10T04:21:23.274Z",""
"BS","4VBgyYpnYPHD2fbCaQVsz1AJ2TCvdQoS9KNU1Z6rWq4M","","","","","","","","","","","","","","","","","","","","","","","","","4.152e-7","","","","","","2026-07-10T04:23:20.315Z",""
"TripleC","HqYJj9W4vmywtGdBiBoiVmyTdVbgBGLLgyqVX9eqpump","72","3.950617282","","","","","","","","","","","","","","","","","0.000006009","","","","","","","2026-07-10T04:23:21.246Z","","","","","",""
"$1212","FuZ8TvdA1LexiPwcx8m9d63iiP7tSkRwufLZ1VFppump","98","0.200000001","","","","","","","","","","","","","","","","","0.000002321","","","","","","","2026-07-10T04:24:20.328Z","","","","","",""
"SFR","GHfFhvRpy2SbxiEC3BJqA1pFEbqpghYUuAUemSfpump","85","0.059259258","","","","","","","","","","","","","","","","","0.000001339","","","","","","1.216e-7","2026-07-10T04:24:21.314Z","","","","","2026-07-10T04:26:18.422Z",""
"KITWIFMIT","EgDEjFoz9cWLvP3FzVhZnETWHAfwvea1GEMuVdXfpump","60","1.876543208","","119.975","","","","","0","0","-10.4","960","-11.038961038961043","","","","","","0.000002343","0.000007084","","","0.000006302","","","2026-07-10T04:25:21.291Z","2026-07-10T04:29:18.303Z","","","2026-07-10T04:31:18.278Z","",""
"R2H","EAyuedk68zzUsALt5pY8J9S7nNTMqFUNTfEAfuqipump","69","3.259259258","","","","","","","","","","","","","","","","","0.0000035","","","","","","","2026-07-10T04:25:22.274Z","","","","","",""
"fugazi","DPHtj1eqS1fdS5EmCe4SfvF32NEgSgQnzj6fGqgopump","61","2","","","","","","","","","","","","","","","","","0.000002225","","","","","","","2026-07-10T04:25:23.236Z","","","","","",""
"S&P500","7cMdEPvnJRvBNcCXGF1Nf4XiM3MWx8983Npw7o76pump","75","4.641975307","","","","","","","","","","","","","","","","","0.000002211","","","","","","","2026-07-10T04:26:19.265Z","","","","","",""
"BULL","6J9yQyHFGCX6Z1v5CTHbCY5eJg1jSD2arepYRarQpump","92","19.654320986","","120.057","","","","","3.1","60","-70.7","960","-66.37708700963756","","","","","","0.00000643","0.000007367","","","0.000002477","","0.000002477","2026-07-10T04:27:20.252Z","2026-07-10T04:31:18.300Z","","","2026-07-10T04:33:18.357Z","2026-07-10T04:33:18.347Z",""
"Humanoids","H2h9KwFjT1w6kCY41VNMEpfUFrp8GkEiebKtapUBpump","","","","","","","","","","","","","","","","","","","","","","","","","3.525e-7","","","","","","2026-07-10T04:27:21.265Z",""
"SIP","HKwxdzcm3KXFoap4zvzVGFcim88NL3sRZtTFdQ54pump","56","3","","","","","","","","","","","","","","","","","0.000003259","","","","","","","2026-07-10T04:30:19.242Z","","","","","",""
"TripleC","AW1ErSHQn29nDcZ6t3ME7DfEN8PW9rGViSr5DKRppump","100","9.876543208","","","","","","","38.3","540","-60.9","960","","","","","","","0.00000801","0.00001129","","","","","","2026-07-10T04:31:19.223Z","2026-07-10T04:35:18.307Z","","","","",""
"SFR","J3aK7PaGvFR686HpqzStqiAozeA7j3BzqVthULRvpump","","","","","","","","","","","","","","","","","","","","","","","","","4.716e-8","","","","","","2026-07-10T04:32:19.288Z",""
"juhn","GKQwRFqQVk6H4TK6zwSJR2rg1kJgXCEmz3xQAaVfpump","81","5","","","","","","","","","","","","","","","","","0.000003446","","","","","","0.000002707","2026-07-10T04:33:19.258Z","","","","","2026-07-10T04:37:18.323Z",""
"Deep","EJyvA2RLs7RCp4SekLBzoqbsHzJqX87qKVLnLTwYpump","58","4.938271603","","","","","","","96.5","360","-56.6","960","","","","","","","0.00000449","0.000005151","","","","","","2026-07-10T04:37:19.271Z","2026-07-10T04:40:18.500Z","","","","",""
"DEVOTO","622jKphAYLJMn52XR9K8EFTr6iV94KhYxDA4Di7wpump","78","5.925925924","","","","","","","","","","","","","","","","","0.000003071","","","","","","","2026-07-10T04:38:19.252Z","","","","","",""
"PORT","3h5SdNzERPR2wnmt9UCBBGYDZaodwex48F3Ppbwhpump","","","","","","","","","","","","","","","","","","","","","","","","","6.424e-7","","","","","","2026-07-10T04:39:18.991Z",""
"SFR","2b2kfni6v7WRXN2Kp5zi4bRzPQBwFwtMHa1AUZfMpump","","","","","","","","","","","","","","","","","","","","","","","","","3.809e-7","","","","","","2026-07-10T04:40:20.251Z",""
"smol","7TCyNHbdVfQqorVyEb4nqF6TnwNgkynebahb8G1Bpump","74","4.444444443","","","","","","","106.6","840","-11.2","960","","","","","","","0.000006576","0.00001202","","","","","","2026-07-10T04:40:21.288Z","2026-07-10T04:45:18.364Z","","","","",""
"BullDream","8pGmRLCBvXEfnN7bjDaL1d9ExnT6ETKn4bZnbvwepump","61","1.97530864","","","","","","","","","","","","","","","","","0.000002209","","","","","","","2026-07-10T04:41:21.217Z","","","","","",""
"Hehe","Ebm8jkGkponypB3MeH2wU13G79pYfQaTRyD1y6bEpump","67","3","","","","","","","","","","","","","","","","","0.00000221","","","","","","0.000002209","2026-07-10T04:42:20.305Z","","","","","2026-07-10T04:46:18.271Z",""
"MEETSPACE","EPtMripeXn6qu81M1TDnXTVwdbf5nhwQcfhp2ifhpump","","","","","","","","","","","","","","","","","","","","","","","","","1.783e-7","","","","","","2026-07-10T04:42:21.249Z",""
"CAT","2NF9Ej3pr2DpJ3HU9X67T7TrFTkejJXr9NJuNcqTpump","55","1.415269772","","","","","","","","","","","","","","","","","0.000002238","","","","","","","2026-07-10T04:44:21.230Z","","","","","",""
"II","EQ5QMsSiMz1Tkj3fvmWi6K9A9Bgq85KN88zQS424pump","58","4.4","","","","","","","","","","","","","","","","","0.000004832","","","","","","","2026-07-10T04:44:22.325Z","","","","","",""
"77X","Dv5cfKtAJXgufQLpXXq6a5D2FPjsTaQRCxHezsE6pump","","","","","","","","","","","","","","","","","","","","","","","","","5.31e-7","","","","","","2026-07-10T04:46:20.261Z",""
"0,00000001","7BhEHgzXJYpewGtRmvpenYuu65YP5JNstKrYrv7Hpump","","","","","","","","","","","","","","","","","","","","","","","","","3.154e-7","","","","","","2026-07-10T04:46:21.248Z",""
"NAKO","DV3KyzAomvqDQXmVhgBXvSiE5fMFqsFkti3rQA2zpump","58","1.647656094","","","","","","","","","","","","","","","","","0.000002264","","","","","","","2026-07-10T04:47:20.283Z","","","","","",""
"0,00000001","GkVcodXhxFQ2CJxczyaisMzRUUdjovi2wCtFcLuKpump","","","","","","","","","","","","","","","","","","","","","","","","","9.969e-7","","","","","","2026-07-10T04:47:21.213Z",""
"MROG","G4ny6Er6hBccy4EPptujWRnFUWjnHTgYNfADx7gFpump","79","5","","","","","","","","","","","","","","","","","0.000002236","","","","","","","2026-07-10T04:50:19.323Z","","","","","",""
"gleeb","AFCHLMyqn47LzVrxrWu8VUKWmGNPRPcqy6aMJmiGpump","75","4.938271603","","60.019","","","","","43","120","-73.4","960","19.166809531973257","","","","","","0.000005826","0.000005833","","","0.000006951","","","2026-07-10T04:51:19.236Z","2026-07-10T04:54:18.435Z","","","2026-07-10T04:55:18.454Z","",""
"SOL","9hK5FMmhyiGtK4vxpdoQcYezUQLB3Q3ukfU9wFFjJxb6","","","","","","","","","","","","","","","","","","","","","","","","","0.000002245","","","","","","2026-07-10T04:53:19.240Z",""
"CRMT","7qyeRSdSFVn4XZny2gUJ5jeRvzdaGPuMpXABahenpump","","","","","","","","","","","","","","","","","","","","","","","","","4.262e-7","","","","","","2026-07-10T04:54:20.234Z",""
"AnsemPunk","Gc1UnZ9VNeRHd3Xr9KeajE3aYpLPi6oYr1dPTGzzpump","","","","","","","","","","","","","","","","","","","","","","","","","4.443e-7","","","","","","2026-07-10T04:54:21.332Z",""
"SFR","8JkBA8LTAeJe7hrASVexbWrZZ5ztuhdaPtHaP4Gopump","74","0.059259258","","","","","","","","","","","","","","","","","0.000005301","","","","","","","2026-07-10T04:55:21.265Z","","","","","",""
"ANSEM","Hu9fVmn9XGwLqHw2t8LMhahUP8Cvwr7LtN8TzgwKpump","56","5","","","","","","","","","","","","","","","","","0.000002251","","","","","","","2026-07-10T04:55:22.301Z","","","","","",""
"ANSEM","CAvnP4f8yLUYWL3yVZcb5oHNJnyyqz6PTBZEpX2opump","80","2","","","","","","","","","","","","","","","","","0.00001325","","","","","","","2026-07-10T04:55:23.329Z","","","","","",""
"REDBULL","EKf2DwT3rRzoovMXvgGr13CUcCrNF9aeTt5qKZiDpump","68","3.084444442","","","","","","","","","","","","","","","","","0.000002209","","","","","","","2026-07-10T04:56:20.250Z","","","","","",""
"Lorenzo","FCyWE1n8Zd3gjS1RtQsPg1zE5ztQ3eV4aEsMATuTpump","99","19.753086418","","","","","","","","","","","","","","","","","0.000007489","","","","","","","2026-07-10T04:56:21.227Z","","","","","",""
"SR","82SCrSXcC44TmYABSnUNT9Bz1pZAkkXPGcCuXPkFpump","","","","","","","","","","","","","","","","","","","","","","","","","3.61e-8","","","","","","2026-07-10T04:57:21.551Z",""
"ONE","G4kZ9EtKvdfwQu5aAFxBBUnGx1oPyTszYpqjR6Npump","95","16.790123455","","","","","","","","","","","","","","","","","0.000004618","","","","","","","2026-07-10T04:57:22.695Z","","","","","",""
"ANSEM","9CwDyi381MY9THJLTTVrfJzgBHwkmDZsxq3wMZ4vpump","","","","","","","","","","","","","","","","","","","","","","","","","4.196e-7","","","","","","2026-07-10T04:57:23.407Z",""
"BowTied","G1n9TACuAhVLq3NbM3BAEtX4uqyaUyQztciqrHFpump","56","5","","","","","","","","","","","","","","","","","0.000002251","","","","","","","2026-07-10T04:58:19.238Z","","","","","",""
"BowTied","8ZGc4Bc6PqkuyD4WavtZa6bZuPGNaxirRi9zSgTApump","59","5","","","","","","","","","","","","","","","","","0.00000231","","","","","","","2026-07-10T04:59:20.429Z","","","","","",""
"ANSEM","BmgZ6HFjXw64kuezf448zvDappkTEZ5UnMysYZwdpump","68","3.084444442","","","","","","","","","","","","","","","","","0.000002211","","","","","","","2026-07-10T04:59:21.254Z","","","","","",""
"FEBLE5","BQLfhvzXCmAVsMJ7E4UBqwVJyfzh1HdF5AuNxxNnpump","","","","","","","","","","","","","","","","","","","","","","","","","1.34e-8","","","","","","2026-07-10T05:00:19.239Z",""
"ridER","7qH81ZAwAigGFoYwbnYdJd5Nc9zbQ9PNqV9mmBtmpump","56","1.48148148","","","","","","","","","","","","","","","","","0.000002685","","","","","","","2026-07-10T05:01:20.222Z","","","","","",""
"SR","BfPj1caKXytjsy328ShumoziVyQmXV5WU3QJYWTKpump","","","","","","","","","","","","","","","","","","","","","","","","","4.415e-7","","","","","","2026-07-10T05:01:21.229Z",""
"RAT","GBjVkH7E3nrs8mpxM6KuoMWetREcFFoWQQfv1Qt7pump","56","5","","","","","","","","","","","","","","","","","0.000002212","","","","","","","2026-07-10T05:02:21.245Z","","","","","",""
"SR","B6Nvi8wWjcmXaWRSL36vFsjdthZ41oXqYoE5ohMLpump","65","0.050084894","","","","","","","","","","","","","","","","","0.00001578","","","","","","","2026-07-10T05:02:22.354Z","","","","","",""
"DEX","7tJw6jAxJdtahE6b9eZuz6yZGxrR7oYtrCRu6rH1pump","85","13.827160492","","","","","","","","","","","","","","","","","0.000006151","","","","","","","2026-07-10T05:02:23.240Z","","","","","",""
"SR","DDLauKVei7YYH8yctX5VdJYJJaVwsw7fDAJYHee4pump","","","","","","","","","","","","","","","","","","","","","","","","","3.182e-7","","","","","","2026-07-10T05:03:19.226Z",""
"TRENCHER","6yavAP7u2GxLn22Zi4QsejfdrXYfoodrF1Em3NNwpump","57","0.250000001","","","","","","","","","","","","","","","","","0.00001432","","","","","","","2026-07-10T05:04:19.300Z","","","","","",""
"ANSEM","GqGGqT7jw6jKKd8KRVDUzoGRxzNvHLbE5KsCuAWYpump","68","3.084444442","","","","","","","0","0","0","960","","","","","","","0.000002206","0.000002206","","","","","","2026-07-10T05:05:21.252Z","2026-07-10T05:08:18.332Z","","","","",""
"CAT","DqJX7kixd6h2Mz9YWikCU58dYfpayqiNruYZrU73pump","72","6.913580245","","","","","","","","","","","","","","","","","0.000008444","","","","","","","2026-07-10T05:05:22.357Z","","","","","",""
"SR","CKh9uy92HwyyavyPmZne9rfcwN2tZUNVwftBgwovpump","60","0.050084894","","","","","","","","","","","","","","","","","0.000005638","","","","","","","2026-07-10T05:05:23.514Z","","","","","",""
"ORANGE ","31KjgNMDw8fG4trdq7WrEtV9KG6sEpD4HrsWuhXmpump","","","","","","","","","","","","","","","","","","","","","","","","","1.228e-7","","","","","","2026-07-10T05:07:20.230Z",""
"SFFR","8G5MdE4pownriEU7k2YexgYFzMsr4854jX7biUw2pump","","","","","","","","","","","","","","","","","","","","","","","","","4.807e-7","","","","","","2026-07-10T05:07:21.314Z",""
"SFFR","2DCJMKs8RMtNC246qR5hc6op3bVmVu6UJc5a2KxXpump","","","","","","","","","","","","","","","","","","","","","","","","","4.486e-7","","","","","","2026-07-10T05:09:19.244Z",""
"Walter","2DvMSURhGw5HBfdrdwBsKNFkPmCxXuRTdSDunWKYpump","","","","","","","","","","","","","","","","","","","","","","","","","3.029e-7","","","","","","2026-07-10T05:10:19.235Z",""
"SR","7LHU61DC9ubxD3CdDmgyBodgPfZnTMmUfnfiiRfbpump","55","0.059259258","","","","","","","","","","","","","","","","","0.000001505","","","","","","","2026-07-10T05:11:19.290Z","","","","","",""
"son","8QrbZtHvsYHEc5qUVTc3h6Uz6hg7wY63J5TBjJRxpump","","","","","","","","","","","","","","","","","","","","","","","","","3.295e-7","","","","","","2026-07-10T05:12:20.221Z",""
"SPIRITS","ACSCQkgTPoc1kww4TQ1oKAnBzATdTEQnJg6jovurpump","56","5","","","","","","","","","","","","","","","","","0.000002208","","","","","","","2026-07-10T05:12:21.231Z","","","","","",""
"kitten","5akm7hggDCv5buhfmTY1SyBfi8v4SGshZiMbT9aZpump","100","9.8","","","","","","","","","","","","","","","","","0.000008787","","","","","","0.000002266","2026-07-10T05:13:21.219Z","","","","","2026-07-10T05:16:18.253Z",""
"TripleC","7LJgFw4Qa4d6fJg5KXv7nPqb441GwJgsrebxnuP5pump","","","","","","","","","","","","","","","","","","","","","","","","","0.000002272","","","","","","2026-07-10T05:13:22.233Z",""
"son","DcCjhVx93YiFY9QwEuVjn4bBgFXnzbQPJUAQjDqNpump","","","","","","","","","","","","","","","","","","","","","","","","","3.356e-7","","","","","","2026-07-10T05:13:23.219Z",""
"TripleC","J4JkqxkXgyyQ2Nhv6drWvBipJCe6tZutkSMTYdnKpump","","","","","","","","","","","","","","","","","","","","","","","","","0.000002207","","","","","","2026-07-10T05:16:20.237Z",""
"son","88SHEyMn9j8GuQoRiWn5egzToiBsac8jBtXN4gEdpump","","","","","","","","","","","","","","","","","","","","","","","","","2.636e-7","","","","","","2026-07-10T05:16:21.386Z",""
"IIS","82NFpMhxSqbAmXqh1za6aWu3tXwEZnYNaXdTjcKjpump","68","3.084444442","","","","","","","","","","","","","","","","","0.000002428","","","","","","0.000002357","2026-07-10T05:17:19.225Z","","","","","2026-07-10T05:20:18.305Z",""
"CAT","3cX2Uw9P8bvCsoAb1WVRiGAKfsJ3CB7H8cs25AYzpump","","","","","","","","","","","","","","","","","","","","","","","","","0.000002208","","","","","","2026-07-10T05:19:19.231Z",""
"FEBLE5","GVdAXaacHNwbM4d3JGyPRURdzMVstSUXf24B7YGtpump","75","4.938271603","","119.923","","","","","18","660","-16.8","960","-44.99753573188763","","","","","","0.000006015","0.00002029","","","0.00001116","","","2026-07-10T05:21:19.215Z","2026-07-10T05:24:18.378Z","","","2026-07-10T05:26:18.301Z","",""
"CWH","39CKvcUM1MQ84ZaLwuYqfd177mw5ui77yHMAcvmApump","67","4.938271603","","","","","","","","","","","","","","","","","0.000002999","","","","","","","2026-07-10T05:24:19.278Z","","","","","",""
"$CRYGED","23PrQhYFBwVHkq1xLTKiALi5mF7tA7h6kf86iP1ipump","57","0.493827159","","","","","","","0","0","-4","960","","","","","","","0.000001379","0.000001396","","","","","","2026-07-10T05:25:21.229Z","2026-07-10T05:31:18.227Z","","","","",""
"SR","2KYdwm3qACVmW8KxrVNaSFyEH9sywAKh6uJn3UnMpump","","","","","","","","","","","","","","","","","","","","","","","","","0.000001643","","","","","","2026-07-10T05:27:20.216Z",""
"Public","4e2T5CKcYsyWarTSxZY5uMqU4JLV5D1w6pMhRUoDpump","63","3","","","","","","","","","","","","","","","","","0.00000344","","","","","","0.000002231","2026-07-10T05:27:21.221Z","","","","","2026-07-10T05:31:18.243Z",""
"Voxelchu","DKJEj5maHE4mNfrrbV63N5PbULYAnJZH8JVFs6gQpump","","","","","","","","","0","0","0","960","","","","","","","","0.000002207","","","","","","","2026-07-10T05:28:18.278Z","","","","",""
"SOL1000","3pwFvqLLMp3FdY2dMA4sBDQqFjhj1v2K9xXzKvfypump","","","","","","","","","","","","","","","","","","","","","","","","","7.598e-7","","","","","","2026-07-10T05:30:19.272Z",""
"GUY","8LeKLH2gYxNsFgejhWEva7X8qLfmwKmoDG3ymrsipump","80","6.814814813","","120.06","","","","","3.8","60","-40.5","960","-33.62737236033146","","","","","","0.000003538","0.000003741","","","0.000002483","","","2026-07-10T05:31:19.245Z","2026-07-10T05:34:18.358Z","","","2026-07-10T05:36:18.418Z","",""
"IRIS","DLk1AUJtxNTjudZgPaeiKKnRPfWkcC6fkwpdGN4tpump","60","3","","","","","","","","","","","","","","","","","0.000002259","","","","","","","2026-07-10T05:32:21.217Z","","","","","",""
"Robin","E7xbQbrevwsnLBksAUHNeiFg7UyBBmuYxD6LDnr3pump","","","","","","","","","","","","","","","","","","","","","","","","","0.000001329","","","","","","2026-07-10T05:32:22.252Z",""
"SR","CHEysmSo22V3Shy171WPZbexwD97XMJ4Xg3JngCQpump","","","","","","","","","","","","","","","","","","","","","","","","","7.758e-7","","","","","","2026-07-10T05:32:23.209Z",""
"3122331231","DqZzwUmwQKLNR5kTGRziLdfm5ioZ4Pscaj9qS2xJpump","","","","","","","","","","","","","","","","","","","","","","","","","2.143e-7","","","","","","2026-07-10T05:33:19.248Z",""
"SR","FpHGMMnQwjVafZZdUhFpRZHeLrfghJPn3eTstwdupump","55","0.059259258","","","","","","","0","0","0","960","","","","","","","0.000005299","0.000005299","","","","","","2026-07-10T05:34:20.233Z","2026-07-10T05:37:18.249Z","","","","",""
"kat","FnVRSY3w8EtnHHrBezxXpYfgcXhAUiGbkSubmMcpump","72","6","","","","","","","","","","","","","","","","","0.00000232","","","","","","","2026-07-10T05:34:21.223Z","","","","","",""
"FTX","4GggwoK7rFGyWsWep9Xz2zjjnp2ds4zbSjCk7LmBpump","","","","","","","","","","","","","","","","","","","","","","","","","4.403e-7","","","","","","2026-07-10T05:35:19.211Z",""
"DEFIAI","HtHer7bPcCcR7emZFeAbKEJU687A9KeBq8VT9X1Ypump","62","2.222222221","","","","","","","","","","","","","","","","","0.000002214","","","","","","","2026-07-10T05:39:19.218Z","","","","","",""
"BULLIEVE ","3XADadSyRpcPcAF6nhjjZQutTbTK9xdxLMJaKZfvpump","56","1.48148148","","","","","","","","","","","","","","","","","0.000002214","","","","","","","2026-07-10T05:40:21.211Z","","","","","",""
"WIFE","HupykA7QDQniJutsUXDWKXCGKg4HFjG2vS4CHy13pump","58","3","","","","","","","","","","","","","","","","","0.000004425","","","","","","0.000002221","2026-07-10T05:41:19.215Z","","","","","2026-07-10T05:45:18.256Z",""
"cult","x6YxYgc1w48ubpgyp4Repi1LdDeZ8mXK6iTWpHKpump","78","6","","","","","","","","","","","","","","","","","0.000002214","","","","","","","2026-07-10T05:42:18.377Z","","","","","",""
"Vortle","CASWmuYAXLrrNjYizEo6Dv44MCR4qGcDgGGphsthpump","93","0.019753085","","","","","","","0","0","-0.1","960","","","","","","","0.000002221","0.000002223","","","","","","2026-07-10T05:44:20.269Z","2026-07-10T05:49:18.375Z","","","","",""
"ATP","2FJX9o7hkV5uc6NkWhvVP37iudGVeqqFTRx7SE3Hpump","","","","","","","","","","","","","","","","","","","","","","","","","0.000002239","","","","","","2026-07-10T05:45:19.212Z",""
"Tula","7s17RjFWgySfo7WfbRpSKVUQ3uxfxFhgRLzRyo6upump","57","5","","","","","","","","","","","","","","","","","0.000002415","","","","","","","2026-07-10T05:46:19.631Z","","","","","",""
"Kittens","4zeh8SJpn99HMxSyMg4YeowCNE5pDdpmq2D7UkS1pump","64","5.000000001","","","","","","","","","","","","","","","","","0.000002397","","","","","","","2026-07-10T05:46:20.269Z","","","","","",""
"run","7ysozxtCmQKpojXx8b4BebHzSHBuZyocTdhEgLHGpump","78","6","","","","","","","0","0","-0.4","960","","","","","","","0.000002219","0.000002219","","","","","","2026-07-10T05:48:20.233Z","2026-07-10T05:52:18.352Z","","","","",""
"JEWCOIN","8rn2XXpvUDh4JwpqhJKHKJNY7Z9YZe4vYUrXVEkapump","","","","","","","","","","","","","","","","","","","","","","","","","8.529e-8","","","","","","2026-07-10T05:48:21.240Z",""
"chickenshit","EaiRxpaautrGzLhq2Lm9btn5pjHsrYXifX3WiGcNpump","56","3","","","","","","","","","","","","","","","","","0.000005804","","","","","","0.000002232","2026-07-10T05:49:19.226Z","","","","","2026-07-10T05:54:18.329Z",""
"HNW","7eXqw3q5eJZDKLSF1K25hsxux3rPpSfz9XF5SnDGpump","92","5","","","","","","","","","","","","","","","","","0.000002318","","","","","","","2026-07-10T05:51:20.251Z","","","","","",""
"HNW","8RfBuZPJxLHvzTUCkAeMZtLGv6ZHhNKBowgnF1gnpump","56","3","","","","","","","","","","","","","","","","","0.000002214","","","","","","","2026-07-10T05:51:21.198Z","","","","","",""
"WIF","6eLuzJQmQ7jvK4gkGJMsBqfo64J9LZ1QehoVKnYnpump","69","3.6","","","","","","","","","","","","","","","","","0.000002503","","","","","","","2026-07-10T05:53:19.224Z","","","","","",""
"Lorenzo","GXFbzABNNudRVeaXZMigRY8ivnAnqLLa32PKiQASpump","","","","","","","","","","","","","","","","","","","","","","","","","5.788e-9","","","","","","2026-07-10T05:56:22.210Z",""
"BMBMB","DxtwwxH6rpV5DNrEQEusF3Wbe1VPskUqoxVMMicmpump","56","0.164000001","","","","","","","","","","","","","","","","","0.000002349","","","","","","","2026-07-10T05:56:23.212Z","","","","","",""
"SOBSCOIN","CTYHDDdj4obRvTP3aZ4wAVSPBC7eByKnyvKPm8RApump","56","1.97530864","","119.988","","","","","0","0","-45.1","960","-28.073498768706195","","","","","","0.000004768","0.000005279","","","0.000003797","","","2026-07-10T05:56:24.293Z","2026-07-10T06:01:18.260Z","","","2026-07-10T06:03:18.248Z","",""
"catwifbag","2FSfkdy2GC5tvBDzETyv1moiF7fGFUWCfBTn5Dgdpump","78","6","","","","","","","","","","","","","","","","","0.000002264","","","","","","","2026-07-10T05:56:25.201Z","","","","","",""
"JEWCOIN","BF2gzu48Hr38jbC9AM4rfAcjQQQxYVzaCHdkwFPpump","","","","","","","","","","","","","","","","","","","","","","","","","1.457e-8","","","","","","2026-07-10T05:57:19.332Z",""
"OG","Fao8h1VPp3f8WeGnyUcr9NopbrKWqrKB2dRREFtSpump","","","","","","","","","","","","","","","","","","","","","","","","","8.228e-7","","","","","","2026-07-10T06:02:19.011Z",""
"RHINO","7xhgNArkt4uLw1bvdPzE8g56gWhaaNRbBY2EVJFcHssi","","","","","","","","","0","0","0","960","","","","","","","","0.00000244","","","","","","","2026-07-10T06:03:18.260Z","","","","",""
"heisen","FdaZzpYZC62zrTsJkAbmGXdbn1i9pjDJKj5oxxkJpump","","","","","","","","","","","","","","","","","","","","","","","","","","","","","","","",""
"GMBL","2TkJRmh8mkxKCM2HN9wZvFid3GMaKFhA9E8AN6grpump","","","","","","","","","","","","","","","","","","","","","","","","","0.000001025","","","","","","2026-07-10T06:04:19.189Z",""
"GMBL","3wzPz5B6qoG1b1GiNJm49skQoSKGto9fbk716jurpump","","","","","","","","","","","","","","","","","","","","","","","","","5.805e-7","","","","","","2026-07-10T06:05:21.199Z",""
"shekels","C1vcVX1jPgZDx8uaE52W8LkvANeXX8QvCgcDuBnLpump","","","","","","","","","","","","","","","","","","","","","","","","","7.903e-7","","","","","","2026-07-10T06:05:22.227Z",""
"SOL","AGrQWc11UBfyaJa8mSwwSQ5yB7rWtznJqN7cfSwpump","58","5","","","","","","","","","","","","","","","","","0.00000361","","","","","","","2026-07-10T06:05:23.192Z","","","","","",""
"SOL","Da6Pm6t6Bo83VuircHnTMRYRxcxngNSSS6x7XJwepump","63","3","","","","","","","","","","","","","","","","","0.000002212","","","","","","","2026-07-10T06:06:20.252Z","","","","","",""
"GMBL","sMK6V9PBBQThVZ9mmZgPESaUcr4fFUSiRpD6CuYpump","","","","","","","","","","","","","","","","","","","","","","","","","2.133e-7","","","","","","2026-07-10T06:06:21.205Z",""
"TripleF","GqtefsqW6nSrNr4SnHDbYyqyqAP5kSgtDok8bcsipump","76","2.962962961","","","","","","","0","0","0","960","","","","","","","0.000002163","0.000002163","","","","","","2026-07-10T06:07:19.344Z","2026-07-10T06:10:18.443Z","","","","",""
"LEMUR","HmNeXfb7S2XS3HHTZCvRZFcPAToS67AqfX2ggisypump","55","3","","","","","","","","","","","","","","","","","0.000003446","","","","","","0.000002222","2026-07-10T06:08:19.202Z","","","","","2026-07-10T06:12:18.332Z",""
"SEVN","4ADbqob9nQPJCSu9TBfF7MA4rHeHvbWizLGuugmTpump","57","0.250000001","","","","","","","","","","","","","","","","","0.000001393","","","","","","0.000001462","2026-07-10T06:09:19.198Z","","","","","2026-07-10T06:12:18.347Z",""
"BMBMB","5Uhn2SdDSB154AoMbrTVkqKneUgTEKTsm3vtht6Upump","","","","","","","","","","","","","","","","","","","","","","","","","7.481e-7","","","","","","2026-07-10T06:10:20.222Z",""
"BMBMB","6XNRagyHWUnHL9LFqQdDhHjpRK6hdSJsH7kgYeD8pump","","","","","","","","","","","","","","","","","","","","","","","","","3.091e-7","","","","","","2026-07-10T06:10:21.202Z",""
"BMBMB","4wm1QgA583UHLwGkmm5nfU9r4vv76ykKvACqFVwJpump","","","","","","","","","","","","","","","","","","","","","","","","","9.599e-7","","","","","","2026-07-10T06:11:19.202Z",""
"BMBMB","BaDKR6z3c5P8B2ph9eavRxtgmai3fCTKB45BNZrXpump","57","0.170000001","","","","","","","","","","","","","","","","","0.000003621","","","","","","","2026-07-10T06:12:19.207Z","","","","","",""
"k","8qf6C164VeDEHjmDwmvL7tb6mMtpWK8oAfXta4uzpump","72","5","","","","","","","","","","","","","","","","","0.00001417","","","","","","","2026-07-10T06:15:19.197Z","","","","","",""
"kwh","waDG69DyQDqJY4SVMgwD8CTTWq3nvXdQ1dSsAiPpump","","","","","","","","","","","","","","","","","","","","","","","","","0.000002223","","","","","","2026-07-10T06:16:19.270Z",""
"$AAAH","Fav8RVnbUzvQGBPwGWEYZvBMb7h2fq4eBZWtMGo8pump","56","1.48148148","","","","","","","12.1","120","0","960","","","","","","","0.000002702","0.000003108","","","","","","2026-07-10T06:19:21.201Z","2026-07-10T06:22:18.441Z","","","","",""
"Vulcan","J67YmdZs3wMdDm7wSwBoAAcF9ASFfqiFtzTCsNYjpump","67","3","","","","","","","","","","","","","","","","","0.000002207","","","","","","","2026-07-10T06:20:19.249Z","","","","","",""
"blep","22aELWPj6x44mPuGEbpcwtx4ruJVkRisFAoZejv2pump","61","1.97530864","","","","","","","","","","","","","","","","","0.000002207","","","","","","","2026-07-10T06:21:19.181Z","","","","","",""
"THICK","DewjkWPTo5kHDame1qFTcUPHtC68xxDGhafPJiKopump","61","1.97530864","","59.909","","","","","0","0","-13","960","-12.962962962962967","","","","","","0.000002538","0.000002538","","","0.000002209","","","2026-07-10T06:22:18.382Z","2026-07-10T06:22:18.395Z","","","2026-07-10T06:23:18.304Z","",""
"BEAST","AVWcmQ4SXv33LorzwEKjaCMBP7KDVzCbhr6p1d5zpump","","","","","","","","","","","","","","","","","","","","","","","","","3.308e-7","","","","","","2026-07-10T06:23:20.204Z",""
"BBBULL","3WmsTfg2Po8fgvUPQMhBgqTAWWs4PwEGdbtBWnCupump","","","","","","","","","","","","","","","","","","","","","","","","","1.1e-7","","","","","","2026-07-10T06:23:21.186Z",""
"kitten","8pQMaxwtB94aTY7ApYoYHUHyQy5EtyMNmp2kL2cBpump","55","10.909090909","","","","","","","","","","","","","","","","","0.000002795","","","","","","","2026-07-10T06:26:19.309Z","","","","","",""
"Lorenzo","7r7KdxZZBVvqr242GrGnDiQHkM1QrbYdnrzuv6JMpump","55","10.909090909","","","","","","","","","","","","","","","","","0.000004516","","","","","","","2026-07-10T06:27:21.194Z","","","","","",""
"DoubleT","EqoVc7A5uzc4VigmH4cz4naNA5Yh6RCi5ZKTrtdqpump","63","3","","","","","","","","","","","","","","","","","0.000002247","","","","","","","2026-07-10T06:27:23.204Z","","","","","",""
"protocol","9Pi8bgHLyzxb2qHpEGWqVN13yL6E2QAnKPN4JERupump","","","","","","","","","","","","","","","","","","","","","","","","","5.438e-7","","","","","","2026-07-10T06:27:24.277Z",""
"YAAA","7FSQkT95nK4E14RVMcLrVPrWnNghjSXBVbmoEm8pump","56","1.97530864","","","","","","","","","","","","","","","","","0.000002522","","","","","","","2026-07-10T06:28:18.329Z","","","","","",""
"SLIME","2nMQPgrUEvKUCeGf3HaUWAL2TXD49QzMvLuAEo32pump","","","","","","","","","","","","","","","","","","","","","","","","","2.594e-7","","","","","","2026-07-10T06:29:19.298Z",""
"CAPTOLY","GQrKmrUBwnatvC3627ZNgTyd8aiy6dmCd4HUBsmJpump","","","","","","","","","","","","","","","","","","","","","","","","","3.807e-7","","","","","","2026-07-10T06:30:22.202Z",""
"TungTung","C4UcVAEEiRA87qGf4EM5ZuLSdevSi8hTpw7Gdf5Spump","","","","","","","","","","","","","","","","","","","","","","","","","3.647e-7","","","","","","2026-07-10T06:30:23.253Z",""
"FEBLE5","G81acZHB6WZv5JC3GE3dR1ntgf7Ykg1xZq4f5P4rpump","55","10.909090909","","","","","","","","","","","","","","","","","0.000004212","","","","","","","2026-07-10T06:31:19.210Z","","","","","",""
"Joe","Dyk4mTQTUrGcRLvJdMUEyQWjmqXTL8Zz7Fh6A9gwpump","","","","","","","","","","","","","","","","","","","","","","","","","0.000002222","","","","","","2026-07-10T06:32:19.204Z",""
"KWH","3cM7h6WN35GzJPsxusECuPFYZEFpB1Gy7JzcnzXEpump","","","","","","","","","","","","","","","","","","","","","","","","","0.00000242","","","","","","2026-07-10T06:33:22.237Z",""
"DoubleB","5Erxh2Hfnm7dLFJCTajFjGMLtdhyAk4uWddZixSNpump","56","3.456790121","","","","","","","","","","","","","","","","","0.000002403","","","","","","","2026-07-10T06:33:23.206Z","","","","","",""
"whitedog","7MLt5TTC2yr35NmChPrbSrQ8caUwNKg8hgnEcwUEpump","55","10.909090909","","","","","","","","","","","","","","","","","0.000003459","","","","","","","2026-07-10T06:33:24.199Z","","","","","",""
"CAPTOLY","EL3LzGqjn7xoncvJL84dg43dk2CPznaMZSa17tVDpump","55","10.909090909","","","","","","","","","","","","","","","","","0.000004274","","","","","","","2026-07-10T06:33:25.192Z","","","","","",""
"CAT","AKPg9ozBjTYKbdUp28ybaQGcSHKTQ1u79vg92MbVpump","80","6.913580245","","","","","","","","","","","","","","","","","0.000002233","","","","","","","2026-07-10T06:34:22.180Z","","","","","",""
"FEBLE5","6npXHtDZiRyhFKxvYh6wxBLqnqAkdiCatvMdrNi4pump","55","10.909090909","","","","","","","","","","","","","","","","","0.000002547","","","","","","","2026-07-10T06:34:23.200Z","","","","","",""
"Joe","7vynTLyGh1atXyfsiKn8EAReAHNjTQqrQBc3erykpump","95","38.123456789","","","","","","","","","","","","","","","","","0.00001564","","","","","","0.000002207","2026-07-10T06:34:24.258Z","","","","","2026-07-10T06:36:18.219Z",""
"SOL","9j4N73GbbAuHUsigPs6AEQWNBsEXojYai1dXPxJfpump","61","4.938271603","","","","","","","","","","","","","","","","","0.000005477","","","","","","","2026-07-10T06:34:25.202Z","","","","","",""
"protocol","6TS7oVqKeqRBHQr9iTfd8L1VLsSpjBVUwu8a9fafpump","55","10.909090909","","","","","","","","","","","","","","","","","0.000005032","","","","","","","2026-07-10T06:35:19.194Z","","","","","",""
"k","Ciaj1XUknM4XzAieyoobmwAr3b7ZfJdMX64joyqNpump","55","10.909090909","","","","","","","","","","","","","","","","","0.000002594","","","","","","","2026-07-10T06:36:19.194Z","","","","","",""
"PATAPIM","6ZfY4E4RD2eAdN9eVCiMJ7w6MVoBo6fV3pe82ujhpump","64","2.4691358","","","","","","","","","","","","","","","","","0.000002232","","","","","","","2026-07-10T06:37:22.203Z","","","","","",""
"CAT","FCXxviyNqpvTg84PjcjVDF7uT8D7LnadCJmToUwKpump","63","2.962962961","","","","","","","","","","","","","","","","","0.000002274","","","","","","","2026-07-10T06:37:23.195Z","","","","","",""
"SLIME","72ShGy2wuJFpxBrbDYm6bgRSucFM9CsYJMRMKamppump","55","10.909090909","","","","","","","","","","","","","","","","","0.000002486","","","","","","","2026-07-10T06:37:24.195Z","","","","","",""
"k","BNx1J52nKr9Er4UitEA9W7qWTsbf7dCYRt4CqDgJpump","","","","","","","","","","","","","","","","","","","","","","","","","0.000001065","","","","","","2026-07-10T06:37:25.206Z",""
"PL","6N4LaQVzyo2BW7uioG5S4mATru24tt4y6La3kSpCN9FP","57","6.913580245","","","","","","","","","","","","","","","","","0.000002341","","","","","","","2026-07-10T06:38:20.200Z","","","","","",""
"JAWA","9AeNrf7iJDVoW1NhGyGmDeQN7ob63Kk786ASBZsZpump","","","","","","","","","","","","","","","","","","","","","","","","","3.914e-7","","","","","","2026-07-10T06:39:19.256Z",""
"TungTung","DVZRbffw7Bu7h1L2tXcntbdvQmHFN13VnVDzGKW3pump","71","4.938271603","","","","","","","","","","","","","","","","","0.000002208","","","","","","","2026-07-10T06:40:22.173Z","","","","","",""
"Crying","6WMBDMQUvc75LXWcWNGfevBApD2gn9gWFSBcCpUqpump","","","","","","","","","","","","","","","","","","","","","","","","","0.000002226","","","","","","2026-07-10T06:40:23.196Z",""
"FEBLE5","CYWV71ervtKXkiQzGcuWo8YH7CmwwHepdq3tWUo3pump","55","10.909090909","","","","","","","","","","","","","","","","","0.000002714","","","","","","","2026-07-10T06:40:24.211Z","","","","","",""
"CAT","GiGhycmDav3zA46SjysaxKEdD9pRpF6ppfPjsEtmpump","","","","","","","","","","","","","","","","","","","","","","","","","4.436e-7","","","","","","2026-07-10T06:40:25.185Z",""
"LM","4RdeCLD1zC2JTAEg6kSM5v9LyigZUKUQKeQBwUQNKVDb","","","","","","","","","","","","","","","","","","","","","","","","","2.352e-7","","","","","","2026-07-10T06:41:20.193Z",""
"CAPTOLY","34tEhc6jdari2AHWjrhHfQERqc31vjPbEuGFwLwYpump","","","","","","","","","","","","","","","","","","","","","","","","","0.000001812","","","","","","2026-07-10T06:41:21.237Z",""
"$BULLANA","ASosHrhroSRyAiPqap1sLCp1zjBLFi6tWMbvroUUpump","59","2.450000001","","","","","","","","","","","","","","","","","0.000002811","","","","","","","2026-07-10T06:42:18.200Z","","","","","",""
"c@","FRK1eikTuMYtjbaZcxE3bpbThnkQsd42g2nwSg6opump","65","3.950617282","","","","","","","","","","","","","","","","","0.000002324","","","","","","","2026-07-10T06:42:19.178Z","","","","","",""
"TrumpPepe","DQdmgJQum3syMyP1GDEFy9FmubspZjDPo6B9kSfnpump","","","","","","","","","","","","","","","","","","","","","","","","","3.973e-7","","","","","","2026-07-10T06:43:20.188Z",""
"FEBLE5","E8chZNiSXnzCombSsJZifhhRcA9MCpGtYWc5G2mZpump","","","","","","","","","","","","","","","","","","","","","","","","","3.398e-7","","","","","","2026-07-10T06:43:21.200Z",""
"FEBLE5","4jFJu88sR4CDCun5LqqSns9oPHttsCdBsRMknX94pump","55","10.909090909","","","","","","","0","0","0","960","","","","","","","0.000003108","0.000003108","","","","","","2026-07-10T06:45:22.187Z","2026-07-10T06:51:18.238Z","","","","",""
"RELAX","83JW1NDxwamN5AmfTUyjaNqg558QCQMKBnBFSPFNpump","58","4.4","","","","","","","","","","","","","","","","","0.000009338","","","","","","","2026-07-10T06:45:23.182Z","","","","","",""
"CAT","5j8CPTobrQcphj2RMHZbD7iCD5hLaiactp8M4AD1pump","","","","","","","","","","","","","","","","","","","","","","","","","4.184e-7","","","","","","2026-07-10T06:45:24.456Z",""
"kitten","4z37E6t9nyhQBPMwkERjyP5RWwCx71UFAAHNkcYUpump","55","10.909090909","","","","","","","","","","","","","","","","","0.000002802","","","","","","","2026-07-10T06:45:24.650Z","","","","","",""
"CAT","F6Z3PCVk1CaWg6GXrqG8nqZ71ykPBtWFfWDMgCSipump","","","","","","","","","","","","","","","","","","","","","","","","","2.737e-7","","","","","","2026-07-10T06:46:22.180Z",""
"CAT","H2rPEka3sUPqUbJVsQo98AKm9X15JU9BQHQ6tggPpump","","","","","","","","","","","","","","","","","","","","","","","","","0.000001706","","","","","","2026-07-10T06:46:23.177Z",""
"COOKED","DEi9m4pfHQ9MKfAuPW29W4k1aCscsEVPx8qjbgqmpump","60","3","","","","","","","","","","","","","","","","","0.000002333","","","","","","","2026-07-10T06:46:24.184Z","","","","","",""
"protocol","B2Kfkt7m2zuy4jEH5HCHdnyJyDKfH8VGE1Chu5rUpump","","","","","","","","","","","","","","","","","","","","","","","","","4.123e-7","","","","","","2026-07-10T06:46:25.215Z",""
"k","FTGdJSR2YkLoDYS9B2mCJypFfedHXrKLFx21Zxf1pump","55","10.909090909","","","","","","","","","","","","","","","","","0.000004001","","","","","","","2026-07-10T06:47:20.169Z","","","","","",""
"CAPTOLY","B3QGiUTtAMc3FBDZCdd1A3cLQ9bM9PjVwD7mcH5bpump","","","","","","","","","","","","","","","","","","","","","","","","","4.378e-7","","","","","","2026-07-10T06:47:21.199Z",""
"ToKeN","8qdhiCFQjLZRHzz8FEwXAPKd2WSrbmULDSz9ghGDpump","99","0.217283949","","","","","","","","","","","","","","","","","0.000004118","","","","","","3.949e-8","2026-07-10T06:48:19.238Z","","","","","2026-07-10T06:52:18.360Z",""
"FUCK","86TSobvH82E8xTg3ASgZ6HALiYPhXEQs6sQ8pmTWpump","74","0.049382714","","","","","","","","","","","","","","","","","0.00000918","","","","","","","2026-07-10T06:49:19.206Z","","","","","",""
"WHALES","FfFzcSjpyXAfM8KBmymEeWcERZ21F9BR9H5hoDg9pump","59","12.839506171","","","","","","","","","","","","","","","","","0.000003466","","","","","","","2026-07-10T06:50:19.199Z","","","","","",""
"COZY","GFLxa1CdApUkr6AVYUVGDcDSfJf368hpTEnwQaA6pump","74","5","","","","","","","","","","","","","","","","","0.000002405","","","","","","","2026-07-10T06:51:19.220Z","","","","","",""
"CWH","2zLdMEfmQtYwxBbdu2VAh92iJQqacHHTc7KGKNiYpump","66","4.938271603","","","","","","","","","","","","","","","","","0.000003029","","","","","","","2026-07-10T06:53:22.194Z","","","","","",""
"Crying","5BYbYiTP5hxKWjqF9aqbgRxzYua6peDGpkbw8WDwpump","","","","","","","","","","","","","","","","","","","","","","","","","4.378e-7","","","","","","2026-07-10T06:53:23.205Z",""
"Crying","J85HXU2Ttf6sBcbVuTRSe7XTrsiTqyJ1Rn1F1mENpump","55","10.909090909","","","","","","","","","","","","","","","","","0.000002568","","","","","","","2026-07-10T06:53:24.207Z","","","","","",""
"RELAX","CUssvrjEQeXcdKvDUw8KsnhVP2P6VU4eSzEJAfg5pump","","","","","","","","","","","","","","","","","","","","","","","","","0.000002378","","","","","","2026-07-10T06:53:25.204Z",""
"robsummer","EX4he4dQMBKyUB6L15XEDAYLsgSKmjwDdyhEBFx3pump","56","1.500000001","","","","","","","","","","","","","","","","","0.000002435","","","","","","","2026-07-10T06:54:21.181Z","","","","","",""
"DoubleT","6HgG24CHCYCy4oo1HXSGqYqswvhLqWu94NjHZrsRpump","55","10.909090909","","","","","","","","","","","","","","","","","0.000002654","","","","","","","2026-07-10T06:54:22.173Z","","","","","",""
"Crying","Ex5jvAD2vMmHiMb365eThvcs4L6LrcVnCp4KTvtXpump","55","10.909090909","","","","","","","","","","","","","","","","","0.00000343","","","","","","","2026-07-10T06:54:23.180Z","","","","","",""
"CAT","ETifwmKPYrEi9FXSKd3RgvUuYfWwHkumzr8ENdGypump","55","10.909090909","","","","","","","","","","","","","","","","","0.000004198","","","","","","","2026-07-10T06:54:24.265Z","","","","","",""
"CAT","8w4cH1FBQJ1zyUaybL2jgXm6B6JSUpQijAXHg6svpump","","","","","","","","","","","","","","","","","","","","","","","","","4.41e-7","","","","","","2026-07-10T06:55:22.183Z",""
"ASSEMBLY","DjDTkzNQPQrSDYfhv7kiiZpUMyvistLr3zH2A7Dipump","55","10.909090909","","","","","","","0","0","0","960","","","","","","","0.000004558","0.000004558","","","","","","2026-07-10T06:55:23.187Z","2026-07-10T07:01:18.179Z","","","","",""
"GGC","J4MtXmRLTfA5TfzLbxyEDPzTAiqHNCSdPXyzXXcspump","55","10.909090909","","","","","","","0","0","0","960","","","","","","","0.000006967","0.000006967","","","","","","2026-07-10T06:55:24.182Z","2026-07-10T07:01:18.211Z","","","","",""
"ANSEM","58T8mus1tQemiGHxUTDoHKTNVChLuC7ibrDJFBSLpump","92","0.680000001","","","","","","","0","0","-4.6","960","","","","","","","0.000002314","0.00000235","","","","","","2026-07-10T06:55:25.170Z","2026-07-10T07:01:18.196Z","","","","",""
"RELAX","EFcnkeP9zsFvqTSAuLL7keHNi3Ui9t2uXyXKspZrpump","55","10.909090909","","","","","","","","","","","","","","","","","0.000002794","","","","","","","2026-07-10T06:56:21.257Z","","","","","",""
"pooɥ","Cq7pZStEbTA2xA8Lop3F3ZYa8MK2CtPLjw5UHvCMpump","58","3","","","","","","","","","","","","","","","","","0.000002572","","","","","","","2026-07-10T06:56:22.186Z","","","","","",""
"TURDS","DznnHfRngCPBeCvFRuFqJi3RC6r8qS9QsBbZEJpwpump","","","","","","","","","","","","","","","","","","","","","","","","","1.854e-7","","","","","","2026-07-10T06:56:23.200Z",""
"PFROG","HsMCiskANaskyRpcgVhixwU4TQV6ECT5gkbfSNcipump","","","","","","","","","","","","","","","","","","","","","","","","","5.945e-7","","","","","","2026-07-10T06:57:19.190Z",""
"GGC","8cSR1W3u7jLvJBNagfuSmZMjxASSH4DhsPAt5oAZpump","55","10.909090909","","","","","","","0","0","0","960","","","","","","","0.000005436","0.000005436","","","","","","2026-07-10T07:04:20.185Z","2026-07-10T07:07:18.305Z","","","","",""
"CAT","BjnTAtYoRYNHKxZRxxf6YXAM2s1g8bADzjh81TDApump","","","","","","","","","","","","","","","","","","","","","","","","","0.000002205","","","","","","2026-07-10T07:04:21.181Z",""
"DoubleT","4AyX7dMsPiT7pCgAWuatZ3zti3arpV4sCrDTpyHupump","55","10.909090909","","","","","","","0","0","0","960","","","","","","","0.000003068","0.000003068","","","","","","2026-07-10T07:06:20.292Z","2026-07-10T07:12:18.255Z","","","","",""
"Human","EpNjELHw4fowYpxFZhWLTUm4fj9cAuQng6kALKaKpump","56","3","","","","","","","","","","","","","","","","","0.000005591","","","","","","0.000002213","2026-07-10T07:06:21.161Z","","","","","2026-07-10T07:11:18.258Z",""
"CAT","AVLFs52GUv3VnS4UtDgSQzCmihPqB4Pm11JSDt4Lpump","","","","","","","","","","","","","","","","","","","","","","","","","0.000002095","","","","","","2026-07-10T07:07:21.190Z",""
"ToKeN","5nzeEn5UtMjekn3bQVTenZeasg6BydUVU4QbdK7opump","","","","","","","","","","","","","","","","","","","","","","","","","6.211e-7","","","","","","2026-07-10T07:07:22.188Z",""
"CAT","2kmdbn3vRxi25cqMFT5ngAvcrvzmiTRcUkqaRHDjpump","55","10.909090909","","","","","","","0","0","-0.5","960","","","","","","","0.000002662","0.000002662","","","","","","2026-07-10T07:07:23.177Z","2026-07-10T07:13:18.395Z","","","","",""
"KWH","61gp719BDRpqK8322qfTDkJvVwue5cLW4ThxLJoMpump","55","10.909090909","","","","","","","","","","","","","","","","","0.000002587","","","","","","0.000001276","2026-07-10T07:08:19.186Z","","","","","2026-07-10T07:10:18.307Z",""
"CAPTOLY","GGm4Lt2EtkTmsqY781gbvSJMdfpasJCWcwjieMJjpump","55","10.909090909","","","","","","","","","","","","","","","","","0.000003025","","","","","","","2026-07-10T07:09:20.222Z","","","","","",""
"ASSEMBLY","HN1fVMMAHLhtaHTadcX3jE3DA2AE66wF65oQfyuzpump","","","","","","","","","","","","","","","","","","","","","","","","","0.000001835","","","","","","2026-07-10T07:09:21.167Z",""
"GGC","Hvj39NibHSRjCc9GXLz2QvJiAtgyeiiGtdtWVRZQpump","55","10.909090909","","","","","","","","","","","","","","","","","0.000003583","","","","","","0.000001533","2026-07-10T07:10:19.178Z","","","","","2026-07-10T07:13:18.411Z",""
"Constantine","7KcPjPotY8yt4DcAP2GEHbo7nAMs3UcFD16bYaUKpump","80","6.872852234","","","","","","","","","","","","","","","","","0.000002336","","","","","","","2026-07-10T07:11:20.312Z","","","","","",""
"bruhfish","DbmhEN6TtyTq4LWBsbtE7dmmNM3skTXrgxhxofoVpump","79","5","","","","","","","","","","","","","","","","","0.000002226","","","","","","","2026-07-10T07:11:21.155Z","","","","","",""
"DOG","55mLaq5Ub8mfxzJsTzGya8FirNtw7fTeu5geCPbLpump","78","5.925925924","","","","","","","","","","","","","","","","","0.000002875","","","","","","","2026-07-10T07:12:20.192Z","","","","","",""
"spellbook","AiehYNm9gKt33v6dtjbpGGid1StdVW32Mjp2vrX7pump","56","1.48148148","","","","","","","","","","","","","","","","","0.000002461","","","","","","","2026-07-10T07:12:21.171Z","","","","","",""
"TUNGBANK","GtBLnhusm7tEWhx1QsG911rEs9gWWAQCuFz9QSBYpump","78","5.728395059","","","","","","","","","","","","","","","","","0.000006384","","","","","","","2026-07-10T07:13:19.230Z","","","","","",""
"Chance","4RAKJ7kLfg3WzXNHAWDMADuDuP1EBWvRxT8CqHRJpump","","","","","","","","","","","","","","","","","","","","","","","","","0.000002318","","","","","","2026-07-10T07:14:20.255Z",""
"ASSEMBLY","FkC8rx6CciGhSEZPCAW6NNdd5CCA7yfyfqvhWz3apump","55","10.909090909","","","","","","","","","","","","","","","","","0.00000414","","","","","","","2026-07-10T07:14:21.194Z","","","","","",""
"SEABULL","DyxhCj8SnAwDxFYqNPvvkyHgoSjtNYHEuXsTehXHpump","","","","","","","","","","","","","","","","","","","","","","","","","4.183e-7","","","","","","2026-07-10T07:15:22.167Z",""
"pooɥ","8mkZGcJrLfwDpKUZpwTW4g1JWtEwV76TNncBLT1Cpump","","","","","","","","","","","","","","","","","","","","","","","","","4.062e-7","","","","","","2026-07-10T07:15:23.334Z",""
"CAT","9qtAgZweFtB9EDMYLwCHdWsQKEqN3Sz9VFbtyMUYpump","71","3","","","","","","","79.8","180","-82","960","","","","","","","0.000006891","0.00001331","","","","","","2026-07-10T07:15:24.227Z","2026-07-10T07:22:18.377Z","","","","",""
"BANKR","6JCxz8zyjSPwoJb8QsK78VR7YStBydn3T8pzGFShpump","","","","","","","","","","","","","","","","","","","","","","","","","2.249e-7","","","","","","2026-07-10T07:15:25.153Z",""
"ket","CpAZFJyBefauScutydWGhuotW6RW1tm4r7q3j5fApump","","","","","","","","","","","","","","","","","","","","","","","","","4.019e-7","","","","","","2026-07-10T07:16:20.219Z",""
"BULLKING","761YwusxNPSxYW3ymNTeMpXbuaNGFT6Eo74rEiAUpump","57","1.616204808","","","","","","","","","","","","","","","","","0.000002549","","","","","","","2026-07-10T07:16:21.176Z","","","","","",""
"FEBLE5","7q8Jo5gPPFLfiKKLVMUQ4gspp7CWfcArW4BAqiXhpump","55","10.909090909","","","","","","","0","0","0","960","","","","","","","0.000002488","0.000002488","","","","","","2026-07-10T07:17:19.193Z","2026-07-10T07:24:18.298Z","","","","",""
"k","EE4THYasgufSNGaT8fbzwCkXFRgMXzDkEgRRLTLnpump","55","10.909090909","","","","","","","","","","","","","","","","","0.000003927","","","","","","","2026-07-10T07:18:19.190Z","","","","","",""
"CAT","43Nobz7vcN3kMpZ1xzRNwkzudb4AWXhUG3wKMXdapump","55","10.909090909","","","","","","","","","","","","","","","","","0.000002472","","","","","","","2026-07-10T07:19:20.139Z","","","","","",""
"CAT","AVzCXeWF45xVy93Qnm4new4gpQB28krJ8jduvbRNpump","55","10.909090909","","","","","","","","","","","","","","","","","0.00000281","","","","","","","2026-07-10T07:20:19.185Z","","","","","",""
"cuck","8HgqkzrCx3YLTi4obaYUcNNmiXxy1teppT1GN7RCpump","61","2","","","","","","","","","","","","","","","","","0.000004859","","","","","","","2026-07-10T07:21:19.185Z","","","","","",""
"k","2EKLWfAQ1DXxg3NWfmjBvu99ZJroGe7Dv4F7ptVrpump","55","10.909090909","","","","","","","","","","","","","","","","","0.000002721","","","","","","","2026-07-10T07:22:19.227Z","","","","","",""
"Chance","2JfY431GdTKuyZgGeTqr8fSNMxaeDWoStfXFSnrHpump","","","","","","","","","","","","","","","","","","","","","","","","","4.217e-7","","","","","","2026-07-10T07:23:19.168Z",""
"CAPTOLY","AtMd3wbacshCs9iGFxDeAkUnkpGTJAzz1HkSNUvCpump","55","10.909090909","","","","","","","","","","","","","","","","","0.000004424","","","","","","","2026-07-10T07:24:20.148Z","","","","","",""
"BD","4yFetB4daUP3ZjM2hRSmh2vifniyiYrGvA5igWWdpump","60","1.925925924","","","","","","","","","","","","","","","","","0.000002209","","","","","","","2026-07-10T07:24:21.164Z","","","","","",""
"ASSEMBLY","EdaVtRu5Pw8bYbn3pfUTBLGkaXjhNrEn13uv268Qpump","55","10.909090909","","","","","","","","","","","","","","","","","0.000004058","","","","","","","2026-07-10T07:25:20.190Z","","","","","",""
"RELAX","6Eet2g2kQjcZZoQgme6iAkP6z3ivpszuG9tS7tLCpump","","","","","","","","","","","","","","","","","","","","","","","","","3.544e-7","","","","","","2026-07-10T07:25:21.159Z",""
"PURE","NMdYsrU4qhCNbZEH5vYVjcSdXdcYiPXxE5zaK4Fpump","89","0.200000001","","","","","","","","","","","","","","","","","0.00001591","","","","","","","2026-07-10T07:26:23.286Z","","","","","",""
"k","Gy6VxYFDDu7kTpHdPFJrgQNkWXYg2EbmPWQZ5fSBpump","55","10.909090909","","","","","","","","","","","","","","","","","0.000004338","","","","","","","2026-07-10T07:26:24.206Z","","","","","",""
"ASSEMBLY","A6jNU4PAgfyhn11wU5TFMtZMuuh6bH7H1Vr2zQLBpump","55","10.909090909","","","","","","","","","","","","","","","","","0.000003826","","","","","","","2026-07-10T07:26:25.244Z","","","","","",""
"pooɥ","HL4vwyx6YBtXUUvPMpjnkKjXEc2LEgRibk6kfUn3pump","55","10.909090909","","","","","","","","","","","","","","","","","0.000004282","","","","","","","2026-07-10T07:27:22.180Z","","","","","",""
"pooɥ","BdUrFs9YjnQjTAj1eFQfki7DhzEHvw8uTQzSNLuhpump","","","","","","","","","","","","","","","","","","","","","","","","","0.00000178","","","","","","2026-07-10T07:27:23.177Z",""
"PURE","G8d1ncoPq9HeTTsWVE6HAWR2rsJWUDKSh8nwyK7dpump","81","0.120000001","","","","","","","","","","","","","","","","","0.000001509","","","","","","","2026-07-10T07:29:19.224Z","","","","","",""
"CAT","BL5h4QvP4dCgXPrCxXhv6kAhCSP6i13r27V6EVBopump","","","","","","","","","","","","","","","","","","","","","","","","","3.187e-7","","","","","","2026-07-10T07:30:22.215Z",""
"k","C8sboH5AqyunjM8CL8UUHvm9eTf7dVAgQrwiLqzcpump","55","10.909090909","","","","","","","","","","","","","","","","","0.000002873","","","","","","","2026-07-10T07:30:23.203Z","","","","","",""
"0+","Aw1KhDmRTnALg7xxUAGQHRStsoFgoVyyujkjvAQopump","85","9.876543208","","","","","","","","","","","","","","","","","0.000004294","","","","","","","2026-07-10T07:30:24.161Z","","","","","",""
"DoubleT","8ZFgTX7wMtRsozf5LTTiN78sCn3Z4Y8xbDBEen2dpump","","","","","","","","","","","","","","","","","","","","","","","","","0.000002289","","","","","","2026-07-10T07:30:25.166Z",""
"CAT","8GJSvT74XHfK2rZqsQkyyoLgF1Hb96raAufEeVyzpump","","","","","","","","","","","","","","","","","","","","","","","","","3.297e-7","","","","","","2026-07-10T07:31:21.200Z",""
"kitler","2wy2A7pBrkbp9dvX8MqEHQAPDX8Pf3SkG1WPxuKipump","61","2","","","","","","","","","","","","","","","","","0.000004376","","","","","","0.000002265","2026-07-10T07:31:22.162Z","","","","","2026-07-10T07:35:18.196Z",""
"CAT","CrLPxfy3moALvPyKBa8fs6mqRna91x9NTTGipJgjpump","","","","","","","","","","","","","","","","","","","","","","","","","0.000001951","","","","","","2026-07-10T07:31:23.197Z",""
"CAT","9m4oQAm2fkp8bSqVT4SdsnX1sZ8uuNkxJb4bRhWWpump","","","","","","","","","","","","","","","","","","","","","","","","","2.193e-7","","","","","","2026-07-10T07:32:19.166Z",""
"IQ","8y8K7tR7G2WgYydqCyVfsNpHQ2pJ4B3e8ANXCtf5pump","87","11.85185185","","","","","","","","","","","","","","","","","0.0000241","","","","","","","2026-07-10T07:33:23.202Z","","","","","",""
"RELAX","3dHAVAhQC8LFeXEtNDTuPtSr2aPqanEr3mTsD1kgpump","55","10.909090909","","","","","","","","","","","","","","","","","0.000003398","","","","","","","2026-07-10T07:33:24.151Z","","","","","",""
"TWL","9aB5sot4kVafJvFJ4czWw8tJu7gj9GWVett7P1pApump","83","8.098765431","","","","","","","","","","","","","","","","","0.000003561","","","","","","","2026-07-10T07:33:25.223Z","","","","","",""
"Maxi","Ah5oyNpzAwJ92MihU4gDQJK4kVrWbz9GC72gVgmhpump","66","2.765432097","","","","","","","","","","","","","","","","","0.000002215","","","","","","","2026-07-10T07:33:26.155Z","","","","","",""
"DoubleT","6xpAdFY3hHMk269ZamsF9qmtTQNPWb3ZttcpjTHXpump","","","","","","","","","","","","","","","","","","","","","","","","","2.691e-7","","","","","","2026-07-10T07:34:22.216Z",""
"CAT","DL87spGdraUhbP7853WG8sg7HNob5f91zHyj86Nnpump","","","","","","","","","","","","","","","","","","","","","","","","","0.000002278","","","","","","2026-07-10T07:34:23.170Z",""
"PURE","HdvBMN1tNB8g1AQWmgm3UaojFuPZZiUeku2RLqT7pump","71","0.150000001","","","","","","","","","","","","","","","","","0.000006756","","","","","","","2026-07-10T07:34:24.229Z","","","","","",""
"CAPTOLY","AdZ8HhvVqTFmEKeJpG5CkyU4b8nqYrPzhoavTNaRpump","55","10.909090909","","","","","","","","","","","","","","","","","0.000002908","","","","","","","2026-07-10T07:34:25.254Z","","","","","",""
"PURE","6BExGncLRpzyYqTbSS7sFbG35dU1Xje5GnqfoFo3pump","75","0.100000001","","","","","","","","","","","","","","","","","0.00002648","","","","","","","2026-07-10T07:35:20.171Z","","","","","",""
"ket","AtakaAC2P5pBsgfhD7VwGSXsnuWNp7fsyKHRpo2Wpump","","","","","","","","","","","","","","","","","","","","","","","","","4.715e-7","","","","","","2026-07-10T07:35:21.163Z",""
"k","HVkV4M1q18Ymk31mRmwBZG7cVC6UYLbcu5yzbuwjpump","","","","","","","","","","","","","","","","","","","","","","","","","0.000001771","","","","","","2026-07-10T07:36:22.164Z",""
"PURE","DJGk9FTZzuGEhbg2Djm5o3DWsFxszwv7FYPx7oHdpump","","","","","","","","","","","","","","","","","","","","","","","","","3.124e-7","","","","","","2026-07-10T07:36:23.157Z",""
"CAT","FEeed1bU6L9AzW6jTdZhL26N5KxEVN7doAbqUHE7pump","","","","","","","","","","","","","","","","","","","","","","","","","5.406e-7","","","","","","2026-07-10T07:36:24.281Z",""
"hoodie","5KLhquQAJqm9jpGztK2MEhDXioNFcLTTVex4dPHppump","","","","","","","","","","","","","","","","","","","","","","","","","5.726e-7","","","","","","2026-07-10T07:36:25.214Z",""
"cofebu","GVe29hqPa116Av8ihfkKdh86VLrcNyBYVD9wP478pump","75","4.839506171","","","","","","","","","","","","","","","","","0.000004027","","","","","","","2026-07-10T07:37:21.170Z","","","","","",""
"iShuesped","A4hQqjPkQAv1Sq5wHMiwcLQ1LASB4Ghc92RmXJAjpump","61","2","","","","","","","","","","","","","","","","","0.000002248","","","","","","","2026-07-10T07:37:22.174Z","","","","","",""
"ket","9npLgMHCbSbzATkkWzFwMsAK7VMqgToyETvN2Aodpump","","","","","","","","","","","","","","","","","","","","","","","","","0.000002244","","","","","","2026-07-10T07:37:23.182Z",""
"CAT","976ABzTKXXqaoVwqx2Lka2JJvfrgiTwCoAHnHZFSpump","","","","","","","","","","","","","","","","","","","","","","","","","2.076e-7","","","","","","2026-07-10T07:38:21.270Z",""
"ASSEMBLY","BqjLhqmi7ZoLSvkUax3QUDF8HRxVik3rSavZfUGKpump","","","","","","","","","","","","","","","","","","","","","","","","","0.000002412","","","","","","2026-07-10T07:38:22.168Z",""
"Chance","FfBgpbp5z9LSTn7226iSpDVAEzHZjMt1JP3wcm8Rpump","","","","","","","","","","","","","","","","","","","","","","","","","0.000002371","","","","","","2026-07-10T07:38:23.166Z",""
"CAT","4Rd28f4UpxohftaZukKuvPEUFsHbb1J3yE94FtF5pump","55","10.909090909","","","","","","","","","","","","","","","","","0.000003276","","","","","","","2026-07-10T07:39:22.254Z","","","","","",""
"Mario","2KHUp7dCStHUEzdYk8htuR97yd3ERUkfUpJ2AuEnpump","85","10.000000001","","","","","","","","","","","","","","","","","0.000007692","","","","","","","2026-07-10T07:39:23.345Z","","","","","",""
"CAT","6cqhaaVDoVkETxNthRo7S94jWkTbnEonqwF7x4Evpump","","","","","","","","","","","","","","","","","","","","","","","","","0.000002448","","","","","","2026-07-10T07:39:24.250Z",""
"ASSEMBLY","D3tuMwmvKpGL4bwpQ2Puv8RjEpcm9VRebwHkRGzapump","","","","","","","","","","","","","","","","","","","","","","","","","0.000002376","","","","","","2026-07-10T07:39:25.268Z",""
"ANSEMDROP","Eaf7NjReDAYFSXz7chxiU4xfPvJVuJLwWaynXk8zpump","","","","","","","","","","","","","","","","","","","","","","","","","0.000002313","","","","","","2026-07-10T07:40:22.169Z",""
"ASSEMBLY","5zfgPsuCjaADTvG3qCb5Q5i8nuXAMf1mrYhKwykypump","","","","","","","","","","","","","","","","","","","","","","","","","0.000002309","","","","","","2026-07-10T07:40:23.147Z",""
"pooɥ","E8S6m2ojg6TrCDj8Bx9sJPn4ZW4dedeApsHTU6n1pump","55","10.909090909","","","","","","","","","","","","","","","","","0.000002574","","","","","","","2026-07-10T07:40:24.159Z","","","","","",""
"Lunce","G6ecsJm3hzjokaLpc2u1maXBs6LdcxYisu6t5daRpump","56","2","","","","","","","","","","","","","","","","","0.000002265","","","","","","","2026-07-10T07:40:25.169Z","","","","","",""
"k","7QDA7sHf9TeZKAgDzhwKWTSAYTEZJtwZ7KCaAQiLpump","55","10.909090909","","","","","","","","","","","","","","","","","0.000003705","","","","","","","2026-07-10T07:41:22.354Z","","","","","",""
"RELAX","EKqxDJjzD8U1D3pFP8UgasXNdofrykxhC6MRLVXmpump","","","","","","","","","","","","","","","","","","","","","","","","","2.692e-7","","","","","","2026-07-10T07:41:23.275Z",""
"PURE","2EsWnJiWx66NuacsL9VdMSQQ3ZDgrtqwPsUVdLxVpump","","","","","","","","","","","","","","","","","","","","","","","","","2.684e-7","","","","","","2026-07-10T07:41:24.165Z",""
"bopdog","43KaiCnNherKwUuD59tqbyeMRkCY9MaGXvBy53o2pump","61","2","","","","","","","","","","","","","","","","","0.000004291","","","","","","","2026-07-10T07:41:25.193Z","","","","","",""
"RELAX","DnWyvENK2CdiXZd1mdXwGSuariKnvNVdZYYRWN7Epump","55","10.909090909","","","","","","","","","","","","","","","","","0.000007943","","","","","","","2026-07-10T07:42:22.165Z","","","","","",""
"RELAX","2RyqnZfJGzusJEGbWgwnwH2cyE7BaA5RaWsReUJcpump","55","10.909090909","","","","","","","","","","","","","","","","","0.000003238","","","","","","","2026-07-10T07:42:23.218Z","","","","","",""
"PURE","8WjqnKnrzcBmBY4vVbu3ugDAMfPsr36VgSph8THGpump","90","0.500000001","","","","","","","","","","","","","","","","","0.000002476","","","","","","","2026-07-10T07:42:24.179Z","","","","","",""
"PURE","CyaHxmA21J8Rt5bkV4v9yVPtNEuxvmakcBmz8amppump","","","","","","","","","","","","","","","","","","","","","","","","","2.727e-7","","","","","","2026-07-10T07:42:25.162Z",""
"BO2","G3rwpQizDumE4Kei55ga5WJfnxZMm9Gwm9z7eUfnpump","73","7.901234566","","","","","","","","","","","","","","","","","0.000002215","","","","","","","2026-07-10T07:44:20.155Z","","","","","",""
"ELDERWAKE","AucSnzi3fsHJP4VWb6vDs2bA1YRQe1NVoC5Eoh8apump","58","1.729023673","","","","","","","44","784","0","904","","","","","","","0.000002465","0.000002476","","","","","","2026-07-10T07:44:21.185Z","2026-07-10T07:49:08.507Z","","","","",""
"ROBIN","56YyQca7cUR41RRUuFAA4Bdd9QU9ZFSwpGvM6sgmpump","81","7.000000001","","","","","","","17.5","876","0","906","","","","","","","0.000003438","0.000003404","","","","","","2026-07-10T07:46:21.159Z","2026-07-10T07:48:26.622Z","","","","",""
"hoodie","CWp3aQ5WYVAyvsHsg9wcY8VNj7r5BgMn9nKuKWS3pump","","","","","","","","","","","","","","","","","","","","","","","","","8.833e-8","","","","","","2026-07-10T07:46:22.142Z",""
"ZRP","EmSZrEzJ53Lv3QwuVnYfBz43hcZzHqtavzmdsypPpump","56","1.46627566","","","","","","","0","0","0","904","","","","","","","0.000002204","0.000002204","","","","","","2026-07-10T07:46:23.321Z","2026-07-10T07:47:38.543Z","","","","",""
"BO2","Rvc5wERCHDyrexJcubaCzdjH6ghSLMXkWCTsrUspump","63","4.938271603","","","","","","","","","","","","","","","","","0.000002202","","","","","","","2026-07-10T07:47:20.431Z","","","","","",""
"bruh","5xn8hGsu9SxehMh19nJ7hTLD7JBtsXj6NuphGasgpump","61","1.97530864","","143.924","","","","","0","0","0","902","0","","","","","","0.000002202","0.000002202","","","0.000002202","","","2026-07-10T07:48:56.931Z","2026-07-10T07:48:20.586Z","","","2026-07-10T07:50:44.510Z","",""
"GROK","5M756kWWA8yjpSnvDMhWtbmjgYyTHLXpZymHX922pump","92","7.901234566","","329.923","","","","","41.2","266","-41.1","906","11.71303074670571","","","","","","0.00001156","0.00001366","","","0.00001526","","0.00001045","2026-07-10T07:49:21.321Z","2026-07-10T07:50:26.589Z","","","2026-07-10T07:55:56.512Z","2026-07-10T07:57:50.728Z",""
"CWH","DXy8MBtok1xPSswTYByhXWVnBbuDbSa6XoGbDJmUpump","55","2.962962961","","","","","","","0.8","10","0","910","","","","","","","0.000002683","0.000002663","","","","","","2026-07-10T07:50:14.524Z","2026-07-10T07:50:02.530Z","","","","",""
"PUMP","Bm55XZ7wsWwqp19DGUapejgjVT672WVSgT6Z3QBypump","","","","","","","","","","","","","","","","","","","","","","","","","3.145e-7","","","","","","2026-07-10T07:50:03.320Z",""
"AURUM","Eu5mXTLnBg17RXWVpQcfMCK2gmVxbktPzbBBMkJrpump","","","","","","","","","","","","","","","","","","","","","","","","","6.619e-7","","","","","","2026-07-10T07:51:27.354Z",""
"Root","EWWtHMZms11noQketa9ja9FpBPyxgUeaC7oc7Z2ppump","57","1.560493826","","329.967","","","","","9.8","824","-19","904","-1.5334947538337327","","","","","","0.000002469","0.000002478","","","0.00000244","","","2026-07-10T07:51:39.417Z","2026-07-10T07:52:38.563Z","","","2026-07-10T07:58:08.530Z","",""
"CBOSS","Fri9mbYoZ7KK1J24HK3R4W8ano4avhGQgBcd4uUSpump","60","1.900000001","","","","","","","81.4","548","-3.3","908","","","","","","","0.000002801","0.000003745","","","","","","2026-07-10T07:52:09.325Z","2026-07-10T07:53:14.523Z","","","","",""
"PURE","HCLLEG71JjF5ieczAH1igxLAcVFJNEzDZotTk3cUpump","","","","","","","","","","","","","","","","","","","","","","","","","1.421e-7","","","","","","2026-07-10T07:56:57.744Z",""
"ZILLA","ANkgkXupNwiVRyeUocuisoLB82GHmAWoyXwY32iipump","70","3","","84.183","","","","","8.6","66","-75.8","796","-38.9574062301335","","","","","","0.00001319","0.00001573","","","0.000009602","","","2026-07-10T07:56:58.168Z","2026-07-10T07:57:56.563Z","","","2026-07-10T07:59:20.746Z","",""
"PURE","HkFkEZhmVTGoMN4vLRnVwa2BasSDEWuudcV3JMWtpump","","","","","","","","","","","","","","","","","","","","","","","","","8.921e-7","","","","","","2026-07-10T07:57:51.386Z",""
"KISHU ","7zHiJiqGrDViPDwAhmX6VNNAB6aD45V1k7kCF7ftpump","64","0.68148148","","84.147","","","","","24.9","358","-89.7","698","-32.03125","","","","","","0.000002304","0.000002304","","","0.000001566","","","2026-07-10T07:58:45.401Z","2026-07-10T07:59:44.576Z","","","2026-07-10T08:01:08.723Z","",""
"ZILLA","HugfYv6LpikkbijrKT7tCqtZJrHYULWbFHXHBoUgpump","77","5","","","","","","","","","","","","","","","","","0.000002397","","","","","","","2026-07-10T07:59:03.476Z","","","","","",""
"$ZILLA","w8QEk4xvZkFoN1CdDoNz7RgkYVs3EdZJpzVJLzYpump","76","5","","275.754","","","","","0","0","-1.9","920","-1.5117830146731888","","","","","","0.000002249","0.000002249","","","0.000002215","","","2026-07-10T07:59:27.404Z","2026-07-10T08:00:32.763Z","","","2026-07-10T08:05:08.517Z","",""
"COK","8LkD6JvGgcFLSVHaaTFtnT5iELKKmYMMSDuHXC6Epump","61","1.97530864","","","","","","","","","","","","","","","","","0.000002295","","","","","","","2026-07-10T07:59:39.336Z","","","","","",""
"Jamey","FtxMtQmupaXuMX14EA8esBp13qWF4xfgij2BG6U3pump","89","14.814814813","","24.214","","","","","124.2","854","-2.5","904","-22.006420545746376","","","","","","0.00001242","0.00001246","","","0.000009718","","","2026-07-10T08:00:09.380Z","2026-07-10T08:01:08.526Z","","","2026-07-10T08:01:32.740Z","",""
"Stats23","FqD4CzhzJd74ArAQch5jCRNZs3m961d4uqfmnkkipump","57","2.000000001","","","","","","","","","","","","","","","","","0.00001135","","","","","","0.00000143","2026-07-10T08:00:21.320Z","","","","","2026-07-10T08:03:02.763Z",""
"ToKeN","8V9HsuPW4U3EcF6GVveNhkU3fgBBjScyBLvScZfjpump","","","","","","","","","","","","","","","","","","","","","","","","","5.812e-7","","","","","","2026-07-10T08:02:15.311Z",""
"PURE","4DH6ZNnmErmhWASPr7qwpJZ6Efs1578YcCJqg182pump","","","","","","","","","","","","","","","","","","","","","","","","","2.572e-8","","","","","","2026-07-10T08:02:51.332Z",""
"cofebu","Gfsui7R9pV3K67aGG9qkLexup7tAP62x8pyFJqSJpump","55","10.909090909","","","","","","","0","0","0","920","","","","","","","0.000004332","0.000004332","","","","","","2026-07-10T08:03:27.383Z","2026-07-10T08:04:32.520Z","","","","",""
"PURE","6WcGNLoRKo8wyTotv7xfi8SwTUkSCqqP4fPq3fXhpump","","","","","","","","","","","","","","","","","","","","","","","","","0.00000131","","","","","","2026-07-10T08:03:39.360Z",""
"PURE","GLZgrZ5HYMeP7C95b8mUaRS8SN6Dn4mm9ZyTGY35pump","75","0.200000001","","","","","","","0","0","0","920","","","","","","","0.00001489","0.00001489","","","","","","2026-07-10T08:04:57.397Z","2026-07-10T08:06:02.564Z","","","","",""
"BULLCAT","EqRZ4mwU3vjrxn5LCQWDhi9YHP7Kkrv6pqrMvBZipump","68","3.073100603","","","","","","","","","","","","","","","","","0.000002238","","","","","","","2026-07-10T08:05:03.385Z","","","","","",""
"BULLTRUMP","WESTXMcYsyMbi9MK3EBgfbkwAL5UaNZt2dWV9mipump","64","2.500000001","","114.016","","","","","0.8","682","0","902","0","","","","","","0.000002705","0.000002634","","","0.000002634","","","2026-07-10T08:05:57.730Z","2026-07-10T08:09:20.698Z","","","2026-07-10T08:11:14.714Z","",""
"TUNGBANK","DGshjioAgc93qHji7w3HeD3ThoNSMp91SXpwoF7gpump","55","10.909090909","","161.739","","","","","0.1","390","0","920","0","","","","","","0.000003592","0.000003591","","","0.000003591","","","2026-07-10T08:05:58.429Z","2026-07-10T08:08:02.763Z","","","2026-07-10T08:10:44.502Z","",""
"Chance","3Qk65RqFTfcDpWL82FMm1V85Cst2NfafdT1XNUpipump","","","","","","","","","","","","","","","","","","","","","","","","","0.000002432","","","","","","2026-07-10T08:07:15.352Z",""
"BULLCAT","2Uca5zkngB62NMQwfPR4kWNyUr81WZTZLBcTjnPfpump","68","3.073100603","","","","","","","0","0","0","912","","","","","","","0.000002212","0.000002212","","","","","","2026-07-10T08:07:21.334Z","2026-07-10T08:08:20.595Z","","","","",""
"CAT","AceoUmhFEHRTFEXF3YdRSTRQ78JUZR5vVRGEwag1pump","","","","","","","","","","","","","","","","","","","","","","","","","3.973e-7","","","","","","2026-07-10T08:07:27.361Z",""
"SUMMER","DibbSAoxD41ETQki7MQvWXrVkNoZC6iACYoJ7nBHpump","61","2","","174.026","","","","","0","0","-14.9","908","-3.2009255688391782","","","","","","0.000002593","0.000002593","","","0.00000251","","","2026-07-10T08:07:39.474Z","2026-07-10T08:08:44.594Z","","","2026-07-10T08:11:38.620Z","",""
"CAT","Cn9ksBixC24jy2z2oUXyHKts1Pms2gTzq1aWGY6Spump","55","10.909090909","","","","","","","0","0","0","912","","","","","","","0.000002926","0.000002926","","","","","","2026-07-10T08:07:51.341Z","2026-07-10T08:08:50.578Z","","","","",""
"ZILLA","DAmbSCbET1qv2M42bpcsm56MiPLdb2hN4Pw3X4cDpump","55","10.909090909","","","","","","","0","0","0","910","","","","","","","0.000002553","0.000002553","","","","","0.000002553","2026-07-10T08:08:03.376Z","2026-07-10T08:09:02.573Z","","","","2026-07-10T08:11:56.521Z",""
"CAT","2NMDghcsJJd4fbYZ3PWjuhUJePJsQb8sjC1crUM9pump","","","","","","","","","","","","","","","","","","","","","","","","","0.000002443","","","","","","2026-07-10T08:08:15.402Z",""
"PURE","CCpk4eJTP1kJvhscw1yMSELec2v5R6EaGVunesdrpump","","","","","","","","","","","","","","","","","","","","","","","","","6.446e-7","","","","","","2026-07-10T08:08:27.804Z",""
"IQ","CaHYdZHyVoCJDLuX6MYpmJAcWnXHGhsHsxf8rBcVpump","","","","","","","","","","","","","","","","","","","","","","","","","3.167e-7","","","","","","2026-07-10T08:08:28.152Z",""
"Unbroken","4A4fK4KWbLq4kpxq65rrB9NCa6P5fqgq6fhyGWmNpump","75","4.938271603","","","","","","","","","","","","","","","","","0.00000222","","","","","","","2026-07-10T08:09:15.446Z","","","","","",""
"pooɥ","HGQ2VURMPgD4Pp8JeWqc6ZPtNvayqYxnqXDim7nXpump","","","","","","","","","","","","","","","","","","","","","","","","","0.00000193","","","","","","2026-07-10T08:09:39.303Z",""
"ZILLA","XjHLQbuVwCU5ZXDiLCHftsqRcKFSQ2xESJtgvWcpump","","","","","","","","","","","","","","","","","","","","","","","","","0.000002232","","","","","","2026-07-10T08:09:51.380Z",""
"pooɥ","5qW6gMdPnigRXmpwPi3qnUH3J8a3xfziSz4DHj3upump","","","","","","","","","","","","","","","","","","","","","","","","","0.000002297","","","","","","2026-07-10T08:10:03.297Z",""
"ZILLA","3Ki6P8keYXkM3b6VZW4hLH2ALmRwGuSdyfavJpSJpump","","","","","","","","","","","","","","","","","","","","","","","","","5.464e-7","","","","","","2026-07-10T08:10:15.291Z",""
"RVMSM736","GLjjk5cbxuQyjonsj81wafRNsxyyEgGMUyrG8L57pump","","","","","","","","","","","","","","","","","","","","","","","","","0.000001226","","","","","","2026-07-10T08:10:21.358Z",""
"PURE","8DvEab9mr7GmnbpALPX6bS61DFmMnHeeCko3SHVfpump","","","","","","","","","","","","","","","","","","","","","","","","","1.451e-7","","","","","","2026-07-10T08:10:27.334Z",""
"TUNGBANK","GkSbApRm1M9eBTcpakZYanpNBfBfjjhogx3JKoUtpump","","","","","","","","","","","","","","","","","","","","","","","","","0.000002126","","","","","","2026-07-10T08:10:45.327Z",""
"TUNGBANK","JHx41xnPZYqDhnXFMgi3atpcsmyGXBZswYdKALHpump","55","10.909090909","","","","","","","0","0","0","902","","","","","","","0.000005477","0.000005477","","","","","","2026-07-10T08:10:51.400Z","2026-07-10T08:11:50.527Z","","","","",""
"PURE","9PKWkcHS2WweHiA3yZwU4BaHYRK4tkw414rtyAmepump","","","","","","","","","","","","","","","","","","","","","","","","","2.006e-7","","","","","","2026-07-10T08:11:27.334Z",""
"CHILLCAT","2foEvCoNAE9mBNsoKD6TaqMVyHD5RRb3sF7XSoaupump","57","5","","","","","","","","","","","","","","","","","0.000004077","","","","","","0.00000224","2026-07-10T08:12:03.762Z","","","","","2026-07-10T08:15:56.697Z",""
"nightfcoin","7YNAXy8TXxt6x2rRFmvKmHQDB2Fp18iqPJjiQzUopump","75","4.875406284","","","","","","","","","","","","","","","","","0.000002276","","","","","","","2026-07-10T08:12:04.165Z","","","","","",""
"CAT","7FoUFyuXQvLr9aMWBKXB3bm9SYR7yr5niTdkLHjJpump","","","","","","","","","","","","","","","","","","","","","","","","","4.312e-7","","","","","","2026-07-10T08:12:09.549Z",""
"ANSEM","EN1ioQ1PaeEFuLh9i6BfSiPm5jdP7kfmPjVBHzT1pump","","","","","","","","","","","","","","","","","","","","","","","","","2.732e-7","","","","","","2026-07-10T08:12:27.354Z",""
"CAT","7bquZcoLp2peiC6mvYFFudxhUPEjCnj89MzYN7cBpump","55","10.909090909","","","","","","","0.2","190","0","930","","","","","","","0.000003924","0.000003923","","","","","","2026-07-10T08:12:33.346Z","2026-07-10T08:14:32.766Z","","","","",""
"IQ","7dNs682ALjEzgF2aPEVrPL8LCG6tRpXLRhsKEWMJpump","","","","","","","","","","","","","","","","","","","","","","","","","4.414e-7","","","","","","2026-07-10T08:12:45.352Z",""
"bath","G9kAjcUabpwEiKQ72Ziga75nBV987M8kAsDWTR6Dpump","80","6","","","","","","","","","","","","","","","","","0.000002257","","","","","","","2026-07-10T08:13:15.839Z","","","","","",""
"ASSEMBLY","BevXmpXN7t4jKV9Q5fVd8STTyHej8ymj32Q1skVFpump","55","10.909090909","","","","","","","","","","","","","","","","","0.000003063","","","","","","0.000003063","2026-07-10T08:13:16.234Z","","","","","2026-07-10T08:17:02.713Z",""
"Jamey","J1e95Q8pfCAHAL35RnocxgtAXT4RcQSG7No9SaGRpump","","","","","","","","","","","","","","","","","","","","","","","","","3.025e-7","","","","","","2026-07-10T08:13:27.331Z",""
"ASSEMBLY","oNU9cR5JmqtphkgFE1daGZw4tiDQRsEQWW6U2Wvpump","","","","","","","","","","","","","","","","","","","","","","","","","4.168e-7","","","","","","2026-07-10T08:14:21.374Z",""
"42069","5tYrvYD8J6VPywosDS1thrDCUyD3frtMpFpZd4oApump","66","0.088000001","","","","","","","","","","","","","","","","","0.000002284","","","","","","8.834e-7","2026-07-10T08:14:33.311Z","","","","","2026-07-10T08:15:14.679Z",""
"ket","3SjjFRvS62RHq3Qjo2cR77Motnpj9n4gy4FP1MQjpump","","","","","","","","","","","","","","","","","","","","","","","","","4.6e-7","","","","","","2026-07-10T08:14:45.366Z",""
"Jamey","7Agfjmff82WMxyHGuGpwDiiDX6U8DC4A4g33XV3Epump","55","10.909090909","","","","","","","","","","","","","","","","","0.000002888","","","","","","","2026-07-10T08:15:27.392Z","","","","","",""
"PURE","FoHMMHuhGhnwtFTrGfriEpF8TjXkRBrnjzkreS3cpump","","","","","","","","","","","","","","","","","","","","","","","","","0.000001228","","","","","","2026-07-10T08:15:39.356Z",""
"CAT","2ZpWtgEzn3wXASmarGxjJrSeZHtwbgUx1Jxm2yZQpump","","","","","","","","","","","","","","","","","","","","","","","","","1.679e-7","","","","","","2026-07-10T08:15:45.368Z",""
"💢","DwgwigGd3zNjPUup3A8qPhTprKfrSW2kFqxidjcpump","57","5","","","","","","","","","","","","","","","","","0.00000221","","","","","","","2026-07-10T08:15:51.487Z","","","","","",""
"PURE","8Jue5YT8Vg3cTaAcrhpnEZ6ZUZAaGNcMzQEV2jsjpump","","","","","","","","","","","","","","","","","","","","","","","","","5.468e-7","","","","","","2026-07-10T08:16:33.731Z",""
"RELAX","Dj72Rry436CxXtkSjqqCudv5w2n87E3H8Cn4o8Yupump","","","","","","","","","","","","","","","","","","","","","","","","","0.000002066","","","","","","2026-07-10T08:16:34.252Z",""
"ASSEMBLY","CMjpuz5DS85RTCVvvTZeukC2A4hJrQ682MjfJkfrpump","55","10.909090909","","","","","","","0","0","0","908","","","","","","","0.000002706","0.000002706","","","","","0.000002706","2026-07-10T08:16:39.443Z","2026-07-10T08:17:44.517Z","","","","2026-07-10T08:20:32.753Z",""
"CAT","GTu1LUF1sPpEzjGgpGcQrBzJcfUqyTCtLE6ZmtHKpump","","","","","","","","","","","","","","","","","","","","","","","","","0.000002296","","","","","","2026-07-10T08:16:57.387Z",""
"IQ","5ZHwURSHExDy5chzPNgv331ELJXsnByJjRwRqGKwpump","","","","","","","","","","","","","","","","","","","","","","","","","0.000001873","","","","","","2026-07-10T08:17:03.332Z",""
"ket","2bWa6rH4b71Dw28RdUQG9tif596TLi8oPt35cParpump","55","10.909090909","","","","","","","0","0","0","912","","","","","","","0.000003409","0.000003409","","","","","","2026-07-10T08:17:21.316Z","2026-07-10T08:18:20.513Z","","","","",""
"TUNGBANK","t3KZNUizBKj4anNoT78vCnvYoAgbzhX61GTjKSmpump","55","10.909090909","","","","","","","0","0","0","928","","","","","","","0.000003655","0.000003655","","","","","","2026-07-10T08:17:39.781Z","2026-07-10T08:18:44.604Z","","","","",""
"Poopcoin","4DgbWLCXrWBshamX8zswRiymD6mESrfKxQK97tVLpump","63","2.962962961","","","","","","","","","","","","","","","","","0.000005151","","","","","","0.000002222","2026-07-10T08:17:40.179Z","","","","","2026-07-10T08:21:38.740Z",""
"cofebu","CqRRrr6Ji88JEXMRL4yXF6YTt3ptyYST5yGPaqRCpump","55","10.909090909","","","","","","","","","","","","","","","","","0.000002613","","","","","","0.000002613","2026-07-10T08:17:57.369Z","","","","","2026-07-10T08:21:38.695Z",""
"ASSEMBLY","Gk6x5xX16HeUGEWut4cKGte3GaoLKawYqfGpK1xCpump","","","","","","","","","","","","","","","","","","","","","","","","","0.000002044","","","","","","2026-07-10T08:18:09.383Z",""
"ASSEMBLY","GMAW9FBsjikBwXeLs8hB3U3UhoLnkZUzZiFegm5Jpump","55","10.909090909","","","","","","","0","0","0","912","","","","","","","0.000004296","0.000004296","","","","","","2026-07-10T08:18:51.401Z","2026-07-10T08:19:50.543Z","","","","",""
"Jamey","Fu4D87YhZrgjs6KJsapwga8xYTTRLRWkPineZyvxpump","","","","","","","","","","","","","","","","","","","","","","","","","2.883e-7","","","","","","2026-07-10T08:19:09.397Z",""
"CAT","F9JdrSQpDVt3gtM2cWNXNnkRA5dSpfbtPwaPxTcpump","","","","","","","","","","","","","","","","","","","","","","","","","0.000001555","","","","","","2026-07-10T08:19:45.339Z",""
"ToKeN","HtovSndinqKaVhVJySo8KQRkwVvL6cAPxc6q3KB5pump","100","0.256790122","","","","","","","","","","","","","","","","","0.000001629","","","","","","0.000001265","2026-07-10T08:19:57.353Z","","","","","2026-07-10T08:20:38.751Z",""
"ket","5Ke71RfdJ5ggkWjna7J8bHCHFY4VKUvKKKGdPVfxpump","","","","","","","","","","","","","","","","","","","","","","","","","0.00000229","","","","","","2026-07-10T08:20:03.332Z",""
"ZILLA","8h1wWB8YqRUzERLyEiM3gqb32WedaS5eqZHGzV7Upump","","","","","","","","","","","","","","","","","","","","","","","","","0.000001709","","","","","","2026-07-10T08:20:15.321Z",""
"IQ","HjCuh6atAF1x5fJgkDCLMwej5MiC3mUjh45tXiJypump","55","10.909090909","","","","","","","0","0","0","910","","","","","","","0.000002591","0.000002591","","","","","","2026-07-10T08:20:27.461Z","2026-07-10T08:21:32.553Z","","","","",""
"itd","FYvCmN2psA3w3dRi6zsz6mDP2j6bEMeuTfUeyzP7pump","57","0.250000001","","","","","","","0","0","0","905","","","","","","","0.000002382","0.000002382","","","","","","2026-07-10T08:20:33.341Z","2026-07-10T08:21:27.545Z","","","","",""
"PURE","6pZNykYkGMMKQ1zHPTgPFdTqvje21fDa6319T9irpump","","","","","","","","","","","","","","","","","","","","","","","","","3.225e-8","","","","","","2026-07-10T08:20:39.378Z",""
"ASSEMBLY","GTRYQQBsZm3H7sdLDKm7EsCiHk4HvcajbJKyZESFpump","","","","","","","","","","","","","","","","","","","","","","","","","2.594e-7","","","","","","2026-07-10T08:21:09.353Z",""
"Osrk56","4fbgsv2CeDmJFrnWx3mrALa47CmzjZQbcuR7pJvYpump","","","","","","","","","","","","","","","","","","","","","","","","","4.251e-7","","","","","","2026-07-10T08:21:33.319Z",""
"IQ","J95TPhBLrCad5uWoj9B1X1sQZo38bC3LB25LgXt2pump","55","10.909090909","","","","","","","0","0","0","904","","","","","","","0.00000433","0.00000433","","","","","","2026-07-10T08:21:39.376Z","2026-07-10T08:22:38.507Z","","","","",""
"ket","ASMGnVDfi74iPCwYpPmes3dpE1RnjdPTS4uWKmN2pump","55","10.909090909","","","","","","","","","","","","","","","","","0.000003056","","","","","","7.933e-7","2026-07-10T08:21:51.396Z","","","","","2026-07-10T08:22:32.701Z",""
"Penny","3q9q9wJYjmZxANfJzxkUnamEE9a8j5Qv31A8cjZgpump","68","3","","132.189","","","","","13.9","96","-44.3","906","-4.102711232247876","","","","","","0.000006489","0.000006971","","","0.000006685","","","2026-07-10T08:21:57.360Z","2026-07-10T08:22:56.515Z","","","2026-07-10T08:25:08.704Z","",""
"MOld","9YtjBK6mzWjQgdGSFyYwS9HfBeBgrAuGvpTykv5mpump","57","5","","","","","","","18.2","90","-74.7","510","","","","","","","0.000005987","0.000007917","","","","","","2026-07-10T08:22:03.330Z","2026-07-10T08:23:02.505Z","","","","",""
"PURE","7qp2Jzb6gWBLHFaC4xjG5TL4vV2fazFeVeSrDJZrpump","","","","","","","","","","","","","","","","","","","","","","","","","2.558e-7","","","","","","2026-07-10T08:22:09.375Z",""
"PURE","2fTjtMXe9BMw6BrbcZR9CKMXdusHsu1XWzAqHDkypump","","","","","","","","","","","","","","","","","","","","","","","","","4.784e-7","","","","","","2026-07-10T08:23:39.431Z",""
"RELAX","2hi2Mg8ugBnowHuXyYMeGqyqsx1WD3SzwGhZPkM8pump","","","","","","","","","","","","","","","","","","","","","","","","","2.494e-7","","","","","","2026-07-10T08:23:51.342Z",""
"ZILLA","CTX3MJj3t2aFAoKys5bvKEJaUCBenJnQCd2NR5vspump","55","10.909090909","","","","","","","0","0","0","912","","","","","","","0.000002989","0.000002989","","","","","","2026-07-10T08:24:15.382Z","2026-07-10T08:25:20.570Z","","","","",""
"PURE","45Px3NPHnLb3rcmxyaHCqcT4b67ewYd8N6tvjkT3pump","","","","","","","","","","","","","","","","","","","","","","","","","2.774e-7","","","","","","2026-07-10T08:24:21.308Z",""
"ASSEMBLY","EGNDQ46RGyP96jsytRfcbw9H2sxCMnzDp2Qtae4bpump","55","10.909090909","","234.083","","","","","0","0","0","920","0","","","","","","0.000006874","0.000006875","","","0.000006875","","","2026-07-10T08:24:27.394Z","2026-07-10T08:25:32.613Z","","","2026-07-10T08:29:26.696Z","",""
"PURE","8wsiGJr6jJqJ6ydKcJVZvqQu611sGa15PutPzbBapump","","","","","","","","","","","","","","","","","","","","","","","","","3.948e-7","","","","","","2026-07-10T08:24:39.819Z",""
"RELAX","8pEmwtAZcThmq5Xz2Rv5MHDK7fsuuXYGnWgrRk1xpump","55","10.909090909","","","","","","","0","0","0","902","","","","","","","0.000002922","0.000002922","","","","","","2026-07-10T08:24:45.527Z","2026-07-10T08:25:50.565Z","","","","",""
"PURE","E6X6tUy39PSJbPzfavL8sbSVnr3kPXRGrPdXQkywpump","","","","","","","","","","","","","","","","","","","","","","","","","4.378e-7","","","","","","2026-07-10T08:24:57.294Z",""
"ASSEMBLY","6Wizk3p1XLXzC3U3vnHZqmifcc7aNTziiJSQ5D63pump","55","10.909090909","","","","","","","","","","","","","","","","","0.000002653","","","","","","","2026-07-10T08:25:03.386Z","","","","","",""
"WOMEN","8DQoPhUnwUiiXxQzCQNjpo427crvJ3aeVRQQwmLSpump","","","","","","","","","","","","","","","","","","","","","","","","","9.987e-7","","","","","","2026-07-10T08:25:15.772Z",""
"Chance","3oxoSPJcPLN1ma386moyFcSyFNmx3kd5Gv3mqRQCpump","","","","","","","","","","","","","","","","","","","","","","","","","2.935e-7","","","","","","2026-07-10T08:25:16.204Z",""
"PURE","DRXUPFfKPHMSZ28XM1nvET8NDRL8ASpdQqgfNtZypump","77","0.700000001","","","","","","","0","610","0","910","","","","","","","0.000008058","0.000008058","","","","","","2026-07-10T08:25:27.302Z","2026-07-10T08:26:32.575Z","","","","",""
"GLIM","ATdv5WtHyfCyqGgfzDYYio4BunLqGLnzhudaVnWzpump","","","","","","","","","11","684","-0.3","904","","","","","","","","0.00000248","","","","","","","2026-07-10T08:25:38.499Z","","","","",""
"Chance","J8DTxzrfMgp2pnsQZ4uxPoAEzwKQd9cbjivB4ELWpump","","","","","","","","","","","","","","","","","","","","","","","","","2.953e-7","","","","","","2026-07-10T08:25:51.284Z",""
"PURE","E3GA1nuriUS5aHeWZejQfTb1Jr9JPYQRYQiTHLW6pump","","","","","","","","","","","","","","","","","","","","","","","","","6.412e-7","","","","","","2026-07-10T08:26:15.381Z",""
"Jamey","GSxnArftzQ2Asnxgpt6b3GCahGRV8LYDhR7qTU5Tpump","55","10.909090909","","","","","","","0","0","-0.1","906","","","","","","","0.00000432","0.00000432","","","","","","2026-07-10T08:26:27.413Z","2026-07-10T08:27:26.543Z","","","","",""
"TUNGBANK","9jj91X41DtMaptgxmA4ZR4KaZXgbZ3UsNFvBFycZpump","","","","","","","","","","","","","","","","","","","","","","","","","2.87e-7","","","","","","2026-07-10T08:26:39.358Z",""
"MOBUTU","HXWpmN6ghTqgtwVzpCrAxhkR6qHcvUT52F8pvs6epump","61","1.97530864","","","","","","","0.1","50","0","910","","","","","","","0.000005622","0.000002218","","","","","0.000002221","2026-07-10T08:26:51.314Z","2026-07-10T08:29:32.703Z","","","","2026-07-10T08:30:50.700Z",""
"TUNGBANK","fWAzVr1oWgZ5BAM7bkLiLXdMvKYmVwueDvEUxYEpump","","","","","","","","","","","","","","","","","","","","","","","","","4.019e-7","","","","","","2026-07-10T08:27:09.356Z",""
"tsfly","7Puu4kdewJtziLUMmHsdwbTdMNzBosvDWq732DrHpump","","","","","","","","","","","","","","","","","","","","","","","","","4.781e-7","","","","","","2026-07-10T08:27:27.386Z",""
"EXIT","HFKw89kR7S2Gj9fZZpGYXBLHNpJeoHLubzcHAuchpump","62","0.493827159","","","","","","","","","","","","","","","","","0.000004852","","","","","","9.024e-8","2026-07-10T08:27:39.298Z","","","","","2026-07-10T08:28:26.676Z",""
"PURE","8GZUeEaFtvwSkjVp4TXzkCHHyrt9aV4MT6GBKtf7pump","","","","","","","","","","","","","","","","","","","","","","","","","1.669e-7","","","","","","2026-07-10T08:27:57.319Z",""
"pooɥ","A89ddZBRVEsWu9sfqzVbM5wgbHFiL3q1G8g3j13opump","88","12.839506171","","17.931","","","","","0","0","-63.7","908","-63.67213114754099","","","","","","0.000005949","0.0000061","","","0.000002216","","0.000002216","2026-07-10T08:28:09.332Z","2026-07-10T08:29:14.575Z","","","2026-07-10T08:29:32.506Z","2026-07-10T08:29:32.494Z",""
"V","418HufmPGhJ4YkcphDmjQ33h8U9D7qFSJbuEMsxipump","67","2.962962961","","","","","","","","","","","","","","","","","0.000002319","","","","","","","2026-07-10T08:28:21.309Z","","","","","",""
"Chance","PngJqGytSK888pP97rzmU8zo17pBXy5R2X3yuhupump","","","","","","","","","","","","","","","","","","","","","","","","","0.000001472","","","","","","2026-07-10T08:28:57.410Z",""
"Jamey","E3urQryGyi9rpnBbeTPpBz4qrhVCYnqyNmsJBtgTpump","55","10.909090909","","","","","","","0","0","0","904","","","","","","","0.00000249","0.00000249","","","","","","2026-07-10T08:29:03.300Z","2026-07-10T08:30:08.587Z","","","","",""
"ZILLA","G2FeHEHB9VHmcZz5PNo75EkERzsjsFyxeUhi8VHTpump","","","","","","","","","","","","","","","","","","","","","","","","","3.55e-7","","","","","","2026-07-10T08:29:21.361Z",""
"PURE","GvuDkrmLKAyavVDfEZMgWaz16R1UQaMHUZxrPp7Vpump","","","","","","","","","","","","","","","","","","","","","","","","","7.108e-7","","","","","","2026-07-10T08:29:27.378Z",""
"ket","B1VFijo3BPkKyDt8P9nkftWCZjLsztqyEbiSxyrTpump","","","","","","","","","","","","","","","","","","","","","","","","","0.000001631","","","","","","2026-07-10T08:29:51.395Z",""
"EWC","aTLY1bZYHTvstEHgGUaLamVfJD2338yudZ4XVBJpump","56","1.500000001","","","","","","","","","","","","","","","","","0.000002219","","","","","","","2026-07-10T08:30:03.304Z","","","","","",""
"cofebu","6oJgR1T2XeWqP2vcFzTuUegsACbuXqgejn9DtX5Bpump","","","","","","","","","","","","","","","","","","","","","","","","","2.363e-7","","","","","","2026-07-10T08:30:15.965Z",""
"PRXN","6bPJS5Cp6A7ty2JnriqMfYLZdVP4yGnKTHMHBxstpump","81","2.962962961","","","","","","","0","0","0","902","","","","","","","0.000004302","0.000004302","","","","","","2026-07-10T08:30:16.319Z","2026-07-10T08:31:20.560Z","","","","",""
"QMEMO","GN72J3LUZTBAiAFnPPW3ArcVSsCDhwj9JGqZABWvpump","55","1.382716048","","","","","","","","","","","","","","","","","0.00000332","","","","","","","2026-07-10T08:30:27.295Z","","","","","",""
"NVRS","BqQxaeKiDG7cLZkx7UBUXw4XpRKDScMTEHVnbXRMpump","61","1.97530864","","","","","","","0.4","128","0","908","","","","","","","0.000002528","0.000002528","","","","","","2026-07-10T08:30:39.320Z","2026-07-10T08:31:44.563Z","","","","",""
"MOld","JB2mzPD1baQ6qRbLUGLt3L9cSWXhUVM8Gj8ZbPpbpump","68","3","","24.233","","","","","0","0","-74.9","86","-30.61797752808989","","","","","","0.00001031","0.00001246","","","0.000008645","","0.000002374","2026-07-10T08:30:58.140Z","2026-07-10T08:31:56.503Z","","","2026-07-10T08:32:20.736Z","2026-07-10T08:35:02.684Z",""
"BlackOps","GhqQYmm9W25FXY2aDihnhZApWR4hkMrtdmgoPdF9pump","60","2.962962961","","","","","","","","","","","","","","","","","0.000002219","","","","","","","2026-07-10T08:30:58.528Z","","","","","",""
"TUNGBANK","B8HmDWykcEEvNUg3mjcJPG5Jhr8Qzv8iSpTKUB2rpump","55","10.909090909","","","","","","","0","0","0","906","","","","","","","0.000003334","0.000003334","","","","","","2026-07-10T08:30:58.947Z","2026-07-10T08:31:56.541Z","","","","",""
"ket","7pEgUrifxw5ZdWNN1jWexnakt4hENwS1jMqUomagpump","","","","","","","","","","","","","","","","","","","","","","","","","3.284e-7","","","","","","2026-07-10T08:31:21.292Z",""
"BULLTRUMP","4G9TE4GLoNMN3TNtTLctAbx6Yyggr1maM4okfgK4pump","","","","","","","","","","","","","","","","","","","","","","","","","8.524e-7","","","","","","2026-07-10T08:32:15.352Z",""
"popdog","8zTGS5Tcxsg1me9FWqHWnCZpfrdVBrYo13qsWPqypump","75","2.962962961","","","","","","","","","","","","","","","","","0.000006324","","","","","","0.000002224","2026-07-10T08:32:27.359Z","","","","","2026-07-10T08:36:20.694Z",""
"PURE","3sBihBLu9brqFm8JqgmeKPDPG8bLZ5FjsdnqQwHYpump","","","","","","","","","","","","","","","","","","","","","","","","","3.458e-7","","","","","","2026-07-10T08:33:09.314Z",""
"xX_COIN_Xx","H5MpdYEBMZcHg9c8sd2XreCQSxWYguzfhiBgGWtFpump","61","1.97530864","","35.919","","","","","","","","","-41.290824261275276","","","","","","0.000005246","0.00000643","","","0.000003775","","0.00000291","2026-07-10T08:34:15.457Z","2026-07-10T08:35:20.605Z","","","2026-07-10T08:35:56.524Z","2026-07-10T08:38:14.748Z",""
"PURE","5fj56TVJzbQcGQMhMnCV9KgnL8uM3JdYV5bsYVZXpump","","","","","","","","","","","","","","","","","","","","","","","","","7.131e-7","","","","","","2026-07-10T08:35:09.401Z",""
"BULLTRUMP","6Qi1AwytWj1yPd8Hbv1ApWBiUS42E4z9K6bFHcfbpump","","","","","","","","","","","","","","","","","","","","","","","","","0.0000017","","","","","","2026-07-10T08:35:21.372Z",""
"ClashX","Ao53xJD2YJCxgUqG8moJw6wz7ZdMMaaZA125BLPepump","56","1.48148148","","","","","","","","","","","","","","","","","0.000002344","","","","","","","2026-07-10T08:35:51.516Z","","","","","",""
"FP","A7YWDyXpb4prkv44A7SoA3cPAzBt74zW7w31yhKUpump","","","","","","","","","","","","","","","","","","","","","","","","","4.81e-7","","","","","","2026-07-10T08:36:57.424Z",""
"ToKeN","DK2euqJzFCcw3r79wfNr9bJ8pJ3DZMtfa6fLagNepump","","","","","","","","","","","","","","","","","","","","","","","","","2.247e-7","","","","","","2026-07-10T08:37:27.407Z",""
"HANDS","4nCxXDk6t6zdXozvi9LJQypyptrhFLedjqB7J6zYpump","97","2.962962961","","","","","","","","","","","","","","","","","0.000003746","","","","","","0.000002227","2026-07-10T08:38:09.772Z","","","","","2026-07-10T08:42:44.760Z",""
"BlackOps","7Xuyw7b5NyKboGJUSRnQmDdzJw1gL4T5ZG2uv9ybpump","58","2.962962961","","12.264","","","","","0","0","-77.9","234","-24.963898916967512","","","","","","0.00001019","0.00001108","","","0.000008314","","0.000002449","2026-07-10T08:38:10.190Z","2026-07-10T08:39:08.508Z","","","2026-07-10T08:39:20.772Z","2026-07-10T08:42:56.695Z",""
"PURE","DDJuFEkJQgKSC5mQsYxTCDVvLy2CkU8L7bmn2mxVpump","","","","","","","","","","","","","","","","","","","","","","","","","2.741e-7","","","","","","2026-07-10T08:38:15.460Z",""
"FON","F8cB4PXPgHf2EEDen2VNkBGZEZ9Ssse3R7hLc7hypump","59","1.75","","","","","","","","","","","","","","","","","0.000002401","","","","","","","2026-07-10T08:38:33.339Z","","","","","",""
"PURE","GtBE9q218qxdeTYW4BCbgmkRRbxqSPTNhmPc9D3Npump","","","","","","","","","","","","","","","","","","","","","","","","","4.094e-7","","","","","","2026-07-10T08:38:51.375Z",""
"CripToe","xBZx6wqyrnpSd1RSNpdSb7DMtXWkS69nGAJQu4Apump","80","6.143209875","","6.188","","","","","","","","","-17.780797101449274","","","","","","0.00001053","0.00001104","","","0.000009077","","","2026-07-10T08:39:27.482Z","2026-07-10T08:40:32.565Z","","","2026-07-10T08:40:38.753Z","",""
"GUI","Do9i6Fd3q8whaQsb8vXFwPuWtJU389EcW2JawDZwpump","77","6.913580245","","138.234","","","","","","","","","-32.05699020480854","","","","","","0.000003375","0.000003369","","","0.000002289","","","2026-07-10T08:40:09.350Z","2026-07-10T08:42:14.525Z","","","2026-07-10T08:44:32.759Z","",""
"BULLTRUMP","BH2Qc6ceEQGqUAvbQ6cCtwnqawWJfxyYzn9usRCrpump","","","","","","","","","","","","","","","","","","","","","","","","","0.000002773","","","","","","2026-07-10T08:40:15.510Z",""
"BULLTRUMP","BpFsC3FnTwxsJRJPiU3cuVcpuLTewabG3PXsF9Tqpump","","","","","","","","","","","","","","","","","","","","","","","","","8.237e-7","","","","","","2026-07-10T08:40:45.352Z",""
"FON","Hg2HKPc7fAezgfHRtM2aJUTbqcydqDhw6K9FFf81pump","56","2","","209.937","","","","","","","","","45.46705659728195","","","","","","0.0000051","0.000005813","","","0.000008456","","","2026-07-10T08:41:21.430Z","2026-07-10T08:42:20.570Z","","","2026-07-10T08:45:50.507Z","",""
"peeker","J9GZBhiVbWCk7CjeNTogUXmGyyUytx7wad7tvyQmpump","74","2.962962961","","","","","","","","","","","","","","","","","0.000002275","","","","","","","2026-07-10T08:41:27.404Z","","","","","",""
"BULLTRUMP","D1NchqDhi5YJ1aAZQ8Ehm4JhuoaJA7yK5nbPhatkpump","57","0.493827158","","","","","","","","","","","","","","","","","0.000001544","0.000001544","","","","","0.000001544","2026-07-10T08:41:39.307Z","2026-07-10T08:42:50.755Z","","","","2026-07-10T08:45:32.696Z",""
"Rabbithole","saMtKbvxeaAJENLGWYob82fFK3k61xg7DRR6VCEpump","61","4.5","","","","","","","","","","","","","","","","","0.000003276","","","","","","0.000003655","2026-07-10T08:41:57.345Z","","","","","2026-07-10T08:45:44.688Z",""
"BULLTRUMP","BqGj4ZYw74yB32WSTSM2Ej9H2bkqCiQXHjTAqkW1pump","62","14.814814813","","","","","","","","","","","","","","","","","0.000003369","0.000003369","","","","","","2026-07-10T08:42:21.333Z","2026-07-10T08:46:08.715Z","","","","",""
"peeker","J5nKmbZ79xLFa43kobEGSpk4wCp69LzPaBZRnwjmpump","72","2.962962961","","192.423","","","","","","","","","-4.602150537634408","","","","","","0.000002325","0.000002325","","","0.000002218","","","2026-07-10T08:42:39.409Z","2026-07-10T08:43:44.561Z","","","2026-07-10T08:46:56.984Z","",""
"Barney","6f5d8DE6FvFieh62gREkG6edetMzDN8zviG2wGLbpump","76","5","","","","","","","","","","","","","","","","","0.000002372","","","","","","0.000002221","2026-07-10T08:42:45.379Z","","","","","2026-07-10T08:46:32.696Z",""
"PURE","J2y7u45RuDSqYUUy8jH11WziKx7V4eLwyhhyxij2pump","","","","","","","","","","","","","","","","","","","","","","","","","4.931e-7","","","","","","2026-07-10T08:42:51.472Z",""
"PURE","4dAgrqmLEYm7cCW85WxFt8ax5Prpe3p3YaEgLES3pump","","","","","","","","","","","","","","","","","","","","","","","","","5.945e-7","","","","","","2026-07-10T08:43:45.321Z",""
"HANDS","7rG3ReeZUa49g23EFmkMJLo4FDzt41bCZLNAAhQjpump","92","2.962962961","","","","","","","","","","","","","","","","","0.000008344","","","","","","","2026-07-10T08:44:03.387Z","","","","","",""
"PLAYER","FAuoXgTk862P5AWRwtq5G1Kt8KtJWbmjMqxkAP4ppump","57","1.580246912","","","","","","","","","","","","","","","","","0.000002238","","","","","","","2026-07-10T08:44:27.506Z","","","","","",""
"EGG","3va4nwuxdNziwjwga5MEAFNhkqVX9TRzgE8ciuhFpump","61","1.97530864","","","","","","","","","","","","","","","","","0.000004709","0.000005328","","","","","","2026-07-10T08:45:21.443Z","2026-07-10T08:46:26.542Z","","","","",""
"PURE","Gynrvd3jsmBqWdyUxwHadfZZWHro82KpMzNSMkxpump","73","0.800000001","","","","","","","","","","","","","","","","","0.00001058","","","","","","","2026-07-10T08:46:03.289Z","","","","","",""
"SEVEN","AWqk2ZTDDnakLFfqQsM96KsxVpnWsPY1iNUZXmQypump","56","5","","","","","","","","","","","","","","","","","0.000002218","","","","","","","2026-07-10T08:46:15.447Z","","","","","",""
"TUNGBANK","FzkZpekMYKSLhvPdY8hcWoP24NFcm1i7dtoV5NxLpump","55","10.909090909","","","","","","","","","","","","","","","","","0.000003522","","","","","","","2026-07-10T08:47:35.341Z","","","","","",""