symbol,mint,score,devSol,source,window_s,decision_s,reaction_s,hold_s,inTime,upside_pct,time_to_peak_s,dd_after_peak,peaked_after_exit,peak_after_exit_s,drag_at_ready,upside_from_ready,tracked_s,f_devSol,f_priorGrads,f_priorCount,f_isMayhem,f_liq,f_liqSol,f_fdv,f_ageMin,f_vol5m,f_volH1,f_buyRatio5m,f_buyRatioH1,f_pcH1,f_volLiq,f_hasSocials,f_hasWebsite,f_nPairs,f_boosts,f_passedFilter,move_window_pct,slip_to_buy_pct,after_buy_pct,pnlPct,peakPnlPct,exitReason,partial_taken,partial_pct,partial_proceeds,partial_estimated,sol_received,price_eligible,price_sustained,price_queued,price_bought,price_fading,price_sold,price_collapsed,t_eligible,t_sustained,t_queued,t_bought,t_fading,t_collapsed,t_sold
"Direc","9oGxgdgcBN5r3Yga29xpSwAJV2X9pGYhBomcyq9Hpump","","","","","","","","","","","","","","","","","","","","","","","","","","","","","","","","","","","","","","","","","","","","","","","","","","","","","3.217e-7","","","","","","2026-08-06T08:32:29.059Z",""
"Kim","6rYxrGN6jnt99BCR42wFgUW4UDVBcnqcGzZiqRcapump","71","5","","","","","","","","","","","","","","","","","","","","","","","","","","","","","","","","","","","","","","","","","","","","","0.000003442","","","","","","","2026-08-06T08:32:40.948Z","","","","","",""
"Kim","C4mrj6b8i1J7JmoE5KC47t6UVgmebbciDRzVuJq1pump","65","3.5","","","","","","","","","","","","","","","","","","","","","","","","","","","","","","","","","","","","","","","","","","","","","0.000002195","","","","","","","2026-08-06T08:32:58.929Z","","","","","",""
"$ALPT","H5oKnr7eUcMPPbUFV9ZB9rXEm8iVE8bJGa3RwV1Epump","","","","","","","","","","","","","","","","","","","","","","","","","","","","","","","","","","","","","","","","","","","","","","","","","","","","","6.705e-7","","","","","","2026-08-06T08:33:11.003Z",""
"neegy","Hpf6E9aoMAaVpVhQuL6xmesU868zszhJMMvWEXbypump","","","","","","","","","","","","","","","","","","","","","","","","","","","","","","","","","","","","","","","","","","","","","","","","","","","","","2.799e-7","","","","","","2026-08-06T08:33:11.051Z",""
"Elon1","D6dQm1QWoh39g6PqNX2Si8cEH4Q6CNMbBLnmiGQApump","","","","","","","","","","","","","","","","","","","","","","","","","","","","","","","","","","","","","","","","","","","","","","","","","","","","","","","","","","","",""
"Koocoin","H2WygcyV2rXiq6uU5rvH6KxnjuSG5jUqGF8SZKpcpump","57","2","","","","","","","","","","","","","","","","","","","","","","","","","","","","","","","","","","","","","","","","","","","","","0.000002195","","","","","","","2026-08-06T08:33:22.909Z","","","","","",""
"reegy","7nQgy6Yr6ZEXRAmp6pDFiLCWhaKajFvnPfZvZZk5pump","55","1.679012344","","","","","","","","","","","","","","","1.679012344","0","0","0","0","0","2087.09","3","263.47","263.47","0.75","0.75","-9.31","","0","0","1","0","0","","","","","","","","","","","","0.000002087","0.000002087","","","","","","2026-08-06T08:33:28.962Z","2026-08-06T08:34:47.015Z","","","","",""
"rabbit","B4WkcasFzdV7Ttnz5KMJaNuGNGKXnWesJEutm6Zqpump","63","3.000468822","","89.899","","","","","0","0","-5.9","","","-1.3","0","906","3.000468822","0","0","0","0","0","2194.44","3","515.08","515.08","0.833","0.833","-12.13","","0","0","1","0","0","-5.879671832269824","","","","","","","","","","","0.000002194","0.000002194","","","0.000002065","","","2026-08-06T08:33:34.971Z","2026-08-06T08:34:40.815Z","","","2026-08-06T08:36:10.714Z","",""
"Spidermew","deiFRfrDCsj5Q971mWp1bWQDKCTcMEUepKFbLrDpump","74","6.419753085","","96.007","","","","","30.3","54","-33","","","6.6","22.3","914","6.419753085","0","0","0","0","0","2394.62","3","1292.38","1292.38","0.857","0.857","-21.28","","0","0","1","0","0","-11.487050960735168","","","","","","","","","","","0.00000238","0.000002394","","","0.000002119","","","2026-08-06T08:33:40.963Z","2026-08-06T08:34:52.717Z","","","2026-08-06T08:36:28.724Z","",""
"JINPACHI","ozT2mKaNKmhfrY7BX2hgAz1fSLxVmrtVYLdJca8pump","","","","","","","","","","","","","","","","","","","","","","","","","","","","","","","","","","","","","","","","","","","","","","","","","","","","","0.000002093","","","","","","2026-08-06T08:33:46.950Z",""
"neegy","3YoyaxV2zUp3Mdgn2sGfeXeDTwTuPTRs3hpvGvN8pump","61","0.060009374","","","","","","","","","","","","","","","","","","","","","","","","","","","","","","","","","","","","","","","","","","","","","0.000003979","","","","","","","2026-08-06T08:33:52.916Z","","","","","",""
"John","9dvn8JGZvghdqYT23xLMPFqpxCS2YsZm2srYDhuWpump","63","3","","","","","","","","","","","","","","","","","","","","","","","","","","","","","","","","","","","","","","","","","","","","","0.000002086","","","","","","","2026-08-06T08:34:04.924Z","","","","","",""
"福智","9u62pQjdiKdgDEXVFj7ASst1EjYzcw3br9Gs6sAYpump","67","4","","","","","","","70.3","78","-89","","","27.4","33.7","198","4","0","0","0","0","0","14204.2","3","37532.35","37532.35","0.536","0.536","436","","0","0","1","0","1","","","","","","","","","","","","0.000007886","0.0000142","","","","","","2026-08-06T08:34:16.925Z","2026-08-06T08:35:29.058Z","","","","",""
"Jupiter","4YXNd8kWKkyZkkqqZzzteEsbvaUKtv2jYDH2zRzGpump","","","","","","","","","","","","","","","","","","","","","","","","","","","","","","","","","","","","","","","","","","","","","","","","","","","","","","","","","","","",""
"ROGVAN","QdWYco3zk9C8yx99oy9Tas8DqQbWmabsk1fk38bpump","","","","","","","","","","","","","","","","","","","","","","","","","","","","","","","","","","","","","","","","","","","","","","","","","","","","","0.000001076","","","","","","2026-08-06T08:34:28.933Z",""
"Koo","Bar8FFtGj4CNv9cve48uhpjSzQ8nsFJxXuq1jMV4pump","","","","","","","","","","","","","","","","","","","","","","","","","","","","","","","","","","","","","","","","","","","","","","","","","","","","","0.000001172","","","","","","2026-08-06T08:34:34.935Z",""
"neegy","G61KUvQQtrBFH8wjTwH3UrUHe8jtmJq2LVbPJfRVpump","58","0.060009374","","","","","","","","","","","","","","","","","","","","","","","","","","","","","","","","","","","","","","","","","","","","","0.000003556","","","","","","","2026-08-06T08:34:40.973Z","","","","","",""
"Kuu","3Pzhre8tFvuMZDAJL4a6mn2euaNxP3S2ontGdKqNpump","58","3","","","","","","","","","","","","","","","","","","","","","","","","","","","","","","","","","","","","","","","","","","","","","0.000002256","","","","","","","2026-08-06T08:34:47.087Z","","","","","",""
"福智","KT3civ7JiSaz8LYjhByTHnAZrS2pUXi5xuMkRkypump","62","2.765432097","","","","","","","","","","","","","","","","","","","","","","","","","","","","","","","","","","","","","","","","","","","","","0.000002077","","","","","","","2026-08-06T08:34:47.095Z","","","","","",""
"$VOID","A1JvrEmMmTcxE4v7G6S5S6MPN4wf7qBxqRtEWCrrpump","","","","","","","","","","","","","","","","","","","","","","","","","","","","","","","","","","","","","","","","","","","","","","","","","","","","","4.108e-7","","","","","","2026-08-06T08:34:47.124Z",""
"SEAL","DMTy6ih4ETupnyq8QjJpJ2andurhFTEWM4h7ohYFpump","57","0.006862762","","","","","","","","","","","","","","","","","","","","","","","","","","","","","","","","","","","","","","","","","","","","","0.000004853","","","","","","6.022e-7","2026-08-06T08:34:52.951Z","","","","","2026-08-06T08:35:58.961Z",""
"$ALPT","Bcw6B7mcyhsPJK96hX8FN3xP2tHfHt9ma4xxLpUjpump","","","","","","","","","","","","","","","","","","","","","","","","","","","","","","","","","","","","","","","","","","","","","","","","","","","","","3.733e-7","","","","","","2026-08-06T08:34:58.951Z",""
"Fuzhi","FSf1hDxCXgKnBLoBvLy6ZL239V3GiLJomXTZ49HEpump","57","2","","","","","","","","","","","","","","","2","0","0","0","0","0","2063.93","4","520.66","520.66","0.6","0.6","-12.1","","0","0","1","0","0","","","","","","","","","","","","0.000002063","0.000002063","","","","","","2026-08-06T08:35:10.947Z","2026-08-06T08:37:10.980Z","","","","",""
"Isekai","6WJQEL4c2nCFW6PBSsRgQSwAPjERzkoUcuMBBK1Qpump","71","5","","","","","","","","","","","","","","","","","","","","","","","","","","","","","","","","","","","","","","","","","","","","","0.000002089","","","","","","","2026-08-06T08:35:16.947Z","","","","","",""
"RedBulk","2CBNztMebS7htUYFEQMZGcdkG1hJTh1CRc6pvopZpump","","","","","","","","","","","","","","","","","","","","","","","","","","","","","","","","","","","","","","","","","","","","","","","","","","","","","6.535e-7","","","","","","2026-08-06T08:35:28.913Z",""
"PHONE⁠BODY","HFegPnW2ETJPBX1Qna7FyyetAqBf27LD8sRm5rktpump","71","5","","","","","","","","","","","","","","","","","","","","","","","","","","","","","","","","","","","","","","","","","","","","","0.000002173","","","","","","","2026-08-06T08:35:29.047Z","","","","","",""
"Schmusekatze","GZwHPPpduoMHig6Ak55m8FRPP3B8TYRDZsUbui9tWqjR","67","3.950617282","","","","","","","","","","","","","","","","","","","","","","","","","","","","","","","","","","","","","","","","","","","","","0.000002158","","","","","","","2026-08-06T08:35:34.941Z","","","","","",""
"$ALPT","CwJQfNfKAaefoSrtNhjXem7nDcNHfZHNSFb4XgMCpump","59","0.09876543","","","","","","","","","","","","","","","0.09876543","0","2","1","0","0","8677.83","3","89.17","89.17","0.586","0.586","318","","0","0","1","0","0","","","","","","","","","","","","0.000008677","0.000008677","","","","","","2026-08-06T08:35:41.426Z","2026-08-06T08:37:29.505Z","","","","",""
"MRBISH","EZnRgJj35tECKhiWNx4agNKS3aQrzuophorzFLcRpump","68","0.197530863","","","","","","","","","","","","","","","","","","","","","","","","","","","","","","","","","","","","","","","","","","","","","0.000002159","","","","","","","2026-08-06T08:35:41.445Z","","","","","",""
"異世界","DBAa1fMo2T5cLLSujDYS773kJuDXpoupS9Yg1DBypump","58","3.5","","","","","","","","","","","","","","","","","","","","","","","","","","","","","","","","","","","","","","","","","","","","","0.000002076","","","","","","","2026-08-06T08:35:41.458Z","","","","","",""
"Koo","9NGRyKVcd7ECzjgcBLhUUTi9ijzhdqSEwoR84ebopump","","","","","","","","","","","","","","","","","","","","","","","","","","","","","","","","","","","","","","","","","","","","","","","","","","","","","2.578e-7","","","","","","2026-08-06T08:35:46.949Z",""
"neegy","G8A65uvAyKR4SQcRcn1UgDFk9pKNumt6pjFNHeVnpump","57","0.060009374","","","","","","","","","","","","","","","","","","","","","","","","","","","","","","","","","","","","","","","","","","","","","0.000001819","","","","","","6.164e-7","2026-08-06T08:35:52.982Z","","","","","2026-08-06T08:36:28.958Z",""
"John","8RjMrN3R5nfXqgFFJeiDuiA3mwQBYAoRwBQWUtR9pump","58","3","","","","","","","","","","","","","","","","","","","","","","","","","","","","","","","","","","","","","","","","","","","","","0.000002195","","","","","","","2026-08-06T08:36:05.045Z","","","","","",""
"SEAL","3HaDipEfjA6a8Gkr88wkP8b1F84vgYFjwznwiHECpump","","","","","","","","","","","","","","","","","3.000468822","0","1","0","0","0","2063.65","3","444.41","444.41","0.667","0.667","-17.37","","0","0","1","0","0","","","","","","","","","","","","","0.000002063","","","","","","","2026-08-06T08:36:05.069Z","","","","",""
"lioness","2S7wKPvrhwRpn974yMrruP8YgGww1pw6hYjhPw22pump","57","1.97530864","","","","","","","","","","","","","","","1.97530864","0","0","0","0","0","2086.3","4","2763.47","2763.47","0.561","0.561","-11.03","","0","0","1","0","0","","","","","","","","","","","","0.000002298","0.000002086","","","","","","2026-08-06T08:36:16.962Z","2026-08-06T08:38:16.771Z","","","","",""
"Koo","4N7Xpng1YemHUF3JapJcrbeCzipyc97ziFCYenHupump","","","","","","","","","","","","","","","","","","","","","","","","","","","","","","","","","","","","","","","","","","","","","","","","","","","","","5.717e-7","","","","","","2026-08-06T08:36:28.942Z",""
"ROGBAN","2toAQFkFW3oS1vbza95Sne9DeKXWXkijde1iJ9ALpump","","","","","","","","","","","","","","","","","","","","","","","","","","","","","","","","","","","","","","","","","","","","","","","","","","","","","0.000001078","","","","","","2026-08-06T08:36:29.322Z",""
"$CLIP","7BWtAEXHGQmUFLMNgdye23r9VWtnmybwiZwSAxyvpump","65","0.060009374","","","","","","","0","0","-86.9","","","","","18","0.060009374","0","0","1","0","0","7949.64","3","1385.63","1385.63","0.592","0.592","283","","0","0","1","0","0","","","","","","","","","","","","0.000008033","0.000007949","","","","","","2026-08-06T08:36:40.934Z","2026-08-06T08:38:28.734Z","","","","",""
"Gigadoge","EHVcKMtr3YMvy6t4owESRV1kaJYyPqhSgwHrZxKtpump","63","3","","","","","","","","","","","","","","","","","","","","","","","","","","","","","","","","","","","","","","","","","","","","","0.000002196","","","","","","","2026-08-06T08:36:40.954Z","","","","","",""
"LOL","3a57c562xxGvSEFC1BqwPcqBsJqnPJWj1cpSFM32pump","66","0.100015626","","","","","","","","","","","","","","","","","","","","","","","","","","","","","","","","","","","","","","","","","","","","","0.000001302","","","","","","0.000001209","2026-08-06T08:36:40.979Z","","","","","2026-08-06T08:37:16.945Z",""
"$BULLISH","9Pm8fRYei3dBpP92ratbZwSu9JZgkeApxGBWknSnpump","65","3.500546959","","","","","","","9.9","886","-6.8","","","0","9.9","916","3.500546959","0","0","0","0","0","2590.6","3","268.3","268.3","0.714","0.714","0.6","","0","0","1","0","0","","","","","","","","","","","","0.000002589","0.00000259","","","","","","2026-08-06T08:36:41.040Z","2026-08-06T08:38:11.009Z","","","","",""
"GOGE","4SBAxszLUrN7WzKjrzdxKpDRYjd4J9Hfphfkfp5Lpump","63","3.950617282","","","","","","","","","","","","","","","","","","","","","","","","","","","","","","","","","","","","","","","","","","","","","0.000002196","","","","","","","2026-08-06T08:36:46.931Z","","","","","",""
"$ALPT","Fr5rfLN9STysQKzXCXb4KLkTRzk8Q4pD4bbsCxcUpump","","","","","","","","","","","","","","","","","","","","","","","","","","","","","","","","","","","","","","","","","","","","","","","","","","","","","3.449e-7","","","","","","2026-08-06T08:36:52.958Z",""
"$Poke'Man","Frs34jE9Pd3a79LFECmvmn3yqsLwvsQEKLPgJsSXpump","66","0.098765431","","","","","","","","","","","","","","","","","","","","","","","","","","","","","","","","","","","","","","","","","","","","","0.000001871","","","","","","","2026-08-06T08:36:59.012Z","","","","","",""
"UMIT","EPi1Qn7GzFKTczh4X4f6Uh71gvBRjVPBzXuj6DQJpump","65","3.456790122","","","","","","","","","","","","","","","","","","","","","","","","","","","","","","","","","","","","","","","","","","","","","0.000002195","","","","","","","2026-08-06T08:36:59.017Z","","","","","",""
"JINPACHI","ngtNeqvj5h8dwe131LSXeYM7c8Vb3yDAMgpdpATpump","","","","","","","","","","","","","","","","","","","","","","","","","","","","","","","","","","","","","","","","","","","","","","","","","","","","","0.000002102","","","","","","2026-08-06T08:37:22.973Z",""
"Koo","A6VJsi7y6HCFhNF9TNMDz53mCJKvtSHaSB6sL8Gepump","57","0.059259258","","","","","","","","","","","","","","","","","","","","","","","","","","","","","","","","","","","","","","","","","","","","","0.00001035","","","","","","6.912e-7","2026-08-06T08:37:29.506Z","","","","","2026-08-06T08:38:17.326Z",""
"SEAL","DNixsupmtcfTdWKVFrWfpfo5z4CJoeoqqxPj7qp7pump","","","","","","","","","","","","","","","","","","","","","","","","","","","","","","","","","","","","","","","","","","","","","","","","","","","","","","","","","","","",""
"$ALPT","99TSnZPcAaGeMKEfLHegutL9PSkq9caeM5qqVkyzpump","","","","","","","","","","","","","","","","","","","","","","","","","","","","","","","","","","","","","","","","","","","","","","","","","","","","","3.569e-7","","","","","","2026-08-06T08:37:59.150Z",""
"RedBulk","EyarMwhPpUdQyznXdM8Zda8B7YZ7eqJ81dyoZUTwpump","66","0.395061727","","","","","","","0","0","0","","","0","0","930","0.395061727","0","1","1","0","0","2800.49","3","185.31","185.31","0.583","0.583","32.2","","0","0","1","0","0","","","","","","","","","","","","0.0000028","0.0000028","","","","","","2026-08-06T08:37:59.154Z","2026-08-06T08:39:16.741Z","","","","",""
"low cortisol","B6AFu78SCDwk5fnXM6bmPKhjntVsieAaCixKgASipump","71","5","","","","","","","0","0","-6","","","0","0","934","5","0","0","0","0","0","2195.04","3","1396.94","1396.94","0.615","0.615","-21.85","","0","0","1","0","0","","","","","","","","","","","","0.000002195","0.000002195","","","","","","2026-08-06T08:38:05.021Z","2026-08-06T08:39:22.743Z","","","","",""
"FUP","AqBLTMau86SGLwZ6xR9GFNYYdTj35cfVF4xCjxmmpump","67","3.950617282","","","","","","","","","","","","","","","","","","","","","","","","","","","","","","","","","","","","","","","","","","","","","0.000007748","","","","","","","2026-08-06T08:38:05.025Z","","","","","",""
"Poke'Man","7rJbWEgrkaRAytz2km4LpNZFYHGXxZtwxjknkHpLpump","66","0.098765431","","","","","","","0","0","0","","","0","0","914","0.098765431","0","0","1","0","0","7382.81","3","65.94","65.94","0.769","0.769","255","","0","0","1","0","0","","","","","","","","","","","","0.000007382","0.000007382","","","","","","2026-08-06T08:38:22.998Z","2026-08-06T08:39:52.924Z","","","","",""
"$ALPT","BRXioahku6SkVtfNpYiFSABWjiYacfXe5n5tq8z5pump","","","","","","","","","","","","","","","","","","","","","","","","","","","","","","","","","","","","","","","","","","","","","","","","","","","","","8.714e-8","","","","","","2026-08-06T08:38:34.911Z",""
"proj","DM6DjinxzzxLV9mDM5cjX92iWCygNDYzQojfeHWHpump","","","","","","","","","","","","","","","","","","","","","","","","","","","","","","","","","","","","","","","","","","","","","","","","","","","","","6.903e-7","","","","","","2026-08-06T08:38:40.939Z",""
"EVRY","2oJzJfzikRSaJUMch8hj5epoQWusA9UwqrsfnGezpump","68","0.246913578","","","","","","","","","","","","","","","","","","","","","","","","","","","","","","","","","","","","","","","","","","","","","0.00001137","","","","","","5.286e-7","2026-08-06T08:38:40.991Z","","","","","2026-08-06T08:39:28.946Z",""
"FUP","FZ2EXbaGGT9KehmkFjbpArFSbZUMhdXb3gNfYmSQpump","67","5","","","","","","","","","","","","","","","","","","","","","","","","","","","","","","","","","","","","","","","","","","","","","0.000002344","","","","","","","2026-08-06T08:38:41.007Z","","","","","",""
"UP","63s3hHcCDvLMidttTVuvZtSrZvJRd1iiyZyGeiC9pump","56","3","","","","","","","","","","","","","","","","","","","","","","","","","","","","","","","","","","","","","","","","","","","","","0.000002166","","","","","","","2026-08-06T08:38:41.078Z","","","","","",""
"FLOCK","EAMJ3c4BVBsP78VXqTqQ8oQe5gao9CeP2p7yfnAYpump","63","3","","","","","","","","","","","","","","","","","","","","","","","","","","","","","","","","","","","","","","","","","","","","","0.000002064","","","","","","","2026-08-06T08:38:46.931Z","","","","","",""
"Throb","AcHg5jmkqoWyjLz6hxvijAP9gRnGaBtq6fCPPZN2pump","63","3","","","","","","","","","","","","","","","","","","","","","","","","","","","","","","","","","","","","","","","","","","","","","0.000002155","","","","","","","2026-08-06T08:38:46.946Z","","","","","",""
"FUP","7sCi8bTVnHFcXAtpSZqMzMuUuXvjYZB6y9W6C5Shpump","57","1.97530864","","","","","","","","","","","","","","","","","","","","","","","","","","","","","","","","","","","","","","","","","","","","","0.000002063","","","","","","","2026-08-06T08:38:46.955Z","","","","","",""
"Grock","J2UbbMbtBbqSK6AvsMqR1EXLy7JXNTig8WXe2ZAPpump","56","3.5","","","","","","","","","","","","","","","","","","","","","","","","","","","","","","","","","","","","","","","","","","","","","0.000002063","","","","","","","2026-08-06T08:38:52.943Z","","","","","",""
"Cum","BwKDsqTh6Krh5x35FAJBNPZ4Ux6MHKiJq8GkHBurpump","67","5","","","","","","","","","","","","","","","","","","","","","","","","","","","","","","","","","","","","","","","","","","","","","0.000004664","","","","","","","2026-08-06T08:38:52.946Z","","","","","",""
"Poke'Man","6zHSxvSvfg4qv4NtXRZhHujuwKKW5fiTBJNLyZs6pump","","","","","","","","","","","","","","","","","","","","","","","","","","","","","","","","","","","","","","","","","","","","","","","","","","","","","3.135e-7","","","","","","2026-08-06T08:39:10.927Z",""
"Cum","8vdzy7EBVz8exaTxg5fLSFLMFMcmV52Y78suYzpspump","73","6","","","","","","","","","","","","","","","","","","","","","","","","","","","","","","","","","","","","","","","","","","","","","0.00001556","","","","","","","2026-08-06T08:39:16.963Z","","","","","",""
"Kim","5zKvoXCqUjiU83ALUg2sxgdMbvRvgTRp58h8dssLpump","57","1.97530864","","","","","","","","","","","","","","","","","","","","","","","","","","","","","","","","","","","","","","","","","","","","","0.000002195","","","","","","","2026-08-06T08:39:16.964Z","","","","","",""
"JINPACHI","ndcSnpJjGcZQmUG79xf7CRxA44bPacUutSivdkJpump","","","","","","","","","","","","","","","","","","","","","","","","","","","","","","","","","","","","","","","","","","","","","","","","","","","","","0.000002088","","","","","","2026-08-06T08:39:23.026Z",""
"Koo","GKycks45Gh8EeHACYnXTuY79aqMpNsRRANBbaWTjpump","","","","","","","","","","","","","","","","","","","","","","","","","","","","","","","","","","","","","","","","","","","","","","","","","","","","","2.568e-7","","","","","","2026-08-06T08:39:23.031Z",""
"FUP","HMK9hF7PVaYznw4Bt1m2h5bMZvBp3qtK1Fyo5REApump","58","2.962962961","","","","","","","","","","","","","","","","","","","","","","","","","","","","","","","","","","","","","","","","","","","","","0.000002195","","","","","","","2026-08-06T08:39:34.973Z","","","","","",""
"THROK","341RDa488FaKrbKCbKxMcR6XPMVeAhwp2FtSxDAnpump","63","3.950617282","","","","","","","15","26","-80.8","","","15","0","106","3.950617282","0","1","0","0","0","17188.18","3","18639.15","18639.15","0.661","0.661","550","","0","0","1","0","1","","","","","","","","","","","","0.00001315","0.00001718","","","","","","2026-08-06T08:39:34.997Z","2026-08-06T08:40:40.742Z","","","","",""
"Throb","3ykPVD1xrCeosuBoX3WZzaKHDJTr8x4YzVaV2WWbpump","70","4.938271603","","","","","","","0","0","-1.9","","","0","0","904","4.938271603","0","0","0","0","0","2105.19","3","795.2","795.2","0.6","0.6","-24.81","","0","0","1","0","0","","","","","","","","","","","","0.000002105","0.000002105","","","","","","2026-08-06T08:39:35.002Z","2026-08-06T08:40:52.847Z","","","","",""
"THROK","XLF268jZAFD55nPRUht82w4KNJpjWpWK6jiAkQhpump","55","3.5","","","","","","","","","","","","","","","3.5","0","4","0","0","0","2194.74","3","1250.36","1250.36","0.6","0.6","-14.73","","0","0","1","0","0","","","","","","","","","","","","0.000002194","0.000002194","","","","","","2026-08-06T08:39:40.918Z","2026-08-06T08:40:52.840Z","","","","",""
"FOAP","Fwzxnb19avKsKoXenbRCNRVfrwNVDHDt67QJwitBpump","67","0.148148147","","","","","","","","","","","","","","","","","","","","","","","","","","","","","","","","","","","","","","","","","","","","","0.00001782","","","","","","","2026-08-06T08:39:46.923Z","","","","","",""
"MANAGE","BYMFpGW8ExuMAy7eqctddanAmxhnNdywcS2iipjopump","66","0.09876543","","","","","","","","","","","","","","","","","","","","","","","","","","","","","","","","","","","","","","","","","","","","","0.000007246","","","","","","","2026-08-06T08:39:58.919Z","","","","","",""
"FROK","9HESGMi7nZC7RfhaXLt1DWNtDqDGKA4S8w2JXKrnpump","71","5","","","","","","","","","","","","","","","","","","","","","","","","","","","","","","","","","","","","","","","","","","","","","0.000002194","","","","","","","2026-08-06T08:39:58.927Z","","","","","",""
"$ALPT","28tbYtQ49PALi7fTdBqvBSVvTQrtrbpMHmTtSU3Hpump","55","0.148148146","","","","","","","","","","","","","","","","","","","","","","","","","","","","","","","","","","","","","","","","","","","","","0.000005532","","","","","","0.000001202","2026-08-06T08:40:17.060Z","","","","","2026-08-06T08:41:04.924Z",""
"Poke'Man","23AFtCwt5CF8wkttGc5USmKzQgb5aF4rw1mqvpaTpump","59","0.098765431","","","","","","","","","","","","","","","","","","","","","","","","","","","","","","","","","","","","","","","","","","","","","0.000001985","","","","","","9.703e-7","2026-08-06T08:40:29.008Z","","","","","2026-08-06T08:41:10.978Z",""
"ALL IN⁠","8n6MxCgZbozo8bQZA1yPNWdCHddadGzD3sfQo6uupump","70","7","","","","","","","","","","","","","","","","","","","","","","","","","","","","","","","","","","","","","","","","","","","","","0.000002339","","","","","","","2026-08-06T08:40:29.037Z","","","","","",""
"ALLIN⁠","JCm6MbdTzL6aApQmQ7hkzuz9167kfcamu6VsH38Npump","58","3","","","","","","","","","","","","","","","","","","","","","","","","","","","","","","","","","","","","","","","","","","","","","0.000002201","","","","","","","2026-08-06T08:40:34.943Z","","","","","",""
"ALL IN⁠","BWYmkNpo6ALCHXJoEvWXM1CKMbM76En1XR4fcUQSpump","63","3","","","","","","","","","","","","","","","","","","","","","","","","","","","","","","","","","","","","","","","","","","","","","0.000002104","","","","","","","2026-08-06T08:40:34.947Z","","","","","",""
"ALLINU","6uMheZrVchvtQXxTVevJi1ujW3GUvu9gNEtSfrQ7pump","68","7","","","","","","","0.1","642","0","","","0","0.1","912","7","0","3","0","0","0","2064.34","3","1892.27","1892.27","0.556","0.556","-34.24","","0","0","1","0","0","","","","","","","","","","","","0.000002064","0.000002064","","","","","","2026-08-06T08:40:34.961Z","2026-08-06T08:41:34.719Z","","","","",""
"LCAT","DTsECcFKuPJv23X6oNT7bqiC4QFG93Gqu6wNgWMLpump","","","","","","","","","","","","","","","","","","","","","","","","","","","","","","","","","","","","","","","","","","","","","","","","","","","","","3.882e-7","","","","","","2026-08-06T08:40:40.941Z",""
"ALLIN⁠U","Gpm9C1LAhJynFUxG3AD7mNsvpSX9ukpp7zicDzRMpump","61","4","","","","","","","","","","","","","","","","","","","","","","","","","","","","","","","","","","","","","","","","","","","","","0.000002063","","","","","","","2026-08-06T08:40:47.311Z","","","","","",""
"Hardware","5dEW9vQPdUNBR9AGc3aD7uTxDsWW7GpbGgAQkXcBpump","57","2","","","","","","","","","","","","","","","","","","","","","","","","","","","","","","","","","","","","","","","","","","","","","0.000002158","","","","","","","2026-08-06T08:40:52.989Z","","","","","",""
"goon","5ZgyZ9S5q9c4dmPFQmoxDHhJuuoPDtWNteTZi8pupump","70","4.938271603","auto","","35.767","","","","0","0","-80.3","","","-1.6","0","82","4.938271603","0","0","0","0","0","10658.23","3","12593.79","12593.79","0.71","0.71","281","","0","0","1","0","1","","","","","","","","","","","","0.000007363","0.00001065","0.00001065","","","","","2026-08-06T08:41:10.968Z","2026-08-06T08:42:34.949Z","2026-08-06T08:43:10.716Z","","","",""
"Spidermew","7oKME8tiP7wg54cg5uE4o3KkaRLvTipWeDenudqgpump","68","5.491358023","","11.934","","","","","5.6","42","-45.5","","","5.6","0","912","5.491358023","0","1","0","0","0","3643.11","3","750.68","750.68","0.844","0.844","26.12","","0","0","1","0","0","-10.568213011254464","","","","","","","","","","","0.00000345","0.000003643","","","0.000003258","","","2026-08-06T08:41:28.980Z","2026-08-06T08:42:34.800Z","","","2026-08-06T08:42:46.734Z","",""
"Smug","9sRhqcGwWbVLD5RhasxkRddqAnzRRRWzSQcfQWZFpump","","","","36.159","","","","","0","0","-15.2","","","-15.2","0","904","2.593022687","0","0","0","0","0","2435.81","3","191.39","191.39","1","1","0","","0","0","1","0","0","-15.154004106776172","","","","","","","","","","","","0.000002435","","","0.000002066","","","","2026-08-06T08:41:52.771Z","","","2026-08-06T08:42:28.930Z","",""
"INU","6TvVt145zXfJGt6WZ4KVizGPeoSF1cmdvWbtViJUpump","63","2.962962961","","","","","","","","","","","","","","","","","","","","","","","","","","","","","","","","","","","","","","","","","","","","","0.000002064","","","","","","","2026-08-06T08:41:52.938Z","","","","","",""
"Squirt","EPdXFuJGGxfACWrePVRgKGnCPVTvGh7vEx7rw812pump","85","14.814814813","auto","","30","","","","453.1","528","-40.9","","","64","237.3","928","14.814814813","0","0","0","0","0","8348.38","3","28223.45","28223.45","0.611","0.611","81.24","","0","0","1","0","1","","","","","","","","","","","","0.000008068","0.000008348","0.00001002","","","","","2026-08-06T08:41:58.965Z","2026-08-06T08:42:58.736Z","2026-08-06T08:43:28.736Z","","","",""
"J4J","2V6Bk7VuYhK5ChjRKYUsAh8W9QT6Vqfvdr3TG6hCpump","66","0.100015626","","","","","","","0","0","0","","","0","0","906","0.100015626","0","0","1","0","0","4497.91","4","116.53","116.53","0.611","0.611","116","","0","0","1","0","0","","","","","","","","","","","","0.000009493","0.000004497","","","","","","2026-08-06T08:42:10.943Z","2026-08-06T08:44:10.925Z","","","","",""
"EVRY","VP5fftS2rvDKPsvVFEvDmFer4YSsFDmEjvDYkUppump","64","0.246913578","","","","","","","","","","","","","","","","","","","","","","","","","","","","","","","","","","","","","","","","","","","","","0.000002138","","","","","","9.031e-7","2026-08-06T08:42:10.959Z","","","","","2026-08-06T08:44:17.118Z",""
"Poke'Man","9q4vR9VAJhdfWydrBiUV6wwZPVsksCHMkUzSwDw9pump","","","","","","","","","","","","","","","","","","","","","","","","","","","","","","","","","","","","","","","","","","","","","","","","","","","","","5.994e-7","","","","","","2026-08-06T08:42:23.015Z",""
"Squirtle","EuvZLF3JdB7HpDfrwxJFV7ejRMgMKh67ju2iDvwmpump","67","5","","","","","","","0","0","-0.1","","","-0.1","0","902","5","0","1","0","0","0","2090.62","3","1199.82","1199.82","0.615","0.615","-25.68","","0","0","1","0","0","","","","","","","","","","","","0.00000209","0.00000209","","","","","","2026-08-06T08:43:04.915Z","2026-08-06T08:44:04.795Z","","","","",""
"$FOAP","CT3EYe5zBTQBtqQBjxuUrSqacatmovsdCR6PvetUpump","","","","","","","","","","","","","","","","","","","","","","","","","","","","","","","","","","","","","","","","","","","","","","","","","","","","","5.956e-7","","","","","","2026-08-06T08:43:10.940Z",""
"SQUIRTLE","2iZs7ddKtSMFw31H7ht8hdCEfhVX2YJTioTfDBsCpump","60","2.4691358","","","","","","","","","","","","","","","","","","","","","","","","","","","","","","","","","","","","","","","","","","","","","0.000002177","","","","","","","2026-08-06T08:43:16.998Z","","","","","",""
"FUCK","Gg9Eg8G2nZuJrx9441RmfB4UJ27pgD9q5PV54Paypump","","","","","","","","","","","","","","","","","","","","","","","","","","","","","","","","","","","","","","","","","","","","","","","","","","","","","2.834e-7","","","","","","2026-08-06T08:43:29.333Z",""
"AGI","4CZxgjmqSJMJzUq31Pr1yuRNGDdF7YfvEjsbWMUfpump","57","2","","","","","","","","","","","","","","","","","","","","","","","","","","","","","","","","","","","","","","","","","","","","","0.000002456","","","","","","","2026-08-06T08:43:35.017Z","","","","","",""
"JINPACHI","MukT4cBMs5sdHzKnv75v79ULjN6HSLgLABzPjBhpump","","","","","","","","","","","","","","","","","","","","","","","","","","","","","","","","","","","","","","","","","","","","","","","","","","","","","0.000002103","","","","","","2026-08-06T08:43:35.025Z",""
"FREAK","SbCUdTyYFcXkcpzRxGeiLGhAQXoByVtxdusWSvYpump","57","2","","","","","","","","","","","","","","","","","","","","","","","","","","","","","","","","","","","","","","","","","","","","","0.000002197","","","","","","","2026-08-06T08:43:35.036Z","","","","","",""
"LOL","ASLLffPypvpAxWvAzb9oPwQ4tKPhsjkT5FBpek6qpump","","","","","","","","","","","","","","","","","","","","","","","","","","","","","","","","","","","","","","","","","","","","","","","","","","","","","2.696e-7","","","","","","2026-08-06T08:43:40.976Z",""
"Squirtle","4aQYKqAtg1XhaYvZCUVxd6PDJP134KWm11boRq6Ypump","63","3","","","","","","","","","","","","","","","","","","","","","","","","","","","","","","","","","","","","","","","","","","","","","0.000002689","","","","","","","2026-08-06T08:43:52.970Z","","","","","",""
"Cum","2i4mwCahgfiKzwXbyWyPs9E2xSER5B3tcDmBuhVJpump","70","6","","","","","","","","","","","","","","","","","","","","","","","","","","","","","","","","","","","","","","","","","","","","","0.000002075","","","","","","","2026-08-06T08:44:05.023Z","","","","","",""
"Squirtle","AcaDzoHQSHZtFHoSzUzyahmcF17Sp4bLBKNapsXHpump","63","3","","","","","","","","","","","","","","","","","","","","","","","","","","","","","","","","","","","","","","","","","","","","","0.000002065","","","","","","","2026-08-06T08:44:34.949Z","","","","","",""
"SNOWBALL","FwDyr7eCwHWrvGjru9GoruMkWsm4GC9mHHje8Rcbpump","64","5","","","","","","","0","0","-5.9","","","-1.3","0","920","5","0","2","0","0","0","2197.52","3","1094.79","1094.79","0.615","0.615","-21.82","","0","0","1","0","0","","","","","","","","","","","","0.000002197","0.000002197","","","","","","2026-08-06T08:44:34.994Z","2026-08-06T08:45:46.821Z","","","","",""
"CONG","7GUNEcWKGYBpiHjEqU1CTeKiz4rhZW3nuv2w43x4pump","67","3.85185185","","","","","","","","","","","","","","","","","","","","","","","","","","","","","","","","","","","","","","","","","","","","","0.000002066","","","","","","","2026-08-06T08:44:52.991Z","","","","","",""
"Poke-X","FvHo34dVh62ZoCv3gxns1YTHBfjHxVjNETka6muxpump","","","","","","","","","","","","","","","","","","","","","","","","","","","","","","","","","","","","","","","","","","","","","","","","","","","","","7.075e-8","","","","","","2026-08-06T08:45:05.031Z",""
"goon","6Cur6ijQqSBDp7jbNjuKQ1YeyVBA9hmjqRi5dSbipump","66","4.938271603","","","","","","","","","","","","","","","","","","","","","","","","","","","","","","","","","","","","","","","","","","","","","0.000002106","","","","","","","2026-08-06T08:45:05.067Z","","","","","",""
"SMISKI","G1H8kfxFEWirr2P3FiNgamRcAuxS5iHcqRiLJCNbpump","71","5","","","","","","","","","","","","","","","","","","","","","","","","","","","","","","","","","","","","","","","","","","","","","0.000002191","","","","","","","2026-08-06T08:45:16.940Z","","","","","",""
"HALO","F4NWUbckgzPabMk4XBsVjrCJR6t1M8qUrXVuD4uLpump","71","5","","","","","","","","","","","","","","","","","","","","","","","","","","","","","","","","","","","","","","","","","","","","","0.000002065","","","","","","","2026-08-06T08:45:17.007Z","","","","","",""
"HALO","GM22K62g23U3h1H7Mn3nkCZ9e2UNVn6R2KGKxd1Spump","56","3","","","","","","","","","","","","","","","3","0","2","0","0","0","2066.79","4","7752.84","7752.84","0.702","0.702","-17.31","","0","0","1","0","0","","","","","","","","","","","","0.000002736","0.000002066","","","","","","2026-08-06T08:45:28.941Z","2026-08-06T08:48:04.793Z","","","","",""
"HALO","WxngDCrMBuPzTdvpxME7aMicZvJhSnitaby9kuapump","71","5","","","","","","","","","","","","","","","","","","","","","","","","","","","","","","","","","","","","","","","","","","","","","0.000002186","","","","","","","2026-08-06T08:45:28.991Z","","","","","",""
"goon","F6f55LJ9Kuge18Zkfo9HTeV5FwXoiHTKcdLBs9RNpump","63","3","","","","","","","","","","","","","","","","","","","","","","","","","","","","","","","","","","","","","","","","","","","","","0.000002065","","","","","","","2026-08-06T08:45:34.929Z","","","","","",""
"SMISKI","J3dHUz9KjWhGrbF9UAvP3QsmBfAw9Xj8jEivL2Mvpump","62","5","","","","","","","0","0","0","","","0","0","914","5","0","3","0","0","0","2065.33","3","1182.74","1182.74","0.556","0.556","-26.53","","0","0","1","0","0","","","","","","","","","","","","0.000002065","0.000002065","","","","","","2026-08-06T08:45:47.286Z","2026-08-06T08:47:22.918Z","","","","",""
"Mamdani","6fzCSuoEXTcEBVGRBdfg6Mheqb3VW3ut3XACEMTMpump","63","3","","","","","","","","","","","","","","","","","","","","","","","","","","","","","","","","","","","","","","","","","","","","","0.000002169","","","","","","","2026-08-06T08:46:10.959Z","","","","","",""
"HALO","ABvXzsvQdd3tiXoRDWfhW85yFGHHy2EZT9vokP3Tpump","64","4.938271603","","","","","","","","","","","","","","","","","","","","","","","","","","","","","","","","","","","","","","","","","","","","","0.000002187","","","","","","","2026-08-06T08:46:10.961Z","","","","","",""
"FROK","3d9N663LhhpSqHkDT8CkBmMNv2dffq9m16wg1N33pump","57","1.97530864","","","","","","","","","","","","","","","","","","","","","","","","","","","","","","","","","","","","","","","","","","","","","0.0000022","","","","","","","2026-08-06T08:46:16.941Z","","","","","",""
"Squirt","CNm1ZoDbJb1hhrf94JZx8uHMqAtRZU6MULA1ufSZpump","67","5","","","","","","","","","","","","","","","","","","","","","","","","","","","","","","","","","","","","","","","","","","","","","0.000002176","","","","","","","2026-08-06T08:46:17.041Z","","","","","",""
"EVRY","Dw8CNhGpaybzsvN1Nk2ST3Hq48RA1Ww7FBDbxg5pump","","","","","","","","","","","","","","","","","","","","","","","","","","","","","","","","","","","","","","","","","","","","","","","","","","","","","4.331e-7","","","","","","2026-08-06T08:46:17.043Z",""
"CarbFi","BQJA4fudxdHZRrGhbeCkY23wGzv4PuH2UXetCpk6pump","62","0.120018751","","","","","","","0","0","0","","","0","0","920","0.120018751","0","1","1","0","0","18633.44","5","2420.56","2420.56","0.557","0.557","795","","0","0","1","0","0","","","","","","","","","","","","0.00001865","0.00001863","","","","","","2026-08-06T08:46:22.942Z","2026-08-06T08:49:16.932Z","","","","",""
"Mamdani","91tNiC1AcU1saorf1hMS87hryL7BL1vWUffB9DDppump","58","3","","","","","","","","","","","","","","","","","","","","","","","","","","","","","","","","","","","","","","","","","","","","","0.000002085","","","","","","","2026-08-06T08:47:04.989Z","","","","","",""
"Arianna","FiRQRspoYNh9DLrqJkHnf2cPo96AkvBHPWcijDBApump","70","4.938271603","","","","","","","","","","","","","","","","","","","","","","","","","","","","","","","","","","","","","","","","","","","","","0.000004596","","","","","","","2026-08-06T08:47:04.991Z","","","","","",""
"Spidermew","GoR3jvGwv9GXWDwdTAwEwqZCNDq2hrGhoNEjuCKNpump","66","5.412345678","","","","","","","0","0","0","","","0","0","920","5.412345678","0","2","0","0","0","2101.6","3","865.54","865.54","0.727","0.727","-27.01","","0","0","1","0","0","","","","","","","","","","","","0.000002101","0.000002101","","","","","","2026-08-06T08:47:10.937Z","2026-08-06T08:48:46.932Z","","","","",""
"FunkoOo","CVuWvFzaxPQRjjVYtq4QN1dLjsxMstPyySTsc4m8pump","","","","","","","","","","","","","","","","","","","","","","","","","","","","","","","","","","","","","","","","","","","","","","","","","","","","","3.056e-7","","","","","","2026-08-06T08:47:16.914Z",""
"Arianna","6xhZnyYbNFaesRMvPKaN7XchByCH7saWLxg6mPDJpump","58","3","","","","","","","","","","","","","","","","","","","","","","","","","","","","","","","","","","","","","","","","","","","","","0.000006631","","","","","","","2026-08-06T08:47:35.340Z","","","","","",""
"Throb","9dGpjc1cexnE5iH2mMyAuMyX2We3oSwrJz18vefMpump","57","1.97530864","","","","","","","","","","","","","","","","","","","","","","","","","","","","","","","","","","","","","","","","","","","","","0.000002197","","","","","","","2026-08-06T08:47:41.377Z","","","","","",""
"チェン","4bm7BfcTJoStkbvcGJeCt2yVCRkSzyHpJ4cP5W3ipump","59","4","","","","","","","","","","","","","","","","","","","","","","","","","","","","","","","","","","","","","","","","","","","","","0.000003411","","","","","","","2026-08-06T08:47:46.973Z","","","","","",""
"HALO","DYxaRocMpf1Lc4ZWfKRhRXGQWB7D1vWLCLTRhoFipump","57","3.950617282","","","","","","","","","","","","","","","","","","","","","","","","","","","","","","","","","","","","","","","","","","","","","0.000002177","","","","","","","2026-08-06T08:48:16.999Z","","","","","",""
"EVRY","S7EApv6dtGnmGp7ZzfBsxxQ3keAWNsRiDCFE49Npump","60","0.246913578","","","","","","","","","","","","","","","","","","","","","","","","","","","","","","","","","","","","","","","","","","","","","0.000003674","","","","","","1.562e-7","2026-08-06T08:48:28.966Z","","","","","2026-08-06T08:49:46.919Z",""
"Arianna","CDme1pmnxGvSkiyEmtGJ6CS454x2JPLFzEEtRUrwpump","56","2.962962961","","","","","","","","","","","","","","","","","","","","","","","","","","","","","","","","","","","","","","","","","","","","","0.000002128","","","","","","","2026-08-06T08:48:40.941Z","","","","","",""
"LOL","C4penB4o6WCNX2mnGtXosgCDGAN7gq6SFbBdPQA1pump","","","","","","","","","","","","","","","","","","","","","","","","","","","","","","","","","","","","","","","","","","","","","","","","","","","","","4.033e-7","","","","","","2026-08-06T08:48:52.935Z",""
"BOO","FECPPotfrUdHZrF3oubGZ4DPoEWy1PUJiTXnE3z3pump","","","","","","","","","0.1","68","0","","","0","0.1","918","0.250039066","0","0","1","0","0","2119.08","3","28.05","28.05","1","1","0.87","","0","0","1","0","0","","","","","","","","","","","","","0.000002119","","","","","","","2026-08-06T08:48:58.945Z","","","","",""
"10X","3GfoKTGc4Rin4owXCo2rw3xZkm3M6vYmBgRfpqJPpump","64","0.250039066","","","","","","","","","","","","","","","","","","","","","","","","","","","","","","","","","","","","","","","","","","","","","0.000005337","","","","","","3.392e-7","2026-08-06T08:49:04.928Z","","","","","2026-08-06T08:49:46.942Z",""
"timmy","hrDjwjwe9YyktbFrBrNNMwYJcgKSgawR8LpK4nCpump","57","1.97530864","","","","","","","","","","","","","","","","","","","","","","","","","","","","","","","","","","","","","","","","","","","","","0.000002067","","","","","","","2026-08-06T08:49:16.930Z","","","","","",""
"THE DUVEE","CJAdw3mNsidT2PF55rVhVb5UpmHh9AthcWiWTt1Lpump","89","5.925925924","","","","","","","0","0","0","","","0","0","904","5.925925924","0","1","1","0","0","2254.96","3","1541.51","1541.51","0.6","0.6","-23.95","","0","0","1","0","0","","","","","","","","","","","","0.000002254","0.000002254","","","","","","2026-08-06T08:49:22.926Z","2026-08-06T08:50:52.947Z","","","","",""
"BLAGRE","4JkaQY9KnFbE5NuJAo9XHATrSE9y9gtasfgv4RZ1pump","81","2.962962961","","","","","","","","","","","","","","","","","","","","","","","","","","","","","","","","","","","","","","","","","","","","","0.000001683","","","","","","","2026-08-06T08:49:22.983Z","","","","","",""
"Ariana","D7g6MGDACCVWB6SGjULNSacQsUcXSizWC8cRYS2Zpump","58","3","","","","","","","","","","","","","","","","","","","","","","","","","","","","","","","","","","","","","","","","","","","","","0.00000216","","","","","","","2026-08-06T08:49:23.003Z","","","","","",""
"Pentagon","DbPnqPbvoPLY6xwpERZz4J11o49s5zA6JNuq6Lqopump","57","4","","","","","","","","","","","","","","","","","","","","","","","","","","","","","","","","","","","","","","","","","","","","","0.000002527","","","","","","","2026-08-06T08:49:29.011Z","","","","","",""
"MASON","7AnYrbWHJsG5F1vAr2K1swPrcj49P8EGafSwHkgvpump","58","3","","","","","","","","","","","","","","","","","","","","","","","","","","","","","","","","","","","","","","","","","","","","","0.000002198","","","","","","","2026-08-06T08:49:34.975Z","","","","","",""
"Spidermew","Bn9zj5iH6MnzjpM4kr6unjXzkpsHcwZMRmjiNjWpump","64","5.609876542","","","","","","","0","0","0","","","0","0","908","5.609876542","0","3","0","0","0","2109.23","3","881.74","881.74","0.833","0.833","-27.6","","0","0","1","0","0","","","","","","","","","","","","0.000002109","0.000002109","","","","","","2026-08-06T08:49:35.111Z","2026-08-06T08:50:58.932Z","","","","",""
"Nolan","3q1scWfBpB1vWUfGsm6MnFKfBLqQj8NPLdNvJDTupump","71","5","","","","","","","","","","","","","","","","","","","","","","","","","","","","","","","","","","","","","","","","","","","","","0.000002108","","","","","","","2026-08-06T08:49:40.942Z","","","","","",""
"Pentadog","6YnVHNT1Atx774gxYKXaeBTi6dZ3R6aVLQbbi7mupump","71","5","","","","","","","","","","","","","","","","","","","","","","","","","","","","","","","","","","","","","","","","","","","","","0.000003591","","","","","","","2026-08-06T08:49:40.946Z","","","","","",""
"UFC","2pjSTfuh8caUZ4vj14VZHeE6R3Uv4KPrENTfPrV5pump","","","","","","","","","","","","","","","","","","","","","","","","","","","","","","","","","","","","","","","","","","","","","","","","","","","","","7.828e-7","","","","","","2026-08-06T08:49:59.025Z",""
"tPEG","hYABqnHuiSZB6SGgXrNCqLyuVFHBiLqBKddB5vdpump","60","2.44","","","","","","","","","","","","","","","","","","","","","","","","","","","","","","","","","","","","","","","","","","","","","0.000002069","","","","","","","2026-08-06T08:50:11.040Z","","","","","",""
"helicat","8s9PTQMfdPTh8LpyNBAG8vvo4BbDdxR1Ygsgqfmpump","63","2.962962961","","","","","","","","","","","","","","","","","","","","","","","","","","","","","","","","","","","","","","","","","","","","","0.00000286","","","","","","","2026-08-06T08:50:28.929Z","","","","","",""
"ROGBAN","56hBgFsdtt3zAVrgvoferALrUbFVq3qXzATwAN7Vpump","79","2.962962961","","","","","","","","","","","","","","","","","","","","","","","","","","","","","","","","","","","","","","","","","","","","","0.000002067","","","","","","","2026-08-06T08:50:46.899Z","","","","","",""
"BAJUM","4VANEtkJJ9nje6eQzLrssaPewqeWoAh8WgsvpT7Kpump","71","5","","","","","","","","","","","","","","","","","","","","","","","","","","","","","","","","","","","","","","","","","","","","","0.000002199","","","","","","","2026-08-06T08:50:52.917Z","","","","","",""
"yoagent","Bbz2aMtgoH65Vft7DGyzuEMJAnm6YVvCBAr7jbR9pump","63","2.962962961","","","","","","","0","0","-41.3","","","-41.3","0","906","2.962962961","0","0","0","0","0","3525.66","3","3986.86","3986.86","0.623","0.623","41.23","","0","0","1","0","1","","","","","","","","","","","","0.000002578","0.000003525","","","","","","2026-08-06T08:51:11.004Z","2026-08-06T08:52:40.921Z","","","","",""
"TRAMAL","4wUg3qArUVwbsrQ85MYfPxzc53ypTAb5AeRMy8kqpump","56","3","","","","","","","","","","","","","","","3","0","2","0","0","0","5422.42","3","13625.71","13625.71","0.544","0.544","117","","0","0","1","0","1","","","","","","","","","","","","0.000003536","0.000005422","","","","","","2026-08-06T08:51:17.003Z","2026-08-06T08:52:46.926Z","","","","",""
"CRIINF","26j2gwC2UodruDU1YaS6sB1v6FvsNRSsYFXmaUq3pump","78","2.962962961","","","","","","","","","","","","","","","","","","","","","","","","","","","","","","","","","","","","","","","","","","","","","0.000002068","","","","","","","2026-08-06T08:51:17.016Z","","","","","",""
"UFCats","HXuCoGwQpdXiQ3Tx6K5vZ7hSc8ag6UV2EJsXVDBpump","58","0.15002344","","","","","","","","","","","","","","","","","","","","","","","","","","","","","","","","","","","","","","","","","","","","","0.00000461","","","","","","","2026-08-06T08:51:17.020Z","","","","","",""
"Yellow","C75Xk51fAqE6YnBPhH43hobnqXDTda3sZa6iB7Qbpump","57","1.97530864","","","","","","","","","","","","","","","","","","","","","","","","","","","","","","","","","","","","","","","","","","","","","0.000002068","","","","","","","2026-08-06T08:51:17.026Z","","","","","",""
"Yellow","6eTuotschxXHJaktv1QTKprs4XWH3kf3aVpd4VRapump","57","1.97530864","","","","","","","","","","","","","","","1.97530864","0","0","0","0","0","2184.17","3","4596.45","4596.45","0.69","0.69","-7.03","","0","0","1","0","0","","","","","","","","","","","","0.000002184","0.000002184","","","","","","2026-08-06T08:51:28.927Z","2026-08-06T08:52:52.913Z","","","","",""
"Spidermew","7Pv8Fadk51c7izAVPcGNbjt1q4y5z7Q6b5cxKhzgpump","67","7.190123455","","","","","","","0","0","0","","","0","0","904","7.190123455","0","4","0","0","0","2106.61","3","1117.23","1117.23","0.833","0.833","-33.72","","0","0","1","0","0","","","","","","","","","","","","0.000002106","0.000002106","","","","","","2026-08-06T08:51:28.942Z","2026-08-06T08:52:52.925Z","","","","",""
"EDS","5nEtQ1g3NKhoYUz13XpGNKX5MVbtKVJF2hWRV85Gpump","66","0.098765431","","","","","","","0","0","0","","","0","0","904","0.098765431","0","0","1","0","0","3505.59","3","24.76","24.76","0.8","0.8","68.42","","0","0","1","0","0","","","","","","","","","","","","0.000003505","0.000003505","","","","","","2026-08-06T08:51:34.939Z","2026-08-06T08:52:52.740Z","","","","",""
"CHAGOL","hZFHiixCTMAhfhiGQMw2mfZRiQVQaXfAmAHtJWrpump","","","","","","","","","0","0","0","","","0","0","906","2.4691358","0","3","1","0","0","2067.29","3","474.67","474.67","0.667","0.667","-14.63","","0","0","1","0","0","","","","","","","","","","","","","0.000002067","","","","","","","2026-08-06T08:51:40.952Z","","","","",""
"Lol","8c8XQSeUHbpB9EJm9VAMSdE7qjiYibTXE61kvEt9pump","","","","","","","","","","","","","","","","","","","","","","","","","","","","","","","","","","","","","","","","","","","","","","","","","","","","","3.853e-7","","","","","","2026-08-06T08:51:46.907Z",""
"SCRVAN","Gp96JxRfp6MUZMAhTBYeP2zW1o3rrLBHeu3BCJmQpump","","","","","","","","","","","","","","","","","","","","","","","","","","","","","","","","","","","","","","","","","","","","","","","","","","","","","1.253e-7","","","","","","2026-08-06T08:51:46.913Z",""
"TST","6bji6LuEYqBQPd6Rn5T9ZajhYfp8ACCGjV4QjFJJBULL","75","7","","23.906","","","","","0","0","-34.7","","","-34.7","0","908","7","0","0","0","0","0","3167.08","3","538.58","538.58","0.733","0.733","0.66","","0","0","1","0","0","-34.67003473318598","","","","","","","","","","","0.000003167","0.000003167","","","0.000002069","","","2026-08-06T08:52:10.926Z","2026-08-06T08:53:28.797Z","","","2026-08-06T08:53:52.703Z","",""
"TRAMAL","A2h9jHD37q9fvtpxy9DKBePcCt7JYE285CDsJF3Npump","61","5","","","","","","","","","","","","","","","","","","","","","","","","","","","","","","","","","","","","","","","","","","","","","0.000002067","","","","","","","2026-08-06T08:52:16.969Z","","","","","",""
"EVRY","8kDZxLjTWPYAzfqawmzH4N6yByiVq6nP7ZbVaGCdpump","","","","","","","","","","","","","","","","","","","","","","","","","","","","","","","","","","","","","","","","","","","","","","","","","","","","","0.000001121","","","","","","2026-08-06T08:52:16.975Z",""
"Sandbox","9usHSa5rj8gNQNmNxbXZFNpcct324DQAtBjSeKTFpump","57","1.97530864","","","","","","","","","","","","","","","","","","","","","","","","","","","","","","","","","","","","","","","","","","","","","0.000002979","","","","","","","2026-08-06T08:52:34.949Z","","","","","",""
"TRAMAL","A5EoRXfwDBYWWcXrnDsunBKz7mZ65J32Tip7H3WXpump","57","1.97530864","","","","","","","","","","","","","","","","","","","","","","","","","","","","","","","","","","","","","","","","","","","","","0.000002083","","","","","","","2026-08-06T08:52:34.989Z","","","","","",""
"TIMMY","3wMUBy16uwgQRV2rUsuX2bvQgAsL4sCcm5CYpboSpump","69","4.444444442","auto","64.61","30.215","4.477","31.486","yes","56.7","130","-82.4","yes","64","38.3","13.3","330","4.444444442","0","0","0","0","0","9996.11","3","26614.61","26614.61","0.559","0.559","267","","0","0","1","0","1","13.845538215286105","22.28942641361623","-6.904839155734195","-24.75","13.06","BREAK_EVEN_SL","","","","","0.067725","0.000009365","0.000009996","0.000009996","0.00001222405106430508","0.00001138","0.00001138","","2026-08-06T08:52:58.963Z","2026-08-06T08:54:17.024Z","2026-08-06T08:54:47.239Z","2026-08-06T08:54:51.716Z","2026-08-06T08:55:21.634Z","","2026-08-06T08:55:23.202Z"
"TRAMAL","H7M4JWLkwFa4xZQubVQGQubLAzkER9p2XVnQLJtPpump","57","1.97530864","","","","","","","","","","","","","","","1.97530864","0","0","0","0","0","2067.29","3","2170.44","2170.44","0.625","0.625","-11.99","","0","0","1","0","0","","","","","","","","","","","","0.000002067","0.000002067","","","","","","2026-08-06T08:53:04.953Z","2026-08-06T08:54:16.696Z","","","","",""
"RABSPE","9NVuESSPcrqTj2c6y266eD1vb7codnproSDTtUwApump","","","","","","","","","","","","","","","","","","","","","","","","","","","","","","","","","","","","","","","","","","","","","","","","","","","","","4.436e-7","","","","","","2026-08-06T08:53:04.965Z",""
"鳩","HEYFjZW8bCLLWHQ1YyKodc2bBWDHbmCbQyhrX6x2pump","56","4","","","","","","","","","","","","","","","4","0","5","0","0","0","6351.33","3","6305.97","6305.97","0.637","0.637","139","","0","0","1","0","1","","","","","","","","","","","","0.000004434","0.000006351","","","","","","2026-08-06T08:53:22.915Z","2026-08-06T08:54:22.698Z","","","","",""
"son","6hBTWA84xzYwTqERfM1uF7XnhpiexiFBTgZDPbPzpump","62","0.250039066","","","","","","","0","0","0","","","0","0","902","0.250039066","0","2","1","0","0","5352.4","3","102.27","102.27","0.727","0.727","155","","0","0","1","0","0","","","","","","","","","","","","0.000005352","0.000005352","","","","","","2026-08-06T08:53:28.924Z","2026-08-06T08:54:34.689Z","","","","",""
"MANAGE","3ry6bJrs4fY5acb1m9zSDDfVLAEMe8z1g1x7tvDgpump","","","","","","","","","","","","","","","","","","","","","","","","","","","","","","","","","","","","","","","","","","","","","","","","","","","","","2.13e-7","","","","","","2026-08-06T08:53:34.940Z",""
"鳩","13nQWNK4Z89iz8sB5KUCcsZXD2M84YrKox87DhLFpump","58","3","","","","","","","","","","","","","","","","","","","","","","","","","","","","","","","","","","","","","","","","","","","","","0.000002828","","","","","","","2026-08-06T08:53:46.946Z","","","","","",""
"TIMMY","dc3KkArXmYQam3gHWBu2YZUdfSKBR3iunnJraMLpump","56","3","","","","","","","","","","","","","","","","","","","","","","","","","","","","","","","","","","","","","","","","","","","","","0.000002199","","","","","","","2026-08-06T08:53:46.963Z","","","","","",""
"starpe","Dq6ThcBRqDUf9nz9q2G684E8tGhHGVKGDWyJG2EQpump","","","","","","","","","","","","","","","","","","","","","","","","","","","","","","","","","","","","","","","","","","","","","","","","","","","","","2.305e-7","","","","","","2026-08-06T08:54:04.921Z",""
"HEAL","AdjFV3vnUDMZZ6PUHt5PMW6jsVsLroq7qrx1oyCjpump","57","1.97530864","","","","","","","","","","","","","","","","","","","","","","","","","","","","","","","","","","","","","","","","","","","","","0.000002087","","","","","","","2026-08-06T08:54:10.951Z","","","","","",""
"DOOGRE","PZqkCaywr6RuNmjctVTs5vQgWCqPznLKCZugujJpump","","","","","","","","","","","","","","","","","","","","","","","","","","","","","","","","","","","","","","","","","","","","","","","","","","","","","6.636e-7","","","","","","2026-08-06T08:54:10.987Z",""
"son","3wiLuHcciFKGnFtD727Z5gXFVsCcfU9swK69AD55pump","","","","","","","","","","","","","","","","","","","","","","","","","","","","","","","","","","","","","","","","","","","","","","","","","","","","","2.96e-7","","","","","","2026-08-06T08:54:11.016Z",""
"4","78oXu231PgaJicoFBiBjNQUwC4dWYoRTPGx9fMEupump","60","5","","","","","","","","","","","","","","","","","","","","","","","","","","","","","","","","","","","","","","","","","","","","","0.000002785","","","","","","","2026-08-06T08:54:28.906Z","","","","","",""
"TIMMY","FvSaqkGhbvG4woTnz24CMxyW6upjirru9Xcxcm3Cpump","67","5","","","","","","","","","","","","","","","","","","","","","","","","","","","","","","","","","","","","","","","","","","","","","0.000002159","","","","","","","2026-08-06T08:54:28.933Z","","","","","",""
"MRBISH","BeJFPpknrj8rMLZycSQgS9wi89AMfkRVeAs4qSKDpump","","","","","","","","","","","","","","","","","","","","","","","","","","","","","","","","","","","","","","","","","","","","","","","","","","","","","0.0000011","","","","","","2026-08-06T08:54:40.981Z",""
"lioness","7mrhMtcZuEKWbQCXxykZV26UKjQ1osXWrYFP6k1vpump","","","","","","","","","","","","","","","","","","","","","","","","","","","","","","","","","","","","","","","","","","","","","","","","","","","","","0.000001118","","","","","","2026-08-06T08:54:40.987Z",""
"son","GSAFpsZJpAuDg4qe7Wp7eCeggwUNTixC82tDwoSipump","58","0.246913578","","","","","","","","","","","","","","","0.246913578","0","4","1","0","0","4054.97","3","84.07","84.07","0.625","0.625","92.6","","0","0","1","0","0","","","","","","","","","","","","0.000004054","0.000004054","","","","","","2026-08-06T08:54:47.005Z","2026-08-06T08:55:58.943Z","","","","",""
"FROG","DiN7h1GAz2rgNahKr1VPg6f2ueER2Tda1WPk1qEcpump","58","2.962962961","","","","","","","","","","","","","","","","","","","","","","","","","","","","","","","","","","","","","","","","","","","","","0.000002069","","","","","","","2026-08-06T08:54:52.924Z","","","","","",""
"EVRY","7zpeeUDhr7VNPiiYoEd49qcWhdwU2AnmqEDf6kK2pump","","","","","","","","","","","","","","","","","","","","","","","","","","","","","","","","","","","","","","","","","","","","","","","","","","","","","7.457e-7","","","","","","2026-08-06T08:54:58.965Z",""
"LINDSEY⁠","8K5G2FV15fMbESH5cvQyGuNtKeVXUkfkXpdJUT8Jpump","71","5","","","","","","","","","","","","","","","","","","","","","","","","","","","","","","","","","","","","","","","","","","","","","0.000002818","","","","","","","2026-08-06T08:55:04.970Z","","","","","",""
"UNHPIR","8VVC7MkvXM7FSFGe39mzviPWxBm4Sw14dtdNuJbCpump","","","","","","","","","","","","","","","","","","","","","","","","","","","","","","","","","","","","","","","","","","","","","","","","","","","","","2.883e-7","","","","","","2026-08-06T08:55:11.001Z",""
"Squirt","7P3YZvHKaQmN1rHN8nyZgUN43xrdJ17XmLWdj5vUpump","100","0","","","","","","","","","","","","","","","","","","","","","","","","","","","","","","","","","","","","","","","","","","","","","0.000002093","","","","","","","2026-08-06T08:55:11.020Z","","","","","",""
"BF","2jPBn4NEcav236BvYMHP2jAvNWMeGfmuoUnmtzrapump","72","0.493827158","","","","","","","","","","","","","","","","","","","","","","","","","","","","","","","","","","","","","","","","","","","","","0.00000141","","","","","","","2026-08-06T08:55:11.043Z","","","","","",""
"$WANSEM","E1zh4Z5J6mbxzC3HqBmEmQXo3fjX6ssgdaAjA51Spump","","","","","","","","","","","","","","","","","","","","","","","","","","","","","","","","","","","","","","","","","","","","","","","","","","","","","4.79e-8","","","","","","2026-08-06T08:55:34.984Z",""
"BLAGRE","AYrcSLWvhT5s3NM4qx5fT8uLRLbxZdSFpv8oFvTQpump","","","","","","","","","","","","","","","","","","","","","","","","","","","","","","","","","","","","","","","","","","","","","","","","","","","","","6.007e-7","","","","","","2026-08-06T08:55:47.712Z",""
"IDK","Fk6xfaJ3j9fR9Qr77UZiovzYwmQqePQ5xK7MxbYCpump","","","","","","","","","","","","","","","","","","","","","","","","","","","","","","","","","","","","","","","","","","","","","","","","","","","","","6.489e-7","","","","","","2026-08-06T08:55:47.811Z",""
"TIMMY","AJ7A3u9PpLNZY7ftYTkc5jcWhoEwmTLqgSa5GBkppump","59","5","","","","","","","","","","","","","","","","","","","","","","","","","","","","","","","","","","","","","","","","","","","","","0.00000235","","","","","","","2026-08-06T08:55:53.021Z","","","","","",""
"lioness","55XzrpyDCrFnXkWCzaWijgseaQWY9TJDLULxKrrspump","62","0.098765431","","","","","","","","","","","","","","","","","","","","","","","","","","","","","","","","","","","","","","","","","","","","","0.000001989","","","","","","","2026-08-06T08:55:53.028Z","","","","","",""
"COMO","CtA3UGC3W9BPgk3Bntg4bDM36Qgmf6kxaK9XxvHMpump","63","2.962962961","","","","","","","","","","","","","","","","","","","","","","","","","","","","","","","","","","","","","","","","","","","","","0.00000268","","","","","","","2026-08-06T08:55:53.045Z","","","","","",""
"Spidermew","692C4PsqsVT3vnqcuuj4Vq6PmXUugk6f4hSrrW1Hpump","63","5.925925924","","","","","","","75.7","234","-72.4","","","-23.7","130.2","904","5.925925924","0","5","0","0","0","4334.01","3","1023.81","1023.81","0.875","0.875","46.07","","0","0","1","0","0","","","","","","","","","","","","0.000003759","0.000004334","","","","","","2026-08-06T08:55:53.046Z","2026-08-06T08:56:52.712Z","","","","",""
"Spidermew","D2c4NwtHkuGfLu3cRRJrT7f2YSmVCkEr4zqypPfDpump","57","1.97530864","","","","","","","","","","","","","","","","","","","","","","","","","","","","","","","","","","","","","","","","","","","","","0.000002086","","","","","","","2026-08-06T08:55:58.906Z","","","","","",""
"CHAROC","DwMUWeQ3QC7ZFfYChsyzgWhpmLLiNU9xjEJBPhMrpump","","","","","","","","","","","","","","","","","","","","","","","","","","","","","","","","","","","","","","","","","","","","","","","","","","","","","2.671e-8","","","","","","2026-08-06T08:56:28.902Z",""
"POLYESTER","7EK6UGZLrC3kJsuoTBwXWVsVVTsNFb9Ei4r6wbu7pump","","","","","","","","","","","","","","","","","","","","","","","","","","","","","","","","","","","","","","","","","","","","","","","","","","","","","3.521e-7","","","","","","2026-08-06T08:56:34.925Z",""
"TIMMY","7FwaqTDLCANW1Z3dM1bhaov3Gx8rjLM3KtP1fDhcpump","58","5","","","","","","","","","","","","","","","","","","","","","","","","","","","","","","","","","","","","","","","","","","","","","0.000002351","","","","","","","2026-08-06T08:56:34.947Z","","","","","",""
"SUSO","Cr1b5grNaaAzRMLSXW3JxE2UNNbJsi9JBqndsGeBpump","72","5.5","","","","","","","","","","","","","","","","","","","","","","","","","","","","","","","","","","","","","","","","","","","","","0.000002184","","","","","","","2026-08-06T08:56:34.950Z","","","","","",""
"SUSO","2vgPfMQeeAQQxAAJo4BmY9Jy5Sb35AKKgjt2SEjCpump","57","1.97530864","","","","","","","","","","","","","","","","","","","","","","","","","","","","","","","","","","","","","","","","","","","","","0.000002086","","","","","","","2026-08-06T08:56:46.922Z","","","","","",""
"lioness","GmLusZdLW2BwWfpvAZPYHd3mrYdvSVz4SyVvmaEopump","","","","","","","","","","","","","","","","","","","","","","","","","","","","","","","","","","","","","","","","","","","","","","","","","","","","","2.223e-7","","","","","","2026-08-06T08:56:58.985Z",""
"ESEX","6TmKcaHhAi6Wq5UKKqE2zPgMRDqUR2rHz3c1Yuoqpump","63","3","","","","","","","","","","","","","","","","","","","","","","","","","","","","","","","","","","","","","","","","","","","","","0.00000218","","","","","","","2026-08-06T08:57:04.906Z","","","","","",""
"SUSO","8reqZELKHzpTgD97CSLjUyQknBmN7MeZtf1TSf6cpump","57","1.97530864","","","","","","","","","","","","","","","1.97530864","0","0","0","0","0","11464.53","3","12623.27","12623.27","0.664","0.664","388","","0","0","1","0","1","","","","","","","","","","","","0.00000956","0.00001146","","","","","","2026-08-06T08:57:28.977Z","2026-08-06T08:58:34.744Z","","","","",""
"UNUSWUP","MjfVYBczPuQN95otN8qhux7pVwXPoBEayLBwRBqpump","56","3","","","","","","","","","","","","","","","","","","","","","","","","","","","","","","","","","","","","","","","","","","","","","0.000002069","","","","","","","2026-08-06T08:57:29.001Z","","","","","",""
"B&A","7gdX4rYmVUkEmhUDAd3dCezvtT8Vi3VSzeCUbZpypump","63","3","","","","","","","","","","","","","","","","","","","","","","","","","","","","","","","","","","","","","","","","","","","","","0.000002069","","","","","","","2026-08-06T08:57:29.007Z","","","","","",""
"TOTH","246ykHaJnZ8NDCZy2gBwcQJPUXmrMnyZTjfjJs7upump","","","","","","","","","","","","","","","","","","","","","","","","","","","","","","","","","","","","","","","","","","","","","","","","","","","","","3.124e-7","","","","","","2026-08-06T08:57:34.908Z",""
"lioness ","HM8mgV3rtYmD2RWcGCzt6bGYGSXZUHk7eGU2s9wmpump","","","","","","","","","","","","","","","","","","","","","","","","","","","","","","","","","","","","","","","","","","","","","","","","","","","","","4.504e-7","","","","","","2026-08-06T08:57:40.925Z",""
"1140","8v4xDHHAmd6x5Tz5Pk9PAEnT2U3u5AZ9ney652Twpump","55","0.100015626","","","","","","","","","","","","","","","","","","","","","","","","","","","","","","","","","","","","","","","","","","","","","0.000002824","","","","","","","2026-08-06T08:57:46.995Z","","","","","",""
"WESLEY","8cfity516xWVNCJDdmazFpWyCtWJSUmRxWFHzbUZpump","","","","","","","","","","","","","","","","","","","","","","","","","","","","","","","","","","","","","","","","","","","","","","","","","","","","","","","","","","","",""
"Sid","ERzRedG1DcTq91HZrg4EGo56asjsheCVCNQNquT4pump","64","5","","","","","","","","","","","","","","","","","","","","","","","","","","","","","","","","","","","","","","","","","","","","","0.00001594","","","","","","","2026-08-06T08:58:05.372Z","","","","","",""
"lioness","4nzMFVqeoQRX2AFVAZ3xt2QF5xgVB4cRJdXtJz2Kpump","55","0.059259258","","","","","","","","","","","","","","","","","","","","","","","","","","","","","","","","","","","","","","","","","","","","","0.000001906","","","","","","","2026-08-06T08:58:28.890Z","","","","","",""
"CEWCAT","opPrNydT4U9xT5RiFyqQifZuhBLzuqNwFgDtjmepump","57","0.200031254","","","","","","","","","","","","","","","0.200031254","0","5","1","0","0","57491.84","3","3129.54","3129.54","0.615","0.615","2642","","0","0","1","0","0","","","","","","","","","","","","0.000002628","0.00005749","","","","","","2026-08-06T08:58:40.904Z","2026-08-06T08:59:40.694Z","","","","",""
"Sid","HzkUR9Rn9XsUEi5AaZLToWR1PCyPKGnMwMdhG9QZpump","58","2.962962961","","","","","","","","","","","","","","","","","","","","","","","","","","","","","","","","","","","","","","","","","","","","","0.000002069","","","","","","","2026-08-06T08:58:58.920Z","","","","","",""
"EVRY","3ipuEqmYYiGXiG1dgiVBKhcajok3UJysmT9Z7czMpump","","","","","","","","","","","","","","","","","","","","","","","","","","","","","","","","","","","","","","","","","","","","","","","","","","","","","1.153e-7","","","","","","2026-08-06T08:58:58.967Z",""
"Sid","8YDCG9nP7PFTY2MRfik9qfxjfPHo9eDXjXpFXYfEpump","66","4.938271603","","","","","","","","","","","","","","","","","","","","","","","","","","","","","","","","","","","","","","","","","","","","","0.000007402","","","","","","","2026-08-06T08:59:10.942Z","","","","","",""
"DOAP ","2wPQrQgPVkKZvumGsvi1KzaeUF6dMZAEmFPPUWLypump","","","","","","","","","","","","","","","","","","","","","","","","","","","","","","","","","","","","","","","","","","","","","","","","","","","","","3.149e-7","","","","","","2026-08-06T08:59:34.910Z",""
"Sid","25gMQScEujftLc5A9aMnfCYY5ncF7yjYeDcUSbxxpump","63","3","","","","","","","","","","","","","","","","","","","","","","","","","","","","","","","","","","","","","","","","","","","","","0.00000207","","","","","","","2026-08-06T08:59:34.911Z","","","","","",""
"AURADOG","9Y3eZJEV81PwsYagDrZSYyrj7Lt39jhU5TLpCgutpump","63","3","","","","","","","0","0","-6.1","","","-1.4","0","910","3","0","0","0","0","0","2202.63","3","807.78","807.78","0.6","0.6","-12.05","","0","0","1","0","0","","","","","","","","","","","","0.000002202","0.000002202","","","","","","2026-08-06T08:59:40.920Z","2026-08-06T09:00:46.685Z","","","","",""
"シド","vKKbRj1tnoyZVuhBpq9mV5w2n9RX6QY56hXBA4cpump","67","3.901234566","","","","","","","","","","","","","","","","","","","","","","","","","","","","","","","","","","","","","","","","","","","","","0.000002202","","","","","","","2026-08-06T08:59:47.024Z","","","","","",""
"SOOTH","pr6CPYPkVi97b9jpQs2RXjg4STdsjy1HbJ5J27Apump","","","","","","","","","","","","","","","","","","","","","","","","","","","","","","","","","","","","","","","","","","","","","","","","","","","","","5.415e-7","","","","","","2026-08-06T08:59:58.949Z",""
"AURADOG","4Q13ngTmfroxC5rt7UmkZUsH1dNSiCw9M4m5KA92pump","57","1.97530864","","","","","","","","","","","","","","","1.97530864","0","0","0","0","0","2093.93","3","8341.01","8341.01","0.674","0.674","-10.96","","0","0","1","0","0","","","","","","","","","","","","0.000002093","0.000002093","","","","","","2026-08-06T08:59:58.983Z","2026-08-06T09:00:58.682Z","","","","",""
"BUGS","EasryTKX9AYS2pV8EHmz5opTxN3m6TqpYdLk1bv3pump","","","","","","","","","","","","","","","","","","","","","","","","","","","","","","","","","","","","","","","","","","","","","","","","","","","","","0.000001206","","","","","","2026-08-06T09:00:10.963Z",""
"Sid","2vz189GBpqJSF8yi29KiaqVEcxdQaq24m7RFS7LDpump","57","2","","","","","","","","","","","","","","","","","","","","","","","","","","","","","","","","","","","","","","","","","","","","","0.000002339","","","","","","","2026-08-06T09:00:28.920Z","","","","","",""
"COIN","Bbvq7jVnojAhKDERd5tiSU15U7kHAQdTRSjpV35ipump","61","2.65","","","","","","","","","","","","","","","","","","","","","","","","","","","","","","","","","","","","","","","","","","","","","0.00000321","","","","","","","2026-08-06T09:00:34.956Z","","","","","",""
"Sid","E78qWcZseh42zArNVGj5c4o4MhePvz1N8yx9ADTNpump","64","5","","","","","","","","","","","","","","","","","","","","","","","","","","","","","","","","","","","","","","","","","","","","","0.000002068","","","","","","","2026-08-06T09:01:17.013Z","","","","","",""
"TOTH","246ymyYKXDo9vyHzrNHE9X7CL5d6XecyE7iV82mMpump","","","","","","","","","","","","","","","","","","","","","","","","","","","","","","","","","","","","","","","","","","","","","","","","","","","","","3.727e-8","","","","","","2026-08-06T09:01:29.076Z",""
"Lino","D8WpC1no9TWPGe2XmAgpeyeD1RckfQn9bworwvrjpump","","","","","","","","","","","","","","","","","","","","","","","","","","","","","","","","","","","","","","","","","","","","","","","","","","","","","8.477e-7","","","","","","2026-08-06T09:01:52.961Z",""
"CRICOM","FLxc26PjwhNmWmqAu5isZCDA3KmBMqACNj7sQWFApump","65","0.0691358","","","","","","","","","","","","","","","","","","","","","","","","","","","","","","","","","","","","","","","","","","","","","0.000002077","","","","","","","2026-08-06T09:01:52.978Z","","","","","",""
"puppy","3n3FvEPJ3zFpDvgRFLfafFQgbSssjbhw9CyBkS4kpump","56","2.962962961","","","","","","","","","","","","","","","","","","","","","","","","","","","","","","","","","","","","","","","","","","","","","0.000005274","","","","","","","2026-08-06T09:02:04.910Z","","","","","",""
"Sid","3GUcFLMXk2JUTDnt7FMDArwceJXv348HxfwhJSGrpump","64","5","","","","","","","","","","","","","","","","","","","","","","","","","","","","","","","","","","","","","","","","","","","","","0.000004124","","","","","","","2026-08-06T09:02:10.908Z","","","","","",""
"Sid","3EHnkzLwhTUBm1dF4BYsPYfskBYV2xFKu4JYvEzNpump","69","10","","","","","","","","","","","","","","","","","","","","","","","","","","","","","","","","","","","","","","","","","","","","","0.00000242","","","","","","","2026-08-06T09:02:16.971Z","","","","","",""
"DOG","2NpQyTCGKtE6i15jUxq6rmirAUprdr2ES8yqBJmFpump","55","2.4691358","","","","","","","","","","","","","","","","","","","","","","","","","","","","","","","","","","","","","","","","","","","","","0.000002198","","","","","","","2026-08-06T09:02:22.908Z","","","","","",""
"CHIPFLATION","5XGS2D4w8CzoVFDSr3Ng8RPMgodTgQaKTWa4g6hYpump","55","4","","","","","","","","","","","","","","","","","","","","","","","","","","","","","","","","","","","","","","","","","","","","","0.00000374","","","","","","","2026-08-06T09:02:22.922Z","","","","","",""
"MOLJUG","7opSdaji6TmkCrqZmQDwLGiXJYFxPaB8GmppVVuEpump","68","0.493827158","","","","","","","","","","","","","","","","","","","","","","","","","","","","","","","","","","","","","","","","","","","","","0.000002621","","","","","","","2026-08-06T09:02:41.397Z","","","","","",""
"Sid","PUNxgYCxnHF1hvzeK3sNj4SJLZSVHXY8rDieJpUpump","63","3","","","","","","","","","","","","","","","","","","","","","","","","","","","","","","","","","","","","","","","","","","","","","0.000002158","","","","","","","2026-08-06T09:02:47.019Z","","","","","",""
"Bouncy","BAUi4CNLUTwihs7YqXZ9qTxvJfgW4ACmHHzsdJSppump","83","12.839506172","","","","","","","","","","","","","","","","","","","","","","","","","","","","","","","","","","","","","","","","","","","","","0.00001215","","","","","","","2026-08-06T09:02:58.904Z","","","","","",""
"Bouncy","6LvNCLgg8uBgzk6a6o7cGcJ8mSaw8ZDhTmih7B9Spump","57","2","","","","","","","","","","","","","","","","","","","","","","","","","","","","","","","","","","","","","","","","","","","","","0.000002199","","","","","","","2026-08-06T09:03:04.937Z","","","","","",""
"Sid","FnL5ac1w8JyCorJPYjhjAeyTnzLYcNQqMvqtT4Xnpump","58","2.962962961","","","","","","","","","","","","","","","2.962962961","0","1","0","0","0","2199.81","3","972.73","972.73","0.583","0.583","-11.88","","0","0","1","0","0","","","","","","","","","","","","0.000002199","0.000002199","","","","","","2026-08-06T09:03:10.932Z","2026-08-06T09:04:10.770Z","","","","",""
"CHIPFLATION","BapckBKC5nrEad6qNeWjBK9G7vhW6hVUwbSDo8MKpump","61","3.5","","","","","","","","","","","","","","","","","","","","","","","","","","","","","","","","","","","","","","","","","","","","","0.000002614","","","","","","","2026-08-06T09:03:10.948Z","","","","","",""
"Bouncy","AfgdQyAXeUK8bY1foYSav62LTYnMuUJeBVRspHWgpump","58","3","","","","","","","","","","","","","","","3","0","1","0","0","0","2199.51","3","1178.95","1178.95","0.6","0.6","-12.1","","0","0","1","0","0","","","","","","","","","","","","0.000002199","0.000002199","","","","","","2026-08-06T09:03:17.045Z","2026-08-06T09:04:22.740Z","","","","",""
"Bouncy","2EmUqicss2p9kfCNCnMLMPpJnXaQ8rWaPnKwffcppump","63","2.962962961","","","","","","","0","0","-11.4","","","-11.4","0","920","2.962962961","0","0","0","0","0","2333.99","3","838.91","838.91","0.556","0.556","-6.52","","0","0","1","0","0","","","","","","","","","","","","0.000002333","0.000002333","","","","","","2026-08-06T09:03:17.230Z","2026-08-06T09:04:16.733Z","","","","",""
"lioness","8eLQuZE56yMRP9dBHuT9V47U5jgA3uWvYoQ377c6pump","96","0","","","","","","","","","","","","","","","","","","","","","","","","","","","","","","","","","","","","","","","","","","","","","0.00002141","","","","","","","2026-08-06T09:03:22.931Z","","","","","",""
"Bouncy","Hw91VhiVPwcr7qD66G7osmxGLNxs3pnaqJdgJKNhpump","57","2","","","","","","","","","","","","","","","2","0","0","0","0","0","2199.5","3","513.21","513.21","0.667","0.667","-6.53","","0","0","1","0","0","","","","","","","","","","","","0.000002199","0.000002199","","","","","","2026-08-06T09:03:22.935Z","2026-08-06T09:04:22.685Z","","","","",""
"NERO","C8iggqQLuhRbVqx9aA9eDKLgQwpQnd97Z1RypzZupump","57","2.65","","18.246","","","","","","","","","","","","","2.65","0","1","0","0","0","3216.23","3","1081.13","1081.13","0.619","0.619","31.28","","0","0","1","0","0","-35.66542288557215","","","","","","","","","","","0.000003216","0.000003216","","","0.000002069","","","2026-08-06T09:03:28.890Z","2026-08-06T09:04:28.684Z","","","2026-08-06T09:04:46.930Z","",""
"Cyatt","HyxxHuy4Lrv7Y66cAqbjrqHmQJhxNfgB7mujNK7Vpump","56","2.962962961","","","","","","","","","","","","","","","","","","","","","","","","","","","","","","","","","","","","","","","","","","","","","0.000002199","","","","","","","2026-08-06T09:03:40.993Z","","","","","",""
"BUMHOR","4wUaVT7ATTmDTg2TcDy4X7ubrsXjuT8Nubd39gG4pump","","","","","","","","","","","","","","","","","","","","","","","","","","","","","","","","","","","","","","","","","","","","","","","","","","","","","2.047e-7","","","","","","2026-08-06T09:03:46.929Z",""
"CHIPFLATION","CmsVPU2A13FMx4iM8jZbRQdNBJcPeRPK2LgikRSnpump","","","","","","","","","","","","","","","","","","","","","","","","","","","","","","","","","","","","","","","","","","","","","","","","","","","","","","","","","","","",""
"KUMAMOTO","BEMZ557hVp2d96rYFETJPD1MsC3hBt4d37xn6c8Upump","61","0.059259258","","41.952","","","","","0","0","-70.8","","","","","30","0.059259258","0","1","1","0","0","6571.54","4","1168.85","1168.85","0.598","0.598","217","","0","0","1","0","0","-70.75026632171664","","","","","","","","","","","0.00001161","0.000006571","","","0.000001922","","","2026-08-06T09:04:16.958Z","2026-08-06T09:06:16.758Z","","","2026-08-06T09:06:58.710Z","",""
"$PokeCoin","H8KoXBDfMvFG4f3K3jTPdktCF7g4PLX5BvgpiPMcpump","","","","","","","","","","","","","","","","","","","","","","","","","","","","","","","","","","","","","","","","","","","","","","","","","","","","","8.598e-7","","","","","","2026-08-06T09:05:16.923Z",""
"KEITH","68HhRDhmDZrtEoPA3vrpYWJhRMB4zbV7BKA47jRFpump","58","3","","","","","","","","","","","","","","","","","","","","","","","","","","","","","","","","","","","","","","","","","","","","","0.000003768","","","","","","","2026-08-06T09:05:34.914Z","","","","","",""
"GOONICIDE","BQbMnwvKioUv4aEHFiDYNeMUjLUBUjkHig2PVaa8pump","60","3.85185185","","","","","","","","","","","","","","","","","","","","","","","","","","","","","","","","","","","","","","","","","","","","","0.000002199","","","","","","","2026-08-06T09:05:40.933Z","","","","","",""
"KEITH","9FMkuVTy1zj8MKS8XNQLCc1P5mdkVTQPmEQsVZ3Kpump","56","3","","","","","","","","","","","","","","","","","","","","","","","","","","","","","","","","","","","","","","","","","","","","","0.00000217","","","","","","","2026-08-06T09:05:59.012Z","","","","","",""
"SID","4c6APRoVFPjta9v7BfuPMkYzYx5HdnT2KJUSNCoHpump","56","2.962962961","","","","","","","","","","","","","","","","","","","","","","","","","","","","","","","","","","","","","","","","","","","","","0.000002067","","","","","","","2026-08-06T09:06:04.949Z","","","","","",""
"NAC","HE5YdBeq29J5NkqfuSk84Hd8dxHw55BfJxrBCHRcpump","62","5","","","","","","","","","","","","","","","","","","","","","","","","","","","","","","","","","","","","","","","","","","","","","0.000002066","","","","","","","2026-08-06T09:06:16.977Z","","","","","",""
"YOUWIN","Hkjxxpk4ckmfcg8CtaDTiSLUTGDwPw694NbJyKvKpump","57","1.97530864","","","","","","","","","","","","","","","1.97530864","0","0","0","0","0","7714.99","3","16165.12","16165.12","0.584","0.584","229","","0","0","1","0","1","","","","","","","","","","","","0.000002984","0.000007714","","","","","","2026-08-06T09:06:47.214Z","2026-08-06T09:07:46.701Z","","","","",""
"TOTH","246zuYR9CDAFcUjyQRqfvGD5DS2mWkdQNEfE3nW6pump","","","","","","","","","","","","","","","","","","","","","","","","","","","","","","","","","","","","","","","","","","","","","","","","","","","","","3.029e-7","","","","","","2026-08-06T09:06:52.928Z",""
"シェン","6NsC2Zfg3CoskmMdehdmoXB1hwTD6skYSv3kfby4pump","60","3.901234566","","","","","","","","","","","","","","","","","","","","","","","","","","","","","","","","","","","","","","","","","","","","","0.000002067","","","","","","","2026-08-06T09:06:52.942Z","","","","","",""
"KIRK","2zz5NbHHf7y93ugGqAns1twyA7kfCUFp42AzY3Xmpump","","","","","","","","","","","","","","","","","","","","","","","","","","","","","","","","","","","","","","","","","","","","","","","","","","","","","2.394e-7","","","","","","2026-08-06T09:07:04.916Z",""
"メロ","4cwPJRP1czD1nP6foYNrSPpCihU9TWCKTiKguKqnpump","64","5","","","","","","","","","","","","","","","","","","","","","","","","","","","","","","","","","","","","","","","","","","","","","0.000002067","","","","","","","2026-08-06T09:07:04.957Z","","","","","",""
"CHIPFLATION","8F5k1o7bzzybYvCNpLM4YWjt16Uktszhg46B9S9upump","56","3","","","","","","","","","","","","","","","","","","","","","","","","","","","","","","","","","","","","","","","","","","","","","0.000002157","","","","","","","2026-08-06T09:07:16.944Z","","","","","",""
"Sid","4K3tf5No2x9QLLLDQJG7eYAHccHbRaCCHHELuw6Fpump","56","3","","","","","","","","","","","","","","","","","","","","","","","","","","","","","","","","","","","","","","","","","","","","","0.000002066","","","","","","","2026-08-06T09:07:28.991Z","","","","","",""
"CarDemon","EWB5ZowLoDBq6jwwiLHhYaQfuWB1Tg9uHVzTmeJKpump","55","0.250039066","","","","","","","","","","","","","","","0.250039066","0","7","1","0","0","29565.62","3","1077.08","1077.08","0.623","0.623","1307","","0","0","1","0","0","","","","","","","","","","","","0.00002956","0.00002956","","","","","","2026-08-06T09:07:29.012Z","2026-08-06T09:08:28.688Z","","","","",""
"CHEEMS","ACrtg4CUB1tqQbYExegcXUF5f1JzLEoijsYrWTVSpump","61","2.65","","","","","","","0","0","-41.5","","","0","0","914","2.65","0","0","0","0","0","3522.7","3","1404.12","1404.12","0.576","0.576","43.92","","0","0","1","0","0","","","","","","","","","","","","0.000003522","0.000003522","","","","","","2026-08-06T09:07:52.905Z","2026-08-06T09:08:52.754Z","","","","",""
"linoss","Dhop9gmjGzTgnFZocv3ysRjHb9M5DQ9AFxTGgrshpump","61","0.060009374","","","","","","","0","0","0","","","0","0","918","0.060009374","0","1","1","0","0","2580.75","3","21.05","21.05","0.6","0.6","24.37","","0","0","1","0","0","","","","","","","","","","","","0.00000258","0.00000258","","","","","","2026-08-06T09:07:52.956Z","2026-08-06T09:08:58.734Z","","","","",""
"BRO","8VCgPwmZ1dRtY5q5Bgd7oxrakjC3a6xCgd3AFHZ65dV2","67","4","","","","","","","","","","","","","","","","","","","","","","","","","","","","","","","","","","","","","","","","","","","","","0.000002417","","","","","","","2026-08-06T09:07:59.305Z","","","","","",""
"Boing","EuXQgZ6GTBNaS9YTTpz8DHQWHhHGMpwCgxm1QRqgpump","63","3","","","","","","","","","","","","","","","","","","","","","","","","","","","","","","","","","","","","","","","","","","","","","0.000002181","","","","","","","2026-08-06T09:07:59.362Z","","","","","",""
"KEITH","6cgqe9QPzybGyDWxMPt3g3D8zZvquZNH9iomB8qipump","62","4.938271603","","","","","","","","","","","","","","","","","","","","","","","","","","","","","","","","","","","","","","","","","","","","","0.000002155","","","","","","","2026-08-06T09:07:59.384Z","","","","","",""
"SEAL","6556qaJMnXJUQXXnp2tARyx3LNMZnvuK5uUfA3dapump","58","2.962962961","","","","","","","","","","","","","","","","","","","","","","","","","","","","","","","","","","","","","","","","","","","","","0.000002243","","","","","","","2026-08-06T09:08:16.964Z","","","","","",""
"MIP","3HuGCAhRTLNp5GsXKw7h922zYqiAvEKA5NaLn7JJpump","63","7","","","","","","","","","","","","","","","","","","","","","","","","","","","","","","","","","","","","","","","","","","","","","0.000002344","","","","","","","2026-08-06T09:08:34.895Z","","","","","",""
"dip","CQN5Ws8F4ozNLbyHyMPcRpJo5e8ESh4S419nWPywpump","57","2","","","","","","","","","","","","","","","2","0","0","0","0","0","2196.84","3","628.74","628.74","0.6","0.6","-6.54","","0","0","1","0","0","","","","","","","","","","","","0.000002196","0.000002196","","","","","","2026-08-06T09:08:40.981Z","2026-08-06T09:09:46.749Z","","","","",""
"TOTH","2471MbLd6Y49hJVzo4bWFMTj4udhj9RtEfgRHQFmpump","","","","","","","","","","","","","","","","","","","","","","","","","","","","","","","","","","","","","","","","","","","","","","","","","","","","","7.919e-7","","","","","","2026-08-06T09:08:46.926Z",""
"MIP","CwGS41K9KAKzueqW6ChT9ZGesVMcTHTxgcuq7uGfpump","62","7","","","","","","","","","","","","","","","","","","","","","","","","","","","","","","","","","","","","","","","","","","","","","0.000002346","","","","","","","2026-08-06T09:08:47.158Z","","","","","",""
"Manimew","9hWh9WYkrVFCGY7sj3sKJxnWwuGStZEDDSU5UW2bpump","57","2","","30.196","","","","","","","","","","","","","2","0","0","0","0","0","2842.33","3","3260.44","3260.44","0.635","0.635","20.92","","0","0","1","0","0","-21.780436312456015","","","","","","","","","","","0.000002766","0.000002842","","","0.000002223","","","2026-08-06T09:09:04.912Z","2026-08-06T09:10:04.718Z","","","2026-08-06T09:10:34.914Z","",""
"RedBulk","2zA5MK6HETsBeiR4MU7Q7Nf23nHxkzD3gkmqMvDEpump","63","0.296296295","","","","","","","0","0","0","","","0","0","920","0.296296295","0","2","1","0","0","2431.75","3","94.13","94.13","0.591","0.591","15.45","","0","0","1","0","0","","","","","","","","","","","","0.000002431","0.000002431","","","","","","2026-08-06T09:09:04.934Z","2026-08-06T09:10:16.774Z","","","","",""
"CHAAGE","9peBF8nUGxmasA1AYxtK6raM8msciKCDrZCoXvCypump","","","","","","","","","","","","","","","","","","","","","","","","","","","","","","","","","","","","","","","","","","","","","","","","","","","","","9.5e-7","","","","","","2026-08-06T09:09:04.939Z",""
"PTM","EwhWuqAsoPsbN35jCTJXypqWbQvs88miKGuRMPeXpump","66","0.100015626","","","","","","","","","","","","","","","","","","","","","","","","","","","","","","","","","","","","","","","","","","","","","0.000003705","","","","","","8.804e-7","2026-08-06T09:09:04.951Z","","","","","2026-08-06T09:09:52.928Z",""
"Keith","9q6P44HDBEsdYDKDYqNuKExJtXdeJp87ozZ6uiLapump","63","2.962962961","","","","","","","","","","","","","","","","","","","","","","","","","","","","","","","","","","","","","","","","","","","","","0.000002393","","","","","","","2026-08-06T09:09:28.916Z","","","","","",""
"DAWG","BgMzBSykyWoKk2tmnbEq8TBcaiqAcpdCpSMdRFUUpump","63","3","","","","","","","","","","","","","","","","","","","","","","","","","","","","","","","","","","","","","","","","","","","","","0.000002193","","","","","","","2026-08-06T09:09:34.952Z","","","","","",""
"TOTH","2471PvotLogHswXwMABXgUsES3AYrhUMRosecXMvpump","","","","","","","","","","","","","","","","","","","","","","","","","","","","","","","","","","","","","","","","","","","","","","","","","","","","","1.152e-7","","","","","","2026-08-06T09:09:41.032Z",""
"KEITH","DiLGTdA7vLhRYc8xQHvTKLc13c6BRqdjfihPRWHpump","57","2","","","","","","","","","","","","","","","","","","","","","","","","","","","","","","","","","","","","","","","","","","","","","0.000002062","","","","","","","2026-08-06T09:09:41.076Z","","","","","",""
"Keith","463Bry46vQSDKbAaAjjC3ReqbQuMm6vzcFi4vJFApump","63","3","","","","","","","","","","","","","","","","","","","","","","","","","","","","","","","","","","","","","","","","","","","","","0.000002103","","","","","","","2026-08-06T09:09:41.084Z","","","","","",""
"Max","7uaTw52zUE3ttgpWKzTR49ycw3KhGsRME4aQZY54pump","58","3.901234566","","","","","","","","","","","","","","","","","","","","","","","","","","","","","","","","","","","","","","","","","","","","","0.000002062","","","","","","","2026-08-06T09:09:52.932Z","","","","","",""
"Sexicide","453JyjYuzKeJi4QodT8zZ11HQTVP5DCW661irKrJpump","73","5.9","","","","","","","","","","","","","","","","","","","","","","","","","","","","","","","","","","","","","","","","","","","","","0.000002086","","","","","","","2026-08-06T09:09:52.941Z","","","","","",""
"BLAGOB","62Te2mEhJE5tDhdfaythHohDYnGgwXYFcr652wSqpump","","","","","","","","","","","","","","","","","","","","","","","","","","","","","","","","","","","","","","","","","","","","","","","","","","","","","2.145e-7","","","","","","2026-08-06T09:10:05.256Z",""
"RedBulk","B7kW1NqreW9YRMQ3p7X5vZDzt5zpu2DHWM826GDLpump","","","","","","","","","","","","","","","","","","","","","","","","","","","","","","","","","","","","","","","","","","","","","","","","","","","","","1.144e-7","","","","","","2026-08-06T09:10:10.964Z",""
"Arday","8kzojNtviuzBWdb1C6ikc4fdPatTgYnnubBFbrvGpump","75","6.913580245","auto","230.222","30.006","12.083","195.197","yes","122.9","894","0","yes","657","-4.7","133.9","914","6.913580245","0","0","0","0","0","6716.45","3","9589.93","9589.93","0.619","0.619","115","","0","0","1","0","1","27.531268612269216","7.531105535950501","18.599421048109775","22.13","44.7","TRAIL_STOP","yes","44.7","0.032467","","0.05734","0.000005046","0.000006716","0.0000064","0.000007221789047794435","0.000008565","0.000008565","","2026-08-06T09:10:16.940Z","2026-08-06T09:11:22.685Z","2026-08-06T09:11:52.691Z","2026-08-06T09:12:04.774Z","2026-08-06T09:15:12.907Z","","2026-08-06T09:15:19.971Z"
"Mohd","EgczPWBFY53GdZWQKJ2FAsa9rwf86b2zBJ8qDf3opump","57","2","","","","","","","","","","","","","","","","","","","","","","","","","","","","","","","","","","","","","","","","","","","","","0.000002194","","","","","","","2026-08-06T09:10:53.087Z","","","","","",""
"YOUWIN","7xGBZX4AxVKGbfSK4A83oGbYUfpUngeEQdAUdYbzpump","97","5","","","","","","","","","","","","","","","","","","","","","","","","","","","","","","","","","","","","","","","","","","","","","0.000002299","","","","","","","2026-08-06T09:10:59.302Z","","","","","",""
"TOTH","2471TbZxJxfSSCywEE7SvGQMRm8SazzNCXsqm8VHpump","","","","","","","","","","","","","","","","","","","","","","","","","","","","","","","","","","","","","","","","","","","","","","","","","","","","","8.33e-8","","","","","","2026-08-06T09:11:36.130Z",""
"RedBulk","5Ao2pDKdCDTcAoKp2Pmns9QwpVpLtFKm1NcxxVPjpump","","","","","","","","","","","","","","","","","","","","","","","","","","","","","","","","","","","","","","","","","","","","","","","","","","","","","0.000001186","","","","","","2026-08-06T09:11:40.898Z",""
"KIDCATE","8UedSiFPYqv6hkaZ2PvMHinNuoywaM9nmVqzVuvCpump","57","2.65","","","","","","","","","","","","","","","","","","","","","","","","","","","","","","","","","","","","","","","","","","","","","0.000003118","","","","","","","2026-08-06T09:11:40.914Z","","","","","",""
"Opal","FSVnenWnXco3jeo1uMicocjWma8nwJzbWTjxjXi4pump","57","3.901234566","","","","","","","","","","","","","","","","","","","","","","","","","","","","","","","","","","","","","","","","","","","","","0.000002061","","","","","","","2026-08-06T09:12:34.907Z","","","","","",""
"$PANIC","3MG2Q1Qdt6mr7qhaK2L2SUJwQE3KAVk6BbrJxAfRpump","","","","","","","","","","","","","","","","","","","","","","","","","","","","","","","","","","","","","","","","","","","","","","","","","","","","","6.964e-7","","","","","","2026-08-06T09:12:40.922Z",""
"RedBulk","CtAh6fcRDC7fXcQKzER9mHwht1BGGhtHDG2K1yDtpump","59","0.345679011","","","","","","","","","","","","","","","0.345679011","0","5","1","0","0","2433.55","3","158.67","158.67","0.588","0.588","15.33","","0","0","1","0","0","","","","","","","","","","","","0.000002433","0.000002433","","","","","","2026-08-06T09:12:46.909Z","2026-08-06T09:13:46.692Z","","","","",""
"WANSAN","E4wk92uDGsByspsZi2SmYLQUS8oY5mw8LP8FJEW7pump","70","4.938271603","","","","","","","","","","","","","","","","","","","","","","","","","","","","","","","","","","","","","","","","","","","","","0.000004018","","","","","","","2026-08-06T09:12:59.016Z","","","","","",""
"GLIAGE","AvyxJZQYm8k2ZworePXymcorDNFPhWu6xzTmc7K4pump","66","0.104098763","","48.232","","","","","0","0","-20.5","","","-20.5","0","910","0.104098763","0","0","1","0","0","2172.23","3","45.09","45.09","0.619","0.619","4.63","","0","0","1","0","0","-20.488029465930026","","","","","","","","","","","0.000002172","0.000002172","","","0.000001727","","","2026-08-06T09:13:04.908Z","2026-08-06T09:14:16.738Z","","","2026-08-06T09:15:04.970Z","",""
"HIMAX","H7MnnyZGjtmQWWjYGEZxqPFYsz6YSfLeV9zXGBFqpump","58","3.85185185","","","","","","","","","","","","","","","","","","","","","","","","","","","","","","","","","","","","","","","","","","","","","0.000002063","","","","","","","2026-08-06T09:13:04.956Z","","","","","",""
"TRCF","dCyHwvditfmHa9UGrnFvPy8eiEub7T1A239fxTxpump","62","5","","","","","","","","","","","","","","","","","","","","","","","","","","","","","","","","","","","","","","","","","","","","","0.000002178","","","","","","","2026-08-06T09:13:22.925Z","","","","","",""
"SEALIFY","Bbi21i4YVj6SBkYFjgTGdRpd4Y7yKLqkApX9h6Acpump","75","7","","23.983","","","","","0","0","-75.4","","","-33","0","128","7","0","0","0","0","0","8851.56","3","21485.78","21485.78","0.61","0.61","182","","0","0","1","0","1","-18.28042029149249","","","","","","","","","","","0.000008744","0.000008851","","","0.000007233","","","2026-08-06T09:13:22.989Z","2026-08-06T09:14:28.692Z","","","2026-08-06T09:14:52.675Z","",""
"ワンサン","DVX1UzfqZmy6RUbj6TMMjSTZnQiVtEtnLAQqZEqtpump","62","5","","","","","","","","","","","","","","","","","","","","","","","","","","","","","","","","","","","","","","","","","","","","","0.000002194","","","","","","","2026-08-06T09:13:28.936Z","","","","","",""
"RedBulk","J1jmEJBp9ZH55gaxEhv11J3BpUAKjstC3fZjPTGZpump","","","","","","","","","","","","","","","","","","","","","","","","","","","","","","","","","","","","","","","","","","","","","","","","","","","","","8.587e-7","","","","","","2026-08-06T09:13:34.972Z",""
"UNHRAP","2xmHxT9MA1kRFHHgbrGAcmHhakb5MDHH4VMXz8CTpump","65","0.059259258","","48.229","","","","","0.7","10","-76.5","","","-34.7","23.4","530","0.059259258","0","0","1","0","0","2071.64","3","80.43","80.43","0.8","0.8","0.22","","0","0","1","0","0","-34.66924191211975","","","","","","","","","","","0.000002071","0.000002071","","","0.000001353","","0.0000011","2026-08-06T09:13:40.938Z","2026-08-06T09:14:46.701Z","","","2026-08-06T09:15:34.930Z","2026-08-06T09:16:22.727Z",""
"Sealnimals","GkFTae7udvYMuYBoc3xfQnjCkPP4spyB5EtwKfVvpump","58","3","","","","","","","","","","","","","","","","","","","","","","","","","","","","","","","","","","","","","","","","","","","","","0.00000206","","","","","","","2026-08-06T09:13:52.922Z","","","","","",""
"TRCF","73PfG1w8Bd4z7WBRnQSQPcrYpZeK6zm15Z9kr7vrpump","67","3.950617282","","","","","","","","","","","","","","","","","","","","","","","","","","","","","","","","","","","","","","","","","","","","","0.0000021","","","","","","","2026-08-06T09:14:10.914Z","","","","","",""
"TOTH","2471hsUUycPuS8mnHhgvvpxYDSgsgFFkY7KNSH1Wpump","94","0.49375","","","","","","","0","0","0","","","0","0","906","0.49375","2","7","1","0","0","7661.55","3","2010.21","2010.21","0.645","0.645","260","","0","0","1","0","0","","","","","","","","","","","","0.000003588","0.000007661","","","","","","2026-08-06T09:14:22.931Z","2026-08-06T09:15:40.724Z","","","","",""
"rock","4E6uBZEXyErzSMQVc4EN2eMUHTURKjT4DEWcKeqfpump","66","0.098765431","","","","","","","","","","","","","","","","","","","","","","","","","","","","","","","","","","","","","","","","","","","","","0.000009609","","","","","","5.293e-8","2026-08-06T09:14:28.900Z","","","","","2026-08-06T09:15:17.075Z",""
"COC","EuBEpm8f2F2x6KarZRoNP1dud1jwGj275Rtngndcpump","","","","","","","","","","","","","","","","","","","","","","","","","","","","","","","","","","","","","","","","","","","","","","","","","","","","","7.898e-7","","","","","","2026-08-06T09:14:46.899Z",""
"Chairman","BgziD8ENfXjVKVjWArukGUWc2KwV4aK2V18ja82cpump","58","3","","","","","","","","","","","","","","","","","","","","","","","","","","","","","","","","","","","","","","","","","","","","","0.000002155","","","","","","","2026-08-06T09:14:58.913Z","","","","","",""
"PICHI","2RfmSz1hJrZBYcHySpqRo1vnvSfaUCRViDJ9uzAtpump","80","9.876543208","auto","62.672","32.843","5.792","207.978","yes","0","0","-61.3","no","","-2","0","910","9.876543208","0","0","0","0","0","10872.34","3","23978.52","23978.52","0.649","0.649","199","","0","0","1","0","1","-7.543698252069908","0.7820613881545866","-8.261152357420487","-36.79","0","STOP_LOSS","","","","","0.030321","0.00001048","0.00001087","0.00001087","0.000010955010072892403","0.00001005","0.000004879","","2026-08-06T09:15:16.910Z","2026-08-06T09:16:46.923Z","2026-08-06T09:17:19.766Z","2026-08-06T09:17:25.558Z","2026-08-06T09:17:49.595Z","","2026-08-06T09:20:53.536Z"
"destiny","C1oJvptxNaGxgy1ysUYGCGBtJKvxnYnWgx4BsYufpump","63","3","","","","","","","","","","","","","","","","","","","","","","","","","","","","","","","","","","","","","","","","","","","","","0.000002205","","","","","","","2026-08-06T09:15:16.974Z","","","","","",""
"RedBulk","GHR5Ma9mwp1W4s9cV85Gdnr85Ez2DNbo4nFhdmY6pump","56","0.296296295","","","","","","","","","","","","","","","0.296296295","0","7","1","0","0","3384.83","3","103.9","103.9","0.643","0.643","61.09","","0","0","1","0","0","","","","","","","","","","","","0.000003384","0.000003384","","","","","","2026-08-06T09:15:22.935Z","2026-08-06T09:16:34.697Z","","","","",""
"RedBulk","7V6sXr9D5NjS7j1T67uwj6qGNHCcEPAAcVpzR6hCpump","","","","","","","","","","","","","","","","","","","","","","","","","","","","","","","","","","","","","","","","","","","","","","","","","","","","","9.62e-7","","","","","","2026-08-06T09:15:58.903Z",""
"AER⁠","7VW7wykPXXqASRKM6CwjTzSUb2vojnKUMwVMM94kpump","","","","","","","","","","","","","","","","","","","","","","","","","","","","","","","","","","","","","","","","","","","","","","","","","","","","","","","","","","","",""
"Keith","Hrd8NjwgVrBd4n327iheTvF9KziyBvWpfaFe8fuspump","56","2.962962961","","","","","","","","","","","","","","","","","","","","","","","","","","","","","","","","","","","","","","","","","","","","","0.000002167","","","","","","","2026-08-06T09:16:10.957Z","","","","","",""
"TOTH","2471s9egJaQ8b4HPxKGrP9Efop7v1hDfKvCRAUsppump","","","","","","","","","","","","","","","","","","","","","","","","","","","","","","","","","","","","","","","","","","","","","","","","","","","","","3.417e-7","","","","","","2026-08-06T09:16:16.921Z",""
"dolphin","5YGdwDVjAMep5u3Tc53dyMYt2SuMtidNnNjV9hkSpump","63","2.962962961","","","","","","","0","0","-5.2","","","-1.1","0","904","2.962962961","0","0","0","0","0","2170.97","4","13630.91","13630.91","0.558","0.558","-12.65","","0","0","1","0","0","","","","","","","","","","","","0.000002312","0.00000217","","","","","","2026-08-06T09:16:22.945Z","2026-08-06T09:18:22.735Z","","","","",""
"PI","Ajt3rSDcj3rgCT2PKudqjPkyVWrdrXrp6odsXyUBpump","66","4.938271603","","","","","","","","","","","","","","","","","","","","","","","","","","","","","","","","","","","","","","","","","","","","","0.000002057","","","","","","","2026-08-06T09:16:22.965Z","","","","","",""
"GENNY⁠","E35rtK4ATyLxg7DbVmrdeitwBK9mz6cVUKeTv31Apump","62","5","","","","","","","","","","","","","","","","","","","","","","","","","","","","","","","","","","","","","","","","","","","","","0.000002069","","","","","","","2026-08-06T09:16:22.971Z","","","","","",""
"BULLF","4bCec3BxGiEpNwqc1c7esp4bSxYqZtVmzukvRQSspump","66","0.079012344","","","","","","","","","","","","","","","","","","","","","","","","","","","","","","","","","","","","","","","","","","","","","0.000001456","","","","","","0.000001036","2026-08-06T09:16:28.917Z","","","","","2026-08-06T09:17:16.893Z",""
"BRUCE","Ho8ZLwBGMPSvDzU1qsZDQiqo19HUBcwo7iVgiJvdpump","56","3","","","","","","","","","","","","","","","","","","","","","","","","","","","","","","","","","","","","","","","","","","","","","0.000002172","","","","","","","2026-08-06T09:16:34.897Z","","","","","",""
"PEECHI","GEBseRiMmVeLGRtoiuCeVnfmp4GrJPZXEKRdwWhKpump","58","3","","","","","","","","","","","","","","","","","","","","","","","","","","","","","","","","","","","","","","","","","","","","","0.000002058","","","","","","","2026-08-06T09:17:10.897Z","","","","","",""
"BRUCE","DypkEDSHLEmtSAcchTomLP96TmbBS9LVHLBmQnBYpump","57","2","","","","","","","","","","","","","","","","","","","","","","","","","","","","","","","","","","","","","","","","","","","","","0.000002154","","","","","","","2026-08-06T09:17:10.925Z","","","","","",""
"COC","HUjR81SDjw2QxW7iATcPG9qJfExXPSnujZbJG3jcpump","","","","","","","","","","","","","","","","","","","","","","","","","","","","","","","","","","","","","","","","","","","","","","","","","","","","","5.722e-7","","","","","","2026-08-06T09:17:10.940Z",""
"HUH","Hiv9NWTrherzYeviFUnH5SaPTc3BejEVAoVE7NNbpump","61","5","","","","","","","0","0","-1.9","","","0","0","914","5","0","4","0","0","0","2098.63","3","916.12","916.12","0.75","0.75","-25.07","","0","0","1","0","0","","","","","","","","","","","","0.000002098","0.000002098","","","","","","2026-08-06T09:17:10.972Z","2026-08-06T09:18:22.690Z","","","","",""
"chatterbox","4vzGAAZrbTUVnMN6nPwa2cD87ECaqA3jfqm58Anrpump","57","2","","","","","","","","","","","","","","","","","","","","","","","","","","","","","","","","","","","","","","","","","","","","","0.000003259","","","","","","","2026-08-06T09:17:16.886Z","","","","","",""
"Mocha","4p48s6a4dLUq5RAnyDLfkytoCHGA8uLJND4LKpGrpump","56","3.901234566","","","","","","","","","","","","","","","","","","","","","","","","","","","","","","","","","","","","","","","","","","","","","0.000002059","","","","","","","2026-08-06T09:17:28.905Z","","","","","",""
"Bella","2DS8jQLn5z3BwwFxx9aeyTUPwV7R4DVUSjKeP5wVpump","71","5","","29.866","","","","","0","0","-61.2","","","-23.9","0","918","5","0","0","0","0","0","11682.95","3","23768.16","23768.16","0.577","0.577","317","","0","0","1","0","1","-23.921232876712335","","","","","","","","","","","0.000009916","0.00001168","","","0.000008886","","","2026-08-06T09:17:40.903Z","2026-08-06T09:18:58.801Z","","","2026-08-06T09:19:28.667Z","",""
"SOCZ","24721cGhuUdb7MjCpSy2aFPLCRxq7xE2y2qAUc2Mpump","69","0.29625","","","","","","","","","","","","","","","","","","","","","","","","","","","","","","","","","","","","","","","","","","","","","0.000001636","","","","","","0.000001143","2026-08-06T09:17:40.911Z","","","","","2026-08-06T09:18:34.888Z",""
"Conformalist ","CvNknLtniBjFwcp8Ea5KUD3Y6FYcnTiAJGJDoP8qvP6L","67","5","","23.935","","","","","0","0","-70.4","","","-60.3","0","92","5","0","1","0","0","0","7728.95","3","23239.78","23239.78","0.563","0.563","176","","0","0","1","0","1","-60.33902691511387","","","","","","","","","","","0.000004362","0.000007728","","","0.000003065","","","2026-08-06T09:17:46.961Z","2026-08-06T09:19:04.744Z","","","2026-08-06T09:19:28.679Z","",""
"DOOPIR","ATtqgaTamg6u4kdeQArwTMKmaF6VH59WTc6M9ohPpump","","","","","","","","","","","","","","","","","","","","","","","","","","","","","","","","","","","","","","","","","","","","","","","","","","","","","1.811e-7","","","","","","2026-08-06T09:17:58.881Z",""
"Penguins","D9jFZKwPMb4KnirzREFJePyDYE44h9LAVuurapfwpump","61","5","","17.906","","","","","0","0","-47.3","","","-41.9","0","904","5","0","4","0","0","0","3906.5","3","11598.47","11598.47","0.585","0.585","39.4","","0","0","1","0","0","-41.884280593958024","","","","","","","","","","","0.00000351","0.000003906","","","0.00000227","","","2026-08-06T09:18:04.927Z","2026-08-06T09:19:22.778Z","","","2026-08-06T09:19:40.684Z","",""
"TOTH","2472Kv2r7aP6pLhs4WXzP5r5AeLTvH2zdAKi2V4Upump","","","","","","","","","","","","","","","","","","","","","","","","","","","","","","","","","","","","","","","","","","","","","","","","","","","","","4.817e-7","","","","","","2026-08-06T09:18:10.910Z",""
"Poncho","3eN6ALniXedPC1gvgttCC44kZMi5Ve65bCNqV8Bipump","63","3","","54.18","","","","","0","0","-5.9","","","-1.3","0","906","3","0","0","0","0","0","2189.98","3","555.18","555.18","0.667","0.667","-12.11","","0","0","1","0","0","-5.938784833257196","","","","","","","","","","","0.000002189","0.000002189","","","0.000002059","","","2026-08-06T09:18:16.995Z","2026-08-06T09:19:40.734Z","","","2026-08-06T09:20:34.914Z","",""
"TURGRE","VSpQcapTUUWSsk44zAfaiKoTh7xFNMXimSG4Cmspump","","","","","","","","","","","","","","","","","","","","","","","","","","","","","","","","","","","","","","","","","","","","","","","","","","","","","3.308e-7","","","","","","2026-08-06T09:18:40.878Z",""
"COC","52kyXxV7YXotXADhdrrezHZ1mVLSH7JfwDWViaZApump","58","0.060009374","","","","","","","","","","","","","","","0.060009374","0","2","1","0","0","2254.7","3","26.22","26.22","0.682","0.682","9.06","","0","0","1","0","0","","","","","","","","","","","","0.000002254","0.000002254","","","","","","2026-08-06T09:18:40.925Z","2026-08-06T09:19:52.754Z","","","","",""
"WEBCAT","HYgECj3QdcSxXiMEtS7ncrGpoacmwwpgeX4pxWD9cxve","71","5","","","","","","","","","","","","","","","","","","","","","","","","","","","","","","","","","","","","","","","","","","","","","0.00000234","","","","","","","2026-08-06T09:18:58.965Z","","","","","",""
"WAGURI","B3Ux3JjMzokpmroKxmaKUKbkyuGQpbFGNzhMPk7Hpump","","","","","","","","","","","","","","","","","","","","","","","","","","","","","","","","","","","","","","","","","","","","","","","","","","","","","8.382e-7","","","","","","2026-08-06T09:18:58.982Z",""
"GLIMON","CCTUTj3Byxtx1t2ABu3mKQoC6rJ1EptguCeidSnjpump","","","","","","","","","","","","","","","","","","","","","","","","","","","","","","","","","","","","","","","","","","","","","","","","","","","","","1.593e-7","","","","","","2026-08-06T09:19:04.929Z",""
"COC","22NctpoD3EyB5y9CH286DvEnLZmurZctoizqRpVEpump","","","","","","","","","","","","","","","","","","","","","","","","","","","","","","","","","","","","","","","","","","","","","","","","","","","","","6.253e-7","","","","","","2026-08-06T09:19:16.898Z",""
"RABRAP","4naRSZMdgKWS9YAwYEP8ufJcsGYmm45aXmb4gzDspump","64","0.246913578","","","","","","","0","0","-0.3","","","-0.3","0","908","0.246913578","0","1","1","0","0","6481.96","3","2171.16","2171.16","0.598","0.598","210","","0","0","1","0","0","","","","","","","","","","","","0.000002719","0.000006481","","","","","","2026-08-06T09:19:22.884Z","2026-08-06T09:20:28.676Z","","","","",""
"DOOWIZ","6phNGEMhsvHw9HGTkbUPMpAooCwSF493LRhciZqvpump","72","0.493827158","","11.956","","","","","0","0","-98.3","","","","","2","0.493827158","0","0","1","0","0","8552.13","3","1351.83","1351.83","0.6","0.6","302","","0","0","1","0","0","-98.2963049579046","","","","","","","","","","","0.000004755","0.000008552","","","1.457e-7","","1.457e-7","2026-08-06T09:19:59.090Z","2026-08-06T09:21:04.750Z","","","2026-08-06T09:21:16.706Z","2026-08-06T09:21:16.703Z",""
"MORTY","6DpxhgHFMr2B5PR2eJi1GqT13zAPBtG6jMvouGZGpump","71","5","auto","","30.191","4.854","335.637","n/a","144.4","580","-36","yes","209","-10.8","174","910","5","0","0","0","0","0","5491.09","3","10383.76","10383.76","0.65","0.65","95.94","","0","0","1","0","1","","23.09875457911044","","46.43","53.12","TRAIL_STOP","yes","39.11","0.034818","","0.068465","0.0000041","0.000005491","0.000005491","0.000006759352613938954","","0.000009582","","2026-08-06T09:20:11.034Z","2026-08-06T09:21:16.682Z","2026-08-06T09:21:46.873Z","2026-08-06T09:21:51.727Z","","","2026-08-06T09:27:27.364Z"
"RedBulk","CzjcmcyMTgX3N9PGSpcw8gsU5Wy4DLNEjgfmd3QDpump","","","","","","","","","","","","","","","","","","","","","","","","","","","","","","","","","","","","","","","","","","","","","","","","","","","","","2.012e-7","","","","","","2026-08-06T09:20:11.124Z",""
"matchcat","CfoujBh4qJurPUGzgJngqFHLsked35Mcd2aQb9hLpump","61","2.65","","","","","","","","","","","","","","","","","","","","","","","","","","","","","","","","","","","","","","","","","","","","","0.000003359","","","","","","","2026-08-06T09:20:22.930Z","","","","","",""
"AGI","GYT75MvX7Aain2TcWF7c1xT5gUXTfLvKZad2Adrwpump","55","3.901234566","","","","","","","","","","","","","","","","","","","","","","","","","","","","","","","","","","","","","","","","","","","","","0.000002059","","","","","","","2026-08-06T09:20:34.898Z","","","","","",""
"Tank","Csw3f9ZCGZzGiBwJ9riCrmjCmMwe9mKD4F9Qy1qz97J5","63","3.950617282","","","","","","","","","","","","","","","","","","","","","","","","","","","","","","","","","","","","","","","","","","","","","0.000007018","","","","","","","2026-08-06T09:20:34.900Z","","","","","",""
"PokeOS","D2eZFuATKtCPYvH7nzRn6jShWyRY6CapGEhLryxipump","57","1.97530864","","","","","","","","","","","","","","","1.97530864","0","0","0","0","0","2559.38","3","370.37","370.37","0.75","0.75","9.42","","0","0","1","0","0","","","","","","","","","","","","0.000002559","0.000002559","","","","","","2026-08-06T09:20:47.382Z","2026-08-06T09:21:52.738Z","","","","",""
"CURGOL","FXg9iBa1Mj7V4b1oRe7tmVbC6CvCWzQH8QPtHCQnpump","59","0.09876543","","","","","","","","","","","","","","","0.09876543","0","2","1","0","0","6526.44","3","2180.66","2180.66","0.617","0.617","215","","0","0","1","0","0","","","","","","","","","","","","0.000006531","0.000006526","","","","","","2026-08-06T09:20:52.882Z","2026-08-06T09:22:47.074Z","","","","",""
"CIT","6rV3hFypi5aUzuAM6xiY1bD4zhvZuabs7dMy4cVxpump","69","5.9","auto","41.79","30.014","4.558","252.098","yes","0","0","-71","no","","-60.2","83.5","334","5.9","0","1","0","0","0","10967.08","3","30408.93","30408.93","0.594","0.594","272","","0","0","1","0","1","-60.20985401459854","-49.9545116616359","-20.49204172736797","-20.6","45.91","TRAIL_STOP","yes","45.91","0.01772","","0.035663","0.00001049","0.00001096","0.00001096","0.000005484985521884706","0.000004361","0.000004478","","2026-08-06T09:21:10.910Z","2026-08-06T09:22:22.905Z","2026-08-06T09:22:52.919Z","2026-08-06T09:22:57.477Z","2026-08-06T09:23:04.695Z","","2026-08-06T09:27:09.575Z"
"$RLB","7pjb4YzHN4LtFuESwguVBqPhLr68CRbvmQxYWWVNpump","66","0.100015626","","","","","","","0","0","0","","","0","0","902","0.100015626","0","0","1","0","0","1533.08","3","49.93","49.93","0.563","0.563","-26.04","","0","0","1","0","0","","","","","","","","","","","","0.000001533","0.000001533","","","","","","2026-08-06T09:21:34.900Z","2026-08-06T09:22:34.701Z","","","","",""
"KIT","HNjc7vQXVhFGHU6apudZm8E5maF439fyZkj2E1DDpump","57","1.97530864","","18.236","","","","","","","","","","","","","1.97530864","0","0","0","0","0","2190","3","796.56","796.56","0.6","0.6","-6.39","","0","0","1","0","0","-5.938784833257196","","","","","","","","","","","0.000002189","0.000002189","","","0.000002059","","","2026-08-06T09:21:52.898Z","2026-08-06T09:22:58.692Z","","","2026-08-06T09:23:16.928Z","",""
"lost","BN1XgxmemBFH2PG5KY2U5ww93825BTYp6N3Jh1ABpump","","","","","","","","","","","","","","","","","","","","","","","","","","","","","","","","","","","","","","","","","","","","","","","","","","","","","1.459e-7","","","","","","2026-08-06T09:21:58.907Z",""
"Squirt","JBjswGYsaU6S4wwocNnsdkn2LYZtK4rtLLsq5m5epump","57","1.97530864","","","","","","","","","","","","","","","","","","","","","","","","","","","","","","","","","","","","","","","","","","","","","0.000002189","","","","","","","2026-08-06T09:21:58.967Z","","","","","",""
"Tank","CqSqagRaXEAdv2wczMDXCt4qF887SW33qUeX85Hmpump","64","4.938271603","","","","","","","","","","","","","","","","","","","","","","","","","","","","","","","","","","","","","","","","","","","","","0.000002085","","","","","","","2026-08-06T09:22:05.002Z","","","","","",""
"SCRROC","FpDWr4TBLPUa4SgekRYxpfeGhq4iHfqwZykChs7spump","","","","","","","","","","","","","","","","","","","","","","","","","","","","","","","","","","","","","","","","","","","","","","","","","","","","","6.389e-7","","","","","","2026-08-06T09:22:10.888Z",""
"BERSPE","3JEoSPhV8EcSANobgAq7zrmMmXvDTY3aSApF8ULzpump","57","0.09876543","","","","","","","","","","","","","","","","","","","","","","","","","","","","","","","","","","","","","","","","","","","","","0.000002806","","","","","","","2026-08-06T09:22:10.909Z","","","","","",""
"$Poke'Girl","4yuvsxdx3Jj9y4XB6Xwc1S27o3BVgeBFWnK1VC1Rpump","55","0.098765431","","","","","","","","","","","","","","","","","","","","","","","","","","","","","","","","","","","","","","","","","","","","","0.000001312","","","","","","7.86e-7","2026-08-06T09:22:10.914Z","","","","","2026-08-06T09:23:28.941Z",""
"CIT","6psDe6pr3Dv1cs4A8yiPtWwrKvruBd96EJmLVCv9pump","","","","","","","","","0","0","-2","","","0","0","910","5","0","5","0","0","0","2100.06","2","758.32","758.32","0.667","0.667","-25.07","","0","0","1","0","0","","","","","","","","","","","","","0.0000021","","","","","","","2026-08-06T09:22:16.920Z","","","","",""
"NUCYET","739ibC8jU7cLxLBPcnWNsxK7sAuqS7kS7MXUr3ropump","","","","","","","","","","","","","","","","","","","","","","","","","","","","","","","","","","","","","","","","","","","","","","","","","","","","","3.45e-7","","","","","","2026-08-06T09:22:52.881Z",""
"TIT","D6TR3S1638LcMhBaTy3YwLw4MTB9LoE2y6nXWHtKpump","56","3","","","","","","","","","","","","","","","","","","","","","","","","","","","","","","","","","","","","","","","","","","","","","0.00001393","","","","","","0.000002073","2026-08-06T09:22:58.901Z","","","","","2026-08-06T09:27:34.888Z",""
"$SLAM ","7SDUX1Vt4hhRzEnW9Yuv8gafF9VgvomGGAWB6DMKpump","","","","","","","","","","","","","","","","","","","","","","","","","","","","","","","","","","","","","","","","","","","","","","","","","","","","","2.44e-7","","","","","","2026-08-06T09:23:10.896Z",""
"BERRAP","DJcjFiii5cJCR8AmVdjPWy3fBQ1TdiyZXQpYnUcDpump","","","","","","","","","","","","","","","","","","","","","","","","","","","","","","","","","","","","","","","","","","","","","","","","","","","","","1.412e-7","","","","","","2026-08-06T09:23:22.903Z",""
"buzz","F7HyXT5qNvt55GUgxq6vrAhNaV8Pgo8gzDB975Zupump","","","","","","","","","","","","","","","","","","","","","","","","","","","","","","","","","","","","","","","","","","","","","","","","","","","","","2.692e-7","","","","","","2026-08-06T09:23:40.956Z",""
"LAG","7ie7dMLn3UDooGWrjNAyK7qQQF1JwuMBYHHRey7epump","62","4.938271603","","17.986","","","","","0","0","-6.1","","","-6.1","0","908","4.938271603","0","3","0","0","0","2190.59","3","1677.75","1677.75","0.556","0.556","-21.59","","0","0","1","0","0","-6.073059360730604","","","","","","","","","","","0.00000219","0.00000219","","","0.000002057","","","2026-08-06T09:23:52.899Z","2026-08-06T09:24:58.690Z","","","2026-08-06T09:25:16.676Z","",""
"LuckyCoin","4uyEFyhKVHBuoiVye1JQw7GhuBr6vCZ3mA7j3ejLpump","","","","","","","","","","","","","","","","","","","","","","","","","","","","","","","","","","","","","","","","","","","","","","","","","","","","","8.263e-7","","","","","","2026-08-06T09:24:10.892Z",""
"TIW","66Qbxg5cqPVJwkvEB2nzcAZGYTP7bRgXRHYm8jRdpump","61","5","","","","","","","","","","","","","","","","","","","","","","","","","","","","","","","","","","","","","","","","","","","","","0.000002189","","","","","","","2026-08-06T09:24:10.898Z","","","","","",""
"CLIT","FfVdDVJAyG2Rh6VzawMs4CNszXRoM8yjZwqxrrGWpump","57","1.97530864","","","","","","","","","","","","","","","","","","","","","","","","","","","","","","","","","","","","","","","","","","","","","0.000002074","","","","","","","2026-08-06T09:24:34.964Z","","","","","",""
"grow","7wavXzJDHQriB1X2RxChh99dZPmfLo6d2Jt6oVfFpump","","","","","","","","","","","","","","","","","","","","","","","","","","","","","","","","","","","","","","","","","","","","","","","","","","","","","6.622e-8","","","","","","2026-08-06T09:24:46.887Z",""
"TIT","9cK3zpjpSc6KJ5XLRtfLHon4FtJnrGXLbS43qWhupump","60","5","","","","","","","","","","","","","","","","","","","","","","","","","","","","","","","","","","","","","","","","","","","","","0.000002056","","","","","","","2026-08-06T09:24:52.892Z","","","","","",""
"stuckcat","5PhkGyHr2rB2W5FbRYbWciaUjHupeGzoGqpsNKN8pump","93","5","","","","","","","","","","","","","","","","","","","","","","","","","","","","","","","","","","","","","","","","","","","","","0.00000538","","","","","","","2026-08-06T09:25:10.944Z","","","","","",""
"42","qcyxmnY2h6CpXdi4RA1oFp7htwVy3xXc1PHegWcpump","70","4.938271603","","101.954","","","","","0","0","-6","","","-1.2","0","906","4.938271603","0","0","0","0","0","2188.71","3","1089.8","1089.8","0.6","0.6","-21.62","","0","0","1","0","0","-5.987202925045708","","","","","","","","","","","0.000002188","0.000002188","","","0.000002057","","","2026-08-06T09:25:10.965Z","2026-08-06T09:26:10.741Z","","","2026-08-06T09:27:52.695Z","",""
"BERMON","6HiFYrYh7J2V2GnBFFG6GaiV5KWbeS9EFwVjCRaVpump","","","","","","","","","","","","","","","","","","","","","","","","","","","","","","","","","","","","","","","","","","","","","","","","","","","","","0.000001001","","","","","","2026-08-06T09:25:34.908Z",""
"ciw","21nNMK3jXSwhRNrcM3prp9PPKnRLmTSUdh5B27P6pump","60","5","","","","","","","","","","","","","","","","","","","","","","","","","","","","","","","","","","","","","","","","","","","","","0.000002056","","","","","","","2026-08-06T09:25:40.941Z","","","","","",""
"Windows","7AwWojsQGuYcfm6ToFugSEwm764FMPHmoaZD3eAcpump","63","4","","","","","","","","","","","","","","","","","","","","","","","","","","","","","","","","","","","","","","","","","","","","","0.000005617","","","","","","","2026-08-06T09:25:46.869Z","","","","","",""
"Padayappa","5gXGqDKWLaoHFiJeACjLTTEbUATj49zAYqRgnKDcpump","57","2","","","","","","","","","","","","","","","","","","","","","","","","","","","","","","","","","","","","","","","","","","","","","0.000002083","","","","","","","2026-08-06T09:26:46.891Z","","","","","",""
"FBM","dNEwqEwcvYk4sSSZ8rE46bjR2pPa9hZ71uMJ6Hjpump","68","5.5","auto","53.358","35.432","19.529","136.141","LATE","13","185","-64.8","no","","-29.8","60.9","905","5.5","0","1","0","0","0","6014.31","3","26819.75","26819.75","0.573","0.573","109","","0","0","1","0","1","-29.780512138343866","-14.828040181045097","-17.55562744955309","23.91","32.62","TRAIL_STOP","","","","","0.055654","0.000005104","0.000006014","0.000006014","0.000005122241663511948","0.000004223","0.0000057","","2026-08-06T09:26:59.830Z","2026-08-06T09:28:11.334Z","2026-08-06T09:28:46.766Z","2026-08-06T09:29:06.295Z","2026-08-06T09:29:04.692Z","","2026-08-06T09:31:22.436Z"
"67bag","FY3FGrEUCPK6ZZo2oY7kGs9gG8JSxcyZEgbjzRYGpump","60","4.938271603","","","","","","","","","","","","","","","","","","","","","","","","","","","","","","","","","","","","","","","","","","","","","0.000002073","","","","","","","2026-08-06T09:27:05.356Z","","","","","",""
"PinkCat","k9nt7fCyzvCmczJtxRXrLMbPTW9vupoQ1WAhD55pump","56","2.962962961","","","","","","","","","","","","","","","","","","","","","","","","","","","","","","","","","","","","","","","","","","","","","0.000002056","","","","","","","2026-08-06T09:27:52.899Z","","","","","",""
"BOO","8pff7rbJXH1SyULwQgHEGBLBR5sm9acoorXkTN5Qpump","67","0.414024689","","","","","","","280.4","478","-98","","","0","280.4","788","0.414024689","0","1","1","0","0","2114.68","3","33.39","33.39","0.667","0.667","0.01","","0","0","1","0","0","","","","","","","","","","","","0.000003228","0.000002114","","","","","","2026-08-06T09:29:40.694Z","2026-08-06T09:27:59.122Z","","","","",""
"INU","C8Q9V1tFU3eqgqFdJR3SkMEhoaVL2EuQ3EGTmWMApump","56","3","","","","","","","","","","","","","","","3","0","2","0","0","0","17564.04","3","28646.12","28646.12","0.57","0.57","606","","0","0","1","0","1","","","","","","","","","","","","0.000008879","0.00001756","","","","","","2026-08-06T09:27:59.317Z","2026-08-06T09:29:22.738Z","","","","",""
"FUP","8ZNdURhQhHYB1aYuJ4nPZFvZvaYA4h68HMkiCLPjpump","59","4.938271603","","","","","","","","","","","","","","","","","","","","","","","","","","","","","","","","","","","","","","","","","","","","","0.000002149","","","","","","","2026-08-06T09:28:10.961Z","","","","","",""
"LOL","2JH1tZbop76w9q1bd7X4DuvSXdM4FnP5KY8kXRs6pump","62","0.09876543","","","","","","","","","","","","","","","","","","","","","","","","","","","","","","","","","","","","","","","","","","","","","0.000002074","","","","","","","2026-08-06T09:28:16.869Z","","","","","",""
"INU","2LXjUBrGXwNnoRcdVbsguHfbC8J8HEkK1t4gQG6mpump","60","2.4691358","","","","","","","","","","","","","","","","","","","","","","","","","","","","","","","","","","","","","","","","","","","","","0.000002056","","","","","","","2026-08-06T09:28:16.930Z","","","","","",""
"Paperclip","6GrdoK6Nmm1NaW3yNEvhMt9J6y9qqjd8d5Ayg3oVpump","71","5","","","","","","","","","","","","","","","","","","","","","","","","","","","","","","","","","","","","","","","","","","","","","0.000003236","","","","","","","2026-08-06T09:28:16.936Z","","","","","",""
"Tardimals","3B8HFAVei7MwaK7meWn4MBzJDmU3cQTggCYr8mStpump","58","2.962962961","","","","","","","","","","","","","","","","","","","","","","","","","","","","","","","","","","","","","","","","","","","","","0.000003315","","","","","","","2026-08-06T09:28:58.952Z","","","","","",""
"COC","4cFKAEGoD54EQHb1Ht1YeffgNXrMeWzo7JowqPpepump","","","","","","","","","","","","","","","","","","","","","","","","","","","","","","","","","","","","","","","","","","","","","","","","","","","","","1.789e-7","","","","","","2026-08-06T09:28:58.968Z",""
"KIMCHI","6EobwFKsDs8Se863QP4LhEDFjtziTWkXYep1oDCSpump","","","","","","","","","","","","","","","","","","","","","","","","","","","","","","","","","","","","","","","","","","","","","","","","","","","","","7.941e-7","","","","","","2026-08-06T09:29:04.901Z",""
"Nuke","DYzsiFmR8efrMRkPAc86CxBXX2ATShHrWAefTJfSpump","59","5","","","","","","","","","","","","","","","","","","","","","","","","","","","","","","","","","","","","","","","","","","","","","0.000002055","","","","","","","2026-08-06T09:29:28.894Z","","","","","",""
"INU","7QnPGLdCMJ1CncAhRrVRtBzHxV4hhZspWgRjSW1rpump","63","3","","","","","","","","","","","","","","","","","","","","","","","","","","","","","","","","","","","","","","","","","","","","","0.000002186","","","","","","","2026-08-06T09:29:34.891Z","","","","","",""
"LOL","7xdD4cAtFKf7UdPtXp66hNb54JMvrJzoN1oFjP5cpump","61","0.09876543","","","","","","","","","","","","","","","","","","","","","","","","","","","","","","","","","","","","","","","","","","","","","0.00002122","","","","","","0.000001168","2026-08-06T09:29:40.917Z","","","","","2026-08-06T09:31:10.959Z",""
"Nuke","2BVsVNijGniaYeGH8JzM8q9WJRrKAGEQCzcXwKh2pump","58","5","","","","","","","","","","","","","","","","","","","","","","","","","","","","","","","","","","","","","","","","","","","","","0.000002066","","","","","","","2026-08-06T09:29:46.880Z","","","","","",""
"FUP","6etCgLEvhxcRL9pKYk8x9jEgBme5du9qyMWPV7Mapump","69","1.481481479","","","","","","","","","","","","","","","","","","","","","","","","","","","","","","","","","","","","","","","","","","","","","0.000011","","","","","","","2026-08-06T09:29:52.900Z","","","","","",""
"auradog","Hn9ihxFn2vGKoNw625oAErAC7cr6T5TdxtMAcb6Rpump","57","2","","","","","","","","","","","","","","","2","0","0","0","0","0","2188.43","3","1390.83","1390.83","0.733","0.733","-6.44","","0","0","1","0","0","","","","","","","","","","","","0.000002188","0.000002188","","","","","","2026-08-06T09:29:52.906Z","2026-08-06T09:30:52.702Z","","","","",""
"INU","2UyhZkZahvEVzzvSCyEjbUU9Lah9UAFLVSNVL27opump","62","5","","11.997","","","","","0","0","-6","","","-6","0","910","5","0","3","0","0","0","2186.43","3","1277.82","1277.82","0.6","0.6","-21.86","","0","0","1","0","0","-6.0384263494967865","","","","","","","","","","","0.000002186","0.000002186","","","0.000002054","","","2026-08-06T09:30:40.932Z","2026-08-06T09:31:46.724Z","","","2026-08-06T09:31:58.721Z","",""
"TREND","9qkN3iCdcjzWo1yLBzbEEJEvaTcZtn9BAhxqdhxspump","","","","","","","","","","","","","","","","","","","","","","","","","","","","","","","","","","","","","","","","","","","","","","","","","","","","","5.814e-7","","","","","","2026-08-06T09:31:04.906Z",""
"If Ya Ask","4fC8LF6a5Drbf7yRHRtFPbXDfTshw29orLH6psbbpump","","","","","","","","","","","","","","","","","","","","","","","","","","","","","","","","","","","","","","","","","","","","","","","","","","","","","3.768e-7","","","","","","2026-08-06T09:31:10.966Z",""
"mega","EhdHCFXZER35DromKrwgc7kfsK8WH4n9LznmQPo8pump","","","","","","","","","","","","","","","","","","","","","","","","","","","","","","","","","","","","","","","","","","","","","","","","","","","","","6.695e-7","","","","","","2026-08-06T09:31:28.969Z",""
"SDC","3wvus6doyrnnMraNgti4kwg9zsLq3gH9qgvvrDv2pump","66","0.09876543","","36.038","","","","","0","0","-75.2","","","-75.2","0","38","0.09876543","0","0","1","0","0","2434.98","3","48.24","48.24","0.545","0.545","17.67","","0","0","1","0","0","-75.17666392769104","","","","","","","","","","","0.000002088","0.000002434","","","6.042e-7","","6.042e-7","2026-08-06T09:31:40.903Z","2026-08-06T09:32:58.885Z","","","2026-08-06T09:33:34.923Z","2026-08-06T09:33:34.921Z",""
"im sorry","2HUDwEBMt61q5yG7nh1B5155BoKE1qYPfKNq2sYCpump","","","","","","","","","","","","","","","","","","","","","","","","","","","","","","","","","","","","","","","","","","","","","","","","","","","","","0.000001413","","","","","","2026-08-06T09:31:46.954Z",""
"ESCARGO","2hkDjpaKYmkqfdeby67zHqVqYQBixNs6MB7PK97ipump","","","","","","","","","","","","","","","","","","","","","","","","","","","","","","","","","","","","","","","","","","","","","","","","","","","","","1.141e-8","","","","","","2026-08-06T09:31:52.958Z",""
"LOL","6i6WmMyx7CsEugavVnrNMQvK7aceekSYGmenoLpSpump","","","","","","","","","","","","","","","","","","","","","","","","","","","","","","","","","","","","","","","","","","","","","","","","","","","","","1.519e-7","","","","","","2026-08-06T09:31:59.252Z",""
"ISEKAI","5ZJQF57QXzAu5NvpTLPWhHgb2V9MZK9LajfYU8popump","58","2.962962961","","60.345","","","","","","","","","","","","","2.962962961","0","1","0","0","0","11243.95","3","15071.22","15071.22","0.62","0.62","353","","0","0","1","0","1","-7.562277580071177","","","","","","","","","","","0.000008567","0.00001124","","","0.00001039","","","2026-08-06T09:32:05.017Z","2026-08-06T09:33:04.662Z","","","2026-08-06T09:34:05.007Z","",""
"KIMCHI","97dcUpzg5doo6oefjTrWX35SLCwxAme16FXPyy8Xpump","","","","","","","","","","","","","","","","","","","","","","","","","","","","","","","","","","","","","","","","","","","","","","","","","","","","","3.443e-7","","","","","","2026-08-06T09:32:05.035Z",""
"Moonlighter","AEfVdpytSq1V7AkXsciQv9GVPRnR27R8FTQQcFRypump","61","4","","","","","","","","","","","","","","","","","","","","","","","","","","","","","","","","","","","","","","","","","","","","","0.000002185","","","","","","","2026-08-06T09:32:05.073Z","","","","","",""
"£1","BSAZ3ove3KJ8kRKCx9ana111buWaexS9UKBHEHZ9pump","55","5","","","","","","","","","","","","","","","","","","","","","","","","","","","","","","","","","","","","","","","","","","","","","0.000002185","","","","","","","2026-08-06T09:32:10.875Z","","","","","",""
"QIAOYUAN","69g3Byhj1ZnyWwsKorBYfVv8hBpPT7U6e6Az4eK5Myac","67","5","","","","","","","","","","","","","","","","","","","","","","","","","","","","","","","","","","","","","","","","","","","","","0.000002334","","","","","","","2026-08-06T09:32:22.880Z","","","","","",""
"Moonlighter","Gazd98hb2wvcnK8EWCgFY9wwhmGuTCWiX4qGLWoapump","59","5","","","","","","","","","","","","","","","","","","","","","","","","","","","","","","","","","","","","","","","","","","","","","0.000002157","","","","","","","2026-08-06T09:32:22.904Z","","","","","",""
"巧媛","DWNbGxHQux5fpD8oHfrKiRmk83VU6hDbAKLRMENspump","63","3","","","","","","","","","","","","","","","","","","","","","","","","","","","","","","","","","","","","","","","","","","","","","0.000002053","","","","","","","2026-08-06T09:32:34.883Z","","","","","",""
"SVG","7uG95zYrhjMaZdDLeR6SoiLFtv9R4yAi63NAHkEhpump","65","3.5","","","","","","","","","","","","","","","","","","","","","","","","","","","","","","","","","","","","","","","","","","","","","0.000002179","","","","","","","2026-08-06T09:32:52.944Z","","","","","",""
"LOL","GiAXh2WC6UTiR5QrzHeeLBibcsgpQDGxsS7uHmBfpump","","","","","","","","","","","","","","","","","","","","","","","","","","","","","","","","","","","","","","","","","","","","","","","","","","","","","7.176e-7","","","","","","2026-08-06T09:33:04.993Z",""
"ISEKAI","GQQqkjMvJHAEGW3kef55wyGZi3aPiE8ZqYb9m8pApump","58","5","","","","","","","","","","","","","","","","","","","","","","","","","","","","","","","","","","","","","","","","","","","","","0.000002077","","","","","","","2026-08-06T09:33:05.073Z","","","","","",""
"ISEKAI","HSS4Z8qhmdhfBwSo61UMR9Wwhd9UviXUpsSpDkcwpump","59","5","","","","","","","","","","","","","","","","","","","","","","","","","","","","","","","","","","","","","","","","","","","","","0.000002053","","","","","","","2026-08-06T09:33:10.903Z","","","","","",""
"Juggernauts","FbUh5CeL4R4nTHj6P2UiohGCsiru2yTVsnf4DEYppump","58","3","","","","","","","","","","","","","","","","","","","","","","","","","","","","","","","","","","","","","","","","","","","","","0.000003779","","","","","","","2026-08-06T09:33:16.897Z","","","","","",""
"ISEKAI","DHEh8NcVZZP5AAvnKT1ffGheiPfcA4G5PyDxnYegpump","57","5","","","","","","","","","","","","","","","","","","","","","","","","","","","","","","","","","","","","","","","","","","","","","0.000002907","","","","","","","2026-08-06T09:33:22.887Z","","","","","",""
"Mango","LQt5tQa1yY2ie6q8RCEcLKEL3vdrnHvWk8HGnEtpump","63","2.962962961","","","","","","","","","","","","","","","","","","","","","","","","","","","","","","","","","","","","","","","","","","","","","0.00000312","","","","","","","2026-08-06T09:33:34.904Z","","","","","",""
"JJ","488L9HfZQZ1YGVhcv9RFoycUGPeKSDaY5j5wDUCrpump","67","4","","","","","","","","","","","","","","","","","","","","","","","","","","","","","","","","","","","","","","","","","","","","","0.000002094","","","","","","","2026-08-06T09:33:46.901Z","","","","","",""
"SEX","7ZPHsVcdoMp2KDo2K9AKpCGSPZTTqAm5SZRx7ckB1g6W","67","4","","","","","","","","","","","","","","","","","","","","","","","","","","","","","","","","","","","","","","","","","","","","","0.000002054","","","","","","","2026-08-06T09:33:59.060Z","","","","","",""
"NED","9p6GS7UcfwvbBDiAdmfTZMh62skW15CNUGnoLiQBpump","89","5","","","","","","","","","","","","","","","","","","","","","","","","","","","","","","","","","","","","","","","","","","","","","0.000002668","","","","","","","2026-08-06T09:34:10.871Z","","","","","",""
"pls","3sbJi3JYXDYAN9vBebhDqwFVzYscG3BeQxTP4LPFpump","89","8.888888887","","","","","","","0","0","0","","","0","0","904","8.888888887","0","4","1","0","0","3057.26","3","2368.45","2368.45","0.556","0.556","-11.39","","0","0","1","0","0","","","","","","","","","","","","0.000003057","0.000003057","","","","","","2026-08-06T09:34:10.922Z","2026-08-06T09:35:22.737Z","","","","",""
"LOL","FPA1a9p22MNob7k8pz9Cti1zwo9oyKHVFdRwrb7fpump","58","0.09876543","","","","","","","","","","","","","","","","","","","","","","","","","","","","","","","","","","","","","","","","","","","","","0.00004814","","","","","","","2026-08-06T09:34:22.863Z","","","","","",""
"RABABO","HL1iiWYvto3pDS5hvYeUYih1Uk2Bws1E6r9NvqdWpump","74","0.70010939","","","","","","","","","","","","","","","","","","","","","","","","","","","","","","","","","","","","","","","","","","","","","0.000001294","","","","","","2.487e-7","2026-08-06T09:34:34.953Z","","","","","2026-08-06T09:35:17.040Z",""
"Ned","FMBSp7z2kvb55Y8mZXJWrbrH6uQjA3e7kzxLHitNpump","57","5","","","","","","","","","","","","","","","","","","","","","","","","","","","","","","","","","","","","","","","","","","","","","0.000002693","","","","","","","2026-08-06T09:35:17.053Z","","","","","",""
"UNHGOB","5nPj3C1YcxqipAqbbuvDzz2xWVntVD6zCZ51Louipump","","","","","","","","","","","","","","","","","","","","","","","","","","","","","","","","","","","","","","","","","","","","","","","","","","","","","8.328e-8","","","","","","2026-08-06T09:37:23.310Z",""
"LOL","HuTbuVxkdvWfgqFMkK1TXg3FyhVAEapSrWriarTJpump","55","0.09876543","","","","","","","","","","","","","","","","","","","","","","","","","","","","","","","","","","","","","","","","","","","","","0.00001967","","","","","","","2026-08-06T09:38:04.879Z","","","","","",""
"Bullsekai","5sF8H9d98EJavjJmX1LaJ2a7TVecgHMHP9pNgWHopump","","","","","","","","","","","","","","","","","","","","","","","","","","","","","","","","","","","","","","","","","","","","","","","","","","","","","3.148e-7","","","","","","2026-08-06T09:38:52.906Z",""
"SACK","32U1wmXYALesMri34sdZaTvNQuCZozU4ip9Nqt3fcqmd","60","3.950617282","","","","","","","","","","","","","","","","","","","","","","","","","","","","","","","","","","","","","","","","","","","","","0.000002149","","","","","","","2026-08-06T09:39:16.901Z","","","","","",""
"lioness","7H1nDEhHDETDYVGPeWnqkumxDD15mdvnQdedu1DSpump","57","1.97530864","","","","","","","","","","","","","","","","","","","","","","","","","","","","","","","","","","","","","","","","","","","","","0.000002337","","","","","","","2026-08-06T09:39:58.940Z","","","","","",""
"ROBINCAT","2Cbs8wKh8afuGvD6wDhX4qvSjjcaJHS2TLxvhJqxpump","61","7","","","","","","","","","","","","","","","","","","","","","","","","","","","","","","","","","","","","","","","","","","","","","0.000002333","","","","","","","2026-08-06T09:40:40.887Z","","","","","",""
"OLT","GgBoh6UhQoBEPYcXoXYwKpMjdwUbp9bZt3X9GFkRpump","85","14.814814813","","","","","","","","","","","","","","","","","","","","","","","","","","","","","","","","","","","","","","","","","","","","","0.000005191","","","","","","0.000002053","2026-08-06T09:40:40.938Z","","","","","2026-08-06T09:41:16.916Z",""
"LOL","D4vWJGUZBcXaLUDr1HRkYG2a9DtYCmXf5HUoeEJDpump","","","","","","","","","","","","","","","","","","","","","","","","","","","","","","","","","","","","","","","","","","","","","","","","","","","","","6.655e-8","","","","","","2026-08-06T09:41:22.899Z",""
"Eminem","4v1DgtPZYHr2DFCkG3hGZvZ9oJP9PQ3UWTGi9wLapump","86","5","","","","","","","","","","","","","","","","","","","","","","","","","","","","","","","","","","","","","","","","","","","","","0.000002052","","","","","","","2026-08-06T09:43:46.900Z","","","","","",""
"FRB","7WcuKWzQooMms7cvg7VjdLQCSYyVLHHK69tBSnR7pump","63","3","","","","","","","","","","","","","","","","","","","","","","","","","","","","","","","","","","","","","","","","","","","","","0.000002139","","","","","","","2026-08-06T09:43:52.881Z","","","","","",""
"cat(aura)","F2Hi5rHe7biMQFYJ7KgojgRUMQuaxoHBrvyAKyo3pump","82","5","","","","","","","","","","","","","","","","","","","","","","","","","","","","","","","","","","","","","","","","","","","","","0.00000205","","","","","","","2026-08-06T09:43:59.009Z","","","","","",""
"Tramal","EdiPgfgvT72LHpjLxTak9K9EHDc9KY6FTxS4nkurpump","63","3.083247688","","","","","","","","","","","","","","","","","","","","","","","","","","","","","","","","","","","","","","","","","","","","","0.000003088","","","","","","","2026-08-06T09:43:59.016Z","","","","","",""
"WW","14doqPq3fLzx6kB4JRRnCMDPPLeGmGXd6QY5ZGXqpump","63","4","","","","","","","","","","","","","","","","","","","","","","","","","","","","","","","","","","","","","","","","","","","","","0.00001195","","","","","","","2026-08-06T09:43:59.548Z","","","","","",""
"Toeken","97M89T9arCf72D9vMKBzr3MphFRdTeyAxZHTAazswoXS","67","4","","","","","","","0","0","-2.5","","","0","0","906","4","0","0","0","0","0","2658.14","3","2601.55","2601.55","0.61","0.61","0.83","","0","0","1","0","0","","","","","","","","","","","","0.000002605","0.000002658","","","","","","2026-08-06T09:44:04.977Z","2026-08-06T09:45:10.674Z","","","","",""
"OLT","ESykmgnbyf54SXvkuk67o1keLPQ2TpyKvNUCrm6ppump","82","14.814814813","","","","","","","25","510","-47.7","","","-5.5","32.3","920","14.814814813","0","1","0","0","0","6059.31","3","1584.4","1584.4","0.917","0.917","32.28","","0","0","1","0","0","","","","","","","","","","","","0.000005799","0.000006059","","","","","","2026-08-06T09:44:10.926Z","2026-08-06T09:45:16.711Z","","","","",""
"CARP","DtdAcxVEyvM9STAKeAVj7iFwkc2srYGQfzzEJWYVpump","75","7","","","","","","","","","","","","","","","","","","","","","","","","","","","","","","","","","","","","","","","","","","","","","0.000002911","","","","","","","2026-08-06T09:44:17.076Z","","","","","",""
"WW","5ZzdGA9qrPhpfLDmjXSPKfeoz4HnLizwZXdvdbrkpump","79","5","","","","","","","","","","","","","","","","","","","","","","","","","","","","","","","","","","","","","","","","","","","","","0.000002105","","","","","","","2026-08-06T09:44:17.176Z","","","","","",""
"Toeken","5RvCK6omhtjQPCXjggZMaB5i1TGM3FbfD7sM9j63pump","67","5","","","","","","","","","","","","","","","","","","","","","","","","","","","","","","","","","","","","","","","","","","","","","0.00000205","","","","","","","2026-08-06T09:44:22.927Z","","","","","",""
"1Coin ","DCx7qkXVPFEG5mknTBmMY872giyBbigFnBE3Qk3opump","66","0.100015626","","","","","","","","","","","","","","","","","","","","","","","","","","","","","","","","","","","","","","","","","","","","","0.000005289","","","","","","","2026-08-06T09:44:23.108Z","","","","","",""
"pino","2472NFM7r2Cg9sVy8DRtKbheyXzxvFMW9DHqHgWjpump","63","0.1975","","","","","","","","","","","","","","","","","","","","","","","","","","","","","","","","","","","","","","","","","","","","","0.000003325","","","","","","4.229e-7","2026-08-06T09:44:28.900Z","","","","","2026-08-06T09:45:11.061Z",""
"Wildlife","FmWrTvDmYQgaBvR2UYRbGD1FyS3pcqsKw3XLqCfgpump","57","5","","","","","","","","","","","","","","","","","","","","","","","","","","","","","","","","","","","","","","","","","","","","","0.000002294","","","","","","","2026-08-06T09:45:04.880Z","","","","","",""
"NED","8fznVBZeBYzzLkiVCne7Ko2a1kCX7WVwj1RiD22fpump","","","","","","","","","","","","","","","","","","","","","","","","","","","","","","","","","","","","","","","","","","","","","","","","","","","","","0.00000118","","","","","","2026-08-06T09:45:10.918Z",""
"NED","5TGQ47g8hmiwqQD9Dk9PfQaiSCMpj2KU1KekjJmGpump","58","3","","","","","","","","","","","","","","","","","","","","","","","","","","","","","","","","","","","","","","","","","","","","","0.00000205","","","","","","","2026-08-06T09:45:40.875Z","","","","","",""
"KHAOKHEOW","GeRwNckssT3uivTd7pmjdfDWL6RpT93MEUjZcxX5pump","58","3","","","","","","","","","","","","","","","","","","","","","","","","","","","","","","","","","","","","","","","","","","","","","0.00000205","","","","","","","2026-08-06T09:45:40.895Z","","","","","",""
"NED","ACzYArPaJyZGommmv1kqg8zqqExrcTfAcFGX7gD8pump","56","4.938271603","","","","","","","","","","","","","","","","","","","","","","","","","","","","","","","","","","","","","","","","","","","","","0.000006373","","","","","","","2026-08-06T09:45:53.348Z","","","","","",""
"king wock","2NyANMTsni8mD9aGymo48GXvmypmyQqJgo8xpMbKpump","","","","","","","","","","","","","","","","","","","","","","","","","","","","","","","","","","","","","","","","","","","","","","","","","","","","","2.297e-7","","","","","","2026-08-06T09:46:04.903Z",""
"Coco","62WpiVrrAZdRKEZ9GTNYQEydPr1ShwGxhMwKSWG4pump","56","5","","","","","","","","","","","","","","","","","","","","","","","","","","","","","","","","","","","","","","","","","","","","","0.000002143","","","","","","","2026-08-06T09:46:10.950Z","","","","","",""
"TNOS","G4QtHrYekTJ9RvdbDuDwydAKn44k6v6gfwfXkXUHpump","66","0.098765431","","","","","","","0","0","0","","","0","0","902","0.098765431","0","0","1","0","0","2903.81","4","42.59","42.59","0.636","0.636","40.69","","0","0","1","0","0","","","","","","","","","","","","0.000002925","0.000002903","","","","","","2026-08-06T09:46:28.916Z","2026-08-06T09:48:34.660Z","","","","",""
"67chud","46zEj2csAaLkxD3qWt8TLG71JEHELgsY9GXtX9a2pump","82","14.814814813","","","","","","","","","","","","","","","","","","","","","","","","","","","","","","","","","","","","","","","","","","","","","0.000005878","","","","","","0.000002072","2026-08-06T09:47:04.883Z","","","","","2026-08-06T09:48:23.070Z",""
"PUTR2004","7Ke8MfQKnmKG1FGX6ZEZVM1ey72smdUyrabFJAnnpump","66","0.1","","","","","","","0","0","0","","","0","0","902","0.1","0","0","1","0","0","1961.22","3","17.8","17.8","0.6","0.6","-4.94","","0","0","1","0","0","","","","","","","","","","","","0.000001961","0.000001961","","","","","","2026-08-06T09:47:04.903Z","2026-08-06T09:48:04.688Z","","","","",""
"César","9RNCTU4E95BaY2JK9kWLEHUGrQS22DZJYkmcZ4PQ2vjx","67","5.2","","","","","","","","","","","","","","","","","","","","","","","","","","","","","","","","","","","","","","","","","","","","","0.000002188","","","","","","","2026-08-06T09:47:16.947Z","","","","","",""
"1Coin","2QSCK97CMHvrGh5WApjiiVDUDKisHkPWRiXY4EqDpump","","","","","","","","","","","","","","","","","","","","","","","","","","","","","","","","","","","","","","","","","","","","","","","","","","","","","2.74e-7","","","","","","2026-08-06T09:47:34.892Z",""
"ILY","ApysDTMfZAfi2if1dRwTmAMsBpM4dkJ1LxfZkfjfpump","66","0.098765431","","","","","","","103.9","270","-7","","","0","103.9","930","0.098765431","0","0","1","0","0","2493.28","3","334.1","334.1","0.6","0.6","20.88","","0","0","1","0","0","","","","","","","","","","","","0.000002061","0.000002493","","","","","","2026-08-06T09:48:10.873Z","2026-08-06T09:49:16.715Z","","","","",""
"$IKEEE","2NfLxzhfzUwsxfbsz4JSbzMkUUppRP9oyLcF9as1pump","64","0.0001","","","","","","","","","","","","","","","","","","","","","","","","","","","","","","","","","","","","","","","","","","","","","0.000003822","","","","","","0.000001109","2026-08-06T09:48:16.916Z","","","","","2026-08-06T09:48:58.970Z",""
"$PLAYAA","FsnX4kfJ8BCF1ayzgCshLGhwCrhXHSumTY5p7qaHpump","62","3.700578214","","","","","","","0","0","-0.5","","","0","0","914","3.700578214","0","1","0","0","0","2060.66","4","551.9","551.9","0.6","0.6","-20.27","","0","0","1","0","0","","","","","","","","","","","","0.000002061","0.00000206","","","","","","2026-08-06T09:48:46.886Z","2026-08-06T09:50:52.674Z","","","","",""
"the wock","Fqu68VhLqG3RT7xhDS3Ht4zhEJaMnKN2T5Ve85hkpump","","","","","","","","","","","","","","","","","","","","","","","","","","","","","","","","","","","","","","","","","","","","","","","","","","","","","3.696e-7","","","","","","2026-08-06T09:48:52.991Z",""
"FAKEME","7d1FXWxkAxV9z6ZVWwPgeHum27vWN7BhpebN43xRpump","63","3","","","","","","","","","","","","","","","","","","","","","","","","","","","","","","","","","","","","","","","","","","","","","0.00000218","","","","","","","2026-08-06T09:48:58.950Z","","","","","",""
"PINO","2472byLXAGQGsxPu9pNqTTuDV6y8G1MGpFpXbxYYpump","63","0.29625","","","","","","","","","","","","","","","","","","","","","","","","","","","","","","","","","","","","","","","","","","","","","0.000001646","","","","","","6.09e-7","2026-08-06T09:49:16.948Z","","","","","2026-08-06T09:49:52.954Z",""
"meowt","7NCcS9861zStWVwuiKinHpjUSBuqySy2hk3bGPS5pump","69","0.300046881","","","","","","","0","0","0","","","0","0","922","0.300046881","0","0","1","0","0","3399.29","3","72.96","72.96","0.75","0.75","62.53","","0","0","1","0","0","","","","","","","","","","","","0.000003399","0.000003399","","","","","","2026-08-06T09:49:28.945Z","2026-08-06T09:50:34.709Z","","","","",""
"VOLVAN","5hqLQ2yr1xczy4VhQXmKTjnb8iqw1hQ5QnociXinpump","66","0.090014063","","","","","","","","","","","","","","","","","","","","","","","","","","","","","","","","","","","","","","","","","","","","","0.000002069","","","","","","2.148e-7","2026-08-06T09:49:34.885Z","","","","","2026-08-06T09:51:00.041Z",""
"Twinning","36cxzsZLtnoDLud8MihQUNpthrFaEPAoP5sR6Z9Xpump","58","2.962962961","","","","","","","","","","","","","","","","","","","","","","","","","","","","","","","","","","","","","","","","","","","","","0.00000218","","","","","","","2026-08-06T09:49:46.933Z","","","","","",""
"Ruppert","6SGGQbP8WWNNkh4Gfw3kZYDyAnV6f264rYNXVhUcpump","63","3.950617282","","","","","","","","","","","","","","","","","","","","","","","","","","","","","","","","","","","","","","","","","","","","","0.000002152","","","","","","","2026-08-06T09:49:52.892Z","","","","","",""
"Ruppert","8rSRfiv6EzDS3iDPefJ8EMwioz5a8kd68TCZbVTzpump","56","3","","","","","","","","","","","","","","","","","","","","","","","","","","","","","","","","","","","","","","","","","","","","","0.000002091","","","","","","","2026-08-06T09:50:16.996Z","","","","","",""
"Tramal","HnJRjnZvAdDsu113RvKBnNEKvM2tDnGekcUYo6WQpump","57","2","","30.252","","","","","","","","","","","","","2","0","0","0","0","0","2273.89","3","693.07","693.07","0.563","0.563","-2.51","","0","0","1","0","0","-7.12714474263088","","","","","","","","","","","0.000002273","0.000002273","","","0.000002111","","","2026-08-06T09:50:22.902Z","2026-08-06T09:51:22.711Z","","","2026-08-06T09:51:52.963Z","",""
"fuckpolic","EPnzP9duiGJo8p4cLs92i2JXCtTgv8K31hspTpMKpump","","","","","","","","","","","","","","","","","","","","","","","","","","","","","","","","","","","","","","","","","","","","","","","","","","","","","1.395e-7","","","","","","2026-08-06T09:50:52.871Z",""
"SCRCOM","CSSpMjvZeYTBR1rSeVu77ng7LvcJFcmXprwR9JSbpump","96","0.060009374","","","","","","","","","","","","","","","","","","","","","","","","","","","","","","","","","","","","","","","","","","","","","0.000005313","","","","","","9.262e-7","2026-08-06T09:51:10.923Z","","","","","2026-08-06T09:51:46.962Z",""
"Oryx","3vq2a8wqrmFaTgziEpVtuK2r2zpryNp24e2Yxmkxpump","67","4","","","","","","","0","0","-8.2","","","0","0","912","4","0","0","0","0","0","2791.21","3","1868.86","1868.86","0.621","0.621","5.99","","0","0","1","0","0","","","","","","","","","","","","0.000002791","0.000002791","","","","","","2026-08-06T09:51:28.892Z","2026-08-06T09:52:34.707Z","","","","",""
"POORCAT","5UsVuVqUTq8P6br5KaXqcT3QUsdbjVaxU1WwhEMWpump","66","5.5","","12.012","","","","","290.3","350","-44.2","","","13.4","244.2","920","5.5","0","2","0","0","0","6073.21","3","17866.59","17866.59","0.582","0.582","112","","0","0","1","0","1","-18.39288654701137","","","","","","","","","","","0.00000533","0.000006073","","","0.000004956","","","2026-08-06T09:52:10.878Z","2026-08-06T09:53:16.677Z","","","2026-08-06T09:53:28.689Z","",""
"wifishy ","D4HLCz5ywHd12H5NA33L7bGMaDmPSDhFJyGX2ZY1pump","65","0.500078135","","","","","","","","","","","","","","","","","","","","","","","","","","","","","","","","","","","","","","","","","","","","","0.000002047","","","","","","","2026-08-06T09:52:28.878Z","","","","","",""
"meowt","4EPmMkkjP1HoEiS2J4QMR1yLS2ptQLzvc3Yq6rz5pump","","","","","","","","","","","","","","","","","","","","","","","","","","","","","","","","","","","","","","","","","","","","","","","","","","","","","6.448e-7","","","","","","2026-08-06T09:52:34.933Z",""
"TINFOIL","B6Dk4CTEvBzoT4R3KMK5hmgo6PzdghaYjarWAya1pump","55","4.938271603","","","","","","","","","","","","","","","","","","","","","","","","","","","","","","","","","","","","","","","","","","","","","0.000002249","","","","","","","2026-08-06T09:52:58.886Z","","","","","",""
"Tinfoil","429uVS9k7Bz6hmZFazF7WefN6E9qRWg1Ru72nnBspump","66","4.938271603","","","","","","","0","0","-6","","","-1.2","0","908","4.938271603","0","1","0","0","0","2179.87","3","836.65","836.65","0.667","0.667","-21.59","","0","0","1","0","0","","","","","","","","","","","","0.000002179","0.000002179","","","","","","2026-08-06T09:52:59.135Z","2026-08-06T09:53:58.670Z","","","","",""
"PINO","2472iVng4HRPjQAwaG22QjdwW4x3Xjg6mLGZGhJFpump","61","0.29625","","","","","","","0.3","22","-0.6","","","0.3","0","912","0.29625","0","3","1","0","0","4361.18","3","649.55","649.55","0.558","0.558","109","","0","0","1","0","0","","","","","","","","","","","","0.000004361","0.000004361","","","","","","2026-08-06T09:53:04.966Z","2026-08-06T09:54:04.672Z","","","","",""
"XPE","4JREhThw7UfX2f7RvY4i5vJiLGuaZoDsPyknn5fb4F6q","70","4.891089107","","","","","","","0","0","-0.5","","","0","0","918","4.891089107","0","0","0","0","0","2059.55","4","761.18","761.18","0.581","0.581","-25.72","","0","0","1","0","0","","","","","","","","","","","","0.000002775","0.000002059","","","","","","2026-08-06T09:53:10.904Z","2026-08-06T09:55:58.900Z","","","","",""
"sandwich ","DZfw6YofyBrv3S8Gjth1GpST9qN6KEgALKdwrDh6pump","70","4.938271603","","","","","","","","","","","","","","","","","","","","","","","","","","","","","","","","","","","","","","","","","","","","","0.000002049","","","","","","","2026-08-06T09:53:10.921Z","","","","","",""
"Bother ","2WvvaV4L8LxFbiQu9t1zk1DXwN1cfVXsqw36D3N2pump","","","","","","","","","","","","","","","","","","","","","","","","","","","","","","","","","","","","","","","","","","","","","","","","","","","","","8.587e-8","","","","","","2026-08-06T09:53:35.318Z",""
"Bunny","4ioKKatAYnqmYscMSJQmnRftDG6BtuabZSuQ6YZppump","56","3","","","","","","","","","","","","","","","","","","","","","","","","","","","","","","","","","","","","","","","","","","","","","0.000002143","","","","","","","2026-08-06T09:53:35.327Z","","","","","",""
"Creditcat","AGX8CaSkfkiLuopnXg6aaNFazcAE3m9AUyvZWQ38pump","55","5","","","","","","","","","","","","","","","","","","","","","","","","","","","","","","","","","","","","","","","","","","","","","0.000002049","","","","","","","2026-08-06T09:53:46.965Z","","","","","",""
"RABABO","4cTXaHveGkdHZCij3BUr7QMiTe2N6tZPAhqvj1G4pump","68","0.493827158","","35.906","","","","","0","0","-8.5","","","-8.5","0","910","0.493827158","0","1","1","0","0","4448.86","3","306.28","306.28","0.684","0.684","110","","0","0","1","0","0","-8.20593525179856","","","","","","","","","","","0.000004448","0.000004448","","","0.000004083","","","2026-08-06T09:53:52.901Z","2026-08-06T09:55:16.753Z","","","2026-08-06T09:55:52.659Z","",""
"taiyo","JBD7ZFjoNLa2ef39cXAD6f8tFXypsenkZfXsPjBhpump","60","7","","","","","","","","","","","","","","","","","","","","","","","","","","","","","","","","","","","","","","","","","","","","","0.000002328","","","","","","","2026-08-06T09:54:11.395Z","","","","","",""
"Drillcat","HUmM9uEynxo6uwDEK7StYdrhzBF46evkw2M3meGZpump","63","2.962962961","","","","","","","","","","","","","","","","","","","","","","","","","","","","","","","","","","","","","","","","","","","","","0.000002149","","","","","","","2026-08-06T09:54:16.877Z","","","","","",""
"FERPIR","4eqgXeesAAWk3qQQ7iiVaDzbTUXGFm6AJAs1MvMkpump","","","","","","","","","","","","","","","","","","","","","","","","","","","","","","","","","","","","","","","","","","","","","","","","","","","","","1.607e-7","","","","","","2026-08-06T09:54:23.081Z",""
"ZYZZ","3PFuNyMTtzZP5RusmZGQteN1LByK7aKWK8Xoqq9jpump","61","4.938271603","","","","","","","","","","","","","","","","","","","","","","","","","","","","","","","","","","","","","","","","","","","","","0.000002807","","","","","","","2026-08-06T09:54:28.900Z","","","","","",""
"HORT","sN9HJSphg57fEvUiA5afKGmqijXnZQpxexRor1sxdPw","68","4.2","","","","","","","","","","","","","","","","","","","","","","","","","","","","","","","","","","","","","","","","","","","","","0.000002053","","","","","","","2026-08-06T09:54:28.922Z","","","","","",""
"MuffinCat","81F5uUvrHf4ZXXe3Q3WQcpNyhabdxtyTkpCgSw2Gpump","57","5","","","","","","","","","","","","","","","","","","","","","","","","","","","","","","","","","","","","","","","","","","","","","0.000002767","","","","","","","2026-08-06T09:54:46.886Z","","","","","",""
"SKELETON","DvRCD3PCA3uuaGn7sSNnys7E5NSbywe6Ngd4Y5rypump","71","6.5","","","","","","","","","","","","","","","","","","","","","","","","","","","","","","","","","","","","","","","","","","","","","0.000002168","","","","","","","2026-08-06T09:55:28.947Z","","","","","",""
"sandwichguy","7Yy7RQjgHSwh8RoBmbr28ejocXGRPcDMFsQDvib6pump","58","2.962962961","","","","","","","","","","","","","","","","","","","","","","","","","","","","","","","","","","","","","","","","","","","","","0.000002107","","","","","","","2026-08-06T09:55:34.947Z","","","","","",""
"Bother","4CnZutqrBbPH5W74nDW7fr5UvnHsPUbLG9W43KgTpump","","","","","","","","","","","","","","","","","","","","","","","","","","","","","","","","","","","","","","","","","","","","","","","","","","","","","2.376e-7","","","","","","2026-08-06T09:55:34.965Z",""
"TAIYO-KUN","9punKT4jEqzCESS2q2TxAFLZbCMw9QBUwTgZpyeJpump","","","","","","","","","","","","","","","","","","","","","","","","","","","","","","","","","","","","","","","","","","","","","","","","","","","","","","","","","","","",""
"ZYZZ","DAfk1ejpWL5nVycmGiNkxP2VFsFR6uwaFmDBWdfvpump","58","5","","","","","","","","","","","","","","","5","0","7","0","0","0","2049.67","4","3196.61","3196.61","0.579","0.579","-26.52","","0","0","1","0","0","","","","","","","","","","","","0.000002227","0.000002049","","","","","","2026-08-06T09:56:04.873Z","2026-08-06T09:58:10.904Z","","","","",""
"GLISPE","8iehwgxMYVoJ19kq5iZr6sXuX6wjehBAaoSgce1Zpump","","","","","","","","","","","","","","","","","","","","","","","","","","","","","","","","","","","","","","","","","","","","","","","","","","","","","0.000001356","","","","","","2026-08-06T09:56:16.884Z",""
"Pino","2472umwTi7a9aPqbaf4vdxbtQXhChKh6i3Bi2opVpump","","","","","","","","","","","","","","","","","","","","","","","","","","","","","","","","","","","","","","","","","","","","","","","","","","","","","2.054e-7","","","","","","2026-08-06T09:56:16.962Z",""
"DIB","HhbbhbWVJYmA6VgJUXpC49sj8B31dimz8U3LbP8ppump","57","2","","","","","","","","","","","","","","","","","","","","","","","","","","","","","","","","","","","","","","","","","","","","","0.000002141","","","","","","","2026-08-06T09:56:23.081Z","","","","","",""
"MEOW","dsDXuJLZ5doq5ePKp15oCo1xqbFvAVvqYJTbFHZpump","85","14.814814813","auto","67.464","33.436","6.032","583.955","yes","51.9","396","-19.1","no","","6","43.4","905","14.814814813","0","0","0","0","0","9664.19","3","3091","3091","0.808","0.808","111","","0","0","1","0","1","-4.759933774834427","1.2217703312475408","-5.909503545044592","43.63","50.07","TRAIL_STOP","yes","36.47","0.035497","","0.070358","0.000007228","0.000009664","0.000009664","0.000009782071884811762","0.000009204","0.00001338","","2026-08-06T09:56:40.894Z","2026-08-06T09:57:41.122Z","2026-08-06T09:58:14.558Z","2026-08-06T09:58:20.590Z","2026-08-06T09:58:48.586Z","","2026-08-06T10:08:04.545Z"
"BERBAN","GRuTVGvMCFfAE4QZvtLgNTYbfKZaZuRb8Uc97zJ9pump","69","1.97530864","","","","","","","0","0","0","","","0","0","910","1.97530864","0","14","1","0","0","5994.55","3","724.35","724.35","0.556","0.556","158","","0","0","1","0","0","","","","","","","","","","","","0.000005994","0.000005994","","","","","","2026-08-06T09:57:22.886Z","2026-08-06T09:58:46.895Z","","","","",""
"WW","7GP74b1vv8vocEFVw8DuTZEGrQaKa82bvXoZEJHXpump","69","5.925925924","","","","","","","","","","","","","","","","","","","","","","","","","","","","","","","","","","","","","","","","","","","","","0.000003047","","","","","","","2026-08-06T09:57:34.988Z","","","","","",""
"Steven","BTtH1bWn5UT7XaVKCB3scykxbp5GBVprBKFpE8Dupump","55","5","","60.247","","","","","","","","","","","","","5","0","12","0","0","0","5831.71","3","14836.9","14836.9","0.651","0.651","109","","0","0","1","0","1","-60.88149545532499","","","","","","","","","","","0.000003753","0.000005831","","","0.000002281","","","2026-08-06T09:57:41.099Z","2026-08-06T09:58:52.641Z","","","2026-08-06T09:59:52.888Z","",""
"DOOREA","9Jcvtz3qbNycS5XE3XudweNY6PB28J7QqdsigZJApump","71","2.4691358","","","","","","","","","","","","","","","","","","","","","","","","","","","","","","","","","","","","","","","","","","","","","0.000002522","","","","","","","2026-08-06T09:57:47.031Z","","","","","",""
"AfroDom","15H8RJbxKGBTwcaMF4A3UEnQn2qTkKBWZn8pEPypump","57","5","","","","","","","","","","","","","","","","","","","","","","","","","","","","","","","","","","","","","","","","","","","","","0.000002049","","","","","","","2026-08-06T09:57:47.063Z","","","","","",""
"$IKEEE","C7LWJCAwV2pFvpTrsHCyGKjBz7nQq8KBHLJmAQ7Ypump","60","0.0001","","","","","","","0","0","0","","","0","0","910","0.0001","0","1","1","0","0","2050.36","3","4.19","4.19","0.75","0.75","0.05","","0","0","1","0","0","","","","","","","","","","","","0.00000205","0.00000205","","","","","","2026-08-06T09:57:52.993Z","2026-08-06T09:58:16.653Z","","","","",""
"PokeOS","4ByNXFGKtStWyYQaQ1VEzP7bUxXd96an6ZoWssyTpump","57","1.97530864","","","","","","","","","","","","","","","1.97530864","0","0","0","0","0","2633.2","3","621.7","621.7","0.643","0.643","13.07","","0","0","1","0","0","","","","","","","","","","","","0.000002633","0.000002633","","","","","","2026-08-06T09:58:34.885Z","2026-08-06T09:59:40.702Z","","","","",""
"SCRCOM","6KbgMn6pbqDpPq9oQrGn6iVgmyihoQCdUkzBG2xjpump","","","","","","","","","","","","","","","","","","","","","","","","","","","","","","","","","","","","","","","","","","","","","","","","","","","","","5.392e-9","","","","","","2026-08-06T09:58:34.935Z",""
"MANPIR","9ZNBfteuYxUCazSSv9DHNt5VvYf1YSmgLosCpjU5pump","68","1.97530864","","","","","","","","","","","","","","","","","","","","","","","","","","","","","","","","","","","","","","","","","","","","","0.000003241","","","","","","","2026-08-06T09:58:41.033Z","","","","","",""
"KITKOT","2472wybHS3E4CY5xTAtCTUiRH5gd52x1okb7xByupump","56","0.1975","","","","","","","","","","","","","","","","","","","","","","","","","","","","","","","","","","","","","","","","","","","","","0.000007182","","","","","","4.95e-7","2026-08-06T09:58:58.855Z","","","","","2026-08-06T10:01:04.912Z",""
"Squirt","7VEUvYtHweE9HK4ZYbMofK2b9MrRMc6ihMU8brmbpump","67","5.925925924","","","","","","","","","","","","","","","","","","","","","","","","","","","","","","","","","","","","","","","","","","","","","0.00000218","","","","","","","2026-08-06T09:58:58.889Z","","","","","",""
"FERJUG","3MRNWQ2m7hGxrenr3FQEDXEe4ZbVHoKwHej21hh1pump","","","","","","","","","","","","","","","","","","","","","","","","","","","","","","","","","","","","","","","","","","","","","","","","","","","","","7.837e-7","","","","","","2026-08-06T09:59:12.356Z",""
"AM","GFTMc5wT4PJgJW56cmpsuwXTaWxKmmnJX1dCibExpump","88","20","","84.369","","","","","54.9","430","-72.1","","","21.3","27.7","910","20","0","0","0","0","0","6554.59","3","26212.33","26212.33","0.582","0.582","15.14","","0","0","1","0","0","-20.964296612755568","","","","","","","","","","","0.000005579","0.000006554","","","0.00000518","","","2026-08-06T09:59:40.927Z","2026-08-06T10:00:46.671Z","","","2026-08-06T10:02:11.040Z","",""
"SCRCOM","BKw3oaBreBF7PTdnNgmK9ew3jhaXuLLtQbUr9wozpump","97","0.09876543","","","","","","","","","","","","","","","","","","","","","","","","","","","","","","","","","","","","","","","","","","","","","0.00000567","","","","","","1.869e-7","2026-08-06T09:59:52.900Z","","","","","2026-08-06T10:00:35.012Z",""
"$FOLK","BYiEzA2vzPN9j9Dwp4NXXruxQJWxw8NeauTZ4Q6jpump","","","","","","","","","","","","","","","","","","","","","","","","","","","","","","","","","","","","","","","","","","","","","","","","","","","","","9.105e-7","","","","","","2026-08-06T09:59:58.925Z",""
"AM","CQuQBAV58GHvVBHdHaEtx4xjhDqeuxhf4iNGAXWepump","56","2.962962961","","","","","","","","","","","","","","","","","","","","","","","","","","","","","","","","","","","","","","","","","","","","","0.000002049","","","","","","","2026-08-06T09:59:58.938Z","","","","","",""
"RISE","CW6FDqiNCsHy4pGwV2oJQPS2hD9oSpLSDGXttKNzpump","92","35.140740739","","","","","","","49.6","826","-87.9","","","2.1","46.5","866","35.140740739","0","0","0","0","0","11540.49","3","3042.71","3042.71","0.733","0.733","19.4","","0","0","1","0","0","","","","","","","","","","","","0.00001063","0.00001154","","","","","","2026-08-06T10:00:40.910Z","2026-08-06T10:02:11.017Z","","","","",""
"CAUTION","GUL895a9zLayS5BUp6GSjP6mmcmDrp7y67ZxaVMhpump","77","5","auto","66.561","31.872","5.621","60.322","yes","0","0","-34.8","no","","-6.9","0","910","5","1","9","0","0","0","6087.1","3","19352.25","19352.25","0.586","0.586","118","","0","0","1","0","1","-12.64990964350255","-6.88352226055529","-6.192660550458711","-34.33","0","STOP_LOSS","","","","","0.030829","0.000004901","0.000006087","0.000006087","0.000005668","0.000005317","0.000004495","","2026-08-06T10:00:46.901Z","2026-08-06T10:02:16.934Z","2026-08-06T10:02:48.806Z","2026-08-06T10:02:54.427Z","2026-08-06T10:03:23.495Z","","2026-08-06T10:03:54.749Z"
"CRIWAR","Bpn5f8MXVcH485De85cYZSMYRuCrxjeHA2Dij3frpump","68","1.97530864","","","","","","","","","","","","","","","","","","","","","","","","","","","","","","","","","","","","","","","","","","","","","0.000003183","","","","","","","2026-08-06T10:00:53.020Z","","","","","",""
"Tortoise","3WwYy5WdeqDsHsyTdiNE1CWchoe3qjdSxYtf6cWbyMb8","63","4","","17.992","","","","","4.4","190","-31","","","3.8","0.6","910","4","0","1","0","0","0","2979.16","3","6562.4","6562.4","0.677","0.677","13.14","","0","0","1","0","0","-17.589795233299775","","","","","","","","","","","0.000002969","0.000002979","","","0.000002455","","","2026-08-06T10:01:04.885Z","2026-08-06T10:02:16.671Z","","","2026-08-06T10:02:34.663Z","",""
"SLOTH","12EGD3iBtzuAzN7SPET8bCvQFXHmNWKeN3i5A4srpump","64","4.938271603","","","","","","","","","","","","","","","","","","","","","","","","","","","","","","","","","","","","","","","","","","","","","0.000002114","","","","","","","2026-08-06T10:01:23.007Z","","","","","",""
"$SBH","8c8zsah6yEs69ofhG5sQ2JDrgE8HA368wDmJkZ3cpump","56","0.098765431","","","","","","","","","","","","","","","","","","","","","","","","","","","","","","","","","","","","","","","","","","","","","0.00000244","","","","","","3.812e-7","2026-08-06T10:01:23.208Z","","","","","2026-08-06T10:02:05.060Z",""
"CRIROC","h9HYeQgtG9nRHNR4wyMpjp2ha8xhmZw6rF12o2Xpump","","","","","","","","","","","","","","","","","","","","","","","","","","","","","","","","","","","","","","","","","","","","","","","","","","","","","8.497e-8","","","","","","2026-08-06T10:01:40.941Z",""
"$IKEEE","GBNosUAjnuD9TVc6es4kx4qWV1HJFADAEaQhhN3tpump","","","","","","","","","","","","","","","","","0.0001","0","2","1","0","0","2049.69","3","0","0","1","1","0","","0","0","1","0","0","","","","","","","","","","","","","0.000002049","","","","","","","2026-08-06T10:02:04.656Z","","","","",""
"Tortoise","2W8stWoPwAMHWxLM1tYB4S8eAX9qoCXDPV4Rvfwxpump","63","3","","","","","","","","","","","","","","","","","","","","","","","","","","","","","","","","","","","","","","","","","","","","","0.000002157","","","","","","","2026-08-06T10:02:11.042Z","","","","","",""
"ChatSnap","BQEDH9GANRRCiVEB6LJJpPG1c5Q7yQrR9yVmnn7Tpump","","","","","","","","","","","","","","","","","","","","","","","","","","","","","","","","","","","","","","","","","","","","","","","","","","","","","2.216e-8","","","","","","2026-08-06T10:02:41.316Z",""
"KITKOT","2473Bdj6hKCZE2JHcJuCG6AtZeiBHqKdVMEifvykpump","57","0.29625","","","","","","","","","","","","","","","","","","","","","","","","","","","","","","","","","","","","","","","","","","","","","0.000004338","","","","","","2.993e-7","2026-08-06T10:03:28.865Z","","","","","2026-08-06T10:04:10.942Z",""
"BLAGOL","Huhk7rQYhfqmxe2LsStEnD6KW9FUxdL3fGaZWa3kpump","70","2.4691358","","","","","","","0","0","0","","","0","0","902","2.4691358","0","21","1","0","0","3487.05","3","2487.61","2487.61","0.55","0.55","45.3","","0","0","1","0","0","","","","","","","","","","","","0.000003487","0.000003487","","","","","","2026-08-06T10:03:34.848Z","2026-08-06T10:04:34.667Z","","","","",""
"Mr.wok","DFfcyY4PBju1gmMA2WRkCL1kyCg3gE62CJxAs72hpump","","","","","","","","","","","","","","","","","","","","","","","","","","","","","","","","","","","","","","","","","","","","","","","","","","","","","1.955e-7","","","","","","2026-08-06T10:03:53.130Z",""
"Winnie","4kvphKmWF4RwdGaRBjGzrj98yDHHfhMySpoBWi5fpump","67","3.901234566","","17.95","","","","","0","0","-34.8","","","-23.4","0","906","3.901234566","0","0","0","0","0","3140.92","3","1609.55","1609.55","0.714","0.714","19.95","","0","0","1","0","0","-23.407643312101918","","","","","","","","","","","0.000002688","0.00000314","","","0.000002405","","","2026-08-06T10:04:04.942Z","2026-08-06T10:05:10.714Z","","","2026-08-06T10:05:28.664Z","",""
"PHAINF","Eso9TZFQQnj8RAzRDBxY3s8jcMmuXXnxYhsRADbopump","","","","","","","","","","","","","","","","","","","","","","","","","","","","","","","","","","","","","","","","","","","","","","","","","","","","","1.227e-7","","","","","","2026-08-06T10:04:04.958Z",""
"BERMON","GY1stSi39sXPW5BTYzk4UXKbAjev3UaKGR1TcwKNpump","85","8.422518517","","","","","","","0","0","0","","","0","0","910","8.422518517","0","20","1","0","0","2440.46","3","1484.04","1484.04","0.75","0.75","-27.37","","0","0","1","0","0","","","","","","","","","","","","0.00000244","0.00000244","","","","","","2026-08-06T10:04:16.891Z","2026-08-06T10:04:16.907Z","","","","",""
"Winnie","65hD2o1VxUFjiiRcFVn1TfqVyVychEvuhDQ821HHpump","64","5","","","","","","","","","","","","","","","","","","","","","","","","","","","","","","","","","","","","","","","","","","","","","0.000009889","","","","","","","2026-08-06T10:04:40.878Z","","","","","",""
"ROGWAR","DmZqqn7z68VdN2319SJohLrtAGebTkvjAmpdFB3spump","72","2.962962961","","","","","","","","","","","","","","","","","","","","","","","","","","","","","","","","","","","","","","","","","","","","","0.000001505","","","","","","","2026-08-06T10:04:52.879Z","","","","","",""
"Justiceify","4JXu2i8s4uQCqHdxF7sfVFHqPhfXxwZPQ6oEgFnupump","56","3","","","","","","","","","","","","","","","","","","","","","","","","","","","","","","","","","","","","","","","","","","","","","0.000002071","","","","","","","2026-08-06T10:04:52.882Z","","","","","",""
"LOL","BFQY1yYZYv8RR8KfSNbY9RmLEvboy1Bcxo3cotuMpump","","","","","","","","","","","","","","","","","","","","","","","","","","","","","","","","","","","","","","","","","","","","","","","","","","","","","3.474e-7","","","","","","2026-08-06T10:05:04.999Z",""
"M&M","7QuRjkXAUVBLAYHYbv5uDQcm3JawsqFwmaJVo39akLUL","61","4","","","","","","","","","","","","","","","","","","","","","","","","","","","","","","","","","","","","","","","","","","","","","0.000002151","","","","","","","2026-08-06T10:05:05.247Z","","","","","",""
"NAIDA","EG6BsvorqvzFAmhd6hNgtfEWC8X4tka41LBaYp2Cpump","63","3","","","","","","","","","","","","","","","","","","","","","","","","","","","","","","","","","","","","","","","","","","","","","0.000004955","","","","","","","2026-08-06T10:05:52.878Z","","","","","",""
"SCRCOM","DxxeiM1RRSkn2rn78kGtiAw54rHzWKLNBhYDQMXJpump","","","","","","","","","","","","","","","","","","","","","","","","","","","","","","","","","","","","","","","","","","","","","","","","","","","","","2.351e-7","","","","","","2026-08-06T10:05:52.896Z",""
"Steve","DP2wKMuDpYSQMtWGUVQt6aN4f3y1uJDziUCx6SLnpump","","","","","","","","","","","","","","","","","","","","","","","","","","","","","","","","","","","","","","","","","","","","","","","","","","","","","9.997e-7","","","","","","2026-08-06T10:06:04.889Z",""
"BROKECAT","2pH4P5c8wn6Lr7pLnDPwLmYndQsBrqaiCWPbGPiBpump","55","5","","","","","","","","","","","","","","","5","0","11","0","0","0","2090","3","755.12","755.12","0.75","0.75","-25.04","","0","0","1","0","0","","","","","","","","","","","","0.000002089","0.000002089","","","","","","2026-08-06T10:06:17.200Z","2026-08-06T10:06:34.664Z","","","","",""
"MOLMON","66P9C8eCT7rAVFotswYRGQ8hLphCT85duy2K4idXpump","71","2.962962961","","","","","","","0","0","0","","","0","0","908","2.962962961","0","24","1","0","0","1584.02","3","795.08","795.08","0.63","0.63","-35.93","","0","0","1","0","0","","","","","","","","","","","","0.000001584","0.000001584","","","","","","2026-08-06T10:06:17.267Z","2026-08-06T10:07:28.727Z","","","","",""
"Handfish","5wRUkHATWLFYWutgv4PXZcRTzrhkYqZJuardK8ropump","60","5","","","","","","","","","","","","","","","","","","","","","","","","","","","","","","","","","","","","","","","","","","","","","0.000002178","","","","","","","2026-08-06T10:06:28.886Z","","","","","",""
"LOL","5T6mtQFUxbcqSoq9p3cGswznFvV137NzhtrUe4Fxpump","","","","","","","","","","","","","","","","","","","","","","","","","","","","","","","","","","","","","","","","","","","","","","","","","","","","","3.397e-7","","","","","","2026-08-06T10:06:28.910Z",""
"handfish","CrQgh8oFobvrPebGGiBcGY2gdWydZgFCNTjRibodpump","56","5","","","","","","","","","","","","","","","","","","","","","","","","","","","","","","","","","","","","","","","","","","","","","0.000002062","","","","","","","2026-08-06T10:06:28.929Z","","","","","",""
"Steve","7csDhLV6yFeWi7zW1SXQMEdxTY8jE2pd24zMU7jmpump","","","","","","","","","","","","","","","","","","","","","","","","","","","","","","","","","","","","","","","","","","","","","","","","","","","","","3.216e-7","","","","","","2026-08-06T10:06:52.877Z",""
"HORT","FmXAVXzgUPoDvuCDoJqo5GpDWfsFCBuS1yMdEkuMhTXU","59","4","","78.269","","","","","","","","","","","","","4","0","3","0","0","0","10551.61","3","14398.09","14398.09","0.638","0.638","301","","0","0","1","0","1","-22.549763033175356","","","","","","","","","","","0.000009361","0.00001055","","","0.000008171","","","2026-08-06T10:06:58.859Z","2026-08-06T10:07:58.669Z","","","2026-08-06T10:09:16.938Z","",""
"WYTH","DvF1o3JrDN8QnbUrKsNTs1xqKCDpunYWEhoECV23pump","64","0.250039066","","","","","","","","","","","","","","","","","","","","","","","","","","","","","","","","","","","","","","","","","","","","","0.000001887","","","","","","0.000001121","2026-08-06T10:06:58.898Z","","","","","2026-08-06T10:07:40.887Z",""
"FERAGE","AJPqkJ1m87TKaYHeXjX5QgG5gYV5dJYY13qoNAepump","","","","","","","","","","","","","","","","","","","","","","","","","","","","","","","","","","","","","","","","","","","","","","","","","","","","","3.459e-7","","","","","","2026-08-06T10:07:04.869Z",""
"HORT","Fz1dmVmJDWniDuPeMFRJTyWRAsCrEvNMUb29JxSopump","59","7","","","","","","","","","","","","","","","","","","","","","","","","","","","","","","","","","","","","","","","","","","","","","0.000002047","","","","","","","2026-08-06T10:07:11.091Z","","","","","",""
"CURAGE","AJZpggaap7EHQ9YCMDKHsNT7NDfcxMfb7byrq7Mjpump","","","","","","","","","","","","","","","","","","","","","","","","","","","","","","","","","","","","","","","","","","","","","","","","","","","","","0.000001153","","","","","","2026-08-06T10:07:16.888Z",""
"HORT","8E6yzMqC6Nbi4EqZWEQiALy7mUrrcZGVKXFQ1gBrpump","75","5","","","","","","","","","","","","","","","","","","","","","","","","","","","","","","","","","","","","","","","","","","","","","0.000002047","","","","","","","2026-08-06T10:07:34.843Z","","","","","",""
"HORT","4xkLthFMHBwBNtxi2dKTTVTLQAf4W173KssFGK18pump","63","3","","","","","","","","","","","","","","","","","","","","","","","","","","","","","","","","","","","","","","","","","","","","","0.000002046","","","","","","","2026-08-06T10:07:47.069Z","","","","","",""
"Steve","ApJ4PrqNQZUdunSJuduijguVHGJZuBqiLbL15NYfpump","","","","","","","","","","","","","","","","","","","","","","","","","","","","","","","","","","","","","","","","","","","","","","","","","","","","","5.657e-8","","","","","","2026-08-06T10:07:58.919Z",""
"CHAWAR","81wVSvMM4ETJBdGQyDD5M2bYbh6PQQgjUtvUhKWUpump","","","","","","","","","","","","","","","","","","","","","","","","","","","","","","","","","","","","","","","","","","","","","","","","","","","","","2.721e-7","","","","","","2026-08-06T10:08:04.990Z",""
"LOL","GxqSVjkefNkSK8y9rYg4yptYm6y4G64y9yzCH16rpump","58","0.493827158","","","","","","","","","","","","","","","","","","","","","","","","","","","","","","","","","","","","","","","","","","","","","0.000001458","","","","","","4.524e-8","2026-08-06T10:08:10.889Z","","","","","2026-08-06T10:08:58.926Z",""
"Steve","8VaX1ErizTb2jp6JwcY91PaH6o7BMc4TrPio3U5Gpump","66","0.09876543","","","","","","","","","","","","","","","","","","","","","","","","","","","","","","","","","","","","","","","","","","","","","0.00002944","","","","","","","2026-08-06T10:08:22.993Z","","","","","",""
"PopCat","8mY7sv7q9hddzKyLsNecXc6zEYYxfM6MEjqis2QApump","59","4","","18.236","","","","","","","","","","","","","4","0","3","0","0","0","2176.84","3","1681.67","1681.67","0.55","0.55","-17.21","","0","0","1","0","0","-5.9283088235294095","","","","","","","","","","","0.000002176","0.000002176","","","0.000002047","","","2026-08-06T10:08:28.843Z","2026-08-06T10:09:40.680Z","","","2026-08-06T10:09:58.916Z","",""
"HORT","8oW14ZoxPEekGmpxyXi8xHT8TLJXU26j5BRvRGnDpump","63","3","","","","","","","","","","","","","","","","","","","","","","","","","","","","","","","","","","","","","","","","","","","","","0.000002088","","","","","","","2026-08-06T10:08:46.928Z","","","","","",""
"BRICK","CmangL9HxqkVgiqQZ6WQJanfF6PrZyXc3QhCkFKepump","","","","","","","","","","","","","","","","","","","","","","","","","","","","","","","","","","","","","","","","","","","","","","","","","","","","","9.288e-7","","","","","","2026-08-06T10:09:05.121Z",""
"POORCAT","UbPwsimuYA7CTe1r8mhJ2i2TDq3gGv9aypSGardpump","63","3","","","","","","","","","","","","","","","","","","","","","","","","","","","","","","","","","","","","","","","","","","","","","0.000002178","","","","","","","2026-08-06T10:09:11.235Z","","","","","",""
"ROOKIE","24VKii4ccJuUjHJNMxjbhdWWSNxotSg1Y2DJW9P8pump","65","3.5","","","","","","","","","","","","","","","","","","","","","","","","","","","","","","","","","","","","","","","","","","","","","0.000002617","","","","","","","2026-08-06T10:09:11.245Z","","","","","",""
"VOLWIZ","JDLiBDREMppxrwFhKy12NShBhAnpqSt6F4qZGpwHpump","","","","","","","","","","","","","","","","","","","","","","","","","","","","","","","","","","","","","","","","","","","","","","","","","","","","","3.348e-7","","","","","","2026-08-06T10:09:16.968Z",""
"MOONDOG","9XZt58fSiDYu9wueqHFZWrqZFmyBi4sMKm3Lkj7apump","62","2.765432097","","","","","","","36.1","382","-46.1","","","0","36.1","902","2.765432097","0","0","0","0","0","2786.4","3","365.71","365.71","1","1","14.06","","0","0","1","0","0","","","","","","","","","","","","0.000002786","0.000002786","","","","","","2026-08-06T10:09:40.871Z","2026-08-06T10:10:04.663Z","","","","",""
"CAUTION","4WssDrn8i7r5ja3AUjzBKEVGvx1VZCXYegdyd3ARpump","73","5","auto","60.008","30.191","4.838","45.673","yes","0","0","-72.2","no","","-9","1.4","144","5","1","11","0","0","0","8747.48","3","12913.21","12913.21","0.604","0.604","214","","0","0","1","0","1","-7.751228992797523","-12.92554414187707","5.94240308261065","-5.4","5.94","BREAK_EVEN_SL","","","","","0.043292","0.000006653","0.000008747","0.000007959","0.000007616402653910012","0.000008069","0.000006179","","2026-08-06T10:09:52.855Z","2026-08-06T10:10:52.669Z","2026-08-06T10:11:22.860Z","2026-08-06T10:11:27.698Z","2026-08-06T10:11:52.677Z","","2026-08-06T10:12:13.371Z"
"PHAROC","GMsAddJixpgHVtHpoR2uz7Q7TgfCY1eBx98TtQD7pump","","","","","","","","","","","","","","","","","","","","","","","","","","","","","","","","","","","","","","","","","","","","","","","","","","","","","0.000001032","","","","","","2026-08-06T10:10:16.872Z",""
"SocAI","2473j1mm22hoDWH8PKYF8oQe2MwH2qKpo2xm8U7ppump","","","","","","","","","","","","","","","","","","","","","","","","","","","","","","","","","","","","","","","","","","","","","","","","","","","","","1.207e-7","","","","","","2026-08-06T10:10:28.953Z",""
"VOLINF","EE7UkrYit1vBTu8Ywd7vvqYwG2uX8BfGR9ujcB9epump","61","1.481481479","","","","","","","","","","","","","","","","","","","","","","","","","","","","","","","","","","","","","","","","","","","","","0.000002376","","","","","","3.878e-7","2026-08-06T10:10:48.039Z","","","","","2026-08-06T10:11:28.872Z",""
"WOULD","GYbF6QQfM8upJCtjKzLJ4oXkwM9isH9hVb5NdB9jpump","56","2.962962961","","","","","","","","","","","","","","","2.962962961","0","2","0","0","0","2056.24","3","7696.74","7696.74","0.554","0.554","-16.84","","0","0","1","0","0","","","","","","","","","","","","0.000002056","0.000002056","","","","","","2026-08-06T10:10:48.055Z","2026-08-06T10:11:52.700Z","","","","",""
"TURTLE","8B6R7jmNf49TwdQ1J3Pk5PG6sH8rzbXgW1j5dATFpump","57","1.97530864","","60.638","","","","","","","","","","","","","1.97530864","0","0","0","0","0","4519.24","3","4510.29","4510.29","0.591","0.591","94.24","","0","0","1","0","1","-52.24607213985395","","","","","","","","","","","0.000003345","0.000004519","","","0.000002158","","","2026-08-06T10:10:59.075Z","2026-08-06T10:11:58.659Z","","","2026-08-06T10:12:59.297Z","",""
"djungleskog","MuKSYFXdcTFwaKxt9G7txrgTfhFCnp2azmWJqsSsqKJ","57","4","","","","","","","","","","","","","","","","","","","","","","","","","","","","","","","","","","","","","","","","","","","","","0.000002048","","","","","","","2026-08-06T10:11:05.021Z","","","","","",""
"the meme","GkxUNFxKHSzUYxuFc7oJ68tsM85xfu94gMMojHEcpump","","","","","","","","","","","","","","","","","","","","","","","","","","","","","","","","","","","","","","","","","","","","","","","","","","","","","2.155e-7","","","","","","2026-08-06T10:11:11.289Z",""
"Tortoise","Fb1HStDgjodsAtSQm4a4PQc2JiE31JzW17WYLPEJy8qa","56","4","","","","","","","","","","","","","","","","","","","","","","","","","","","","","","","","","","","","","","","","","","","","","0.000002046","","","","","","","2026-08-06T10:12:04.865Z","","","","","",""
"Mei","HV8ycUAEK3WC4oYUEPThXAPQw1AgCzXmrBBVsMcHpump","63","3","","","","","","","","","","","","","","","","","","","","","","","","","","","","","","","","","","","","","","","","","","","","","0.000002175","","","","","","","2026-08-06T10:12:28.869Z","","","","","",""
"TOXBAN","7yPkTVf6rmkzCTg6zBkFcHCrmVXV5uxRXHfFkyh7pump","99","0.09876543","","","","","","","","","","","","","","","","","","","","","","","","","","","","","","","","","","","","","","","","","","","","","0.000002296","","","","","","6.712e-8","2026-08-06T10:12:34.895Z","","","","","2026-08-06T10:13:11.224Z",""
"TURMON","6QkfYFaBvDX2984JZrVAHSiiaX6CJP8Rw8KHpb1Hpump","","","","","","","","","","","","","","","","","","","","","","","","","","","","","","","","","","","","","","","","","","","","","","","","","","","","","7.805e-7","","","","","","2026-08-06T10:12:47.016Z",""
"djungleskog","9NL2rvytecNGwm1XnA3MngQo4DU5MCNjDFTUdNbrPrZS","55","4","","","","","","","","","","","","","","","","","","","","","","","","","","","","","","","","","","","","","","","","","","","","","0.000002046","","","","","","","2026-08-06T10:12:47.056Z","","","","","",""
"DOOWAR","2qp4Lb46EdtnbffJsYZvZSmKqnrqiVKTHR8DXUmApump","","","","","","","","","","","","","","","","","","","","","","","","","","","","","","","","","","","","","","","","","","","","","","","","","","","","","8.609e-7","","","","","","2026-08-06T10:12:47.382Z",""
"Eico","749FW9bzUL5vCqkB4czH2iZqYyjzsi7qB13fo2U6pump","55","2.4691358","","","","","","","","","","","","","","","2.4691358","0","1","0","0","0","3369.23","3","7869.3","7869.3","0.584","0.584","40.56","","0","0","1","0","1","","","","","","","","","","","","0.000002176","0.000003369","","","","","","2026-08-06T10:12:52.985Z","2026-08-06T10:13:52.659Z","","","","",""
"$DORPHEUS","BMTkxs2nd7FW67ykNnvSGBc2ma8xWYrba2WnES7gpump","61","0.059259258","","60.276","","","","","40.4","22","-79.8","","","40.4","0","102","0.059259258","0","1","1","0","0","5359.27","3","34.45","34.45","0.609","0.609","161","","0","0","1","0","0","-30.06157865273372","","","","","","","","","","","0.00000345","0.000005359","","","0.000003748","","","2026-08-06T10:13:04.891Z","2026-08-06T10:14:04.654Z","","","2026-08-06T10:15:04.930Z","",""
"SHITTER","H8TnrXPkWAvgpw1aMmH7pxcCamC19n8hpJM5gLr7pump","72","5.432098763","","","","","","","","","","","","","","","","","","","","","","","","","","","","","","","","","","","","","","","","","","","","","0.000003329","","","","","","","2026-08-06T10:13:16.858Z","","","","","",""
"Eico","D74q9jo7oevrxZWbtZoRkYnrtsSFfKwRKnRqd5zEpump","71","5","","","","","","","","","","","","","","","","","","","","","","","","","","","","","","","","","","","","","","","","","","","","","0.000002449","","","","","","","2026-08-06T10:13:23.218Z","","","","","",""
"lilbro","ERMoGouZSb4yv6pEx4tsQhjKy3uui3iz6Kepzm1upump","100","14.814814813","","","","","","","","","","","","","","","","","","","","","","","","","","","","","","","","","","","","","","","","","","","","","0.000008547","","","","","","","2026-08-06T10:14:29.318Z","","","","","",""
"BLAGOB","H6RsRJPcP95W7DLDeNcRqgfj5douHci8GtdSxf6Wpump","","","","","","","","","","","","","","","","","","","","","","","","","","","","","","","","","","","","","","","","","","","","","","","","","","","","","0.000001318","","","","","","2026-08-06T10:14:40.909Z",""
"Eico","C7DcCGKXXy9dePgzwMenh394Gaf3MBHMe6wq67VPpump","57","1.97530864","","","","","","","","","","","","","","","1.97530864","0","0","0","0","0","2060.03","3","297.88","297.88","0.667","0.667","-11.43","","0","0","1","0","0","","","","","","","","","","","","0.000002046","0.00000206","","","","","","2026-08-06T10:15:17.385Z","2026-08-06T10:15:04.717Z","","","","",""
"Tilikum","z8dhBLxQ5ZFPPncU8vECB1ZZhFk98FGgqdsLMcopump","63","3.901234566","","","","","","","54.9","172","-73.1","","","13.8","36","902","3.901234566","0","1","0","0","0","4986.56","3","9425.13","9425.13","0.566","0.566","90.75","","0","0","1","0","1","","","","","","","","","","","","0.000004382","0.000004986","","","","","","2026-08-06T10:15:05.002Z","2026-08-06T10:16:04.664Z","","","","",""
"Lynn","GPDHdkDBR9xK5jpTmdcfECdE61su5nCPk7hpt8cqpump","60","2.4691358","","","","","","","","","","","","","","","","","","","","","","","","","","","","","","","","","","","","","","","","","","","","","0.000002654","","","","","","","2026-08-06T10:15:10.973Z","","","","","",""
"the den","7ZUEVRM1o6qgtKN6p4xCToKcZHUGPy8k4twS7ysMpump","","","","","","","","","","","","","","","","","","","","","","","","","","","","","","","","","","","","","","","","","","","","","","","","","","","","","2.993e-7","","","","","","2026-08-06T10:15:11.170Z",""
"GLIGOL","BSdbwtBjBBVeyXbDokkeyEuaYGfjdFPTC6uD83Vnpump","","","","","","","","","","","","","","","","","","","","","","","","","","","","","","","","","","","","","","","","","","","","","","","","","","","","","3.74e-7","","","","","","2026-08-06T10:15:22.884Z",""
"Fugazi","9Eg73wbP1h3nhCKaHrvo5rGPaBKw1vpkdU8RkXrUpump","57","2","","","","","","","","","","","","","","","2","0","0","0","0","0","9078.62","3","11077.04","11077.04","0.708","0.708","290","","0","0","1","0","1","","","","","","","","","","","","0.000007821","0.000009078","","","","","","2026-08-06T10:16:05.041Z","2026-08-06T10:17:10.636Z","","","","",""
"STUTUTU","4unR2BshHPM3gnYJJtkWJfLbXeu38reSWwAMhqRZpump","69","0.300046881","","","","","","","","","","","","","","","","","","","","","","","","","","","","","","","","","","","","","","","","","","","","","0.000001382","","","","","","","2026-08-06T10:16:10.875Z","","","","","",""
"RABJUG","A3B6uwLTDiSatbwoEKmiXiVVwt55UbzvHPym44S4pump","64","0.246913578","","","","","","","0","0","0","","","0","0","904","0.246913578","0","1","1","0","0","5004.45","3","98.85","98.85","0.7","0.7","141","","0","0","1","0","0","","","","","","","","","","","","0.000005004","0.000005004","","","","","","2026-08-06T10:16:16.873Z","2026-08-06T10:17:22.702Z","","","","",""
"NUCGRE","A7Vqknr4C89sZkum7L6sTXf7XMCuGLWpVwbGpDDtpump","","","","","","","","","","","","","","","","","","","","","","","","","","","","","","","","","","","","","","","","","","","","","","","","","","","","","2.747e-7","","","","","","2026-08-06T10:16:16.892Z",""
"Rin","9GEmknoVcsEXVpEjS1fE6jxGFBVqLSFraG5qFCARpump","60","3.950617282","","","","","","","","","","","","","","","","","","","","","","","","","","","","","","","","","","","","","","","","","","","","","0.000002063","","","","","","","2026-08-06T10:16:28.851Z","","","","","",""
"MANVAN","Zv53uVfLgfCUHCxrBQBSjejz4KyAxZrvtcPYmr6pump","","","","","","","","","","","","","","","","","","","","","","","","","","","","","","","","","","","","","","","","","","","","","","","","","","","","","2.501e-7","","","","","","2026-08-06T10:16:46.864Z",""
"リン","4TVFM779Y7MTLqpw6YncsoBTcZKVDao2u7RMxU6rpump","55","2.4691358","","","","","","","","","","","","","","","2.4691358","0","1","0","0","0","2177.25","3","1862.1","1862.1","0.552","0.552","-9.19","","0","0","1","0","0","","","","","","","","","","","","0.000002177","0.000002177","","","","","","2026-08-06T10:16:52.941Z","2026-08-06T10:17:52.671Z","","","","",""
"蘭ちゃん","HEEZYRhftrkHGoUVguUDSEWuFPxSYtMmDuy11Porpump","60","3.901234566","","","","","","","","","","","","","","","","","","","","","","","","","","","","","","","","","","","","","","","","","","","","","0.000002591","","","","","","","2026-08-06T10:17:04.869Z","","","","","",""
"STUTUTU","6SNSL2XmwPq1v6z4S7QaZaBRPaBupoFgx1YYBhKipump","","","","","","","","","","","","","","","","","","","","","","","","","","","","","","","","","","","","","","","","","","","","","","","","","","","","","0.000001229","","","","","","2026-08-06T10:17:10.866Z",""
"リン ","H7ftTZmLfiXnE4E5pqwPT5FoN44uFagaj7bJodA4pump","65","3.456790121","","","","","","","","","","","","","","","","","","","","","","","","","","","","","","","","","","","","","","","","","","","","","0.000002148","","","","","","","2026-08-06T10:17:16.870Z","","","","","",""
"Eico","9btdRwGRgUXUhKwWV4MdJ3jieyY1dwE1x96LiFKFpump","56","3","","12.408","","","","","","","","","","","","","3","0","2","0","0","0","2176.62","3","907.99","907.99","0.625","0.625","-12.1","","0","0","1","0","0","-5.882352941176465","","","","","","","","","","","0.000002176","0.000002176","","","0.000002048","","","2026-08-06T10:17:22.853Z","2026-08-06T10:18:22.663Z","","","2026-08-06T10:18:35.071Z","",""
"Eico","HxiprDUEf1iDoESg42ZCSYMhcRFEXXsby8f8Smrkpump","58","3","","","","","","","","","","","","","","","3","0","1","0","0","0","2176.6","3","797.74","797.74","0.625","0.625","-12.11","","0","0","1","0","0","","","","","","","","","","","","0.000002176","0.000002176","","","","","","2026-08-06T10:17:34.850Z","2026-08-06T10:18:34.641Z","","","","",""
"DOOJUG","CdQDuWDZ2Km83eiEodTsY2QuP7mCQzMMsAagV9k3pump","70","2.962962961","","","","","","","0","0","0","","","0","0","910","2.962962961","0","34","1","0","0","2122.32","3","806.12","806.12","0.615","0.615","-14.09","","0","0","1","0","0","","","","","","","","","","","","0.000002121","0.000002122","","","","","","2026-08-06T10:17:46.852Z","2026-08-06T10:18:46.649Z","","","","",""
"VOLBAN","AvzjjfraCjbwHyunzZnWwXWbpYfJA5KiHRHEDZs4pump","","","","","","","","","","","","","","","","","","","","","","","","","","","","","","","","","","","","","","","","","","","","","","","","","","","","","1.871e-7","","","","","","2026-08-06T10:17:52.855Z",""
"BLAYET","BJvqUGETPemcUT4T7sJ4PWM1SLpmZnjBSRbU6QMjpump","","","","","","","","","","","","","","","","","","","","","","","","","","","","","","","","","","","","","","","","","","","","","","","","","","","","","6.309e-7","","","","","","2026-08-06T10:18:17.048Z",""
"Tilikum","hmnd3EkUrekfY6aD5nYr8WVxHL2nqxJAQFPbokApump","","","","","","","","","","","","","","","","","","","","","","","","","","","","","","","","","","","","","","","","","","","","","","","","","","","","","0.00000215","","","","","","2026-08-06T10:18:34.844Z",""
"CRIBAN","Bp2z325RV8UW7bDpFmQL2NeCBmhK74o2QjKTeBtgpump","","","","","","","","","","","","","","","","","","","","","","","","","","","","","","","","","","","","","","","","","","","","","","","","","","","","","1.143e-7","","","","","","2026-08-06T10:18:52.871Z",""
"Sakari","GbNEdRffGPfnhmRxXZCffZpwAvN3JuA6Z9u3p6PqPmJR","58","3.950617282","","","","","","","","","","","","","","","","","","","","","","","","","","","","","","","","","","","","","","","","","","","","","0.000002049","","","","","","","2026-08-06T10:18:58.962Z","","","","","",""
"GLIGOL","8YiuXui8xkAAft3yWpRZYpECndkuqZty7AKscPmwpump","76","4.938271603","","","","","","","","","","","","","","","","","","","","","","","","","","","","","","","","","","","","","","","","","","","","","0.000002219","","","","","","","2026-08-06T10:18:58.995Z","","","","","",""
"サカリ","5kgybfX6WnjRc1kwu6ehSkpxz5kjbCyP9FhY6HQSpump","56","3","","54.31","","","","","","","","","","","","","3","0","2","0","0","0","2179","3","1240.54","1240.54","0.563","0.563","-12.12","","0","0","1","0","0","-5.876951331496799","","","","","","","","","","","0.000002178","0.000002178","","","0.00000205","","","2026-08-06T10:19:16.962Z","2026-08-06T10:20:22.640Z","","","2026-08-06T10:21:16.950Z","",""
"BERREA","BmzjXpDxKb3wvJJyVbbQGCLETL7fc4RFUZnHd7k7pump","","","","","","","","","","","","","","","","","","","","","","","","","","","","","","","","","","","","","","","","","","","","","","","","","","","","","8.27e-8","","","","","","2026-08-06T10:19:16.990Z",""
"NIGGER","3gsYH9oXUmYdYQocUJMZvY72dKQGHYqg1bKrFSBzpump","55","5","","","","","","","","","","","","","","","5","0","11","0","0","0","2051.39","3","2511.42","2511.42","0.64","0.64","-26.45","","0","0","1","0","0","","","","","","","","","","","","0.000002051","0.000002051","","","","","","2026-08-06T10:19:22.880Z","2026-08-06T10:20:28.661Z","","","","",""
"CURYET","Fgrc1e9c3Jb7xZz3Py2WvAMkjdA5Z5Hzk4uc6AL5pump","69","2.962962961","","","","","","","0","0","0","","","0","0","906","2.962962961","0","37","1","0","0","4731.4","3","2171.08","2171.08","0.621","0.621","91.28","","0","0","1","0","0","","","","","","","","","","","","0.000004731","0.000004731","","","","","","2026-08-06T10:19:34.872Z","2026-08-06T10:20:40.647Z","","","","",""
"the rama","7WNwAAq7J1RumUhPZt61DpRrcbzWiwJvrqdkJH6Cpump","58","0.200031254","","","","","","","","","","","","","","","","","","","","","","","","","","","","","","","","","","","","","","","","","","","","","0.000002051","","","","","","","2026-08-06T10:19:46.851Z","","","","","",""
"UNHRAP","DTcLPyQtqP937fPhn2QXVcmwjmgJ8xAiwmXjjSZRpump","62","0.246913578","","","","","","","","","","","","","","","","","","","","","","","","","","","","","","","","","","","","","","","","","","","","","0.000001657","","","","","","","2026-08-06T10:20:05.065Z","","","","","",""
"DOOGOL","GEpRkhBR35ko3FqMDcRQP4U7G29PTJyvRUCWj815pump","","","","","","","","","","","","","","","","","","","","","","","","","","","","","","","","","","","","","","","","","","","","","","","","","","","","","4.946e-7","","","","","","2026-08-06T10:20:17.255Z",""
"SCRGRE","EiNAP116bPbg1McKm3Ae3xRwbFhXFXzB5KH1i8uipump","62","0.246913578","","","","","","","","","","","","","","","","","","","","","","","","","","","","","","","","","","","","","","","","","","","","","0.00000185","","","","","","","2026-08-06T10:20:22.920Z","","","","","",""
"GLIROC","G3zDH5AzVpXCtoebtkxzVHNY932gsVgdJMEVQG4ipump","","","","","","","","","","","","","","","","","","","","","","","","","","","","","","","","","","","","","","","","","","","","","","","","","","","","","6.172e-7","","","","","","2026-08-06T10:20:34.841Z",""
"CHAIR","HFzRn9kP2miUpqDX64oALHQnNituV6LQqmh9sss4pump","56","2.962962961","","","","","","","","","","","","","","","","","","","","","","","","","","","","","","","","","","","","","","","","","","","","","0.000002526","","","","","","","2026-08-06T10:20:46.871Z","","","","","",""
"蘭ちゃん","CPS5vpNc6g5vW8NqYFRNaq2LZjKfHr3gQkE6Y3Vcpump","58","3.901234566","","","","","","","","","","","","","","","3.901234566","0","3","0","0","0","2596.88","3","1012.16","1012.16","0.7","0.7","-0.81","","0","0","1","0","0","","","","","","","","","","","","0.000002596","0.000002596","","","","","","2026-08-06T10:21:16.891Z","2026-08-06T10:22:28.859Z","","","","",""
"EICO","8Kz1NMhS8xh8euPJQuFLmMa8MCoKLWuYF3xV723JsoRM","66","4.891089107","","","","","","","","","","","","","","","","","","","","","","","","","","","","","","","","","","","","","","","","","","","","","0.000002744","","","","","","","2026-08-06T10:21:34.871Z","","","","","",""
"Cage ","B1D8p3AdBKaaTgNfAAi6hkb5pbJtFw9WHsAaiFgVpump","55","4.938271603","","","","","","","","","","","","","","","","","","","","","","","","","","","","","","","","","","","","","","","","","","","","","0.000002051","","","","","","","2026-08-06T10:21:34.896Z","","","","","",""
"cheesedih","39noPzh9izsnZ7zpvmMkV6Vb2WA64LcKfhikeK3bpump","71","5","","","","","","","","","","","","","","","","","","","","","","","","","","","","","","","","","","","","","","","","","","","","","0.000007996","","","","","","","2026-08-06T10:21:58.917Z","","","","","",""
"Sealion","D1hVsGU1grmmCMk5YU8aUZppvCwESRb1GUKC3uPZpump","","","","","","","","","","","","","","","","","","","","","","","","","","","","","","","","","","","","","","","","","","","","","","","","","","","","","9.763e-7","","","","","","2026-08-06T10:22:04.916Z",""
"Flossie","96vM58BMNYejn3pRVWo34KWfnvEHk5qhLzXutH8Tpump","63","2.962962961","","","","","","","0","0","-6","","","-1.2","0","906","2.962962961","0","0","0","0","0","2181.66","3","547.54","547.54","0.571","0.571","-11.91","","0","0","1","0","0","","","","","","","","","","","","0.000002181","0.000002181","","","","","","2026-08-06T10:22:04.943Z","2026-08-06T10:23:10.718Z","","","","",""
"Stella","FgLSnpsj59Nj2zrg1AxZyZCBGvtBmx9ZZRhoSriz9yYB","57","3.950617282","","","","","","","","","","","","","","","","","","","","","","","","","","","","","","","","","","","","","","","","","","","","","0.000006202","","","","","","","2026-08-06T10:22:10.947Z","","","","","",""
"sol","FmBYTX1UA3vJDP2YJc31mBH88DRAzmfLnWY7JXJ8pump","","","","","","","","","","","","","","","","","","","","","","","","","","","","","","","","","","","","","","","","","","","","","","","","","","","","","1.638e-7","","","","","","2026-08-06T10:22:16.851Z",""
"PLOP","HHCFEcRxHH1ycQYQqxhfppccFXjMpfDLjnZnDzxpump","63","3","","","","","","","","","","","","","","","","","","","","","","","","","","","","","","","","","","","","","","","","","","","","","0.000002181","","","","","","","2026-08-06T10:22:34.854Z","","","","","",""
"PEECHI","HjJGKkEgAeFAQptewYD74F4mVm6TZQud17fkCD8spump","70","4.938271603","","","","","","","","","","","","","","","","","","","","","","","","","","","","","","","","","","","","","","","","","","","","","0.000003121","","","","","","","2026-08-06T10:22:46.854Z","","","","","",""
"CATDOLLAR","7d4AT4tqkhnwaQvnNiYfEbxYgfc3NUTNQzNMUdvMpump","","","","","","","","","","","","","","","","","2.765432097","0","1","0","0","0","2450.34","3","204.25","204.25","1","1","0.12","","0","0","1","0","0","","","","","","","","","","","","","0.00000245","","","","","","","2026-08-06T10:23:58.670Z","","","","",""
"火币⁠","A46QBUgpyZeQQrSbELwvX4hH7P3HhocZXk7eFALDpump","58","3","","","","","","","","","","","","","","","","","","","","","","","","","","","","","","","","","","","","","","","","","","","","","0.000002143","","","","","","","2026-08-06T10:23:58.887Z","","","","","",""
"Ina","GrWyuR9APTtw381sAUo3LcX7btc3ptM9TJ5ciA7Ppump","56","3","","","","","","","","","","","","","","","","","","","","","","","","","","","","","","","","","","","","","","","","","","","","","0.000002092","","","","","","","2026-08-06T10:24:22.857Z","","","","","",""
"PHAWIZ","5vDNCCc6heJ5sDLJZsx2kcHS6W3euGSywqe1R81Cpump","98","0.09876543","","","","","","","","","","","","","","","","","","","","","","","","","","","","","","","","","","","","","","","","","","","","","0.000001499","","","","","","5.399e-8","2026-08-06T10:24:28.874Z","","","","","2026-08-06T10:25:11.066Z",""
"STARS","Fbp6cpbXrLzfM2wSpHDsEt1EbP3wbqCdrFMqCEJUpump","55","3.85185185","","","","","","","","","","","","","","","","","","","","","","","","","","","","","","","","","","","","","","","","","","","","","0.000002175","","","","","","","2026-08-06T10:24:34.855Z","","","","","",""
"CHAPIL","F4YJxPbuqcAJDr8wrYYEzXzjoWRbStEDGuEzVd1Qpump","","","","","","","","","","","","","","","","","","","","","","","","","","","","","","","","","","","","","","","","","","","","","","","","","","","","","3.259e-7","","","","","","2026-08-06T10:24:47.064Z",""
"Plop","ov6RMnAZGcKh4WyJt9Qd97stRC5ehg7vbktK6WDpump","64","5.5","","","","","","","","","","","","","","","","","","","","","","","","","","","","","","","","","","","","","","","","","","","","","0.000002465","","","","","","","2026-08-06T10:24:47.095Z","","","","","",""
"CAP","DzJZGTkbHsbng8RjwtgCZRBGM8vSeV5VXwpfnCKHpump","70","5","","","","","","","","","","","","","","","","","","","","","","","","","","","","","","","","","","","","","","","","","","","","","0.00000233","","","","","","","2026-08-06T10:25:04.939Z","","","","","",""
"Tilikum","4TR6nDPyUq15yTqjYZDjZCbjNR7B9YEKny7i6YPCpump","58","5","","","","","","","","","","","","","","","","","","","","","","","","","","","","","","","","","","","","","","","","","","","","","0.000002051","","","","","","","2026-08-06T10:25:16.883Z","","","","","",""
"Wheel ","EVfNpcRnxG4ea8qY8mDAgwzqgwXRhocDDipL9Fzp6sZU","67","4","","","","","","","0","0","-0.8","","","0","0","908","4","0","0","0","0","0","2069.05","3","2997.91","2997.91","0.654","0.654","-21.48","","0","0","1","0","0","","","","","","","","","","","","0.000002069","0.000002069","","","","","","2026-08-06T10:25:22.927Z","2026-08-06T10:26:28.686Z","","","","",""
"Hybrids","7Rz6pGLXCTAS2bfcjYV5gRJRyVVnA6hVYZFjKXUvpump","56","3","","","","","","","","","","","","","","","","","","","","","","","","","","","","","","","","","","","","","","","","","","","","","0.000002181","","","","","","","2026-08-06T10:25:34.837Z","","","","","",""
"リン","ERmsemfpcNtZrmU3Keqs5d44fq5Yg8ByaXV1RFSFpump","55","5","","","","","","","","","","","","","","","","","","","","","","","","","","","","","","","","","","","","","","","","","","","","","0.000002182","","","","","","","2026-08-06T10:25:40.856Z","","","","","",""
"Bangs","8VVCfHmgKQy8hxVDL6UJSCkqDLDu3xFMaVcZNdzrpump","57","2.000312547","","","","","","","","","","","","","","","2.000312547","0","0","0","0","0","3072.88","4","4701.58","4701.58","0.57","0.57","31.6","","0","0","1","0","0","","","","","","","","","","","","0.000002677","0.000003072","","","","","","2026-08-06T10:25:52.888Z","2026-08-06T10:28:34.851Z","","","","",""
"GWG","G3njbkJGjyicrTemRN3ufe3A5kkyme2eSQ7qhjC7pump","63","3","","","","","","","","","","","","","","","","","","","","","","","","","","","","","","","","","","","","","","","","","","","","","0.00000262","","","","","","","2026-08-06T10:25:59.233Z","","","","","",""
"Marlon","AWkFswgM974pn8ZtFVWTroeGF9GtVrKxW8zPoACQpump","65","3.5","","","","","","","34.5","6","-46.9","","","-28.4","0","906","3.5","0","0","0","0","0","2890.31","4","11568.68","11568.68","0.59","0.59","12.96","","0","0","1","0","0","","","","","","","","","","","","0.000005087","0.00000289","","","","","","2026-08-06T10:26:10.964Z","2026-08-06T10:28:40.701Z","","","","",""
"tim","GNpVSJ7tEoeEqqJAFZDsNoecqVQeMcDCsaBWg2z6pump","63","3","","","","","","","","","","","","","","","","","","","","","","","","","","","","","","","","","","","","","","","","","","","","","0.000005144","","","","","","","2026-08-06T10:26:40.839Z","","","","","",""
"GWG","8uT7Jp4WXjsvncjYKF2Fs2JFco71ijzwqCb3iBfppump","58","3","","","","","","","","","","","","","","","","","","","","","","","","","","","","","","","","","","","","","","","","","","","","","0.000002051","","","","","","","2026-08-06T10:26:40.858Z","","","","","",""
"GUNK","7UJsVsjqnBMA92GXsASqa1gS3wRi5MB4xMxdMzLPpump","","","","","","","","","","","","","","","","","","","","","","","","","","","","","","","","","","","","","","","","","","","","","","","","","","","","","9.557e-7","","","","","","2026-08-06T10:27:10.884Z",""
"쥑쥑","EykJ7uu4sv1TcS9dAdPPtdQnitkf8itNxxqXjNo3pump","57","3.901234566","","","","","","","","","","","","","","","3.901234566","0","4","0","0","0","2052.19","3","1582.92","1582.92","0.6","0.6","-21.67","","0","0","1","0","0","","","","","","","","","","","","0.000002052","0.000002052","","","","","","2026-08-06T10:27:28.855Z","2026-08-06T10:28:34.705Z","","","","",""
"TOXGOB","3Mt6525cY6VwFStJo1gQZGPYfEQDucBwu1Stzygwpump","97","0.09876543","","","","","","","","","","","","","","","","","","","","","","","","","","","","","","","","","","","","","","","","","","","","","0.00000194","","","","","","6.37e-7","2026-08-06T10:27:46.976Z","","","","","2026-08-06T10:28:22.835Z",""
"meowt","FeJFVEX1959rLJaHdr98kL9vLZ21opb1dwBhnGoCpump","62","0.240037504","","","","","","","","","","","","","","","","","","","","","","","","","","","","","","","","","","","","","","","","","","","","","0.000002005","","","","","","","2026-08-06T10:28:04.884Z","","","","","",""
"king jack","73yDRbK4cJEpuRF5RUiA7kb5RrMy2JDoAqW5yaeapump","","","","","","","","","","","","","","","","","","","","","","","","","","","","","","","","","","","","","","","","","","","","","","","","","","","","","3.912e-7","","","","","","2026-08-06T10:28:16.882Z",""
"GUNK","5kivhWm2U6YsUJB57Q9W9azuUsy9XPuZJPReGFpppump","64","0.250039066","","","","","","","0","0","0","","","0","0","910","0.250039066","0","1","1","0","0","2385.08","3","109.35","109.35","0.6","0.6","14.32","","0","0","1","0","0","","","","","","","","","","","","0.000002385","0.000002385","","","","","","2026-08-06T10:28:46.869Z","2026-08-06T10:29:46.656Z","","","","",""
"CFD","HWhCkatmUMye5tV5xXXnebpvsubXBj8RviB6ipYypump","","","","","","","","","","","","","","","","","","","","","","","","","","","","","","","","","","","","","","","","","","","","","","","","","","","","","6.574e-7","","","","","","2026-08-06T10:28:58.879Z",""
"EICO","BHrWnooTfpzqEEXjF1pZrgwQvaXhGYPbZMkVyH84pump","","","","","","","","","","","","","","","","","","","","","","","","","","","","","","","","","","","","","","","","","","","","","","","","","","","","","3.529e-7","","","","","","2026-08-06T10:29:28.866Z",""
"MOLINF","6ZVLCMGMy2885cSxT18A1D4QuTXyymQuCqqfh8Wvpump","","","","","","","","","","","","","","","","","","","","","","","","","","","","","","","","","","","","","","","","","","","","","","","","","","","","","0.000001222","","","","","","2026-08-06T10:29:28.892Z",""
"NOSAW","25NtRohP1HqQJr7ifFBsvgrg9LAAovaAgKm4quHgpump","","","","","","","","","","","","","","","","","","","","","","","","","","","","","","","","","","","","","","","","","","","","","","","","","","","","","6.989e-7","","","","","","2026-08-06T10:29:46.864Z",""
"MARRYME","8Cr7d4WBF2B34cjieuauWtRE9R7J6vfdAQBfJFZkpump","62","0.098765431","","","","","","","","","","","","","","","","","","","","","","","","","","","","","","","","","","","","","","","","","","","","","0.000005363","","","","","","","2026-08-06T10:30:05.100Z","","","","","",""
"GUNK","6rtiQQmJk1GbTERXErP4NH2jydSpgywv18r8HZw1pump","","","","","","","","","","","","","","","","","","","","","","","","","","","","","","","","","","","","","","","","","","","","","","","","","","","","","7.436e-7","","","","","","2026-08-06T10:30:05.210Z",""
"the meme","DhZXgTPJh2xpMat2tzEvi27m3Hxhh51X6Yn7RCNUpump","","","","","","","","","","","","","","","","","","","","","","","","","","","","","","","","","","","","","","","","","","","","","","","","","","","","","6.366e-7","","","","","","2026-08-06T10:30:22.997Z",""
"Tailchan","CEb2am3ywhTSgzP8mQbh8sCmbuebBc1w5cimEV83pump","64","4.938271603","","","","","","","0","0","-6","","","-1.3","0","908","4.938271603","0","2","0","0","0","2182.25","3","837.51","837.51","0.667","0.667","-21.58","","0","0","1","0","0","","","","","","","","","","","","0.000002182","0.000002182","","","","","","2026-08-06T10:30:28.850Z","2026-08-06T10:31:28.648Z","","","","",""
"GUNK","3QyqSyVVrJLDaoXbUYHXbRkhUPYyEJeJjF5GCNqepump","60","0.250039066","","","","","","","0","0","0","","","0","0","908","0.250039066","0","3","1","0","0","5593.29","3","139.94","139.94","0.611","0.611","168","","0","0","1","0","0","","","","","","","","","","","","0.000005593","0.000005593","","","","","","2026-08-06T10:30:58.928Z","2026-08-06T10:31:58.715Z","","","","",""
"LOL","8G62ddXgf4ytep8ArsrPc6CSoJsSfaePtdVh9SXepump","","","","","","","","","","","","","","","","","","","","","","","","","","","","","","","","","","","","","","","","","","","","","","","","","","","","","3.067e-8","","","","","","2026-08-06T10:31:10.915Z",""
"YOMAMA","9u4g7ZuKEXPmVqWX94wJLXwFMrF5To1o9mAySyPpump","63","2.962962961","","","","","","","","","","","","","","","","","","","","","","","","","","","","","","","","","","","","","","","","","","","","","0.000002182","","","","","","","2026-08-06T10:31:10.936Z","","","","","",""
"Retardimals","Eif8hbKwgiiMTiH156DWcXvXRY8nrt3owTmibhsTpump","56","3.901234566","","","","","","","","","","","","","","","","","","","","","","","","","","","","","","","","","","","","","","","","","","","","","0.000002394","","","","","","","2026-08-06T10:31:16.861Z","","","","","",""
"WOULD","GLn1FC9YQfoZaqXTkpZEnGpm5UQgBcMaTWffsbtHpump","68","5","","","","","","","","","","","","","","","","","","","","","","","","","","","","","","","","","","","","","","","","","","","","","0.000003167","","","","","","","2026-08-06T10:31:22.985Z","","","","","",""
"WOULD","5N1x8DvWTcHpTW2S3JJ2NxXFDsz3UcY9oMTJZpLvpump","58","3.950617282","","","","","","","","","","","","","","","","","","","","","","","","","","","","","","","","","","","","","","","","","","","","","0.000002068","","","","","","","2026-08-06T10:31:40.856Z","","","","","",""
"wOOld","GwXqCiPAG2GVv34qgwjPt6MKAsCjhCthkqCYuYz7pump","58","7","","","","","","","","","","","","","","","","","","","","","","","","","","","","","","","","","","","","","","","","","","","","","0.000002052","","","","","","","2026-08-06T10:31:46.850Z","","","","","",""
"CHAPIR","7oRPkEPygvRq8a1KUX4ktP9k5gmAXhHCEadQgch7pump","","","","","","","","","","","","","","","","","","","","","","","","","","","","","","","","","","","","","","","","","","","","","","","","","","","","","2.232e-7","","","","","","2026-08-06T10:31:46.943Z",""
"PUMP FUEL","GQyV1wNQqarcsXpodgqGVzGxDeaFdrys3vfJjZSVpump","","","","","","","","","30.5","284","0","","","0","30.5","904","0.270042193","0","0","1","0","0","2359.15","3","22.38","22.38","1","1","12.92","","0","0","1","0","0","","","","","","","","","","","","","0.000002359","","","","","","","2026-08-06T10:32:52.637Z","","","","",""
"SAVROC","BkCBkKVxmgwtMa3rwhgLfZQCcV16c9UhzGmt4XeYpump","","","","","","","","","","","","","","","","","","","","","","","","","","","","","","","","","","","","","","","","","","","","","","","","","","","","","2.721e-7","","","","","","2026-08-06T10:32:52.981Z",""
"RABABO","hJ5Aa21wN553uZkPWa9zCmzmezgjaLFyTC3aVtYpump","","","","","","","","","","","","","","","","","","","","","","","","","","","","","","","","","","","","","","","","","","","","","","","","","","","","","2.467e-7","","","","","","2026-08-06T10:32:58.851Z",""
"POORCAT","2tkTRNs9CN2f5fo8fdZ9vmCNyxB1UEenrXefcMHfpump","58","3","","","","","","","","","","","","","","","","","","","","","","","","","","","","","","","","","","","","","","","","","","","","","0.000002051","","","","","","","2026-08-06T10:33:04.985Z","","","","","",""
"MOLYET","GNtTMvfKmPbTRUiuQSvqvwxKV4t7JnozcWAmPB7tpump","58","0.246913578","","","","","","","","","","","","","","","","","","","","","","","","","","","","","","","","","","","","","","","","","","","","","0.000001991","","","","","","5.884e-7","2026-08-06T10:33:22.886Z","","","","","2026-08-06T10:34:05.014Z",""
"nigga","3GxUaRNvZm5sis5RdMHN8Jm3YuLPdUERUkg2tePgpump","","","","","","","","","","","","","","","","","","","","","","","","","","","","","","","","","","","","","","","","","","","","","","","","","","","","","3.255e-7","","","","","","2026-08-06T10:33:34.885Z",""
"HOLD","EjcrN4GkKbtNsbp4srd34amGHwsFG6cXwMLURnenpump","","","","","","","","","","","","","","","","","","","","","","","","","","","","","","","","","","","","","","","","","","","","","","","","","","","","","0.000001103","","","","","","2026-08-06T10:33:34.906Z",""
"NEEGY","DxmTX8BihA97wGLKwoW5mCEagppA3Tkjf9joPZpnpump","72","0.493827159","","","","","","","0","0","0","","","0","0","902","0.493827159","0","0","1","0","0","5319","3","206.81","206.81","0.6","0.6","151","","0","0","1","0","0","","","","","","","","","","","","0.000005319","0.000005319","","","","","","2026-08-06T10:33:35.071Z","2026-08-06T10:34:34.637Z","","","","",""
"KEITH","G17qssdKNWP2HMGcEbhMFM4qADg8AEgCnj3uBsybpump","67","5","","18.327","","","","","0","0","-67.5","","","-52.3","0","902","5","1","15","0","0","0","6373.88","3","18359.12","18359.12","0.594","0.594","128","","0","0","1","0","1","-52.31445159265652","","","","","","","","","","","0.000005261","0.000006373","","","0.000003039","","","2026-08-06T10:34:05.210Z","2026-08-06T10:35:04.646Z","","","2026-08-06T10:35:22.973Z","",""
"Moony","7zundH17MeLAjemyoDMLC5eZcZ4TThMMzSgcrpFKpump","","","","","","","","","","","","","","","","","","","","","","","","","","","","","","","","","","","","","","","","","","","","","","","","","","","","","2.934e-7","","","","","","2026-08-06T10:34:05.358Z",""
"WOULD","HsUYoQpWAX24tuq9Syre38TXNiCB29ddNux4Wdkmpump","57","0.059259258","","","","","","","","","","","","","","","","","","","","","","","","","","","","","","","","","","","","","","","","","","","","","0.000002632","","","","","","5.266e-7","2026-08-06T10:34:16.843Z","","","","","2026-08-06T10:34:58.941Z",""
"KEITH","EQKGxNYPm1Yf5NS9ZJ4A9ZZrMnuZ249XQyz17AUDpump","56","3","","","","","","","","","","","","","","","3","0","2","0","0","0","2183.14","3","511.34","511.34","0.667","0.667","-12.09","","0","0","1","0","0","","","","","","","","","","","","0.000002183","0.000002183","","","","","","2026-08-06T10:34:16.855Z","2026-08-06T10:35:22.657Z","","","","",""
"CARTEL","3AYVtZsSowqRerY2VU2n6XgDV6f1PVpbGEQX6aoqpump","63","3","","","","","","","","","","","","","","","","","","","","","","","","","","","","","","","","","","","","","","","","","","","","","0.000002484","","","","","","","2026-08-06T10:34:16.864Z","","","","","",""
"STUTUTU","6HaHtX3Y4FzeBZqpNJVAWizzN2SQ8ZFD2XjUrqp1pump","","","","","","","","","","","","","","","","","","","","","","","","","","","","","","","","","","","","","","","","","","","","","","","","","","","","","9.6e-7","","","","","","2026-08-06T10:34:52.872Z",""
"CLASHCAT","9JohJU8HSKvDZqskdc6jJ7RtFhHdrGKu4Y6qPTAZpump","","","","","","","","","","","","","","","","","","","","","","","","","","","","","","","","","","","","","","","","","","","","","","","","","","","","","2.071e-7","","","","","","2026-08-06T10:35:10.895Z",""
"RABWIZ","5YFet1FAjUGZaGzvLaeX3hBwTH9ntpyGx8RGbf9Gpump","55","0.09876543","","","","","","","","","","","","","","","0.09876543","0","5","1","0","0","5178.86","3","829.51","829.51","0.575","0.575","151","","0","0","1","0","0","","","","","","","","","","","","0.000002387","0.000005178","","","","","","2026-08-06T10:35:16.867Z","2026-08-06T10:36:16.695Z","","","","",""
"LOL","BUnj5qeZTsv23aQWo9r4WyXLSUPm5PXf3ubhbKCypump","","","","","","","","","","","","","","","","","","","","","","","","","","","","","","","","","","","","","","","","","","","","","","","","","","","","","0.000001272","","","","","","2026-08-06T10:35:34.862Z",""
"KEITH","62kc1bq2BAiVRwJPtgg31Z9nBoKYbMTxM8Zqd6Capump","56","3","","","","","","","","","","","","","","","","","","","","","","","","","","","","","","","","","","","","","","","","","","","","","0.000002183","","","","","","","2026-08-06T10:35:34.946Z","","","","","",""
" ","DP9duSmzd7L9PGzBu7N73TnxyDJoiytG68cnUSvPpump","66","5","","","","","","","","","","","","","","","","","","","","","","","","","","","","","","","","","","","","","","","","","","","","","0.000002151","","","","","","","2026-08-06T10:35:40.924Z","","","","","",""
"BOAR","5r9SzVxj4neNSsaz37NHLVzyu8W1f9m5DYZid3mQkAcf","64","4.891089107","","","","","","","","","","","","","","","","","","","","","","","","","","","","","","","","","","","","","","","","","","","","","0.000002765","","","","","","","2026-08-06T10:36:17.060Z","","","","","",""
"マリオ","J2LXkfSFGJqGtUAJMnyvioSnLYrCrRJYeabv5C5Tpump","55","3.901234566","","","","","","","","","","","","","","","","","","","","","","","","","","","","","","","","","","","","","","","","","","","","","0.000002183","","","","","","","2026-08-06T10:36:23.063Z","","","","","",""
"BERAGE","HZoPhPnLri8jPrm2T2TJy8GD3FpaEubAP3udsxzMpump","96","0.09876543","","","","","","","","","","","","","","","","","","","","","","","","","","","","","","","","","","","","","","","","","","","","","0.000002728","","","","","","6.805e-7","2026-08-06T10:36:28.906Z","","","","","2026-08-06T10:37:10.878Z",""
"404","611g7TE5pU2u5K57TnkZnvznUJPbgc3SAZZkty2Cpump","63","5.5","","","","","","","","","","","","","","","","","","","","","","","","","","","","","","","","","","","","","","","","","","","","","0.000002074","","","","","","","2026-08-06T10:36:28.927Z","","","","","",""
"アニメ","9MXn7mYhiLyPmGp1Re8Dqo33ZShUSxkDgnqRYVdvpump","58","4.938271603","","","","","","","","","","","","","","","","","","","","","","","","","","","","","","","","","","","","","","","","","","","","","0.000002515","","","","","","","2026-08-06T10:36:52.837Z","","","","","",""
"マリオ","2a44drbcrTqxyc6kWBvocJ3HGqSiLH1iuKj4azV1pump","65","5","","","","","","","","","","","","","","","","","","","","","","","","","","","","","","","","","","","","","","","","","","","","","0.000002234","","","","","","","2026-08-06T10:37:04.945Z","","","","","",""
"404","E92GaRwkosNkxrEKh5gCg3WFMZycvvEGhShgVZgXpump","62","5.5","","","","","","","","","","","","","","","","","","","","","","","","","","","","","","","","","","","","","","","","","","","","","0.000002053","","","","","","","2026-08-06T10:37:10.845Z","","","","","",""
"マリオ","o8sCFW17XJwwT8JkPDfXjcSPies5A1PrjHaqmafpump","57","2.07375","","","","","","","","","","","","","","","","","","","","","","","","","","","","","","","","","","","","","","","","","","","","","0.000002182","","","","","","","2026-08-06T10:37:16.932Z","","","","","",""
"マリオ","4rHRQnP5MLH2Y6Zk92biCxywH9KwjuYQiYNoopenpump","61","5","","","","","","","","","","","","","","","","","","","","","","","","","","","","","","","","","","","","","","","","","","","","","0.000002792","","","","","","","2026-08-06T10:37:22.857Z","","","","","",""
"Trumpruto","5zpoJJXE1ATobito1sepckvTHNwRiYswko66F77Hpump","71","5","","","","","","","","","","","","","","","","","","","","","","","","","","","","","","","","","","","","","","","","","","","","","0.00000214","","","","","","","2026-08-06T10:37:52.883Z","","","","","",""
"NINJA","35njb1U2Hf6coFfbb2kDxEGYtKWtEVaTwmLLP9VXpump","","","","","","","","","","","","","","","","","","","","","","","","","","","","","","","","","","","","","","","","","","","","","","","","","","","","","3.551e-7","","","","","","2026-08-06T10:37:58.848Z",""
"RABPIL","B2u2f9N3QNKpA2KqiKfAxS2aptsnr5ieaLbffwrgpump","56","0.246913578","","","","","","","","","","","","","","","","","","","","","","","","","","","","","","","","","","","","","","","","","","","","","0.000001325","","","","","","","2026-08-06T10:38:04.886Z","","","","","",""
"ミーム","3bDNE7c9Cb2AcNNXem875XQ68Eoza4W6ishLqzh9pump","60","4.938271603","","","","","","","","","","","","","","","","","","","","","","","","","","","","","","","","","","","","","","","","","","","","","0.000006104","","","","","","","2026-08-06T10:38:22.843Z","","","","","",""
"Doge","EadJX8fxqvxokzjiseSVs867r6riaKAm75Dfgfvnpump","","","","","","","","","","","","","","","","","","","","","","","","","","","","","","","","","","","","","","","","","","","","","","","","","","","","","3.678e-7","","","","","","2026-08-06T10:38:46.839Z",""
"MARIO","HAFy8281PhN4tANDYnHTyhZFQ4FLr7urrD4aMvnnpump","57","2.65","","","","","","","","","","","","","","","","","","","","","","","","","","","","","","","","","","","","","","","","","","","","","0.000002728","","","","","","","2026-08-06T10:38:46.865Z","","","","","",""
"COOPER","HUX1X9CTHwjTzksbaQ7fpDuN7YvqqgiyLP2rygJWpump","","","","","","","","","","","","","","","","","","","","","","","","","","","","","","","","","","","","","","","","","","","","","","","","","","","","","5.359e-7","","","","","","2026-08-06T10:38:46.900Z",""
"禁止","Qe1T4gj7876kuyFVu9q8STmPeYv9NveuWRQ3PA4pump","71","5","","","","","","","","","","","","","","","","","","","","","","","","","","","","","","","","","","","","","","","","","","","","","0.000002163","","","","","","","2026-08-06T10:39:05.063Z","","","","","",""
"BANNED","5x1U8enUXrYhipkuD5t1Uj1bPHV7Efm9qrYCZyjipump","57","5","","","","","","","","","","","","","","","","","","","","","","","","","","","","","","","","","","","","","","","","","","","","","0.000002182","","","","","","","2026-08-06T10:39:16.835Z","","","","","",""
"禁止","GQbxLazYu8BSn8zmugBXsCFWmuQpnsJXHPprET2ppump","58","3","","","","","","","","","","","","","","","","","","","","","","","","","","","","","","","","","","","","","","","","","","","","","0.000002072","","","","","","","2026-08-06T10:39:16.878Z","","","","","",""
"TRUMPGAY","9kmjjE3Ae6zSCoYAQJYnvqaGbkaAGAPo88XgxuUppump","","","","","","","","","","","","","","","","","","","","","","","","","","","","","","","","","","","","","","","","","","","","","","","","","","","","","4.588e-7","","","","","","2026-08-06T10:39:41.068Z",""
"TURWIZ","4YsiEKHzdv5Cte3VuuwQp8E3Tw6vd2S5YqsvyTnGpump","","","","","","","","","","","","","","","","","","","","","","","","","","","","","","","","","","","","","","","","","","","","","","","","","","","","","5.531e-7","","","","","","2026-08-06T10:39:52.849Z",""
"マリオ","52Cs8jA3WK65W9mxcGnMGgFY8LHef86qvKhQQu6spump","58","3","","","","","","","","","","","","","","","3","0","1","0","0","0","2181.97","3","1962.7","1962.7","0.564","0.564","-12.12","","0","0","1","0","0","","","","","","","","","","","","0.000002181","0.000002181","","","","","","2026-08-06T10:39:52.867Z","2026-08-06T10:40:52.643Z","","","","",""
"Trumpruto","4EQjZEtCYhX2t7554C3P53njd5ANyvn8Jdh7KJBGeDNA","","","","","","","","","","","","","","","","","","","","","","","","","","","","","","","","","","","","","","","","","","","","","","","","","","","","","","","","","","","",""
"TOXGRE","7EPzPJ6v5tnFEx4Qd7jQHoh2wVxTZ6Pe9BVeDUhdpump","","","","","","","","","","","","","","","","","","","","","","","","","","","","","","","","","","","","","","","","","","","","","","","","","","","","","7.724e-8","","","","","","2026-08-06T10:40:10.921Z",""
"CHAGRE","36acT1uWLtzTK3cCvFMtmxzGSw4vRJMvqfxemK5qpump","","","","","","","","","","","","","","","","","","","","","","","","","","","","","","","","","","","","","","","","","","","","","","","","","","","","","1.128e-7","","","","","","2026-08-06T10:40:34.864Z",""
"AGJDE","EFtvAJ5nQfaJDuYHD4osdo2KV4F3bEaj7ewahnbSpump","","","","","","","","","","","","","","","","","","","","","","","","","","","","","","","","","","","","","","","","","","","","","","","","","","","","","2.651e-8","","","","","","2026-08-06T10:40:34.899Z",""
"Mario ","Lh1WhhToFz1UMTJqzpxTw9wCS1vLqyU3Kmp8SH4pump","","","","","","","","","","","","","","","","","","","","","","","","","","","","","","","","","","","","","","","","","","","","","","","","","","","","","0.000001039","","","","","","2026-08-06T10:40:46.917Z",""
"TOXMON","GtqEWYHdPbeyGfWUdsWGvrwumEfvA4R5wwizFQjLpump","","","","","","","","","","","","","","","","","","","","","","","","","","","","","","","","","","","","","","","","","","","","","","","","","","","","","1.232e-7","","","","","","2026-08-06T10:41:28.839Z",""
"マンガ","DBqMxRVuDNQRMaYGf3UwSrGQxxhTcjyaxj55F24jpump","57","1.97530864","","","","","","","","","","","","","","","","","","","","","","","","","","","","","","","","","","","","","","","","","","","","","0.000002182","","","","","","","2026-08-06T10:41:40.868Z","","","","","",""
"BATMAN","BtiL8QkXm424RRebJMrX77PcWf3dkLAcQhbhWNPcpump","","","","","","","","","","","","","","","","","","","","","","","","","","","","","","","","","","","","","","","","","","","","","","","","","","","","","5.56e-8","","","","","","2026-08-06T10:41:47.017Z",""
"NED","A6xUdeGGQ6TMJUKxXjSc3WQgARR5CqYidYpbZZGUpump","","","","","","","","","","","","","","","","","1.97530864","0","0","0","0","0","2154.78","3","344.34","344.34","0.667","0.667","-7.57","","0","0","1","0","0","","","","","","","","","","","","","0.000002154","","","","","","","2026-08-06T10:41:58.697Z","","","","",""
"マンガ","FymPZLnMhwJShN2NAraY7KmEwqNQU7TzdMYUv9Htpump","98","1","","","","","","","","","","","","","","","","","","","","","","","","","","","","","","","","","","","","","","","","","","","","","0.000002182","","","","","","","2026-08-06T10:41:58.879Z","","","","","",""
"CURGRE","5ojWhSw6iYPgJfGkhpYtCUTksfi9Z2GZY2UjNom8pump","","","","","","","","","","","","","","","","","","","","","","","","","","","","","","","","","","","","","","","","","","","","","","","","","","","","","2.704e-7","","","","","","2026-08-06T10:42:04.952Z",""
"メディア","45kXYW7oAcqS9DEVN8ayKjqwbxCu7jMWyBtnYwBxpump","57","1.97530864","","","","","","","","","","","","","","","","","","","","","","","","","","","","","","","","","","","","","","","","","","","","","0.000002182","","","","","","","2026-08-06T10:42:04.972Z","","","","","",""
"TRBE ","6AZo9HUKbazcN1neVd3DvgSghbxYUhH1EsDdY8H7pump","65","0.059259258","","","","","","","","","","","","","","","","","","","","","","","","","","","","","","","","","","","","","","","","","","","","","0.00001229","","","","","","1.024e-7","2026-08-06T10:42:10.853Z","","","","","2026-08-06T10:42:46.911Z",""
"BLAJUG","FXdymvaHb6DfEhrcv9V9debs71V7Sq6AcSEEABdTpump","","","","","","","","","","","","","","","","","","","","","","","","","","","","","","","","","","","","","","","","","","","","","","","","","","","","","0.000001109","","","","","","2026-08-06T10:42:34.848Z",""
"メディア","4eFEaEeHJAQpVqpBxwPSxm2FxpjuWJkWmrgPbT48pump","92","1","","","","","","","","","","","","","","","","","","","","","","","","","","","","","","","","","","","","","","","","","","","","","0.000002181","","","","","","","2026-08-06T10:42:40.940Z","","","","","",""
"CURYET","CJMhi3K59Rb9xwn1H6pGa5R9t7mj8oGHBabvoF4Kpump","76","4.938271603","","","","","","","","","","","","","","","","","","","","","","","","","","","","","","","","","","","","","","","","","","","","","0.000002631","","","","","","","2026-08-06T10:42:40.955Z","","","","","",""
"IDGAF","2AG8mjzfTuQitp1qrAmzbWoi8XybXcggp1wmys183QQz","66","3.8","","","","","","","","","","","","","","","","","","","","","","","","","","","","","","","","","","","","","","","","","","","","","0.00000216","","","","","","","2026-08-06T10:43:04.956Z","","","","","",""
"MANSPE","CMUe5iaJwkprAsMB2tikc2muRuha1V8fDWrYcTVcpump","","","","","","","","","","","","","","","","","","","","","","","","","","","","","","","","","","","","","","","","","","","","","","","","","","","","","0.000001308","","","","","","2026-08-06T10:43:22.874Z",""
"メディア","7WJB2tarjewBMPSsXp4MZbXpeqJFYkFCBkcy7enupump","59","4.938271603","","","","","","","","","","","","","","","","","","","","","","","","","","","","","","","","","","","","","","","","","","","","","0.000006908","","","","","","","2026-08-06T10:43:22.894Z","","","","","",""
"メディア","A26yEjCF1b7WbnT6RZZp7rsqHDwVGiBTiJZ3gpuypump","95","2.4691358","","","","","","","","","","","","","","","","","","","","","","","","","","","","","","","","","","","","","","","","","","","","","0.000002051","","","","","","","2026-08-06T10:43:22.911Z","","","","","",""
"アニメ","4H5bEELWzFSStwtRfRqtVbvJtkaigQYrXHLRNtnjpump","64","5","","","","","","","","","","","","","","","","","","","","","","","","","","","","","","","","","","","","","","","","","","","","","0.000002051","","","","","","","2026-08-06T10:43:40.860Z","","","","","",""
"ミーム","GpbKFSmFfaX7TUtGxijkngYHHMPegMxpGLCjk8eSpump","58","2.962962961","","","","","","","","","","","","","","","","","","","","","","","","","","","","","","","","","","","","","","","","","","","","","0.000002181","","","","","","","2026-08-06T10:43:58.839Z","","","","","",""
"マンガ","7uGiYXygbLPQxcKgppufGrCNzK1ys1jkMDuUFbn9pump","93","5","","","","","","","","","","","","","","","","","","","","","","","","","","","","","","","","","","","","","","","","","","","","","0.000002071","","","","","","","2026-08-06T10:44:10.916Z","","","","","",""
"GUNK","FPuBWXQUUSjMTcbDHriHBRzCZD9bbiQPYdFZbYKBpump","61","0.500078135","","","","","","","","","","","","","","","","","","","","","","","","","","","","","","","","","","","","","","","","","","","","","0.000001681","","","","","","","2026-08-06T10:44:10.929Z","","","","","",""
"PROVEIT","9GE2ejsfLVBFpSpto9DtBHFxFm4t3zDxtezxSARVpump","","","","","","","","","","","","","","","","","","","","","","","","","","","","","","","","","","","","","","","","","","","","","","","","","","","","","2.166e-7","","","","","","2026-08-06T10:44:16.847Z",""
"KUMAMOTO","284i7C8hc9Ldyergt28wQVsarHT7GKKqiQxvvCTVpump","","","","","","","","","","","","","","","","","","","","","","","","","","","","","","","","","","","","","","","","","","","","","","","","","","","","","5.959e-7","","","","","","2026-08-06T10:44:28.840Z",""
"SAVGRE","9HAduFP2w3ya8gXnPbF3obWwZ4LupeTtq8DEZaurpump","","","","","","","","","","","","","","","","","","","","","","","","","","","","","","","","","","","","","","","","","","","","","","","","","","","","","5.934e-7","","","","","","2026-08-06T10:44:28.906Z",""
"キコ","65uTutJyRFVTVNWhHgQV9KVne8sJvAsE3TUAXJv9pump","71","5","","","","","","","","","","","","","","","","","","","","","","","","","","","","","","","","","","","","","","","","","","","","","0.000006131","","","","","","","2026-08-06T10:44:34.892Z","","","","","",""
"FREE","DUeiVAC4S3sC3KKhpJa5wrzLsaDG4RKBAXH3NWqTpump","68","2.000312547","","","","","","","","","","","","","","","","","","","","","","","","","","","","","","","","","","","","","","","","","","","","","0.000004397","","","","","","","2026-08-06T10:44:34.974Z","","","","","",""
"ミーム","6Zr9J1PXcEjA9WUGvYBSmybSpPyuJnsnrLA468ngpump","58","4.938271603","","","","","","","","","","","","","","","","","","","","","","","","","","","","","","","","","","","","","","","","","","","","","0.00000205","","","","","","","2026-08-06T10:44:40.831Z","","","","","",""
"ICU","mCpwXv4gy2FRJoTkebKiZR6bqgcbuiXCSwTV1TUpump","","","","","","","","","","","","","","","","","","","","","","","","","","","","","","","","","","","","","","","","","","","","","","","","","","","","","4.307e-8","","","","","","2026-08-06T10:44:46.848Z",""
"DAM","64CzDm5vEUKoiNEGcqk2p2X2jni9mEh4aDCgpjSEpump","61","2.65","","","","","","","","","","","","","","","","","","","","","","","","","","","","","","","","","","","","","","","","","","","","","0.000002989","","","","","","","2026-08-06T10:44:46.867Z","","","","","",""
"ABS","3ErFBnikxfpJ18F4dbzJbkgQdG2dzPpSzAM1a9Awpump","67","0.098765431","","","","","","","","","","","","","","","","","","","","","","","","","","","","","","","","","","","","","","","","","","","","","0.000005696","","","","","","","2026-08-06T10:45:17.072Z","","","","","",""
"メディア","sZy1Td7ekdc9d6kahPb7DMBDwFbkq6AzMjpFX3mpump","63","2.962962961","","","","","","","","","","","","","","","","","","","","","","","","","","","","","","","","","","","","","","","","","","","","","0.000002152","","","","","","","2026-08-06T10:45:22.884Z","","","","","",""
"FREE","9jGWANzEH6Jk5UELikgsHGLUytkpKbBacRnJVKXPpump","","","","","","","","","","","","","","","","","","","","","","","","","","","","","","","","","","","","","","","","","","","","","","","","","","","","","4.245e-7","","","","","","2026-08-06T10:45:46.836Z",""
"NUCWIZ","EPEfvNSo9bSkXyWkmtKthQxMkXFKtrjjzTaDDMqFpump","","","","","","","","","","","","","","","","","","","","","","","","","","","","","","","","","","","","","","","","","","","","","","","","","","","","","9.054e-7","","","","","","2026-08-06T10:45:52.858Z",""
"FERVAN","xwHBkHwMnDMYqkgSFqHmARFufkVRMt1jC1Z4vEppump","","","","","","","","","","","","","","","","","","","","","","","","","","","","","","","","","","","","","","","","","","","","","","","","","","","","","0.000001248","","","","","","2026-08-06T10:45:59.127Z",""
"FLOWERS ","CZFUoT7hhzxLgUyGxyB4Nti6HbvKZ69AD9ntFwHnpump","","","","","","","","","","","","","","","","","","","","","","","","","","","","","","","","","","","","","","","","","","","","","","","","","","","","","2.185e-7","","","","","","2026-08-06T10:46:34.883Z",""
"NAUTI","FRhY85s66sDbHegwu9YSYMk6XiEarDgZU8d8dfcipump","","","","","","","","","","","","","","","","","","","","","","","","","","","","","","","","","","","","","","","","","","","","","","","","","","","","","7.318e-7","","","","","","2026-08-06T10:46:35.061Z",""
"NEGYY","GJi2zHGxJ3bfeD8V5PLz9eiyNeKvuWWvxWPMvukSpump","68","0.493827159","","","","","","","","","","","","","","","","","","","","","","","","","","","","","","","","","","","","","","","","","","","","","0.000006312","","","","","","","2026-08-06T10:46:40.922Z","","","","","",""
"マンガ","3u4aqLuPGYw2JRwuMwz2G1AcFYJDfsY5TaPRVwqJpump","57","2","","","","","","","","","","","","","","","","","","","","","","","","","","","","","","","","","","","","","","","","","","","","","0.000002049","","","","","","","2026-08-06T10:47:05.330Z","","","","","",""
"マンガ","EZP9vu1tv2yLD9MpX6ftRjDMZKFEHdHyNnQQ9F52pump","57","1.97530864","","","","","","","","","","","","","","","","","","","","","","","","","","","","","","","","","","","","","","","","","","","","","0.000002049","","","","","","","2026-08-06T10:47:28.845Z","","","","","",""
"メディア","716b8booKr1Koj6KALi82suB4n6antc73WpwPKpApump","71","5","","","","","","","","","","","","","","","","","","","","","","","","","","","","","","","","","","","","","","","","","","","","","0.000002154","","","","","","","2026-08-06T10:47:34.847Z","","","","","",""
"MAD","bzeJ6bzUYzKgMwTU15HeD5xKVFk5fcvcBLT6mqZhfsd","63","4","","","","","","","","","","","","","","","","","","","","","","","","","","","","","","","","","","","","","","","","","","","","","0.000002071","","","","","","","2026-08-06T10:47:34.859Z","","","","","",""
"FLOWERS","FNNt8AMwhy3z5ziBLFwwAUL1AQH8DbhkqeDbwFqapump","","","","","","","","","","","","","","","","","","","","","","","","","","","","","","","","","","","","","","","","","","","","","","","","","","","","","6.393e-7","","","","","","2026-08-06T10:47:46.856Z",""
"SYBAU","4VWNVqfnxf64TrsA4JJ2QRAmjr2oRme5Jtnon5G6pump","","","","","","","","","","","","","","","","","","","","","","","","","","","","","","","","","","","","","","","","","","","","","","","","","","","","","5.499e-7","","","","","","2026-08-06T10:47:46.870Z",""
"CONVICTION","8aZZF24ZFccYd3a4RCv7hArFL1fB2KQv4menQi1zpump","57","7","","","","","","","","","","","","","","","","","","","","","","","","","","","","","","","","","","","","","","","","","","","","","0.000002328","","","","","","","2026-08-06T10:47:52.850Z","","","","","",""
"KUMAMOTO","6ogFctNo5mwJKKe6Z296h9j8h7FEh77vGSQugNAKpump","","","","","","","","","","","","","","","","","","","","","","","","","","","","","","","","","","","","","","","","","","","","","","","","","","","","","5.425e-7","","","","","","2026-08-06T10:47:52.862Z",""
"CRICOM","9DBuyJVbUjynSdPFkjbpvTjKXvPYRUhFraPrVZ3Tpump","","","","","","","","","","","","","","","","","","","","","","","","","","","","","","","","","","","","","","","","","","","","","","","","","","","","","1.823e-7","","","","","","2026-08-06T10:48:16.847Z",""
"RABABO","97HNoUrmmNtj4YvNZmLJxgr5tyweZxVYZ42geRoYpump","","","","","","","","","","","","","","","","","","","","","","","","","","","","","","","","","","","","","","","","","","","","","","","","","","","","","5.393e-8","","","","","","2026-08-06T10:48:58.871Z",""
"Kirby","67q2d34Emk1ZsBuKvw15T28xpuSSJa3mEGKiJVQ6pump","75","6.872852234","","","","","","","","","","","","","","","","","","","","","","","","","","","","","","","","","","","","","","","","","","","","","0.000002409","","","","","","","2026-08-06T10:49:04.888Z","","","","","",""
"FLOWERS","6XoUV6rgU4yJo3WwxfknkAXgq6jGKUexvYkADaVmpump","59","0.09876543","","54.274","","","","","","","","","","","","","0.09876543","0","2","1","0","0","5509.52","3","492.65","492.65","0.592","0.592","167","","0","0","1","0","0","-14.63060446542023","","","","","","","","","","","0.000002746","0.000005509","","","0.000004703","","","2026-08-06T10:49:23.039Z","2026-08-06T10:50:28.620Z","","","2026-08-06T10:51:22.894Z","",""
"GLIBAN","3Q5gm62jbUorCoodggizycvWx79fXp86gTgZsHrnpump","","","","","","","","","","","","","","","","","","","","","","","","","","","","","","","","","","","","","","","","","","","","","","","","","","","","","2.905e-7","","","","","","2026-08-06T10:49:28.847Z",""
"Coprolite","7DFLXY6yPgrXLic67wzN1XHASBhmKjvLty8N3Zytpump","60","2.4691358","","","","","","","","","","","","","","","","","","","","","","","","","","","","","","","","","","","","","","","","","","","","","0.000002054","","","","","","","2026-08-06T10:49:40.868Z","","","","","",""
"PDP","BXhjAqvvq8FUhDCop4YUJjS9eP3R4KCBmmagxjstpump","89","2.4691358","","","","","","","","","","","","","","","","","","","","","","","","","","","","","","","","","","","","","","","","","","","","","0.000002057","","","","","","","2026-08-06T10:49:40.899Z","","","","","",""
"FREE","7TuxXYR8FD6BAM4G2At8rGov1AdKJDbJUwzF7oRmpump","","","","","","","","","","","","","","","","","","","","","","","","","","","","","","","","","","","","","","","","","","","","","","","","","","","","","0.000001384","","","","","","2026-08-06T10:49:47.114Z",""
"RINSORSNIPEE","CyjDzgcd15kK8CWPhAgQkWSL38NrY7VBLJ9aDQN3pump","71","5","","","","","","","","","","","","","","","","","","","","","","","","","","","","","","","","","","","","","","","","","","","","","0.000002153","","","","","","","2026-08-06T10:49:47.476Z","","","","","",""
"NARUTO","5h5AgemJTrN49qj5aj43x3rySG98S1VXJjoRosCVpump","","","","","","","","","","","","","","","","","","","","","","","","","","","","","","","","","","","","","","","","","","","","","","","","","","","","","","","","","","","",""
"FRANSEM","8tuvUF6U7pKNynXvj76mtJQvxgVBRtD9iTBYGD6Cpump","60","0.250039066","","","","","","","0","0","0","","","0","0","910","0.250039066","0","3","1","0","0","2277.63","3","47.56","47.56","0.6","0.6","9.23","","0","0","1","0","0","","","","","","","","","","","","0.000002277","0.000002277","","","","","","2026-08-06T10:49:58.907Z","2026-08-06T10:51:16.816Z","","","","",""
"RINSORSNIPEE","7YvyJb8LH4aej8HMDtcZJdKHcLWd4jkqMH4odX81pump","99","5","","","","","","","","","","","","","","","","","","","","","","","","","","","","","","","","","","","","","","","","","","","","","0.00000205","","","","","","","2026-08-06T10:49:59.008Z","","","","","",""
"DOOBAN","DLcYxPXPsiZijx8yf3exeKWM1QzS5ekKxH8uRJMQpump","","","","","","","","","","","","","","","","","","","","","","","","","","","","","","","","","","","","","","","","","","","","","","","","","","","","","1.681e-7","","","","","","2026-08-06T10:50:05.224Z",""
"ZWIT","BxfDSMq23s1simNKubCZadW7Dfw7Fm2TpmPUcNXFpump","100","0.079012344","","","","","","","0","0","0","","","0","0","914","0.079012344","1","1","0","0","0","2061.89","3","48.83","48.83","0.571","0.571","0.03","","0","0","1","0","0","","","","","","","","","","","","0.000002061","0.000002061","","","","","","2026-08-06T10:50:10.996Z","2026-08-06T10:51:22.842Z","","","","",""
"メディア","7ZYsC46UU9HTZmy6ABYv8fUWYZKg7DWNRuNS3c2rpump","67","5","","","","","","","","","","","","","","","","","","","","","","","","","","","","","","","","","","","","","","","","","","","","","0.000002169","","","","","","","2026-08-06T10:50:16.932Z","","","","","",""
"Eklerka","FfahvpBLHvE2ydbNoT2VXzbRVMpmfqbsLKFpdy83pump","67","5","","","","","","","0","0","-76.3","","","-10.9","0","124","5","0","1","0","0","0","11799.33","3","24628.71","24628.71","0.614","0.614","323","","0","0","1","0","1","","","","","","","","","","","","0.000008371","0.00001179","","","","","","2026-08-06T10:50:23.133Z","2026-08-06T10:51:22.634Z","","","","",""
"RABGRE","Ec8f7nmkeDTQ8s14jC94gQErevxoNeAxDHKFTkEepump","","","","","","","","","","","","","","","","","","","","","","","","","","","","","","","","","","","","","","","","","","","","","","","","","","","","","7.866e-7","","","","","","2026-08-06T10:50:34.918Z",""
"FRANSEM","7yuZvDMJtzNqTWNUZ41YHK9w14gdiwXymbKDifTopump","58","0.246913578","","","","","","","","","","","","","","","0.246913578","0","4","1","0","0","2490.92","3","56.87","56.87","0.667","0.667","19.47","","0","0","1","0","0","","","","","","","","","","","","0.00000249","0.00000249","","","","","","2026-08-06T10:50:40.984Z","2026-08-06T10:51:46.695Z","","","","",""
"SYBAU","HqNJCd9gZBuWf3w8Z7Rcr92GfjJf9DFFPjvd2F6jpump","64","0.493827159","","","","","","","","","","","","","","","","","","","","","","","","","","","","","","","","","","","","","","","","","","","","","0.000001714","","","","","","","2026-08-06T10:50:47.103Z","","","","","",""
"PHAWIZ","GB3U1kmqWMZ4tuqx8Sz3LtqQtwc8Pz7tARM9SZJBpump","","","","","","","","","","","","","","","","","","","","","","","","","","","","","","","","","","","","","","","","","","","","","","","","","","","","","0.000001099","","","","","","2026-08-06T10:51:16.936Z",""
"FRANSEM","27buGud9RPYF2AGF5o4Bf8WbAGRxYZN6oW2do9eXpump","57","0.246913578","","","","","","","","","","","","","","","","","","","","","","","","","","","","","","","","","","","","","","","","","","","","","0.000002336","","","","","","","2026-08-06T10:51:40.842Z","","","","","",""
"Eklerka","EUcEf2PG6LF56jn4h1jdQx6CXhP4N8LiHwxR2tWHpump","63","2.962962961","","","","","","","","","","","","","","","","","","","","","","","","","","","","","","","","","","","","","","","","","","","","","0.000008957","","","","","","","2026-08-06T10:51:53.186Z","","","","","",""
"SYABUU","BvELyWcZfjE9ur7NvgnWu2rYwrsgZMBCdHB1kJempump","68","0.98765432","","","","","","","","","","","","","","","","","","","","","","","","","","","","","","","","","","","","","","","","","","","","","0.00000494","","","","","","","2026-08-06T10:52:17.048Z","","","","","",""
"FRANSEM","SkQiLGUHtEFEcMdZqYzAUUiYLf3pMKKEjXzdsNapump","56","0.246913578","","","","","","","","","","","","","","","","","","","","","","","","","","","","","","","","","","","","","","","","","","","","","0.000001562","","","","","","","2026-08-06T10:52:22.875Z","","","","","",""
"MANINF","6xYo6UHjq4SCG5caLSTHy7YDTSZHBxwDxigVgmWspump","65","0.062716047","","","","","","","","","","","","","","","","","","","","","","","","","","","","","","","","","","","","","","","","","","","","","0.000002397","","","","","","","2026-08-06T10:52:40.840Z","","","","","",""
"leverage","H2oBZHhSwCP6qZ87uKtfxredVSxMFDNZ7BiEV5BMpump","84","2.4691358","","","","","","","","","","","","","","","","","","","","","","","","","","","","","","","","","","","","","","","","","","","","","0.000002745","","","","","","","2026-08-06T10:52:46.944Z","","","","","",""
"long","GwvnfvJeA7xzKMgQvsWZ1vMUiJceMSwWSQJiFWhqpump","71","5","","","","","","","","","","","","","","","","","","","","","","","","","","","","","","","","","","","","","","","","","","","","","0.000002159","","","","","","","2026-08-06T10:52:58.891Z","","","","","",""
"Inu","DdTduNhisM9xWHDDR7dH7hjLSQ5wSHmAvedNSXQX3wvw","67","4","","","","","","","","","","","","","","","","","","","","","","","","","","","","","","","","","","","","","","","","","","","","","0.000002146","","","","","","","2026-08-06T10:52:58.914Z","","","","","",""
"NEEGY","8JgA4Z1kKTK2oX6EjFAX2zTcVteMycAgKP69RCEepump","","","","","","","","","","","","","","","","","","","","","","","","","","","","","","","","","","","","","","","","","","","","","","","","","","","","","9.201e-7","","","","","","2026-08-06T10:53:04.855Z",""
"Marichu","sE6gMX8o59dreuwQsa2EVAd8FWvqExvZhETjvScoBbB","61","4","","","","","","","0","0","0","","","0","0","904","4","0","2","0","0","0","2057.99","3","3138","3138","0.667","0.667","-21.82","","0","0","1","0","0","","","","","","","","","","","","0.000002152","0.000002057","","","","","","2026-08-06T10:53:28.930Z","2026-08-06T10:55:22.941Z","","","","",""
"PIPECAT","61LuPYWcQhhCMs5LUD1vkZn94CY266y46LdwSt8gpump","80","9.876543208","","","","","","","0","0","-4.3","","","0","0","906","9.876543208","0","0","0","0","0","3869.35","3","3695.17","3695.17","0.582","0.582","6.85","","0","0","1","0","0","","","","","","","","","","","","0.000003851","0.000003869","","","","","","2026-08-06T10:53:40.917Z","2026-08-06T10:54:40.632Z","","","","",""
"Holy$h!t","3qNEoy5WM9Lwemkhdphh69R7a67tQZsxyBEnmtXgpump","","","","","","","","","","","","","","","","","","","","","","","","","","","","","","","","","","","","","","","","","","","","","","","","","","","","","3.267e-7","","","","","","2026-08-06T10:53:40.947Z",""
"HYPE","C9TpaPKG1iVSjT163s9s9EDpHbcWxMfMRxRvY9nhpump","56","3","","","","","","","","","","","","","","","3","0","2","0","0","0","2055.1","4","4344.24","4344.24","0.596","0.596","-17.14","","0","0","1","0","0","","","","","","","","","","","","0.000002646","0.000002055","","","","","","2026-08-06T10:53:46.886Z","2026-08-06T10:55:40.942Z","","","","",""
"long","3XqAHqFfjB5ek5e2DKbY2Pnmr8hbiVaov9GBWRbSpump","67","5","","","","","","","0","0","-67.7","","","-52.2","25.1","908","5","0","1","0","0","0","6829.16","4","50300.11","50300.11","0.566","0.566","145","","0","0","1","0","1","","","","","","","","","","","","0.00001876","0.000006829","","","","","","2026-08-06T10:53:52.854Z","2026-08-06T10:55:58.849Z","","","","",""
"VOLVAN","7uvzoCMS4LPuu9ALcxzhtAvJU4CMN5MfdNHyrhUmpump","58","0.493827158","","","","","","","","","","","","","","","","","","","","","","","","","","","","","","","","","","","","","","","","","","","","","0.000001375","","","","","","","2026-08-06T10:53:52.898Z","","","","","",""
"KUMAMOTO","9RageR1NKQL4vBXKchqyKPCtud2FvqhBs2VF8i7Zpump","","","","","","","","","","","","","","","","","","","","","","","","","","","","","","","","","","","","","","","","","","","","","","","","","","","","","7.079e-7","","","","","","2026-08-06T10:53:58.917Z",""
"Bouncy","4iJuxaew66ugiRKYZZkB5scE1cWHZ6CuCkUnE8nEpump","60","2.469135801","","17.952","","","","","0","0","-45","","","-40.1","0","906","2.469135801","0","0","0","0","0","3727.83","3","8159.56","8159.56","0.564","0.564","55.29","","0","0","1","0","1","-40.13952240407835","","","","","","","","","","","0.000003218","0.000003727","","","0.000002231","","","2026-08-06T10:54:04.941Z","2026-08-06T10:55:10.699Z","","","2026-08-06T10:55:28.651Z","",""
"Loooooooooong","FM8dSsrgvumf25NSLuDDqUCtmbyoBqtyxRAP2Jzzpump","55","5.9","","","","","","","","","","","","","","","","","","","","","","","","","","","","","","","","","","","","","","","","","","","","","0.00000205","","","","","","","2026-08-06T10:54:04.980Z","","","","","",""
"Inu","345z3VkmpngPj2b1X86ytybFW8MJ2Sr6kDEqccttUVRn","63","3","","","","","","","","","","","","","","","","","","","","","","","","","","","","","","","","","","","","","","","","","","","","","0.00000216","","","","","","","2026-08-06T10:54:05.006Z","","","","","",""
"ALONG","H5HJo9Z8zz8iZNyuogeJstZ2cXt2gdYmqXYwawgUpump","57","3.950617282","","","","","","","","","","","","","","","","","","","","","","","","","","","","","","","","","","","","","","","","","","","","","0.000002066","","","","","","","2026-08-06T10:54:47.047Z","","","","","",""
"LBgirl ","EG5WnbtnTtaBEdknTNSWD8iCUwpcnc8nkWC4iWASpump","76","1.000156273","","","","","","","0","0","-0.1","","","-0.1","0","904","1.000156273","0","0","1","0","0","17736.92","3","1515.48","1515.48","0.818","0.818","710","","0","0","1","0","0","","","","","","","","","","","","0.00001773","0.00001773","","","","","","2026-08-06T10:54:52.832Z","2026-08-06T10:55:52.699Z","","","","",""
"Holy$h!t","gSeMmWkkaX8yt8dDvX6EXw5ZxjgmEvAzSvXnATZpump","64","0.250039066","","","","","","","","","","","","","","","","","","","","","","","","","","","","","","","","","","","","","","","","","","","","","0.000003503","","","","","","7.473e-7","2026-08-06T10:55:34.940Z","","","","","2026-08-06T10:56:16.822Z",""
"FREIND","AXi8qdZ1zaJPDm6e2TpXfMHdhz7tXTVgRhwWZQ1gpump","","","","","","","","","","","","","","","","","","","","","","","","","","","","","","","","","","","","","","","","","","","","","","","","","","","","","0.000001107","","","","","","2026-08-06T10:55:40.977Z",""
"Penguin","AHpUCnbzhy5jkwu81NJw9XbKAMZ9hn9emTeoMAJxYcPd","67","3.950617282","","","","","","","","","","","","","","","","","","","","","","","","","","","","","","","","","","","","","","","","","","","","","0.000002068","","","","","","","2026-08-06T10:56:10.883Z","","","","","",""
"Steve","CDPHGY1fWxULafjbGi9yJVZbkeFLR2gJMoiyJAxtpump","63","2.962962961","","","","","","","","","","","","","","","","","","","","","","","","","","","","","","","","","","","","","","","","","","","","","0.00000262","","","","","","","2026-08-06T10:56:22.861Z","","","","","",""
"SYBAU","2V19cZwYkrxV2jfmu8b7NGVAS5q7GEVQWhWgS7G8pump","","","","","","","","","","","","","","","","","","","","","","","","","","","","","","","","","","","","","","","","","","","","","","","","","","","","","8.519e-7","","","","","","2026-08-06T10:56:52.906Z",""
"Along","6Xekx7dy9HxgoKQxM3LokTuEaEP5XwyhYvMGch7epump","56","3.950617282","","","","","","","","","","","","","","","","","","","","","","","","","","","","","","","","","","","","","","","","","","","","","0.000002156","","","","","","","2026-08-06T10:56:52.918Z","","","","","",""
"FLOWERS","B3PmHGZBvE6TuheC6vwnBvn6u8o7dCwYm7MX9QcWpump","","","","","","","","","","","","","","","","","","","","","","","","","","","","","","","","","","","","","","","","","","","","","","","","","","","","","2.042e-8","","","","","","2026-08-06T10:57:16.838Z",""
"クール","4YaEsxaToiq3rH2wwUGpYCTZJXtY39uSPCsc8Sq4pump","63","2.962962961","","","","","","","","","","","","","","","","","","","","","","","","","","","","","","","","","","","","","","","","","","","","","0.000002479","","","","","","","2026-08-06T10:57:16.867Z","","","","","",""
"HYPE","6vowDGkxhG5WJ9R33w48uvDZxLPmGDSagtjnkbt7pump","57","5","","","","","","","","","","","","","","","","","","","","","","","","","","","","","","","","","","","","","","","","","","","","","0.000002451","","","","","","","2026-08-06T10:57:58.904Z","","","","","",""
"GUNK","5w15ZTuRLRN3DzVKX5t2KU4PAcHCMuR4sxBvcTqTpump","","","","","","","","","","","","","","","","","","","","","","","","","","","","","","","","","","","","","","","","","","","","","","","","","","","","","5.634e-7","","","","","","2026-08-06T10:58:04.845Z",""
"DRKgirl","39pT9WXnAfRKSWQA4km856Aiy7Vj3si8aTXfVhRppump","","","","","","","","","","","","","","","","","","","","","","","","","","","","","","","","","","","","","","","","","","","","","","","","","","","","","4.337e-8","","","","","","2026-08-06T10:58:11.241Z",""
"SYBAU","ETkDpKk9ANr2y9qatyCWmirNUD2B7ffFp38FRKdzpump","","","","","","","","","","","","","","","","","","","","","","","","","","","","","","","","","","","","","","","","","","","","","","","","","","","","","9.551e-8","","","","","","2026-08-06T10:58:23.025Z",""
"PLS","hi5yhFBrxmw3dWUesQ6T95UkcK2HA2aWzQgfF8Mpump","","","","","","","","","","","","","","","","","","","","","","","","","","","","","","","","","","","","","","","","","","","","","","","","","","","","","3.511e-7","","","","","","2026-08-06T10:58:34.826Z",""
"COMFY","8cZwjSY19P3DC9HPEJ5xQKSnAPhQ492hXgFAeXSrBsmc","62","4.891089107","","","","","","","","","","","","","","","","","","","","","","","","","","","","","","","","","","","","","","","","","","","","","0.000002694","","","","","","","2026-08-06T10:58:46.816Z","","","","","",""
"HL","69VkhFBtRAtuQcJSonFAzDZzJ2UsMHjuiqtJC4qRpump","89","5","","","","","","","","","","","","","","","","","","","","","","","","","","","","","","","","","","","","","","","","","","","","","0.000002126","","","","","","","2026-08-06T10:58:46.865Z","","","","","",""
"Royi","5uwS5PKcbJQtpdV4i1rJ3TjuHtsferWHeeBTx1q4pump","69","4.35","","","","","","","","","","","","","","","","","","","","","","","","","","","","","","","","","","","","","","","","","","","","","0.000003103","","","","","","","2026-08-06T10:58:52.843Z","","","","","",""
"FRANSEM","5tkZfEzVbD6HcX3B41pVfPh7mNkFdfF9YEzyMYiopump","55","0.220034379","","","","","","","","","","","","","","","","","","","","","","","","","","","","","","","","","","","","","","","","","","","","","0.000001434","","","","","","2.73e-7","2026-08-06T10:58:52.919Z","","","","","2026-08-06T10:59:28.838Z",""
"USDC","7D7LLGcYkRoA5Wn4mDM39bZ9uDopSCt9FHGRmP1Vpump","71","5","","","","","","","","","","","","","","","","","","","","","","","","","","","","","","","","","","","","","","","","","","","","","0.000008074","","","","","","","2026-08-06T10:59:16.924Z","","","","","",""
"Chairman","8T8ywQb1o6Vbvybdphbw9876uzuFxMbyoBYmSDu3pump","62","2.864197529","","","","","","","","","","","","","","","","","","","","","","","","","","","","","","","","","","","","","","","","","","","","","0.000002052","","","","","","","2026-08-06T10:59:46.856Z","","","","","",""
"Demis","7DmAgnnX1gYK84BTMcRQ3nXa8KRbqpaa6NavsWGLpump","79","2.4691358","","","","","","","","","","","","","","","","","","","","","","","","","","","","","","","","","","","","","","","","","","","","","0.000002151","","","","","","","2026-08-06T11:00:05.128Z","","","","","",""
"RABABO","F5GqeThACwizzqy9QHwKx1947336YvArjmZhs2PTpump","","","","","","","","","","","","","","","","","","","","","","","","","","","","","","","","","","","","","","","","","","","","","","","","","","","","","3.585e-7","","","","","","2026-08-06T11:00:23.219Z",""
"XOR","BBTnFPtEthPi4kQE3mQpeLRVrYk7dFkZmKHEnoj2pump","69","0.296296295","","","","","","","","","","","","","","","","","","","","","","","","","","","","","","","","","","","","","","","","","","","","","0.00000558","","","","","","","2026-08-06T11:00:47.510Z","","","","","",""
"RABABO","Cd6DWQGWd4ViGQU9gtx2RwAnhuJyihEX4kvvGPeupump","","","","","","","","","","","","","","","","","","","","","","","","","","","","","","","","","","","","","","","","","","","","","","","","","","","","","5.841e-7","","","","","","2026-08-06T11:00:58.924Z",""
"FLOWERS","HvbV35w1YaPfGC91ctmWaeaz2RJmqVs84YQHKiBCpump","56","0.09876543","","18.211","","","","","","","","","","","","","0.09876543","0","4","1","0","0","2106.82","3","1377.04","1377.04","0.581","0.581","2.14","","0","0","1","0","0","-60.3133903133903","","","","","","","","","","","0.000001531","0.000002106","","","8.358e-7","","8.358e-7","2026-08-06T11:01:10.961Z","2026-08-06T11:02:10.620Z","","","2026-08-06T11:02:28.831Z","2026-08-06T11:02:28.826Z",""
"UMIT","QC89j4vHdrP3BLQg4sHMhbZDK1hR9fQCSoUjMpkpump","61","3.5","","","","","","","","","","","","","","","","","","","","","","","","","","","","","","","","","","","","","","","","","","","","","0.000002049","","","","","","","2026-08-06T11:01:34.821Z","","","","","",""
"Mario","3NbANG4wodmroEvugJApauRNXwTTPA5TjLbi6xyupump","97","5","","","","","","","","","","","","","","","","","","","","","","","","","","","","","","","","","","","","","","","","","","","","","0.000002069","","","","","","","2026-08-06T11:01:46.846Z","","","","","",""
"UMIT","HkjppBbgo59P1HqakJsjijm4Z5q6Pn3csRVCxA4Fpump","56","3","","","","","","","","","","","","","","","","","","","","","","","","","","","","","","","","","","","","","","","","","","","","","0.00000215","","","","","","","2026-08-06T11:02:04.827Z","","","","","",""
"VIBE","56JD7h1f926zjth4D18wCqoD9MuRbc1ndSe3sQExpump","","","","","","","","","","","","","","","","","","","","","","","","","","","","","","","","","","","","","","","","","","","","","","","","","","","","","5.663e-8","","","","","","2026-08-06T11:02:22.875Z",""
"PLS","7fSJkxeNpAyQVc5kKqzEPddveDB2GXy1Jhe5LPQZpump","66","0.385185183","","","","","","","","","","","","","","","","","","","","","","","","","","","","","","","","","","","","","","","","","","","","","0.000001412","","","","","","4.02e-7","2026-08-06T11:02:22.910Z","","","","","2026-08-06T11:02:59.029Z",""
"hope","CNfb4eQ72yW6XUDvfxBY1oNFuiadP2iymLP8jsW2pump","86","5","","","","","","","","","","","","","","","","","","","","","","","","","","","","","","","","","","","","","","","","","","","","","0.00000361","","","","","","","2026-08-06T11:02:22.915Z","","","","","",""
"PURRRPS","2hS3G6SXkrJKupy5EE7doUYCzzy8mJv1vMzKVgBWpump","57","1.97530864","","","","","","","","","","","","","","","","","","","","","","","","","","","","","","","","","","","","","","","","","","","","","0.000002048","","","","","","","2026-08-06T11:02:28.842Z","","","","","",""
"TURTLE","85qGMMxCUxhcePvMXMA47z71VL8H8xKvfgosEn8Pa3zq","61","4.891089107","","","","","","","","","","","","","","","","","","","","","","","","","","","","","","","","","","","","","","","","","","","","","0.000002777","","","","","","","2026-08-06T11:02:40.900Z","","","","","",""
"BOG","7vVPN245jw3Ds19y6ZLKH7b8kWWLDjyYFnRDYQu9pump","55","0.098765431","","","","","","","","","","","","","","","","","","","","","","","","","","","","","","","","","","","","","","","","","","","","","0.000009411","","","","","","1.429e-7","2026-08-06T11:02:46.849Z","","","","","2026-08-06T11:04:04.868Z",""
"Turtle","B7wGz1pcn3FR8EimxZf2yLWFKg9KSLumqrTX6MaYpump","58","2.962962961","","","","","","","","","","","","","","","2.962962961","0","1","0","0","0","16517.53","3","24443.37","24443.37","0.646","0.646","568","","0","0","1","0","1","","","","","","","","","","","","0.00001489","0.00001651","","","","","","2026-08-06T11:02:47.016Z","2026-08-06T11:04:11.087Z","","","","",""
"SYBAU","DVXMokdYApwe4wr9CLtXgtEiKCXsMZdmDkmGv6ykpump","","","","","","","","","","","","","","","","","","","","","","","","","","","","","","","","","","","","","","","","","","","","","","","","","","","","","4.922e-7","","","","","","2026-08-06T11:03:04.825Z",""
"Turtle","AZ6y7czAos5YScp9Rgnh13VrB653qBtcJ7NXDZFH9oiq","63","3.950617282","","","","","","","0","0","-46.5","","","-39.6","48.6","910","3.950617282","0","1","0","0","0","13615.99","3","16614.8","16614.8","0.573","0.573","419","","0","0","1","0","1","","","","","","","","","","","","0.00000832","0.00001361","","","","","","2026-08-06T11:03:16.863Z","2026-08-06T11:04:16.650Z","","","","",""
"LUIGI","2ybUC9yiwBRNaDXXWpvhzD3AdxJdzDu3rT5Mgqu7pump","","","","","","","","","","","","","","","","","","","","","","","","","","","","","","","","","","","","","","","","","","","","","","","","","","","","","4.539e-7","","","","","","2026-08-06T11:03:28.852Z",""
"Niche","CiupjsTDvhMsRL2RR48hbbmzSpphitJyynB2Mm3Npump","70","4.938271603","","","","","","","","","","","","","","","","","","","","","","","","","","","","","","","","","","","","","","","","","","","","","0.000002216","","","","","","","2026-08-06T11:03:52.840Z","","","","","",""
"Turtle","Be4BGFyUyawUdFc1xT1UeJUaHTpSE2AM88ELMzeYpump","93","5","auto","162.331","30.169","6.951","126.429","yes","7.2","88","-81","no","","-17.7","30.3","208","5","1","4","0","0","0","12574.84","3","14168.86","14168.86","0.585","0.585","351","","0","0","1","0","1","-45.433571996817825","-5.604514629380459","-42.193815955348754","-75.93","13.52","STOP_LOSS","","","","","0.012282","0.000008831","0.00001257","0.000009697","0.000011865512511086876","0.000006859","0.000006859","","2026-08-06T11:03:52.859Z","2026-08-06T11:04:58.702Z","2026-08-06T11:05:28.871Z","2026-08-06T11:05:35.822Z","2026-08-06T11:07:41.033Z","","2026-08-06T11:07:42.251Z"
"Turtle","3x4A35cU964e1fHncg2Z5UWbqLTvDXVpSmpUaAYgpump","74","2.4691358","","","","","","","","","","","","","","","","","","","","","","","","","","","","","","","","","","","","","","","","","","","","","0.000002164","","","","","","","2026-08-06T11:03:58.840Z","","","","","",""
"sol","Fv2ZqS7FWChj8J2m4JRdZ2oS3X6SJfwuUXvSXtbRpump","100","0.070010938","","","","","","","","","","","","","","","","","","","","","","","","","","","","","","","","","","","","","","","","","","","","","0.00000194","","","","","","2.611e-7","2026-08-06T11:04:28.818Z","","","","","2026-08-06T11:05:05.241Z",""
"Plankton ","5ZXCeFdAcKHBBtvBUBHGUUjXoV8Cj5EPgeN98Gvmpump","65","3.456790121","","12.325","","","","","17.9","406","-48.5","","","-21.2","49.6","906","3.456790121","0","0","0","0","0","4067.13","3","7232.68","7232.68","0.599","0.599","59.67","","0","0","1","0","1","-30.317187115810185","","","","","","","","","","","0.000003827","0.000004067","","","0.000002834","","","2026-08-06T11:04:34.893Z","2026-08-06T11:05:40.624Z","","","2026-08-06T11:05:52.949Z","",""
"UBERCAT","HeTTcTX37yaLFLYhXThbUzUcib176ShnaWC8a7t3oH55","60","4.891089107","","18.459","","","","","0","0","-26.5","","","-26.5","0","906","4.891089107","0","5","0","0","0","2784.55","3","659.68","659.68","0.833","0.833","0.52","","0","0","1","0","0","-26.50862068965517","","","","","","","","","","","0.000002784","0.000002784","","","0.000002046","","","2026-08-06T11:04:40.911Z","2026-08-06T11:05:40.685Z","","","2026-08-06T11:05:59.144Z","",""
"Epiphany","9zP2q7PHp36zczmy36nxRBzuXCYvbHQsbHXXH4sX5Cum","63","4","","","","","","","","","","","","","","","","","","","","","","","","","","","","","","","","","","","","","","","","","","","","","0.000003848","","","","","","","2026-08-06T11:04:46.839Z","","","","","",""
"SISYPHUS","FTghYrMBzJgm92Pwy5EbY2yUZXc4xJDRzn1xCV3Cpump","64","0.01","","","","","","","","","","","","","","","","","","","","","","","","","","","","","","","","","","","","","","","","","","","","","0.00000215","","","","","","","2026-08-06T11:04:52.969Z","","","","","",""
"Musk Turtle","J4uYn5ZVc2rCJdzn6eBduogjqiNTS4tJBmYCzLjcNSo1","56","3.950617282","","","","","","","","","","","","","","","","","","","","","","","","","","","","","","","","","","","","","","","","","","","","","0.000002047","","","","","","","2026-08-06T11:04:52.997Z","","","","","",""
"ÜBERCAT","CdrKkWEbok6bDaKzoZfXKfhjtKEPGV6K7bFcFbJmpump","70","4.938271603","","","","","","","","","","","","","","","","","","","","","","","","","","","","","","","","","","","","","","","","","","","","","0.000003942","","","","","","","2026-08-06T11:04:58.901Z","","","","","",""
"ILYASS","3j9hqYZHGpp22fet2b74LxPv353eo1cYRt7S1YB9pump","","","","","","","","","","","","","","","","","","","","","","","","","","","","","","","","","","","","","","","","","","","","","","","","","","","","","0.0000012","","","","","","2026-08-06T11:04:58.942Z",""
"BLAREA","CJs2tLvVEFLVsdHiPhUtqYTzW5ciKWJySeDYmWVHpump","61","0.059259258","","","","","","","499.4","316","-95.4","","","101.9","196.8","556","0.059259258","0","1","1","0","0","1397.04","3","159.58","159.58","0.571","0.571","-32.05","","0","0","1","0","0","","","","","","","","","","","","0.000002057","0.000001397","","","","","","2026-08-06T11:05:22.834Z","2026-08-06T11:07:10.704Z","","","","",""
"Something","CTyWVtKZyE3bGRG6rCFvgByh3dhwfCpWG9cNfVtvpump","82","5","","","","","","","","","","","","","","","","","","","","","","","","","","","","","","","","","","","","","","","","","","","","","0.000002059","","","","","","","2026-08-06T11:05:22.876Z","","","","","",""
"ILYASS","ppCSrSgqJqSnaAjSaU4h8QVftrRckwkFUgmou7Ppump","","","","","","","","","","","","","","","","","","","","","","","","","","","","","","","","","","","","","","","","","","","","","","","","","","","","","8.243e-7","","","","","","2026-08-06T11:05:22.920Z",""
"CLIFFHANGER","HmAoobwDs15FL9owR79EV8PcA4FJwqL1agivLM1Tpump","63","4","","","","","","","","","","","","","","","","","","","","","","","","","","","","","","","","","","","","","","","","","","","","","0.000005147","","","","","","","2026-08-06T11:05:52.869Z","","","","","",""
"DONUT","B7CqXz6fvBRmp13Hv8zXtdZ8MU6ZcKF7Q6fYrE6zpump","58","3.5","","","","","","","","","","","","","","","","","","","","","","","","","","","","","","","","","","","","","","","","","","","","","0.000002148","","","","","","","2026-08-06T11:06:10.870Z","","","","","",""
"tft","7KA5Rk6ggp4pUtrNLzTwzWc7b8rzroWcGes8yBG6pump","","","","","","","","","","","","","","","","","","","","","","","","","","","","","","","","","","","","","","","","","","","","","","","","","","","","","0.000001193","","","","","","2026-08-06T11:06:28.833Z",""
"Bitty","3QsnPXjAeXASnaWgV3ZkJr4eZFREMtKfNnceirsvpump","58","2.864197529","","","","","","","","","","","","","","","","","","","","","","","","","","","","","","","","","","","","","","","","","","","","","0.000002065","","","","","","","2026-08-06T11:06:34.846Z","","","","","",""
"Pump","6XddDGZCXCebKpZptTB5P7BHFtut8wAPkF8jqs3hpump","57","2","","18.725","","","","","","","","","","","","","2","0","0","0","0","0","2898.13","3","3934.02","3934.02","0.636","0.636","24.46","","0","0","1","0","0","-25.9144237405107","","","","","","","","","","","0.000002652","0.000002898","","","0.000002147","","","2026-08-06T11:06:34.939Z","2026-08-06T11:07:34.654Z","","","2026-08-06T11:07:53.379Z","",""
"GUNK","eq1JDZ1pL8HisGeWHdhRPqEHepRDMdeDtPc3He3pump","","","","","","","","","","","","","","","","","","","","","","","","","","","","","","","","","","","","","","","","","","","","","","","","","","","","","1.267e-7","","","","","","2026-08-06T11:07:22.882Z",""
"HYPE","8LK2VqanhcecosgrcMvn1kFet6NUNkCuxjDjcHnVpump","56","5","","","","","","","","","","","","","","","5","0","10","0","0","0","2936.97","3","8207.72","8207.72","0.57","0.57","5.39","","0","0","1","0","0","","","","","","","","","","","","0.000002802","0.000002936","","","","","","2026-08-06T11:08:17.030Z","2026-08-06T11:10:10.936Z","","","","",""
"DOG","BXajDL4PjkNoRATpFRHdU197ipe3jMj3ndXozc8apump","","","","","","","","","","","","","","","","","","","","","","","","","","","","","","","","","","","","","","","","","","","","","","","","","","","","","7.957e-7","","","","","","2026-08-06T11:08:40.915Z",""
"Bump","4hdpMNTKM7ew4dCAxfwt5tFsb8KQSfgouxCqJDjxpump","66","0.100015626","","","","","","","","","","","","","","","","","","","","","","","","","","","","","","","","","","","","","","","","","","","","","0.000001408","","","","","","8.104e-7","2026-08-06T11:08:52.840Z","","","","","2026-08-06T11:10:46.868Z",""
"JOVI","6gVwoVEaxSASBL9ihzC5LidcaSLjCBynoSdvABxSpump","70","4.938271603","","","","","","","","","","","","","","","","","","","","","","","","","","","","","","","","","","","","","","","","","","","","","0.000002771","","","","","","","2026-08-06T11:08:58.952Z","","","","","",""
"OLT","7yaBuAX8M2pKyZSr76DWy1U6yZo4jJwBh63jnDavpump","96","81.97530864","","","","","","","","","","","","","","","","","","","","","","","","","","","","","","","","","","","","","","","","","","","","","0.00002944","","","","","","","2026-08-06T11:09:16.848Z","","","","","",""
"nothing","G1uhTSce3o3kcpKQZVLNVNpYRzmsjuMPswxiT5bqpump","63","4","","","","","","","","","","","","","","","","","","","","","","","","","","","","","","","","","","","","","","","","","","","","","0.00000215","","","","","","","2026-08-06T11:09:16.879Z","","","","","",""
"BY","E4BY1jgE3H6aSEVRRtqMF5SmMFbNdhkyjoE2fqzSpump","82","5","","","","","","","","","","","","","","","","","","","","","","","","","","","","","","","","","","","","","","","","","","","","","0.000002067","","","","","","","2026-08-06T11:09:22.847Z","","","","","",""
"SUV","GodRj4r9CaCqUBYhvRUaW3DM32fsm5es8LA2otkppump","63","3","","","","","","","","","","","","","","","","","","","","","","","","","","","","","","","","","","","","","","","","","","","","","0.000002151","","","","","","","2026-08-06T11:09:40.884Z","","","","","",""
"NEEGYCOIN","M6p9ZmbDmtmvTwDNM3dQe9Yefh1ogZ6fqfXkUeBpump","","","","","","","","","","","","","","","","","","","","","","","","","","","","","","","","","","","","","","","","","","","","","","","","","","","","","4.015e-7","","","","","","2026-08-06T11:09:52.898Z",""
"RUNNER","HoZKE8k9yiq8j1TXxJ1P5P3uUUqTeeRktes9TyZgUd7D","59","4.891089107","","","","","","","","","","","","","","","","","","","","","","","","","","","","","","","","","","","","","","","","","","","","","0.000002759","","","","","","","2026-08-06T11:10:11.080Z","","","","","",""
"ワンサン","45wFxhbuKRPY8gQke2ZoSpBStaRRrBTGCGN4ke2Npump","63","3","","","","","","","","","","","","","","","","","","","","","","","","","","","","","","","","","","","","","","","","","","","","","0.000002137","","","","","","","2026-08-06T11:10:16.880Z","","","","","",""
"UMX","78kJgRnc989nwwZJYGZaLsgLRXasXxs3WdEinmX9pump","","","","","","","","","0.2","706","0","","","0","0.2","906","5.629629628","0","0","0","0","0","2891.49","3","413.48","413.48","1","1","0.08","","0","0","1","0","0","","","","","","","","","","","","","0.000002891","","","","","","","2026-08-06T11:10:40.624Z","","","","",""
"Niche","AeVpcCW1ScMuEqJec7U6M2EjpaDphbnZohfWX9fTpump","63","2.962962961","","","","","","","","","","","","","","","","","","","","","","","","","","","","","","","","","","","","","","","","","","","","","0.000002901","","","","","","","2026-08-06T11:10:59.117Z","","","","","",""
"zaboomafoo","5QVjTDr1VZyVS43MvtuuFnDPppxEP9xSYSFKXpuGpump","58","3","","","","","","","","","","","","","","","3","0","1","0","0","0","2061.41","3","1645.51","1645.51","0.675","0.675","-16.9","","0","0","1","0","0","","","","","","","","","","","","0.000002061","0.000002061","","","","","","2026-08-06T11:11:35.003Z","2026-08-06T11:12:34.618Z","","","","",""
"Leopold","56MTxYUGXNupQKafssT26MQ3yGr1M8GAkUUocWmBpump","71","2.4691358","","","","","","","","","","","","","","","","","","","","","","","","","","","","","","","","","","","","","","","","","","","","","0.000002152","","","","","","","2026-08-06T11:11:40.919Z","","","","","",""
"HL","em9eaaRN96WiJWKbM2P17z5uSzmWR76B7dAKRJrpump","56","2.962962961","","","","","","","","","","","","","","","","","","","","","","","","","","","","","","","","","","","","","","","","","","","","","0.000002062","","","","","","","2026-08-06T11:11:40.927Z","","","","","",""
"FACEBOOK","2nH7FaAin8R6RyhbH7hNoGHwiRLFTqysSyJdM3BUpump","58","5","","","","","","","","","","","","","","","","","","","","","","","","","","","","","","","","","","","","","","","","","","","","","0.00000205","","","","","","","2026-08-06T11:11:46.923Z","","","","","",""
"月薪喵","7Drmajk2PJNX2TyMRqfBTYrw4j7Ti68VBgdRLuqWpump","60","2.5","","","","","","","","","","","","","","","","","","","","","","","","","","","","","","","","","","","","","","","","","","","","","0.00000205","","","","","","","2026-08-06T11:11:46.957Z","","","","","",""
"MEOWCH","Cz9acawNYsESDWRdgTNgEYQDozg2iAc1SvdQFTqBpump","","","","","","","","","","","","","","","","","","","","","","","","","","","","","","","","","","","","","","","","","","","","","","","","","","","","","1.299e-8","","","","","","2026-08-06T11:11:58.860Z",""
"TREND","6q94iP52PTciXPjNAhdZdt8y179hgu85fYrWbXKXpump","","","","","","","","","","","","","","","","","","","","","","","","","","","","","","","","","","","","","","","","","","","","","","","","","","","","","3.836e-7","","","","","","2026-08-06T11:12:16.912Z",""
"Bump","9BJd1EKfSHPAL871FjDM17NvwGDizvUjufeqsxHVpump","","","","","","","","","","","","","","","","","","","","","","","","","","","","","","","","","","","","","","","","","","","","","","","","","","","","","3.091e-7","","","","","","2026-08-06T11:12:40.841Z",""
"Turtle","F5z6PGL1yttvxwLDuoaz1Xv5sYriVBDoKgwsjAaZpump","67","4","","","","","","","","","","","","","","","","","","","","","","","","","","","","","","","","","","","","","","","","","","","","","0.000002152","","","","","","","2026-08-06T11:12:46.975Z","","","","","",""
"Leopold","CzR46Srt69v5yT5dJCppsTquN4eHX9WsLtVe6z9pump","56","7","","60.414","","","","","","","","","","","","","7","0","26","0","0","0","2184.05","3","1969.7","1969.7","0.571","0.571","-29.98","","0","0","1","0","0","-5.906593406593423","","","","","","","","","","","0.000002184","0.000002184","","","0.000002055","","","2026-08-06T11:12:58.859Z","2026-08-06T11:14:04.624Z","","","2026-08-06T11:15:05.038Z","",""
"Bump","257iCWcLsjFf1tadVxzg81miWdbbMqhMXiQUUmKmpump","","","","","","","","","","","","","","","","","","","","","","","","","","","","","","","","","","","","","","","","","","","","","","","","","","","","","8.211e-7","","","","","","2026-08-06T11:13:16.937Z",""
"CRYPTO","5hRRe5f6RsNxw9aMDrBP8heCW3876j2NxW5qpVyBpump","79","5","","","","","","","","","","","","","","","","","","","","","","","","","","","","","","","","","","","","","","","","","","","","","0.000002053","","","","","","","2026-08-06T11:13:16.944Z","","","","","",""
"CAT","GUa9DDPn1umhgiQCjxb5sbL3PKNE21cHTwSykQiJZPsH","58","4.891089107","","","","","","","","","","","","","","","","","","","","","","","","","","","","","","","","","","","","","","","","","","","","","0.000002064","","","","","","","2026-08-06T11:13:16.953Z","","","","","",""
"loomination","D5jwLARxBh4P7HZNZtg8V21kPXbaQ58YXVZHFbohpump","84","14.5","auto","93.928","30.193","6.997","58.541","yes","60.3","752","-19.7","yes","656","-1.4","62.6","902","14.5","0","0","0","0","0","6669.86","3","18941.89","18941.89","0.563","0.563","47.81","","0","0","1","0","1","-7.512370670265406","-3.712871444393025","-3.9460094852430094","-19.98","13.53","BREAK_EVEN_SL","","","","","0.039199","0.000003205","0.000006669","0.000006669","0.000006421388603373429","0.000006168","0.000006168","","2026-08-06T11:13:16.962Z","2026-08-06T11:14:34.861Z","2026-08-06T11:15:05.054Z","2026-08-06T11:15:12.051Z","2026-08-06T11:16:08.789Z","","2026-08-06T11:16:10.592Z"
"PAL","EQnVZucBTLsgFutXiufN8FkCQ8CMVZwByMor14tq5n5g","70","4.938271603","","","","","","","","","","","","","","","","","","","","","","","","","","","","","","","","","","","","","","","","","","","","","0.000002153","","","","","","","2026-08-06T11:13:40.913Z","","","","","",""
"Dadiasm","9J9mUK7vceVoaRzU7r7sbTVN2W7PAypsVBXohX2Kpump","56","3","","","","","","","","","","","","","","","","","","","","","","","","","","","","","","","","","","","","","","","","","","","","","0.000002231","","","","","","","2026-08-06T11:13:52.820Z","","","","","",""
"loomination","Hehf3oGP4Pez6JWsWLnp9Cyq8PG3NPSFx2yJwTrpump","55","2.4691358","","","","","","","","","","","","","","","","","","","","","","","","","","","","","","","","","","","","","","","","","","","","","0.000002091","","","","","","","2026-08-06T11:13:58.893Z","","","","","",""
"Bump","31rQ53jQuUqHJ7XnVmLsY7JSzTr5SEwPrBuMxLdMpump","","","","","","","","","","","","","","","","","","","","","","","","","","","","","","","","","","","","","","","","","","","","","","","","","","","","","1.847e-7","","","","","","2026-08-06T11:14:04.818Z",""
"cinni","2Vu2CrXyZre5KD8M7guc7eZk5hHG3Vs9X1t1T7ZPpump","","","","","","","","","","","","","","","","","","","","","","","","","","","","","","","","","","","","","","","","","","","","","","","","","","","","","1.906e-7","","","","","","2026-08-06T11:14:22.852Z",""
"NEEGYTOKEN","8wPAAiBxSiMBMmzjZtjH6AdF7E4M3Rg19FmXd56Fpump","","","","","","","","","","","","","","","","","","","","","","","","","","","","","","","","","","","","","","","","","","","","","","","","","","","","","3.336e-7","","","","","","2026-08-06T11:14:34.829Z",""
"Bump","6rQ2UusPQZiRBATvbrGURJi8PiMenjC3yXPWQWDQpump","56","0.09876543","","","","","","","","","","","","","","","","","","","","","","","","","","","","","","","","","","","","","","","","","","","","","0.000001811","","","","","","","2026-08-06T11:14:40.893Z","","","","","",""
"Dadaism","JBnV5Pv4GFSq3nvuwYCfASEp9W6G1NsTszj6dVr4pump","55","5","","","","","","","","","","","","","","","","","","","","","","","","","","","","","","","","","","","","","","","","","","","","","0.00000206","","","","","","","2026-08-06T11:14:52.887Z","","","","","",""
"Bump","3euhhpkyYZDUf7WvW4ybs6zRRwQ933E3JdZcTGEbpump","55","0.09876543","","","","","","","","","","","","","","","","","","","","","","","","","","","","","","","","","","","","","","","","","","","","","0.000002295","","","","","","","2026-08-06T11:15:17.184Z","","","","","",""
"SOLZ","soLzxyCGLBdoEumsn83QxPrVQgWEwdpDTM4zw28baTQ","87","18.765432097","","17.961","","","","","0","0","-76.1","","","","","16","18.765432097","0","0","0","0","0","8722.77","3","2494.08","2494.08","0.711","0.711","60.84","","0","0","1","0","1","-76.11786287548728","","","","","","","","","","","0.000008227","0.000008722","","","0.000002083","","0.000002083","2026-08-06T11:15:34.883Z","2026-08-06T11:16:40.649Z","","","2026-08-06T11:16:58.610Z","2026-08-06T11:16:58.605Z",""
"loomination","Ex6gmurPmdx9RpFUCPQWrdNcNENKoFzfTomkxhCRpump","74","8","","","","","","","","","","","","","","","","","","","","","","","","","","","","","","","","","","","","","","","","","","","","","0.000002051","","","","","","","2026-08-06T11:15:40.931Z","","","","","",""
"Lumen","8suDinByeEwSdx81uG7XooCxHe1emaxxPc5cGmw3pump","70","4.938271603","","","","","","","","","","","","","","","","","","","","","","","","","","","","","","","","","","","","","","","","","","","","","0.000002784","","","","","","","2026-08-06T11:15:46.819Z","","","","","",""
"fine","3c3s8tA8A88CAPjTc2CHtquauWtGNuYDqri7q7a1pump","79","5","","","","","","","","","","","","","","","","","","","","","","","","","","","","","","","","","","","","","","","","","","","","","0.000002154","","","","","","","2026-08-06T11:15:52.839Z","","","","","",""
"loomination","45Ap1iBWNhK4VW3Cr9u35HkPKCXkVra5S9wip1BUpump","72","8","","","","","","","","","","","","","","","","","","","","","","","","","","","","","","","","","","","","","","","","","","","","","0.000002154","","","","","","","2026-08-06T11:15:59.268Z","","","","","",""
"DIB","GaG1uvieMrdkSRi2bSHFohxds6D6VAcbUv4SmQ2Ppump","99","4","","","","","","","","","","","","","","","","","","","","","","","","","","","","","","","","","","","","","","","","","","","","","0.000002065","","","","","","","2026-08-06T11:16:22.874Z","","","","","",""
"loomination","BUM7NNzfdvEPsMwMFMYqb1zUt8aeRMW2qM2rg3Ajpump","70","8","","","","","","","0","0","-2","","","0","0","906","8","0","3","0","0","0","2095.04","3","1501.38","1501.38","0.625","0.625","-36.35","","0","0","1","0","0","","","","","","","","","","","","0.000002095","0.000002095","","","","","","2026-08-06T11:16:22.887Z","2026-08-06T11:17:40.877Z","","","","",""
"him","NuxygiimpZNrRZHTSWnb73g4dERP4APxgVcuHBLpump","63","3.083247688","","","","","","","","","","","","","","","","","","","","","","","","","","","","","","","","","","","","","","","","","","","","","0.000002051","","","","","","","2026-08-06T11:16:28.880Z","","","","","",""
"IO","EkCknB5sNgadRsqYfJXWmQuRP3SNzd7sd94Jm44Fpump","","","","","","","","","","","","","","","","","","","","","","","","","","","","","","","","","","","","","","","","","","","","","","","","","","","","","2.528e-7","","","","","","2026-08-06T11:16:34.902Z",""
"big bos","6HLcXbp16ge6ytmrc11hjUsLh1VRg1r1GnK2WGsUpump","","","","","","","","","","","","","","","","","","","","","","","","","","","","","","","","","","","","","","","","","","","","","","","","","","","","","3.965e-7","","","","","","2026-08-06T11:16:40.872Z",""
"KINDIA","2mGgDzs1wEU4iUVryEjdHWEqmBbXaP1GZ9jFEiNBXpFn","80","9.876543208","","","","","","","","","","","","","","","","","","","","","","","","","","","","","","","","","","","","","","","","","","","","","0.000004208","","","","","","","2026-08-06T11:16:52.838Z","","","","","",""
"BINUT","6zCbxtpzxFhvNTU8k6V77Rr5wgTnNKSGzSJz2ysipump","","","","","","","","","","","","","","","","","","","","","","","","","","","","","","","","","","","","","","","","","","","","","","","","","","","","","4.383e-7","","","","","","2026-08-06T11:17:10.917Z",""
"POPDENG","DD2htw3Zu91o8wQLxem3Tthisb6NrYcPkKGN4DZo7A3Z","66","4.938271603","","","","","","","","","","","","","","","","","","","","","","","","","","","","","","","","","","","","","","","","","","","","","0.000002053","","","","","","","2026-08-06T11:17:10.927Z","","","","","",""
"POPDENG","CcyPpqGjBtAqEvCciBENYWBs1xZ2JaSrw1Nzov6Lpump","68","2.4691358","","","","","","","","","","","","","","","","","","","","","","","","","","","","","","","","","","","","","","","","","","","","","0.000002067","","","","","","","2026-08-06T11:17:22.866Z","","","","","",""
"HOLLOW","HDqJtobmNBU17NexR6D7JHRscRFoveMNrPMGuPkBpump","56","3","","","","","","","","","","","","","","","","","","","","","","","","","","","","","","","","","","","","","","","","","","","","","0.000002139","","","","","","","2026-08-06T11:17:28.798Z","","","","","",""
"GUNK","DabYAA2QjRcSXaFX3whXDibdUQNt3GAKC7CeAL1Spump","","","","","","","","","","","","","","","","","","","","","","","","","","","","","","","","","","","","","","","","","","","","","","","","","","","","","7.017e-8","","","","","","2026-08-06T11:17:28.829Z",""
"PokeOS","J25P5WWgsHNTexV2Z38TG4DRWZwZbam5ry3a3Zsnpump","57","1.97530864","","","","","","","","","","","","","","","","","","","","","","","","","","","","","","","","","","","","","","","","","","","","","0.000002802","","","","","","","2026-08-06T11:17:34.918Z","","","","","",""
"ANSDOLLAR","C3hkM2eJHKpZYwQSBJD2WDvLVMLpNF7M51sLxgPkpump","100","0.098750018","","","","","","","","","","","","","","","","","","","","","","","","","","","","","","","","","","","","","","","","","","","","","0.000002076","","","","","","","2026-08-06T11:17:46.841Z","","","","","",""
"SOLANA","CobBrTyxaSQgvCNc8zXP3RNzxbSkub6rxBZxu5dGpump","77","5","","","","","","","","","","","","","","","","","","","","","","","","","","","","","","","","","","","","","","","","","","","","","0.000002326","","","","","","","2026-08-06T11:17:46.890Z","","","","","",""
"Steve","7beXPkaPPgNWznYEjTM2dzRHcnN3o6CYQ274w8qBpump","","","","","","","","","","","","","","","","","","","","","","","","","","","","","","","","","","","","","","","","","","","","","","","","","","","","","2.747e-9","","","","","","2026-08-06T11:18:10.853Z",""
"Popdeng","GYTrEZmJX3ehjuBF3fj24AKCDa7p9bfTh1ewP1ZWpump","65","2.4691358","","","","","","","86.7","838","-21.7","","","8.4","72.3","918","2.4691358","1","10","0","0","0","3375.53","4","5316.84","5316.84","0.548","0.548","40.32","","0","0","1","0","1","","","","","","","","","","","","0.000002533","0.000003375","","","","","","2026-08-06T11:18:22.862Z","2026-08-06T11:20:28.879Z","","","","",""
"チェン","Cr3gstW859ETXs5qmhDfGeQ1yKd13npxYcJ6gSrQpump","58","3","","","","","","","","","","","","","","","","","","","","","","","","","","","","","","","","","","","","","","","","","","","","","0.000002066","","","","","","","2026-08-06T11:18:22.873Z","","","","","",""
"Steve","xbPDFBENUdZzoQRpLbENRZhPGNiLJ27ETf3wNKUpump","","","","","","","","","","","","","","","","","","","","","","","","","","","","","","","","","","","","","","","","","","","","","","","","","","","","","7.096e-8","","","","","","2026-08-06T11:18:34.852Z",""
"里约","G6vC8TJrZBEK9Z1ix6piph1R247VrrZUUkbQqt4Gpump","70","4.938271603","","","","","","","","","","","","","","","","","","","","","","","","","","","","","","","","","","","","","","","","","","","","","0.000002272","","","","","","","2026-08-06T11:18:58.863Z","","","","","",""
"EBOLA","Ese9rkBfYkZV4TGZo3YswUYuPtMbejeC4HUobf1kpump","75","6.80493827","","","","","","","","","","","","","","","","","","","","","","","","","","","","","","","","","","","","","","","","","","","","","0.000002053","","","","","","","2026-08-06T11:19:04.862Z","","","","","",""
"HTP","6qDhu4iMEyVQJXfafeyj2DjEfFa9Z7s8icLxszw5pump","70","4.938271603","","48.386","","","","","0.5","26","-34.8","","","-20.2","0","906","4.938271603","0","0","0","0","0","3674.98","3","3414.32","3414.32","0.61","0.61","31.96","","0","0","1","0","0","-20.16875340228633","","","","","","","","","","","0.000003495","0.000003674","","","0.000002933","","","2026-08-06T11:19:34.931Z","2026-08-06T11:20:40.617Z","","","2026-08-06T11:21:29.003Z","",""
"TRUTH","5evMmVE5haj1U8bF6evSQHXDqft5uj6LzA2MPfEZpump","65","3.5","","","","","","","","","","","","","","","","","","","","","","","","","","","","","","","","","","","","","","","","","","","","","0.000002177","","","","","","","2026-08-06T11:19:40.916Z","","","","","",""
".","G1QDzviyCnJmWUAccJFjrC2oyoEa4N62TtTr33Dpump","65","0.059259258","","35.768","","","","","0","0","-72.4","","","-72.4","0","32","0.059259258","0","0","1","0","0","2303.48","3","37.11","37.11","0.556","0.556","11.76","","0","0","1","0","0","-72.44029526704298","","","","","","","","","","","0.000001788","0.000002303","","","6.347e-7","","6.347e-7","2026-08-06T11:19:46.841Z","2026-08-06T11:20:34.841Z","","","2026-08-06T11:21:10.609Z","2026-08-06T11:21:10.601Z",""
"ARLITA","5Jbu7Qai3zAP6rx6dpW5yH6TrCeAPnJsLE5gySzvpump","79","8.790123455","auto","62.974","30.213","5.61","28.619","yes","0","0","-31.2","no","","-3.2","0","920","8.790123455","0","0","0","0","0","11216.28","3","27252.19","27252.19","0.637","0.637","227","","0","0","1","0","1","-21.828724353256014","-15.494624611328756","-7.495499206759815","-8.99","14.54","BREAK_EVEN_SL","","","","","0.043905","0.000009085","0.00001121","0.00001121","0.000009473052581070046","0.000008763","0.000008763","","2026-08-06T11:19:46.876Z","2026-08-06T11:20:46.663Z","2026-08-06T11:21:16.876Z","2026-08-06T11:21:22.486Z","2026-08-06T11:21:49.637Z","","2026-08-06T11:21:51.105Z"
"EC","5WqWwSbm5NDGJhkYhxAamndT6J1BXSeyzttUg5YWpump","63","3.083247687","","65.991","","","","","0","0","-30","","","0","0","914","3.083247687","0","0","0","0","0","2934.96","3","764.34","764.34","0.643","0.643","17.55","","0","0","1","0","0","-29.959100204498988","","","","","","","","","","","0.000002932","0.000002934","","","0.000002055","","","2026-08-06T11:19:52.844Z","2026-08-06T11:20:52.644Z","","","2026-08-06T11:21:58.635Z","",""
"Alley","Gx3rzyjWFoUNAKhd7mQXdfnERNcawk8Sp9den6Vwpump","77","5","","","","","","","","","","","","","","","","","","","","","","","","","","","","","","","","","","","","","","","","","","","","","0.000002053","","","","","","","2026-08-06T11:19:58.836Z","","","","","",""
"Steve","Hznh7dLFnZpmMPBooiG3c1prbXc8LsnnCUR8oYJfpump","","","","","","","","","","","","","","","","","","","","","","","","","","","","","","","","","","","","","","","","","","","","","","","","","","","","","3.368e-9","","","","","","2026-08-06T11:20:28.843Z",""
"TIT","BSWpB6uDtssjgY7EfZVsHwyLPNXoyQHE4nTSXvdhyzZr","55","3.950617282","","","","","","","","","","","","","","","","","","","","","","","","","","","","","","","","","","","","","","","","","","","","","0.000002053","","","","","","","2026-08-06T11:20:52.835Z","","","","","",""
"Carlos","GgkiTXXVjRW2mJ72HBhDKmZhyAQCnK5Nst8ww5Nqpump","56","3","","","","","","","","","","","","","","","","","","","","","","","","","","","","","","","","","","","","","","","","","","","","","0.000002259","","","","","","","2026-08-06T11:21:04.825Z","","","","","",""
"STANDOFF","5RyqkzQNvEzHsiSME3Lxdu2n3HTZ2VF1tZM3bH2fLVpi","61","4","","","","","","","","","","","","","","","","","","","","","","","","","","","","","","","","","","","","","","","","","","","","","0.000002066","","","","","","","2026-08-06T11:21:04.851Z","","","","","",""
"Steve","9Ubc4qEr3jAr7Apnkr8CdVnZiVtT4syA2rTLkBQ9pump","","","","","","","","","","","","","","","","","","","","","","","","","","","","","","","","","","","","","","","","","","","","","","","","","","","","","4.158e-8","","","","","","2026-08-06T11:21:29.352Z",""
"GEOMETRY","7N6XVWH9hUTzNqxZqseaSoVKbRijE15miGT3WxG7pump","55","3.950617282","","","","","","","","","","","","","","","3.950617282","0","6","0","0","0","4995.99","3","5062.98","5062.98","0.629","0.629","89.93","","0","0","1","0","1","","","","","","","","","","","","0.000003215","0.000004995","","","","","","2026-08-06T11:21:46.820Z","2026-08-06T11:23:17.203Z","","","","",""
"FLOWERS","GNhnqvFRqC76tyKzWXodwEEWQnpxRXa3m547D63Tpump","","","","","","","","","","","","","","","","","","","","","","","","","","","","","","","","","","","","","","","","","","","","","","","","","","","","","9.524e-8","","","","","","2026-08-06T11:21:46.915Z",""
"Steve","BpLphvwBgAvcUem1mQVrjcjSX12EH7aTDQFdEhJbpump","","","","","","","","","","","","","","","","","","","","","","","","","","","","","","","","","","","","","","","","","","","","","","","","","","","","","3.47e-7","","","","","","2026-08-06T11:21:58.854Z",""
"LEOHOLD","6jK6o6e1LdepvaP5UsvAYMWqhpxjCQbRa7nk69eypump","56","7","","","","","","","","","","","","","","","","","","","","","","","","","","","","","","","","","","","","","","","","","","","","","0.000002067","","","","","","","2026-08-06T11:21:58.864Z","","","","","",""
"CAGE","HRGQiygtyagQw8pfqauUmUudvs6prSHFDrgzHo2zpump","64","5","","","","","","","","","","","","","","","","","","","","","","","","","","","","","","","","","","","","","","","","","","","","","0.00001313","","","","","","","2026-08-06T11:22:10.850Z","","","","","",""
"LEOHOLD","CiEMpR1vAE2yzdTafThGQk3gb3pqacUFUFtPdDPepump","75","5","","","","","","","","","","","","","","","","","","","","","","","","","","","","","","","","","","","","","","","","","","","","","0.000002156","","","","","","","2026-08-06T11:22:10.877Z","","","","","",""
"HAMSTER","HTpnFWZL4N4dxhkEUiDZUyYZvWbAqSqo2tEzeq8WbjxW","57","4.891089107","","","","","","","","","","","","","","","4.891089107","0","8","0","0","0","2053.87","4","943.02","943.02","0.6","0.6","-26.07","","0","0","1","0","0","","","","","","","","","","","","0.00000221","0.000002053","","","","","","2026-08-06T11:22:16.841Z","2026-08-06T11:24:16.942Z","","","","",""
"GUNK","GnPvEGF9cR3T2XzF6jPpTdr7wrJK9rEHKcRgGFu1pump","","","","","","","","","","","","","","","","","","","","","","","","","","","","","","","","","","","","","","","","","","","","","","","","","","","","","5.664e-7","","","","","","2026-08-06T11:22:16.878Z",""
"Steve","8ZEgZAdEke18iDHnePG7adQZQqtbHznYRtHe6eiipump","","","","","","","","","","","","","","","","","","","","","","","","","","","","","","","","","","","","","","","","","","","","","","","","","","","","","2.423e-7","","","","","","2026-08-06T11:22:22.822Z",""
"Proof","EdDwPmtSYXH9WomDVZN534qcWjeY4sb5tsu3DCWtpump","61","5","","","","","","","","","","","","","","","","","","","","","","","","","","","","","","","","","","","","","","","","","","","","","0.000002056","","","","","","","2026-08-06T11:22:28.923Z","","","","","",""
"LEOHOLD","45xCyX1eKFEZPUmjzeMpu9ZMw1AQQ2upBKkmdsxTpump","73","5","","","","","","","","","","","","","","","","","","","","","","","","","","","","","","","","","","","","","","","","","","","","","0.000002207","","","","","","","2026-08-06T11:22:46.817Z","","","","","",""
"Cage","Gu1CL8qDcFj9Ewfx8FKPf8kLNoAkADaESy5MB4eBpump","65","3.5","","","","","","","","","","","","","","","","","","","","","","","","","","","","","","","","","","","","","","","","","","","","","0.000002157","","","","","","","2026-08-06T11:23:04.833Z","","","","","",""
"Poncho","97EwV1UaZ5F7zDtQMNgYRbJ9nDhMNw2TrTrXoeoHpump","57","2","","","","","","","","","","","","","","","","","","","","","","","","","","","","","","","","","","","","","","","","","","","","","0.000002426","","","","","","","2026-08-06T11:23:10.931Z","","","","","",""
"Hamstter","7DF44DeoWwTZFo2BYpio8TNg1T13jGkXSVUehHhpump","71","5","","","","","","","","","","","","","","","","","","","","","","","","","","","","","","","","","","","","","","","","","","","","","0.000002054","","","","","","","2026-08-06T11:23:28.906Z","","","","","",""
"TRUTH","29phvGAqqNmXZCmPkbxCuV6Ufum8FHZwLRVQZBqbpump","62","4.938271603","","","","","","","","","","","","","","","","","","","","","","","","","","","","","","","","","","","","","","","","","","","","","0.000002156","","","","","","","2026-08-06T11:23:34.866Z","","","","","",""
"Steve","GCqnkxsMGbbKcggFyFaCEmYnEMD7vT27piWr2N5Epump","","","","","","","","","","","","","","","","","","","","","","","","","","","","","","","","","","","","","","","","","","","","","","","","","","","","","0.000001225","","","","","","2026-08-06T11:23:35.000Z",""
"AlleyCats","6gbUBikS5VetfN91U4oedEGv3UonxnCjRjPe5ro9pump","63","2.4691358","","","","","","","","","","","","","","","","","","","","","","","","","","","","","","","","","","","","","","","","","","","","","0.000002183","","","","","","","2026-08-06T11:23:40.906Z","","","","","",""
"Leobought","CjHDX8B5o3F7zNwFqdCKwx6h85fmcLXqqUsJT8Ympump","75","5","","","","","","","","","","","","","","","","","","","","","","","","","","","","","","","","","","","","","","","","","","","","","0.000007754","","","","","","","2026-08-06T11:23:41.224Z","","","","","",""
"FLOWERS","BWUPB5xhBj6f6XbtbWpBbo2mqCXxeuuVk23RhMUHpump","86","0.493827158","","","","","","","","","","","","","","","","","","","","","","","","","","","","","","","","","","","","","","","","","","","","","0.000001776","","","","","","1.085e-7","2026-08-06T11:23:58.889Z","","","","","2026-08-06T11:24:35.349Z",""
"Zyada Kuch","EUsU1KgBJFsgKPxVAtte1GThN4CxsanR2YY2HvnYpump","58","3","","","","","","","","","","","","","","","","","","","","","","","","","","","","","","","","","","","","","","","","","","","","","0.000002121","","","","","","","2026-08-06T11:24:05.247Z","","","","","",""
"Steve","JMqQSLtA95QzseMjZ962Mico85BMJPSEJR9Cf4Vpump","","","","","","","","","","","","","","","","","","","","","","","","","","","","","","","","","","","","","","","","","","","","","","","","","","","","","4.059e-7","","","","","","2026-08-06T11:24:23.001Z",""
"CAGE","4ufgKtY92TvFSYQDx16sLoxsirYXwwYMEvfiBoYrpump","57","1.97530864","","","","","","","","","","","","","","","","","","","","","","","","","","","","","","","","","","","","","","","","","","","","","0.000002157","","","","","","","2026-08-06T11:24:28.828Z","","","","","",""
"TRUTH","8t9emYfCiZ9gBebEsqJ3PXcG9fce1KiLNUGK5XS4pump","61","4.938271603","","","","","","","","","","","","","","","","","","","","","","","","","","","","","","","","","","","","","","","","","","","","","0.000002142","","","","","","","2026-08-06T11:24:40.864Z","","","","","",""
"FLOWERS","3Eb6j6oYUcAhSNfdwsY7mu2rwGTfwvPamNo7QNWNpump","83","0.493827158","","","","","","","0","0","-98.4","","","","","10","0.493827158","1","7","1","0","0","7964.35","3","3073.32","3073.32","0.616","0.616","275","","0","0","1","0","0","","","","","","","","","","","","0.000003016","0.000007964","","","","","","2026-08-06T11:24:46.806Z","2026-08-06T11:25:46.622Z","","","","",""
"BERCOM","D8rBXJiEinGFwLSVXdjZ4LSurZwjC8YePycd7UMfpump","","","","","","","","","","","","","","","","","","","","","","","","","","","","","","","","","","","","","","","","","","","","","","","","","","","","","8.347e-7","","","","","","2026-08-06T11:24:46.897Z",""
"Steve","7pde72prLMbbNLebBesZ591HGugdaKxybT8KAVy9pump","","","","","","","","","","","","","","","","","","","","","","","","","","","","","","","","","","","","","","","","","","","","","","","","","","","","","4.612e-8","","","","","","2026-08-06T11:24:58.941Z",""
"LeoHold","JA6vMM4UzjzX6womKLNZoYmw4hnvTMEvRymsnNe6pump","71","5","","","","","","","","","","","","","","","","","","","","","","","","","","","","","","","","","","","","","","","","","","","","","0.000002499","","","","","","","2026-08-06T11:25:04.930Z","","","","","",""
".","F74icQuf7DFsaDPmJ5XJ7yP16e8m6iBGVxLzJsSWpump","","","","","","","","","","","","","","","","","","","","","","","","","","","","","","","","","","","","","","","","","","","","","","","","","","","","","0.000001201","","","","","","2026-08-06T11:25:59.204Z",""
"Steve","5C9ooHKT8QiC6JnCioxibf6JP5u9WuH57kWppzibpump","","","","","","","","","","","","","","","","","","","","","","","","","","","","","","","","","","","","","","","","","","","","","","","","","","","","","7.831e-7","","","","","","2026-08-06T11:26:05.173Z",""
"Francis","7Q2Z751BzjQwpQPgiY7j2DeBqERXi4rjLZ6n83sFpump","85","15","","","","","","","","","","","","","","","","","","","","","","","","","","","","","","","","","","","","","","","","","","","","","0.000002933","","","","","","0.000002175","2026-08-06T11:26:22.875Z","","","","","2026-08-06T11:27:04.938Z",""
"MURIO","4Cm8U5mHvRRHXDa2dCqP4MiCLqbBTGNFMEeR9Avrpump","63","2.962962961","","","","","","","46.2","598","-16.9","","","10.5","32.3","908","2.962962961","0","0","0","0","0","4592.76","3","2322.68","2322.68","0.791","0.791","85.25","","0","0","1","0","1","","","","","","","","","","","","0.000004005","0.000004592","","","","","","2026-08-06T11:26:28.857Z","2026-08-06T11:27:28.645Z","","","","",""
"Yourself","31w3cWpCRzAUwNej6PQ1zAkJExWAsWNEts3jR89Npump","55","2.864197529","","","","","","","","","","","","","","","2.864197529","0","2","0","0","0","3445.92","3","7986.68","7986.68","0.522","0.522","39.85","","0","0","1","0","0","","","","","","","","","","","","0.000002876","0.000003445","","","","","","2026-08-06T11:26:46.880Z","2026-08-06T11:28:04.850Z","","","","",""
"Steve","63dY55KtHEBvezTEFoBLW7jg7oiZQA1b1KqWKx2rpump","","","","","","","","","","","","","","","","","","","","","","","","","","","","","","","","","","","","","","","","","","","","","","","","","","","","","6.474e-8","","","","","","2026-08-06T11:26:58.818Z",""
"LUCAS","4fUh2ekz7MN9kkehyBw4TRZi13SQkf2KMtFZjL5Ppump","70","5","","","","","","","","","","","","","","","","","","","","","","","","","","","","","","","","","","","","","","","","","","","","","0.000002158","","","","","","","2026-08-06T11:26:59.108Z","","","","","",""
"FLOWERS","EmhZUz6CBLjs4fd7ZVNYYcwtixSxEnKj1dPN96zKpump","80","0.493827158","","","","","","","0","0","0","","","0","0","904","0.493827158","1","8","1","0","0","8223.54","3","326.91","326.91","0.833","0.833","288","","0","0","1","0","0","","","","","","","","","","","","0.000008223","0.000008223","","","","","","2026-08-06T11:27:17.218Z","2026-08-06T11:28:22.657Z","","","","",""
"GUNK","5iQFSAPiM26LuKLTrTiPJ6hGLEi9aMhnaa1y9Ccepump","","","","","","","","","","","","","","","","","","","","","","","","","","","","","","","","","","","","","","","","","","","","","","","","","","","","","7.107e-7","","","","","","2026-08-06T11:27:17.227Z",""
"CaterS","wcFEaF4aHweLunqetGarcyGwRew4deKzuUS3a6Fpump","59","2.330364117","","","","","","","","","","","","","","","2.330364117","0","0","0","0","0","2385.02","3","273.78","273.78","0.6","0.6","0.01","","0","0","1","0","0","","","","","","","","","","","","0.000002385","0.000002385","","","","","","2026-08-06T11:27:17.249Z","2026-08-06T11:28:22.625Z","","","","",""
"Gus","AFZyL36Afu6UmyBKndjbp2AGY6fbKaLC4RyvKSGpump","57","1.97530864","","","","","","","","","","","","","","","1.97530864","0","0","0","0","0","2156.24","3","348.52","348.52","0.6","0.6","-7.57","","0","0","1","0","0","","","","","","","","","","","","0.000002156","0.000002156","","","","","","2026-08-06T11:27:40.844Z","2026-08-06T11:28:40.641Z","","","","",""
"15","9s2Wwxb1oxN85uuhJ8mSGV1hTdozpNzB5HRvtqrtPhni","61","4","","","","","","","59.7","310","-18","","","16.1","37.6","910","4","0","2","0","0","0","3363.38","3","6206.88","6206.88","0.644","0.644","27.51","","0","0","1","0","0","","","","","","","","","","","","0.000003065","0.000003363","","","","","","2026-08-06T11:27:46.902Z","2026-08-06T11:28:46.641Z","","","","",""
"FLOWERS","BGCjcPWJTXVfR3XoGAGm3Y4pwMmn8TbiJ3PpxTG1pump","","","","","","","","","","","","","","","","","","","","","","","","","","","","","","","","","","","","","","","","","","","","","","","","","","","","","5.272e-8","","","","","","2026-08-06T11:27:52.827Z",""
"Steve","51NQ5Jtjttk5D8MkcBmkxCoH4dQur1u6hk6nkVnLpump","","","","","","","","","","","","","","","","","","","","","","","","","","","","","","","","","","","","","","","","","","","","","","","","","","","","","7.921e-8","","","","","","2026-08-06T11:28:10.877Z",""
"AlleyCats","Gcg4h7rfEESyKAvcYUJcwnKnjphaa46NwTbicGgHpump","61","2.4691358","","","","","","","","","","","","","","","","","","","","","","","","","","","","","","","","","","","","","","","","","","","","","0.000002052","","","","","","","2026-08-06T11:28:22.891Z","","","","","",""
"Steve","HQEsEZLuorEdYuxyrSYHiucXiaQTtMdcESSPZmx9pump","","","","","","","","","","","","","","","","","","","","","","","","","","","","","","","","","","","","","","","","","","","","","","","","","","","","","8.385e-7","","","","","","2026-08-06T11:28:52.853Z",""
"SEAL DUCK","7BcyfvFVQcjUExNT8iaMU5ySi87579LsBQiz1aacpump","61","4.000625096","","","","","","","0","0","0","","","0","0","908","4.000625096","0","2","0","0","0","2052.47","3","592.77","592.77","0.6","0.6","-22.15","","0","0","1","0","0","","","","","","","","","","","","0.000002052","0.000002052","","","","","","2026-08-06T11:29:22.883Z","2026-08-06T11:30:28.634Z","","","","",""
"OC","HU1aFXqDYp8UzXk6FddSaVRXzoQHy2TamLzNSNBWJEEN","56","4.891089107","","","","","","","","","","","","","","","","","","","","","","","","","","","","","","","","","","","","","","","","","","","","","0.000002771","","","","","","","2026-08-06T11:29:22.908Z","","","","","",""
"ACTIII","GBAv2NPyPnBZTbQtAgKHzWGQQNtNfe6u8r1Kr35Hpump","56","7","","","","","","","","","","","","","","","","","","","","","","","","","","","","","","","","","","","","","","","","","","","","","0.000002052","","","","","","","2026-08-06T11:29:40.871Z","","","","","",""
"Steve","5GUsuo6U2PQ8KVCEKCnxTB86TBwNniDWxDCwrdCfpump","","","","","","","","","","","","","","","","","","","","","","","","","","","","","","","","","","","","","","","","","","","","","","","","","","","","","3.967e-8","","","","","","2026-08-06T11:29:46.810Z",""
"HORSIE⁠","3jJDqvJYy6JRZCezSuzeW91AjYLuFi9CcDmjQdURpump","71","5","","","","","","","","","","","","","","","","","","","","","","","","","","","","","","","","","","","","","","","","","","","","","0.00000272","","","","","","","2026-08-06T11:29:46.851Z","","","","","",""
"HORSIE⁠","DQbMv6iaxuGZoPKRuqEkd5KxgDyN9HghPKEHyJAMpump","67","5","","","","","","","","","","","","","","","","","","","","","","","","","","","","","","","","","","","","","","","","","","","","","0.000002052","","","","","","","2026-08-06T11:29:46.863Z","","","","","",""
"$200","8PzMABvZuGcGdiX4qS6uBJ2Ys7K9iBa1QZdL2Bx7pump","96","4","","","","","","","","","","","","","","","","","","","","","","","","","","","","","","","","","","","","","","","","","","","","","0.000002822","","","","","","","2026-08-06T11:30:23.139Z","","","","","",""
"SINGER","4pcgZoXpUq3taH4JnG7bJxbQSSP4y8QVxd6W1QMTpump","66","4.938271603","","","","","","","","","","","","","","","","","","","","","","","","","","","","","","","","","","","","","","","","","","","","","0.000002154","","","","","","","2026-08-06T11:30:23.166Z","","","","","",""
"Steve","4VpyBLqEU7kUA9QBHwyh2vFATFMkHyC6NgUfhHoWpump","","","","","","","","","","","","","","","","","","","","","","","","","","","","","","","","","","","","","","","","","","","","","","","","","","","","","3.944e-8","","","","","","2026-08-06T11:30:29.349Z",""
"FLOWERS","7JetRsRsBdp1KYfYt7pc6mBqTcLBvyAkAYPhE4NBpump","","","","","","","","","","","","","","","","","","","","","","","","","","","","","","","","","","","","","","","","","","","","","","","","","","","","","9.305e-7","","","","","","2026-08-06T11:30:53.384Z",""
"$200","27X4PPu5Ucsiu2NEWnfjk1KZTSLBEt3rNBHsAn4Mpump","55","5","","","","","","","","","","","","","","","","","","","","","","","","","","","","","","","","","","","","","","","","","","","","","0.000003848","","","","","","","2026-08-06T11:30:58.952Z","","","","","",""
"Cat","8CEY9NNq5iTGNhWFYtNQveHsh4f4aBC5Y2AsUMMhpump","67","5","","","","","","","","","","","","","","","","","","","","","","","","","","","","","","","","","","","","","","","","","","","","","0.000003173","","","","","","","2026-08-06T11:31:10.921Z","","","","","",""
".","9VtpYhtQ6vd8XtDBcsC1sigpjkN2HaN5gX8NaPmhpump","60","0.148148147","","","","","","","171.1","252","-92.9","","","104.7","32.4","412","0.148148147","0","2","1","0","0","10352.93","3","142.49","142.49","0.647","0.647","400","","0","0","1","0","0","","","","","","","","","","","","0.000004431","0.00001035","","","","","","2026-08-06T11:31:22.822Z","2026-08-06T11:32:34.959Z","","","","",""
"$200","C5rQxB5CHYwoTTSFcusoSNSjoSFpCfkVmbxxqos8pump","67","3.950617282","","","","","","","","","","","","","","","","","","","","","","","","","","","","","","","","","","","","","","","","","","","","","0.00000216","","","","","","","2026-08-06T11:31:22.850Z","","","","","",""
"ParaBros","JvPcZbAUZjyjHABfHBBb5rqT5cLcFgcrSww5Mdzpump","68","5","","","","","","","52.6","250","-26.3","","","-38","146.2","910","5","1","14","0","0","0","6966.04","3","8777.22","8777.22","0.594","0.594","149","","0","0","1","0","1","","","","","","","","","","","","0.000004645","0.000006966","","","","","","2026-08-06T11:31:34.995Z","2026-08-06T11:32:46.625Z","","","","",""
"MEMES","DqMYqFooC19qzRpGwt4MueDK7yX5XfRNJ9fCd5cvY5tj","56","4.891089107","","","","","","","","","","","","","","","","","","","","","","","","","","","","","","","","","","","","","","","","","","","","","0.000002238","","","","","","","2026-08-06T11:31:40.865Z","","","","","",""
"RWAKERS","9Bw85BVG5RiXFxtT49Bpe7Kn7jjyS9evVMMyEGoYpump","","","","","","","","","","","","","","","","","1.777777776","0","0","0","0","0","2306.52","3","132.46","132.46","1","1","0.17","","0","0","1","0","0","","","","","","","","","","","","","0.000002306","","","","","","","2026-08-06T11:31:46.661Z","","","","",""
"Steve","3RJUigoPQNSzZpmuU82oBcFv1u9TT1uwGNowCMFKpump","","","","","","","","","","","","","","","","","","","","","","","","","","","","","","","","","","","","","","","","","","","","","","","","","","","","","2.626e-7","","","","","","2026-08-06T11:31:46.845Z",""
"$200","GnRxSPe9gu675EbRAj1Bpxi2FSb5E6t9J6sdm5Kypump","59","2.4691358","","","","","","","","","","","","","","","","","","","","","","","","","","","","","","","","","","","","","","","","","","","","","0.000002163","","","","","","","2026-08-06T11:31:53.085Z","","","","","",""
"flames","5gK4jLPRezHL8E4bg1zUyTk1cmZRKkKcuUzNFX1Bpump","92","4","","","","","","","0","0","-4.8","","","0","0","906","4","1","4","0","0","0","2157.33","3","1665.9","1665.9","0.583","0.583","-18.16","","0","0","1","0","0","","","","","","","","","","","","0.000002154","0.000002157","","","","","","2026-08-06T11:32:04.899Z","2026-08-06T11:33:10.605Z","","","","",""
"Larper","5DUzEskejThPzmAVb6pVhRYTS2c86eJQ6wTQqxTHxcqc","64","4.938271603","","","","","","","0","0","0","","","0","0","916","4.938271603","0","2","0","0","0","2456.13","3","1774.47","1774.47","0.688","0.688","-11.76","","0","0","1","0","0","","","","","","","","","","","","0.000002456","0.000002456","","","","","","2026-08-06T11:32:04.948Z","2026-08-06T11:33:10.649Z","","","","",""
"MOON","FEKTYYZ4wnW3L2aphHXyF1Y3P6MG64SmNcxkBbHBpump","56","1.837037036","","","","","","","","","","","","","","","","","","","","","","","","","","","","","","","","","","","","","","","","","","","","","0.000002147","","","","","","","2026-08-06T11:32:11.092Z","","","","","",""
"DOOOOOG","2BDftTNYQsXBvGFCtUzqnJuL8FGzF9U6SDq2W81Npump","59","4.000625096","","","","","","","","","","","","","","","4.000625096","0","3","0","0","0","2105.8","3","636.18","636.18","0.833","0.833","-20.13","","0","0","1","0","0","","","","","","","","","","","","0.000002105","0.000002105","","","","","","2026-08-06T11:32:22.825Z","2026-08-06T11:33:28.617Z","","","","",""
"The Larper","7G6sBUYnkVMFogzpbZVmHXEhtmPzsDJ2rs35TVFDLAY1","62","4.938271603","","","","","","","","","","","","","","","","","","","","","","","","","","","","","","","","","","","","","","","","","","","","","0.00000207","","","","","","","2026-08-06T11:32:28.845Z","","","","","",""
"Steve","9MrwHFD7KkXNrQ3V8W28Rwd6gXDgct9pn7Zvgadupump","56","0.09876543","","","","","","","","","","","","","","","","","","","","","","","","","","","","","","","","","","","","","","","","","","","","","0.00001623","","","","","","4.832e-7","2026-08-06T11:32:40.863Z","","","","","2026-08-06T11:33:58.970Z",""
"DOLPHIN","DPJCVRH1A1GFpdxnbBkvRCzv3bq5yMVxtAD18DxHpump","64","4.938271603","","","","","","","","","","","","","","","","","","","","","","","","","","","","","","","","","","","","","","","","","","","","","0.00000217","","","","","","","2026-08-06T11:32:40.905Z","","","","","",""
"TOS","GoHnFMrrfZGWNoAWPBLTrWy2HaBG2pgDrBPPTKubpump","55","7","","","","","","","","","","","","","","","","","","","","","","","","","","","","","","","","","","","","","","","","","","","","","0.000002066","","","","","","","2026-08-06T11:33:22.850Z","","","","","",""
"Maui","3GY7HQjaZjV43CPX9ig1Mf7sR3XF8X9LjrF6iVfYpump","56","2.962962961","","","","","","","","","","","","","","","2.962962961","0","2","0","0","0","2157.62","3","843.49","843.49","0.714","0.714","-12.95","","0","0","1","0","0","","","","","","","","","","","","0.000002157","0.000002157","","","","","","2026-08-06T11:33:22.874Z","2026-08-06T11:34:22.600Z","","","","",""
"On","E7AHDun6KEtzsJ6mnnNZovHKzzXmBWDA52gAoW8Vpump","70","6","","","","","","","","","","","","","","","","","","","","","","","","","","","","","","","","","","","","","","","","","","","","","0.000002157","","","","","","","2026-08-06T11:33:23.316Z","","","","","",""
"Apple ","4u6VN8RXWxMFYmvhFeSg3Mi6NkVqhVhrQCYiWPYdpump","","","","","","","","","","","","","","","","","","","","","","","","","","","","","","","","","","","","","","","","","","","","","","","","","","","","","3.444e-7","","","","","","2026-08-06T11:33:28.828Z",""
"TOS","EKb8rHnAMDLB2cZCeTUiVV4B3wiroffdzv1ihA6gpump","66","5","","","","","","","","","","","","","","","","","","","","","","","","","","","","","","","","","","","","","","","","","","","","","0.000002053","","","","","","","2026-08-06T11:33:34.854Z","","","","","",""
"L COIN UK","86LxBjEMKMDqN1QzK8S1p7fi1ict1vcjhrqhP4Xdpump","","","","","","","","","","","","","","","","","2.000312547","0","0","0","0","0","3281.64","3","582.06","582.06","1","1","40.5","","0","0","1","0","0","","","","","","","","","","","","","0.000003281","","","","","","","2026-08-06T11:33:40.611Z","","","","",""
"KID","2T9XTtsYtgYo6v5ivAfhe3X8pFAUjv1YBVTi5WbPAnBr","55","4.891089107","","","","","","","","","","","","","","","","","","","","","","","","","","","","","","","","","","","","","","","","","","","","","0.000002721","","","","","","","2026-08-06T11:33:52.940Z","","","","","",""
"TOAS","5VzeicrNhkvtDj7vfQUgNGSnhNhuWKN7YHs3WLfjkfue","69","5.925925924","","","","","","","","","","","","","","","","","","","","","","","","","","","","","","","","","","","","","","","","","","","","","0.000002054","","","","","","","2026-08-06T11:33:58.998Z","","","","","",""
"CURAGE","ENeLsQ1DneRxuKzkXjPEhpQbD2os7mRxedT2u66Ppump","","","","","","","","","","","","","","","","","","","","","","","","","","","","","","","","","","","","","","","","","","","","","","","","","","","","","2.447e-7","","","","","","2026-08-06T11:34:04.904Z",""
"TOAS","7WtBbx9U1yLajPHwKsPZkA1x5C5FwDUQQjKE7KPfpump","61","5","","","","","","","","","","","","","","","","","","","","","","","","","","","","","","","","","","","","","","","","","","","","","0.000002096","","","","","","","2026-08-06T11:34:05.063Z","","","","","",""
"Bump","AbgKKF2QpYqKscgJe53uyBMRqhB13An6MeDTjtifpump","","","","","","","","","","","","","","","","","","","","","","","","","","","","","","","","","","","","","","","","","","","","","","","","","","","","","1.663e-7","","","","","","2026-08-06T11:34:05.590Z",""
"WALLCAT","466jHbVuscpqXhpUwqj31yP5t9W7teZMD7Qr3U45pump","","","","","","","","","","","","","","","","","4.000625096","0","4","0","0","0","2055.48","4","588.61","588.61","0.667","0.667","-22.06","","0","0","1","0","0","","","","","","","","","","","","","0.000002055","","","","","","","2026-08-06T11:35:34.853Z","","","","",""
"Francis","7FXUeBPKXBHijFaVRdnvrGMknQ2kCxMzce7KmNnXpump","","","","","","","","","","","","","","","","","","","","","","","","","","","","","","","","","","","","","","","","","","","","","","","","","","","","","6.594e-7","","","","","","2026-08-06T11:34:52.839Z",""
"Steve","J2J5JVHxmbbCPkoPtZ7Eu3iof5cRuQMFVFAJg1LGpump","","","","","","","","","","","","","","","","","","","","","","","","","","","","","","","","","","","","","","","","","","","","","","","","","","","","","2.921e-7","","","","","","2026-08-06T11:34:53.039Z",""
"Bump","EmNAzMduuvE3LMXSWaZyWjRZSuJD4z8bj2ZwWer7pump","55","0.09876543","","","","","","","","","","","","","","","0.09876543","1","22","1","0","0","5866.24","3","135.32","135.32","0.625","0.625","184","","0","0","1","0","0","","","","","","","","","","","","0.000005866","0.000005866","","","","","","2026-08-06T11:35:04.926Z","2026-08-06T11:36:04.630Z","","","","",""
"FLOWERS","2zXy2mdefXi6s7KW3rZJtsqyfDBUZmY3EpzZ4Axspump","74","0.493827158","","","","","","","0","0","-4.3","","","-4.3","0","904","0.493827158","1","11","1","0","0","11462.25","3","793.6","793.6","0.644","0.644","440","","0","0","1","0","0","","","","","","","","","","","","0.000003145","0.00001146","","","","","","2026-08-06T11:35:10.929Z","2026-08-06T11:35:52.836Z","","","","",""
"POSER","Gy6WZaYkHDJ26Q7Tj8fJBqc5VvcFgk8okqYsbWPmpump","57","2.4691358","","","","","","","","","","","","","","","","","","","","","","","","","","","","","","","","","","","","","","","","","","","","","0.000002097","","","","","","","2026-08-06T11:35:16.968Z","","","","","",""
"Bump","Gf3JbfQ3BVZ4qenqzANCPyUqDxtabSjoeoZomE4pump","55","0.09876543","","","","","","","","","","","","","","","0.09876543","1","23","1","0","0","9974","3","1564.94","1564.94","0.569","0.569","382","","0","0","1","0","0","","","","","","","","","","","","0.00000346","0.000009973","","","","","","2026-08-06T11:35:34.876Z","2026-08-06T11:36:40.637Z","","","","",""
"Steve","G6eude3XMh5Tx5oEfCuYCwGNfKzri1h5vZet2Z5opump","57","0.09876543","","","","","","","","","","","","","","","0.09876543","0","3","1","0","0","5114.04","3","360.21","360.21","0.563","0.563","147","","0","0","1","0","0","","","","","","","","","","","","0.000005114","0.000005114","","","","","","2026-08-06T11:35:34.887Z","2026-08-06T11:36:40.686Z","","","","",""
"FLOWERS","D6Tn6DERyVMPACHcd5CqhvQGiDb8EGgJsPqVfFCPpump","63","0.098765431","","","","","","","0","0","-78.1","","","0","0","290","0.098765431","1","14","1","0","0","3404.04","3","390.94","390.94","0.583","0.583","64.58","","0","0","1","0","0","","","","","","","","","","","","0.000003404","0.000003404","","","","","","2026-08-06T11:35:41.104Z","2026-08-06T11:36:46.683Z","","","","",""
"CIRB","8t9MvHKwZT4qvqgJhJTMvwSVxd57XBK1hoVP8Yr7NHat","67","5.925925924","","","","","","","","","","","","","","","","","","","","","","","","","","","","","","","","","","","","","","","","","","","","","0.000002095","","","","","","","2026-08-06T11:35:41.193Z","","","","","",""
"Cat","HoZfHJLeVa1Yfk3sTWX8tiDTE6iCACihpMGmEhnTpump","63","5","","","","","","","","","","","","","","","","","","","","","","","","","","","","","","","","","","","","","","","","","","","","","0.00000215","","","","","","","2026-08-06T11:35:46.858Z","","","","","",""
"0HJIUEJFNE","6uzqLneVxpd4MGuRnB5zHMu8TnLzpuRwccxJ7py9pump","80","1.481481479","","","","","","","","","","","","","","","","","","","","","","","","","","","","","","","","","","","","","","","","","","","","","0.00003377","","","","","","8.292e-7","2026-08-06T11:35:46.905Z","","","","","2026-08-06T11:36:34.825Z",""
"Steve","6cHggEcQPizPc72ygmMLYbtWkrJxcJLh7VTyeeFLpump","59","0.09876543","","","","","","","","","","","","","","","","","","","","","","","","","","","","","","","","","","","","","","","","","","","","","0.000001269","","","","","","8.449e-7","2026-08-06T11:35:52.878Z","","","","","2026-08-06T11:36:34.864Z",""
"VOLPIR","AhnZeAp3maw6VULkwxcFdGTfKwfyNK2r2mgQyh8apump","","","","","","","","","","","","","","","","","","","","","","","","","","","","","","","","","","","","","","","","","","","","","","","","","","","","","2.282e-7","","","","","","2026-08-06T11:35:59.111Z",""
"cat","6K3JXh47LZvo2LGJLe7Yho49jwXH1bPUCWvGy516pump","","","","","","","","","","","","","","","","","","","","","","","","","","","","","","","","","","","","","","","","","","","","","","","","","","","","","6.763e-7","","","","","","2026-08-06T11:36:52.957Z",""
"Steve","BjMq4xbe4MUZrZMQpiuk3iDpfRRcrEPj3nBQyJGwpump","","","","","","","","","","","","","","","","","","","","","","","","","","","","","","","","","","","","","","","","","","","","","","","","","","","","","7.081e-7","","","","","","2026-08-06T11:36:58.871Z",""
"Lilly","3VPkcbsczoKxQ3RMK7Yei4Bj2UU3bPDmVGAAzFvNpump","56","4.000625096","","","","","","","","","","","","","","","","","","","","","","","","","","","","","","","","","","","","","","","","","","","","","0.000002055","","","","","","","2026-08-06T11:37:05.139Z","","","","","",""
"HOMESICK","AYpMWKA6e5J23tchdRktESaLc4pHtGAaQEWKSN9Jpump","","","","","","","","","","","","","","","","","","","","","","","","","","","","","","","","","","","","","","","","","","","","","","","","","","","","","3.731e-7","","","","","","2026-08-06T11:37:16.927Z",""
"LEOZI","LEozikrKGbN8XBLSiFVQc2tUuW93RxEVKXzxsYjwYur","86","16.592592591","","","","","","","","","","","","","","","","","","","","","","","","","","","","","","","","","","","","","","","","","","","","","0.000008806","","","","","","0.000002157","2026-08-06T11:37:28.815Z","","","","","2026-08-06T11:38:05.029Z",""
"SNIPER","C2BF2R8zjxer1QDNq98QDqEWCFXfYWRquaUuVyMDpump","62","5","","","","","","","","","","","","","","","","","","","","","","","","","","","","","","","","","","","","","","","","","","","","","0.000002079","","","","","","","2026-08-06T11:37:28.914Z","","","","","",""
"Steve","CMtqTBN89K5fFMgHLgvNVj6Yv9FMKWa5KTVyYeTLpump","","","","","","","","","","","","","","","","","","","","","","","","","","","","","","","","","","","","","","","","","","","","","","","","","","","","","2.978e-7","","","","","","2026-08-06T11:37:58.952Z",""
"Steve","A5fB2gz3bMehzXa59gwR5R52DxFy4Ug5fszRCAV3pump","","","","","","","","","","","","","","","","","","","","","","","","","","","","","","","","","","","","","","","","","","","","","","","","","","","","","3.212e-7","","","","","","2026-08-06T11:38:16.959Z",""
"Mowgli","HSxCKeDqveggt3WVMjGdVe2C5G8Rgmrw3e78hVPbpump","57","1.97530864","","","","","","","","","","","","","","","","","","","","","","","","","","","","","","","","","","","","","","","","","","","","","0.000002056","","","","","","","2026-08-06T11:38:28.874Z","","","","","",""
"FGF","A7hYrVEjQGdgm7qjAYXi3rBZyfUq7ahwqm8U9qM9d93B","59","4","","","","","","","","","","","","","","","4","0","3","0","0","0","2132.1","3","4130.33","4130.33","0.611","0.611","-19.26","","0","0","1","0","0","","","","","","","","","","","","0.000002132","0.000002132","","","","","","2026-08-06T11:38:40.810Z","2026-08-06T11:39:40.657Z","","","","",""
"Mika","2sKYbcVzGdZcY9uS1SLbXsXRKFA7DjzFmrVYdgdTpump","87","4","","","","","","","","","","","","","","","","","","","","","","","","","","","","","","","","","","","","","","","","","","","","","0.000002071","","","","","","","2026-08-06T11:38:46.872Z","","","","","",""
"MOZART","J5VcVDiZSnXHz1kzxGMb9LTaxwzEMWXmYXZCt9Ntpump","60","4.938271603","","","","","","","","","","","","","","","","","","","","","","","","","","","","","","","","","","","","","","","","","","","","","0.000002056","","","","","","","2026-08-06T11:38:46.901Z","","","","","",""
"bASS","J2m4TsCqDj16GfzfsFcLWPhTaCfNtKrXkG6cYSwVUwcW","65","5.925925924","","","","","","","","","","","","","","","","","","","","","","","","","","","","","","","","","","","","","","","","","","","","","0.000002097","","","","","","","2026-08-06T11:38:58.871Z","","","","","",""
"Steve","2LX63SQwKfPBpxHWP9qeBJUBUYD8LWkzfBSgyujspump","","","","","","","","","","","","","","","","","","","","","","","","","","","","","","","","","","","","","","","","","","","","","","","","","","","","","3.729e-7","","","","","","2026-08-06T11:39:10.868Z",""
"cat","7BWpY41my2PfbXQUMmu9oGTedvRJcTV41DDcNyHYpump","","","","","","","","","","","","","","","","","","","","","","","","","","","","","","","","","","","","","","","","","","","","","","","","","","","","","0.000001237","","","","","","2026-08-06T11:39:10.895Z",""
"PEPEM","2pRUqK9tKwLXPxuagr6zBGmsUWMj4KqoJRDXHyyEpump","100","1.115875206","","","","","","","","","","","","","","","","","","","","","","","","","","","","","","","","","","","","","","","","","","","","","0.000006361","","","","","","","2026-08-06T11:39:10.909Z","","","","","",""
"FGF","EpvMdTQb2dFq3RUoUrE24D6qZuRt55ZZzhkAeXiaYgP2","57","4","","","","","","","","","","","","","","","","","","","","","","","","","","","","","","","","","","","","","","","","","","","","","0.000002159","","","","","","","2026-08-06T11:39:16.930Z","","","","","",""
"ANSEM","BcdMavsuC9iSpgsufUKGYmpJGtFj8B7PYYBJ6padpump","","","","","","","","","","","","","","","","","","","","","","","","","","","","","","","","","","","","","","","","","","","","","","","","","","","","","","","","","","","",""
"ParaBros","7CAEeMA6WNGaPXfhg6xCG5QuPmXcTVJUP5CThas9pump","63","2.962962961","","","","","","","","","","","","","","","","","","","","","","","","","","","","","","","","","","","","","","","","","","","","","0.000002159","","","","","","","2026-08-06T11:39:34.840Z","","","","","",""
"Steve","3jqnqTpET3SWjaUxbnXDduUnaXv7uFDujpFTP22Upump","","","","","","","","","","","","","","","","","","","","","","","","","","","","","","","","","","","","","","","","","","","","","","","","","","","","","0.000001083","","","","","","2026-08-06T11:39:34.860Z",""
"MOZART","w1TuBH1N4VsRXJUH5aGkTgiP92NUGJFvZRwLFogpump","59","4.938271603","","","","","","","","","","","","","","","","","","","","","","","","","","","","","","","","","","","","","","","","","","","","","0.000002082","","","","","","","2026-08-06T11:39:46.836Z","","","","","",""
"Komachi","D5SazHFBXV9NqHiHLi4SL31gJi57So6epRpNg19vpump","65","3.426791277","","","","","","","87.3","862","-9.6","","","33.2","40.6","902","3.426791277","0","0","0","0","0","6759.48","3","10478.94","10478.94","0.586","0.586","165","","0","0","1","0","1","","","","","","","","","","","","0.000005706","0.000006759","","","","","","2026-08-06T11:39:58.978Z","2026-08-06T11:41:04.630Z","","","","",""
"MOZART","5LHLm6VBgfTmdVhrRfY6ViTtzehcZnXEiJEK9ozFpump","56","2.4691358","","","","","","","","","","","","","","","","","","","","","","","","","","","","","","","","","","","","","","","","","","","","","0.000002097","","","","","","","2026-08-06T11:40:04.897Z","","","","","",""
"MOZART","CUQWspwkE3VqshsHNmeznPUrBvoeAkeYqvjFgLajpump","61","5","","","","","","","","","","","","","","","","","","","","","","","","","","","","","","","","","","","","","","","","","","","","","0.000002131","","","","","","","2026-08-06T11:40:04.922Z","","","","","",""
"MOZART","shfVWbZ8d4ADPBm3mhZTfnxBRmsg51ZL6Gi3gvBpump","58","2.962962961","","","","","","","","","","","","","","","","","","","","","","","","","","","","","","","","","","","","","","","","","","","","","0.000002056","","","","","","","2026-08-06T11:40:22.809Z","","","","","",""
"JEREMY","BmcaN6esUvDpresVTaiV8NM9YYGFFzM2zWcrtVUzpump","57","2","","","","","","","","","","","","","","","2","0","0","0","0","0","2159.76","3","1691.55","1691.55","0.556","0.556","-7.72","","0","0","1","0","0","","","","","","","","","","","","0.000002159","0.000002159","","","","","","2026-08-06T11:40:34.825Z","2026-08-06T11:41:34.607Z","","","","",""
"TOTH","2475aGVtJFXVu2oUJeiiEFv88swAKyyNeXLZmz4tpump","85","0.09875","","","","","","","","","","","","","","","","","","","","","","","","","","","","","","","","","","","","","","","","","","","","","0.000003482","","","","","","","2026-08-06T11:40:34.851Z","","","","","",""
"$500","AvpCj5rZv651C19ufdeTaLGKd4XJNEGE8PNf7s3pump","71","5","","","","","","","","","","","","","","","","","","","","","","","","","","","","","","","","","","","","","","","","","","","","","0.000002055","","","","","","","2026-08-06T11:40:53.067Z","","","","","",""
"MOZART","FZs2tMzb4TjzQsntbDQ2MTshDDBNyDSAhsweDs3zpump","58","4.938271603","","","","","","","","","","","","","","","","","","","","","","","","","","","","","","","","","","","","","","","","","","","","","0.000002061","","","","","","","2026-08-06T11:40:53.080Z","","","","","",""
"1%","GD9YjHY4awAD7X5oqb2ZrKas6WZJVh7rh3YG8oKWpump","67","5","","","","","","","","","","","","","","","","","","","","","","","","","","","","","","","","","","","","","","","","","","","","","0.000002144","","","","","","","2026-08-06T11:41:04.820Z","","","","","",""
"TOTH","2476dHE5BYmiYJ2dMhUUcLuJnLQDxdJXMNp9R3Q2pump","","","","","","","","","","","","","","","","","","","","","","","","","","","","","","","","","","","","","","","","","","","","","","","","","","","","","1.478e-7","","","","","","2026-08-06T11:41:16.890Z",""
"MOZART","45gKw5dxnFRQtM2PAY3Vvm33joUNNwy7Mbqf1sHkpump","63","3.950617282","","","","","","","","","","","","","","","","","","","","","","","","","","","","","","","","","","","","","","","","","","","","","0.000002158","","","","","","","2026-08-06T11:41:22.829Z","","","","","",""
"cat","QXudy29M3GeChff5QRTCfCMY1h6uHy9UamtCTEkpump","","","","","","","","","","","","","","","","","","","","","","","","","","","","","","","","","","","","","","","","","","","","","","","","","","","","","3.371e-7","","","","","","2026-08-06T11:41:22.919Z",""
"MOZART","4tYDxj31MUw3xgazuNiv4248y4L3CTMKvTdrUABXyc7n","60","3.950617282","","","","","","","","","","","","","","","","","","","","","","","","","","","","","","","","","","","","","","","","","","","","","0.000002055","","","","","","","2026-08-06T11:41:28.873Z","","","","","",""
"3700","5gJt6ueHx5ENVJTwm4j7Ey4Dmw9JSwfCtYFoGmg1pump","56","2.962962961","","","","","","","","","","","","","","","","","","","","","","","","","","","","","","","","","","","","","","","","","","","","","0.000002158","","","","","","","2026-08-06T11:41:34.865Z","","","","","",""
"DOGUINHO","4Uzte22E4Qq8oAWiCxEsx6HHMj6fUdJjWbXSdbsRpump","73","5","","","","","","","","","","","","","","","","","","","","","","","","","","","","","","","","","","","","","","","","","","","","","0.000002164","","","","","","","2026-08-06T11:41:40.871Z","","","","","",""
"Steve","BCm8X6BsrweXmAYtPkEYRnhtNT7bghd1i9TXLCjApump","","","","","","","","","","","","","","","","","","","","","","","","","","","","","","","","","","","","","","","","","","","","","","","","","","","","","3.147e-7","","","","","","2026-08-06T11:41:40.890Z",""
"MOZART","CDjVpcKVcq9GoDJegYWwMdi9NzTk3UtzSkhuCLL6WDgN","58","3.950617282","","","","","","","","","","","","","","","","","","","","","","","","","","","","","","","","","","","","","","","","","","","","","0.000002158","","","","","","","2026-08-06T11:41:40.909Z","","","","","",""
"MOZART","E5phPVREvduCJyGDxrBf2N75iY6ntgEBkn4RcYmYpump","61","5","","","","","","","","","","","","","","","","","","","","","","","","","","","","","","","","","","","","","","","","","","","","","0.000002161","","","","","","","2026-08-06T11:41:46.929Z","","","","","",""
"MOZART","BWGppBj538GiXvEkLwUGR6CfNBSPboT5B67bAMSppump","63","3","","","","","","","0","0","-4.9","","","-0.1","0","912","3","0","0","0","0","0","2160.21","3","1867.67","1867.67","0.583","0.583","-13.15","","0","0","1","0","0","","","","","","","","","","","","0.00000216","0.00000216","","","","","","2026-08-06T11:41:46.973Z","2026-08-06T11:43:04.666Z","","","","",""
"VEL","E8kFZ7YxCaKk4EksVuj6LQVKrR1C2CcDgizF4hf8pump","58","0.059259258","","","","","","","","","","","","","","","","","","","","","","","","","","","","","","","","","","","","","","","","","","","","","0.000002091","","","","","","4.88e-7","2026-08-06T11:41:58.792Z","","","","","2026-08-06T11:43:40.986Z",""
"Snoopy","7N4hAsF6cKcHNuPLjTSiH5BjMnRainqYwL2TwqmApump","57","2","","","","","","","","","","","","","","","2","0","0","0","0","0","2158.58","3","923.68","923.68","0.556","0.556","-7.7","","0","0","1","0","0","","","","","","","","","","","","0.000002158","0.000002158","","","","","","2026-08-06T11:42:10.868Z","2026-08-06T11:43:34.653Z","","","","",""
"Steve","64RXAhr5Jr2Rgox5239RB9vgE6jg7hYqpm3b9PD8pump","56","0.09876543","","60.028","","","","","","","","","","","","","0.09876543","0","4","1","0","0","14723.27","3","630.74","630.74","0.468","0.468","611","","0","0","1","0","0","-64.40217391304348","","","","","","","","","","","0.000004815","0.00001472","","","0.00000524","","","2026-08-06T11:42:16.915Z","2026-08-06T11:43:28.628Z","","","2026-08-06T11:44:28.656Z","",""
"Steve","8QokqCrAVaBTPy2j6gYKDMm5SXrTGmxTg5CnwirGpump","57","4.938271603","","","","","","","","","","","","","","","","","","","","","","","","","","","","","","","","","","","","","","","","","","","","","0.000002168","","","","","","","2026-08-06T11:42:16.951Z","","","","","",""
"PUB","7pqgcPP3WQyEDSmJENPq75B6W9B9kTbjMZ8etjiBpump","","","","","","","","","","","","","","","","","","","","","","","","","","","","","","","","","","","","","","","","","","","","","","","","","","","","","0.000002148","","","","","","2026-08-06T11:42:22.892Z",""
"VOLMON","3w2jGvJ78rtMhrfdXY5YfzCDcHtnvPMWSvwqdsyVpump","66","0.09876543","","72.01","","","","","0.3","24","-8.7","","","0.3","0","904","0.09876543","0","0","1","0","0","2320.39","3","11.02","11.02","0.75","0.75","12.13","","0","0","1","0","0","-8.405172413793096","","","","","","","","","","","0.00000232","0.00000232","","","0.000002125","","","2026-08-06T11:42:28.849Z","2026-08-06T11:42:52.615Z","","","2026-08-06T11:44:04.625Z","",""
"TOTH","2478Rhcis6jEy9QQGgXRV5BrweFAopz5WYhVPtkspump","80","0.09875","","","","","","","0","0","-0.7","","","-0.5","0","920","0.09875","2","12","1","0","0","3241.64","3","581.36","581.36","0.602","0.602","56.67","","0","0","1","0","0","","","","","","","","","","","","0.000003221","0.000003241","","","","","","2026-08-06T11:42:28.876Z","2026-08-06T11:43:46.666Z","","","","",""
"tolulawson","6QM2Ndtxi4yksw2knTRa7NC9A4PDVceQkYUimjUNpump","60","2.469135801","","","","","","","0","0","-0.1","","","-0.1","0","906","2.469135801","0","0","0","0","0","2063.06","3","863.36","863.36","0.556","0.556","-14.31","","0","0","1","0","0","","","","","","","","","","","","0.000002063","0.000002063","","","","","","2026-08-06T11:42:52.970Z","2026-08-06T11:44:10.672Z","","","","",""
"ModelN","6ZNFJk57TY7kvG2NkYyKKK1sBr8m3F6bj1dd5bSrpodt","61","4.938271603","","","","","","","28.4","10","-85.4","","","9.3","0","230","4.938271603","0","4","0","0","0","14485.98","3","12645.7","12645.7","0.637","0.637","420","","0","0","1","0","1","","","","","","","","","","","","0.000007364","0.00001448","","","","","","2026-08-06T11:42:58.827Z","2026-08-06T11:44:16.679Z","","","","",""
"Bayley","BdcfYFtKp6Z2hbfBfNDyF9VbZtVU466VQhwgjC78pump","55","2.4691358","","","","","","","","","","","","","","","","","","","","","","","","","","","","","","","","","","","","","","","","","","","","","0.000002072","","","","","","","2026-08-06T11:43:04.887Z","","","","","",""
"XST","XSTVbDmCG7MRJELCGdMnTaq3rxdaz47k7SghdStiVpb","","","","","","","","","","","","","","","","","","","","","","","","","","","","","","","","","","","","","","","","","","","","","","","","","","","","","0.000002069","","","","","","2026-08-06T11:43:11.005Z",""
"emma","4rd8HSDAupH3CeXJpRiFoLTDG4T4bnDSdUhQWtpDpump","85","14.814814813","","","","","","","","","","","","","","","","","","","","","","","","","","","","","","","","","","","","","","","","","","","","","0.000009322","","","","","","","2026-08-06T11:43:28.836Z","","","","","",""
"Jewpit","499rmTFtdhqRMxADQ7CmZQF3h379Ufu85fE8xiZTpump","57","2","","","","","","","","","","","","","","","","","","","","","","","","","","","","","","","","","","","","","","","","","","","","","0.000002071","","","","","","","2026-08-06T11:43:34.813Z","","","","","",""
"cinni","FPkyifuazZ8geZP26uU5jPpXUKamSEb2J5Zwce8Apump","99","1.000156273","","","","","","","0","0","0","","","-0.1","0","902","1.000156273","2","4","1","0","0","5034.13","3","2372.18","2372.18","0.594","0.594","129","","0","0","1","0","0","","","","","","","","","","","","0.000005032","0.000005034","","","","","","2026-08-06T11:43:52.893Z","2026-08-06T11:45:04.656Z","","","","",""
"emma","icpj5NSV4Qh1dfCbQcwX1dp5VFjET9LDrfL8Rkypump","63","3","","","","","","","","","","","","","","","","","","","","","","","","","","","","","","","","","","","","","","","","","","","","","0.000002188","","","","","","","2026-08-06T11:44:16.838Z","","","","","",""
"FLOWERS","FFzerwGsjZ6dqWbieUikvAwpmZo736pt6QJdEUfjpump","","","","","","","","","","","","","","","","","","","","","","","","","","","","","","","","","","","","","","","","","","","","","","","","","","","","","3.472e-7","","","","","","2026-08-06T11:44:17.147Z",""
"WOLFSTEIN","2Hu6v2uH5M1dfxdAPq468vsnCFesReB4MBXkoLXwpump","70","4.938271603","","","","","","","","","","","","","","","","","","","","","","","","","","","","","","","","","","","","","","","","","","","","","0.000002055","","","","","","","2026-08-06T11:44:22.875Z","","","","","",""
"clown","4c7gNcauqFEDqtp2NHYcR86jJ2EexdgeHFyqJTeBpump","","","","","","","","","","","","","","","","","","","","","","","","","","","","","","","","","","","","","","","","","","","","","","","","","","","","","8.02e-7","","","","","","2026-08-06T11:44:28.795Z",""
"BERCOM","HjEh1B8UKDzCQgTMtZtz2o3gdVeEKr6QXA7C5kS9pump","75","4.974617282","","","","","","","","","","","","","","","","","","","","","","","","","","","","","","","","","","","","","","","","","","","","","0.000001683","","","","","","","2026-08-06T11:44:40.817Z","","","","","",""
"N(igga)","HNqWzCKSXMCiHJLbGwVkJKgbLtpKV9mTgCqjYmoApump","56","4.938271603","","","","","","","","","","","","","","","","","","","","","","","","","","","","","","","","","","","","","","","","","","","","","0.000005211","","","","","","","2026-08-06T11:44:58.862Z","","","","","",""
"CHAGOB","6F3D1AC7nzQbEHwzx3t3xD2nxNrNHMoDdnK6RFUTpump","76","5.228148146","","","","","","","0","0","0","","","0","0","902","5.228148146","0","47","1","0","0","3046.18","3","1632.82","1632.82","0.632","0.632","7.47","","0","0","1","0","0","","","","","","","","","","","","0.000003046","0.000003046","","","","","","2026-08-06T11:45:05.346Z","2026-08-06T11:46:04.645Z","","","","",""
"N","9QETYUrLN3TiRN7E9otqN9BNUDriLNnRu6L2sgw6u1gp","64","5.925925924","","","","","","","","","","","","","","","","","","","","","","","","","","","","","","","","","","","","","","","","","","","","","0.000002055","","","","","","","2026-08-06T11:45:34.837Z","","","","","",""
"Nigga","8FzcCNQGEZe14JAcD4ArNfx7CB1dTVQiBnLRWVT4pump","66","5","","","","","","","0","0","-5.4","","","0","0","910","5","1","16","0","0","0","2172.48","3","1199.43","1199.43","0.583","0.583","-22.36","","0","0","1","0","0","","","","","","","","","","","","0.000002158","0.000002172","","","","","","2026-08-06T11:45:40.824Z","2026-08-06T11:46:46.683Z","","","","",""
"Steve","9cfHRA5WiQvg23vwg5YxCRTjHCp4ogKV5mhPc5uupump","67","5","","","","","","","","","","","","","","","","","","","","","","","","","","","","","","","","","","","","","","","","","","","","","0.000002158","","","","","","","2026-08-06T11:45:52.891Z","","","","","",""
"CURAGE","YaK3ZGYuFHMcyMCdtZuV9zch1oRf3ZVXW3DPSgRpump","66","0.09876543","","","","","","","0","0","-1.2","","","-0.6","0","910","0.09876543","0","0","1","0","0","2084.43","3","31.27","31.27","0.941","0.941","0.71","","0","0","1","0","0","","","","","","","","","","","","0.000002081","0.000002084","","","","","","2026-08-06T11:45:58.824Z","2026-08-06T11:47:16.783Z","","","","",""
"Nigga","4LF5QRu6AqAcBUzFjVUag8zfwdNhwSrazWgwB8abpump","65","5","","","","","","","","","","","","","","","","","","","","","","","","","","","","","","","","","","","","","","","","","","","","","0.000002056","","","","","","","2026-08-06T11:46:04.933Z","","","","","",""
"sirarsalih","ETaoXvGYsKVcNKG2wz9YKQrEb6qiRX7wNXPgXTcppump","63","2.962962961","","","","","","","","","","","","","","","","","","","","","","","","","","","","","","","","","","","","","","","","","","","","","0.000002086","","","","","","","2026-08-06T11:46:10.806Z","","","","","",""
"WANSAN","9ZF9aZuSmZzhQFsqo9umf9bpxGNpAfRVijeTVtTypump","62","4.938271603","","","","","","","0","0","-2","","","0","0","902","4.938271603","0","3","0","0","0","2096.87","3","796","796","0.571","0.571","-24.8","","0","0","1","0","0","","","","","","","","","","","","0.000002096","0.000002096","","","","","","2026-08-06T11:46:16.825Z","2026-08-06T11:47:34.682Z","","","","",""
"Poncho","ExNY9jtB2ypqy1fKz7Nq3fdJSpkyfweDE5jhJ58Tpump","57","2","","","","","","","","","","","","","","","","","","","","","","","","","","","","","","","","","","","","","","","","","","","","","0.00000206","","","","","","","2026-08-06T11:46:22.798Z","","","","","",""
"DV","9FGVg8wDraMxZqQmYCAS5hbzCxvjQdgB1pZhZ3wstLnG","56","4","","","","","","","","","","","","","","","","","","","","","","","","","","","","","","","","","","","","","","","","","","","","","0.000002056","","","","","","","2026-08-06T11:46:28.830Z","","","","","",""
"JAPAN","6BYJwCq6wuc46GaMTwrsQF7BoBxW5TDxLCnY1prrpump","73","5.925925924","","","","","","","","","","","","","","","","","","","","","","","","","","","","","","","","","","","","","","","","","","","","","0.000003258","","","","","","","2026-08-06T11:46:28.839Z","","","","","",""
"$CVV","HTmwPp1zWqfU1KtWUY2tjsD1C66Xgftfvcwgn2JEpump","62","0.290045319","","","","","","","0","0","0","","","0","0","902","0.290045319","0","2","1","0","0","3425.1","3","108.41","108.41","0.688","0.688","63.41","","0","0","1","0","0","","","","","","","","","","","","0.000003425","0.000003425","","","","","","2026-08-06T11:46:34.855Z","2026-08-06T11:48:04.688Z","","","","",""
"cinnissj5","FB6YutGDxBS7dFzAD3Mpxuye7ns5wgYQzhWJSqEpump","","","","","","","","","","","","","","","","","","","","","","","","","","","","","","","","","","","","","","","","","","","","","","","","","","","","","2.083e-7","","","","","","2026-08-06T11:46:40.946Z",""
"SAHB","4fotmKo1Hi4KixiGjVhUL6TLDKzxJeRMqkfFeF6Spump","57","2","","","","","","","","","","","","","","","","","","","","","","","","","","","","","","","","","","","","","","","","","","","","","0.000004979","","","","","","","2026-08-06T11:46:58.875Z","","","","","",""
"Bubbles","ELnvWo5Rj5HfznJLwvN2G3q9qFqYhzr9pyeSZ8JUpump","63","2.962962961","","","","","","","","","","","","","","","","","","","","","","","","","","","","","","","","","","","","","","","","","","","","","0.00000207","","","","","","","2026-08-06T11:46:58.900Z","","","","","",""
"GWG","e38zWhqwgSCtzPpvkedmWmULV44qFYMtoiXsfUupump","57","4","","","","","","","","","","","","","","","4","0","4","0","0","0","2054.99","4","1621.27","1621.27","0.571","0.571","-22.19","","0","0","1","0","0","","","","","","","","","","","","0.000002066","0.000002054","","","","","","2026-08-06T11:47:10.965Z","2026-08-06T11:49:22.697Z","","","","",""
"DV","BQcMmy4aWGRUxyXaKoDEYCfBMAQsVuupqnXzeaLgxxmb","55","4","","","","","","","","","","","","","","","","","","","","","","","","","","","","","","","","","","","","","","","","","","","","","0.000002055","","","","","","","2026-08-06T11:47:10.991Z","","","","","",""
"SAHB","EDnwKr2z6fCMPQLAfXH6RC9bajUSQsdxPRSKt1tTpump","59","5","","","","","","","","","","","","","","","","","","","","","","","","","","","","","","","","","","","","","","","","","","","","","0.000002054","","","","","","","2026-08-06T11:47:22.994Z","","","","","",""
"SAHB","4WyHXKXpEw6ykwtA28TKbmDSUH48TqHv5iBCZzgSpump","60","5","","","","","","","","","","","","","","","","","","","","","","","","","","","","","","","","","","","","","","","","","","","","","0.000002054","","","","","","","2026-08-06T11:47:23.010Z","","","","","",""
"BETTY","H8JvNAKJYCfzLBKpBJV3eN6LewkCVDYxqX6AQuw4ofWt","63","5.925925924","","126.383","","","","","23.7","244","-76.3","","","12.8","9.7","424","5.925925924","0","5","0","0","0","20580.54","3","44486.46","44486.46","0.617","0.617","598","","0","0","1","0","1","0.9718172983479177","","","","","","","","","","","0.00001252","0.00002058","","","0.00002078","","","2026-08-06T11:47:28.886Z","2026-08-06T11:48:52.664Z","","","2026-08-06T11:50:59.047Z","",""
"Pingu","DBBgGrzLZry4C1sxBFP7wCLRiQJHc7bUW2VMvsVpump","60","2.5","","","","","","","","","","","","","","","","","","","","","","","","","","","","","","","","","","","","","","","","","","","","","0.000002297","","","","","","","2026-08-06T11:47:46.815Z","","","","","",""
"CODY","HGGA52fwNWumkXGAQoTcqZ95N7oFAdaDrJ42qDLPpump","61","2.7","","","","","","","","","","","","","","","","","","","","","","","","","","","","","","","","","","","","","","","","","","","","","0.000002157","","","","","","","2026-08-06T11:47:52.924Z","","","","","",""
"BESSIE","D4CYvqoEQuhiVvq48pRCVeFzFBxYVExkDxbCH7Rqpump","60","3.950617282","","","","","","","","","","","","","","","","","","","","","","","","","","","","","","","","","","","","","","","","","","","","","0.000002102","","","","","","","2026-08-06T11:47:52.935Z","","","","","",""
"BETTY","3ESDj2rhLwB7zgbVpcfiauVQu66QG6PboFPwneAbpump","56","4.938271603","","","","","","","","","","","","","","","","","","","","","","","","","","","","","","","","","","","","","","","","","","","","","0.000003235","","","","","","","2026-08-06T11:48:10.780Z","","","","","",""
"BETTY","X6kFciiADDtBnNS9ULsDAs9aqp15Mye7XtEuq9Npump","61","4.938271603","","","","","","","","","","","","","","","","","","","","","","","","","","","","","","","","","","","","","","","","","","","","","0.000002157","","","","","","","2026-08-06T11:48:11.118Z","","","","","",""
"AWNIMALS","DNcj2bnHhpNa5k3erLGYTCN1Ts38MCDvKPxpz5M2pump","63","2.962962961","","","","","","","","","","","","","","","","","","","","","","","","","","","","","","","","","","","","","","","","","","","","","0.000002157","","","","","","","2026-08-06T11:48:22.864Z","","","","","",""
"DIP","EiRRirk31RU1QDkLgnfcWFvxHu8dMY8q4cBr6hp6pump","57","2","","","","","","","","","","","","","","","","","","","","","","","","","","","","","","","","","","","","","","","","","","","","","0.000002156","","","","","","","2026-08-06T11:49:10.852Z","","","","","",""
"BETTY","54HdEk8Zg9gCYQKyY2ZyEWNPqqjhdXjMG1bHpH3Spump","60","5","","","","","","","","","","","","","","","","","","","","","","","","","","","","","","","","","","","","","","","","","","","","","0.000005483","","","","","","","2026-08-06T11:49:28.832Z","","","","","",""
"BETTY","Cjm6gx9Yy6LDygBEFVpcNWeXgoqNkhyuu6dFwd1Wpump","58","3","","","","","","","","","","","","","","","","","","","","","","","","","","","","","","","","","","","","","","","","","","","","","0.000002053","","","","","","","2026-08-06T11:49:47.133Z","","","","","",""
"JUMA","2twtSdpq8Z2VsDqRvuANpDiyYSk8HgecKH5jdHRupump","","","","","","","","","","","","","","","","","1.800281293","0","0","0","0","0","2309.34","3","132.33","132.33","1","1","0","","0","0","1","0","0","","","","","","","","","","","","","0.000002309","","","","","","","2026-08-06T11:49:58.685Z","","","","",""
"Baby-chan","7rfxM9X7x91nUdQTci2p3b9929TpMXrEJmUhzWYzpump","63","2.962962961","","47.957","","","","","151.7","886","0","","","-5.7","167","906","2.962962961","0","0","0","0","0","4314.74","3","2451.4","2451.4","0.569","0.569","73.96","","0","0","1","0","1","-5.702364394993042","","","","","","","","","","","0.000004004","0.000004314","","","0.000004068","","","2026-08-06T11:49:58.875Z","2026-08-06T11:51:10.664Z","","","2026-08-06T11:51:58.621Z","",""
"DOBI","DoBibKNQZfsvHhQdsEeFn7UVp6emBeMYLQQLaFoKmnzf","85","15.012345677","auto","44.652","30.004","6.575","98.808","yes","10.8","130","-80.5","no","","1","9.7","160","15.012345677","0","0","0","0","0","9527.84","3","2925.92","2925.92","0.78","0.78","106","","0","0","1","0","1","1.0286554004408497","13.906401054488441","-11.305550464971125","-77.35","0","STOP_LOSS","","","","","0.011097","0.000008944","0.000009527","0.0000102","0.000010851862828461114","0.000009625","0.00000206","","2026-08-06T11:50:04.891Z","2026-08-06T11:51:16.609Z","2026-08-06T11:51:46.613Z","2026-08-06T11:51:53.188Z","2026-08-06T11:52:01.261Z","","2026-08-06T11:53:31.996Z"
"BETTY","5gCjVocnQsva8uMgAgSrAnikUpu9hK8WhsFEqVuwpump","58","5","","","","","","","","","","","","","","","","","","","","","","","","","","","","","","","","","","","","","","","","","","","","","0.000002093","","","","","","","2026-08-06T11:50:40.864Z","","","","","",""
"BETTY","WTb6w6aXTqdFa8jhKXmmQod6rD9H1RqVLB9oFogpump","60","4.938271603","","18.214","","","","","0","0","-51.8","","","-48.3","0","910","4.938271603","0","5","0","0","0","4277.4","3","6269.77","6269.77","0.603","0.603","53.51","","0","0","1","0","1","-48.28150572831424","","","","","","","","","","","0.000004197","0.000004277","","","0.000002212","","","2026-08-06T11:51:10.987Z","2026-08-06T11:52:16.636Z","","","2026-08-06T11:52:34.850Z","",""
"Printer","GqxmyEYcDqHG8xFsqAa5M1ZrisC62MFeMxX594rVpump","57","1.97530864","","","","","","","","","","","","","","","1.97530864","0","0","0","0","0","6653.49","3","5092.18","5092.18","0.57","0.57","185","","0","0","1","0","1","","","","","","","","","","","","0.000003832","0.000006653","","","","","","2026-08-06T11:51:16.796Z","2026-08-06T11:52:22.628Z","","","","",""
"SCC","6HQLB1s3SYBiCat8ZfsC2KBnMsPZT3gSvFYhwh5Jpump","67","0.140021877","","","","","","","0","0","-88.3","","","0","0","186","0.140021877","0","0","1","0","0","2807.62","3","46.11","46.11","0.636","0.636","35.38","","0","0","1","0","0","","","","","","","","","","","","0.000002445","0.000002807","","","","","","2026-08-06T11:51:28.873Z","2026-08-06T11:52:40.982Z","","","","",""
"sx","6iJVarrAfwQWSJWVss5ZyapaDbLvr2Uz39QRjGpdpump","","","","","","","","","","","","","","","","","","","","","","","","","","","","","","","","","","","","","","","","","","","","","","","","","","","","","4.963e-7","","","","","","2026-08-06T11:51:29.191Z",""
"BETTY","qez1sH1UEB7JAc7peEKoyqJQtDYjVZ32JYJKHKUpump","57","5","","","","","","","","","","","","","","","","","","","","","","","","","","","","","","","","","","","","","","","","","","","","","0.000002163","","","","","","","2026-08-06T11:51:52.830Z","","","","","",""
"CATE","E4n7icXDK1xf7oGbnaVUBTnaLLzg1ACEiaKEuxchpump","57","1.980198018","","","","","","","","","","","","","","","","","","","","","","","","","","","","","","","","","","","","","","","","","","","","","0.000003546","","","","","","","2026-08-06T11:52:16.882Z","","","","","",""
"Salmonella ","C9w9U1cDb7XXpntVSGNqsnZZijRdTKZSnF7kbP3ipump","58","4.938271603","","","","","","","","","","","","","","","","","","","","","","","","","","","","","","","","","","","","","","","","","","","","","0.000002157","","","","","","","2026-08-06T11:52:28.824Z","","","","","",""
"Bump","DH3b4gjxx7rGunYKFttdaiTwCFF3EF9FgPNrFE3Upump","","","","","","","","","","","","","","","","","","","","","","","","","","","","","","","","","","","","","","","","","","","","","","","","","","","","","2.627e-9","","","","","","2026-08-06T11:52:28.870Z",""
"CWAT","9GbxcbLqEiyk593w49bW95hJAg96UwKB7nV63mg9pump","57","2","","","","","","","","","","","","","","","","","","","","","","","","","","","","","","","","","","","","","","","","","","","","","0.000005368","","","","","","","2026-08-06T11:52:58.798Z","","","","","",""
"NORA","E1pKMjENmZcaYsKMPWp2jF7oSfpEtbWscwAEh9Gxpump","62","2.74","","","","","","","","","","","","","","","","","","","","","","","","","","","","","","","","","","","","","","","","","","","","","0.000002055","","","","","","","2026-08-06T11:53:16.926Z","","","","","",""
"MEOW","2qjmdkfHMJNRcUXg3dsF88EncEMCuJaZaG3yAPtBpump","100","14.814814813","","24.195","","","","","0","0","-55.7","","","-38.4","0","908","14.814814813","2","4","0","0","0","4669.59","3","1118.79","1118.79","1","1","1.81","","0","0","1","0","0","-38.44506318269437","","","","","","","","","","","0.000004669","0.000004669","","","0.000002874","","","2026-08-06T11:53:29.245Z","2026-08-06T11:54:28.634Z","","","2026-08-06T11:54:52.829Z","",""
"SALMONELLA","7jzwWLtAYTPDt6zQBCoMvuyFr7vhYaZ7YQqh5BmD4PdN","62","5.925925924","","","","","","","","","","","","","","","","","","","","","","","","","","","","","","","","","","","","","","","","","","","","","0.000005469","","","","","","","2026-08-06T11:53:34.898Z","","","","","",""
"JALAPOOÑOS","Apw5NjhYsinixcYr8TKfFRAQiuuJZ2RrzGzUgYe6pump","57","5","","","","","","","","","","","","","","","","","","","","","","","","","","","","","","","","","","","","","","","","","","","","","0.000002096","","","","","","","2026-08-06T11:53:46.803Z","","","","","",""
"GLIGOB","5GobPDFFjjtjE2NH6cb2eScSYnbYZ1AounDXVi5Vpump","","","","","","","","","","","","","","","","","","","","","","","","","","","","","","","","","","","","","","","","","","","","","","","","","","","","","5.349e-8","","","","","","2026-08-06T11:53:46.826Z",""
"Salmonella","EnVSbfATzvjyq68DzLQF2gbBhauZpuWknnd3uYkcpump","56","2.5","","","","","","","","","","","","","","","","","","","","","","","","","","","","","","","","","","","","","","","","","","","","","0.00000274","","","","","","","2026-08-06T11:53:46.870Z","","","","","",""
"クリ丸","fUFN2ixCFLZHzrZm8Bg44DfmAQCDyes4CSZwDctpump","65","5","","","","","","","","","","","","","","","","","","","","","","","","","","","","","","","","","","","","","","","","","","","","","0.000002053","","","","","","","2026-08-06T11:54:22.918Z","","","","","",""
"Murphy","29eX4NezAP2Qo1EEHf5LNRMfko5CWjFjrsLeT8NFpump","64","5","","","","","","","","","","","","","","","","","","","","","","","","","","","","","","","","","","","","","","","","","","","","","0.000003251","","","","","","","2026-08-06T11:54:46.823Z","","","","","",""
"Murphy","7nV1KQhYnY51iA9jFyj7rnb2VT87cvq1wR7jM2HXpump","56","5","","","","","","","","","","","","","","","","","","","","","","","","","","","","","","","","","","","","","","","","","","","","","0.000002139","","","","","","","2026-08-06T11:54:58.806Z","","","","","",""
"CRIWAR","J1jQ1Kv95j6j2fBfmzZBVr1kxLPKnA5d5bnei9ZMpump","","","","","","","","","","","","","","","","","","","","","","","","","","","","","","","","","","","","","","","","","","","","","","","","","","","","","1.304e-7","","","","","","2026-08-06T11:55:16.902Z",""
"Chamath","G6xfX5myyF46qboR9spESt1CsAWyixiQ7qtxNo8dpump","77","2.000312547","","","","","","","","","","","","","","","","","","","","","","","","","","","","","","","","","","","","","","","","","","","","","0.000002398","","","","","","","2026-08-06T11:55:28.828Z","","","","","",""
"Murphy","tDHY2GWvxrLNbLgnjM77fwXbkfWRtKZe9T5U2BVpump","56","5","","","","","","","","","","","","","","","","","","","","","","","","","","","","","","","","","","","","","","","","","","","","","0.000002054","","","","","","","2026-08-06T11:55:28.834Z","","","","","",""
"モミ","GAquDgARmLpfuqjm5ubvbRHqasJpDExr1Nrga4nSpump","67","4","","","","","","","","","","","","","","","","","","","","","","","","","","","","","","","","","","","","","","","","","","","","","0.000006605","","","","","","","2026-08-06T11:55:34.926Z","","","","","",""
"P","88eCBLh8T47zeKQQSUPW7SehLPbXhQFyehYpC2topump","","","","","","","","","","","","","","","","","","","","","","","","","","","","","","","","","","","","","","","","","","","","","","","","","","","","","1.211e-7","","","","","","2026-08-06T11:55:40.883Z",""
"Murphy","DxhhM49PS8AnZbreqfNTSJcLobmkXWHGTtsEXhnDpump","55","5","","","","","","","","","","","","","","","","","","","","","","","","","","","","","","","","","","","","","","","","","","","","","0.000002094","","","","","","","2026-08-06T11:55:40.903Z","","","","","",""
"Ligma","Dzvvznvx6hoQG9ZFp9exBuT7gsvAZvYztV5gtGCupump","","","","","","","","","","","","","","","","","","","","","","","","","","","","","","","","","","","","","","","","","","","","","","","","","","","","","9.195e-7","","","","","","2026-08-06T11:55:47.625Z",""
"Murphy","ATPSj8taveZ24Mgs3E2cxpubebdrw9mVmapBv64ipump","63","5","","","","","","","","","","","","","","","","","","","","","","","","","","","","","","","","","","","","","","","","","","","","","0.000002156","","","","","","","2026-08-06T11:55:52.832Z","","","","","",""
"Murphy","BepguRfQDAHShyA57xYVcZudN4qRJ5uwBVFqhyomC9pi","81","15","","","","","","","","","","","","","","","","","","","","","","","","","","","","","","","","","","","","","","","","","","","","","0.000006927","","","","","","0.000002214","2026-08-06T11:55:58.866Z","","","","","2026-08-06T11:56:46.821Z",""
"DBLUPKT96","6ToZjCAYAunirE5T13huwLAko4Tve1u2Yq5sYbN9pump","88","4.000625096","","41.837","","","","","0","0","-0.1","","","0","0","902","4.000625096","0","0","1","0","0","4048.84","4","2849.16","2849.16","0.565","0.565","53.45","","0","0","1","0","0","0","","","","","","","","","","","0.000004901","0.000004048","","","0.000004048","","","2026-08-06T11:56:05.062Z","2026-08-06T11:58:04.838Z","","","2026-08-06T11:58:46.675Z","",""
"Ligma Coin","6asvW2dv4sCWSKTiP5j42NFBxDErdXhMEFpw1xAzpump","","","","","","","","","","","","","","","","","","","","","","","","","","","","","","","","","","","","","","","","","","","","","","","","","","","","","3.167e-7","","","","","","2026-08-06T11:56:40.850Z",""
"Bump","D8A2UjSby1HmDZA67fyDMWE1X1r18SmRGxbm6Vm2pump","","","","","","","","","","","","","","","","","","","","","","","","","","","","","","","","","","","","","","","","","","","","","","","","","","","","","3.888e-9","","","","","","2026-08-06T11:56:52.799Z",""
"LARP","96oJ6UiSFtngQK9rjNhv4LYNGwvC8CPumXw6gUZqpump","60","2.469135801","","","","","","","","","","","","","","","","","","","","","","","","","","","","","","","","","","","","","","","","","","","","","0.000002054","","","","","","","2026-08-06T11:57:04.823Z","","","","","",""
".","A1kccJMQMeF7AyEinU6G4iYe1SVuiFFkKDQSWHh6pump","56","0.098765431","","","","","","","","","","","","","","","0.098765431","0","4","1","0","0","3669.98","3","57.68","57.68","0.604","0.604","77.47","","0","0","1","0","0","","","","","","","","","","","","0.000001426","0.000003669","","","","","","2026-08-06T11:57:46.800Z","2026-08-06T11:58:46.628Z","","","","",""
"Murphy","8LeAf7dXWUJ5bYvGhgoG1do8tNQL7TurJkNCofsSpump","62","5","","","","","","","","","","","","","","","","","","","","","","","","","","","","","","","","","","","","","","","","","","","","","0.000006017","","","","","","","2026-08-06T11:57:52.791Z","","","","","",""
"$BBJ","8wTqueesCtpbDzqxcDSvRcPPdNqVuKxobU1TNmZTpump","55","0.060009374","","","","","","","","","","","","","","","0.060009374","0","4","1","0","0","4294.31","3","18.43","18.43","0.857","0.857","108","","0","0","1","0","0","","","","","","","","","","","","0.000004294","0.000004294","","","","","","2026-08-06T11:58:05.286Z","2026-08-06T11:59:04.619Z","","","","",""
"MEOW","8W2ABCMebUJaBiZiYbqwo1rBwRKR1YqV1bv83KQZpump","99","14.814814813","","42.201","","","","","0","0","-71.1","","","-71.1","0","48","14.814814813","2","5","0","0","0","7111.62","2","2123.8","2123.8","0.938","0.938","55.14","","0","0","1","0","1","-71.08704823512866","","","","","","","","","","","0.000007111","0.000007111","","","0.000002056","","0.000002056","2026-08-06T11:58:34.811Z","2026-08-06T11:58:58.607Z","","","2026-08-06T11:59:40.808Z","2026-08-06T11:59:40.788Z",""
"Bump","Ad21sgwKX7N8kQUnHdQbDrNNJhqw2JtjpF2ZBfbopump","56","0.246913578","","","","","","","","","","","","","","","0.246913578","3","50","1","0","0","2558.97","4","267.52","267.52","0.632","0.632","22.55","","0","0","1","0","0","","","","","","","","","","","","0.000002559","0.000002558","","","","","","2026-08-06T11:59:22.850Z","2026-08-06T12:01:28.861Z","","","","",""
"Juice ","GtY9B5p5QqgtdSacLYnmaiyxiivUduqaDfwUgx3Mpump","73","1.000156273","","24.041","","","","","0","0","-72.4","","","-46.3","0","62","1.000156273","0","1","1","0","0","13657.04","3","1610.83","1610.83","0.622","0.622","523","","0","0","1","0","0","-46.32967032967033","","","","","","","","","","","0.00001083","0.00001365","","","0.000007326","","","2026-08-06T11:59:34.870Z","2026-08-06T12:00:34.628Z","","","2026-08-06T12:00:58.669Z","",""
"xD","5WNCuSKZetpBUShLDFUJNiqHE8K9YiAcaLRPRMkvpump","67","5","","","","","","","","","","","","","","","","","","","","","","","","","","","","","","","","","","","","","","","","","","","","","0.000002095","","","","","","","2026-08-06T11:59:46.790Z","","","","","",""
"Ernie","7LoLTUJAstHuUgA5DCKnbQtzzubPngLcm8yWYeaopump","57","2","","","","","","","","","","","","","","","","","","","","","","","","","","","","","","","","","","","","","","","","","","","","","0.000002156","","","","","","","2026-08-06T11:59:58.773Z","","","","","",""
"RISE","CezGLuuxVFyuo9a7qtiXyjxnyGZJviyZn2dPqfGzpump","92","35.140740739","","","","","","","30","532","-85.7","","","0.3","29.7","632","35.140740739","0","0","0","0","0","11239.04","3","2953.61","2953.61","0.833","0.833","16.03","","0","0","1","0","0","","","","","","","","","","","","0.00001123","0.00001123","","","","","","2026-08-06T11:59:58.798Z","2026-08-06T12:01:04.649Z","","","","",""
"FADHEM","CfWbeUuzqTGYheGHdiAdf1k91htNgKthDAUmsDESpump","","","","","","","","","","","","","","","","","","","","","","","","","","","","","","","","","","","","","","","","","","","","","","","","","","","","","5.084e-7","","","","","","2026-08-06T12:00:05.004Z",""
".","BqRSM9EJYL8hmctQSvLVFNaZ1vq4Bf9Qfof6j6mVpump","","","","","","","","","","","","","","","","","","","","","","","","","","","","","","","","","","","","","","","","","","","","","","","","","","","","","3.989e-7","","","","","","2026-08-06T12:00:28.927Z",""
"JNC","G1w2JA9XLkYkKxe8iHET2s9moT2Bnt8DWjokT7WNxTcq","61","5.925925924","","","","","","","","","","","","","","","","","","","","","","","","","","","","","","","","","","","","","","","","","","","","","0.000002156","","","","","","","2026-08-06T12:00:34.865Z","","","","","",""
"FADHEM","AqgBmQjWeZAKypy1jDeF48qWN4pWRR3sAn9ceoa1pump","","","","","","","","","","","","","","","","","","","","","","","","","","","","","","","","","","","","","","","","","","","","","","","","","","","","","0.000001335","","","","","","2026-08-06T12:00:40.965Z",""
"JNC","sVYVi7J4PUdwsnnj7Kygxv9KmyRyjBgqW1umPBWpump","66","5","","","","","","","","","","","","","","","","","","","","","","","","","","","","","","","","","","","","","","","","","","","","","0.000002129","","","","","","","2026-08-06T12:00:47.387Z","","","","","",""
"?","GSktgfBuFKyLR5XAVncpx1oWy64HgnKXqL848usTpump","","","","","","","","","","","","","","","","","","","","","","","","","","","","","","","","","","","","","","","","","","","","","","","","","","","","","4.645e-7","","","","","","2026-08-06T12:01:16.980Z",""
"FADHEM","6BSmNh2PWGjKj2BSRgudcuJqThp4CGMXBaRvoTkpump","69","0.98765432","","","","","","","","","","","","","","","","","","","","","","","","","","","","","","","","","","","","","","","","","","","","","0.000004693","","","","","","","2026-08-06T12:01:22.805Z","","","","","",""
"JNCFUND","2QVshtv5m1kME1TNBQLZb8agQFRmHhhK7uEQYfrU8MG5","60","5.925925924","","","","","","","","","","","","","","","","","","","","","","","","","","","","","","","","","","","","","","","","","","","","","0.000002094","","","","","","","2026-08-06T12:01:22.870Z","","","","","",""
"?","FFFmC7gL5zYXd54b5PBkqG1K7Mfcruiqy9uN3Vjwpump","57","0.711111109","","","","","","","","","","","","","","","","","","","","","","","","","","","","","","","","","","","","","","","","","","","","","0.00000233","","","","","","","2026-08-06T12:01:28.800Z","","","","","",""
"RAYBOLT","EbffzahGxg8oASd29yuhRHd7VKhAn1yzbEH4XK898qC6","","","","","","","","","0","0","-0.5","","","0","0","918","4","0","1","0","0","0","2062.07","3","592","592","0.667","0.667","-21.85","","0","0","1","0","0","","","","","","","","","","","","","0.000002062","","","","","","","2026-08-06T12:01:58.773Z","","","","",""
"GTAVI","9sRvny7RBvwAMixN2YbwQuEg6kcN4WhBXqBMvNrDNYVu","","","","","","","","","","","","","","","","","","","","","","","","","","","","","","","","","","","","","","","","","","","","","","","","","","","","","0.000002333","","","","","","2026-08-06T12:02:04.788Z",""
"MCGN","F6XhFZLJHMrzM8EXAaUibpu6dvH2KNZhvTwVwvLGpump","","","","","","","","","","","","","","","","","","","","","","","","","","","","","","","","","","","","","","","","","","","","","","","","","","","","","7.495e-7","","","","","","2026-08-06T12:02:23.305Z",""
"EgbertoWil","BizqzRrdF2nDcFtmZuYhd9BDNnnUDjYj8NPaPm8tpump","59","2.370370369","","","","","","","","","","","","","","","","","","","","","","","","","","","","","","","","","","","","","","","","","","","","","0.000002094","","","","","","","2026-08-06T12:02:28.795Z","","","","","",""
"GROON","EdN9XzNpjhXJ4mFowdy3rEWGhwyoRWYNLXPe8xSPpump","64","5","","","","","","","","","","","","","","","","","","","","","","","","","","","","","","","","","","","","","","","","","","","","","0.000002155","","","","","","","2026-08-06T12:02:46.797Z","","","","","",""
"NUCREA","Pi62zgc1bFqeKM9n3Ez7Vbr5BARmLE7uyngfgoKpump","","","","","","","","","","","","","","","","","","","","","","","","","","","","","","","","","","","","","","","","","","","","","","","","","","","","","0.000001005","","","","","","2026-08-06T12:02:46.847Z",""
"TINFOIL","FRRx9ta2K2zZLy9yQZDPXmvbvKvwNcfuPNJoRdJXpump","72","7.140740739","","","","","","","","","","","","","","","","","","","","","","","","","","","","","","","","","","","","","","","","","","","","","0.000002063","","","","","","","2026-08-06T12:03:04.843Z","","","","","",""
"Kittens","6jrNoJKY9EdC3U2Qk1r4Fgdn4nbuy9Dge38Li1zxpump","62","2.864197529","","","","","","","19","22","-34.6","","","19","0","912","2.864197529","0","0","0","0","0","2683.64","3","326.05","326.05","0.917","0.917","8.89","","0","0","1","0","0","","","","","","","","","","","","0.000002683","0.000002683","","","","","","2026-08-06T12:03:16.858Z","2026-08-06T12:03:34.638Z","","","","",""
"GTA VI","A3QEwNgEhJm8CQ4x4tET5D7mUJmkUZkgXqifWN9jpump","55","5","","","","","","","","","","","","","","","","","","","","","","","","","","","","","","","","","","","","","","","","","","","","","0.000009767","","","","","","","2026-08-06T12:03:22.862Z","","","","","",""
"RBC","BwrD7EgQajMgTerUwFUbgrgnsxmK1Gg7nbbW1cx5pump","59","0.069010781","","","","","","","","","","","","","","","0.069010781","0","2","1","0","0","4085.44","3","216.27","216.27","0.714","0.714","98.14","","0","0","1","0","0","","","","","","","","","","","","0.000004084","0.000004085","","","","","","2026-08-06T12:03:34.828Z","2026-08-06T12:04:34.608Z","","","","",""
"Leonida","CnbkhSP1Ake797VP7EkmwCJSmC6yNbsWvShQER3tpump","71","5","","","","","","","0","0","-2","","","-2","0","914","5","0","0","0","0","0","2093.46","3","767.97","767.97","0.556","0.556","-25.06","","0","0","1","0","0","","","","","","","","","","","","0.000002093","0.000002093","","","","","","2026-08-06T12:03:40.859Z","2026-08-06T12:04:52.823Z","","","","",""
"GTAVI","ndASPJxyUjVcZGVnEUL4XgnefAUABeBDuf3pKsYpump","58","3.950617282","","","","","","","","","","","","","","","","","","","","","","","","","","","","","","","","","","","","","","","","","","","","","0.000002155","","","","","","","2026-08-06T12:03:46.838Z","","","","","",""
"GALACTIC","HfTkFHBV75RdP5zgMer3RJaLcFjmXXaWbjwZVjStpump","","","","","","","","","","","","","","","","","","","","","","","","","","","","","","","","","","","","","","","","","","","","","","","","","","","","","8.381e-8","","","","","","2026-08-06T12:03:46.900Z",""
"Gatitos","EsWiJCHB5KQ9oYnoywQkLPQfREvHxvZQFGU2SzDbpump","63","3","","","","","","","","","","","","","","","","","","","","","","","","","","","","","","","","","","","","","","","","","","","","","0.00000207","","","","","","","2026-08-06T12:03:46.914Z","","","","","",""
"EXTENDED","A3gkwpguN1QNqRyNfGM7Zz7c9RuuZgmvuzQRpmCSpump","71","5","","","","","","","0","0","-15.3","","","0","0","920","5","1","12","0","0","0","2418.5","4","11356.08","11356.08","0.559","0.559","-13.44","","0","0","1","0","0","","","","","","","","","","","","0.000002387","0.000002418","","","","","","2026-08-06T12:03:46.927Z","2026-08-06T12:06:16.936Z","","","","",""
"TOTH","2478iLyqx6EDTHWXbJs4gsPbp4j47GfF6ks9umYQpump","","","","","","","","","","","","","","","","","","","","","","","","","","","","","","","","","","","","","","","","","","","","","","","","","","","","","2.968e-8","","","","","","2026-08-06T12:03:58.989Z",""
"GTA","8Y59PivKw6L9pVCat6nFG3L7Pc37m4UuptkMH4ofpump","67","5","","","","","","","","","","","","","","","","","","","","","","","","","","","","","","","","","","","","","","","","","","","","","0.000002093","","","","","","","2026-08-06T12:04:10.974Z","","","","","",""
"BRENDAN","GR6bm35eQE1TMHFjTQkyzkvBNYuZcMtBABxfKFG8Xqr9","60","5.925925924","","","","","","","","","","","","","","","","","","","","","","","","","","","","","","","","","","","","","","","","","","","","","0.000002689","","","","","","","2026-08-06T12:04:16.931Z","","","","","",""
"GTAVI","F7VuPbLTghH9EYCeurK5YWQZtPRMxfSV7pVAQ7zVpump","58","3","","","","","","","","","","","","","","","","","","","","","","","","","","","","","","","","","","","","","","","","","","","","","0.000002052","","","","","","","2026-08-06T12:04:28.808Z","","","","","",""
"TRUMPAIKA","9U5e3tgg6A7qHSh7cvAfqPfGuV6trzpu2x8nKKnPpump","","","","","","","","","","","","","","","","","2.000312547","0","0","0","0","0","2335.62","3","146.86","146.86","1","1","0","","0","0","1","0","0","","","","","","","","","","","","","0.000002335","","","","","","","2026-08-06T12:04:52.581Z","","","","",""
"FADHEM","4QdSGnu3RhBXuAfYx1MPkqD81j5mwxXHGQGEJXEGpump","96","1.97530864","","","","","","","0","0","0","","","0","0","908","1.97530864","1","4","1","0","0","1674.1","4","4135.13","4135.13","0.646","0.646","-28.22","","0","0","1","0","0","","","","","","","","","","","","0.000001682","0.000001674","","","","","","2026-08-06T12:04:58.883Z","2026-08-06T12:06:58.793Z","","","","",""
"BF","HHGoYUnobTQb6mdS3i2fXbjUovbNqsrvmVX4Rsespump","","","","","","","","","","","","","","","","","","","","","","","","","","","","","","","","","","","","","","","","","","","","","","","","","","","","","0.000001051","","","","","","2026-08-06T12:04:58.915Z",""
"DIESEL","EEazc9CqD6x7N1HKfSUqZHfQ3nQFmzNJFB9xYLsopump","65","5","","","","","","","","","","","","","","","","","","","","","","","","","","","","","","","","","","","","","","","","","","","","","0.000002188","","","","","","","2026-08-06T12:05:28.839Z","","","","","",""
"GTAVI","9cH6hPvv2Gbm3wpamDz59kemPUfXjpEiRTQo6gS2pump","65","3.34","","","","","","","","","","","","","","","","","","","","","","","","","","","","","","","","","","","","","","","","","","","","","0.000002178","","","","","","","2026-08-06T12:05:35.073Z","","","","","",""
"Larp","6iQaLJHJqtQ4TcEZXnaoWEBzasYMXMYvfkzvcbokpump","","","","","","","","","","","","","","","","","","","","","","","","","","","","","","","","","","","","","","","","","","","","","","","","","","","","","1.447e-7","","","","","","2026-08-06T12:06:05.073Z",""
"cryingcat","Hdu1k4azD6aSfcWA52JLUnSqJfWqsiBySRwjst1wpump","58","3.5","","","","","","","","","","","","","","","","","","","","","","","","","","","","","","","","","","","","","","","","","","","","","0.000002151","","","","","","","2026-08-06T12:06:10.854Z","","","","","",""
"Bartłomiej","GkmcJwTKnJqMw2AngHfod8dui4u2kXhpjj4TTHdHpump","61","5","","","","","","","","","","","","","","","","","","","","","","","","","","","","","","","","","","","","","","","","","","","","","0.000007921","","","","","","","2026-08-06T12:06:10.891Z","","","","","",""
"FADHEM","CzkYkzCSZLTn7HcoWbqadVBCXABC449W2VWL4U1wpump","92","0.98765432","","","","","","","","","","","","","","","","","","","","","","","","","","","","","","","","","","","","","","","","","","","","","0.0001476","","","","","","","2026-08-06T12:06:16.892Z","","","","","",""
"翠花","9rEU9QNAVZnS5cRyCjEDxrnmTc8tUiaEetvj1CfQpump","62","2.8","","","","","","","","","","","","","","","","","","","","","","","","","","","","","","","","","","","","","","","","","","","","","0.000002134","","","","","","","2026-08-06T12:06:16.995Z","","","","","",""
"CRR","E6WGd4mSkptxFYoGR24pjiPc4xqDnijrp8hLqH5Jpump","62","0.098765431","","24.348","","","","","0","0","-74","","","","","26","0.098765431","0","1","1","0","0","1997.77","3","559.5","559.5","0.581","0.581","-3.33","","0","0","1","0","0","-73.98097145718577","","","","","","","","","","","0.000001451","0.000001997","","","5.196e-7","","5.196e-7","2026-08-06T12:06:34.806Z","2026-08-06T12:07:40.611Z","","","2026-08-06T12:08:04.959Z","2026-08-06T12:08:04.934Z",""
"Bartłomiej","6BrPfioiCFFMYY7mdVYVLns3NhDmSgLxTgKLXW1tpump","64","5","","","","","","","","","","","","","","","","","","","","","","","","","","","","","","","","","","","","","","","","","","","","","0.000002051","","","","","","","2026-08-06T12:06:34.819Z","","","","","",""
"Bartłomiej","7nRETzstrg3nJyP5kFsR7K2Dqxi9B2wg5qPkEm4s5bJr","59","5.925925924","","","","","","","","","","","","","","","","","","","","","","","","","","","","","","","","","","","","","","","","","","","","","0.000002051","","","","","","","2026-08-06T12:06:53.142Z","","","","","",""
"HAMSTER","BG5ZeJ5WG12gcCZwyX37ZUkZQSDRhupJR3eX8iTPpump","55","2.4691358","","","","","","","","","","","","","","","","","","","","","","","","","","","","","","","","","","","","","","","","","","","","","0.000002154","","","","","","","2026-08-06T12:07:22.865Z","","","","","",""
"RedBull ","46g3pMbbGnsCmXjABunskNxcfXxLuCKmV6pJMjTLpump","57","0.060009374","","","","","","","","","","","","","","","0.060009374","0","3","1","0","0","2534.65","3","463.54","463.54","0.583","0.583","23.08","","0","0","1","0","0","","","","","","","","","","","","0.000002534","0.000002534","","","","","","2026-08-06T12:07:34.876Z","2026-08-06T12:08:40.638Z","","","","",""
"Leonida","7RgvpRwvD7yZQY6SPe45EdYc7N16NKecv3J81B96pump","58","2.962962961","","24.205","","","","","","","","","","","","","2.962962961","0","1","0","0","0","14889.76","3","36359.04","36359.04","0.59","0.59","501","","0","0","1","0","1","-30.712365591397848","","","","","","","","","","","0.0000117","0.00001488","","","0.00001031","","","2026-08-06T12:07:52.865Z","2026-08-06T12:09:10.654Z","","","2026-08-06T12:09:34.859Z","",""
"SAH","3tsrgA4xyFdxF53PbiByzk5U7bQugi8Jn3MmnVxbEyqk","61","5","","","","","","","","","","","","","","","","","","","","","","","","","","","","","","","","","","","","","","","","","","","","","0.00000233","","","","","","","2026-08-06T12:07:58.838Z","","","","","",""
"KURT","DxtNh9q13LD5c4jxQyeir6kFjE5BA2mMwzcfy1RCVMSX","60","4.938271603","","","","","","","","","","","","","","","","","","","","","","","","","","","","","","","","","","","","","","","","","","","","","0.000002154","","","","","","","2026-08-06T12:08:10.793Z","","","","","",""
"FLOWERS","FNPkC9fjH3qGnURGc6uZVDUomSYPYoyYtXsMCwm4pump","","","","","","","","","","","","","","","","","","","","","","","","","","","","","","","","","","","","","","","","","","","","","","","","","","","","","0.000001167","","","","","","2026-08-06T12:08:10.826Z",""
"Bartłomiej","7kmPUnfK85ARdEDKHbvHgib2aJ68ZpcgtwMvcVvbpump","57","2","","","","","","","","","","","","","","","","","","","","","","","","","","","","","","","","","","","","","","","","","","","","","0.000002154","","","","","","","2026-08-06T12:08:16.903Z","","","","","",""
"FADHEM","6pPDAhSisY1NHGo4CBSZUjQLZLkC9xHeqiceYUi7pump","","","","","","","","","","","","","","","","","","","","","","","","","","","","","","","","","","","","","","","","","","","","","","","","","","","","","2.162e-7","","","","","","2026-08-06T12:08:16.928Z",""
"Something","8m4CnCoN6821ig9Gp4pBSRMJjFN2MYdMgcCakTx4pump","62","5","","","","","","","","","","","","","","","","","","","","","","","","","","","","","","","","","","","","","","","","","","","","","0.000002092","","","","","","","2026-08-06T12:08:16.940Z","","","","","",""
"FADHEM","HCBenVJKEyTtN113C4KCvKfuTYoJMmQBxrGATgkcpump","86","0.98765432","","","","","","","","","","","","","","","","","","","","","","","","","","","","","","","","","","","","","","","","","","","","","0.000002387","","","","","","0.000001054","2026-08-06T12:08:52.843Z","","","","","2026-08-06T12:09:28.894Z",""
"SAH","5AuanuVb1BCUj6FviB9gmzu8uMkchXBGriyhPhuuCxms","58","5.925925924","","","","","","","","","","","","","","","","","","","","","","","","","","","","","","","","","","","","","","","","","","","","","0.000002051","","","","","","","2026-08-06T12:08:52.859Z","","","","","",""
"KURT","EHWNVD1DBvEA7VygyqffXC6hKVLPrnyuqBLayGkUSUyZ","59","4.938271603","","","","","","","","","","","","","","","","","","","","","","","","","","","","","","","","","","","","","","","","","","","","","0.000002161","","","","","","","2026-08-06T12:08:52.889Z","","","","","",""
"Leonida","5ca16zzo7gGXSWXiDkmpEmbPSL9cG2UT6i453KtRpump","65","4.938271603","","","","","","","","","","","","","","","","","","","","","","","","","","","","","","","","","","","","","","","","","","","","","0.000002154","","","","","","","2026-08-06T12:08:59.109Z","","","","","",""
"TungNeegy","H16xwpqZNfNRXTsB4DNB19LgNcQRZbE7pT46M6ZBpump","69","4.594838443","auto","194.771","30.278","17.604","148.416","yes","38.7","430","-78.1","yes","234","6.9","29.8","910","4.594838443","0","0","0","0","0","6746.86","3","2135.64","2135.64","0.842","0.842","147","","0","0","1","0","1","14.630892380670026","20.064843293174665","-4.525846836976251","-14.7","8.86","BREAK_EVEN_SL","","","","","0.038311","0.000005963","0.000006746","0.000007059","0.000008099574328557563","0.000007733","0.000007733","","2026-08-06T12:09:04.802Z","2026-08-06T12:10:16.626Z","2026-08-06T12:10:46.904Z","2026-08-06T12:11:04.508Z","2026-08-06T12:13:31.397Z","","2026-08-06T12:13:32.924Z"
"Orangie","3TL1FWbXTF69QExmePQByqKNjo8iLDgz58hgwyFVpump","71","1.000156273","","71.985","","","","","903.2","800","-57.6","","","0","903.2","920","1.000156273","0","2","1","0","0","2191.01","3","73.4","73.4","1","1","0","","0","0","1","0","0","-6.481058877224996","","","","","","","","","","","0.000002049","0.000002191","","","0.000002049","","","2026-08-06T12:10:28.593Z","2026-08-06T12:09:16.628Z","","","2026-08-06T12:10:28.613Z","",""
"Bartłomiej","FTJ7S3vee9nLRbCE7jYt6A74nPUdUbtpULcqnHpopump","64","5","","","","","","","","","","","","","","","","","","","","","","","","","","","","","","","","","","","","","","","","","","","","","0.000003112","","","","","","","2026-08-06T12:09:28.859Z","","","","","",""
"MMGA","E8QpVZAp2qZ1mvDo1RauwsHnq1K3R2UsNouNxd83pump","100","0.049375009","","","","","","","","","","","","","","","","","","","","","","","","","","","","","","","","","","","","","","","","","","","","","0.000004817","","","","","","","2026-08-06T12:09:34.806Z","","","","","",""
"helenshulk","AX7e4jungq19g224vqfUAMJu6ieA9DHfKxVxzTkQpump","60","2.469135801","","","","","","","0","0","-0.5","","","0","0","904","2.469135801","0","0","0","0","0","2059.54","3","572.58","572.58","0.556","0.556","-14.3","","0","0","1","0","0","","","","","","","","","","","","0.000002059","0.000002059","","","","","","2026-08-06T12:09:35.116Z","2026-08-06T12:10:52.617Z","","","","",""
"Diglet","F1oPcBRF8qf2ZBSV25jiL1ibwxyT7UBR5Y4KsXUZpump","","","","","","","","","","","","","","","","","","","","","","","","","","","","","","","","","","","","","","","","","","","","","","","","","","","","","1.42e-7","","","","","","2026-08-06T12:09:40.792Z",""
"SOL","7SwMrsnhNCufLcpsB9G4CTcTbWEZ9Bt1zRroT4s9G1Ue","60","5","","","","","","","","","","","","","","","","","","","","","","","","","","","","","","","","","","","","","","","","","","","","","0.000005751","","","","","","","2026-08-06T12:09:46.985Z","","","","","",""
"Locked","9JG4YK2VygQxLcS5ku5VnJWL3goZ7K5FSwY3HUSwpump","","","","","","","","","","","","","","","","","","","","","","","","","","","","","","","","","","","","","","","","","","","","","","","","","","","","","3.244e-7","","","","","","2026-08-06T12:09:47.005Z",""
"RR","AFqL4h7FdSdGRvodp9ZbqFZBfGdqP7b8D39A3Tgdpump","","","","","","","","","","","","","","","","","","","","","","","","","","","","","","","","","","","","","","","","","","","","","","","","","","","","","5.02e-7","","","","","","2026-08-06T12:09:58.870Z",""
"belon","4bK1nnypfHbaDr43woyXBLz4hU4zsMaFWYLdCdempump","65","0.059259258","","","","","","","0","0","0","","","0","0","920","0.059259258","0","0","1","0","0","5103.41","3","251.51","251.51","0.63","0.63","148","","0","0","1","0","0","","","","","","","","","","","","0.000005103","0.000005103","","","","","","2026-08-06T12:10:05.076Z","2026-08-06T12:11:16.601Z","","","","",""
"SOL","CtF27eGRdbbgLt1TccMwSw1aKduaQYoAkCU3daXEpump","64","5","","","","","","","","","","","","","","","","","","","","","","","","","","","","","","","","","","","","","","","","","","","","","0.000002141","","","","","","","2026-08-06T12:10:16.792Z","","","","","",""
"FADHEM","7XnLoxRzPsL8K7hER1NTRq6m5BD5N2qRy43NENLupump","84","0.98765432","","","","","","","","","","","","","","","","","","","","","","","","","","","","","","","","","","","","","","","","","","","","","0.000001323","","","","","","0.000001117","2026-08-06T12:10:28.879Z","","","","","2026-08-06T12:11:11.045Z",""
"JAX","DsMT6GARrLbCbJDqHAtaidmaaJzErrhAuLuZuEppump","63","2.962962961","","","","","","","","","","","","","","","","","","","","","","","","","","","","","","","","","","","","","","","","","","","","","0.000002076","","","","","","","2026-08-06T12:10:34.990Z","","","","","",""
"JJ","65LnHcHcve74GEmXod5HvmMWs7ZjDJDhAaWoJXG7pump","57","2","","","","","","","","","","","","","","","","","","","","","","","","","","","","","","","","","","","","","","","","","","","","","0.000004334","","","","","","","2026-08-06T12:10:46.883Z","","","","","",""
"Diglet","47wP1jeez21VpkLmRPfXgb2uf3ykFX297hPkaYKVpump","","","","","","","","","","","","","","","","","","","","","","","","","","","","","","","","","","","","","","","","","","","","","","","","","","","","","1.961e-7","","","","","","2026-08-06T12:11:04.871Z",""
"POOPTECH","FwQ9pRM2tJkF4UMcBmAm1rVyiYyHiuPZmcFaw3EiXwYd","59","4","","","","","","","","","","","","","","","4","0","3","0","0","0","2079.89","3","3193.01","3193.01","0.622","0.622","-21.02","","0","0","1","0","0","","","","","","","","","","","","0.000002062","0.000002079","","","","","","2026-08-06T12:11:11.057Z","2026-08-06T12:12:16.615Z","","","","",""
"DOOYET","CWXn9wvDctJ7eF4wzvEHjfJKw72xjHAx6na6NB1ppump","60","0.246913578","","","","","","","85.7","820","0","","","38","34.5","920","0.246913578","0","3","1","0","0","2022.71","3","102.81","102.81","0.556","0.556","-2.92","","0","0","1","0","0","","","","","","","","","","","","0.000002022","0.000002022","","","","","","2026-08-06T12:11:29.042Z","2026-08-06T12:12:46.891Z","","","","",""
"BLOB","36LRLu4Wb9gnFWVL4gT9FHgiNo6M4EJKcGRu45dqpump","","","","","","","","","","","","","","","","","","","","","","","","","","","","","","","","","","","","","","","","","","","","","","","","","","","","","3.538e-8","","","","","","2026-08-06T12:11:29.062Z",""
"JJ","Erj4SWmPwT5mcSUwDjc1yQ1ixsxwByPUCeHGY19ypump","64","4.938271603","","","","","","","0","0","-2","","","0","0","912","4.938271603","1","18","0","0","0","2090.93","3","828.43","828.43","0.6","0.6","-24.79","","0","0","1","0","0","","","","","","","","","","","","0.00000209","0.00000209","","","","","","2026-08-06T12:11:29.077Z","2026-08-06T12:12:34.583Z","","","","",""
"GPP","FYmHYU8rYpTmeXfGBCbyPUM8ZWRoRSRaCiFxQXXRpump","55","0.060009374","","","","","","","","","","","","","","","0.060009374","0","4","1","0","0","2383.36","3","19.81","19.81","0.636","0.636","15.78","","0","0","1","0","0","","","","","","","","","","","","0.000002383","0.000002383","","","","","","2026-08-06T12:11:34.950Z","2026-08-06T12:12:40.637Z","","","","",""
"KIO","CgbbNLokKjcpf2Q8fvNWHrQZJNgr5ychJjoSYtDopump","56","3","","","","","","","","","","","","","","","","","","","","","","","","","","","","","","","","","","","","","","","","","","","","","0.00000209","","","","","","","2026-08-06T12:11:40.947Z","","","","","",""
"FLOWERS","CMc2Tw6GqYTNFweUEkKc3gRktfvQ2vgzWn13Sf5ypump","75","0.987654319","","","","","","","","","","","","","","","","","","","","","","","","","","","","","","","","","","","","","","","","","","","","","0.000006085","","","","","","3.901e-7","2026-08-06T12:11:46.967Z","","","","","2026-08-06T12:13:10.844Z",""
"ClubhouseB","FpJ9Y9L99txb3Y8H8w9ehipRk5WHn1en93qSRXU2pump","55","2.469135801","","","","","","","","","","","","","","","","","","","","","","","","","","","","","","","","","","","","","","","","","","","","","0.000002091","","","","","","","2026-08-06T12:12:11.273Z","","","","","",""
"FADHEM","B3sNpyGbqv6PcK1NqcPao2y7VCquGgCxfLm9VSSnpump","","","","","","","","","","","","","","","","","","","","","","","","","","","","","","","","","","","","","","","","","","","","","","","","","","","","","9.76e-7","","","","","","2026-08-06T12:12:28.827Z",""
"SAVCAN","7u6W6jLzirFb2T5XhQj6ztwzEwSFmUPYtzYeVSPpump","","","","","","","","","","","","","","","","","","","","","","","","","","","","","","","","","","","","","","","","","","","","","","","","","","","","","8.893e-7","","","","","","2026-08-06T12:12:34.802Z",""
"BUMPY","5oHKWhQRXfAML8SZeZPhhnfhFx8xiykjUzqgx6BKpump","61","5","","","","","","","","","","","","","","","","","","","","","","","","","","","","","","","","","","","","","","","","","","","","","0.000002091","","","","","","","2026-08-06T12:12:40.837Z","","","","","",""
"HOUR","CQkuYKRkqJSBBNasoKSR3VxY28ULxui99fDdghFUpump","63","3.083247688","","","","","","","","","","","","","","","","","","","","","","","","","","","","","","","","","","","","","","","","","","","","","0.000006073","","","","","","","2026-08-06T12:12:40.862Z","","","","","",""
"GUTCHU","DfHzJfWxP5iF7Cc4ffZwLdyrSF8i8k8w3oFto7LHpump","","","","","","","","","","","","","","","","","","","","","","","","","","","","","","","","","","","","","","","","","","","","","","","","","","","","","9.782e-7","","","","","","2026-08-06T12:12:46.956Z",""
"CHICHI","Awq8sFtjwhphU1v6Wbp8DJvYwSKzP93gbwfj8i2Vpump","67","4","","","","","","","","","","","","","","","","","","","","","","","","","","","","","","","","","","","","","","","","","","","","","0.00000584","","","","","","","2026-08-06T12:12:58.838Z","","","","","",""
"Kittens","DP5VLAYz42XXQPjDcUnRQczLdUQRv9uHGrTFKdoEpump","61","3.456790122","","","","","","","","","","","","","","","","","","","","","","","","","","","","","","","","","","","","","","","","","","","","","0.0000027","","","","","","","2026-08-06T12:13:10.794Z","","","","","",""
"FAKE","4qQ2WkdHub4Df7U7tMHfEHKawo2JYM8HenwHhHH4pump","58","2.962962961","","","","","","","","","","","","","","","2.962962961","0","1","0","0","0","6231.49","3","4946.09","4946.09","0.611","0.611","152","","0","0","1","0","1","","","","","","","","","","","","0.000004386","0.000006231","","","","","","2026-08-06T12:13:28.784Z","2026-08-06T12:14:40.844Z","","","","",""
"BOOBIE","3zAzqNgsPQQNmk9hTpGe7gY9n3dhHeL3MKxPqc2upump","63","4.938271603","","","","","","","","","","","","","","","","","","","","","","","","","","","","","","","","","","","","","","","","","","","","","0.000002155","","","","","","","2026-08-06T12:13:46.846Z","","","","","",""
"KIM","Bz6M8TMMKSKprQ3RjJBUFgEmq26qaZEaLc8S2ZXbpump","56","2.962962961","","","","","","","","","","","","","","","","","","","","","","","","","","","","","","","","","","","","","","","","","","","","","0.000002152","","","","","","","2026-08-06T12:13:52.859Z","","","","","",""
"kendo","61Zzw2dqhd8vn9oBa7xb6bYq159q6WbXJGDNwCTbpump","","","","","","","","","","","","","","","","","","","","","","","","","","","","","","","","","","","","","","","","","","","","","","","","","","","","","5.747e-7","","","","","","2026-08-06T12:13:58.832Z",""
"Gus","2tCcPBhokTsYaCNro2McqivKJuDt3TgboxTDJT7fpump","67","3.950617282","","","","","","","","","","","","","","","","","","","","","","","","","","","","","","","","","","","","","","","","","","","","","0.000002729","","","","","","","2026-08-06T12:14:05.104Z","","","","","",""
"ROBOT","9YahyPpjMUg7sqcZosYgCkq4nzemBGAjoB5ZQRmjpump","57","1.97530864","","","","","","","","","","","","","","","1.97530864","0","0","0","0","0","2328.16","3","192.73","192.73","0.571","0.571","-0.01","","0","0","1","0","0","","","","","","","","","","","","0.000002328","0.000002328","","","","","","2026-08-06T12:14:22.816Z","2026-08-06T12:15:46.650Z","","","","",""
"Gus","4VzxJsZrfGp2Zo2qBy5CczRskqk5LWep6oHGz77cpump","61","5","","","","","","","","","","","","","","","","","","","","","","","","","","","","","","","","","","","","","","","","","","","","","0.000002049","","","","","","","2026-08-06T12:14:22.850Z","","","","","",""
"Bump","Esja7KLH4oapU6rS5BNakyzYVBA3bQnqxR8uh3Pgpump","","","","","","","","","","","","","","","","","","","","","","","","","","","","","","","","","","","","","","","","","","","","","","","","","","","","","9.403e-7","","","","","","2026-08-06T12:14:22.874Z",""
"FADED","5XWUp26wsEZGRfdQQVdtroRBBCr48zjsPq8JDiUGpump","81","7.901234566","","","","","","","","","","","","","","","","","","","","","","","","","","","","","","","","","","","","","","","","","","","","","0.000004356","","","","","","","2026-08-06T12:14:28.843Z","","","","","",""
"genug","4QVogpLR7NDpTpsQRpmJvykKGJ4RdKLT7D3FHEePpump","","","","","","","","","","","","","","","","","","","","","","","","","","","","","","","","","","","","","","","","","","","","","","","","","","","","","7.102e-7","","","","","","2026-08-06T12:14:34.863Z",""
"ORBIT","HJ5g13qcWjUa4kkEnEiGt26GxBC12bqCjaRikKGtnFN9","58","5.925925924","","","","","","","","","","","","","","","","","","","","","","","","","","","","","","","","","","","","","","","","","","","","","0.000002049","","","","","","","2026-08-06T12:14:40.904Z","","","","","",""
"MineX","Bbdjr6NjMkWfhAAVVJg6tbTkZDytYJVnVMNuZbTupump","63","3.083247688","","","","","","","","","","","","","","","","","","","","","","","","","","","","","","","","","","","","","","","","","","","","","0.000002055","","","","","","","2026-08-06T12:14:52.931Z","","","","","",""
"Chicken","47nReV28UqWwmbYERdgjR6SB85BNUta3QewW2AtFpump","82","1.97530864","","","","","","","0","0","0","","","0","0","904","1.97530864","1","5","0","0","0","2070.47","3","2639.55","2639.55","0.571","0.571","-11.08","","0","0","1","0","0","","","","","","","","","","","","0.000002068","0.00000207","","","","","","2026-08-06T12:14:52.942Z","2026-08-06T12:16:22.653Z","","","","",""
"Chicken","D4T3NEDpChpy79FxPp5MYoaDsnp1aNQ8xuscEtVZpump","76","1.97530864","","","","","","","","","","","","","","","","","","","","","","","","","","","","","","","","","","","","","","","","","","","","","0.000002089","","","","","","","2026-08-06T12:14:58.811Z","","","","","",""
"Paul ","8K8c73CFtvFNvh86d58CRYwKWgzAAyDa6Ggzpecapump","57","3.950617282","","","","","","","","","","","","","","","","","","","","","","","","","","","","","","","","","","","","","","","","","","","","","0.000002152","","","","","","","2026-08-06T12:14:58.847Z","","","","","",""
"kendo","8t5a2nzpH9WUcUKeGcQxkkti4EzzV7hSd2w3aVXUpump","62","0.098765431","","","","","","","","","","","","","","","","","","","","","","","","","","","","","","","","","","","","","","","","","","","","","0.000001399","","","","","","1.866e-8","2026-08-06T12:15:05.050Z","","","","","2026-08-06T12:15:58.806Z",""
"Chicken","DVUzNXVc7R6NjPSwa9rF2PFFVWmkd6iMyvJDA9Dipump","72","1.97530864","","","","","","","0.1","6","-0.8","","","0.1","0","916","1.97530864","1","7","0","0","0","2095.88","3","3032.03","3032.03","0.571","0.571","-9.99","","0","0","1","0","0","","","","","","","","","","","","0.000002095","0.000002095","","","","","","2026-08-06T12:15:10.842Z","2026-08-06T12:16:40.706Z","","","","",""
"Simba","AWAdhfuJ3AzspD7EvkF7AAF2cStopMeCiFTEM1aypump","60","2.5","","","","","","","","","","","","","","","","","","","","","","","","","","","","","","","","","","","","","","","","","","","","","0.000003116","","","","","","","2026-08-06T12:15:10.880Z","","","","","",""
"Chicken","GX18kfx7xiGenaHp2gkDE33AXNZ65Wpkuo4tK6KUpump","68","1.97530864","","","","","","","","","","","","","","","","","","","","","","","","","","","","","","","","","","","","","","","","","","","","","0.000002057","","","","","","","2026-08-06T12:15:29.125Z","","","","","",""
"Chicken","Fia7DgfrUQNyFkujicgBfijnxDecxiMrcvb7fBxXpump","65","1.97530864","","","","","","","","","","","","","","","","","","","","","","","","","","","","","","","","","","","","","","","","","","","","","0.000002087","","","","","","","2026-08-06T12:15:40.832Z","","","","","",""
"FLOWERS","6TcaSJ2FBD5RvKuMrqTN8vS4mxfCrhQ4rtAH48nHpump","74","0.987654319","","","","","","","","","","","","","","","","","","","","","","","","","","","","","","","","","","","","","","","","","","","","","0.00000723","","","","","","","2026-08-06T12:16:04.837Z","","","","","",""
"Chicken","APrRAn41TtZRKweTWDEt8YB223Px1PSpZ3S4rdL3pump","62","1.97530864","","","","","","","","","","","","","","","","","","","","","","","","","","","","","","","","","","","","","","","","","","","","","0.000002075","","","","","","","2026-08-06T12:16:11.120Z","","","","","",""
"Chicken","DVNHpjzUyEzkqSDxXT13nBJ9BgRm6sy9HtasvbFdpump","59","1.97530864","","","","","","","","","","","","","","","","","","","","","","","","","","","","","","","","","","","","","","","","","","","","","0.0000021","","","","","","","2026-08-06T12:16:28.839Z","","","","","",""
"COCO","J4UR4eM7UGDxrTPhCs6QF9hXWyFyDcNemaxArNa7pump","58","3","","","","","","","","","","","","","","","","","","","","","","","","","","","","","","","","","","","","","","","","","","","","","0.000005325","","","","","","","2026-08-06T12:16:46.927Z","","","","","",""
"ワンサン","7SiUsuriKEaXxUm54KWHqeoNAyiDQihz1NR2Yqfgpump","57","1.964553085","","","","","","","","","","","","","","","","","","","","","","","","","","","","","","","","","","","","","","","","","","","","","0.000002059","","","","","","","2026-08-06T12:18:22.797Z","","","","","",""
"ワンサン","3bER9mmUG4ferZW7xpD8JYphFSVmBaG2eyJgtifbpump","60","10","","","","","","","","","","","","","","","","","","","","","","","","","","","","","","","","","","","","","","","","","","","","","0.000002338","","","","","","","2026-08-06T12:18:34.825Z","","","","","",""
"AURADOG","97gfxaCv82m5a9Evt78h8Ug3QoXD6HgHZcuVfMAMpump","63","3","","","","","","","0","0","-1.9","","","0","0","910","3","0","0","0","0","0","2091.01","3","972.27","972.27","0.615","0.615","-15.64","","0","0","1","0","0","","","","","","","","","","","","0.000002091","0.000002091","","","","","","2026-08-06T12:18:46.789Z","2026-08-06T12:19:46.741Z","","","","",""
"10","AYzFFa1Z3YWqMbEZgYgHxK1Phx9tT1q3ZAwTZaRej3ED","72","1.97530864","","","","","","","0","0","0","","","0","0","920","1.97530864","0","7","1","0","0","8587.26","3","2853.61","2853.61","0.65","0.65","269","","0","0","1","0","0","","","","","","","","","","","","0.000008587","0.000008587","","","","","","2026-08-06T12:18:46.849Z","2026-08-06T12:19:46.710Z","","","","",""
"FRAUD","BvChjnaDs1YY6PCBwXPbzTrfc6hJujni42wYqsUgpump","55","3.456790121","","","","","","","","","","","","","","","","","","","","","","","","","","","","","","","","","","","","","","","","","","","","","0.00002748","","","","","","","2026-08-06T12:18:58.944Z","","","","","",""
"WOLF3D","AmxwENojLhjhNqqSrTN2djQmryLGU7buZsPt7bxYpump","70","4.938271603","","","","","","","0","0","-26.5","","","-0.3","0","902","4.938271603","0","0","0","0","0","2788.15","3","366.15","366.15","1","1","0.33","","0","0","1","0","0","","","","","","","","","","","","0.000002788","0.000002788","","","","","","2026-08-06T12:19:04.878Z","2026-08-06T12:20:04.585Z","","","","",""
"サニー","Ff5dfCorSMyFFRi9W8fuasEQV1kr1b5G2B4Xmtc8pump","58","3","","","","","","","","","","","","","","","","","","","","","","","","","","","","","","","","","","","","","","","","","","","","","0.000002057","","","","","","","2026-08-06T12:19:16.874Z","","","","","",""
"LEDGER","jMi1QBmcP3Sc6a7Nm7Ns1GcXbk99A1t8YAwr99tMGyx","57","5.925925924","","","","","","","","","","","","","","","","","","","","","","","","","","","","","","","","","","","","","","","","","","","","","0.000009989","","","","","","","2026-08-06T12:19:23.351Z","","","","","",""
"kendo","FrtPif7NzL4Vfrqx4V7TaMJE8pTUmHzkvptEtWUUpump","","","","","","","","","","","","","","","","","","","","","","","","","","","","","","","","","","","","","","","","","","","","","","","","","","","","","1.83e-7","","","","","","2026-08-06T12:19:23.376Z",""
"FRAUD","3ZUAe1gXv6dUFnanUEGzJWGXTAc7VBwCEAqQo3Uopump","60","2.4691358","","","","","","","","","","","","","","","","","","","","","","","","","","","","","","","","","","","","","","","","","","","","","0.000002048","","","","","","","2026-08-06T12:19:28.849Z","","","","","",""
"Fraudcoin","GXpUkUMVC7SdNrJQD4FnmFQVsU21hbHpYq7CNzU2pump","82","4.938271603","","","","","","","","","","","","","","","","","","","","","","","","","","","","","","","","","","","","","","","","","","","","","0.000002135","","","","","","","2026-08-06T12:19:34.871Z","","","","","",""
"FRAUD","uQnuRmiRnfco2tnCXx3HXCyC8BKRHZShc5GCKNYpump","71","5","","","","","","","","","","","","","","","","","","","","","","","","","","","","","","","","","","","","","","","","","","","","","0.00000215","","","","","","","2026-08-06T12:19:34.907Z","","","","","",""
"JD","BpVpgTwLnficcyipSbRPYDaBJbTjwTgaXSnH1SKJpump","63","3.083247688","","","","","","","15.3","70","-68.4","","","-20.1","44.3","910","3.083247688","0","0","0","0","0","6326.27","3","6431.01","6431.01","0.579","0.579","154","","0","0","1","0","1","","","","","","","","","","","","0.000003248","0.000006326","","","","","","2026-08-06T12:19:34.920Z","2026-08-06T12:20:46.594Z","","","","",""
"FLOWERS","2ra3MRV7p1S7BwU3pLco9iX83wG6Hb944QizNcDQpump","77","1.481481479","","","","","","","0.1","184","0","","","0","0.1","904","1.481481479","1","15","1","0","0","5986.01","3","938.51","938.51","0.688","0.688","165","","0","0","1","0","0","","","","","","","","","","","","0.000005986","0.000005986","","","","","","2026-08-06T12:19:34.935Z","2026-08-06T12:20:52.661Z","","","","",""
"Ludger","4UdF3LB6mJvUCnTyeJzGgiczPMTCiQVyjonvkujRpump","57","2","","","","","","","","","","","","","","","","","","","","","","","","","","","","","","","","","","","","","","","","","","","","","0.000002048","","","","","","","2026-08-06T12:19:47.134Z","","","","","",""
"FRAUD","H16yG9rrMvej3PLXmHB9QjZqMy5hSfdqLzWmjQePpump","61","4.938271603","","","","","","","","","","","","","","","","","","","","","","","","","","","","","","","","","","","","","","","","","","","","","0.000002129","","","","","","","2026-08-06T12:19:52.903Z","","","","","",""
"FRAUD","3ykGat52cpjfVNkhXz2DFVHx9c94xDSes91C6czQpump","56","2.962962961","","","","","","","","","","","","","","","","","","","","","","","","","","","","","","","","","","","","","","","","","","","","","0.000002124","","","","","","","2026-08-06T12:20:04.836Z","","","","","",""
"FADHEM","H8m5TUPiZWmeNEDQS3wRhvmHZeyHdMg42wno1xLhpump","","","","","","","","","","","","","","","","","","","","","","","","","","","","","","","","","","","","","","","","","","","","","","","","","","","","","5.073e-8","","","","","","2026-08-06T12:20:17.065Z",""
"UFO","AVY3VKwMpMX4eZnsY4N1ADwaM312h4pWQFQuayrapump","67","4","","","","","","","","","","","","","","","","","","","","","","","","","","","","","","","","","","","","","","","","","","","","","0.00000215","","","","","","","2026-08-06T12:20:28.863Z","","","","","",""
"FRAUD","FeGuSU5JqdGdBj68xz16ZeZFrMyddnvJ85cGeoEvpump","67","5","","","","","","","0","0","-4.7","","","-4.7","0","906","5","0","1","0","0","0","2150.67","3","1299.68","1299.68","0.6","0.6","-22.86","","0","0","1","0","0","","","","","","","","","","","","0.00000215","0.00000215","","","","","","2026-08-06T12:20:34.893Z","2026-08-06T12:21:40.653Z","","","","",""
"FRAUD","4Pn4pgYSXfwqap9XCZx8TmenADPDLq2ERXP3yaKYpump","73","2.962962961","","","","","","","","","","","","","","","","","","","","","","","","","","","","","","","","","","","","","","","","","","","","","0.000002509","","","","","","","2026-08-06T12:20:40.806Z","","","","","",""
"LEDGER","9Pb8csbPBVKSY8cfJ4vsmXf6m3svoXN3fuf4g2nUmaLY","61","4","","","","","","","","","","","","","","","","","","","","","","","","","","","","","","","","","","","","","","","","","","","","","0.000002088","","","","","","","2026-08-06T12:20:40.843Z","","","","","",""
"サニー","4AksYNVQsgfJYkKDsuM6GC8Dtriu18Xs85QCfWeLpump","61","4","","","","","","","","","","","","","","","","","","","","","","","","","","","","","","","","","","","","","","","","","","","","","0.00000215","","","","","","","2026-08-06T12:20:52.825Z","","","","","",""
"PHETS","pHETS7jBnTj2sA9v39p8DXtScqUk3YStjnUkM2dvq9D","","","","","","","","","","","","","","","","","","","","","","","","","","","","","","","","","","","","","","","","","","","","","","","","","","","","","0.000002053","","","","","","2026-08-06T12:20:53.254Z",""
"SHAKIRA97","CrZq3fGN5vvK4aMghxduSUzW6yNMiyqLwpZm6prxpump","","","","","","","","","0.1","36","0","","","0.1","0","916","0.0001","0","0","1","0","0","2050.2","3","0.72","0.72","1","1","0","","0","0","1","0","0","","","","","","","","","","","","","0.00000205","","","","","","","2026-08-06T12:21:10.904Z","","","","",""
"BOBCOIN","BqHUNtWu6N6rpa4opa1Uz8JzdaPoT49bgJf5w8nrpump","","","","","","","","","","","","","","","","","","","","","","","","","","","","","","","","","","","","","","","","","","","","","","","","","","","","","","","","","","","",""
"SAPE","AVP7q4K3UfT9UtamDWXtNBReueBMBFxdgM14ubeSpump","56","1.925925924","","","","","","","","","","","","","","","1.925925924","0","0","0","0","0","2320.34","3","188.89","188.89","0.6","0.6","0","","0","0","1","0","0","","","","","","","","","","","","0.00000232","0.00000232","","","","","","2026-08-06T12:21:34.819Z","2026-08-06T12:22:34.635Z","","","","",""
"FADHEM","yqD4Lm8oMJAAbfnNSC476U81syAMmLjrGHhCxEtpump","","","","","","","","","","","","","","","","","","","","","","","","","","","","","","","","","","","","","","","","","","","","","","","","","","","","","2.533e-7","","","","","","2026-08-06T12:21:46.820Z",""
"Fraud","4FCZoq6cWXgskd7CNhwBdwWkxBfM6M2wkXtMnjHvpump","62","5","","","","","","","","","","","","","","","","","","","","","","","","","","","","","","","","","","","","","","","","","","","","","0.000002327","","","","","","","2026-08-06T12:21:58.783Z","","","","","",""
"ScamCoin","DusBuWP7xsem2cWKVFJ2msgWMgWSQrt1fG4YWfu7pump","60","4.938271603","","","","","","","","","","","","","","","","","","","","","","","","","","","","","","","","","","","","","","","","","","","","","0.000002066","","","","","","","2026-08-06T12:21:58.821Z","","","","","",""
"Fraud","BMpGLLiu2MLRQGxpGk77WuCKeEjkAVtNGChfkfKcpump","62","5","","","","","","","","","","","","","","","","","","","","","","","","","","","","","","","","","","","","","","","","","","","","","0.00000205","","","","","","","2026-08-06T12:22:05.082Z","","","","","",""
"$KKK","22fF5XG5fBA3XMRXwrUio9rVMpV19dS93GoNMwiTpump","57","0.300046881","","","","","","","","","","","","","","","","","","","","","","","","","","","","","","","","","","","","","","","","","","","","","0.000002788","","","","","","","2026-08-06T12:22:10.832Z","","","","","",""
"ELEPHANT⁠","2529LyreFSkCEYgNwh2KCLcgWk1k2nCcmqGXU4nqpump","63","3","","","","","","","","","","","","","","","","","","","","","","","","","","","","","","","","","","","","","","","","","","","","","0.000002153","","","","","","","2026-08-06T12:22:16.870Z","","","","","",""
"FADHEM","FsHApmi81TynDUB2FZ5LxU9zPrqiFg5NvkR1fRFrpump","","","","","","","","","","","","","","","","","","","","","","","","","","","","","","","","","","","","","","","","","","","","","","","","","","","","","2.828e-7","","","","","","2026-08-06T12:22:34.840Z",""
"MAUI","B8Pc5WGZd9cZQykdkNdK3aaktSpXkLKBdFwRqCqApump","73","5.925925924","","","","","","","","","","","","","","","","","","","","","","","","","","","","","","","","","","","","","","","","","","","","","0.000002234","","","","","","","2026-08-06T12:22:40.904Z","","","","","",""
"ELEPHANT","HkzWFNGoqs1RXZ3EsBGt7kkLe8uRL9BfMtSUiWwxpump","70","2.962962961","","","","","","","","","","","","","","","","","","","","","","","","","","","","","","","","","","","","","","","","","","","","","0.000002153","","","","","","","2026-08-06T12:22:46.835Z","","","","","",""
"Chicken","52CnWtQRcVrufeSitNwjYJTY1FoEyQV2PBtA4MQKpump","","","","","","","","","","","","","","","","","","","","","","","","","","","","","","","","","","","","","","","","","","","","","","","","","","","","","1.474e-7","","","","","","2026-08-06T12:22:52.838Z",""
"SAVCAN","xYWjy2Jm1HCuse9Lpo4R2bKDmAYtMmDxnGcZRkBpump","57","0.250039066","","","","","","","","","","","","","","","0.250039066","0","5","1","0","0","3130.59","3","2681.75","2681.75","0.68","0.68","50.14","","0","0","1","0","0","","","","","","","","","","","","0.000003121","0.00000313","","","","","","2026-08-06T12:22:58.883Z","2026-08-06T12:23:58.573Z","","","","",""
"FLOWERS","7h4v3WcUNqyUtaYfqh35XZWunmwQvWF69MkTVmmDpump","76","1.481481479","","","","","","","0.4","886","0","","","0","0.4","906","1.481481479","1","16","1","0","0","7065.83","3","853.77","853.77","0.8","0.8","213","","0","0","1","0","0","","","","","","","","","","","","0.000007065","0.000007065","","","","","","2026-08-06T12:23:10.834Z","2026-08-06T12:24:10.636Z","","","","",""
"FADHEM","344zcAmJjwj6CX6MUCViqRx7NZzNywAfVsKHKgDUpump","84","2.962962961","","","","","","","0","0","0","","","0","0","910","2.962962961","1","14","1","0","0","2096.57","3","2088.31","2088.31","0.625","0.625","-15.32","","0","0","1","0","0","","","","","","","","","","","","0.000002096","0.000002096","","","","","","2026-08-06T12:23:16.931Z","2026-08-06T12:24:16.621Z","","","","",""
"TIDE","5k48hPSiWbLV3g7Mar3HsM6Q3cPtfhxb23WK8YYQpump","","","","","","","","","","","","","","","","","","","","","","","","","","","","","","","","","","","","","","","","","","","","","","","","","","","","","5.891e-7","","","","","","2026-08-06T12:23:28.788Z",""
"FERGOB","H5GdUMGtrV6syJbqGPPk91513T3u4kcP8J4Mk2qzpump","","","","","","","","","","","","","","","","","","","","","","","","","","","","","","","","","","","","","","","","","","","","","","","","","","","","","1.426e-7","","","","","","2026-08-06T12:23:40.826Z",""
"FADHEM","9geySDz5swBC9xu1UTM1RK9tfk3cncztnr3ymT9npump","73","0.98765432","","","","","","","0","0","0","","","0","0","906","0.98765432","1","15","1","0","0","6783.48","4","1604.73","1604.73","0.641","0.641","210","","0","0","1","0","0","","","","","","","","","","","","0.000006784","0.000006783","","","","","","2026-08-06T12:24:05.040Z","2026-08-06T12:26:10.615Z","","","","",""
"MM","A2335sLRgYz5sRKztU95UNR6qoHqTfmLYKvwWSKUpump","61","5","","","","","","","","","","","","","","","","","","","","","","","","","","","","","","","","","","","","","","","","","","","","","0.000002069","","","","","","","2026-08-06T12:24:10.950Z","","","","","",""
"月薪喵","7jEAZCv45u3BRPHVi38rSrD85Wo6erAVa9CZBXeYpump","79","8.888888887","","12.255","","","","","0","0","-41.7","","","-10.2","0","904","8.888888887","0","0","0","0","0","3517.45","3","681.25","681.25","1","1","2.03","","0","0","1","0","0","-10.235996588001136","","","","","","","","","","","0.000003517","0.000003517","","","0.000003157","","0.000002051","2026-08-06T12:24:23.117Z","2026-08-06T12:25:22.591Z","","","2026-08-06T12:25:34.846Z","2026-08-06T12:26:16.791Z",""
"TripleM","4wPTVqXz8iNXDnbPNpzW6RyXXNKG8vwyYTZG5Sejpump","56","1.9","","","","","","","","","","","","","","","1.9","0","0","0","0","0","2154.18","3","699.95","699.95","0.571","0.571","-7.11","","0","0","1","0","0","","","","","","","","","","","","0.000002154","0.000002154","","","","","","2026-08-06T12:24:46.858Z","2026-08-06T12:25:52.615Z","","","","",""
"FADHEM","Hwe6cbyuD5ySHW1Ve15k87tHHG9tnNSu9DRgd31ypump","72","0.98765432","","","","","","","","","","","","","","","","","","","","","","","","","","","","","","","","","","","","","","","","","","","","","0.000001782","","","","","","9.243e-7","2026-08-06T12:24:52.827Z","","","","","2026-08-06T12:26:10.849Z",""
"DLS","BzjVijWmtVSGTC6B5VuwNzdhpbWuVQq4TTSDSS3rpump","65","0.070010938","","","","","","","","","","","","","","","","","","","","","","","","","","","","","","","","","","","","","","","","","","","","","0.000002549","","","","","","3.564e-7","2026-08-06T12:25:28.921Z","","","","","2026-08-06T12:26:10.805Z",""
"TIDE","71HWEQh53t4VmGC1Uuru285cqiJ3WWXs9eTTXPRmpump","66","0.060009374","","","","","","","0","0","-28.9","","","0","0","910","0.060009374","1","12","1","0","0","2186.86","3","20.28","20.28","0.667","0.667","6.17","","0","0","1","0","0","","","","","","","","","","","","0.00000206","0.000002186","","","","","","2026-08-06T12:26:28.793Z","2026-08-06T12:27:46.829Z","","","","",""
"scammer","82ugap9Ci5q11vAnZgXpAQT7GoG2DNqBYXRJ9BRApump","66","0.1","","","","","","","42","128","-96.9","","","15","23.5","308","0.1","0","0","1","0","0","14236.02","4","447.19","447.19","0.608","0.608","589","","0","0","1","0","0","","","","","","","","","","","","0.000008538","0.00001423","","","","","","2026-08-06T12:26:28.847Z","2026-08-06T12:28:28.790Z","","","","",""
"dungeoncr","FnEMURxAUU3bC5B9i1ucHfLKTzuinDxc6wbEtZZWpump","61","2.666666665","","","","","","","","","","","","","","","","","","","","","","","","","","","","","","","","","","","","","","","","","","","","","0.00000207","","","","","","","2026-08-06T12:26:34.792Z","","","","","",""
"FADHEM","zPqg7D6gFGX75dsTJ8btQsyLicj4DfRhKW4Foropump","78","1.97530864","","90.183","","","","","412.5","36","-44.8","","","412.5","0","906","1.97530864","1","17","1","0","0","21175.74","3","7476.53","7476.53","0.701","0.701","808","","0","0","1","0","0","183.0420406235239","","","","","","","","","","","0.000004799","0.00002117","","","0.00005992","","","2026-08-06T12:26:34.898Z","2026-08-06T12:27:40.666Z","","","2026-08-06T12:29:10.849Z","",""
"UNEMPLOYED","7gGRyR9YopWrXf1rRmmtR3mWbaXu4nFNG4KL7x82pump","55","0.059259258","","","","","","","","","","","","","","","0.059259258","0","4","1","0","0","4195.85","3","308.92","308.92","0.576","0.576","104","","0","0","1","0","0","","","","","","","","","","","","0.000004195","0.000004195","","","","","","2026-08-06T12:26:52.800Z","2026-08-06T12:27:58.639Z","","","","",""
"WOLFSTEIN","ECFBKbjSStojADqDao7Hpuof6jM8kS3Dc3gFoCsnpump","58","2.962962961","","48.314","","","","","","","","","","","","","2.962962961","0","1","0","0","0","2477.24","3","217.46","217.46","0.667","0.667","0.03","","0","0","1","0","0","-17.157852240613654","","","","","","","","","","","0.000002052","0.000002477","","","0.000002052","","","2026-08-06T12:28:04.872Z","2026-08-06T12:27:16.579Z","","","2026-08-06T12:28:04.893Z","",""
"£CVC","AAP7aFtbZarxEqoNCdsVfjhEsP73k2GW5gYSr7CNpump","55","0.250039066","","","","","","","","","","","","","","","0.250039066","0","7","1","0","0","3553.3","3","73.42","73.42","0.7","0.7","70.25","","0","0","1","0","0","","","","","","","","","","","","0.000003553","0.000003553","","","","","","2026-08-06T12:27:22.839Z","2026-08-06T12:28:34.722Z","","","","",""
"MAPLE","HnDqRWX9mEN7gYY2kL8rCEHAT3LirJDrQ49Auak4pump","57","2","","","","","","","","","","","","","","","","","","","","","","","","","","","","","","","","","","","","","","","","","","","","","0.00000403","","","","","","","2026-08-06T12:27:28.793Z","","","","","",""
"Hello","EtWqiHVYMZJE1tNbb2d7wboDcj8DS7xi1QNwKPDvMLGm","57","4","","","","","","","","","","","","","","","","","","","","","","","","","","","","","","","","","","","","","","","","","","","","","0.000003756","","","","","","","2026-08-06T12:27:34.812Z","","","","","",""
"MANINF","4wu47apsq3szcQyfg31UM31KdGcfCXa9vvSXJS9Lpump","58","0.059259258","","","","","","","","","","","","","","","0.059259258","0","2","1","0","0","1791.22","4","232.3","232.3","0.838","0.838","-13.06","","0","0","1","0","0","","","","","","","","","","","","0.000002075","0.000001791","","","","","","2026-08-06T12:27:34.840Z","2026-08-06T12:30:10.891Z","","","","",""
"ItteQ","21G3vjBFHzmdDfXR5Ytay4nQvkp4YZ1XxvjUQHgbpump","60","2.4691358","","","","","","","","","","","","","","","","","","","","","","","","","","","","","","","","","","","","","","","","","","","","","0.000002307","","","","","","","2026-08-06T12:28:16.844Z","","","","","",""
"FGF","9HS5fBtEZxbgbcH9P3cE7ye3RScGtakg9zdDaYBJWGr9","67","4","","","","","","","","","","","","","","","","","","","","","","","","","","","","","","","","","","","","","","","","","","","","","0.000002153","","","","","","","2026-08-06T12:28:22.791Z","","","","","",""
"scammer","BghHMcaL7KEnuXMVtWxYXAvfq23Keorz9dzZHWiopump","65","0.3","","11.965","","","","","0","0","-95.6","","","","","8","0.3","0","1","1","0","0","53706.13","3","10514.72","10514.72","0.728","0.728","2465","","0","0","1","0","0","-95.62569832402235","","","","","","","","","","","0.00004469","0.0000537","","","0.000002349","","","2026-08-06T12:28:23.351Z","2026-08-06T12:29:28.627Z","","","2026-08-06T12:29:40.592Z","",""
"Casascius","7VrZc4f9f6DDqinzLP983Uxk2Hpi9DWSjiujsMXrpump","68","2.962962961","","","","","","","","","","","","","","","","","","","","","","","","","","","","","","","","","","","","","","","","","","","","","0.000002132","","","","","","","2026-08-06T12:28:34.818Z","","","","","",""
"TDG","AUUnNekHcwFdXEJMy4mZUAuoR31N7fBB8k43iFTApump","68","0.197530863","","18.219","","","","","0","0","-71.6","","","-71.6","0","40","0.197530863","0","0","1","0","0","4836.41","3","605.91","605.91","0.586","0.586","133","","0","0","1","0","0","-71.58808933002481","","","","","","","","","","","0.000003987","0.000004836","","","0.000001374","","5.575e-7","2026-08-06T12:28:46.864Z","2026-08-06T12:29:46.642Z","","","2026-08-06T12:30:04.861Z","2026-08-06T12:30:41.139Z",""
"RAGEBAIT","CGZssYE3zsHoE4vDsfESL9sG3huNw9WL3Sna8Z4Jpump","70","4.938271603","","","","","","","","","","","","","","","","","","","","","","","","","","","","","","","","","","","","","","","","","","","","","0.000002071","","","","","","","2026-08-06T12:29:16.843Z","","","","","",""
"Russell","F6igsNAcJg7kB1UuJSHGr2edESrwevGRxABio6Sepump","60","4.938271603","","","","","","","","","","","","","","","","","","","","","","","","","","","","","","","","","","","","","","","","","","","","","0.000002161","","","","","","","2026-08-06T12:29:47.500Z","","","","","",""
"six seven ","EJ4KCKjJapynpZ1rQjxVn8wudmtbTbDi49LL7BVKpump","","","","","","","","","","","","","","","","","","","","","","","","","","","","","","","","","","","","","","","","","","","","","","","","","","","","","3.3e-8","","","","","","2026-08-06T12:29:52.832Z",""
"FADHEM","5Y3DNXxwRKw89tJRCqprex3CT5RDHNXNmf8HLhTupump","","","","","","","","","","","","","","","","","","","","","","","","","","","","","","","","","","","","","","","","","","","","","","","","","","","","","2.945e-7","","","","","","2026-08-06T12:30:10.864Z",""
"SAID","5V5njzwLSFcZCPGY3YmTJRAWBUHaNhUHKcXkhBZDpump","60","3.34","","","","","","","92.8","32","-83.5","","","92.8","0","902","3.34","0","1","0","0","0","7001.75","3","21814.71","21814.71","0.583","0.583","176","","0","0","1","0","1","","","","","","","","","","","","0.000004905","0.000007001","","","","","","2026-08-06T12:30:34.929Z","2026-08-06T12:31:34.645Z","","","","",""
"scammer","GqSdJ66zYjBMaZFUJ9QTyhB9xMkUnvUgz86coVV3pump","","","","","","","","","","","","","","","","","","","","","","","","","","","","","","","","","","","","","","","","","","","","","","","","","","","","","2.839e-7","","","","","","2026-08-06T12:30:34.935Z",""
"Russell","JDCwDiECZQFh3BpGmSimtDpeNc4TTXp3ofKPaovhpump","71","5","","","","","","","","","","","","","","","","","","","","","","","","","","","","","","","","","","","","","","","","","","","","","0.000002051","","","","","","","2026-08-06T12:30:58.816Z","","","","","",""
"FADHEM","HTpf61CqHj1uFuhMaJowVjsdEdiA117QLGW2DGNApump","81","2.962962961","","","","","","","","","","","","","","","","","","","","","","","","","","","","","","","","","","","","","","","","","","","","","0.000003687","","","","","","","2026-08-06T12:30:58.856Z","","","","","",""
"Herbert","HENxvWMM5qx3CUAokPobrZZmzR3HZCrMZXb87UAcpump","65","2.962962961","","","","","","","","","","","","","","","","","","","","","","","","","","","","","","","","","","","","","","","","","","","","","0.00000319","","","","","","","2026-08-06T12:31:10.802Z","","","","","",""
"Hello","5G29CuoqwLrYbWNB9xEetgSAahNji1D1vdHxh4XWeDek","56","4","","","","","","","","","","","","","","","","","","","","","","","","","","","","","","","","","","","","","","","","","","","","","0.000003537","","","","","","","2026-08-06T12:31:10.824Z","","","","","",""
"GROK","s9v48gDt7XtmBhgK2yFnzU9Jq4qfxmCMVL9NcCXMEmX","57","5.925925924","","","","","","","","","","","","","","","","","","","","","","","","","","","","","","","","","","","","","","","","","","","","","0.000002051","","","","","","","2026-08-06T12:31:22.871Z","","","","","",""
"TrenchCat","8Sjp2fBZcPSposykLJLFfE9Z7MbteSfSiwk1PHZLpump","56","3.367675128","","","","","","","","","","","","","","","","","","","","","","","","","","","","","","","","","","","","","","","","","","","","","0.000002464","","","","","","","2026-08-06T12:31:28.790Z","","","","","",""
"scammer","7szqa7og8K5rBUmKHey9LAroy5QRDnFLnnWyuuf8pump","","","","","","","","","","","","","","","","","","","","","","","","","","","","","","","","","","","","","","","","","","","","","","","","","","","","","2.119e-7","","","","","","2026-08-06T12:31:40.823Z",""
"A","CudCVac1DA1LE2Mre58PBnpKSwf4sCAj4MqR9WSa7HMA","65","7","","","","","","","0","0","-12.3","","","-12.3","0","904","7","0","6","0","0","0","2338.31","3","1445.98","1445.98","0.667","0.667","-25.04","","0","0","1","0","0","","","","","","","","","","","","0.000002338","0.000002338","","","","","","2026-08-06T12:31:46.816Z","2026-08-06T12:32:52.613Z","","","","",""
"FADHEM","GoMJ8TnoAWVdW26ZuceMpCuCGbuDWdmTLxpZykeypump","","","","","","","","","","","","","","","","","","","","","","","","","","","","","","","","","","","","","","","","","","","","","","","","","","","","","1.677e-7","","","","","","2026-08-06T12:31:46.880Z",""
"DBLUPKT97","7N1wxTmcZQxoiixJRgu7dPwMw6uGcmMd7koPGt2opump","","","","","","","","","","","","","","","","","","","","","","","","","","","","","","","","","","","","","","","","","","","","","","","","","","","","","0.000001471","","","","","","2026-08-06T12:31:52.805Z",""
"NUCCOM","DvBxNXWJ3u2X8DQPVFWWLihtZNiSy8tABPGBLsTTpump","66","0.09876543","","","","","","","0","0","0","","","0","0","908","0.09876543","0","0","1","0","0","6605.83","3","61.88","61.88","0.636","0.636","220","","0","0","1","0","0","","","","","","","","","","","","0.000006605","0.000006605","","","","","","2026-08-06T12:31:59.396Z","2026-08-06T12:32:58.587Z","","","","",""
"COKEDOG","JAYr97wwJbxNSqvT6b6XaUkfBDedEzrYq1sT7pi1pump","63","4","","","","","","","0","0","-76.7","","","-11.9","0","92","4","0","1","0","0","0","8948.81","3","12428.58","12428.58","0.548","0.548","240","","0","0","1","0","1","","","","","","","","","","","","0.000006168","0.000008948","","","","","","2026-08-06T12:32:04.791Z","2026-08-06T12:33:04.588Z","","","","",""
"HERBERT ","7Sx6MNfnaEmS4yjhF4uRqwMyATn4hNTKbQh6KGd4pump","86","3.456790121","","","","","","","","","","","","","","","","","","","","","","","","","","","","","","","","","","","","","","","","","","","","","0.000002155","","","","","","","2026-08-06T12:32:16.775Z","","","","","",""
"FADHEM","36C8xL9CDfAsV7pZmUqCBLDdVUBgv2e37FvVK7xCpump","","","","","","","","","","","","","","","","","","","","","","","","","","","","","","","","","","","","","","","","","","","","","","","","","","","","","8.246e-7","","","","","","2026-08-06T12:32:22.752Z",""
"LGC","FeFcLbmNjXUV4hG2MTu6SEpbH9XAhCoyMBfJr9UXpump","","","","","","","","","","","","","","","","","","","","","","","","","","","","","","","","","","","","","","","","","","","","","","","","","","","","","1.658e-7","","","","","","2026-08-06T12:32:34.792Z",""
"TRUMPLANA","GeLi6ubWp4LZJK9eV4LxdKPg7WuS71Mb8xRpk3ispump","","","","","","","","","","","","","","","","","","","","","","","","","","","","","","","","","","","","","","","","","","","","","","","","","","","","","2.954e-7","","","","","","2026-08-06T12:32:34.833Z",""
"Gelato","8uWoQmKDmiGDN9gEyNqeCmHXgaR9mxtWUMaWRSHhpump","67","3.901234566","","","","","","","","","","","","","","","","","","","","","","","","","","","","","","","","","","","","","","","","","","","","","0.000002051","","","","","","","2026-08-06T12:32:40.812Z","","","","","",""
"UselessDog","2wYBMj4u63iSCUrhZRhdPucKmQkZqHGiuxJ5TF4AEMkc","64","7","","","","","","","","","","","","","","","","","","","","","","","","","","","","","","","","","","","","","","","","","","","","","0.000002328","","","","","","","2026-08-06T12:32:46.846Z","","","","","",""
"UINU","F524jXTB9542fL1MrrdfbwuwPCwjqvbGVwytPypGbonk","67","3.95","","","","","","","","","","","","","","","","","","","","","","","","","","","","","","","","","","","","","","","","","","","","","0.000003109","","","","","","","2026-08-06T12:32:46.888Z","","","","","",""
"RABGOL","74XGDnCoN1fxLH8ACe1P7iaJSoZ7abvs9KGZpFPCpump","","","","","","","","","","","","","","","","","","","","","","","","","","","","","","","","","","","","","","","","","","","","","","","","","","","","","0.000001212","","","","","","2026-08-06T12:32:46.926Z",""
"FADHEM","FxgtHFVnntQsVdiPdN9cbUYJ5CUCZSUN5qwMyuFipump","82","3.950617282","","","","","","","","","","","","","","","","","","","","","","","","","","","","","","","","","","","","","","","","","","","","","0.000002119","","","","","","","2026-08-06T12:32:52.790Z","","","","","",""
"DOGS","AdiTsEPEo56AP4bgP9Wan5szAvXFZdHjwBmowCk8KUQn","57","5.925925924","","","","","","","","","","","","","","","","","","","","","","","","","","","","","","","","","","","","","","","","","","","","","0.000002129","","","","","","","2026-08-06T12:32:58.807Z","","","","","",""
"scammer","4uFzLir57XkP2GMiCmvXB7MmM3KMHsy16VYEyZArpump","","","","","","","","","","","","","","","","","","","","","","","","","","","","","","","","","","","","","","","","","","","","","","","","","","","","","5.683e-7","","","","","","2026-08-06T12:32:58.847Z",""
"BBD","4MvuKnyMp9t48SM78d5oeHqJvEhWATrBZ89V4DsTpump","59","0.098765431","","","","","","","","","","","","","","","","","","","","","","","","","","","","","","","","","","","","","","","","","","","","","0.000003124","","","","","","","2026-08-06T12:33:04.819Z","","","","","",""
"Coins","FGUByMsto1f6fBca8Re7ZunULossn1gGvY6Qn55Vpump","62","0.246913578","","","","","","","","","","","","","","","","","","","","","","","","","","","","","","","","","","","","","","","","","","","","","0.000001332","","","","","","4.438e-7","2026-08-06T12:33:28.808Z","","","","","2026-08-06T12:34:04.769Z",""
"scammer","133h5qQAZHj2bkggWC9DRAMdXXnv3Eiv5FykVWNfpump","58","0.3","","","","","","","","","","","","","","","","","","","","","","","","","","","","","","","","","","","","","","","","","","","","","0.00000181","","","","","","2.822e-7","2026-08-06T12:33:29.177Z","","","","","2026-08-06T12:34:04.834Z",""
"USD","GZsuvQ5nHTf3FDHKvHe95RoLxmFtsd5GwL3RG8Jgpump","59","4.938271603","","","","","","","","","","","","","","","","","","","","","","","","","","","","","","","","","","","","","","","","","","","","","0.000002133","","","","","","","2026-08-06T12:33:40.811Z","","","","","",""
"USD","3Kwb3KFb1MiXzRwwt8b7PKSAnpDs17J2nXB7TQaUbonk","59","4.9375","","","","","","","","","","","","","","","","","","","","","","","","","","","","","","","","","","","","","","","","","","","","","0.000003107","","","","","","","2026-08-06T12:33:52.877Z","","","","","",""
"USDC","DvLYMG9U4ZrZhB55QxS9UjWsSQR4zkakMRvAeu7Cpump","61","2.51965205","","","","","","","","","","","","","","","","","","","","","","","","","","","","","","","","","","","","","","","","","","","","","0.000004","","","","","","","2026-08-06T12:33:58.825Z","","","","","",""
"Twin","7RLcb7sPf6oNFCNoYri1GWxGGB19k1sZLYChDGTbpump","70","4.888888887","","","","","","","","","","","","","","","","","","","","","","","","","","","","","","","","","","","","","","","","","","","","","0.00000205","","","","","","","2026-08-06T12:34:28.787Z","","","","","",""
"DBLUPKT98","CjhAbN1cjaFTRDZpirr19bypkVD9BHWnQ6Kcx1yhpump","84","4.000625096","","","","","","","0","0","-52.1","","","-18.8","0","904","4.000625096","0","2","1","0","0","3716.79","3","980.29","980.29","0.7","0.7","41.12","","0","0","1","0","0","","","","","","","","","","","","0.000002585","0.000003716","","","","","","2026-08-06T12:34:52.869Z","2026-08-06T12:35:52.614Z","","","","",""
"Akhal-Teke","3KVnhveSfe2f7aYnkdKU7BKVwFLHe6jSqdAx5cEsFgYX","55","4","","","","","","","","","","","","","","","4","0","6","0","0","0","2166.43","3","2002.7","2002.7","0.684","0.684","-17.74","","0","0","1","0","0","","","","","","","","","","","","0.000002166","0.000002166","","","","","","2026-08-06T12:35:28.841Z","2026-08-06T12:36:28.599Z","","","","",""
"DOOPIL","4qZdKATvYTv9KV4eAedNzk3GpU4MRFZFk8GLmbnBpump","","","","","","","","","","","","","","","","","","","","","","","","","","","","","","","","","","","","","","","","","","","","","","","","","","","","","0.00000108","","","","","","2026-08-06T12:35:46.772Z",""
"SLOP","6QqdnCgErC2vBet2Pd5R2aSiRBmZyLT9nGaYm4oSbonk","66","4.9375","","","","","","","","","","","","","","","","","","","","","","","","","","","","","","","","","","","","","","","","","","","","","0.000003107","","","","","","","2026-08-06T12:35:46.799Z","","","","","",""
"Impawssible","76WFuVtaKSyEzNEiM4HJqwu65TQCNwfZBjJiMSZdXurA","57","3.950617282","","","","","","","","","","","","","","","","","","","","","","","","","","","","","","","","","","","","","","","","","","","","","0.000002784","","","","","","","2026-08-06T12:35:52.792Z","","","","","",""
"HSOL","HSoL6xi6kEmy2UwykCB3FfiJWT24dr9jA6vNQkPv97Qw","87","17.777777776","","","","","","","","","","","","","","","","","","","","","","","","","","","","","","","","","","","","","","","","","","","","","0.000008895","","","","","","0.000002068","2026-08-06T12:36:05.410Z","","","","","2026-08-06T12:36:46.780Z",""
"Eliza","Cd9oG5DkcpFGGfXVBC2wpM5NSafbkwF91HiTq7kTpump","56","3","","","","","","","","","","","","","","","","","","","","","","","","","","","","","","","","","","","","","","","","","","","","","0.00000262","","","","","","","2026-08-06T12:36:10.827Z","","","","","",""
"ROGGRE","HC73yzXsBdWVNbypAhFJW7hMdC6wjbn55coWb1BLpump","","","","","","","","","","","","","","","","","","","","","","","","","","","","","","","","","","","","","","","","","","","","","","","","","","","","","2.02e-7","","","","","","2026-08-06T12:36:10.922Z",""
"IMPAWSSIBLE","BDYys9MDtWfm4NacRmcckoAefxcRkmFue9PtpCsmuxys","56","5.925925924","","","","","","","","","","","","","","","","","","","","","","","","","","","","","","","","","","","","","","","","","","","","","0.000002152","","","","","","","2026-08-06T12:36:10.978Z","","","","","",""
"GigaNeegy","Fvkeg1easYDyNuxoe6ZHGPh8Y4MGBQrwsrAQKXeXpump","","","","","","","","","","","","","","","","","","","","","","","","","","","","","","","","","","","","","","","","","","","","","","","","","","","","","6.765e-8","","","","","","2026-08-06T12:36:16.826Z",""
"FLOWERS","F671oveVzqwi789kGDdCVRispDMihkkMdiZY1RLUpump","","","","","","","","","","","","","","","","","","","","","","","","","","","","","","","","","","","","","","","","","","","","","","","","","","","","","2.074e-7","","","","","","2026-08-06T12:37:10.816Z",""
"CAT","BpH6tayqxqy1RJvQdQr1pn3rbXZnuhQRoQTQN8QGpump","61","5","","","","","","","","","","","","","","","","","","","","","","","","","","","","","","","","","","","","","","","","","","","","","0.000002051","","","","","","","2026-08-06T12:37:10.847Z","","","","","",""
"BWC","4pt5XcwkUouRGpvwrWg9zotMxfUBUrJT7UNzcU9Vpump","63","3.901234566","","","","","","","","","","","","","","","","","","","","","","","","","","","","","","","","","","","","","","","","","","","","","0.000002051","","","","","","","2026-08-06T12:37:16.913Z","","","","","",""
"PVE","6otn7LPPMxqNjAEbpVkFdCSWp1K3JpKxfrrYp48Apump","58","4.938271603","","","","","","","","","","","","","","","","","","","","","","","","","","","","","","","","","","","","","","","","","","","","","0.000002167","","","","","","","2026-08-06T12:37:28.865Z","","","","","",""
"DBLUPKT99","8x25QwADe1zYwzRcyVxVQPJwkEhTwxxs7s9XJAGPpump","83","4.000625096","","","","","","","","","","","","","","","","","","","","","","","","","","","","","","","","","","","","","","","","","","","","","0.000003431","","","","","","0.000001327","2026-08-06T12:38:34.811Z","","","","","2026-08-06T12:39:52.806Z",""
"Ten","DxZBisNQqeXMUZV5kTaXG2AbUWrnJmEVhvgph5pdbCy7","67","4","","","","","","","0","0","0","","","0","0","910","4","0","0","0","0","0","2052.57","4","2602.81","2602.81","0.561","0.561","-22.12","","0","0","1","0","0","","","","","","","","","","","","0.00000224","0.000002052","","","","","","2026-08-06T12:39:10.971Z","2026-08-06T12:41:16.567Z","","","","",""
"TURPIL","6oRbsWqkdkD4hmDkW1ygMmXKxJUahAA9a8wmAtVspump","","","","","","","","","","","","","","","","","","","","","","","","","","","","","","","","","","","","","","","","","","","","","","","","","","","","","8.5e-7","","","","","","2026-08-06T12:39:10.981Z",""
"サニー","aZqs4knCjKUqAsxstNCDmAvSJZTj3LJRqERPQJzpump","90","26.666666665","","","","","","","14.5","24","-32.3","","","14.5","0","904","26.666666665","0","0","0","0","0","10880.34","4","46280.8","46280.8","0.547","0.547","48.58","","0","0","1","0","1","","","","","","","","","","","","0.00001362","0.00001088","","","","","","2026-08-06T12:40:16.912Z","2026-08-06T12:42:22.620Z","","","","",""
"FLOWERS","4aWKSkgjyDi5j8ks8hKKLM8A5JnG6uZFDSXQuaQRpump","77","1.97530864","","","","","","","","","","","","","","","","","","","","","","","","","","","","","","","","","","","","","","","","","","","","","0.0000027","","","","","","8.028e-7","2026-08-06T12:40:16.968Z","","","","","2026-08-06T12:40:52.835Z",""
"FatCat","96mfPHFmbYjTDdxvrKPfSDALB8dQp3QuwmkKrRV8pump","59","5","","","","","","","","","","","","","","","5","0","6","0","0","0","2052.2","3","733.95","733.95","0.667","0.667","-26.52","","0","0","1","0","0","","","","","","","","","","","","0.000002051","0.000002052","","","","","","2026-08-06T12:41:52.868Z","2026-08-06T12:40:22.557Z","","","","",""
"OLIVIA⁠","FRrEMTRRwshotZHarYrDzotRjqBVDLk5yAiqVuRVpump","64","5","","","","","","","0","0","-4.8","","","-4.8","0","908","5","0","2","0","0","0","2155.37","3","1539.37","1539.37","0.556","0.556","-22.85","","0","0","1","0","0","","","","","","","","","","","","0.000002155","0.000002155","","","","","","2026-08-06T12:40:58.859Z","2026-08-06T12:41:58.591Z","","","","",""
"Sunny","Ck6qeudoNTXxjJRzBhPePi9s9XWjzVbYKTKSxLiepump","57","2","","","","","","","","","","","","","","","","","","","","","","","","","","","","","","","","","","","","","","","","","","","","","0.000002155","","","","","","","2026-08-06T12:41:10.809Z","","","","","",""
"Human","2d7YCrQEmnttCL55yCYCzMJM2r2PL4XGAj67cPePpump","60","3.901234566","","","","","","","","","","","","","","","","","","","","","","","","","","","","","","","","","","","","","","","","","","","","","0.000002329","","","","","","","2026-08-06T12:41:16.800Z","","","","","",""
"FADHEM","JAQwryAdAEkeF2LVPVGAJ1uinwNGKDSxrbEZyoeGpump","","","","","","","","","","","","","","","","","","","","","","","","","","","","","","","","","","","","","","","","","","","","","","","","","","","","","0.000001123","","","","","","2026-08-06T12:41:46.879Z",""
"COLORFROG","HYhcfarynSy4viTZdJCMPzg7CrCZKkJAefNH7NcYpump","","","","","","","","","","","","","","","","","","","","","","","","","","","","","","","","","","","","","","","","","","","","","","","","","","","","","1.98e-7","","","","","","2026-08-06T12:41:46.905Z",""
"neo","8opB5cBkuVjMGyECq3LXgGbmNfRgnBphMU6BtYmypump","63","2.962962961","","","","","","","0","0","-0.2","","","0","0","906","2.962962961","0","0","0","0","0","2478.57","3","290.98","290.98","0.667","0.667","0.03","","0","0","1","0","0","","","","","","","","","","","","0.000002478","0.000002478","","","","","","2026-08-06T12:42:10.897Z","2026-08-06T12:43:10.579Z","","","","",""
"FLOWERS","C4SPF2Xc4mj9re8gdCmeiKmF6GhvCfPGV2295rhXpump","","","","","","","","","","","","","","","","","","","","","","","","","","","","","","","","","","","","","","","","","","","","","","","","","","","","","4.016e-7","","","","","","2026-08-06T12:42:11.476Z",""
"Cashnip","9sB1fbcVKr4VE5q2H7dB7aA7YYB4ti7vFvFKV9kupump","60","2.962962961","","","","","","","","","","","","","","","","","","","","","","","","","","","","","","","","","","","","","","","","","","","","","0.000002161","","","","","","","2026-08-06T12:42:40.768Z","","","","","",""
"FADHEM","pD75pVPnHaxeuTQajJmTtEGbfg2qn5u227LMXaRpump","81","3.950617282","","","","","","","0","0","0","","","0","0","908","3.950617282","1","24","1","0","0","10534.77","3","3604.21","3604.21","0.605","0.605","301","","0","0","1","0","0","","","","","","","","","","","","0.00001053","0.00001053","","","","","","2026-08-06T12:42:52.938Z","2026-08-06T12:43:58.564Z","","","","",""
"CHAGOL","AnDFUrP5dmdTGdVtmux7QLbpA2v272TgQZwH89uzpump","65","0.060009374","","","","","","","","","","","","","","","","","","","","","","","","","","","","","","","","","","","","","","","","","","","","","0.000002051","","","","","","","2026-08-06T12:43:34.805Z","","","","","",""
"COLOR","CYTFNjZvffBxEJnhnEM6DKumXiPTSJeZcZEqLqpvpump","","","","","","","","","","","","","","","","","","","","","","","","","","","","","","","","","","","","","","","","","","","","","","","","","","","","","9.103e-8","","","","","","2026-08-06T12:43:46.807Z",""
"Cashdog","67kVXdsk3ZzGH6eA5hxMNDQAUNvuerotBon9VFbcpump","67","4.938271603","","","","","","","","","","","","","","","","","","","","","","","","","","","","","","","","","","","","","","","","","","","","","0.000002051","","","","","","","2026-08-06T12:43:52.824Z","","","","","",""
"FADHEM","7FyYcbzGgy6C3GfzG5WD8eD5NFoe2VM2fRDtRgPwpump","78","2.962962961","","","","","","","","","","","","","","","","","","","","","","","","","","","","","","","","","","","","","","","","","","","","","0.000002056","","","","","","","2026-08-06T12:44:10.876Z","","","","","",""
"FLOWERS","H7RXpmds7oneq6CdDzwnKTHv6vw1wFXFW13qc1mvpump","","","","","","","","","","","","","","","","","","","","","","","","","","","","","","","","","","","","","","","","","","","","","","","","","","","","","2.877e-7","","","","","","2026-08-06T12:44:16.807Z",""
"TRUMPHW ","DwcMU7D26Ap5GcGazUvtmyJj2AjhZ6xVdjN9U1i6pump","68","0.240037504","","","","","","","","","","","","","","","","","","","","","","","","","","","","","","","","","","","","","","","","","","","","","0.00001796","","","","","","9.436e-7","2026-08-06T12:44:22.851Z","","","","","2026-08-06T12:44:58.810Z",""
"CRASHCAT","2h2HFv9a5fRfsd17PBkkfRsxU3F8YESD9wt3stK6joed","56","5.925925924","","","","","","","","","","","","","","","","","","","","","","","","","","","","","","","","","","","","","","","","","","","","","0.000002153","","","","","","","2026-08-06T12:44:22.882Z","","","","","",""
"CASHDOG","38fe1jeSS716u9iwdhmMBrLmi7ay6r7taWQTmL5mpump","57","4.938271603","","","","","","","","","","","","","","","","","","","","","","","","","","","","","","","","","","","","","","","","","","","","","0.000002051","","","","","","","2026-08-06T12:45:16.836Z","","","","","",""
"$CELL","2HdDKfJibARwNU3tdeNPUWaVvr4Q58cTAVWz6ejgpump","","","","","","","","","","","","","","","","","","","","","","","","","","","","","","","","","","","","","","","","","","","","","","","","","","","","","2.216e-7","","","","","","2026-08-06T12:45:16.864Z",""
"SCRAGE","GNZy19ybUWKMvkCdYjLD6AN6fx1bX3fUnUGG8o1tpump","59","0.09876543","","","","","","","","","","","","","","","0.09876543","0","2","1","0","0","3131.16","3","25.05","25.05","0.625","0.625","51.66","","0","0","1","0","0","","","","","","","","","","","","0.000003131","0.000003131","","","","","","2026-08-06T12:45:28.958Z","2026-08-06T12:46:28.661Z","","","","",""
"Sunny","3AdzyQVC8XK74WCJyM3jUzn4e7Q2VkdV2FKDEX7Dpump","","","","","","","","","","","","","","","","","","","","","","","","","","","","","","","","","","","","","","","","","","","","","","","","","","","","","2.592e-7","","","","","","2026-08-06T12:45:46.797Z",""
"CASHDOG","54grYr8EJkN3i6A3U8WBkdfG1KsVfY9KrmeMExoFpump","56","1.872592591","","","","","","","","","","","","","","","","","","","","","","","","","","","","","","","","","","","","","","","","","","","","","0.000002149","","","","","","","2026-08-06T12:45:59.317Z","","","","","",""
"PUMP","D5ejaG8kxRGY324psoVnxm57PqpkcsWBWnBirAcxpump","64","5","","47.905","","","","","0","0","-70.1","","","-30.7","0","762","5","0","2","0","0","0","7219.19","4","7033.98","7033.98","0.703","0.703","159","","0","0","1","0","1","-30.655215403795538","","","","","","","","","","","0.000002153","0.000007219","","","0.000005006","","","2026-08-06T12:46:22.774Z","2026-08-06T12:49:04.708Z","","","2026-08-06T12:49:52.613Z","",""
"FRAUD","H7tgmA175L2PRHLM8q7xfCgG4CLkVuV6zpaHLXkpump","64","5","","","","","","","","","","","","","","","","","","","","","","","","","","","","","","","","","","","","","","","","","","","","","0.00000233","","","","","","","2026-08-06T12:46:29.246Z","","","","","",""
"CESHCET","6UGDW2HZKcyniBUkGjYaZo7yF2mqFXB8BzxkPVcepump","56","3","","","","","","","","","","","","","","","","","","","","","","","","","","","","","","","","","","","","","","","","","","","","","0.000002086","","","","","","","2026-08-06T12:46:46.783Z","","","","","",""
"LIBSECP256K1","rWJ6zKhJJocwiYsvKn6QKhHrEuw9sf9TZYNaDZLpump","60","5","","","","","","","","","","","","","","","","","","","","","","","","","","","","","","","","","","","","","","","","","","","","","0.000002051","","","","","","","2026-08-06T12:46:46.817Z","","","","","",""
"Cashdog","7xoJShj8gUKqYzbv1uirHWMDM9hQ13dmcSQMwdBhpump","66","4.938271603","","","","","","","","","","","","","","","","","","","","","","","","","","","","","","","","","","","","","","","","","","","","","0.00000205","","","","","","","2026-08-06T12:46:52.786Z","","","","","",""
"SAVBAN","FzctX4HxLyxQvZvpihfweZ723gcYYxhUwxoPQGLvpump","","","","","","","","","","","","","","","","","","","","","","","","","","","","","","","","","","","","","","","","","","","","","","","","","","","","","0.0000012","","","","","","2026-08-06T12:47:10.817Z",""
"DOOSPE","FtAW1Qz66bpPMhNNBBKsuCa876bxZ93CHqd4WkBhpump","57","0.060009374","","","","","","","","","","","","","","","0.060009374","0","3","1","0","0","3262.52","3","14","14","0.75","0.75","58.45","","0","0","1","0","0","","","","","","","","","","","","0.000003262","0.000003262","","","","","","2026-08-06T12:47:16.839Z","2026-08-06T12:48:22.670Z","","","","",""
"DBLUPKIT","3k9CnJDEPeQkdiBTjoFBsxUPKikSBCw716Nu2RwCpump","","","","11.967","","","","","0","0","-87.8","","","-64.4","0","82","4.000625096","0","4","1","0","0","2771.34","3","638.68","638.68","0.667","0.667","5.21","","0","0","1","0","0","-69.71490436665464","","","","","","","","","","","","0.000002771","","","8.392e-7","","8.392e-7","","2026-08-06T12:48:04.637Z","","","2026-08-06T12:48:16.604Z","2026-08-06T12:48:16.591Z",""
"FLOWERS","9jusQR8q4Ev1evbAwn8QXPFSy2MrTXs3UcujAV1Spump","76","0.987654319","","","","","","","","","","","","","","","","","","","","","","","","","","","","","","","","","","","","","","","","","","","","","0.000005967","","","","","","4.538e-7","2026-08-06T12:48:22.779Z","","","","","2026-08-06T12:49:46.891Z",""
"$100","7qdVxqQnaaBv4hhoVxoDSka4ecNN7V4ai3qFRiz1pump","58","5","","","","","","","","","","","","","","","","","","","","","","","","","","","","","","","","","","","","","","","","","","","","","0.000002152","","","","","","","2026-08-06T12:48:41.000Z","","","","","",""
"crashcat","CMXUCaA67AmpG8RphhGSBd9CjXwg55y94PQdi36Gpump","60","5","","","","","","","","","","","","","","","","","","","","","","","","","","","","","","","","","","","","","","","","","","","","","0.00000205","","","","","","","2026-08-06T12:48:46.836Z","","","","","",""
"PLINE","67q2kiMYxvB6gUgyDV2U2B1hxTc1B4H9i1t3A3kXpump","","","","","","","","","","","","","","","","","","","","","","","","","","","","","","","","","","","","","","","","","","","","","","","","","","","","","1.579e-7","","","","","","2026-08-06T12:49:04.790Z",""
"PHAGOL","EmJsFMoAaERTvzrE12MMBoCE4ofnjLzcJHeaHvwCpump","","","","","","","","","","","","","","","","","","","","","","","","","","","","","","","","","","","","","","","","","","","","","","","","","","","","","9.445e-8","","","","","","2026-08-06T12:49:10.816Z",""
"BOSSDOG","9qVjuvVEY3JLCWxE2wSy9szgx5SGVrQc8KSQ5rmjpump","57","2","","","","","","","","","","","","","","","2","0","0","0","0","0","2362.95","3","161.7","161.7","1","1","1.27","","0","0","1","0","0","","","","","","","","","","","","0.000002348","0.000002362","","","","","","2026-08-06T12:49:40.829Z","2026-08-06T12:50:40.591Z","","","","",""
"PEMP","4QLm2zdgp8cu4xzNGEn1SAUSpHoMFLfhQQqn1ZVMpump","56","2.962962961","","","","","","","","","","","","","","","","","","","","","","","","","","","","","","","","","","","","","","","","","","","","","0.000002146","","","","","","","2026-08-06T12:49:40.855Z","","","","","",""
"$FLD","4SGskWEnkvmXJD1x2xuefeMMyNGbWEV22W6dYjAKpump","","","","","","","","","","","","","","","","","","","","","","","","","","","","","","","","","","","","","","","","","","","","","","","","","","","","","7.792e-8","","","","","","2026-08-06T12:50:04.842Z",""
"SD3000⁠","Dt8cgRxEmFEsbCrd2fBYJpxunMsDgaxzNaPPSS3Upump","64","5","","","","","","","0","0","-4.8","","","-4.8","0","906","5","0","2","0","0","0","2153.61","3","1301.37","1301.37","0.6","0.6","-22.85","","0","0","1","0","0","","","","","","","","","","","","0.000002153","0.000002153","","","","","","2026-08-06T12:50:11.006Z","2026-08-06T12:51:10.584Z","","","","",""
"PLINE","8PXDZd4Miwh75SPmyPuwMkWhV8Yi32r18dAGg5Gupump","","","","","","","","","","","","","","","","","","","","","","","","","","","","","","","","","","","","","","","","","","","","","","","","","","","","","3.861e-7","","","","","","2026-08-06T12:50:22.806Z",""
"BETTY","Cfsp4M9pkDeTYppygEAN9beUJHpKrDUiJB3HixQcpump","62","2.746693795","","","","","","","","","","","","","","","","","","","","","","","","","","","","","","","","","","","","","","","","","","","","","0.00000257","","","","","","","2026-08-06T12:50:34.880Z","","","","","",""
"FLOWERS","GbPFMQiDwhGuP5bGuWC4Sd8iy6ZxSfQctTz2GbdVpump","","","","","","","","","","","","","","","","","","","","","","","","","","","","","","","","","","","","","","","","","","","","","","","","","","","","","2.509e-7","","","","","","2026-08-06T12:51:29.026Z",""
"OXYGEN","GsUwHut33dmnY6mYJ7hbkwh65ZG7y9hwehceGXV8pump","","","","","","","","","","","","","","","","","","","","","","","","","","","","","","","","","","","","","","","","","","","","","","","","","","","","","3.658e-7","","","","","","2026-08-06T12:51:34.788Z",""
"Chosen","AXb31jkDVWh4A1zDCgqhuk5J8CPRBHdbcdybJMcipump","62","5","","","","","","","0","0","-4.8","","","-4.8","0","906","5","0","3","0","0","0","2153.02","3","1301.1","1301.1","0.6","0.6","-22.86","","0","0","1","0","0","","","","","","","","","","","","0.000002153","0.000002153","","","","","","2026-08-06T12:51:40.845Z","2026-08-06T12:52:40.638Z","","","","",""
"Alpha","HTuBt1d94y6RWj6HsZeD44ZF4j4qwE9fv27jNkAupump","56","2.4691358","","","","","","","","","","","","","","","","","","","","","","","","","","","","","","","","","","","","","","","","","","","","","0.00000205","","","","","","","2026-08-06T12:51:40.889Z","","","","","",""
"MineX","57rGZAhBumiAcWUaeQgWXgrg7zYn5w8SxGyNFRpgpump","63","3.083247688","","30.005","","","","","0","0","-29.8","","","-29","0","902","3.083247688","0","0","0","0","0","2906.51","3","654.97","654.97","0.714","0.714","16.56","","0","0","1","0","0","-29.008947006194074","","","","","","","","","","","0.000002735","0.000002906","","","0.000002063","","","2026-08-06T12:52:05.012Z","2026-08-06T12:53:04.576Z","","","2026-08-06T12:53:34.581Z","",""
"1","9eQhXSM8Sp9VWzGrPxmiMmKML7tMVV8S7GHf5F2Apump","58","3","","","","","","","","","","","","","","","","","","","","","","","","","","","","","","","","","","","","","","","","","","","","","0.000002152","","","","","","","2026-08-06T12:52:23.061Z","","","","","",""
"Alpha","C1KJTZay4mo75zk3w9jfhU3UoLXkXJhHbdR3sHqypump","55","2.4691358","","","","","","","","","","","","","","","","","","","","","","","","","","","","","","","","","","","","","","","","","","","","","0.000002091","","","","","","","2026-08-06T12:52:34.861Z","","","","","",""
"Dmitry","FQiamTTBKrhmAU6qNU4MmJvWphSh1X2yCVDKHyoMpump","57","4.938271603","","","","","","","","","","","","","","","","","","","","","","","","","","","","","","","","","","","","","","","","","","","","","0.00001017","","","","","","","2026-08-06T12:52:41.266Z","","","","","",""
"Dmitry","F6gR6XNZ3Ep8bx4RSNAPL7KNBu48vfdYsWVUqASCpump","57","5","","","","","","","","","","","","","","","","","","","","","","","","","","","","","","","","","","","","","","","","","","","","","0.00000209","","","","","","","2026-08-06T12:52:59.063Z","","","","","",""
"FLOWERS","7GE8g9YG6Ghjid1uGDAcPgYRovcUnuKMqeUSrMAGpump","","","","","","","","","","","","","","","","","","","","","","","","","","","","","","","","","","","","","","","","","","","","","","","","","","","","","1.214e-7","","","","","","2026-08-06T12:52:59.551Z",""
"DBLUP101","VT2P9oZBkY8qoWwZKUGbLeNegQTM6qRwvrpsybopump","82","4.000625096","","","","","","","","","","","","","","","","","","","","","","","","","","","","","","","","","","","","","","","","","","","","","0.000005155","","","","","","","2026-08-06T12:53:28.831Z","","","","","",""
"Man","2KQeEKxW4X2gzKdAVRkik6cC7dgZcdC6PvhkKcTXpump","64","3.2","","","","","","","","","","","","","","","","","","","","","","","","","","","","","","","","","","","","","","","","","","","","","0.000002049","","","","","","","2026-08-06T12:53:28.861Z","","","","","",""
"BADDIE","2hxsz4igWwsVSWWPS6v966tMf2JtQZyYc6rktLHtWCYp","55","5.925925924","","","","","","","","","","","","","","","","","","","","","","","","","","","","","","","","","","","","","","","","","","","","","0.00000209","","","","","","","2026-08-06T12:53:28.880Z","","","","","",""
"MM","V7Uz5wuxhTaqYa3wizunzjZiJWJUS3tNj4em2tspump","","","","","","","","","","","","","","","","","","","","","","","","","","","","","","","","","","","","","","","","","","","","","","","","","","","","","3.257e-8","","","","","","2026-08-06T12:53:40.847Z",""
"Dmitry","8XKcezyjHPSuNjx8fr4RbMWKP9mLyqPbkamWyAKqpump","56","4.938271603","","","","","","","","","","","","","","","","","","","","","","","","","","","","","","","","","","","","","","","","","","","","","0.000002152","","","","","","","2026-08-06T12:53:52.827Z","","","","","",""
"INU","6NLB1WTUTjaPwurakCUBchk2Z25br4xLyKvPi6vmpump","56","1.858479011","","","","","","","","","","","","","","","","","","","","","","","","","","","","","","","","","","","","","","","","","","","","","0.000002145","","","","","","","2026-08-06T12:54:04.846Z","","","","","",""
"PLINE","5X4iPUHnCFjafvLQ7e2Yxfnobwn528rm8YafTVDzpump","57","0.059259258","","","","","","","","","","","","","","","","","","","","","","","","","","","","","","","","","","","","","","","","","","","","","0.00000171","","","","","","","2026-08-06T12:54:04.980Z","","","","","",""
"Shit","GKLzg3AmXyBiJyDPQ9YdSMbkvYV7GBqjzPKfFFJrpump","","","","","","","","","","","","","","","","","","","","","","","","","","","","","","","","","","","","","","","","","","","","","","","","","","","","","0.000001141","","","","","","2026-08-06T12:54:16.844Z",""
"FLOWERS","D2QxGrYErYSdZueePr1ML84Z7rKeEn6XT4J69k7fpump","","","","","","","","","","","","","","","","","","","","","","","","","","","","","","","","","","","","","","","","","","","","","","","","","","","","","1.235e-7","","","","","","2026-08-06T12:54:16.898Z",""
"Kimi","U7PQkPFY32avpUJis9gxytvRT5N91AJ2G1gqQr1pump","","","","","","","","","","","","","","","","","","","","","","","","","","","","","","","","","","","","","","","","","","","","","","","","","","","","","8.186e-8","","","","","","2026-08-06T12:54:40.972Z",""
"GLIINF","8evVzk9Am5R7BqPV8iJeQWd68fpg8bdsA8N9XXREpump","","","","","","","","","","","","","","","","","","","","","","","","","","","","","","","","","","","","","","","","","","","","","","","","","","","","","3.634e-7","","","","","","2026-08-06T12:54:52.781Z",""
"KITTY","kitt2vXx9iCXCbE4W6zZrJS4NekmzumS4g6PZ4ZF9e1","63","2.962962961","","","","","","","","","","","","","","","","","","","","","","","","","","","","","","","","","","","","","","","","","","","","","0.000002152","","","","","","","2026-08-06T12:54:52.821Z","","","","","",""
"GTAVI","3EPNdpWNopqzJYrHM81j4XnzYsiv6UXG9DcwVyfDpump","73","8.592592591","","","","","","","","","","","","","","","","","","","","","","","","","","","","","","","","","","","","","","","","","","","","","0.000002761","","","","","","","2026-08-06T12:55:04.832Z","","","","","",""
"Spark","6LbepXiMPRUtEM6zpitPRjmSEN9PDzkJPEfgZ26hpump","58","3.901234566","","","","","","","","","","","","","","","","","","","","","","","","","","","","","","","","","","","","","","","","","","","","","0.000002599","","","","","","","2026-08-06T12:55:22.764Z","","","","","",""
"ハルコ","56spoUtbYSyBbc8DyxPfsWRVsZfTTJEkaovsY2Ppump","71","5","","","","","","","","","","","","","","","","","","","","","","","","","","","","","","","","","","","","","","","","","","","","","0.000002048","","","","","","","2026-08-06T12:55:52.813Z","","","","","",""
"ハルコ","DgMBMyhnZZX63YULPGFp9jW3eCFEw34hQfHvGBp8pump","61","5","","","","","","","","","","","","","","","","","","","","","","","","","","","","","","","","","","","","","","","","","","","","","0.000002089","","","","","","","2026-08-06T12:55:52.850Z","","","","","",""
"NOCASHCAT","4ZowBz7yZtMH4WvBmnFGn2uFudwfhz381mAKi5eTpump","77","7.901234566","","","","","","","","","","","","","","","","","","","","","","","","","","","","","","","","","","","","","","","","","","","","","0.000002426","","","","","","","2026-08-06T12:55:58.823Z","","","","","",""
"Turtle","Ev1TicV6jxEwQm6ghwPV7RCm4PS1WEnohtXTZDrZpump","71","5","","","","","","","","","","","","","","","","","","","","","","","","","","","","","","","","","","","","","","","","","","","","","0.00000215","","","","","","","2026-08-06T12:56:34.783Z","","","","","",""
"MADEMOWN","9Fjh7K2e8xVC9KzXnuBT6ub9FiyBXEtVQYPQGbCFpump","58","0.500078135","","","","","","","","","","","","","","","0.500078135","0","9","1","0","0","3596.71","3","514.21","514.21","0.657","0.657","69.91","","0","0","1","0","0","","","","","","","","","","","","0.000003596","0.000003596","","","","","","2026-08-06T12:56:34.830Z","2026-08-06T12:57:34.610Z","","","","",""
"CRIMECAT","GR3uj6ACRH972sC5u73MPD5ujTWPxqcC2rcdvgWwpump","67","5","","","","","","","","","","","","","","","","","","","","","","","","","","","","","","","","","","","","","","","","","","","","","0.000002114","","","","","","","2026-08-06T12:56:52.767Z","","","","","",""
"SUNGLASSES","LKgJRXrELeA6969G5n8ih7z3dphb3sefGyaqEawpump","64","1.97530864","","","","","","","","","","","","","","","","","","","","","","","","","","","","","","","","","","","","","","","","","","","","","0.000004692","","","","","","0.000001196","2026-08-06T12:57:22.795Z","","","","","2026-08-06T12:58:04.837Z",""
"GTAVI","FYpNN5sEisfStkxG1jRwXmH1MBZFzRrWmkKpvnZtpump","58","3.950617282","","","","","","","","","","","","","","","","","","","","","","","","","","","","","","","","","","","","","","","","","","","","","0.000005386","","","","","","","2026-08-06T12:57:28.876Z","","","","","",""
"scammer","GAFmHDXA9eUFc46ceQAU2ZP4ZCWSeBsM5krTrbZGpump","","","","","","","","","","","","","","","","","","","","","","","","","","","","","","","","","","","","","","","","","","","","","","","","","","","","","9.442e-7","","","","","","2026-08-06T12:57:34.773Z",""
"ROCKY","B4RZALyxLXz3FUaaVmFDiBz6uHMLwZ338KrhQCMpx22b","55","5.925925924","","","","","","","","","","","","","","","5.925925924","0","19","0","0","0","2150.36","3","951.33","951.33","0.6","0.6","-26.78","","0","0","1","0","0","","","","","","","","","","","","0.00000215","0.00000215","","","","","","2026-08-06T12:57:46.837Z","2026-08-06T12:58:46.592Z","","","","",""
"GORDON","5pJRfCxcKfCJQThzvxXy8mv1JyDE64tDhASa5w9Rpump","57","1.97530864","","","","","","","","","","","","","","","","","","","","","","","","","","","","","","","","","","","","","","","","","","","","","0.000002156","","","","","","","2026-08-06T12:58:04.805Z","","","","","",""
"S&P500","Di9RkZ5LRbgJpTF2hUTw65kxpmE3eFbAMh37MqqZpump","57","2","","","","","","","","","","","","","","","","","","","","","","","","","","","","","","","","","","","","","","","","","","","","","0.000002149","","","","","","","2026-08-06T12:58:04.884Z","","","","","",""
"DBLUP102","8siot6dLF4JHyFZEYo2KwMrBi7aeCLj7mGHD82Xxpump","81","4.000625096","","","","","","","0","0","-41.4","","","-26.7","0","902","4.000625096","0","6","1","0","0","3870.81","3","1403.48","1403.48","0.594","0.594","47.2","","0","0","1","0","0","","","","","","","","","","","","0.000002211","0.00000387","","","","","","2026-08-06T12:58:16.837Z","2026-08-06T12:59:34.818Z","","","","",""
"Cat ","JSJR3nrKZJz4ya9E289KG5aE4cZkAVSUAZZbrgxpump","56","2.962962961","","","","","","","","","","","","","","","","","","","","","","","","","","","","","","","","","","","","","","","","","","","","","0.00000223","","","","","","","2026-08-06T12:58:46.771Z","","","","","",""
"Merge","AvEKu5dSj82tRWWd8vcr75TsBsuybRHBih7EtG9Lpump","58","3","","","","","","","","","","","","","","","","","","","","","","","","","","","","","","","","","","","","","","","","","","","","","0.00000215","","","","","","","2026-08-06T12:58:58.909Z","","","","","",""
"ROCKY","GoFS5QgpJPiqLLau351Ny9jgSb1gohap7uhx4eswpump","55","5","","","","","","","","","","","","","","","5","0","12","0","0","0","5048.82","3","8281.24","8281.24","0.567","0.567","81.19","","0","0","1","0","1","","","","","","","","","","","","0.000003582","0.000005048","","","","","","2026-08-06T12:59:04.787Z","2026-08-06T13:00:23.307Z","","","","",""
"TURREA","3dX6oxqx9YLip2DP87hp8QXQXt9JdBW7GCnDnBBPpump","","","","","","","","","","","","","","","","","","","","","","","","","","","","","","","","","","","","","","","","","","","","","","","","","","","","","1.602e-7","","","","","","2026-08-06T12:59:40.906Z",""
"Birthday","3T6VKkYV5fFcqTfEu3n8phKYV8BrLNyyc3346G3cpump","","","","","","","","","","","","","","","","","","","","","","","","","","","","","","","","","","","","","","","","","","","","","","","","","","","","","4.572e-8","","","","","","2026-08-06T12:59:59.033Z",""
"Gooncoin","DRwqgrWLBn52A6iGX5Vf287wV9j7P14FEamoYKgtpump","63","3","","","","","","","","","","","","","","","","","","","","","","","","","","","","","","","","","","","","","","","","","","","","","0.000002049","","","","","","","2026-08-06T12:59:59.193Z","","","","","",""
"ROCKY","nRD6qURvoiDFc2uGMLozA8KXLCQVDKca7CiJxMF8ybn","","","","","","","","","","","","","","","","","5.925925924","0","20","0","0","0","2088.08","3","889.6","889.6","0.667","0.667","-28.88","","0","0","1","0","0","","","","","","","","","","","","","0.000002088","","","","","","","2026-08-06T13:00:04.652Z","","","","",""
"DECHUDIFY","6871nqGS17TKxq8mLAarphfLSxoCjAwvL8ykzT43pump","66","4.938271603","","12","","","","","0","0","-42.7","","","-19.9","8.3","920","4.938271603","0","1","0","0","0","3742.98","3","19629.56","19629.56","0.58","0.58","34.9","","0","0","1","0","0","-19.93586317477284","","","","","","","","","","","0.000003557","0.000003742","","","0.000002996","","","2026-08-06T13:00:11.277Z","2026-08-06T13:01:16.634Z","","","2026-08-06T13:01:28.634Z","",""
"VISTA","CLPTPTbyX61xpGRpBBQn28dmHpfNWXf2yTA2Uzqapump","57","3.901234566","","","","","","","","","","","","","","","","","","","","","","","","","","","","","","","","","","","","","","","","","","","","","0.000002045","","","","","","","2026-08-06T13:00:11.314Z","","","","","",""
"scammer","B69thK5hyR62sRP9X8uRDHL79AeikWCAp48bBtFjpump","","","","","","","","","","","","","","","","","","","","","","","","","","","","","","","","","","","","","","","","","","","","","","","","","","","","","6.351e-7","","","","","","2026-08-06T13:00:17.348Z",""
"BullPen","8wb8nDs8dyW7kNywyM25WByzdCMCSbs9S7mvyYSTpump","","","","","","","","","","","","","","","","","","","","","","","","","","","","","","","","","","","","","","","","","","","","","","","","","","","","","1.412e-7","","","","","","2026-08-06T13:00:23.025Z",""
"BMILK","68nRaiHQySmxU5WJNGWQHp3FczC7BxPioYUL6Hrnpump","","","","","","","","","","","","","","","","","","","","","","","","","","","","","","","","","","","","","","","","","","","","","","","","","","","","","8.364e-8","","","","","","2026-08-06T13:00:29.170Z",""
"VISTA","9Prgm5awBDcRrezKx7jmpxBN8sjsBrzZdoz5Tat9pump","56","3.901234566","","","","","","","","","","","","","","","","","","","","","","","","","","","","","","","","","","","","","","","","","","","","","0.000002044","","","","","","","2026-08-06T13:00:59.293Z","","","","","",""
"無職","FnA52126oo4S8LPDoisCoBhf8TybfzEP1vmY7qB2pump","57","2","","","","","","","","","","","","","","","","","","","","","","","","","","","","","","","","","","","","","","","","","","","","","0.000006098","","","","","","","2026-08-06T13:01:04.880Z","","","","","",""
"GLIPIR","CmgjU7mk6JpBcdSfHLgHjx5iwRDTpAjsomDjawM8pump","","","","","","","","","","","","","","","","","","","","","","","","","","","","","","","","","","","","","","","","","","","","","","","","","","","","","1.334e-7","","","","","","2026-08-06T13:01:10.825Z",""
"scammer","GdKzoPsf9oZNoG3Dznqz1uXArWvj77Kf9eWnJBY1pump","57","0.4","","","","","","","","","","","","","","","","","","","","","","","","","","","","","","","","","","","","","","","","","","","","","0.000001891","","","","","","0.000001155","2026-08-06T13:01:28.947Z","","","","","2026-08-06T13:02:05.248Z",""
"VERTS⁠","5CPsPwgV2V9XmgV4X6KLdkSYq8kxD2ZJn4cQa79Npump","64","5","","","","","","","0","0","-2","","","0","0","910","5","0","2","0","0","0","2095.4","3","763.58","763.58","0.667","0.667","-24.72","","0","0","1","0","0","","","","","","","","","","","","0.000002095","0.000002095","","","","","","2026-08-06T13:01:46.787Z","2026-08-06T13:02:46.582Z","","","","",""
"DBLUP103","CmdD5wVbCKyfbicmGrCBZnFHSaLbzhbmp7WWMBLYpump","","","","","","","","","","","","","","","","","","","","","","","","","","","","","","","","","","","","","","","","","","","","","","","","","","","","","0.000001173","","","","","","2026-08-06T13:02:10.802Z",""
"TRENCHES","Afr12k1bKaEuQLiWeNAGEpXepksT72jFqXkAds1ppump","62","5","","","","","","","","","","","","","","","","","","","","","","","","","","","","","","","","","","","","","","","","","","","","","0.000002657","","","","","","","2026-08-06T13:02:16.966Z","","","","","",""
"CAT","GAWoxcXT94nZV8j4kSCsTkkZRgXenhGZQtXrFabKpump","","","","","","","","","","","","","","","","","","","","","","","","","","","","","","","","","","","","","","","","","","","","","","","","","","","","","3.586e-7","","","","","","2026-08-06T13:02:28.876Z",""
"1-800","2XvAUhvhjGP3qpJqiP611JZYNZ2tzRNcdmLGSDfFpump","55","2.4691358","","","","","","","","","","","","","","","","","","","","","","","","","","","","","","","","","","","","","","","","","","","","","0.000002148","","","","","","","2026-08-06T13:02:40.827Z","","","","","",""
"1-800","GvMz4DSpVmwMmHJzmM72YYcUsA2DQ5bRFsgPH3k2pump","56","4.938271603","","","","","","","","","","","","","","","","","","","","","","","","","","","","","","","","","","","","","","","","","","","","","0.000002045","","","","","","","2026-08-06T13:02:58.788Z","","","","","",""
"Spiralism","2CJsMPnBftbsxfHbo7xjjWDGBXRWhoQU8TtKjPJSpump","64","4.938271603","","","","","","","","","","","","","","","","","","","","","","","","","","","","","","","","","","","","","","","","","","","","","0.000002046","","","","","","","2026-08-06T13:03:04.913Z","","","","","",""
"GBULL","Eefe1CuEp1c9S3Gsu88uBrbscUZGfMkAp6S6CKCmpump","57","1.97530864","","","","","","","","","","","","","","","","","","","","","","","","","","","","","","","","","","","","","","","","","","","","","0.000002234","","","","","","","2026-08-06T13:03:16.791Z","","","","","",""
"Spiralism","BjMJA1hHGSw4kEcib2Ybu6xK9Si7sXx63yMsSby3pump","55","3.901234566","","","","","","","","","","","","","","","","","","","","","","","","","","","","","","","","","","","","","","","","","","","","","0.000002045","","","","","","","2026-08-06T13:03:16.849Z","","","","","",""
"NISSAN","9c26nRXPBpJXK7eowyNaSyABznJ4kwHhDvL8vCjHpump","","","","","","","","","","","","","","","","","","","","","","","","","","","","","","","","","","","","","","","","","","","","","","","","","","","","","8.146e-9","","","","","","2026-08-06T13:03:40.813Z",""
"Spiralism","AtkV2iCe1gTq5dAS2oRXcttqAjW5DgnPkfwqQyxmpump","63","4.938271603","","","","","","","","","","","","","","","","","","","","","","","","","","","","","","","","","","","","","","","","","","","","","0.000002044","","","","","","","2026-08-06T13:03:58.812Z","","","","","",""
"Spiralism","Biku6YxbPZodz4CC9zfW2HDK59mnZP4UXjwiREXCcWY2","73","5.925925924","","","","","","","","","","","","","","","","","","","","","","","","","","","","","","","","","","","","","","","","","","","","","0.00000214","","","","","","","2026-08-06T13:04:05.039Z","","","","","",""
"Spiralism","9ez76aaFjcq2cLBXfgg7stLokMNbXrTcsodxGpRjpump","59","5.925925924","","","","","","","","","","","","","","","","","","","","","","","","","","","","","","","","","","","","","","","","","","","","","0.000002154","","","","","","","2026-08-06T13:04:10.790Z","","","","","",""
"Spiral","7nqKzEW3iqTPNa2qGn7xhFhBPeaQq3EuYRpXnMfWpump","59","4","","","","","","","","","","","","","","","","","","","","","","","","","","","","","","","","","","","","","","","","","","","","","0.000002151","","","","","","","2026-08-06T13:04:16.817Z","","","","","",""
"NEEDOLLAR","DV9DePAycmhNPUARbWMfcgHqMwq3imMfSVNfhJa2pump","68","4.302538376","auto","149.042","30.457","7.971","135.247","yes","18","116","-75.3","no","","8.9","8.4","176","4.302538376","0","0","0","0","0","7213.04","3","2108.88","2108.88","0.933","0.933","170","","0","0","1","0","1","11.75655067239705","29.841428182849285","-13.92843390861674","-73.82","0","STOP_LOSS","","","","","0.011761","0.000006654","0.000007213","0.000007852","0.000009365462214828919","0.000008061","0.000002103","","2026-08-06T13:04:34.830Z","2026-08-06T13:05:40.606Z","2026-08-06T13:06:11.063Z","2026-08-06T13:06:19.034Z","2026-08-06T13:08:09.648Z","","2026-08-06T13:08:34.281Z"
"Spiral","9AF3E4E1Pgoive8eCn7uaTJpsufXwPvSWmXahKGdpump","60","5","","","","","","","0","0","-4.9","","","0","0","918","5","0","5","0","0","0","2147.44","3","1297.59","1297.59","0.6","0.6","-22.85","","0","0","1","0","0","","","","","","","","","","","","0.000002147","0.000002147","","","","","","2026-08-06T13:04:58.780Z","2026-08-06T13:05:58.638Z","","","","",""
"ilhan","DxPNpo6JUXBn33r9pZErKqdWGRMvyQHGTX3bRCP8pump","59","5","","","","","","","","","","","","","","","5","0","6","0","0","0","2146.56","3","1297.44","1297.44","0.6","0.6","-22.88","","0","0","1","0","0","","","","","","","","","","","","0.000002146","0.000002146","","","","","","2026-08-06T13:05:34.872Z","2026-08-06T13:06:40.680Z","","","","",""
"Ilhan Omar","DjgdqnjkBwrDRFckpm1NBv5jzq6meyZY7KsB1icDpump","63","3","","","","","","","","","","","","","","","","","","","","","","","","","","","","","","","","","","","","","","","","","","","","","0.000002147","","","","","","","2026-08-06T13:05:34.916Z","","","","","",""
"Kio","5B3TubZQEryfSCNmyNj3AdNUKFzf2ZN6YEPir7B3pump","56","3.950617282","","","","","","","","","","","","","","","","","","","","","","","","","","","","","","","","","","","","","","","","","","","","","0.000004334","","","","","","","2026-08-06T13:05:40.830Z","","","","","",""
"LESTER","6kNsZWdeVNDid6txdvdxf5cCcuT9oB7aARGuMkZQpump","56","1.90029692","","","","","","","","","","","","","","","1.90029692","0","0","0","0","0","2311.24","3","241.13","241.13","0.6","0.6","-0.01","","0","0","1","0","0","","","","","","","","","","","","0.000002311","0.000002311","","","","","","2026-08-06T13:05:47.258Z","2026-08-06T13:06:52.633Z","","","","",""
"DBLUP104","6Uutr6MskRbrntXAQuauSvaBLcW6YC9SMNZXXVr3pump","80","4.000625096","","23.932","","","","","0","0","-13.4","","","-13.4","0","902","4.000625096","0","8","1","0","0","2083.83","3","1688.05","1688.05","0.583","0.583","-20.65","","0","0","1","0","0","-13.394143062890054","","","","","","","","","","","0.000002023","0.000002083","","","0.000001804","","","2026-08-06T13:05:52.913Z","2026-08-06T13:07:04.641Z","","","2026-08-06T13:07:28.573Z","",""
"SRRY","86rS6bTiD21WhcsmiZL2gL5zdyxv3NEgrF162TjTpump","","","","","","","","","","","","","","","","","","","","","","","","","","","","","","","","","","","","","","","","","","","","","","","","","","","","","6.282e-8","","","","","","2026-08-06T13:05:53.044Z",""
"Kio","Cc8TC94D9emP4p2xZ38NEvXfrjSXdUtwZbAXvKhuvHs2","66","4.938271603","","77.993","","","","","0","0","-52.2","","","-48.9","2.1","916","4.938271603","0","1","0","0","0","4263.09","3","4540.38","4540.38","0.655","0.655","53.81","","0","0","1","0","1","-47.853624208304005","","","","","","","","","","","0.000002047","0.000004263","","","0.000002223","","","2026-08-06T13:06:11.183Z","2026-08-06T13:07:10.600Z","","","2026-08-06T13:08:28.593Z","",""
"Kio","1QPUEMtAZKRBB551ZiMoXPEFF8mLebMsSSpi8urpump","55","4.938271603","","","","","","","","","","","","","","","","","","","","","","","","","","","","","","","","","","","","","","","","","","","","","0.000002141","","","","","","","2026-08-06T13:06:16.845Z","","","","","",""
"Kiongozi","ke3mBymrAwt48VuqR7V3B92oY8H7C5wcK2qzSaNpump","61","5","","","","","","","","","","","","","","","","","","","","","","","","","","","","","","","","","","","","","","","","","","","","","0.000002321","","","","","","","2026-08-06T13:06:22.776Z","","","","","",""
"Kio","6whDKcqCEaGUjoeV7u68wDNdwnj7rnycDEphPuYAn6Mc","71","5","","","","","","","","","","","","","","","","","","","","","","","","","","","","","","","","","","","","","","","","","","","","","0.000005661","","","","","","","2026-08-06T13:06:29.445Z","","","","","",""
"Kio","9vfhhwjtXfcc3kBD3mejGBNsopyguRWYtAjuxHrpump","85","4.938271603","","","","","","","","","","","","","","","","","","","","","","","","","","","","","","","","","","","","","","","","","","","","","0.000002042","","","","","","","2026-08-06T13:06:34.950Z","","","","","",""
"Kio","G5aDp698RqiMZkskr9CYfrDuZDeSJ9Q1cBYJ7KGypump","61","5","","","","","","","0","0","-2.2","","","0","0","906","5","0","4","0","0","0","2084.27","3","759.93","759.93","0.6","0.6","-25.08","","0","0","1","0","0","","","","","","","","","","","","0.000002084","0.000002084","","","","","","2026-08-06T13:06:52.886Z","2026-08-06T13:08:10.708Z","","","","",""
"MOLROC","A8XHvgB4arkorU7jbCK4bFmcJ4Gc9GK9jPgJQ5Repump","","","","","","","","","","","","","","","","","","","","","","","","","","","","","","","","","","","","","","","","","","","","","","","","","","","","","6.084e-7","","","","","","2026-08-06T13:06:52.908Z",""
"UNIT","DMDc62dsKPzXi5aJHMxj8wM5AgsJ1vNdf1zgTrREpump","57","1.97530864","","","","","","","","","","","","","","","","","","","","","","","","","","","","","","","","","","","","","","","","","","","","","0.000002318","","","","","","","2026-08-06T13:06:58.760Z","","","","","",""
"PAIR","HpcxNnxsCg3JkCXyYcFJnCCjR1NhvrwtV4EN8tvkpump","57","1.97530864","","","","","","","","","","","","","","","1.97530864","0","0","0","0","0","2209.23","4","935.51","935.51","0.586","0.586","-4.82","","0","0","1","0","0","","","","","","","","","","","","0.000002554","0.000002209","","","","","","2026-08-06T13:07:04.938Z","2026-08-06T13:09:22.706Z","","","","",""
"Kio","2fHtQDXsoi9qpctDnRveTcCMt8YAFF78fWzHCCEypump","60","5","","","","","","","","","","","","","","","","","","","","","","","","","","","","","","","","","","","","","","","","","","","","","0.000002145","","","","","","","2026-08-06T13:07:10.787Z","","","","","",""
"Lion","AbEp8p8T3UN8TuYPxPAGJJTsKKDEgECj6Wkfkvospump","55","4.938271603","","","","","","","","","","","","","","","","","","","","","","","","","","","","","","","","","","","","","","","","","","","","","0.000002142","","","","","","","2026-08-06T13:07:22.838Z","","","","","",""
"ROGPIL","FmdhbpiCQd4S2sWVNKYhQfE1StuTKDm4QTBGz23cpump","56","0.09876543","","","","","","","","","","","","","","","0.09876543","0","4","1","0","0","5167.01","4","745.29","745.29","0.547","0.547","151","","0","0","1","0","0","","","","","","","","","","","","0.000004503","0.000005167","","","","","","2026-08-06T13:07:34.829Z","2026-08-06T13:09:34.931Z","","","","",""
"dermbek","9Fq9s5JmKvze7yFFpdpPS9LTPAoCMvRRsa9zdz4Spump","66","0.350054694","","","","","","","","","","","","","","","","","","","","","","","","","","","","","","","","","","","","","","","","","","","","","0.00001829","","","","","","","2026-08-06T13:07:40.799Z","","","","","",""
"Lion","4tWp6YE4KkhSEAXCeWpPUFAQHUJnpaFMgDXGUVcYTwFj","67","5","","","","","","","","","","","","","","","","","","","","","","","","","","","","","","","","","","","","","","","","","","","","","0.000002141","","","","","","","2026-08-06T13:07:53.109Z","","","","","",""
"FERWIZ","FZxHShs11vGYBYumy8bi433EtbAtXKTtGT7NcaDLpump","57","0.246913578","","","","","","","","","","","","","","","","","","","","","","","","","","","","","","","","","","","","","","","","","","","","","0.000002039","","","","","","","2026-08-06T13:08:10.831Z","","","","","",""
"Kio","J4ody7CmbubFZevdAGzBa7LWmMRBBJnQ5y3JESPEpump","57","2","","","","","","","","","","","","","","","","","","","","","","","","","","","","","","","","","","","","","","","","","","","","","0.000002358","","","","","","","2026-08-06T13:08:16.768Z","","","","","",""
"Vance2028","6V5VL7ithPRNxVitziJ1NTMzxnXxDLY8QqLeh2Dfk693","64","4.938271603","","","","","","","","","","","","","","","","","","","","","","","","","","","","","","","","","","","","","","","","","","","","","0.000002165","","","","","","","2026-08-06T13:08:16.807Z","","","","","",""
"FLOWERS","HHe4R847hBXw94Cs5UHjzAmDCGGwCWWintPN4p7tpump","","","","","","","","","","","","","","","","","","","","","","","","","","","","","","","","","","","","","","","","","","","","","","","","","","","","","4.027e-8","","","","","","2026-08-06T13:08:34.782Z",""
"Nietzschean","21QX9KH2YkirrtfqmXNqcFzQwR3S1PnBYQ2CfAPY7zG4","64","5","","","","","","","0","0","-2","","","0","0","904","5","0","2","0","0","0","2079.81","3","752.55","752.55","0.6","0.6","-25.09","","0","0","1","0","0","","","","","","","","","","","","0.000002079","0.000002079","","","","","","2026-08-06T13:08:40.793Z","2026-08-06T13:09:52.624Z","","","","",""
"NEETCATS","Gb6NfCygasmQM3cfBtxcBUsxjQxjenWuWZpykjJqpump","75","6.913580245","","","","","","","","","","","","","","","","","","","","","","","","","","","","","","","","","","","","","","","","","","","","","0.000002552","","","","","","","2026-08-06T13:08:40.888Z","","","","","",""
"Dolly","8sNrw8Qfon5ijn9PPCYirqfrVGu8DzBt7FxgNXRepump","58","3","","","","","","","","","","","","","","","","","","","","","","","","","","","","","","","","","","","","","","","","","","","","","0.00000214","","","","","","","2026-08-06T13:09:10.763Z","","","","","",""
"Aegis","CYJywRdq1rvUhUS6hEWkSJaA7amfW5bBj75tmA3vpump","63","3","","","","","","","","","","","","","","","","","","","","","","","","","","","","","","","","","","","","","","","","","","","","","0.000002048","","","","","","","2026-08-06T13:09:10.882Z","","","","","",""
"DOOM","2ZQ2RVdTeiCucoD63PwAN4MTye6RSAYGifP9TxRvpump","","","","","","","","","","","","","","","","","","","","","","","","","","","","","","","","","","","","","","","","","","","","","","","","","","","","","7.264e-7","","","","","","2026-08-06T13:09:22.794Z",""
"DBLUP105","5wBhTm16C16NXu2tEWvxzdHACErQZgW7nYK15EZypump","80","4.000625096","","","","","","","","","","","","","","","","","","","","","","","","","","","","","","","","","","","","","","","","","","","","","0.000002315","","","","","","2.929e-7","2026-08-06T13:09:22.838Z","","","","","2026-08-06T13:10:10.991Z",""
"PHILOSOPHY","773XR87JCpW1yKmkzJezMf5eqK9vU1iVqWiteYNx1wZh","67","4","","","","","","","","","","","","","","","","","","","","","","","","","","","","","","","","","","","","","","","","","","","","","0.00001032","","","","","","","2026-08-06T13:09:46.805Z","","","","","",""
"cut ","8PymvYfbu7nAXD7iSb98QHY8BWSz8FByxdy3RteGpump","","","","","","","","","","","","","","","","","","","","","","","","","","","","","","","","","","","","","","","","","","","","","","","","","","","","","5.549e-7","","","","","","2026-08-06T13:09:58.812Z",""
"MOYA⁠","AYqrLkLW8EfpFV6YWuGeSo6F6PytxjTvqW7jQStMpump","60","6","","","","","","","","","","","","","","","","","","","","","","","","","","","","","","","","","","","","","","","","","","","","","0.00000208","","","","","","","2026-08-06T13:09:58.889Z","","","","","",""
"MOYA⁠","HJKsYhPFtcxVfkvvgeGcE3di7JePJZX3a8waFGKwpump","75","7","","","","","","","","","","","","","","","","","","","","","","","","","","","","","","","","","","","","","","","","","","","","","0.00000214","","","","","","","2026-08-06T13:09:58.943Z","","","","","",""
"CRIINF","CQwVbgxroMzy7iQL5cMsKH7o56vPBMMNk4Kj4WEdpump","78","0.987654319","","","","","","","0","0","0","","","0","0","902","0.987654319","3","26","1","0","0","5009.71","3","1336.71","1336.71","0.583","0.583","130","","0","0","1","0","0","","","","","","","","","","","","0.000005009","0.000005009","","","","","","2026-08-06T13:10:04.837Z","2026-08-06T13:11:04.624Z","","","","",""
"BBD","7BvS7C78htWnkpGkMFegQofn5jQc1bLVWeqWd11xpump","","","","","","","","","","","","","","","","","0.098765431","0","3","1","0","0","2053.85","3","7.92","7.92","1","1","0.04","","0","0","1","0","0","","","","","","","","","","","","","0.000002053","","","","","","","2026-08-06T13:10:10.626Z","","","","",""
"$PEGASUS","6ktopKRchagAE9Zu1tSzpjxvm2GbLf6gwQrjrvA2pump","59","0.069135801","","18.208","","","","","","","","","","","","","0.069135801","0","2","1","0","0","2107.82","3","89.64","89.64","0.667","0.667","2.88","","0","0","1","0","0","-50.45087802562885","","","","","","","","","","","0.000001516","0.000002107","","","0.000001044","","0.000001044","2026-08-06T13:10:16.858Z","2026-08-06T13:11:16.613Z","","","2026-08-06T13:11:34.821Z","2026-08-06T13:11:34.786Z",""
"George","CRHsPz4dmFzQjC2QKQYF6mrAL2hqEmRN6T5CFGpFpump","55","1.757135801","","","","","","","","","","","","","","","","","","","","","","","","","","","","","","","","","","","","","","","","","","","","","0.000002038","","","","","","","2026-08-06T13:10:34.966Z","","","","","",""
"CRIINF","CCor5QCoBb29qxqUPV7xppNzJaA8L7yfXxD8S3mApump","77","0.987654319","","","","","","","","","","","","","","","","","","","","","","","","","","","","","","","","","","","","","","","","","","","","","0.000002355","","","","","","0.000001005","2026-08-06T13:10:46.779Z","","","","","2026-08-06T13:11:58.817Z",""
"Dildoicide","gBNiWEscMSUGwGFBHbjZCM3TNcXAHaRaGESYx4Ppump","55","3.950617282","","","","","","","","","","","","","","","3.950617282","0","6","0","0","0","2141.21","3","1219.16","1219.16","0.571","0.571","-17.95","","0","0","1","0","0","","","","","","","","","","","","0.000002141","0.000002141","","","","","","2026-08-06T13:11:04.997Z","2026-08-06T13:12:04.589Z","","","","",""
"DOOM","2Cr2c5gFxoHrXWmcPERUKnTRCd64UyFhSKck6zEMpump","60","0.15002344","","","","","","","","","","","","","","","","","","","","","","","","","","","","","","","","","","","","","","","","","","","","","0.000003137","","","","","","5.125e-8","2026-08-06T13:11:16.882Z","","","","","2026-08-06T13:11:52.814Z",""
"GRUMPY","7MEd258DqqWTDTnHh87M1VnKnh2YNdtNDNiMmryNpump","","","","","","","","","","","","","","","","","","","","","","","","","","","","","","","","","","","","","","","","","","","","","","","","","","","","","4.16e-7","","","","","","2026-08-06T13:11:16.951Z",""
"Chairman","DAmPvgM3EoXByjQfhQKefsHTyDrSSLPbqiyuR9VVRzH1","72","9","","","","","","","0","0","-4.7","","","-4.7","0","902","9","0","3","0","0","0","2140.99","3","1907.01","1907.01","0.571","0.571","-37.86","","0","0","1","0","0","","","","","","","","","","","","0.00000214","0.00000214","","","","","0.000002039","2026-08-06T13:11:58.748Z","2026-08-06T13:13:04.901Z","","","","2026-08-06T13:13:28.560Z",""
"CEO","FdJva3zpkbYWkK4KokxiDAwfmsH1DQ8BWe7VuE1pQqRS","65","5.925925924","","","","","","","","","","","","","","","","","","","","","","","","","","","","","","","","","","","","","","","","","","","","","0.000002045","","","","","","","2026-08-06T13:11:58.796Z","","","","","",""
"HEATH","29vToYAfjTABQswR47vVVfuZnuykPMGnWS2DwqSMqzV8","77","9.876543208","","","","","","","","","","","","","","","","","","","","","","","","","","","","","","","","","","","","","","","","","","","","","0.000002801","","","","","","","2026-08-06T13:12:16.773Z","","","","","",""
"BBD","6BbKjRYU5W2Wd8NrS6AJbgdW6XYHrDPSACNLqfhfpump","56","0.098765431","","","","","","","","","","","","","","","","","","","","","","","","","","","","","","","","","","","","","","","","","","","","","0.000001648","","","","","","8.621e-7","2026-08-06T13:12:22.889Z","","","","","2026-08-06T13:12:58.995Z",""
"SRRY","BsEJXYQzEDamix6ivPUBvBAQuteN7Qs5YWX66UmTpump","58","0.059259258","","","","","","","","","","","","","","","0.059259258","0","2","1","0","0","3176.4","3","86.02","86.02","0.75","0.75","55.1","","0","0","1","0","0","","","","","","","","","","","","0.00000275","0.000003176","","","","","","2026-08-06T13:12:40.769Z","2026-08-06T13:13:40.552Z","","","","",""
"DOOMON","6nbZPu3vmS46Fsoj9epPxSQr8AR2eAKPNFoRxhFApump","84","2.4691358","","","","","","","0","0","0","","","0","0","908","2.4691358","3","28","1","0","0","4036.04","3","1599.83","1599.83","0.6","0.6","68.84","","0","0","1","0","0","","","","","","","","","","","","0.000004036","0.000004036","","","","","","2026-08-06T13:12:53.052Z","2026-08-06T13:13:58.580Z","","","","",""
"ハルコ","67tZKqiGqrAPK82MRXF4PzNWWSLaC1oxTUoisGmspump","56","2.962962961","","","","","","","","","","","","","","","2.962962961","0","2","0","0","0","2039.36","3","454.64","454.64","0.667","0.667","-17.2","","0","0","1","0","0","","","","","","","","","","","","0.000002039","0.000002039","","","","","","2026-08-06T13:13:16.753Z","2026-08-06T13:14:16.641Z","","","","",""
"HUTH","2j3yZoiBt64daxNi5VeWYGZccusKhWd2UKRxmeDNPybo","61","5","","60.221","","","","","0","0","-9.8","","","0","0","906","5","0","4","0","0","0","2261.51","3","845.88","845.88","0.857","0.857","-18.55","","0","0","1","0","0","-8.00530738611234","","","","","","","","","","","0.000002261","0.000002261","","","0.00000208","","","2026-08-06T13:13:22.830Z","2026-08-06T13:13:40.610Z","","","2026-08-06T13:14:40.831Z","",""
"2111","ArHagfjaf4GysiWhBZECMTqaVvbAnvEAgvt3Uf2Npump","","","","","","","","","","","","","","","","","","","","","","","","","","","","","","","","","","","","","","","","","","","","","","","","","","","","","8.976e-7","","","","","","2026-08-06T13:13:28.770Z",""
"DOOMON","CPJ1Y8tY3GYFSxnEyLsjXU1N94fmuaxrFYsAKML2pump","84","2.4691358","","60.19","","","","","0","0","-82.3","","","0","0","108","2.4691358","3","29","1","0","0","6779.35","3","2345.16","2345.16","0.611","0.611","184","","0","0","1","0","0","-66.14544918129518","","","","","","","","","","","0.000006779","0.000006779","","","0.000002295","","","2026-08-06T13:13:29.091Z","2026-08-06T13:14:28.651Z","","","2026-08-06T13:15:28.841Z","",""
"DUCK","bKhMynJf9S17ojkkxA5akggDAUEtkx74sFgaSK2pump","57","1.97530864","","","","","","","","","","","","","","","","","","","","","","","","","","","","","","","","","","","","","","","","","","","","","0.000002141","","","","","","","2026-08-06T13:14:04.923Z","","","","","",""
"DERBY","AiW3wCaNgHfkVe2dxUhhGBarreHybcjZjvRqH5Dupump","64","5","","","","","","","","","","","","","","","","","","","","","","","","","","","","","","","","","","","","","","","","","","","","","0.00000204","","","","","","","2026-08-06T13:14:10.831Z","","","","","",""
"GIGA","DKehVRku2dvCFkkzBCx3FAqixcFXTS34boBYS8WVpump","70","5","","","","","","","","","","","","","","","","","","","","","","","","","","","","","","","","","","","","","","","","","","","","","0.000002039","","","","","","","2026-08-06T13:14:10.852Z","","","","","",""
"Survivor","BTarMJau17Soymh2X1c11ufuGUoxzprqj9QXTR1apump","59","5","","","","","","","","","","","","","","","","","","","","","","","","","","","","","","","","","","","","","","","","","","","","","0.00000204","","","","","","","2026-08-06T13:14:46.821Z","","","","","",""
"SUMMER","364efTrBwJ91CGSZJNannoexpezf2VhKQNZPjF51AiX8","57","1.98","","","","","","","","","","","","","","","","","","","","","","","","","","","","","","","","","","","","","","","","","","","","","0.00000204","","","","","","","2026-08-06T13:14:52.793Z","","","","","",""
"NIHILISM","3XeEKXaeCW38er5cLeBWLdeu11Jsb6Qa9hGHqZXGpump","57","2","","","","","","","","","","","","","","","2","0","0","0","0","0","2040.45","4","17448.01","17448.01","0.677","0.677","-12.11","","0","0","1","0","0","","","","","","","","","","","","0.000006856","0.00000204","","","","","","2026-08-06T13:15:16.838Z","2026-08-06T13:17:46.818Z","","","","",""
"CR8","53697vbH6PKZYrRfC4CuSNZoZVnTKMPrvkZ97Cicpump","67","3.950617282","","","","","","","68.2","344","-24.7","","","6.5","57.9","904","3.950617282","0","0","0","0","0","2830.08","3","388.94","388.94","1","1","8.34","","0","0","1","0","0","","","","","","","","","","","","0.000003013","0.00000283","","","","","","2026-08-06T13:15:40.903Z","2026-08-06T13:15:22.551Z","","","","",""
"CUH","HtFXsHNFxLN9ZB3xefySjx2pfdr8aPSGBDyDvtErpump","65","0.069135801","","","","","","","","","","","","","","","","","","","","","","","","","","","","","","","","","","","","","","","","","","","","","0.00000204","","","","","","","2026-08-06T13:15:40.857Z","","","","","",""
"DBLUP106","Go5VQbwadZzGSmWP32xmqUjN12AbhMaEgkuP1nnFpump","82","5.00078137","","","","","","","456","884","0","","","4.3","433.1","904","5.00078137","0","10","1","0","0","2953.12","3","940.11","940.11","0.538","0.538","6.33","","0","0","1","0","0","","","","","","","","","","","","0.000001959","0.000002953","","","","","","2026-08-06T13:15:52.907Z","2026-08-06T13:16:52.572Z","","","","",""
"faucet","HGJHncBKn7UHQ7LgDCTzAVbNv7sJgaaZZD8GR38fpump","63","3.083247688","","","","","","","","","","","","","","","","","","","","","","","","","","","","","","","","","","","","","","","","","","","","","0.00001538","","","","","","","2026-08-06T13:15:53.040Z","","","","","",""
"Derby","CWGkBRnycAeSsvMpM4Xcxw4X3zdJVktJsThm5fCcQQ8u","60","5","","","","","","","0","0","-2","","","0","0","904","5","0","5","0","0","0","2080.95","3","965.61","965.61","0.6","0.6","-25.08","","0","0","1","0","0","","","","","","","","","","","","0.00000208","0.00000208","","","","","","2026-08-06T13:16:17.165Z","2026-08-06T13:17:22.671Z","","","","",""
"MAXIMUS","FX1HeFFJ7NpiAxBewmvBR29CUQYui8XB3EmhtUhopump","55","1.76493827","","","","","","","","","","","","","","","","","","","","","","","","","","","","","","","","","","","","","","","","","","","","","0.000002047","","","","","","","2026-08-06T13:16:58.760Z","","","","","",""
"GRUMPY","CEnLPaPmpEkVdxdTDP1bmN5VgcWVG7s8JP6xbSaYpump","","","","","","","","","","","","","","","","","","","","","","","","","","","","","","","","","","","","","","","","","","","","","","","","","","","","","0.000001224","","","","","","2026-08-06T13:16:58.805Z",""
"GTA-6","AtUb5CaedcSfdT1Yqj3c56eVoNfSe8M78HHRLu9ppump","","","","","","","","","","","","","","","","","","","","","","","","","","","","","","","","","","","","","","","","","","","","","","","","","","","","","9.493e-8","","","","","","2026-08-06T13:16:59.161Z",""
"CUH","3GyHffoC4Kdp8tHbPhfQ1js2KbdQCg3KU6W7DvMUpump","61","0.069135801","","","","","","","43.7","6","-0.5","","","43.7","0","916","0.069135801","0","1","1","0","0","2977.08","3","9.84","9.84","0.667","0.667","45.23","","0","0","1","0","0","","","","","","","","","","","","0.000002977","0.000002977","","","","","","2026-08-06T13:17:04.826Z","2026-08-06T13:18:10.657Z","","","","",""
"PICHI","5AthqAr5JDjNKBK6gsvtRikbg6y7jmwjbLJuD2Lxpump","70","4.938271603","","","","","","","","","","","","","","","","","","","","","","","","","","","","","","","","","","","","","","","","","","","","","0.000002553","","","","","","","2026-08-06T13:17:10.873Z","","","","","",""
"Apple ","AjYmUEJZc8pUfwpDUMRB6ZeV2dVC8EZAMZVmmCrcpump","72","1.300203156","","","","","","","","","","","","","","","","","","","","","","","","","","","","","","","","","","","","","","","","","","","","","0.00000222","","","","","","5.252e-7","2026-08-06T13:17:22.859Z","","","","","2026-08-06T13:18:10.782Z",""
"DUCK","EYTRpn2PSTpEYdh8x8ASnHoLK85xYnZjrQdTvL1Bpump","57","1.97530864","","","","","","","","","","","","","","","","","","","","","","","","","","","","","","","","","","","","","","","","","","","","","0.000002252","","","","","","","2026-08-06T13:17:22.921Z","","","","","",""
"DMK","5Bz8hhrNiyfybxu4dFs6bari8NTbudzrynSAquZYpump","","","","","","","","","","","","","","","","","","","","","","","","","","","","","","","","","","","","","","","","","","","","","","","","","","","","","3.213e-7","","","","","","2026-08-06T13:17:28.859Z",""
"Ted","FdrQT5nSxzawrVM3BTBb7HNmYmqfT7tWAvt1ZEndZjQa","61","4.938271603","","","","","","","0","0","-4.4","","","0","0","920","4.938271603","0","4","0","0","0","2132.6","3","1985.53","1985.53","0.576","0.576","-22.94","","0","0","1","0","0","","","","","","","","","","","","0.000002132","0.000002132","","","","","","2026-08-06T13:17:34.874Z","2026-08-06T13:18:46.676Z","","","","",""
"VOLROC","Cf9A1X2NBBSEkbE3uwh2ufxMooGiCFLpDSmQjyHDpump","81","1.97530864","","","","","","","","","","","","","","","","","","","","","","","","","","","","","","","","","","","","","","","","","","","","","0.000001407","","","","","","0.000001376","2026-08-06T13:17:34.896Z","","","","","2026-08-06T13:18:28.882Z",""
"DUCK","6pqY39wyZ3Y9eNZqubiE2Gxbe6Ugtj8QcCrkaG2zkKr","59","5","","","","","","","","","","","","","","","","","","","","","","","","","","","","","","","","","","","","","","","","","","","","","0.000002105","","","","","","","2026-08-06T13:17:34.930Z","","","","","",""
"ted","88nkHQQ8hSMaLEZBNL6a7SrGUmtrzjCrpbqNi2g5pump","63","3","","","","","","","","","","","","","","","","","","","","","","","","","","","","","","","","","","","","","","","","","","","","","0.000002135","","","","","","","2026-08-06T13:17:34.960Z","","","","","",""
"Zoey","FMX8QmD1arm7sLsoLuQRd6sT6CyetuMKXnQc9epApump","","","","","","","","","","","","","","","","","","","","","","","","","","","","","","","","","","","","","","","","","","","","","","","","","","","","","4.586e-7","","","","","","2026-08-06T13:17:40.830Z",""
"Fete","E5SWhvfSQYDRFysywtHJb6puS1aWLv7YKMM3ncU4pump","63","5","","","","","","","","","","","","","","","","","","","","","","","","","","","","","","","","","","","","","","","","","","","","","0.000002039","","","","","","","2026-08-06T13:17:52.915Z","","","","","",""
"Zoey","CimLXkoZuWXkVeiYoDRiyUbhoZXRUweLLYTRtcvmpump","","","","","","","","","","","","","","","","","","","","","","","","","","","","","","","","","","","","","","","","","","","","","","","","","","","","","9.833e-8","","","","","","2026-08-06T13:17:52.945Z",""
"WW","FGMZjS8snxRSaUv4AqDYxAjoJbYrQTLqKwAbeXWGpump","63","2.962962961","","","","","","","","","","","","","","","","","","","","","","","","","","","","","","","","","","","","","","","","","","","","","0.0000026","","","","","","","2026-08-06T13:17:52.981Z","","","","","",""
"NOVA","Arfw5oBkfSyMRznbLQ5HQXwMmJ7W1mRrHvXg6NNppump","","","","","","","","","","","","","","","","","","","","","","","","","","","","","","","","","","","","","","","","","","","","","","","","","","","","","0.000001143","","","","","","2026-08-06T13:17:53.010Z",""
"FLOCK","88RR1mhU4fpfeB3mn3W8rXQNE2Y1PtuqurkTxZTppump","59","5","","","","","","","","","","","","","","","5","0","6","0","0","0","2143.24","3","784.41","784.41","0.6","0.6","-22.84","","0","0","1","0","0","","","","","","","","","","","","0.000002143","0.000002143","","","","","","2026-08-06T13:17:58.838Z","2026-08-06T13:19:04.594Z","","","","",""
"Tripcat","2fb7unDr9RN8X66GAmbEAvBeUNUkJEyy9ksDtf8vpump","57","1.97530864","","","","","","","","","","","","","","","","","","","","","","","","","","","","","","","","","","","","","","","","","","","","","0.000002769","","","","","","","2026-08-06T13:18:28.859Z","","","","","",""
"Zoey","FPwaSBmNgBCPnaSMLXxadfEUutECQxRGxRsz2anpump","","","","","","","","","","","","","","","","","","","","","","","","","","","","","","","","","","","","","","","","","","","","","","","","","","","","","2.266e-7","","","","","","2026-08-06T13:18:40.790Z",""
"CAGE","4p4nb6JE9QRpBHNzZGgmUiJuQc8JFgwd8FjHXNfSpump","63","3","","","","","","","0","0","-4.8","","","0","0","906","3","0","0","0","0","0","2142.16","3","1104.38","1104.38","0.833","0.833","-13.15","","0","0","1","0","0","","","","","","","","","","","","0.000002142","0.000002142","","","","","","2026-08-06T13:18:40.844Z","2026-08-06T13:19:40.558Z","","","","",""
"faucet","CrB9Db2y4qb66yzx7wHTtV2ZBa9QfSRWMFdUNSgNpump","76","0.987654319","","","","","","","","","","","","","","","","","","","","","","","","","","","","","","","","","","","","","","","","","","","","","0.0000019","","","","","","9.554e-7","2026-08-06T13:18:40.885Z","","","","","2026-08-06T13:19:22.795Z",""
"TOXGOB","KzacyDyJmBQ6prwLvTuvsk1zukXiiAn9Vozo3M8pump","75","0.987654319","","","","","","","","","","","","","","","","","","","","","","","","","","","","","","","","","","","","","","","","","","","","","0.000003257","","","","","","1.73e-7","2026-08-06T13:18:52.853Z","","","","","2026-08-06T13:19:34.820Z",""
"Fergus","ANpsgsbaEsA6p8Vv3fbzfhoFCEWRcMfg4RHoPpDGpump","63","3.111111109","","","","","","","","","","","","","","","","","","","","","","","","","","","","","","","","","","","","","","","","","","","","","0.000002051","","","","","","","2026-08-06T13:18:58.830Z","","","","","",""
"FIREWORKS","pifdar2PvNsh4jBwBmXrXcdXWP9kdvmThLDwG5ypump","","","","","","","","","","","","","","","","","","","","","","","","","","","","","","","","","","","","","","","","","","","","","","","","","","","","","0.000001146","","","","","","2026-08-06T13:19:04.858Z",""
"CAGE","GUVN76QxC36deYUVHpBqdTcZGj53wE8r4Fg1xR58pump","58","3","","","","","","","","","","","","","","","","","","","","","","","","","","","","","","","","","","","","","","","","","","","","","0.000002496","","","","","","","2026-08-06T13:19:28.810Z","","","","","",""
"NOVA","3QREkCr42c7qfA62YQoqUHvKmkSnknKFLPc9Gm9tpump","74","1.18618534","","","","","","","0","0","-7.8","","","-7.8","0","904","1.18618534","0","1","1","0","0","6129.78","3","387.94","387.94","0.9","0.9","178","","0","0","1","0","0","","","","","","","","","","","","0.000006129","0.000006129","","","","","","2026-08-06T13:19:28.865Z","2026-08-06T13:19:52.614Z","","","","",""
"CAUTION","BJ746vh95Wr8G9udUMwXvxYz7UX7bMrFYD6BAduWpump","59","5","","","","","","","","","","","","","","","5","2","38","0","0","0","3666.67","3","9085.36","9085.36","0.604","0.604","32.08","","0","0","1","0","0","","","","","","","","","","","","0.000003186","0.000003666","","","","","","2026-08-06T13:19:34.886Z","2026-08-06T13:20:52.815Z","","","","",""
"Zoey","7t7gDVLVWp5TfMXoxoCW9DnguLchhVQQgaTfGLR1pump","","","","","","","","","","","","","","","","","","","","","","","","","","","","","","","","","","","","","","","","","","","","","","","","","","","","","2.142e-7","","","","","","2026-08-06T13:19:34.901Z",""
"TUKTUK","GG9NDoc5PfHaDSjbhwFReXsrcw7MNVqvN1ZVzUWiwzG7","58","5.925925924","","","","","","","","","","","","","","","","","","","","","","","","","","","","","","","","","","","","","","","","","","","","","0.00000208","","","","","","","2026-08-06T13:19:40.749Z","","","","","",""
"Penguin","3bgWNaNb9EFX3PwdpK24Lsrjq4eJ8U5wyeGgSW9cpump","58","3","","","","","","","","","","","","","","","","","","","","","","","","","","","","","","","","","","","","","","","","","","","","","0.000002142","","","","","","","2026-08-06T13:19:47.262Z","","","","","",""
"LBC","EwGVFWrA39o7mgBAGGEardgXfKTSSnNvjUz5eph4pump","56","3","","","","","","","","","","","","","","","","","","","","","","","","","","","","","","","","","","","","","","","","","","","","","0.000002141","","","","","","","2026-08-06T13:19:47.316Z","","","","","",""
"Fete","D3L7bnqxmPGnxP4dGAQxrr6uhBMJJrj9zrR1135gpump","62","5","","","","","","","","","","","","","","","","","","","","","","","","","","","","","","","","","","","","","","","","","","","","","0.000002148","","","","","","","2026-08-06T13:20:16.890Z","","","","","",""
"Zoey","GXeRzi2ZX6saw4XrymRNLkBZd4GjJAFDEpBa7KJ4pump","","","","","","","","","","","","","","","","","","","","","","","","","","","","","","","","","","","","","","","","","","","","","","","","","","","","","0.000001939","","","","","","2026-08-06T13:20:16.914Z",""
"OCK","3uSMTrQhbkYRf8DWMZco5tmiGdRhdqUexpHz7bxBpump","","","","","","","","","","","","","","","","","","","","","","","","","","","","","","","","","","","","","","","","","","","","","","","","","","","","","3.679e-7","","","","","","2026-08-06T13:20:28.822Z",""
"Bewdcinni","3W8UaNJEoek4g7RfgzQmTa1apTjPAPYhGLLc7wjApump","98","1.48148148","","","","","","","","","","","","","","","","","","","","","","","","","","","","","","","","","","","","","","","","","","","","","0.000001796","","","","","","","2026-08-06T13:20:58.941Z","","","","","",""
"Zoey","ErAw1tVd5ouQDr9sEUabfYnsUtdu9LWZeqBm9umMpump","91","9.876543208","","","","","","","","","","","","","","","","","","","","","","","","","","","","","","","","","","","","","","","","","","","","","0.000004357","","","","","","","2026-08-06T13:21:10.771Z","","","","","",""
"CATE","FcsEywWPgqsTZhJEMqJeD3GT9GcZH29j6EDA7kEepump","","","","","","","","","","","","","","","","","","","","","","","","","","","","","","","","","","","","","","","","","","","","","","","","","","","","","3.938e-7","","","","","","2026-08-06T13:21:16.772Z",""
"faucii","247AvRcqxKMEob5VYcjwdMTBvxPUwBACioo4v5UBpump","","","","","","","","","","","","","","","","","","","","","","","","","","","","","","","","","","","","","","","","","","","","","","","","","","","","","7.877e-7","","","","","","2026-08-06T13:21:22.902Z",""
"Kiwi.","Fc6oyLb4chAU4tF5WjwGHp9TEfMWzworiT4uNTKTpump","72","1.50023441","","","","","","","134.2","38","-94.7","","","134.2","0","158","1.50023441","0","4","1","0","0","2437.34","3","162.71","162.71","0.692","0.692","8.43","","0","0","1","0","0","","","","","","","","","","","","0.000002249","0.000002437","","","","","","2026-08-06T13:21:28.778Z","2026-08-06T13:22:28.572Z","","","","",""
"Zoey","B1BKhDty97zJaYev96PW98nrbR2v3i1wzscJAJx8pump","","","","","","","","","","","","","","","","","","","","","","","","","","","","","","","","","","","","","","","","","","","","","","","","","","","","","7.806e-7","","","","","","2026-08-06T13:21:40.790Z",""
"Retrevolver","HSonkYpMihtuXYGV3TTfPgyJLoQeUTYxQrUaHtmhpump","62","2.8","","","","","","","","","","","","","","","","","","","","","","","","","","","","","","","","","","","","","","","","","","","","","0.00000204","","","","","","","2026-08-06T13:21:40.854Z","","","","","",""
"TOXGOB","GVSRvnTBWqrQV5uhBtm1FkzXiTFzxvm2zK5qfC6dpump","","","","","","","","","","","","","","","","","","","","","","","","","","","","","","","","","","","","","","","","","","","","","","","","","","","","","2.276e-7","","","","","","2026-08-06T13:21:40.881Z",""
"sol","HbudhZQXxa4MAeRHvA3CKCQ21zgea783i7YFfUqfpump","","","","","","","","","0","0","-0.4","","","0","0","920","0.070010938","1","2","0","0","0","2048.3","3","5.3","5.3","0.667","0.667","-0.05","","0","0","1","0","0","","","","","","","","","","","","","0.000002048","","","","","","","2026-08-06T13:21:46.541Z","","","","",""
"Juws","8wUgXcuazgBzEiGfszpz83zgqRrn3RjTDbtx6YnCpump","63","2.962962961","","","","","","","","","","","","","","","","","","","","","","","","","","","","","","","","","","","","","","","","","","","","","0.00001183","","","","","","","2026-08-06T13:21:46.771Z","","","","","",""
"NOVA","ELTWHXJxpJaPENwyi9WKWeZp5Jxtgsn1bvraKLiHpump","73","1.315205499","","","","","","","","","","","","","","","","","","","","","","","","","","","","","","","","","","","","","","","","","","","","","0.000001576","","","","","","","2026-08-06T13:21:46.839Z","","","","","",""
"Eliza","4AbiqHtNYtYLzo5aSJU65h6gr6EuWZ53o4gPLDR5pump","57","1.97530864","","","","","","","","","","","","","","","","","","","","","","","","","","","","","","","","","","","","","","","","","","","","","0.000002039","","","","","","","2026-08-06T13:21:58.832Z","","","","","",""
"Zoey","9n2yzDuKtcu6k74Vph1eacXsfkLamXKQ4GUnAmjHpump","","","","","","","","","","","","","","","","","","","","","","","","","","","","","","","","","","","","","","","","","","","","","","","","","","","","","3.297e-7","","","","","","2026-08-06T13:22:04.861Z",""
"milabahtiy","73nomqHLzMs5NH3b3mAj2chSHh5zjptHRmBWUE2upump","61","2.567901233","","","","","","","","","","","","","","","","","","","","","","","","","","","","","","","","","","","","","","","","","","","","","0.00000204","","","","","","","2026-08-06T13:22:16.845Z","","","","","",""
"PARTY","DoX7hDYG11r4aC3sGTq7WPxmvRg1E6iDStRNGysrpump","","","","","","","","","","","","","","","","","","","","","","","","","","","","","","","","","","","","","","","","","","","","","","","","","","","","","4.113e-7","","","","","","2026-08-06T13:22:16.883Z",""
"Juws","8CUsYGZE3fzSSBKLaJ2ioyT87rRdRUhei7uUs4yDhzCS","58","5","","","","","","","","","","","","","","","","","","","","","","","","","","","","","","","","","","","","","","","","","","","","","0.000002044","","","","","","","2026-08-06T13:22:22.818Z","","","","","",""
"Zoey","CKWTieV628gkiybE3YKc4ZiV1DX3zLW1waKUj6eFpump","89","9.876543208","","","","","","","","","","","","","","","","","","","","","","","","","","","","","","","","","","","","","","","","","","","","","0.000002232","","","","","","","2026-08-06T13:22:23.156Z","","","","","",""
"Mofos","65eCWRPeqEq1Fv5oawvwgrDzyunGH9Sv4yTJ9StSpump","58","3","","","","","","","","","","","","","","","","","","","","","","","","","","","","","","","","","","","","","","","","","","","","","0.000002039","","","","","","","2026-08-06T13:22:28.842Z","","","","","",""
"CTO","HLWzP8LaNenGzM82yF7ZSsm6gbMGcye8TKG4ZFTvEwMr","60","4.938271603","","","","","","","","","","","","","","","","","","","","","","","","","","","","","","","","","","","","","","","","","","","","","0.000002317","","","","","","","2026-08-06T13:22:34.841Z","","","","","",""
"OCK","DJ4Fsn5cpkCYYRsqmwamrr4EqfxEGbcr4C4sc7TUpump","","","","","","","","","","","","","","","","","","","","","","","","","","","","","","","","","","","","","","","","","","","","","","","","","","","","","8.281e-7","","","","","","2026-08-06T13:22:40.944Z",""
"Zoey","7mh2iYXnhdSCD7mx9LHWJSQCz5UCct9HJSyTSw3rpump","","","","","","","","","","","","","","","","","","","","","","","","","","","","","","","","","","","","","","","","","","","","","","","","","","","","","3.906e-7","","","","","","2026-08-06T13:22:52.889Z",""
"NOVA","2P3jfcohyvgCupjZ7zVcnWMXaXycJ2MAxnqAhVtipump","76","1.883294264","","","","","","","","","","","","","","","","","","","","","","","","","","","","","","","","","","","","","","","","","","","","","0.000003792","","","","","","","2026-08-06T13:23:04.837Z","","","","","",""
"Zoey","DwtXqt8DVZMV9cGxQisVFk3P7T6UG6y7heVssT34pump","","","","","","","","","","","","","","","","","","","","","","","","","","","","","","","","","","","","","","","","","","","","","","","","","","","","","3.26e-7","","","","","","2026-08-06T13:23:04.860Z",""
"KID","9oqB9VkHTWN7a9AnUpny1Hn4L8gamHHrr3yz67ydpump","55","2.400375056","","18.262","","","","","","","","","","","","","2.400375056","0","1","0","0","0","2378.4","3","175.81","175.81","0.667","0.667","-0.01","","0","0","1","0","0","-14.255677039529019","","","","","","","","","","","0.000002039","0.000002378","","","0.000002039","","","2026-08-06T13:23:28.761Z","2026-08-06T13:23:10.554Z","","","2026-08-06T13:23:28.816Z","",""
"Zoey","C6aJvJnNeRMw79LQqXoghVvBBHcWGVSgJQj9GsiPpump","","","","","","","","","","","","","","","","","","","","","","","","","","","","","","","","","","","","","","","","","","","","","","","","","","","","","1.628e-7","","","","","","2026-08-06T13:23:34.826Z",""
"$CRYPTOFER","8aKChmgoEhsjTvD1QkHnA4UrSyVtAPk1P9VXzPtTpump","","","","","","","","","","","","","","","","","","","","","","","","","","","","","","","","","","","","","","","","","","","","","","","","","","","","","0.000001116","","","","","","2026-08-06T13:23:34.862Z",""
"ILYASS","CjKd3EiGRGHEemL4ztLHaW9BMXguVUsNteuPJK9Npump","","","","","","","","","","","","","","","","","","","","","","","","","","","","","","","","","","","","","","","","","","","","","","","","","","","","","1.009e-7","","","","","","2026-08-06T13:23:40.773Z",""
"無職","HguAcFGbjQ5xdyNCGRDribHp6ZH4s7h4Aqx6gSQ7pump","57","1.97530864","","","","","","","","","","","","","","","1.97530864","0","0","0","0","0","2046.27","3","748.46","748.46","0.5","0.5","-11.69","","0","0","1","0","0","","","","","","","","","","","","0.000002046","0.000002046","","","","","","2026-08-06T13:23:40.827Z","2026-08-06T13:24:40.563Z","","","","",""
"TURROC","AQ5zQ29zUcDxssB7nGqNMYL8vbJYQ7hNqskj5CYXpump","80","1.97530864","","12.209","","","","","0","0","-40.9","","","-40.9","0","904","1.97530864","3","33","1","0","0","3896.42","3","4168.01","4168.01","0.566","0.566","68.16","","0","0","1","0","0","-40.86242299794661","","","","","","","","","","","0.000003444","0.000003896","","","0.000002304","","","2026-08-06T13:23:52.866Z","2026-08-06T13:24:52.605Z","","","2026-08-06T13:25:04.814Z","",""
"niggerbut","247BrdwYcT6MLR6uK7WtJZuCCoFTAR1Mbca5hCb3pump","","","","","","","","","","","","","","","","","","","","","","","","","","","","","","","","","","","","","","","","","","","","","","","","","","","","","8.899e-7","","","","","","2026-08-06T13:23:58.752Z",""
"Zoey","BNACEtk5ZthDHaozboCvrDmPSxnM7NKTUFukJjtLpump","","","","","","","","","","","","","","","","","","","","","","","","","","","","","","","","","","","","","","","","","","","","","","","","","","","","","1.791e-7","","","","","","2026-08-06T13:24:04.792Z",""
"TALLAWAH","EprATCBqZbB6owJ3mSEE3DsVTNjWK1jVwXE6L6zgpump","","","","","","","","","","","","","","","","","","","","","","","","","","","","","","","","","","","","","","","","","","","","","","","","","","","","","8.727e-7","","","","","","2026-08-06T13:24:28.911Z",""
"Zoey","AWUdsbVxvWyUi1DRK2fghkVmJRMU3NzLSXFw6pU5pump","","","","","","","","","","","","","","","","","","","","","","","","","","","","","","","","","","","","","","","","","","","","","","","","","","","","","9.52e-7","","","","","","2026-08-06T13:24:34.781Z",""
"DEXM","9t34P7hLbyumKz517nSFKLXdD5qBi2aoJrM5XUAfpump","","","","","","","","","","","","","","","","","","","","","","","","","","","","","","","","","","","","","","","","","","","","","","","","","","","","","1.595e-7","","","","","","2026-08-06T13:24:58.798Z",""
"MAUI","2msbJXsojQcZXKUMRtwbUyELmjinzgdaRzMnQGQEpump","56","3","","","","","","","","","","","","","","","","","","","","","","","","","","","","","","","","","","","","","","","","","","","","","0.000002038","","","","","","","2026-08-06T13:25:10.849Z","","","","","",""
"NOVA","5EDt47sSD13mdv3qviHEqqXq9JLNw6qJcY6SsNQipump","","","","","","","","","","","","","","","","","","","","","","","","","","","","","","","","","","","","","","","","","","","","","","","","","","","","","0.000001065","","","","","","2026-08-06T13:25:10.882Z",""
"TOXCAN","Gg2hdzMqaGKNtWz8NrzTpBLeeZQWStqaN4pPTYWBpump","","","","","","","","","","","","","","","","","","","","","","","","","","","","","","","","","","","","","","","","","","","","","","","","","","","","","4.286e-8","","","","","","2026-08-06T13:25:40.766Z",""
"ONBOARD","379eT48yiaNhnrhjv4AaSZuoVWsST8qKntgJoEMWH1qa","58","5.925925924","","","","","","","","","","","","","","","","","","","","","","","","","","","","","","","","","","","","","","","","","","","","","0.000002179","","","","","","","2026-08-06T13:25:46.764Z","","","","","",""
"Zoey","BZ9pKT6rRdA8JYB5zKUyUKsFhtEhaSmebLWEPnbpump","","","","","","","","","","","","","","","","","","","","","","","","","","","","","","","","","","","","","","","","","","","","","","","","","","","","","4.797e-7","","","","","","2026-08-06T13:25:47.245Z",""
"Zoey","GhVhyCPBCWqPnpsAkcSAZCycX5vGcAHwqJwbSNF2pump","","","","","","","","","","","","","","","","","","","","","","","","","","","","","","","","","","","","","","","","","","","","","","","","","","","","","2.912e-7","","","","","","2026-08-06T13:25:58.758Z",""
"Retrevolver","HreA3key9a32LgFTKmAYSm2k7NRCBMjdZpyHAfRQpump","57","2.8","","","","","","","","","","","","","","","","","","","","","","","","","","","","","","","","","","","","","","","","","","","","","0.00000214","","","","","","","2026-08-06T13:25:58.825Z","","","","","",""
"FoundryT","Dj4oWvBBSfuuMFjuQKj5Ff9xzgr5GATWPPTb9LSnpump","57","1.97530864","","","","","","","","","","","","","","","","","","","","","","","","","","","","","","","","","","","","","","","","","","","","","0.000002038","","","","","","","2026-08-06T13:25:58.847Z","","","","","",""
"Oscar","8XuKfybyqewWxCwyhEnCyE8o6kB6cxNStLnfvovVpump","56","3","","","","","","","","","","","","","","","","","","","","","","","","","","","","","","","","","","","","","","","","","","","","","0.00000214","","","","","","","2026-08-06T13:25:58.866Z","","","","","",""
"dermbek","FEEd3J47inE6go489rZnbQBX9wPm2FHQPuEQxTubpump","59","0.200031254","","","","","","","","","","","","","","","","","","","","","","","","","","","","","","","","","","","","","","","","","","","","","0.000001356","","","","","","","2026-08-06T13:26:16.795Z","","","","","",""
"Millie","7s7EiayUx7vDtN2tTF6tCSVaGgiyuxu97LfsHXAjpump","82","11.85185185","","","","","","","","","","","","","","","","","","","","","","","","","","","","","","","","","","","","","","","","","","","","","0.00001105","","","","","","","2026-08-06T13:26:22.772Z","","","","","",""
"GREEN","FjxpFMRYxJNQp2V4cXLkeM9PpP5WrabVBeSCtPbhpump","","","","","","","","","","","","","","","","","","","","","","","","","","","","","","","","","","","","","","","","","","","","","","","","","","","","","0.000001247","","","","","","2026-08-06T13:26:22.821Z",""
"X","DF27H3DGsQi19Mxw8YRrRwirKcoMkaMmtMJV3Ybrpump","60","5","","","","","","","","","","","","","","","","","","","","","","","","","","","","","","","","","","","","","","","","","","","","","0.000002315","","","","","","","2026-08-06T13:26:29.063Z","","","","","",""
"NWIF","7QGBEmHSWNMkZ31QAaYHDTRudQU3PBxbAdXouVripump","69","4.614588448","","","","","","","","","","","","","","","","","","","","","","","","","","","","","","","","","","","","","","","","","","","","","0.000006712","","","","","","","2026-08-06T13:26:34.929Z","","","","","",""
"EscapeX","9sHiYeLJXLQdCxmbREvJvJcrx2g6BACEesZ9apbcpump","63","3","","","","","","","","","","","","","","","","","","","","","","","","","","","","","","","","","","","","","","","","","","","","","0.000002128","","","","","","","2026-08-06T13:26:34.959Z","","","","","",""
"CATE","2hNPKmeDwEkGCovfaZqxvEHbUsAdBFqVGqd3SNL8pump","61","0.079012344","","","","","","","","","","","","","","","","","","","","","","","","","","","","","","","","","","","","","","","","","","","","","0.000004016","","","","","","","2026-08-06T13:26:40.932Z","","","","","",""
"NOVA","9PEE4swR4N4uJk6uwhtmQFNHcYvDTr1hRUTi7wcepump","74","2.000312547","","","","","","","","","","","","","","","","","","","","","","","","","","","","","","","","","","","","","","","","","","","","","0.000004295","","","","","","","2026-08-06T13:26:41.106Z","","","","","",""
"Catalyst","4rydMmd9pf9sVUbg3oq8f3WCEWKsAB37Vr8G6YqTpump","57","1.97530864","","","","","","","","","","","","","","","","","","","","","","","","","","","","","","","","","","","","","","","","","","","","","0.000002046","","","","","","","2026-08-06T13:26:47.361Z","","","","","",""
"BALLS","Eh2SezMZbAn3k9oLtK5YWtwQrpu8DjJKeC5D2a5apump","58","3","","","","","","","","","","","","","","","","","","","","","","","","","","","","","","","","","","","","","","","","","","","","","0.000003127","","","","","","","2026-08-06T13:26:58.781Z","","","","","",""
"ANALYST","M49CgjWxk6t1HFavFuLUZnf2JZVC11TGtybdWn4Rsho","62","7","","","","","","","","","","","","","","","","","","","","","","","","","","","","","","","","","","","","","","","","","","","","","0.000002212","","","","","","","2026-08-06T13:27:22.805Z","","","","","",""
"REAL NAME NI","KAxFEhvpvDf1FNRbkb5inYo94keUT23LC51q64mGRF1","58","5.925925924","","","","","","","","","","","","","","","","","","","","","","","","","","","","","","","","","","","","","","","","","","","","","0.00000214","","","","","","","2026-08-06T13:27:22.824Z","","","","","",""
"GREEN","47DrcVPewBPQ3Mrj9QFNKEqDajGa1Bu8qxCqiq3Ppump","","","","","","","","","","","","","","","","","","","","","","","","","","","","","","","","","","","","","","","","","","","","","","","","","","","","","3.731e-7","","","","","","2026-08-06T13:27:22.859Z",""
"BLOOMBURG","meprD1MdVYs8EKKUn3zizvEcH2mrej6PQM9ZWGnpump","67","5","","","","","","","","","","","","","","","","","","","","","","","","","","","","","","","","","","","","","","","","","","","","","0.000002169","","","","","","","2026-08-06T13:27:28.759Z","","","","","",""
"blumberg","Cm5oggvavBYE1fNmSgKkM1FURpfdbyEWGbnSYB7RR3Zx","59","4.938271603","","","","","","","","","","","","","","","","","","","","","","","","","","","","","","","","","","","","","","","","","","","","","0.000002083","","","","","","","2026-08-06T13:27:28.801Z","","","","","",""
"BOOMBERG","9E4HCN7j9bFtqQ7HvUJdQYFsUKRkW4msgHbf3M2upump","58","5","","","","","","","","","","","","","","","5","0","7","0","0","0","2140.99","3","1404.03","1404.03","0.556","0.556","-22.86","","0","0","1","0","0","","","","","","","","","","","","0.00000214","0.00000214","","","","","","2026-08-06T13:27:28.819Z","2026-08-06T13:28:28.798Z","","","","",""
"BLUMBERG","HiLa2nzkBJB79saGRGKdN3cZzPJC1NyJ7styn9Papump","68","5","","","","","","","","","","","","","","","","","","","","","","","","","","","","","","","","","","","","","","","","","","","","","0.000002196","","","","","","","2026-08-06T13:27:28.839Z","","","","","",""
"PEPETO","HhWzLjehUHzebW3jL1HeCj6mXrXY8XLWALuctVV6pump","","","","","","","","","","","","","","","","","","","","","","","","","","","","","","","","","","","","","","","","","","","","","","","","","","","","","3.986e-7","","","","","","2026-08-06T13:27:34.789Z",""
"BOOB","8fm9dbjrJM9ugrwi7VqySZQPX8Zek1ZeBgduksKMpump","73","2.194785183","","","","","","","","","","","","","","","","","","","","","","","","","","","","","","","","","","","","","","","","","","","","","0.000002079","","","","","","","2026-08-06T13:27:40.750Z","","","","","",""
"CATE","G6mcuPr4RBVB8fWHJd9EXhLUuxkPNwdEy3mcZ6Pppump","","","","","","","","","","","","","","","","","","","","","","","","","","","","","","","","","","","","","","","","","","","","","","","","","","","","","2.484e-7","","","","","","2026-08-06T13:27:46.764Z",""
"STRUMP","877cpDBgR72UVL1xZQdUF8FWaHqQycRhQQPoE1orpump","","","","","","","","","","","","","","","","","","","","","","","","","","","","","","","","","","","","","","","","","","","","","","","","","","","","","2.881e-7","","","","","","2026-08-06T13:27:46.819Z",""
"GREEN","67rX6xR47BvpPQ17zhSJrJ1PSPg88U6cFrJKwfNXpump","","","","","","","","","","","","","","","","","","","","","","","","","","","","","","","","","","","","","","","","","","","","","","","","","","","","","3.833e-7","","","","","","2026-08-06T13:27:46.843Z",""
"BLEMBURG","ojY2tkazL1vBr5BULgausGyZkJy6xPg4uZ6Lcnipump","55","1.73530864","","","","","","","","","","","","","","","","","","","","","","","","","","","","","","","","","","","","","","","","","","","","","0.00000214","","","","","","","2026-08-06T13:27:58.792Z","","","","","",""
"Penguins","EFZ9DGTbybcxDAL2yk5BMtR9eGytQWS5U7g2rCQzpump","56","3","","","","","","","","","","","","","","","","","","","","","","","","","","","","","","","","","","","","","","","","","","","","","0.000002149","","","","","","","2026-08-06T13:28:04.858Z","","","","","",""
"FIRE","CDHZXVaPjf5CDqFwbwKJJHYWaXNh5P5thsBUQYkopump","","","","","","","","","","","","","","","","","","","","","","","","","","","","","","","","","","","","","","","","","","","","","","","","","","","","","2.875e-7","","","","","","2026-08-06T13:28:04.882Z",""
"SRRY","BKABX8dphaYfex4upvG5DQc4AEQSf6PZ2gRkGTwvpump","57","0.059259258","","","","","","","","","","","","","","","","","","","","","","","","","","","","","","","","","","","","","","","","","","","","","0.000002972","","","","","","","2026-08-06T13:28:10.851Z","","","","","",""
"GREEN","9R716P6LPZEFcqT2cZL6GXUwhBufhtuB2d5ZBVgEpump","","","","","","","","","","","","","","","","","","","","","","","","","","","","","","","","","","","","","","","","","","","","","","","","","","","","","1.205e-7","","","","","","2026-08-06T13:28:16.842Z",""
"SAVINF","Hz4jwzZNtNS7w7DnUJ1hwDdAPEdx32JtXc9xgb7Npump","68","0.197530862","","","","","","","","","","","","","","","","","","","","","","","","","","","","","","","","","","","","","","","","","","","","","0.00001066","","","","","","","2026-08-06T13:28:16.910Z","","","","","",""
"SILLY ","8azoa5HVS6M5sVZYgfvthDMSXHRpuCZME7njWRSjpump","74","2.000312547","","","","","","","0","0","-85.8","","","","","26","2.000312547","0","5","1","0","0","2695","3","265.18","265.18","0.75","0.75","16.13","","0","0","1","0","0","","","","","","","","","","","","0.000002363","0.000002694","","","","","","2026-08-06T13:28:35.028Z","2026-08-06T13:29:40.562Z","","","","",""
"NOVA","Fu1u5AYpsscYwGFpzAh2KDLFFs4yDHyNu3CnpgpKpump","74","2.045319579","","","","","","","","","","","","","","","","","","","","","","","","","","","","","","","","","","","","","","","","","","","","","0.000001823","","","","","","","2026-08-06T13:28:46.850Z","","","","","",""
"mayheminu","GRM57d4nntQcKX4zmnsia9kBJYmB1sW2qvDkjuJHpump","73","1","","","","","","","0","0","-31.3","","","0","0","914","1","0","1","1","0","0","10911.47","3","874.32","874.32","0.786","0.786","401","","0","0","1","0","0","","","","","","","","","","","","0.00001091","0.00001091","","","","","","2026-08-06T13:28:46.885Z","2026-08-06T13:29:52.607Z","","","","",""
"GREEN","BJBXC1Hvp1YNgWYEE7p97gh28wRFgvMYznAK4kQLpump","","","","","","","","","","","","","","","","","","","","","","","","","","","","","","","","","","","","","","","","","","","","","","","","","","","","","1.881e-7","","","","","","2026-08-06T13:28:53.002Z",""
"Penguins","3aTiZzH12BjybVNqQmVWMeKDrqccjPVWVmai16yTpump","62","5","","","","","","","","","","","","","","","","","","","","","","","","","","","","","","","","","","","","","","","","","","","","","0.000002141","","","","","","","2026-08-06T13:29:04.765Z","","","","","",""
"🐂🐈","2nYXaCgTPRsXJvb1zvDyQbFKS5qwFtVPkDn8BKqepump","64","3.259259258","","","","","","","","","","","","","","","","","","","","","","","","","","","","","","","","","","","","","","","","","","","","","0.00000205","","","","","","","2026-08-06T13:29:04.793Z","","","","","",""
"George","GkYBcUC7nCcqqfYmtSKhZGpcwZ4UQ6tbDEbEtcXfpump","55","1.679012344","","","","","","","","","","","","","","","","","","","","","","","","","","","","","","","","","","","","","","","","","","","","","0.000002152","","","","","","","2026-08-06T13:29:16.771Z","","","","","",""
"BALLS","r9j2wwXtMvcxoFbbQt981tZZnymLph3ySdb9bd4VCE9","58","4.938271603","","","","","","","","","","","","","","","","","","","","","","","","","","","","","","","","","","","","","","","","","","","","","0.000002318","","","","","","","2026-08-06T13:29:16.853Z","","","","","",""
"MuffinCat","F7XwkvUpoPL315VA2C1kzjdzAA4qapiwNvhip1dtpump","","","","","","","","","","","","","","","","","","","","","","","","","","","","","","","","","","","","","","","","","","","","","","","","","","","","","","","","","","","",""
"BALLS","Cv52a3efaQSvAXAF4cTaaTdLFfsMRhLmzrJWFMJRgNiF","66","8","","","","","","","0","0","-4.7","","","-4.7","0","904","8","0","8","0","0","0","2141.27","3","1675.31","1675.31","0.556","0.556","-34.58","","0","0","1","0","0","","","","","","","","","","","","0.000002141","0.000002141","","","","","","2026-08-06T13:29:22.860Z","2026-08-06T13:30:22.597Z","","","","",""
"GREEN","6Z3GYRwUa4dR23TkETFDnUhatXemgZfHiCSQbGZHpump","","","","","","","","","","","","","","","","","","","","","","","","","","","","","","","","","","","","","","","","","","","","","","","","","","","","","6.583e-7","","","","","","2026-08-06T13:29:28.821Z",""
"BALLS","C1WrWxKwC2nqy2NQtypUYRLGhgejrYGff4nsjdw5pump","59","4.938271603","","","","","","","","","","","","","","","","","","","","","","","","","","","","","","","","","","","","","","","","","","","","","0.000002141","","","","","","","2026-08-06T13:29:28.888Z","","","","","",""
"UNHWIZ","44fALtiJdpEGr377LFrH9jj6twCtns1MMCqXs399pump","62","0.09876543","","","","","","","0","0","0","","","0","0","916","0.09876543","0","1","1","0","0","1958.36","3","348.75","348.75","0.563","0.563","-4.61","","0","0","1","0","0","","","","","","","","","","","","0.000001958","0.000001958","","","","","","2026-08-06T13:29:34.776Z","2026-08-06T13:30:40.591Z","","","","",""
"Luna","3mREg6HeuTRJw64rD5vww3hUenpPp2VithuvRMZFpump","","","","","","","","","","","","","","","","","","","","","","","","","","","","","","","","","","","","","","","","","","","","","","","","","","","","","1.526e-7","","","","","","2026-08-06T13:29:46.829Z",""
"CATE","J1futVaEB9BartpYPvEMoSsYfVz4CKPth8KFDsnCpump","","","","","","","","","","","","","","","","","","","","","","","","","","","","","","","","","","","","","","","","","","","","","","","","","","","","","3.866e-7","","","","","","2026-08-06T13:29:46.869Z",""
"BABE","6oto2gaRR3ZY7X485tdic4NqgYuQyFrY3H1tcvjWpump","","","","","","","","","","","","","","","","","","","","","","","","","","","","","","","","","","","","","","","","","","","","","","","","","","","","","4.061e-7","","","","","","2026-08-06T13:29:46.891Z",""
"GREEN","Bq4aWkHXQzmDZwb2bG43H4xCJrDk7zw1LfQbbu7upump","","","","","","","","","","","","","","","","","","","","","","","","","","","","","","","","","","","","","","","","","","","","","","","","","","","","","2.745e-7","","","","","","2026-08-06T13:29:59.170Z",""
"GTA6","BfEWs7YUgGQy5tRrJKhrzKi2qBRUUw7XkcfDZisTYexy","57","4.938271603","","","","","","","","","","","","","","","","","","","","","","","","","","","","","","","","","","","","","","","","","","","","","0.000002316","","","","","","","2026-08-06T13:30:04.853Z","","","","","",""
"@CHATGPT","GGRbWmKMdPypFxfdsgoE5mDcKoXRYhp2L5CuYDwxpump","61","4","","","","","","","","","","","","","","","","","","","","","","","","","","","","","","","","","","","","","","","","","","","","","0.000002039","","","","","","","2026-08-06T13:30:04.907Z","","","","","",""
"boobs","GaCHxrHeAdigiysYwEKCqdg91MuxCqmri8Tmr9qfpump","56","3","","","","","","","","","","","","","","","","","","","","","","","","","","","","","","","","","","","","","","","","","","","","","0.000002141","","","","","","","2026-08-06T13:30:10.952Z","","","","","",""
"NOVA","8jasVH8rQjqpiHV1v2Mw2ARBCop6xTUjZRto7pUdpump","71","1.76327551","","","","","","","0","0","-14.3","","","-14.2","0","920","1.76327551","0","7","1","0","0","4841.99","3","571.22","571.22","0.636","0.636","112","","0","0","1","0","0","","","","","","","","","","","","0.000002826","0.000004841","","","","","","2026-08-06T13:30:11.014Z","2026-08-06T13:31:16.585Z","","","","",""
"GTA6","DeY6TVovZ2Uq1zNfgeFEeg6aig4PsBWCct52U6xoWoh8","60","5.925925924","","","","","","","","","","","","","","","","","","","","","","","","","","","","","","","","","","","","","","","","","","","","","0.000002316","","","","","","","2026-08-06T13:30:17.103Z","","","","","",""
"TRENCHER","3WvkRZcQL157W683mJAuD1ZoY89Nhh5fGjMczn4kpump","59","4","","","","","","","","","","","","","","","","","","","","","","","","","","","","","","","","","","","","","","","","","","","","","0.000002168","","","","","","","2026-08-06T13:30:22.914Z","","","","","",""
"Negan","3uquTijdVdcYMVK4qv2kjxGrNexbF5MLkuJAkNuapump","57","2","","","","","","","","","","","","","","","","","","","","","","","","","","","","","","","","","","","","","","","","","","","","","0.000002232","","","","","","","2026-08-06T13:30:29.104Z","","","","","",""
"TOAST","FJBHgpNAu3ktxN2QAqP7gdjWCxjSQKEnrVJSKd8Fpump","56","3","","","","","","","","","","","","","","","","","","","","","","","","","","","","","","","","","","","","","","","","","","","","","0.000002141","","","","","","","2026-08-06T13:30:34.835Z","","","","","",""
"NICA","5jJoTaPHGxXM1vBGbXCX5NQMUBVqbcmnhiYzyFLnpump","63","2.962962961","","","","","","","","","","","","","","","","","","","","","","","","","","","","","","","","","","","","","","","","","","","","","0.000002142","","","","","","","2026-08-06T13:30:34.858Z","","","","","",""
"Luna","GdAqi9Je8dm83bcUGwzDnSKKsrEq7F5LrTQwzEqUpump","68","0.500078135","","","","","","","","","","","","","","","","","","","","","","","","","","","","","","","","","","","","","","","","","","","","","0.000008865","","","","","","","2026-08-06T13:30:34.890Z","","","","","",""
"GREEN","4cwqYxW1oyQj7DNg5cNLEj6hS7H5G5pug1R6MKuYpump","","","","","","","","","","","","","","","","","","","","","","","","","","","","","","","","","","","","","","","","","","","","","","","","","","","","","9.855e-8","","","","","","2026-08-06T13:30:40.783Z",""
"NYC","CazFst8ervfHranc2PdJ7c8xmjrf2qu9298hR8j9pump","59","0.250039066","","","","","","","","","","","","","","","","","","","","","","","","","","","","","","","","","","","","","","","","","","","","","0.000002321","","","","","","","2026-08-06T13:30:40.835Z","","","","","",""
"ACATSTRAT","EwrYjZXKD8rPF72K3z6cjppDHxZJz1tBSw99iMjwpump","88","4","","","","","","","0.2","414","0","","","0","0.2","904","4","0","0","1","0","0","3925.34","3","1271.76","1271.76","0.6","0.6","49.86","","0","0","1","0","0","","","","","","","","","","","","0.000003925","0.000003925","","","","","","2026-08-06T13:30:40.857Z","2026-08-06T13:31:52.659Z","","","","",""
"Simba","8cJDy1W3ekvYTttmnBFEdxJTXwWKyYNoxvhzDyJKpump","63","3","","","","","","","","","","","","","","","","","","","","","","","","","","","","","","","","","","","","","","","","","","","","","0.000002468","","","","","","","2026-08-06T13:30:58.782Z","","","","","",""
"RWA","ADkBu1bwhHs4FobRcGuUZpYRyqv5JyqKEQf9BQfDX7nS","57","5.925925924","","","","","","","","","","","","","","","","","","","","","","","","","","","","","","","","","","","","","","","","","","","","","0.000003426","","","","","","","2026-08-06T13:31:10.832Z","","","","","",""
"Luna","7NiQHmdFznGFgwZqx5wNKPX3mNqusZTQyaQXinE4pump","62","0.250039066","","","","","","","0","0","0","","","0","0","904","0.250039066","0","2","1","0","0","4597.68","3","88.22","88.22","0.75","0.75","122","","0","0","1","0","0","","","","","","","","","","","","0.000004597","0.000004597","","","","","","2026-08-06T13:31:10.853Z","2026-08-06T13:32:22.820Z","","","","",""
"Simba","5YbhaknfzkQGuyXABARbWeqivdu79oA91ZmEY8Nxpump","58","3","","","","","","","","","","","","","","","","","","","","","","","","","","","","","","","","","","","","","","","","","","","","","0.000002039","","","","","","","2026-08-06T13:31:22.897Z","","","","","",""
"CAT","E1HGZWFB8Pf9jrkQo4j7ZQVwLmQzbxgPfrGBo5A2pump","","","","","","","","","","","","","","","","","","","","","","","","","","","","","","","","","","","","","","","","","","","","","","","","","","","","","2.105e-8","","","","","","2026-08-06T13:31:22.959Z",""
"KID","53L1jR2AjR2XAxB2PaZWymAQ7Ydx7WEkQeyy9cYDpump","","","","","","","","","","","","","","","","","","","","","","","","","","","","","","","","","","","","","","","","","","","","","","","","","","","","","9.157e-7","","","","","","2026-08-06T13:31:22.982Z",""
"Luna","CNc3WTcDwRxsftECP2mRTPJyn6iEYASWt4sLCnRipump","60","0.250039066","","","","","","","0","0","0","","","0","0","918","0.250039066","0","3","1","0","0","3476.93","3","64.8","64.8","0.667","0.667","67.62","","0","0","1","0","0","","","","","","","","","","","","0.000003476","0.000003476","","","","","","2026-08-06T13:31:28.773Z","2026-08-06T13:32:28.598Z","","","","",""
"$CRYPTOFER","DxjWmiCuke5RZjppGc93dP39FEE73Sv1fFv2gDCLpump","57","0.098765431","","","","","","","","","","","","","","","","","","","","","","","","","","","","","","","","","","","","","","","","","","","","","0.000001524","","","","","","8.275e-7","2026-08-06T13:31:28.841Z","","","","","2026-08-06T13:32:22.908Z",""
"1%","81Ltey9t51TuQCCYzhjT9xifpn19ocFthBrmq1H3pump","57","5","","","","","","","","","","","","","","","5","0","8","0","0","0","2142.16","3","1294.66","1294.66","0.6","0.6","-22.87","","0","0","1","0","0","","","","","","","","","","","","0.000002142","0.000002142","","","","","","2026-08-06T13:31:34.825Z","2026-08-06T13:32:46.660Z","","","","",""
"1%","2GRZgJDwwAwb2e1AZiZRsjQVCmSDfYcjaw1Y1JGTpump","64","5","","","","","","","","","","","","","","","","","","","","","","","","","","","","","","","","","","","","","","","","","","","","","0.000002142","","","","","","","2026-08-06T13:31:34.845Z","","","","","",""
"HALO","6UApXJRaYNSwg7ZNwS9af4aNF3G1UK3AVn8QUroUpump","55","1.728266665","","","","","","","","","","","","","","","","","","","","","","","","","","","","","","","","","","","","","","","","","","","","","0.000002117","","","","","","","2026-08-06T13:31:34.872Z","","","","","",""
"GREEN","6PVkpThrpi852jFzQCMjuwHnkmZZjGaiTHJ2yrKLpump","","","","","","","","","","","","","","","","","","","","","","","","","","","","","","","","","","","","","","","","","","","","","","","","","","","","","3.797e-7","","","","","","2026-08-06T13:31:34.940Z",""
"1%","HC5X7og1LeSiqS489moX1DenTsvKaPPsUxG756MBpump","58","3","","","","","","","","","","","","","","","","","","","","","","","","","","","","","","","","","","","","","","","","","","","","","0.000002142","","","","","","","2026-08-06T13:31:40.907Z","","","","","",""
"BOG","25zLGNGa1xBJwzpJ1Xz1hLezsfP25McfQqnAbbZzpump","","","","","","","","","","","","","","","","","","","","","","","","","","","","","","","","","","","","","","","","","","","","","","","","","","","","","3.7e-7","","","","","","2026-08-06T13:31:46.752Z",""
"Luna","22pLyBtRUnz2mA1JvxkM6LiBZ518P4wi2tfc8e76pump","59","0.250039066","","","","","","","","","","","","","","","0.250039066","0","4","1","0","0","6021.89","3","107.71","107.71","0.857","0.857","190","","0","0","1","0","0","","","","","","","","","","","","0.000006021","0.000006021","","","","","","2026-08-06T13:31:46.822Z","2026-08-06T13:32:46.579Z","","","","",""
"Luna","7ZkG3bAGWdvcbE6gqwfpX16t2pttgGgd5j9aArZXpump","","","","","","","","","","","","","","","","","","","","","","","","","","","","","","","","","","","","","","","","","","","","","","","","","","","","","9.377e-7","","","","","","2026-08-06T13:32:10.788Z",""
"GREEN","31dGf5HtR3EYw5sTw3BwjpJdNMQX3ZVfajruqW9Lpump","","","","","","","","","","","","","","","","","","","","","","","","","","","","","","","","","","","","","","","","","","","","","","","","","","","","","5.934e-7","","","","","","2026-08-06T13:32:10.880Z",""
"Shibako ","3QChFzpYtbkbFUzwQKK8Xr3EkEUFVbVG8wkPHe2Bpump","66","1.000156273","","","","","","","","","","","","","","","","","","","","","","","","","","","","","","","","","","","","","","","","","","","","","0.000002177","","","","","","9.934e-7","2026-08-06T13:32:10.894Z","","","","","2026-08-06T13:32:58.895Z",""
"TRUMPEDO","EAfEak77x9frYtKfePwxaa15ZL63yGczkNuoXau8pump","62","5","","","","","","","","","","","","","","","","","","","","","","","","","","","","","","","","","","","","","","","","","","","","","0.000002078","","","","","","","2026-08-06T13:32:34.817Z","","","","","",""
"NOVA","HKxzfBA9eyqAikonaouuWptLXaPMdzafFKVVG3Yvpump","69","1.514236598","","","","","","","","","","","","","","","","","","","","","","","","","","","","","","","","","","","","","","","","","","","","","0.000001747","","","","","","","2026-08-06T13:32:46.820Z","","","","","",""
"$Saitama","5UBP7JkrSjUSvtEcPDmdr5sjQmAn565Nv5p8xy1gpump","","","","","","","","","","","","","","","","","","","","","","","","","","","","","","","","","","","","","","","","","","","","","","","","","","","","","5.375e-7","","","","","","2026-08-06T13:32:52.903Z",""
"GREEN","EWQPrfAqVfR8FFbtq2vtS9d6xYpQKXfUzmhPEdSxpump","","","","","","","","","","","","","","","","","","","","","","","","","","","","","","","","","","","","","","","","","","","","","","","","","","","","","2.739e-7","","","","","","2026-08-06T13:33:05.285Z",""
"Jon","AvL3wzNA6XhiWRD75vHisPgqQeaisKDztrYNYs5Lpump","57","2","","","","","","","","","","","","","","","","","","","","","","","","","","","","","","","","","","","","","","","","","","","","","0.000002488","","","","","","","2026-08-06T13:33:10.835Z","","","","","",""
"baptisteA","4rznvqskztQkGVAcFSmEmBPuoeNFogBYrtBkzXdFpump","61","2.567901233","","","","","","","0","0","-1.9","","","0","0","902","2.567901233","0","0","0","0","0","2080.08","3","961.59","961.59","0.563","0.563","-13.44","","0","0","1","0","0","","","","","","","","","","","","0.00000208","0.00000208","","","","","","2026-08-06T13:33:34.759Z","2026-08-06T13:34:34.571Z","","","","",""
"BABE","ArAVvEWidK6CArzAsMYbKmheyGjbJHc94wyoKWTHpump","","","","","","","","","","","","","","","","","","","","","","","","","","","","","","","","","","","","","","","","","","","","","","","","","","","","","3.039e-7","","","","","","2026-08-06T13:33:34.815Z",""
"APE","14MMave1qho7gLoKXsGw6zUxkMa1jxDajn9pL8xfpump","77","7.901234566","","","","","","","","","","","","","","","","","","","","","","","","","","","","","","","","","","","","","","","","","","","","","0.000002043","","","","","","","2026-08-06T13:33:34.849Z","","","","","",""
"GOBY","Gce52tGMSc3ykTE5YGeFf4i6CnLowwS8RbCEjm3Hpump","63","3","","","","","","","","","","","","","","","","","","","","","","","","","","","","","","","","","","","","","","","","","","","","","0.00000214","","","","","","","2026-08-06T13:33:34.870Z","","","","","",""
"PumpWorlds","Bg5paV9HvKaDbEBfo5EUxmcCYJ2BCpa6JW6JjM9cpump","84","13.827160492","auto","55.712","30.022","7.227","50.92","yes","30.5","26","-36.2","no","","30.5","0","906","13.827160492","0","0","0","0","0","8584.92","3","17952.14","17952.14","0.63","0.63","97.27","","0","0","1","0","1","18.476234855545197","32.81275280372266","-10.794534143392605","-14.15","0","STOP_LOSS","","","","","0.042111","0.000006845","0.000008584","0.0000112","0.000011400646700671552","0.00001017","0.000009072","","2026-08-06T13:33:40.774Z","2026-08-06T13:34:40.553Z","2026-08-06T13:35:10.575Z","2026-08-06T13:35:17.802Z","2026-08-06T13:35:36.265Z","","2026-08-06T13:36:08.722Z"
"GREEN","Fpz4a9AfDWJCLV6nYZc3vRHUBq9WB7i2Ynfiu6bUpump","","","","","","","","","","","","","","","","","","","","","","","","","","","","","","","","","","","","","","","","","","","","","","","","","","","","","2.206e-7","","","","","","2026-08-06T13:33:46.754Z",""
"NOVA","CpKi2exW193ztXjdC9it6dBji6VMNmVrc4Aoegeepump","","","","","","","","","","","","","","","","","","","","","","","","","","","","","","","","","","","","","","","","","","","","","","","","","","","","","0.000001395","","","","","","2026-08-06T13:33:46.838Z",""
"LUCK","2f6FvTtAVcEuySe33M4CCdrtoWRqPio58QxWW87gpump","","","","","","","","","","","","","","","","","0.059259258","0","2","1","0","0","2308.85","3","4.87","4.87","1","1","12.77","","0","0","1","0","0","","","","","","","","","","","","","0.000002308","","","","","","","2026-08-06T13:34:16.583Z","","","","",""
"SPIRALISM⁠","EUHXcSYkWsGp3ts9QzGdvfoG16vX5i5W5J5ahj9Cpump","57","4","","","","","","","","","","","","","","","","","","","","","","","","","","","","","","","","","","","","","","","","","","","","","0.000002038","","","","","","","2026-08-06T13:34:29.167Z","","","","","",""
"GREEN","iJywmPHZNcDxDRr3g8JC2nLS7xwV73Qs47kjhWKpump","89","14.814814813","","","","","","","","","","","","","","","","","","","","","","","","","","","","","","","","","","","","","","","","","","","","","0.000004327","","","","","","","2026-08-06T13:34:34.884Z","","","","","",""
"NOVA","5k5wdBw5rRnfwj36cCea2M21hfhfrD6NwhY8q3rrpump","82","5.00078137","","","","","","","","","","","","","","","","","","","","","","","","","","","","","","","","","","","","","","","","","","","","","0.000003665","","","","","","","2026-08-06T13:34:52.902Z","","","","","",""
"GREEN","8JXTn6udGwK9mispfuVS1JGQe4SSxGFQuSqwGJK5pump","89","14.814814813","","","","","","","","","","","","","","","","","","","","","","","","","","","","","","","","","","","","","","","","","","","","","0.000006662","","","","","","","2026-08-06T13:35:16.824Z","","","","","",""
"Lock","4aKagP4XNucgQwVGyvN17TXaqivnAphkdErb2Ghepump","63","3.083247688","","","","","","","","","","","","","","","","","","","","","","","","","","","","","","","","","","","","","","","","","","","","","0.000003442","","","","","","","2026-08-06T13:35:17.035Z","","","","","",""
"PETRO","GyrHsahCFypr39nUi1nxyeHr3ZrPFUpe1WygSmhaphbw","59","5.925925924","","","","","","","","","","","","","","","","","","","","","","","","","","","","","","","","","","","","","","","","","","","","","0.000002315","","","","","","","2026-08-06T13:35:22.827Z","","","","","",""
"APE","21DHopxeGrmnwHTUy6FTBGXeRZdFvgeGC12RoVm4pump","74","7.901234566","","","","","","","0.4","28","-2","","","0.4","0","908","7.901234566","0","1","0","0","0","2082.34","3","1182.46","1182.46","0.667","0.667","-36.01","","0","0","1","0","0","","","","","","","","","","","","0.000002082","0.000002082","","","","","","2026-08-06T13:35:28.817Z","2026-08-06T13:36:28.580Z","","","","",""
"APE","22GQumseKo16iy4YqSQTMfsJZSaBLDtW6UcG9PAwpump","72","7.901234566","","","","","","","0","0","-2.3","","","0","0","908","7.901234566","0","2","0","0","0","2099.74","3","1358.12","1358.12","0.7","0.7","-35.49","","0","0","1","0","0","","","","","","","","","","","","0.000002092","0.000002099","","","","","","2026-08-06T13:35:46.829Z","2026-08-06T13:36:58.898Z","","","","",""
"Luna","4Woije2sRewyiS2UfH1mtAfncWbJ3BEgc2grxVTRpump","","","","","","","","","","","","","","","","","","","","","","","","","","","","","","","","","","","","","","","","","","","","","","","","","","","","","1.54e-7","","","","","","2026-08-06T13:35:46.870Z",""
"GREEN","4YYqpDrqgP5azwQVbhxWcq1QmLLbQfSBFSLxyQK3pump","","","","","","","","","","","","","","","","","","","","","","","","","","","","","","","","","","","","","","","","","","","","","","","","","","","","","2.501e-7","","","","","","2026-08-06T13:35:52.826Z",""
"APE","91BLGQMtuT4RZBRkJtS3PuwyWaBL731e7je3Esbspump","70","7.901234566","","","","","","","0.3","6","-2.3","","","0.3","0","906","7.901234566","0","3","0","0","0","2093.51","3","1181.54","1181.54","0.8","0.8","-35.71","","0","0","1","0","0","","","","","","","","","","","","0.000002093","0.000002093","","","","","","2026-08-06T13:36:04.937Z","2026-08-06T13:37:10.629Z","","","","",""
"PERCY","BG62Sfq1HfVUfAsaUecWpo2BMumfjy3MD8SYenANCSUC","57","5.925925924","","","","","","","","","","","","","","","","","","","","","","","","","","","","","","","","","","","","","","","","","","","","","0.00000204","","","","","","","2026-08-06T13:36:04.962Z","","","","","",""
"PEPETO","6BNakJURVWsVJZ8wPVe3ekLMyRvS7j3rfWKtc7m1pump","","","","","","","","","","","","","","","","","","","","","","","","","","","","","","","","","","","","","","","","","","","","","","","","","","","","","4.34e-7","","","","","","2026-08-06T13:36:16.766Z",""
"$CRYPTOFER","2vYvFNiRhc8f423jpFgBDfWtP2JmfYx1vckXDyrqpump","55","0.098765431","","","","","","","","","","","","","","","","","","","","","","","","","","","","","","","","","","","","","","","","","","","","","0.000001372","","","","","","6.442e-7","2026-08-06T13:36:28.779Z","","","","","2026-08-06T13:37:04.830Z",""
"$CRYPTOFER","7MBmrdpjVdgZRrEqHjcoHc5CLLUpYGu2h62QCtEPpump","","","","","","","","","","","","","","","","","0.098765431","0","4","1","0","0","2608.92","3","9.95","9.95","0.667","0.667","27.13","","0","0","1","0","0","","","","","","","","","","","","","0.000002608","","","","","","","2026-08-06T13:36:34.832Z","","","","",""
"NOVA","5LGNM1UM3rrizHQGgf34WyiYrJL2y8RA1Jv2MN5Gpump","65","1.208188778","","","","","","","","","","","","","","","","","","","","","","","","","","","","","","","","","","","","","","","","","","","","","0.000001412","","","","","","","2026-08-06T13:36:46.785Z","","","","","",""
"GREEN","EVb1Dvn88q42TSPRhZrDa9K5wXzrjxCsAKHCxyRbpump","","","","","","","","","","","","","","","","","","","","","","","","","","","","","","","","","","","","","","","","","","","","","","","","","","","","","4.744e-7","","","","","","2026-08-06T13:36:52.778Z",""
"WAP","BPPyBgwUPKrQUxyhXucE568m4cadEJijgyWXM5THpump","67","4","","","","","","","","","","","","","","","","","","","","","","","","","","","","","","","","","","","","","","","","","","","","","0.000002295","","","","","","","2026-08-06T13:36:52.846Z","","","","","",""
"Luna","8qygzbAiuvHcpM3htVzNofrxXEWogAQUYMRcz65upump","63","0.850132832","","","","","","","","","","","","","","","","","","","","","","","","","","","","","","","","","","","","","","","","","","","","","0.000002062","","","","","","0.000001197","2026-08-06T13:37:04.793Z","","","","","2026-08-06T13:37:46.780Z",""
"Steven","Cj4V82PnNeLi8HQkhFawmW6int1T7E72wy6FLuXkpump","61","5","","","","","","","","","","","","","","","","","","","","","","","","","","","","","","","","","","","","","","","","","","","","","0.000002041","","","","","","","2026-08-06T13:37:10.775Z","","","","","",""
"NEWDAYCO","8Xz1g2Sj7eBVPWXQh6TrdXrxqW7Uj7U6byjdXunEpump","","","","","","","","","","","","","","","","","","","","","","","","","","","","","","","","","","","","","","","","","","","","","","","","","","","","","8.825e-8","","","","","","2026-08-06T13:37:16.772Z",""
"GREEN","13bfVcSHUNheeRqGCx98tD6xwjpo5A51WR9TeuKcpump","","","","","","","","","","","","","","","","","","","","","","","","","","","","","","","","","","","","","","","","","","","","","","","","","","","","","1.934e-7","","","","","","2026-08-06T13:37:16.818Z",""
"Falls","C5zxU4F7PxhRpoZRuSifQ6yi4d6zKeqqffBVPqNNpump","63","4","","","","","","","","","","","","","","","","","","","","","","","","","","","","","","","","","","","","","","","","","","","","","0.000002846","","","","","","","2026-08-06T13:37:28.790Z","","","","","",""
"NOVA","HjWGCXwRbx5SMdtZr6sMsunzd8VkeoYjvhr6Ke5epump","","","","","","","","","","","","","","","","","","","","","","","","","","","","","","","","","","","","","","","","","","","","","","","","","","","","","0.000001136","","","","","","2026-08-06T13:37:40.787Z",""
"VANCE2028","AVdMz7xnoD2sXmdXhV7XZzJaUcXosbhcW6CLvc2VHqwe","55","4.938271603","","","","","","","","","","","","","","","","","","","","","","","","","","","","","","","","","","","","","","","","","","","","","0.000002317","","","","","","","2026-08-06T13:37:46.835Z","","","","","",""
"DOOAGE","7JgERMrjypxvwskFt85ZB4v4akSFZXziXMvha4tYpump","58","0.224493825","","","","","","","","","","","","","","","0.224493825","0","4","1","0","0","1741.69","3","287.74","287.74","0.552","0.552","-15.91","","0","0","1","0","0","","","","","","","","","","","","0.000001741","0.000001741","","","","","","2026-08-06T13:37:53.078Z","2026-08-06T13:38:52.626Z","","","","",""
"GREEN","13F6RmPjUyb3AhKGzguW4ieyMMo6uDFenue2P43Hpump","","","","","","","","","","","","","","","","","","","","","","","","","","","","","","","","","","","","","","","","","","","","","","","","","","","","","2.412e-7","","","","","","2026-08-06T13:38:04.947Z",""
"VANCE","kvR7ukuDsUtvedjQvdyeuaKmFaUb3YQnVUq6qCapump","69","2.194785183","","","","","","","","","","","","","","","","","","","","","","","","","","","","","","","","","","","","","","","","","","","","","0.000002143","","","","","","","2026-08-06T13:38:05.694Z","","","","","",""
"Negan","6oHvpNBbTckhRnFLCyqsP6J6M9t9FJvFrR5AFjcupump","58","3","","","","","","","","","","","","","","","","","","","","","","","","","","","","","","","","","","","","","","","","","","","","","0.000002329","","","","","","","2026-08-06T13:38:28.793Z","","","","","",""
"NOVA","4sDEwx5krcsUXjft1jUMr16oQXLHN4zeWNB6RqFopump","78","4.000625096","","","","","","","","","","","","","","","","","","","","","","","","","","","","","","","","","","","","","","","","","","","","","0.000003323","","","","","","","2026-08-06T13:38:28.833Z","","","","","",""
"GREEN","Eq8aM7LS6mGWykDiDQcsPMkXBXyP5obPxLwwwH2Wpump","","","","","","","","","","","","","","","","","","","","","","","","","","","","","","","","","","","","","","","","","","","","","","","","","","","","","3.728e-7","","","","","","2026-08-06T13:38:28.879Z",""
"CATE⁠","DLZLY21fJ7rTxksKuSXb5CXeGgpLqwexyagJRnUqpump","62","0.1","","","","","","","","","","","","","","","","","","","","","","","","","","","","","","","","","","","","","","","","","","","","","0.00001405","","","","","","","2026-08-06T13:38:40.805Z","","","","","",""
"PHAROC","JLF3VGThpQLahtpa2ncj62VKE779uPu3w3DcWvnpump","","","","","","","","","","","","","","","","","","","","","","","","","","","","","","","","","","","","","","","","","","","","","","","","","","","","","0.000001096","","","","","","2026-08-06T13:38:46.778Z",""
"FROB","7xj2bcCihNkZTBoWHHYaoA2HauuM46y5HhYKNjndpump","","","","","","","","","","","","","","","","","","","","","","","","","","","","","","","","","","","","","","","","","","","","","","","","","","","","","3.277e-7","","","","","","2026-08-06T13:38:46.832Z",""
"DOOAGE","AJWsuAJT87WAaTNFVdgpyy86BMvVdrFA8F44ezTRpump","","","","","","","","","","","","","","","","","","","","","","","","","","","","","","","","","","","","","","","","","","","","","","","","","","","","","4.287e-7","","","","","","2026-08-06T13:38:46.886Z",""
"BOOB","5L2sC12VXgUtSz3jtvfVqYx8tz7qz7rDToBFAa5Kpump","67","4","","","","","","","","","","","","","","","","","","","","","","","","","","","","","","","","","","","","","","","","","","","","","0.000002218","","","","","","","2026-08-06T13:39:04.754Z","","","","","",""
"GREEN","3MuCnZm41n44sx7zVXaywhf2VP2VpLT4s6cpyHYnpump","","","","","","","","","","","","","","","","","","","","","","","","","","","","","","","","","","","","","","","","","","","","","","","","","","","","","1.992e-7","","","","","","2026-08-06T13:39:04.801Z",""
"GOONPOCALYPSE","557bBJB5mi41mmBXzepiTzG9pxbWobT5jtSzv82qpump","59","5","","","","","","","","","","","","","","","","","","","","","","","","","","","","","","","","","","","","","","","","","","","","","0.000002321","","","","","","","2026-08-06T13:39:10.786Z","","","","","",""
"BOOB","7ECsHLJYXPWnZKss4mENc1wb4HFrPeAYUNACYgq1Hu69","65","8","","","","","","","","","","","","","","","","","","","","","","","","","","","","","","","","","","","","","","","","","","","","","0.000002044","","","","","","","2026-08-06T13:39:10.834Z","","","","","",""
"mayhum","wb8SCmfJgBKAq9J98rYgUJxtQ3qm5yroTMb1d4mpump","","","","","","","","","","","","","","","","","","","","","","","","","","","","","","","","","","","","","","","","","","","","","","","","","","","","","5.35e-7","","","","","","2026-08-06T13:39:10.871Z",""
"Saban","HZiWUmgRsWaoaxWfjM6P84CbwuKYMiRGsEgDZMDVKbES","55","4.938271603","","18.304","","","","","","","","","","","","","4.938271603","0","12","0","0","0","2321.13","3","913.87","913.87","0.556","0.556","-16.27","","0","0","1","0","0","-11.93451098664369","","","","","","","","","","","0.000002321","0.000002321","","","0.000002044","","","2026-08-06T13:39:16.805Z","2026-08-06T13:40:22.545Z","","","2026-08-06T13:40:40.849Z","",""
"Marlon","97jMcr65FpfPfEtoc7eQvMvXc16Dshm46i3nFtP7pump","61","4.938271603","","","","","","","","","","","","","","","","","","","","","","","","","","","","","","","","","","","","","","","","","","","","","0.000002771","","","","","","","2026-08-06T13:39:28.752Z","","","","","",""
"PANTS","7XEg4XvCXx2Utiz8Gu1JCra7x4ABDHyT7KzmpMVdpump","64","4.938271603","","","","","","","35","852","-4.2","","","-3","39.2","902","4.938271603","0","2","0","0","0","7147.53","3","19148.53","19148.53","0.615","0.615","158","","0","0","1","0","1","","","","","","","","","","","","0.000006729","0.000007147","","","","","","2026-08-06T13:39:28.792Z","2026-08-06T13:40:34.540Z","","","","",""
"BOOB","8CFxEgCf89QSdAvibGCCGM1oRpM7jXokKbDUPU3opump","56","2.962962961","","","","","","","","","","","","","","","","","","","","","","","","","","","","","","","","","","","","","","","","","","","","","0.000002146","","","","","","","2026-08-06T13:39:34.766Z","","","","","",""
"PANTS","Ef5KQpjq74Tcf5YmXuemniNU9KSvY7MEtDQpHxBi2G5Y","57","5.925925924","","","","","","","","","","","","","","","","","","","","","","","","","","","","","","","","","","","","","","","","","","","","","0.000002672","","","","","","","2026-08-06T13:39:34.806Z","","","","","",""
"FROB","41WbycPeexGgeGkvxTP9NVWHBmQysAaK8XXw563wpump","","","","","","","","","","","","","","","","","","","","","","","","","","","","","","","","","","","","","","","","","","","","","","","","","","","","","3.835e-7","","","","","","2026-08-06T13:39:34.864Z",""
"GREEN","5ER7tdxpDoGUhifpP2nb5YWfVGdWYHpS3FdRSCMbpump","88","14.814814813","","","","","","","","","","","","","","","","","","","","","","","","","","","","","","","","","","","","","","","","","","","","","0.000003817","","","","","","3.19e-7","2026-08-06T13:39:40.759Z","","","","","2026-08-06T13:40:22.778Z",""
"PANTS","9x1itSoc9eazno5KHjqiFN2yW1fnkNPcp3T88ZCMpump","57","5","","","","","","","","","","","","","","","5","0","9","0","0","0","2146.27","3","1296.77","1296.77","0.6","0.6","-22.83","","0","0","1","0","0","","","","","","","","","","","","0.000002146","0.000002146","","","","","","2026-08-06T13:39:47.023Z","2026-08-06T13:40:52.602Z","","","","",""
"NOVA","CADoWoKhgTknmdbejKLnUMUp5SkFK9kYw5s5aU9fpump","","","","","","","","","","","","","","","","","","","","","","","","","","","","","","","","","","","","","","","","","","","","","","","","","","","","","0.00000114","","","","","","2026-08-06T13:39:59.116Z",""
"CASHCAT","HxuTVtxrapyzNUEnsj2umJPoMyaFa452VRApvg5fpump","59","0.1","","","","","","","","","","","","","","","","","","","","","","","","","","","","","","","","","","","","","","","","","","","","","0.000001574","","","","","","0.000001079","2026-08-06T13:40:17.119Z","","","","","2026-08-06T13:41:04.916Z",""
"Sentient","6UFwKtfbPE4psoYX4mJPysmpQSCosEYWJhEs1h9KKmy2","64","8","","","","","","","","","","","","","","","","","","","","","","","","","","","","","","","","","","","","","","","","","","","","","0.00000237","","","","","","","2026-08-06T13:40:34.766Z","","","","","",""
"STRUMP","4rsntJfwQTxUosE2YiPG4MqzneiTJ76LwJzWhCycpump","62","0.098765431","","","","","","","","","","","","","","","","","","","","","","","","","","","","","","","","","","","","","","","","","","","","","0.00000164","","","","","","","2026-08-06T13:40:34.827Z","","","","","",""
"FROB","Snhb2jdf9bbjJJ2C33H25pZoLX7KbLwXFoR21wppump","59","0.090014063","","","","","","","","","","","","","","","","","","","","","","","","","","","","","","","","","","","","","","","","","","","","","0.000001272","","","","","","3.668e-7","2026-08-06T13:40:46.920Z","","","","","2026-08-06T13:42:16.788Z",""
"Sentient","2D2CG6pvaSCD5STE7BZB4hoRzAShR2pCoKGAbDseq4gm","87","3.950617282","","","","","","","","","","","","","","","","","","","","","","","","","","","","","","","","","","","","","","","","","","","","","0.00000212","","","","","","","2026-08-06T13:40:53.041Z","","","","","",""
"GREEN","HiZPVLnctqFi5tcMap3579C4BSjgrfdfYAPkbsHcpump","84","9.876543208","","","","","","","0","0","0","","","0","0","908","9.876543208","0","34","1","0","0","14018.66","3","8804.1","8804.1","0.561","0.561","288","","0","0","1","0","0","","","","","","","","","","","","0.00001401","0.00001401","","","","","","2026-08-06T13:40:59.174Z","2026-08-06T13:41:58.576Z","","","","",""
"SECRET","3YWQsHUQSzStst9heUBuBz15pJrBgnPvhhSSvqmYpump","","","","","","","","","","","","","","","","","","","","","","","","","","","","","","","","","","","","","","","","","","","","","","","","","","","","","1.678e-7","","","","","","2026-08-06T13:41:05.312Z",""
"bruna","54iK4LHF2ybxE9viMkSoJLkne7ueEpcRXb4AomCapump","","","","","","","","","","","","","","","","","","","","","","","","","","","","","","","","","","","","","","","","","","","","","","","","","","","","","5.429e-7","","","","","","2026-08-06T13:41:11.030Z",""
"Sentient","DntBmXWzx2cYzsZzJS1HS1dsRVvyzwmMUbAQJKrdZZQ7","71","5","","","","","","","","","","","","","","","","","","","","","","","","","","","","","","","","","","","","","","","","","","","","","0.000002044","","","","","","","2026-08-06T13:41:28.750Z","","","","","",""
"BARTLOMIEJ","991JABTrbhuTCzzqTWKzmB1pmgcKBESXe8rCn9ynpump","89","24.691358023","","18.568","","","","","2.1","62","-56.6","","","-19.1","26.1","902","24.691358023","0","0","0","0","0","7909.44","3","27423.67","27423.67","0.627","0.627","16.39","","0","0","1","0","0","-19.066885826273865","","","","","","","","","","","0.000007376","0.000007909","","","0.000006401","","","2026-08-06T13:41:28.790Z","2026-08-06T13:42:34.576Z","","","2026-08-06T13:42:53.144Z","",""
"NOVA","6EYjCoRGPLdudVjvEQRxPrbxGKmgrU3Ab6TwZTnqpump","","","","","","","","","","","","","","","","","","","","","","","","","","","","","","","","","","","","","","","","","","","","","","","","","","","","","7.913e-7","","","","","","2026-08-06T13:41:34.777Z",""
"KID","5rGJC7skT5cvydSV2PDeLTYefuaGTuFAkYAG2EMkpump","","","","","","","","","","","","","","","","","","","","","","","","","","","","","","","","","","","","","","","","","","","","","","","","","","","","","2.881e-7","","","","","","2026-08-06T13:41:40.831Z",""
"Sentient","D1LH8NzQfayUEC5zzzpa494j6Jrk4DCv3Um6D9o4pump","67","5","","","","","","","","","","","","","","","","","","","","","","","","","","","","","","","","","","","","","","","","","","","","","0.000002148","","","","","","","2026-08-06T13:41:46.855Z","","","","","",""
"Sentient","FiX1d6Q4JnmLUiTsxBFAr5WJfQB7Gy5S2QsFhxvqAEJV","","","","","","","","","","","","","","","","","","","","","","","","","","","","","","","","","","","","","","","","","","","","","","","","","","","","","0.000002202","","","","","","2026-08-06T13:41:46.900Z",""
"Hariet","AcUyw5LcWp8PdjXqwVfhoTXcs75BivqzpodAU9dApump","65","3.5","","","","","","","","","","","","","","","","","","","","","","","","","","","","","","","","","","","","","","","","","","","","","0.00001824","","","","","","","2026-08-06T13:41:52.778Z","","","","","",""
"Hariet","BEKks7FPnunm3mwRy18Wx8SJDrUVfjTseRyiVXHUpump","","","","","","","","","","","","","","","","","","","","","","","","","","","","","","","","","","","","","","","","","","","","","","","","","","","","","0.000002046","","","","","","2026-08-06T13:42:04.826Z",""
"CWG","XwRDqZtXSoptsYWUhPr5KGTMLQUhvdfSVRZG9Hxpump","74","0.060009374","","54.036","","","","","0","0","-75.5","","","-66.5","117","126","0.060009374","2","15","1","0","0","14434.37","3","108.39","108.39","0.589","0.589","603","","0","0","1","0","0","-66.47262647262647","","","","","","","","","","","0.000003332","0.00001443","","","0.000004838","","","2026-08-06T13:42:04.850Z","2026-08-06T13:43:10.581Z","","","2026-08-06T13:44:04.617Z","",""
"BETTY","J6KFdQ3zYXYy3GGqdJRc6LbLjjuTeRBj2wbAJJA5pump","63","3.083247688","","","","","","","","","","","","","","","","","","","","","","","","","","","","","","","","","","","","","","","","","","","","","0.000002086","","","","","","","2026-08-06T13:42:22.898Z","","","","","",""
"DAVINCI","GeCt8hTyVGXK2oM9T9EGwmtcwprmMM4iimTyG18npump","56","0.250039066","","","","","","","","","","","","","","","","","","","","","","","","","","","","","","","","","","","","","","","","","","","","","0.000002496","","","","","","3.688e-7","2026-08-06T13:42:34.754Z","","","","","2026-08-06T13:43:22.793Z",""
"Hariet","9PjWUDtpSfKBCXDhh4sEHPNeqC2C99zeTCWYoFHM7zXD","55","5","","","","","","","","","","","","","","","","","","","","","","","","","","","","","","","","","","","","","","","","","","","","","0.000002047","","","","","","","2026-08-06T13:42:40.756Z","","","","","",""
"GREEN","6Hvc97ZnTn8JbtPeHisUfykdW1YkRmnocpywdzkhpump","84","9.876543208","","","","","","","","","","","","","","","","","","","","","","","","","","","","","","","","","","","","","","","","","","","","","0.00001148","","","","","","","2026-08-06T13:42:40.784Z","","","","","",""
"LABUBU","57T1MrKLX9sukk7WmnTZP1BBd5Tt752wwM1qyNaepump","58","5","","","","","","","","","","","","","","","","","","","","","","","","","","","","","","","","","","","","","","","","","","","","","0.000002148","","","","","","","2026-08-06T13:42:47.079Z","","","","","",""
"GOON","FDQ3bZmeXAB2q3PCi853fSjGHr9QMiLcjtznBZEspump","","","","","","","","","","","","","","","","","","","","","","","","","","","","","","","","","","","","","","","","","","","","","","","","","","","","","0.000001222","","","","","","2026-08-06T13:42:53.053Z",""
"LABUBU","4fTnakJi4HACo6JdoTpYmNWTnFJubCXA7HEAXDh2pump","56","4","","","","","","","","","","","","","","","","","","","","","","","","","","","","","","","","","","","","","","","","","","","","","0.000002047","","","","","","","2026-08-06T13:42:53.165Z","","","","","",""
"ishverduzc","GCHRkMCa5i32PhZj7tXrWHXD8ZBubuogZK5XFdcQpump","60","2.469135801","","","","","","","0","0","-14.8","","","0","0","910","2.469135801","0","0","0","0","0","2406.75","3","1032.14","1032.14","0.692","0.692","0.42","","0","0","1","0","0","","","","","","","","","","","","0.000002406","0.000002406","","","","","","2026-08-06T13:42:58.835Z","2026-08-06T13:44:16.607Z","","","","",""
"TURPIR","37wQ8MfGMzdv3Kxamw6ci36L5G3CuFoXA7xGZnWwpump","65","0.059259258","","","","","","","","","","","","","","","","","","","","","","","","","","","","","","","","","","","","","","","","","","","","","0.000001914","","","","","","","2026-08-06T13:42:58.904Z","","","","","",""
"Hariet","EUe8ciFR75n6si3CpzGiSKVRpseP7SzZnRVusjHmpump","","","","","","","","","","","","","","","","","","","","","","","","","","","","","","","","","","","","","","","","","","","","","","","","","","","","","","","","","","","",""
"Gus","7ShMVGRvv1vgpyKmxLDzdsGViZpikkhfUAj6Lq8Spump","61","4","","","","","","","","","","","","","","","","","","","","","","","","","","","","","","","","","","","","","","","","","","","","","0.000002136","","","","","","","2026-08-06T13:43:11.381Z","","","","","",""
"RANDOMCAT","92gc42e1rSx5JqyNtyDSSeK7GdCNu4jDBxehGpRWpump","66","0.100015626","","","","","","","","","","","","","","","","","","","","","","","","","","","","","","","","","","","","","","","","","","","","","0.000002435","","","","","","","2026-08-06T13:43:16.779Z","","","","","",""
"DOGE","6dfqSa6zt2dRU8qzE8GXk2ew1qwM2PmzsgUZ9GVBpump","","","","","","","","","","","","","","","","","","","","","","","","","","","","","","","","","","","","","","","","","","","","","","","","","","","","","3.893e-7","","","","","","2026-08-06T13:43:16.827Z",""
"HAMASS","EXq47x7pVZLnYf7P9UhunP1bXM9etKgdWkPRnGmr1ray","77","9.92","auto","","30.056","7.214","7.805","n/a","0","0","-19.1","no","","0","0","906","9.92","0","1","0","0","0","5928.91","3","2532.45","2532.45","0.781","0.781","63.86","","0","0","1","0","1","","-6.390410795623276","","-7.81","6.83","BREAK_EVEN_SL","","","","","0.042542","0.000005793","0.000005928","0.000005928","0.000005549176448035452","","0.000005206","","2026-08-06T13:43:22.861Z","2026-08-06T13:44:40.577Z","2026-08-06T13:45:10.633Z","2026-08-06T13:45:17.847Z","","","2026-08-06T13:45:25.652Z"
"DOROTHY","HozKZrruAKAu72gLX9EtRBKPTKsxDbHRupGBXAvipump","66","5","","","","","","","","","","","","","","","","","","","","","","","","","","","","","","","","","","","","","","","","","","","","","0.00001486","","","","","","","2026-08-06T13:43:29.051Z","","","","","",""
"DOROTHY","9B8tVBQ7cKvSyxBq4USYw5mk3ov7CrZeVSoRym3xpump","55","4","","","","","","","","","","","","","","","4","0","6","0","0","0","2149.79","3","1372.38","1372.38","0.571","0.571","-18.25","","0","0","1","0","0","","","","","","","","","","","","0.000002149","0.000002149","","","","","","2026-08-06T13:43:40.823Z","2026-08-06T13:44:46.616Z","","","","",""
"L03132","CkQa8ZmJ5vsdsd9PY2twvFFwA5r76itzeQKKwE2Npump","61","5","","","","","","","","","","","","","","","","","","","","","","","","","","","","","","","","","","","","","","","","","","","","","0.000002157","","","","","","","2026-08-06T13:43:40.886Z","","","","","",""
"BABE","DdL1SSc4VoXe4NJW6UaXpZgrWDSLgAhz4Z2qXjybpump","","","","","","","","","","","","","","","","","","","","","","","","","","","","","","","","","","","","","","","","","","","","","","","","","","","","","5.7e-7","","","","","","2026-08-06T13:43:46.886Z",""
"LABUBU","H4NaV5Exca2YHGiG6yzZZeF9fyAuDLwWaiT6s2z3pump","67","4","","","","","","","","","","","","","","","","","","","","","","","","","","","","","","","","","","","","","","","","","","","","","0.000002061","","","","","","","2026-08-06T13:44:04.777Z","","","","","",""
"LEO","EUDcDNFSG65RZWUcJvn9aEQFV8qX9MD7damjb1MEpump","57","2","","","","","","","","","","","","","","","","","","","","","","","","","","","","","","","","","","","","","","","","","","","","","0.000002047","","","","","","","2026-08-06T13:44:04.824Z","","","","","",""
"Sentient","HGCbZWxaWGGFKjJJMRVEmr7s7KNLcmeRZCxFiG5Br2Nf","","","","","","","","","","","","","","","","","","","","","","","","","","","","","","","","","","","","","","","","","","","","","","","","","","","","","0.000002047","","","","","","2026-08-06T13:44:34.919Z",""
"DOROTHY","2tfy4Zu2R4ik1853rmCjXnYbKDV47RiGjxHArmdPpump","61","5","","","","","","","20.2","38","-40.6","","","20.2","0","908","5","0","4","0","0","0","2944.15","3","18242.12","18242.12","0.577","0.577","5.66","","0","0","1","0","0","","","","","","","","","","","","0.000002335","0.000002944","","","","","","2026-08-06T13:44:58.781Z","2026-08-06T13:45:58.551Z","","","","",""
"qua","4yJZBMZ9fTbkq1GScqx19sevA25fGCKRtcKjZL1epump","68","0.197530863","","","","","","","","","","","","","","","","","","","","","","","","","","","","","","","","","","","","","","","","","","","","","0.00002019","","","","","","","2026-08-06T13:45:34.787Z","","","","","",""
"ATH","9o4pCY3tzgHWu7bxFQtGZmJWjgNgqSexRBVbKby7pump","61","5","","","","","","","","","","","","","","","","","","","","","","","","","","","","","","","","","","","","","","","","","","","","","0.000003552","","","","","","","2026-08-06T13:45:34.881Z","","","","","",""
"Gus","GzLuPQE3dSPTJJaqFw645fmsLpLXiPL1gJWG1WxLBQAo","67","3.950617282","","","","","","","","","","","","","","","","","","","","","","","","","","","","","","","","","","","","","","","","","","","","","0.000002192","","","","","","","2026-08-06T13:45:40.856Z","","","","","",""
"Digger","6WQmpG33ErQJG3rnQGHtwUVocZApQuAyzW9Ge9YkgrJk","","","","","","","","","","","","","","","","","","","","","","","","","","","","","","","","","","","","","","","","","","","","","","","","","","","","","0.000002047","","","","","","2026-08-06T13:45:46.801Z",""
"TTWO⁠","8L5DJrp9BTyLHkpqDN3Zff9HkSYZQEsPEoVe4WN3pump","","","","","","","","","","","","","","","","","","","","","","","","","","","","","","","","","","","","","","","","","","","","","","","","","","","","","8.784e-7","","","","","","2026-08-06T13:45:52.825Z",""
"Gus","FAMAgohT3TKJ4eeu7RY9znfRprfquMTSVtrpivSmpump","60","5","","","","","","","","","","","","","","","","","","","","","","","","","","","","","","","","","","","","","","","","","","","","","0.000002071","","","","","","","2026-08-06T13:46:10.769Z","","","","","",""
"Gus","DE6sowRZs2VY3GeY3XaBGEBiQMiaW5qCFWF7BmuUpump","59","5","","","","","","","","","","","","","","","","","","","","","","","","","","","","","","","","","","","","","","","","","","","","","0.000002047","","","","","","","2026-08-06T13:46:11.000Z","","","","","",""
"Haruko","AbkarEHzesQ2uYEANBhwTauinykuxyxarNzF3GiXpump","69","7.901234566","","","","","","","","","","","","","","","","","","","","","","","","","","","","","","","","","","","","","","","","","","","","","0.0000046","","","","","","","2026-08-06T13:46:16.843Z","","","","","",""
"$MARCUS","H5pz4GDwva31jYF2V1xnfK5Rny3BvMx5HrPz6j7tpump","57","2","","","","","","","","","","","","","","","","","","","","","","","","","","","","","","","","","","","","","","","","","","","","","0.000002096","","","","","","","2026-08-06T13:46:46.764Z","","","","","",""
"Gus","2dVoj7mcpRi2jiMgCauVPQ1hpUMvRqE6gLvxvk7epump","58","5","","","","","","","","","","","","","","","","","","","","","","","","","","","","","","","","","","","","","","","","","","","","","0.000002048","","","","","","","2026-08-06T13:46:58.777Z","","","","","",""
"GREEN","EQXdJh4pCACRqYApvaLviCzYbgmL3wHmkYDpSKG5pump","","","","","","","","","","","","","","","","","","","","","","","","","","","","","","","","","","","","","","","","","","","","","","","","","","","","","6.16e-7","","","","","","2026-08-06T13:47:05.187Z",""
"Digger","BKGUMsNRmJroLsU2DRuyLFoPmodDrcdRiMHrskxupump","","","","","","","","","0","0","-17.4","","","0","0","906","3","0","0","0","0","0","2479.77","3","219.9","219.9","1","1","0","","0","0","1","0","0","","","","","","","","","","","","","0.000002479","","","","","","","2026-08-06T13:47:10.538Z","","","","",""
"$bobo","Cmpz4JWraeqqG3VQ2uqUTXHKHa6aVVgNv8uURbj8pump","","","","","","","","","","","","","","","","","","","","","","","","","","","","","","","","","","","","","","","","","","","","","","","","","","","","","4.1e-9","","","","","","2026-08-06T13:47:10.774Z",""
"LABUBU","HarWW1pb6oTtnVUzUCDGbEeufmpdzKbuEJ3rpLTLNuAW","59","4","","","","","","","","","","","","","","","","","","","","","","","","","","","","","","","","","","","","","","","","","","","","","0.000003345","","","","","","","2026-08-06T13:47:16.793Z","","","","","",""
"SIMPAI","4Ah3Vi72dfuXJg1PMTXTAmRxN2CHwQMs11GG4rWQpump","","","","","","","","","","","","","","","","","","","","","","","","","","","","","","","","","","","","","","","","","","","","","","","","","","","","","2.515e-8","","","","","","2026-08-06T13:47:29.100Z",""
"GREEN","pritw9V1aWcAG4FNb6Mgaj5jMGftWkgo5ysyGf1pump","84","9.876543208","","","","","","","","","","","","","","","","","","","","","","","","","","","","","","","","","","","","","","","","","","","","","0.000008618","","","","","","","2026-08-06T13:47:40.783Z","","","","","",""
"BABE","Ew6z5GpiKCTLcGZ4t6SK1xuHAdxEEvJATjse7urbpump","","","","","","","","","","","","","","","","","","","","","","","","","","","","","","","","","","","","","","","","","","","","","","","","","","","","","5.137e-7","","","","","","2026-08-06T13:48:16.793Z",""
"Lisa","iSBntJdEc78J1dqgCQAd8Ms8zPkuVgnNaj3UnrTpump","58","3.34","","","","","","","","","","","","","","","","","","","","","","","","","","","","","","","","","","","","","","","","","","","","","0.000002157","","","","","","","2026-08-06T13:48:16.817Z","","","","","",""
"DOGG","33xfLmUsniQryXrc1bzvzssUfZZnGWUBjXHi65expump","","","","","","","","","","","","","","","","","","","","","","","","","","","","","","","","","","","","","","","","","","","","","","","","","","","","","3.63e-9","","","","","","2026-08-06T13:48:16.837Z",""
"DengDeng","A9eJkKhgrQ1JTGbhHH4ruoaJR7Czb2NDav5mpv84pump","70","4.938271603","","","","","","","","","","","","","","","","","","","","","","","","","","","","","","","","","","","","","","","","","","","","","0.00000261","","","","","","","2026-08-06T13:48:22.925Z","","","","","",""
"CRIINF","He5v7WjC8f9YMDeBjGKSXcebWXa1osqcg4MfQKuTpump","","","","","","","","","","","","","","","","","","","","","","","","","","","","","","","","","","","","","","","","","","","","","","","","","","","","","2e-7","","","","","","2026-08-06T13:48:29.333Z",""
"GREEN","9eP8YyQfG4MtK2kPypYvUJmSiSRyo1Dc3JpyGYWypump","","","","","","","","","","","","","","","","","","","","","","","","","","","","","","","","","","","","","","","","","","","","","","","","","","","","","5.859e-7","","","","","","2026-08-06T13:48:34.757Z",""
"huh","GhgF2PTffU1XZQvYrbarGds5ENqxoas25rMYNcoypump","","","","","","","","","","","","","","","","","","","","","","","","","","","","","","","","","","","","","","","","","","","","","","","","","","","","","3.734e-7","","","","","","2026-08-06T13:48:40.777Z",""
"GREEN","8zdCnb71fU4TmUKU3FFd9PHp5PJmzNE27Bq1pRFbpump","","","","","","","","","","","","","","","","","","","","","","","","","","","","","","","","","","","","","","","","","","","","","","","","","","","","","2.96e-7","","","","","","2026-08-06T13:48:59.259Z",""
"GREEN","8LfUfaRa6babJMiKrmgXr9yPY2HvskV87Jh5hzSApump","","","","","","","","","","","","","","","","","","","","","","","","","","","","","","","","","","","","","","","","","","","","","","","","","","","","","2.277e-7","","","","","","2026-08-06T13:49:10.777Z",""
"MONPRINT","Eht7pP7g3BPGPFpiaxN9bHGadQDH1MDDM4Kwj4Bspump","","","","","","","","","","","","","","","","","","","","","","","","","","","","","","","","","","","","","","","","","","","","","","","","","","","","","3.866e-7","","","","","","2026-08-06T13:49:28.756Z",""
"GREEN","2jppm78P6X15cjKeM1Eevqw2QLbBnWZV8SUEuVYqpump","","","","","","","","","","","","","","","","","","","","","","","","","","","","","","","","","","","","","","","","","","","","","","","","","","","","","2.764e-7","","","","","","2026-08-06T13:49:34.787Z",""
"qua","J9Y193bHQkMjkQfLFj3J2W5j8miYmVLFLfjSLcMapump","","","","","","","","","","","","","","","","","","","","","","","","","","","","","","","","","","","","","","","","","","","","","","","","","","","","","1.26e-7","","","","","","2026-08-06T13:49:34.829Z",""
"BOLT","GuafxyeDFdiA8zD7mXjE51rzGJqdSd65apYAb4ARtLhS","58","4.938271603","","","","","","","","","","","","","","","","","","","","","","","","","","","","","","","","","","","","","","","","","","","","","0.000006806","","","","","","","2026-08-06T13:49:40.770Z","","","","","",""
"CombatSp","41ZHzJQ3hEesL3vAtaLof6bzf4j6XvTKvkBGYXW4pump","62","2.765432097","","","","","","","","","","","","","","","","","","","","","","","","","","","","","","","","","","","","","","","","","","","","","0.000002048","","","","","","","2026-08-06T13:49:41.023Z","","","","","",""
"GREEN","5voUhAeXym2fWPr7yvUANGwk1wcsZASvWbpk3xnGpump","","","","","","","","","","","","","","","","","","","","","","","","","","","","","","","","","","","","","","","","","","","","","","","","","","","","","6.582e-7","","","","","","2026-08-06T13:49:46.784Z",""
"pablo","AoY6sgZDXYFpngL6s9rejc3gmtpWoZXocyeUzELzpump","","","","","","","","","","","","","","","","","","","","","","","","","","","","","","","","","","","","","","","","","","","","","","","","","","","","","9.21e-7","","","","","","2026-08-06T13:49:58.770Z",""
"KID","ApvoCdnKySphTvJBXkS8xZqiQfaVPGGvNe3j2vxWpump","69","1.276839504","","","","","","","","","","","","","","","","","","","","","","","","","","","","","","","","","","","","","","","","","","","","","0.00000312","","","","","","","2026-08-06T13:50:10.815Z","","","","","",""
"TOXREA","CqpYvWtbtb1KtKRc3CLHpYKVMKpxqxS3rB2TbogYpump","","","","","","","","","","","","","","","","","","","","","","","","","","","","","","","","","","","","","","","","","","","","","","","","","","","","","1.359e-7","","","","","","2026-08-06T13:50:17.018Z",""
"SIMPAI","AZZnYoweYYaVGrzhrDMbAsTcnAzEMw5U8Xbx7TEApump","","","","","","","","","","","","","","","","","","","","","","","","","","","","","","","","","","","","","","","","","","","","","","","","","","","","","6.591e-8","","","","","","2026-08-06T13:50:17.244Z",""
"BOLT","4W4trB7sHq1GXeh8xGYSm9doHnks5Vtfd8542SvFpump","73","5.925925924","","","","","","","","","","","","","","","","","","","","","","","","","","","","","","","","","","","","","","","","","","","","","0.000002151","","","","","","","2026-08-06T13:50:28.764Z","","","","","",""
"GREEN","A3KxogsB9DSj3Wqra62cSErcGSTm7W5Qfzp8AC1xpump","","","","","","","","","","","","","","","","","","","","","","","","","","","","","","","","","","","","","","","","","","","","","","","","","","","","","1.92e-7","","","","","","2026-08-06T13:50:40.767Z",""
"qua","B6xepwH11KZeiLynAahgjWmYy4TA25Hgj71V9dfLpump","62","0.246913579","","","","","","","0","0","0","","","0","0","908","0.246913579","0","2","1","0","0","3252.21","3","111.67","111.67","0.6","0.6","56.15","","0","0","1","0","0","","","","","","","","","","","","0.000003252","0.000003252","","","","","","2026-08-06T13:50:46.815Z","2026-08-06T13:51:58.795Z","","","","",""
"BOLT","CXPxQa8w2gDvBAczbko2x8iC9sf4s12EUrVfS8PnqtBe","","","","","","","","","0","0","-2","","","0","0","914","8","0","15","0","0","0","2089.51","3","1194.19","1194.19","0.667","0.667","-36.44","","0","0","1","0","0","","","","","","","","","","","","","0.000002089","","","","","","","2026-08-06T13:50:52.583Z","","","","",""
"NOVA","4rLqThnqZAEnymg78yEs5cdnv6msXo2SeB44oPs2pump","76","3.850601656","","","","","","","","","","","","","","","","","","","","","","","","","","","","","","","","","","","","","","","","","","","","","0.000005538","","","","","","","2026-08-06T13:50:53.136Z","","","","","",""
"Ladakh","EdTLsBzirBUQVJ2GcTDEATMRXEu5yRQ72mm1nm3rpump","57","1.97530864","","","","","","","","","","","","","","","1.97530864","0","0","0","0","0","2151.54","3","2486.29","2486.29","0.6","0.6","-7.55","","0","0","1","0","0","","","","","","","","","","","","0.000002151","0.000002151","","","","","","2026-08-06T13:50:58.767Z","2026-08-06T13:51:58.588Z","","","","",""
"PIB","3eEXCKXRUuvo6GMpKjEGDj8LRHCKTDKCoD6jPcV7pump","69","5.925925924","","","","","","","","","","","","","","","","","","","","","","","","","","","","","","","","","","","","","","","","","","","","","0.000002151","","","","","","","2026-08-06T13:51:10.830Z","","","","","",""
"USD","EmEq5vqQgVFt558FD2muXNuGxvLLxAz2wkFqqmYLbonk","93","45.425","","","","","","","","","","","","","","","","","","","","","","","","","","","","","","","","","","","","","","","","","","","","","0.00001301","","","","","","","2026-08-06T13:51:16.751Z","","","","","",""
"GREEN","pmNJZDbNqvNG5nKQDDmrpMCP6faxe52auLQWzc5pump","","","","","","","","","","","","","","","","","","","","","","","","","","","","","","","","","","","","","","","","","","","","","","","","","","","","","2.413e-7","","","","","","2026-08-06T13:51:17.035Z",""
"X","4fvgjch2Rs5stZsoj1Ns3BKBu3oTVsn36mjUq759pump","58","5","","","","","","","","","","","","","","","","","","","","","","","","","","","","","","","","","","","","","","","","","","","","","0.000002182","","","","","","","2026-08-06T13:51:17.134Z","","","","","",""
"TIT","GwBm1uE5bt2mHX9aXqXjsFK4XFPFY9yHFZ2QKWk8pump","72","6.872852234","","","","","","","","","","","","","","","","","","","","","","","","","","","","","","","","","","","","","","","","","","","","","0.000003693","","","","","","","2026-08-06T13:51:28.841Z","","","","","",""
"GREEN","G6p3A2Xj21fWPSg5ZwdX3d9EKgb6N491MYxNeC6pump","","","","","","","","","","","","","","","","","","","","","","","","","","","","","","","","","","","","","","","","","","","","","","","","","","","","","5.593e-8","","","","","","2026-08-06T13:51:34.762Z",""
"Ladakh","68jz4KzJL3XtHerD1Xqxjph7mJxemFPbDHyHPtyzpump","57","1.97530864","","","","","","","","","","","","","","","1.97530864","0","0","0","0","0","2048.84","3","3817.07","3817.07","0.672","0.672","-11.99","","0","0","1","0","0","","","","","","","","","","","","0.000002048","0.000002048","","","","","","2026-08-06T13:51:34.799Z","2026-08-06T13:52:40.610Z","","","","",""
"pup","ArixLv2fVyxXFcYgLKVS7riFkmVQbeCThQQv7Bpepump","67","3.950617282","","","","","","","","","","","","","","","","","","","","","","","","","","","","","","","","","","","","","","","","","","","","","0.000002222","","","","","","","2026-08-06T13:51:40.861Z","","","","","",""
"TOTH","247FaFos3qSBhUoeGmEdBfhxrZAn1Lb59qpccATipump","81","0.49375","","","","","","","0","0","0","","","0","0","902","0.49375","2","14","1","0","0","2514.38","3","731.53","731.53","0.797","0.797","18.8","","0","0","1","0","0","","","","","","","","","","","","0.000002514","0.000002514","","","","","","2026-08-06T13:51:52.742Z","2026-08-06T13:53:04.550Z","","","","",""
"TIM","Gwb6YUWMWaYEgrHWK6LrYDG1SVaovxT37h84S6cUpump","63","3","","","","","","","69.5","162","-83.8","","","27","33.5","242","3","0","0","0","0","0","7756.8","3","5512.74","5512.74","0.713","0.713","213","","0","0","1","0","1","","","","","","","","","","","","0.0000067","0.000007756","","","","","","2026-08-06T13:51:52.800Z","2026-08-06T13:53:04.642Z","","","","",""
"KID","4hf1qSuBqNdobP62BcPncxFd7DyVotEe3Gu8ZEwDpump","","","","","","","","","","","","","","","","","","","","","","","","","","","","","","","","","","","","","","","","","","","","","","","","","","","","","6.7e-7","","","","","","2026-08-06T13:52:16.778Z",""
"meowt","FbJoPWPJzyrH6uJSLVdpYxvq7i68Ynjc3EqCPrfBpump","","","","","","","","","","","","","","","","","","","","","","","","","","","","","","","","","","","","","","","","","","","","","","","","","","","","","8.627e-7","","","","","","2026-08-06T13:52:16.842Z",""
"Bella","Aky9kV8aeqHkJ86qpiu6BdN49sLfZPDZuyzkBEXwpump","61","4.5","","","","","","","","","","","","","","","","","","","","","","","","","","","","","","","","","","","","","","","","","","","","","0.000002048","","","","","","","2026-08-06T13:52:16.874Z","","","","","",""
"YRC","65jVZHkdV6sAmWaSZmQ3JTkhuC86K9GkS9WLwZ7Xpump","56","1.876543208","","","","","","","","","","","","","","","1.876543208","0","0","0","0","0","2313.54","3","270.51","270.51","0.6","0.6","0.02","","0","0","1","0","0","","","","","","","","","","","","0.000002313","0.000002313","","","","","","2026-08-06T13:52:22.765Z","2026-08-06T13:53:40.664Z","","","","",""
"SPSJ","3AjRvErQRMTCXJkC422HLbxxDvvsEuDseE4g8huGpump","57","1.97530864","","","","","","","","","","","","","","","1.97530864","0","0","0","0","0","2048.28","3","2521.67","2521.67","0.63","0.63","-11.99","","0","0","1","0","0","","","","","","","","","","","","0.000002048","0.000002048","","","","","","2026-08-06T13:52:22.871Z","2026-08-06T13:53:46.679Z","","","","",""
"Buffet","A74DWEYHdAJXUSwPgMk7FQ6zpPgLb7YFU7LVYFd1pump","","","","","","","","","","","","","","","","","","","","","","","","","","","","","","","","","","","","","","","","","","","","","","","","","","","","","5.388e-8","","","","","","2026-08-06T13:52:28.846Z",""
"DDOG","6S5Etj8xi6wgV4Uu8ZZiMz1sWRjvDFSftHXLKbNnpump","58","5","","","","","","","","","","","","","","","","","","","","","","","","","","","","","","","","","","","","","","","","","","","","","0.000002326","","","","","","","2026-08-06T13:52:40.739Z","","","","","",""
"GREEN","5okA7XH19baAc1K1iwAHMNEYPGQsUyL7yoFEjtP2pump","","","","","","","","","","","","","","","","","","","","","","","","","","","","","","","","","","","","","","","","","","","","","","","","","","","","","1.705e-7","","","","","","2026-08-06T13:52:40.771Z",""
"NOVA","67huqhiaxXkumRhEwFgNZoaSttmZaL4gMbVmrsv7pump","","","","","","","","","","","","","","","","","","","","","","","","","","","","","","","","","","","","","","","","","","","","","","","","","","","","","0.000001619","","","","","","2026-08-06T13:52:46.772Z",""
"DDOG","EJ9HnsGjMq2U4imXRDaWovSSjpYKqy7pPUhpnnJJG6UA","57","5.925925924","","","","","","","","","","","","","","","","","","","","","","","","","","","","","","","","","","","","","","","","","","","","","0.000002092","","","","","","","2026-08-06T13:52:53.040Z","","","","","",""
"hope","4WZc6CLUygkm4LEP6SrooNZsFJKPE1TYCQAP1uBypump","58","5","","","","","","","","","","","","","","","","","","","","","","","","","","","","","","","","","","","","","","","","","","","","","0.000002047","","","","","","","2026-08-06T13:52:53.227Z","","","","","",""
"GTA","CyNigL3WUVwgiN7wjf5RvvyzxaihhWpMEMSjiaMBpump","67","4","","","","","","","","","","","","","","","","","","","","","","","","","","","","","","","","","","","","","","","","","","","","","0.000002059","","","","","","","2026-08-06T13:52:58.753Z","","","","","",""
"DDOG","AsUb5mDmHeyBJBaSeWjRREntoVQJ6298AsnoBhkhpump","63","3","","","","","","","","","","","","","","","","","","","","","","","","","","","","","","","","","","","","","","","","","","","","","0.000002151","","","","","","","2026-08-06T13:53:16.821Z","","","","","",""
"KIWI","DdnEcaEFHV3Z5ZpiA6YPsRar31GExpRQrEMqz2zqpump","","","","","","","","","","","","","","","","","","","","","","","","","","","","","","","","","","","","","","","","","","","","","","","","","","","","","1.752e-8","","","","","","2026-08-06T13:53:22.853Z",""
"Millie","pNNSLgzXn4LWbCxvvefYWBQEpuNWjFg3n6zKvuLpump","57","1.97530864","","","","","","","","","","","","","","","","","","","","","","","","","","","","","","","","","","","","","","","","","","","","","0.000002049","","","","","","","2026-08-06T13:53:34.744Z","","","","","",""
"COLOFROG","5wTTnC44XCkgTjFXEq53ZiQSTZmDLB86R1LGGZUDpump","","","","","","","","","","","","","","","","","","","","","","","","","","","","","","","","","","","","","","","","","","","","","","","","","","","","","8.115e-8","","","","","","2026-08-06T13:53:40.757Z",""
"meowt","7b1ivdRBHcDo5Gvfd17rZ3sZ8EQbrg6BxrBe8rNLpump","60","0.400062509","","","","","","","","","","","","","","","","","","","","","","","","","","","","","","","","","","","","","","","","","","","","","0.000002052","","","","","","","2026-08-06T13:53:40.775Z","","","","","",""
"qua","8Bed2Nopgr6NBykwj5rqFh2mn1ckqNg1yFX6ZCpZpump","60","0.276543208","","","","","","","","","","","","","","","","","","","","","","","","","","","","","","","","","","","","","","","","","","","","","0.000002915","","","","","","","2026-08-06T13:53:46.861Z","","","","","",""
"GREEN","FvAS4s59TgjDYs5v1BstLiZzpruV775uBA5LwbTcpump","","","","","","","","","","","","","","","","","","","","","","","","","","","","","","","","","","","","","","","","","","","","","","","","","","","","","7.721e-8","","","","","","2026-08-06T13:53:52.785Z",""
"meowt","2fnpDYXGKKLi2oQ4BDwvwFmJEmPW6dzTh2i4ERZYpump","","","","","","","","","","","","","","","","","","","","","","","","","","","","","","","","","","","","","","","","","","","","","","","","","","","","","","","","","","","",""
"faucet","7149uJvod97pCxChn6VEZT3a2cK5dSzKm792fSvKpump","","","","","","","","","","","","","","","","","","","","","","","","","","","","","","","","","","","","","","","","","","","","","","","","","","","","","5.831e-7","","","","","","2026-08-06T13:54:04.938Z",""
"CASHDOGE","8dEXQxs9KnhqyTLgRvtFMd75NZn6aVb4BLutjr54pump","93","44.444444443","","","","","","","","","","","","","","","","","","","","","","","","","","","","","","","","","","","","","","","","","","","","","0.00002767","","","","","","","2026-08-06T13:54:10.822Z","","","","","",""
"NOVA","HhY1cBNAQyp7ZzgUMBmhTKUjCNGrEQm84ZqzR96Mpump","70","2.442381621","","","","","","","","","","","","","","","","","","","","","","","","","","","","","","","","","","","","","","","","","","","","","0.000002287","","","","","","","2026-08-06T13:54:16.809Z","","","","","",""
"KID","HZYNAxcDMS4bgxZm8hb1aHpTzoUmSqu1WimBkKmPpump","59","0.500078135","","","","","","","","","","","","","","","","","","","","","","","","","","","","","","","","","","","","","","","","","","","","","0.000001956","","","","","","","2026-08-06T13:54:16.834Z","","","","","",""
"Millie","HYVceXmpZDJ2X8UaQ5ppQ8KyTsk7iUWzzqJQJudGpump","57","1.97530864","","","","","","","","","","","","","","","","","","","","","","","","","","","","","","","","","","","","","","","","","","","","","0.000002111","","","","","","","2026-08-06T13:54:22.743Z","","","","","",""
"DOCTOR","7iTkC5kNGfkXUg6UN3JvxWhYnVYfDgUEFZWwsK2Ypump","77","10","","","","","","","","","","","","","","","","","","","","","","","","","","","","","","","","","","","","","","","","","","","","","0.000006535","","","","","","","2026-08-06T13:55:16.886Z","","","","","",""
"chuck","D3MuR5qSeiztTsnmJ6E98RrQ8o1mMaqHJ6HD4TVopump","58","3","","","","","","","","","","","","","","","","","","","","","","","","","","","","","","","","","","","","","","","","","","","","","0.000002048","","","","","","","2026-08-06T13:55:22.770Z","","","","","",""
"HIPPO","CVk1sAnyvsnsUjzTz5293k1nxMaSGtzof8af15Mypump","75","9.876543208","","","","","","","","","","","","","","","","","","","","","","","","","","","","","","","","","","","","","","","","","","","","","0.000003087","","","","","","","2026-08-06T13:55:22.814Z","","","","","",""
"long","GpZvQiSrDhDboj6bVFk25JwxTt3cihGiKMkvmfeGpump","90","28","","","","","","","","","","","","","","","","","","","","","","","","","","","","","","","","","","","","","","","","","","","","","0.000008268","","","","","","","2026-08-06T13:55:22.951Z","","","","","",""
"GREEN","DickkjZVdYAKDAWMhpMzDdaRN8ML7nzajd459t35pump","","","","","","","","","","","","","","","","","","","","","","","","","","","","","","","","","","","","","","","","","","","","","","","","","","","","","3.627e-7","","","","","","2026-08-06T13:55:28.873Z",""
"DRYER","3ZDzbgKgau26df2NZNQ61UvwBMNE5ne5hcGTKmb8FVSA","56","5.925925924","","","","","","","","","","","","","","","","","","","","","","","","","","","","","","","","","","","","","","","","","","","","","0.000002047","","","","","","","2026-08-06T13:55:28.901Z","","","","","",""
"Manlets","FeBvDSRpqRw58aPx826wyv52jDb1MWwLAqdRiVJcpump","56","4.938271603","","","","","","","","","","","","","","","","","","","","","","","","","","","","","","","","","","","","","","","","","","","","","0.000002137","","","","","","","2026-08-06T13:55:28.922Z","","","","","",""
"Cheese ","BqERxZnjtw1AxfPiWfJVVUgZy38EA9mTQLHhNz4Hpump","","","","","","","","","","","","","","","","","","","","","","","","","","","","","","","","","","","","","","","","","","","","","","","","","","","","","2.929e-7","","","","","","2026-08-06T13:55:28.948Z",""
"Ultrasound","6cipYZ7UAiPGxriLANhJDWPmkShGp1pFv3ijLoD9pump","63","3","","","","","","","","","","","","","","","","","","","","","","","","","","","","","","","","","","","","","","","","","","","","","0.00000503","","","","","","","2026-08-06T13:55:40.747Z","","","","","",""
"SCRCOM","E3TDTYdYvCdp6LcQYpT2kSx6qWg39mRXUdJBpgqrpump","","","","","","","","","","","","","","","","","","","","","","","","","","","","","","","","","","","","","","","","","","","","","","","","","","","","","4.253e-7","","","","","","2026-08-06T13:55:40.794Z",""
"memedeng","AHY7cLMFG443ZVrMayTaV9Sw3fgmX4T24EGeXomRpump","57","5","","","","","","","","","","","","","","","","","","","","","","","","","","","","","","","","","","","","","","","","","","","","","0.000002048","","","","","","","2026-08-06T13:55:40.831Z","","","","","",""
"Momo","7dihrZmCgVW3FqKGLaSYdU4w27PN9ZvkrP3nzQdapump","63","3","","","","","","","","","","","","","","","","","","","","","","","","","","","","","","","","","","","","","","","","","","","","","0.000002048","","","","","","","2026-08-06T13:55:46.747Z","","","","","",""
"POPTINY","5ScMKh4v7CS9Xdms24XeJ75gfPtskPtSJPXHGnMGpump","56","5","","","","","","","","","","","","","","","","","","","","","","","","","","","","","","","","","","","","","","","","","","","","","0.00000215","","","","","","","2026-08-06T13:55:46.793Z","","","","","",""
"NOVA","4c4s4RFSk2kGJKDs2rDjf1ZLvFmFuiN9NThqwPe4pump","","","","","","","","","","","","","","","","","","","","","","","","","","","","","","","","","","","","","","","","","","","","","","","","","","","","","9.26e-7","","","","","","2026-08-06T13:55:46.858Z",""
"momemes","8o1nja4GpwnBP7RRaDvJ6mYRzCZrgHCnUawz6Ewwpump","61","4","","","","","","","","","","","","","","","","","","","","","","","","","","","","","","","","","","","","","","","","","","","","","0.00000215","","","","","","","2026-08-06T13:55:46.926Z","","","","","",""
"HMT","AwBVeqLG3KPYpxXQXikoRArckSwYo9cxK9gRqCmvHDe8","55","5.925925924","","","","","","","","","","","","","","","","","","","","","","","","","","","","","","","","","","","","","","","","","","","","","0.000002325","","","","","","","2026-08-06T13:55:53.369Z","","","","","",""
"meowt","2McH6NkcZExhVEVi9kwHTzvNxv94iooMdYYknC6hpump","","","","","","","","","","","","","","","","","","","","","","","","","","","","","","","","","","","","","","","","","","","","","","","","","","","","","6.242e-7","","","","","","2026-08-06T13:55:58.887Z",""
"HOLLOW","65zEVjz4KyfrnY9EY4L9wRtbvECFAop6Mo2pui82pump","60","5","","","","","","","0","0","-4.7","","","0","0","912","5","0","5","0","0","0","2150.66","3","1372.93","1372.93","0.571","0.571","-22.86","","0","0","1","0","0","","","","","","","","","","","","0.00000215","0.00000215","","","","","","2026-08-06T13:56:05.038Z","2026-08-06T13:57:04.560Z","","","","",""
"FINE","2eL7QPArNst9LwnZpq9ktcc9gSYA9oHiS53Mm8Tqpump","71","5","","","","","","","","","","","","","","","","","","","","","","","","","","","","","","","","","","","","","","","","","","","","","0.000002136","","","","","","","2026-08-06T13:56:10.884Z","","","","","",""
"CHURNED","5swCXLQZMV4KohCxMpnzzbvKmUE4k29aHtETQpTopump","75","5","","","","","","","","","","","","","","","","","","","","","","","","","","","","","","","","","","","","","","","","","","","","","0.000002048","","","","","","","2026-08-06T13:56:46.799Z","","","","","",""
"CAT","DM3aXaBExmityMekRhcynLNrgR49bGp7hnBZMhx5bonk","56","4.9375","","","","","","","","","","","","","","","","","","","","","","","","","","","","","","","","","","","","","","","","","","","","","0.000002048","","","","","","","2026-08-06T13:56:58.758Z","","","","","",""
"GREEN","FWJbwBg8nrhDWH9bdN136yTzVUUDXmaZXZ5UtvsNpump","","","","","","","","","","","","","","","","","","","","","","","","","","","","","","","","","","","","","","","","","","","","","","","","","","","","","1.224e-7","","","","","","2026-08-06T13:56:58.798Z",""
"NOVA","HghCbfDK3pgBhMGU9KnooBtwxy42d6PxxMfWyQFcpump","72","3.000468822","","","","","","","","","","","","","","","","","","","","","","","","","","","","","","","","","","","","","","","","","","","","","0.000005555","","","","","","","2026-08-06T13:57:10.797Z","","","","","",""
"TRMPH","fVkaoVHLN6CgTBpaaZfPrW3V3FwSLYvvHXKCHL3pump","67","0.15002344","","","","","","","0","0","0","","","0","0","910","0.15002344","0","0","1","0","0","2968.77","3","165.13","165.13","0.619","0.619","43.44","","0","0","1","0","0","","","","","","","","","","","","0.000002968","0.000002968","","","","","","2026-08-06T13:57:16.818Z","2026-08-06T13:58:16.568Z","","","","",""
"conk","EuYz5FVdfXpCp5Hp2JMKmWRtcCWf2nhZDZnKffg1bonk","56","3.29825","","","","","","","","","","","","","","","","","","","","","","","","","","","","","","","","","","","","","","","","","","","","","0.000003443","","","","","","","2026-08-06T13:57:28.747Z","","","","","",""
"PVP","2Dbf8gDNytCw2vw9jNogmFwLMBGg7fqjeXE9fYWhpump","77","7.901234566","","","","","","","","","","","","","","","","","","","","","","","","","","","","","","","","","","","","","","","","","","","","","0.000002201","","","","","","","2026-08-06T13:57:34.820Z","","","","","",""
"Powy","DPnAAiXVu3fo78aEYPtGFZKogCFi62k4kFtSYXRypump","82","14.814814813","","","","","","","","","","","","","","","","","","","","","","","","","","","","","","","","","","","","","","","","","","","","","0.000008148","","","","","","","2026-08-06T13:57:34.857Z","","","","","",""
"GREEN","79npAXv23KcaS71ktjrooL15H7Tw8Ko9BXQEwuqxpump","","","","","","","","","","","","","","","","","","","","","","","","","","","","","","","","","","","","","","","","","","","","","","","","","","","","","1.763e-7","","","","","","2026-08-06T13:57:46.990Z",""
"RMP","MV4GcHCukwmhMh2WS5AxhLiDL3JYqUhkmBXwdLtpump","","","","","","","","","","","","","","","","","","","","","","","","","","","","","","","","","","","","","","","","","","","","","","","","","","","","","7.475e-7","","","","","","2026-08-06T13:57:52.875Z",""
"KID","3NNCJDR7ZAvwm12TMUjSS9g1C5BUSm1qesGTsht7pump","59","0.500078135","","","","","","","","","","","","","","","0.500078135","0","8","1","0","0","4890.99","3","121.69","121.69","0.667","0.667","131","","0","0","1","0","0","","","","","","","","","","","","0.000002254","0.00000489","","","","","","2026-08-06T13:57:58.936Z","2026-08-06T13:58:58.592Z","","","","",""
"debtcat","EV4pposXcz6DjTmfFK9nB8f7YY7meJsYhgoYw6rTpump","","","","","","","","","","","","","","","","","","","","","","","","","","","","","","","","","","","","","","","","","","","","","","","","","","","","","0.000001191","","","","","","2026-08-06T13:58:04.819Z",""
"JORDAN","4tKW47VbsxfbGM19TCUSEm6skwmUWRdVnvsQwECVpump","58","3","","","","","","","","","","","","","","","","","","","","","","","","","","","","","","","","","","","","","","","","","","","","","0.00000206","","","","","","","2026-08-06T13:58:10.828Z","","","","","",""
"FIJI","6xLvnSEGbZh1jptdm9o4xEL6cQJ2oNG1iqicoJt7pump","","","","","","","","","","","","","","","","","","","","","","","","","","","","","","","","","","","","","","","","","","","","","","","","","","","","","7.546e-7","","","","","","2026-08-06T13:58:16.750Z",""
"Scoot","eqjur2ZysrCSnXh7XQEoa98CdRDXbdqZhzcKVyBpump","","","","","","","","","","","","","","","","","","","","","","","","","","","","","","","","","","","","","","","","","","","","","","","","","","","","","0.000002611","","","","","","2026-08-06T13:58:16.826Z",""
"GREEN","DGgv8XxMzb2kpBZPWkFZmbZ7EAM7pf3vVzyqZTZwpump","","","","","","","","","","","","","","","","","","","","","","","","","","","","","","","","","","","","","","","","","","","","","","","","","","","","","1.697e-7","","","","","","2026-08-06T13:58:28.809Z",""
"debtcat","DX27jct3RDcphvuio3ZmSaMPmgNdfZJ44b2mYubgpump","73","0.987654319","","","","","","","239.2","50","-87.1","","","239.2","0","920","0.987654319","0","1","1","0","0","2065.08","3","372.9","372.9","0.655","0.655","-5.57","","0","0","1","0","0","","","","","","","","","","","","0.000001736","0.000002065","","","","","","2026-08-06T13:58:40.821Z","2026-08-06T13:59:46.631Z","","","","",""
"PUDGY","86eDZGmyb8r3TFUKcLSpVMbfT5FqpE5xSMYYSnw4pump","65","0.069135801","","","","","","","","","","","","","","","","","","","","","","","","","","","","","","","","","","","","","","","","","","","","","0.000002059","","","","","","","2026-08-06T13:58:52.770Z","","","","","",""
"NOVA","4ig6MWMC63DaXiTq2Ch8Ui4htVCoL1ATcMdZUxx8pump","74","3.500546959","","","","","","","0","0","0","","","0","0","912","3.500546959","0","22","1","0","0","2507.22","3","763.54","763.54","0.6","0.6","-1.92","","0","0","1","0","0","","","","","","","","","","","","0.000002507","0.000002507","","","","","","2026-08-06T13:58:58.738Z","2026-08-06T14:00:04.720Z","","","","",""
"FROB","JCYf1LyC8SL2t3qcHvHk3HtxmUn9qvb17rFF9AQ9pump","55","0.060009374","","","","","","","","","","","","","","","0.060009374","0","4","1","0","0","3640.43","3","132.23","132.23","0.7","0.7","76.9","","0","0","1","0","0","","","","","","","","","","","","0.000002957","0.00000364","","","","","","2026-08-06T13:59:04.858Z","2026-08-06T14:00:04.558Z","","","","",""
"DOCTOR","AjebH7Esa5wztj1XKpDuT4hM2pikMtUomUS5y6H7pump","55","3.2","","","","","","","","","","","","","","","","","","","","","","","","","","","","","","","","","","","","","","","","","","","","","0.000002151","","","","","","","2026-08-06T13:59:10.810Z","","","","","",""
"파위","J8w3e7YixHezJJ75ABkBDyHzhnJXeK18qPw4CJzFpump","67","5","","","","","","","","","","","","","","","","","","","","","","","","","","","","","","","","","","","","","","","","","","","","","0.000002215","","","","","","","2026-08-06T13:59:28.805Z","","","","","",""
"solana","AttkLBiVdi7wDVDXqZHHdQXJZdy6qUoA9s6heeSepump","","","","","","","","","","","","","","","","","","","","","","","","","","","","","","","","","","","","","","","","","","","","","","","","","","","","","0.000001458","","","","","","2026-08-06T13:59:40.940Z",""
"DRYER","FpWmixy7uGygnMYz71rqyYKqjgkheHffBKYbuXh1t2a1","56","5.925925924","","","","","","","","","","","","","","","","","","","","","","","","","","","","","","","","","","","","","","","","","","","","","0.000006447","","","","","","","2026-08-06T13:59:46.813Z","","","","","",""
"GREG","CtPvMti97gkqXudTAb9jwxVqxiaLNq3RMbBAxN9fpump","59","0.100015626","","","","","","","","","","","","","","","","","","","","","","","","","","","","","","","","","","","","","","","","","","","","","0.000001285","","","","","","","2026-08-06T14:00:11.128Z","","","","","",""
"KID","Af7wfj1LXwEa8kZcpZ9pqR2QYKMbQizKh4ddB7Rhpump","58","0.500078135","","","","","","","","","","","","","","","","","","","","","","","","","","","","","","","","","","","","","","","","","","","","","0.000003299","","","","","","","2026-08-06T14:00:22.946Z","","","","","",""
"NOVA","DDWHHckRtbUpio6MRdEoDNkoKeer9w5p74wwFXw9pump","","","","","","","","","","","","","","","","","","","","","","","","","","","","","","","","","","","","","","","","","","","","","","","","","","","","","0.000001364","","","","","","2026-08-06T14:00:29.265Z",""
"GREEN","Chua8jESYSnA2ae4sE5jQCtPERivZKJRWFJ9Lzeepump","","","","","","","","","","","","","","","","","","","","","","","","","","","","","","","","","","","","","","","","","","","","","","","","","","","","","2.513e-7","","","","","","2026-08-06T14:01:10.811Z",""
"Fauci","3EPcXjo1mYZxZuGErLxVFGnepTtcH8sXu51Zo3SMpump","","","","","","","","","","","","","","","","","","","","","","","","","","","","","","","","","","","","","","","","","","","","","","","","","","","","","6.444e-7","","","","","","2026-08-06T14:01:16.938Z",""
"1Dev","89GCdmjA7rSPWYLxsjfhWBZNVSTMvxg9z4he4Sn1pump","63","3.000468822","","","","","","","","","","","","","","","","","","","","","","","","","","","","","","","","","","","","","","","","","","","","","0.000004271","","","","","","","2026-08-06T14:01:17.036Z","","","","","",""
"CASHNEEGY","8vV1HMqwL5QBqVkWGK2qz2JyTB9Wvv5eEgNnMxmUpump","70","4.88121351","","","","","","","","","","","","","","","","","","","","","","","","","","","","","","","","","","","","","","","","","","","","","0.000006203","","","","","","","2026-08-06T14:01:22.790Z","","","","","",""
"BALLS","EwHXAum1V8QM4pffnhogxQxmFvApneZ8ndGgT8C7pump","55","4.938271603","","","","","","","","","","","","","","","","","","","","","","","","","","","","","","","","","","","","","","","","","","","","","0.000002511","","","","","","","2026-08-06T14:01:28.803Z","","","","","",""
"UNEMPLOYED","8vP4M9LvXRpBJ4rZMnNqss1a8JAyEZZWwMDj5cZcx7XL","61","7","","","","","","","","","","","","","","","","","","","","","","","","","","","","","","","","","","","","","","","","","","","","","0.000002361","","","","","","","2026-08-06T14:01:40.956Z","","","","","",""
"LION","7cWDGtyffjhpaxeR1A73as78FDLgEYbZX3yKQrgopump","57","5","","","","","","","","","","","","","","","","","","","","","","","","","","","","","","","","","","","","","","","","","","","","","0.000002046","","","","","","","2026-08-06T14:01:46.855Z","","","","","",""
"GREEN","3D1rbsmaLYGoLhhXqrMyzEeo1NC4dpc7uC17YYTXpump","","","","","","","","","","","","","","","","","","","","","","","","","","","","","","","","","","","","","","","","","","","","","","","","","","","","","0.000002063","","","","","","2026-08-06T14:01:46.898Z",""
"Kio","3ctPWpUgnGinNWdGmMm6bJSK2PhEzAdK8brouMbpMixB","","","","","","","","","","","","","","","","","","","","","","","","","","","","","","","","","","","","","","","","","","","","","","","","","","","","","0.000002141","","","","","","2026-08-06T14:01:52.772Z",""
"Kio","4XzMyVi5YnTtGKEWuXJb5GekCfjtdtbPwDbcGEAA4Bi8","","","","","","","","","","","","","","","","","","","","","","","","","","","","","","","","","","","","","","","","","","","","","","","","","","","","","0.000002326","","","","","","2026-08-06T14:01:52.799Z",""
"KIO","GpcRcn75nUEhqkRdrE6bDA87cp3tqvntwdtzFacXpump","55","4.938271603","","","","","","","","","","","","","","","","","","","","","","","","","","","","","","","","","","","","","","","","","","","","","0.000002046","","","","","","","2026-08-06T14:01:52.823Z","","","","","",""
"Rare","CBQ2yEDBAtzqyxuXM4HURrvfi9vwoKsL6hrse9Zepump","61","2.567901233","","","","","","","0","0","-16.7","","","-0.4","0","902","2.567901233","0","0","0","0","0","2464.42","3","1743.11","1743.11","0.615","0.615","2.13","","0","0","1","0","0","","","","","","","","","","","","0.000002464","0.000002464","","","","","","2026-08-06T14:02:04.751Z","2026-08-06T14:03:04.543Z","","","","",""
"NOVA","6CoU2eaN6fV3DupMc9prAjcsNt3U1hvRtq1DCwfUpump","","","","","","","","","","","","","","","","","","","","","","","","","","","","","","","","","","","","","","","","","","","","","","","","","","","","","8.183e-7","","","","","","2026-08-06T14:02:04.799Z",""
"Kio","FefjaKoPA8SPdxqL1HSFxEd1jrA3RpHK4akoC4Bopump","58","3","","","","","","","","","","","","","","","","","","","","","","","","","","","","","","","","","","","","","","","","","","","","","0.000002148","","","","","","","2026-08-06T14:02:10.845Z","","","","","",""
"Larry","3CEhWvg8iR1Db4LiYpKuZpnKH3hhjWQHxtv7fSYipump","70","9.876543208","","","","","","","","","","","","","","","","","","","","","","","","","","","","","","","","","","","","","","","","","","","","","0.000006737","","","","","","","2026-08-06T14:02:10.871Z","","","","","",""
"KIO","B73gSCXHn173itumNgYZA2HoXYeuQuCXJuowR5bmpump","57","5","","","","","","","","","","","","","","","","","","","","","","","","","","","","","","","","","","","","","","","","","","","","","0.000002325","","","","","","","2026-08-06T14:02:16.850Z","","","","","",""
"VOLVAN","661p7X6hMGrEGvu1J6TDYXyV3zE7Z94NDpP3Qsppump","","","","","","","","","","","","","","","","","","","","","","","","","","","","","","","","","","","","","","","","","","","","","","","","","","","","","1.452e-7","","","","","","2026-08-06T14:02:22.730Z",""
"Millie","6BjnvmozQLS9dtrsYr2R5UNCP9gJNvzKPUuFPhL3pump","57","1.97530864","","","","","","","","","","","","","","","","","","","","","","","","","","","","","","","","","","","","","","","","","","","","","0.000002052","","","","","","","2026-08-06T14:02:22.780Z","","","","","",""
"KIO","DYMoFZybvgCxUuAhTYir3SSr9QVeidmPrthQ9PJRpump","64","5","","","","","","","","","","","","","","","","","","","","","","","","","","","","","","","","","","","","","","","","","","","","","0.000002148","","","","","","","2026-08-06T14:02:28.813Z","","","","","",""
"DADDY","EYCTX7cKXLgBBgZkEJ1jBBk4hSAAwaS8T29dJec6pump","63","2.962962961","","","","","","","","","","","","","","","","","","","","","","","","","","","","","","","","","","","","","","","","","","","","","0.000004653","","","","","","","2026-08-06T14:02:34.747Z","","","","","",""
"POSTED ON YTR","8EciS82ikEUpsh4fapfz4677xsSKnpmkiYHegvMP3cNK","56","5.925925924","","","","","","","","","","","","","","","","","","","","","","","","","","","","","","","","","","","","","","","","","","","","","0.000002148","","","","","","","2026-08-06T14:02:34.802Z","","","","","",""
"CPUG","3WAccydsiBFCGg16CxKDk8paLbc9zfqePFp6Du4bpump","","","","","","","","","","","","","","","","","","","","","","","","","","","","","","","","","","","","","","","","","","","","","","","","","","","","","5.979e-7","","","","","","2026-08-06T14:02:46.748Z",""
"Kio","8HrVofaQGFgS6ewRtDwKYwoFaVq4fr2C9RcHUmfqpump","57","2","","","","","","","","","","","","","","","","","","","","","","","","","","","","","","","","","","","","","","","","","","","","","0.000002048","","","","","","","2026-08-06T14:02:46.777Z","","","","","",""
"moon","GVmkq9NZV6ZwpFxzZip2y6LRQV3efkneZeLAv8ahpump","68","0.197530863","","","","","","","0","0","0","","","0","0","914","0.197530863","0","0","1","0","0","5547.39","3","157.27","157.27","0.7","0.7","167","","0","0","1","0","0","","","","","","","","","","","","0.000005547","0.000005547","","","","","","2026-08-06T14:02:53.015Z","2026-08-06T14:03:52.557Z","","","","",""
"DAVE","JY4TPdozDw7oHw8kAPnTMpGjh19uBydkYqC44QGpump","57","5","","","","","","","","","","","","","","","","","","","","","","","","","","","","","","","","","","","","","","","","","","","","","0.000004642","","","","","","","2026-08-06T14:02:58.746Z","","","","","",""
"DAVE","CeQrvRfM13rCqzJBnZo4kUaP9yPKfUvm19ZAJtxepump","67","5","","","","","","","","","","","","","","","","","","","","","","","","","","","","","","","","","","","","","","","","","","","","","0.00000205","","","","","","","2026-08-06T14:02:58.794Z","","","","","",""
"Kio","E5d55EH8Er3k83iREAtopLFJzYxEfWynbLuyJRsd1LRh","60","5","","","","","","","0","0","-4.8","","","0","0","908","5","1","23","0","0","0","2151.24","3","1361.32","1361.32","0.571","0.571","-22.8","","0","0","1","0","0","","","","","","","","","","","","0.000002151","0.000002151","","","","","","2026-08-06T14:03:22.922Z","2026-08-06T14:04:28.564Z","","","","",""
"wojak","3mhdqZRpMKCF9hzkLDut3UATBYaV1uaD1euRcmbMpump","97","0.500078135","","","","","","","","","","","","","","","","","","","","","","","","","","","","","","","","","","","","","","","","","","","","","0.000007523","","","","","","","2026-08-06T14:03:23.009Z","","","","","",""
"GREEN","dfT8W3STar8DC6YqAuMqq8ER162AAeSHHZHpqftpump","","","","","","","","","","","","","","","","","","","","","","","","","","","","","","","","","","","","","","","","","","","","","","","","","","","","","2.685e-7","","","","","","2026-08-06T14:03:46.742Z",""
"UNHSPE","3H8Ahj6dBXUfP7zGw2G7CoC5t84TTkMuEt3z969Upump","","","","","","","","","","","","","","","","","","","","","","","","","","","","","","","","","","","","","","","","","","","","","","","","","","","","","3.607e-7","","","","","","2026-08-06T14:03:46.807Z",""
"FOLK","HmCXNuSY1V9U6WjubmpTs6849Jtpasxdksg1BkVDpump","80","8","","","","","","","","","","","","","","","","","","","","","","","","","","","","","","","","","","","","","","","","","","","","","0.00000215","","","","","","","2026-08-06T14:03:52.797Z","","","","","",""
"NOVA","EM9MfvC7RLqSpRRvvWzWzdKRWwQuKna6Z8YZ11jHpump","71","3.000468822","","","","","","","0","0","-0.2","","","0","0","914","3.000468822","0","25","1","0","0","3074.22","3","1532.11","1532.11","0.55","0.55","24","","0","0","1","0","0","","","","","","","","","","","","0.000002465","0.000003074","","","","","","2026-08-06T14:03:58.763Z","2026-08-06T14:05:52.572Z","","","","",""
"KIO","48tev9LQ96AJFZkTWKcbhqmL52Ah3pvVbMrmomnjyv2J","55","5.925925924","","","","","","","","","","","","","","","","","","","","","","","","","","","","","","","","","","","","","","","","","","","","","0.000002151","","","","","","","2026-08-06T14:03:58.838Z","","","","","",""
"Judascoin","7BAfGjePnwzBLMmuWGM8ezMhQJ3BQpZfySWkmnP6pump","","","","","","","","","","","","","","","","","","","","","","","","","","","","","","","","","","","","","","","","","","","","","","","","","","","","","0.0000012","","","","","","2026-08-06T14:04:10.736Z",""
"Kio","8VnTZ6QpbZ58BcT5MAfuFvm2bfs8KvSsrv8PCyhNpump","64","5","","","","","","","","","","","","","","","","","","","","","","","","","","","","","","","","","","","","","","","","","","","","","0.000002273","","","","","","","2026-08-06T14:04:10.756Z","","","","","",""
"Kio","AXjxnY8NFiSXyBDoyqTZx6yaoCvfBYY2353PjWXCbvZq","","","","","","","","","0","0","0","","","0","0","920","5","1","22","0","0","0","2048.56","3","732.6","732.6","0.667","0.667","-26.52","","0","0","1","0","0","","","","","","","","","","","","","0.000002048","","","","","","","2026-08-06T14:04:16.530Z","","","","",""
"debtcat","27hRGm8JVYGsEK7aKjDxbNEAkMjxedutrWdkG1FBpump","","","","","","","","","","","","","","","","","","","","","","","","","","","","","","","","","","","","","","","","","","","","","","","","","","","","","4.366e-7","","","","","","2026-08-06T14:04:34.757Z",""
"FARTCI","J2kRQuvpFykc3avQk1jnqRso29xtkaZf9cv2S5mRvMTi","55","5.925925924","","","","","","","","","","","","","","","","","","","","","","","","","","","","","","","","","","","","","","","","","","","","","0.00000215","","","","","","","2026-08-06T14:04:40.817Z","","","","","",""
"JOURNEY⁠","2DJUouFsCfgAmffhtgMK2gQiX48rRvyXffvmxbL7pump","56","5","","","","","","","","","","","","","","","","","","","","","","","","","","","","","","","","","","","","","","","","","","","","","0.000002156","","","","","","","2026-08-06T14:04:46.810Z","","","","","",""
"JOURNEY","4ysZC5Jqs4HYnDh655keDv4kThE2TkcW42bASgQ1mCxS","55","5.925925924","","","","","","","","","","","","","","","","","","","","","","","","","","","","","","","","","","","","","","","","","","","","","0.000002156","","","","","","","2026-08-06T14:04:52.788Z","","","","","",""
"MALIK","4b3kN5LDcszSWrLwFEyKpkdmd6YtY5zuX6YdQdekpump","58","3","","","","","","","","","","","","","","","3","0","1","0","0","0","8812.57","3","7200.83","7200.83","0.515","0.515","256","","0","0","1","0","1","","","","","","","","","","","","0.00000614","0.000008812","","","","","","2026-08-06T14:05:11.406Z","2026-08-06T14:06:40.846Z","","","","",""
"Fetus","APzZVVNc3qL3udAU3k7fhGuK7SSnKwNyfx1CiWoxpump","","","","","","","","","","","","","","","","","","","","","","","","","","","","","","","","","","","","","","","","","","","","","","","","","","","","","4.904e-8","","","","","","2026-08-06T14:05:11.589Z",""
"PANTS","BEwgqzWFVjCJbHGNCsKS4uFsUYKDYvSZo1vJvtdXpump","66","4.938271603","","","","","","","","","","","","","","","","","","","","","","","","","","","","","","","","","","","","","","","","","","","","","0.000002837","","","","","","","2026-08-06T14:05:22.922Z","","","","","",""
"Kio","ERNLbYufLT8tgrq1Q15LQ82oT4oDaZDbYMmkByYCpump","57","1.97530864","","","","","","","","","","","","","","","","","","","","","","","","","","","","","","","","","","","","","","","","","","","","","0.000002047","","","","","","","2026-08-06T14:05:28.777Z","","","","","",""
"SPP","6N1ZVF2jBAMEtjyJYVc9xdTU8ykv5yEtcALqd2gwpump","55","5","","","","","","","","","","","","","","","5","0","11","0","0","0","2087.51","3","1266.34","1266.34","0.6","0.6","-25.08","","0","0","1","0","0","","","","","","","","","","","","0.000002087","0.000002087","","","","","","2026-08-06T14:05:28.816Z","2026-08-06T14:06:28.631Z","","","","",""
"CASHBULL","ENKsEcdcNaFzxsQdHUSe9D9CurjL5eNhKeRAMcvetzY9","55","5","","","","","","","","","","","","","","","","","","","","","","","","","","","","","","","","","","","","","","","","","","","","","0.000002878","","","","","","","2026-08-06T14:05:52.747Z","","","","","",""
"WAGMI","7B3iM7Uoeaqxx6N3sQEaDJhcpNmoLC8mqyqefA31pump","","","","","","","","","","","","","","","","","","","","","","","","","","","","","","","","","","","","","","","","","","","","","","","","","","","","","9.459e-7","","","","","","2026-08-06T14:06:22.763Z",""
"KID","KqjC622QEVsxfFZySnydMEC7f5p2THy2LXjymXVpump","93","19.753086418","","","","","","","","","","","","","","","","","","","","","","","","","","","","","","","","","","","","","","","","","","","","","0.00000918","","","","","","","2026-08-06T14:06:22.804Z","","","","","",""
"NOVA","J7DCnRnoRpSNaFy3isQKDYGVgTEURYqhuyNuY6tHpump","","","","","","","","","","","","","","","","","","","","","","","","","","","","","","","","","","","","","","","","","","","","","","","","","","","","","0.00000121","","","","","","2026-08-06T14:06:22.844Z",""
"OnNet","2FZLUogQq111JUwKRfEg6HEYQPTR2gx8Vfbvupz7pump","","","","","","","","","","","","","","","","","","","","","","","","","","","","","","","","","","","","","","","","","","","","","","","","","","","","","2.489e-7","","","","","","2026-08-06T14:06:22.868Z",""
"Quack","3zhcgqi9HmJG6gwEChzTQ9W5Dv9cyHWK4sgLrkzT1x17","59","5","","","","","","","","","","","","","","","5","1","24","0","0","0","2089.22","3","755.63","755.63","0.667","0.667","-25.05","","0","0","1","0","0","","","","","","","","","","","","0.000002089","0.000002089","","","","","","2026-08-06T14:06:34.958Z","2026-08-06T14:07:40.548Z","","","","",""
"moon","CfNk3GHvKipcuLi4TYi7WredPZ47Qw6WkjZKdXb4pump","","","","","","","","","","","","","","","","","","","","","","","","","","","","","","","","","","","","","","","","","","","","","","","","","","","","","4.35e-7","","","","","","2026-08-06T14:06:34.991Z",""
"CASHCAT ","GBF2fUBv9nfcYX3o2kmaCtMbb3NQEK9ZY7o7wPfupump","","","","","","","","","","","","","","","","","","","","","","","","","","","","","","","","","","","","","","","","","","","","","","","","","","","","","8.838e-7","","","","","","2026-08-06T14:06:40.800Z",""
"CASHCAT","6zsJSpM5tfgcsWzGdUTc9teWpzbLpdVoaYgJiiVPpump","65","3.500546959","","60.036","","","","","29.5","30","-46.1","","","-17.3","0","910","3.500546959","0","0","0","0","0","3009.31","3","3853.1","3853.1","0.606","0.606","17.84","","0","0","1","0","0","-17.34795613160518","","","","","","","","","","","0.000002783","0.000003009","","","0.000002487","","","2026-08-06T14:06:41.261Z","2026-08-06T14:07:46.556Z","","","2026-08-06T14:08:46.592Z","",""
"JEWPIT","HfNhHidVXG1U1o4eLxvGANMVYb6cS8DXjrLPe6Ztpump","57","4","","","","","","","","","","","","","","","","","","","","","","","","","","","","","","","","","","","","","","","","","","","","","0.000002135","","","","","","","2026-08-06T14:06:52.731Z","","","","","",""
"WAGMI","wUXt8ZcXoSzm7sZQxUuj6pc1NP5WJA5FmwQJVR4pump","","","","","","","","","","","","","","","","","","","","","","","","","","","","","","","","","","","","","","","","","","","","","","","","","","","","","8.634e-7","","","","","","2026-08-06T14:07:10.763Z",""
"HOOKR","D2PQrdbWjNcW4tqEEU9iDPVUFx25RGmiEv6TKfkA2ray","57","1.97","","","","","","","","","","","","","","","1.97","0","0","0","0","0","1206.34","2","2449.29","2449.29","0.667","0.667","-18.95","","0","0","1","0","0","","","","","","","","","","","","0.000001206","0.000001206","","","","","","2026-08-06T14:07:16.787Z","2026-08-06T14:08:10.972Z","","","","",""
"DERBY","yhWzcKewZu9TnNfCAGt3LN8ghuu1rj1KC7EoK8Jpump","63","2.194785183","","","","","","","0","0","-4.8","","","0","0","906","2.194785183","1","10","0","0","0","2150.36","2","750.95","750.95","0.556","0.556","-8.83","","0","0","1","0","0","","","","","","","","","","","","0.00000215","0.00000215","","","","","","2026-08-06T14:07:16.833Z","2026-08-06T14:08:10.890Z","","","","",""
"wojak","HwJCzDkNq15xX76qmGdAmeQ7YijzLhRPZWtEj2Expump","","","","","","","","","","","","","","","","","","","","","","","","","","","","","","","","","","","","","","","","","","","","","","","","","","","","","7.17e-7","","","","","","2026-08-06T14:07:22.839Z",""
"KID","9EcSS9HBRTBKRunzTc9jkmKgRRc6zcjH8MiEMzcYpump","","","","","","","","","","","","","","","","","","","","","","","","","","","","","","","","","","","","","","","","","","","","","","","","","","","","","5.668e-7","","","","","","2026-08-06T14:07:28.761Z",""
"Cashcat","D4kWR6i7UM7TakTQPf8wCAUMyQtQiNFCgoUVn3Fgpump","67","5","","","","","","","","","","","","","","","","","","","","","","","","","","","","","","","","","","","","","","","","","","","","","0.000002156","","","","","","","2026-08-06T14:07:28.833Z","","","","","",""
"NOVA","HjFKuEXzUDQFQECBkhfsFbKkHSUHFBJwjSnHo3UEpump","","","","","","","","","","","","","","","","","","","","","","","","","","","","","","","","","","","","","","","","","","","","","","","","","","","","","0.000001286","","","","","","2026-08-06T14:07:29.292Z",""
"DERBY","CdnYNGWvB1FprmkreEvZsYhyRfooBaFVbJcGkQC9pump","61","2.194785183","","","","","","","","","","","","","","","","","","","","","","","","","","","","","","","","","","","","","","","","","","","","","0.00000215","","","","","","","2026-08-06T14:07:40.757Z","","","","","",""
"KID","6PL67jqxJKCpknJReJHP8XCCJeR4U2YFGRRupV1Bpump","","","","","","","","","","","","","","","","","","","","","","","","","","","","","","","","","","","","","","","","","","","","","","","","","","","","","4.973e-7","","","","","","2026-08-06T14:07:52.795Z",""
"ACCELERATE","ARDvEr8pvYyDeZEPXoUbkdkknsN1Mwehcuaq4Aycpump","63","4","","","","","","","","","","","","","","","","","","","","","","","","","","","","","","","","","","","","","","","","","","","","","0.000002073","","","","","","","2026-08-06T14:07:58.762Z","","","","","",""
"TERAFAB","Hwav3AV8uJPzBgLn9WMLBsGpH4UNMQuukL5z7F46pump","61","4","","","","","","","","","","","","","","","","","","","","","","","","","","","","","","","","","","","","","","","","","","","","","0.000002047","","","","","","","2026-08-06T14:07:58.834Z","","","","","",""
"GTAVI","8f72NqbbhJGJrmgabV6RWUoyDvvSYqVUZRCLvWN3pump","","","","","","","","","","","","","","","","","","","","","","","","","","","","","","","","","","","","","","","","","","","","","","","","","","","","","4.52e-7","","","","","","2026-08-06T14:07:58.890Z",""
"ORANGE","Hv7oobkaAiHbviSmj1TfYUDXf3jPPEPek6qYR2Eqpump","57","5","","","","","","","","","","","","","","","","","","","","","","","","","","","","","","","","","","","","","","","","","","","","","0.000002149","","","","","","","2026-08-06T14:08:10.822Z","","","","","",""
"FN","FY4zbGy5WYkT9SszpTc8Y7RpyEAQHGJBeNB1cjvUpump","","","","","","","","","","","","","","","","","","","","","","","","","","","","","","","","","","","","","","","","","","","","","","","","","","","","","2.532e-7","","","","","","2026-08-06T14:08:22.739Z",""
"TERADIH","7wK2mjuYkTJYR5sWNZPg1JM1aPU271wbBLZaBMHFpump","55","5","","","","","","","","","","","","","","","","","","","","","","","","","","","","","","","","","","","","","","","","","","","","","0.000002537","","","","","","","2026-08-06T14:08:28.842Z","","","","","",""
"BWG","AdvCXAiQAVPRUCmkUHJLa3QpU8eJfRXxoqBDixsApump","57","5","","","","","","","","","","","","","","","","","","","","","","","","","","","","","","","","","","","","","","","","","","","","","0.000002088","","","","","","","2026-08-06T14:08:28.894Z","","","","","",""
"NOVA","HmbPcQ5TtKnEhVSvT73LjPr9rKBrkxzLAkxpmNVupump","84","8.801375214","","18.232","","","","","0","0","-59.3","","","-59.3","0","906","8.801375214","0","28","1","0","0","3552.41","3","1440.25","1440.25","0.6","0.6","3.72","","0","0","1","0","0","-59.346846846846844","","","","","","","","","","","0.000003259","0.000003552","","","0.000001444","","0.000001444","2026-08-06T14:08:28.934Z","2026-08-06T14:09:40.587Z","","","2026-08-06T14:09:58.819Z","2026-08-06T14:09:58.795Z",""
"1CENT","5jq5CTyjiGqLMZ7k7ZxJUNsbTSCbbyVnkF19pmv6pump","61","0.059259258","","","","","","","","","","","","","","","","","","","","","","","","","","","","","","","","","","","","","","","","","","","","","0.00002483","","","","","","","2026-08-06T14:08:40.863Z","","","","","",""
"CRIJUG","GfP8xeLhAkRR1G4urt4h4vvppUuh2JFTeeWsanpXpump","","","","","","","","","","","","","","","","","","","","","","","","","","","","","","","","","","","","","","","","","","","","","","","","","","","","","5.46e-7","","","","","","2026-08-06T14:08:52.786Z",""
"BWG","G6mamHSgBFGVdmVcdnTFPrdzrwgD4pEbQ6w6eTXw5JL7","59","5","","","","","","","","","","","","","","","5","1","25","0","0","0","2088.08","3","754.19","754.19","0.667","0.667","-25.11","","0","0","1","0","0","","","","","","","","","","","","0.000002046","0.000002088","","","","","","2026-08-06T14:10:16.938Z","2026-08-06T14:09:10.557Z","","","","",""
"ASML","2kKuU8dqSTj1CvJajv8SzoyKFgtj21HM7aVWe4scpump","78","8.201281448","","","","","","","0","0","-0.2","","","0","0","910","8.201281448","0","0","0","0","0","3382.64","3","758.06","758.06","0.714","0.714","1.9","","0","0","1","0","0","","","","","","","","","","","","0.000003319","0.000003382","","","","","","2026-08-06T14:09:10.776Z","2026-08-06T14:10:16.591Z","","","","",""
"KID","FPuJ2rfawegi6WkpmK6MEARUrj55nfKHB3SurPFVpump","","","","","","","","","","","","","","","","","","","","","","","","","","","","","","","","","","","","","","","","","","","","","","","","","","","","","0.000001083","","","","","","2026-08-06T14:09:22.810Z",""
"Tibi","5KkyoeC18GTeWPEhdnGazx95Dhga7cZMV5FT92nspump","69","4.5","","18.268","","","","","162.2","848","-10.3","","","-29.8","273.4","908","4.5","0","0","0","0","0","10968.34","3","63118.43","63118.43","0.592","0.592","305","","0","0","1","0","1","-29.771897810218984","","","","","","","","","","","0.000009827","0.00001096","","","0.000007697","","","2026-08-06T14:09:28.741Z","2026-08-06T14:10:28.555Z","","","2026-08-06T14:10:46.823Z","",""
"Tibi","6z2q19dBS2zx4y4idbFVgJyYS8UnxPTHqyuwNdL5pfYZ","65","11.85185185","","","","","","","","","","","","","","","","","","","","","","","","","","","","","","","","","","","","","","","","","","","","","0.000004113","","","","","","0.000002121","2026-08-06T14:09:34.737Z","","","","","2026-08-06T14:10:16.989Z",""
"Tibi","GAsRY1bA9KRePxRhAzCQ7ZEhUbkXmseQLm16hPjCpump","55","5","","54.542","","","","","","","","","","","","","5","0","12","0","0","0","3274.15","3","2297.88","2297.88","0.72","0.72","17.5","","0","0","1","0","0","-34.33109346365302","","","","","","","","","","","0.00000245","0.000003274","","","0.00000215","","","2026-08-06T14:09:40.799Z","2026-08-06T14:10:40.544Z","","","2026-08-06T14:11:35.086Z","",""
"moon","E7wfnxFiN4rSy8HQcmkymcauZ5VfSjMu8JTaaqLtpump","","","","","","","","","","","","","","","","","","","","","","","","","","","","","","","","","","","","","","","","","","","","","","","","","","","","","0.000001147","","","","","","2026-08-06T14:10:10.786Z",""
"JIT","7BRBCo9aff7NFStrhXCxBrkP8yMxZ4GHZkDZ2NHywccp","58","5","","","","","","","","","","","","","","","5","1","26","0","0","0","2087.79","3","753.89","753.89","0.667","0.667","-25.07","","0","0","1","0","0","","","","","","","","","","","","0.000002047","0.000002087","","","","","","2026-08-06T14:11:16.868Z","2026-08-06T14:10:16.525Z","","","","",""
"KID","HvaQqFt9n44ZQ2ywqJWQcNML7No1W67u62D6sN7kpump","","","","","","","","","","","","","","","","","","","","","","","","","","","","","","","","","","","","","","","","","","","","","","","","","","","","","7.491e-7","","","","","","2026-08-06T14:10:34.988Z",""
"MOODENG","9UFk8C8Btc6tHhmVBpqVo7YJroW97QSR22iHH1cgpump","","","","","","","","","","","","","","","","","","","","","","","","","","","","","","","","","","","","","","","","","","","","","","","","","","","","","8.012e-8","","","","","","2026-08-06T14:10:46.771Z",""
"CASHDOG","AGjKJimJnHCPgJB45JLUM3jirTHTDpWmhfqMLQJWpump","63","4.000625096","","","","","","","81.5","538","-20.6","","","24.3","46","908","4.000625096","0","1","0","0","0","3656.25","3","2973.63","2973.63","0.628","0.628","39.04","","0","0","1","0","0","","","","","","","","","","","","0.000002986","0.000003656","","","","","","2026-08-06T14:10:47.261Z","2026-08-06T14:11:58.627Z","","","","",""
"Tibi","Gy2Qw4t7ZuPTJezfv3a7vpYgyCQiENm7xz9KNAr7pump","62","5","","","","","","","","","","","","","","","","","","","","","","","","","","","","","","","","","","","","","","","","","","","","","0.000002094","","","","","","","2026-08-06T14:10:52.793Z","","","","","",""
"NOVA","C7Rc6cCvUi6tqU9pVBJKw9akMaacKToXqyMPeQ6dpump","80","6.000937646","","","","","","","","","","","","","","","","","","","","","","","","","","","","","","","","","","","","","","","","","","","","","0.000003317","","","","","","0.000001356","2026-08-06T14:11:04.809Z","","","","","2026-08-06T14:11:52.830Z",""
"KID","DRSJKFWb6hSFKcEU4ZnLctA2MuM7U3C1hRQGaHbzpump","","","","","","","","","","","","","","","","","","","","","","","","","","","","","","","","","","","","","","","","","","","","","","","","","","","","","3.101e-7","","","","","","2026-08-06T14:11:04.884Z",""
"DOOM","D4NdhGPURiFkaXWoRcMrjLsKXv2Ux6p56M9dhZRNpump","","","","","","","","","","","","","","","","","","","","","","","","","","","","","","","","","","","","","","","","","","","","","","","","","","","","","7.593e-7","","","","","","2026-08-06T14:11:16.800Z",""
"moon","Dgtr4n1HX4XZtZcGDCY6yPm7cwRn7tBBZR12iSNxpump","","","","","","","","","","","","","","","","","","","","","","","","","","","","","","","","","","","","","","","","","","","","","","","","","","","","","1.479e-7","","","","","","2026-08-06T14:11:16.846Z",""
"KID","4ojDT6KSCgKtQ42AHsuAYF1mNWMww2gv7eAZMHb5pump","","","","","","","","","","","","","","","","","","","","","","","","","","","","","","","","","","","","","","","","","","","","","","","","","","","","","4.142e-7","","","","","","2026-08-06T14:11:40.788Z",""
"ASML","3j8ad9LyZ1ruk2LTM9BikcyYSoX2bzJTDMAfGx7ppump","","","","","","","","","0","0","0","","","0","0","910","8.2","0","1","0","0","0","3319.22","3","600.4","600.4","1","1","0","","0","0","1","0","0","","","","","","","","","","","","","0.000003319","","","","","","","2026-08-06T14:11:46.602Z","","","","",""
"MIM","FPrU85FJUg9CDSva24bMMy4bEUfTbB9Am8wZ5gSfpump","57","1.97530864","","","","","","","","","","","","","","","1.97530864","0","0","0","0","0","3440.33","3","3670.73","3670.73","0.686","0.686","47.89","","0","0","1","0","1","","","","","","","","","","","","0.000003269","0.00000344","","","","","","2026-08-06T14:11:46.850Z","2026-08-06T14:13:10.850Z","","","","",""
"NEKO","AXAs812yDCELv24n25seTbPtcgp4Ao5kAsiiYpT5bonk","83","12.8375","","","","","","","","","","","","","","","","","","","","","","","","","","","","","","","","","","","","","","","","","","","","","0.000006647","","","","","","","2026-08-06T14:11:52.850Z","","","","","",""
"KID","94xLUNhymFYeg2Exj4fMovRcBmmWzM3D7W7rHHSGpump","","","","","","","","","","","","","","","","","","","","","","","","","","","","","","","","","","","","","","","","","","","","","","","","","","","","","8.011e-8","","","","","","2026-08-06T14:11:58.757Z",""
"BDSM","88dksdzZ3BuqyCtZAbyTBhLpZSoL4Y1yVWLxFqe8pump","","","","","","","","","","","","","","","","","","","","","","","","","","","","","","","","","","","","","","","","","","","","","","","","","","","","","7.79e-7","","","","","","2026-08-06T14:11:58.784Z",""
"$Smoky","ENmVNcGGPxFtLif5rf9dVnRcEFRCD1KE2C9Jghebpump","","","","","","","","","","","","","","","","","","","","","","","","","","","","","","","","","","","","","","","","","","","","","","","","","","","","","3.7e-7","","","","","","2026-08-06T14:12:05.239Z",""
"zebbi","3EyjUUQEb8VYKGXLaM2VWWwVopZ2WH46f5GHgf93pump","66","0.098765431","","","","","","","","","","","","","","","","","","","","","","","","","","","","","","","","","","","","","","","","","","","","","0.000002134","","","","","","","2026-08-06T14:12:10.836Z","","","","","",""
"GOATS","Bi9Td4UpZ3kkuwhxwB9qPrX7zUazUreUPZJKUZQ9pump","55","1.777777776","","","","","","","","","","","","","","","","","","","","","","","","","","","","","","","","","","","","","","","","","","","","","0.00000232","","","","","","","2026-08-06T14:12:16.773Z","","","","","",""
"FAUCI","WjuAdu5CrZX68G3DmF4UZrB3RjKhRNtH8PJq9R9pump","","","","","","","","","","","","","","","","","","","","","","","","","","","","","","","","","","","","","","","","","","","","","","","","","","","","","4.33e-7","","","","","","2026-08-06T14:12:22.732Z",""
"TAC","E5EdYbtMVxRqPod23wbiU3prF1dwzuVg3ToP58HSpump","60","4.938271603","","","","","","","0","0","-4.8","","","0","0","906","4.938271603","0","5","0","0","0","2151.54","3","821.68","821.68","0.6","0.6","-22.53","","0","0","1","0","0","","","","","","","","","","","","0.000002151","0.000002151","","","","","","2026-08-06T14:12:40.828Z","2026-08-06T14:13:40.557Z","","","","",""
"KID","6SxUyMX6oKRj9hxxhngimSUJfSDjxyWudW9j83GVpump","","","","","","","","","","","","","","","","","","","","","","","","","","","","","","","","","","","","","","","","","","","","","","","","","","","","","4.692e-7","","","","","","2026-08-06T14:12:47.083Z",""
"MOLROC","Diwf8AZBkVRrfv8NZsoafqEgaxWToRTTtHnHiJFKpump","","","","","","","","","","","","","","","","","","","","","","","","","","","","","","","","","","","","","","","","","","","","","","","","","","","","","3.274e-7","","","","","","2026-08-06T14:13:04.871Z",""
"NOVA","CqFmgkbxxvcofMq5itxRmhm7ArWLgLteX4vJgeWmpump","74","3.900609469","","","","","","","","","","","","","","","","","","","","","","","","","","","","","","","","","","","","","","","","","","","","","0.000002373","","","","","","","2026-08-06T14:13:04.940Z","","","","","",""
"KID","8SdGMaZ9uoXgd8DZgwn8SpqaRkRrrr72KYigBk7epump","88","9.876543208","","","","","","","","","","","","","","","","","","","","","","","","","","","","","","","","","","","","","","","","","","","","","0.000004862","","","","","","","2026-08-06T14:13:10.797Z","","","","","",""
"zeb","GZQNUKAbFX1GQTpmHuYWcWLrq6caQPXPGB9EkE43pump","62","0.098765431","","","","","","","0.1","152","0","","","0","0.1","902","0.098765431","0","1","1","0","0","2482.15","3","53.6","53.6","0.727","0.727","20.34","","0","0","1","0","0","","","","","","","","","","","","0.000002482","0.000002482","","","","","","2026-08-06T14:13:34.756Z","2026-08-06T14:14:34.613Z","","","","",""
"NEKO","AchqkypRJf41QocdrLRgStoSc1Zd2xwgVgBB9qVnbonk","61","3.45625","","","","","","","0","0","0","","","0","0","906","3.45625","0","1","0","0","0","2047.45","3","692.63","692.63","0.625","0.625","-19.61","","0","0","1","0","0","","","","","","","","","","","","0.000002047","0.000002047","","","","","","2026-08-06T14:14:10.791Z","2026-08-06T14:15:10.554Z","","","","",""
"MIAOMAIO","9Cmny5yziZnACDko9CjxR5Xq2D1q8L4TZKm5EXvNXqrn","57","4.9375","","","","","","","","","","","","","","","","","","","","","","","","","","","","","","","","","","","","","","","","","","","","","0.000002048","","","","","","","2026-08-06T14:14:16.986Z","","","","","",""
"KID","BVWrBcCLt4kRqwZx4rcFSrE3xSnRBBBpkaSdB9V9pump","","","","","","","","","","","","","","","","","","","","","","","","","","","","","","","","","","","","","","","","","","","","","","","","","","","","","0.000001251","","","","","","2026-08-06T14:14:17.139Z",""
"Brioche","Fpz9aZh1ewPSG25bbUGmtCvyuJW5g8Xjgc45J2BGpump","73","5","","","","","","","","","","","","","","","","","","","","","","","","","","","","","","","","","","","","","","","","","","","","","0.00001232","","","","","","","2026-08-06T14:14:46.787Z","","","","","",""
"CRIAGE","DyDTfay4njoXB1CeqcKRKWsWo3UwhHBPfKfW148fpump","","","","","","","","","","","","","","","","","","","","","","","","","","","","","","","","","","","","","","","","","","","","","","","","","","","","","8.956e-7","","","","","","2026-08-06T14:14:58.746Z",""
"BRIOCHE","4Ekvf6gwwmxuykk5bTjW7aoy9VZ6UjfXv3djJDwWpump","55","5","","","","","","","","","","","","","","","","","","","","","","","","","","","","","","","","","","","","","","","","","","","","","0.000002325","","","","","","","2026-08-06T14:15:04.773Z","","","","","",""
"Booby","BuvvFbvxRAA8Bk1F8SVFn9uA1WroJpbZYzNQDnPZpump","60","2.4691358","","","","","","","","","","","","","","","","","","","","","","","","","","","","","","","","","","","","","","","","","","","","","0.000002047","","","","","","","2026-08-06T14:15:04.794Z","","","","","",""
"Brioche","5hM8iFzbESs5ejobiBxq3XMBU6aEhcoUB7RYzuarpAQY","57","5","","","","","","","","","","","","","","","","","","","","","","","","","","","","","","","","","","","","","","","","","","","","","0.000002149","","","","","","","2026-08-06T14:15:04.859Z","","","","","",""
"KID","9dukYMz1sRzqyNgQZ7WggrRJFQrjhcvPqYeGz9Xupump","88","9.876543208","","","","","","","","","","","","","","","","","","","","","","","","","","","","","","","","","","","","","","","","","","","","","0.00001581","","","","","","","2026-08-06T14:15:10.775Z","","","","","",""
"NOVA","FYtCFXKcMx5LmLyo1pGHfLaTDLcLJs1poJDRAN2bpump","72","3.450539146","","","","","","","","","","","","","","","","","","","","","","","","","","","","","","","","","","","","","","","","","","","","","0.000002115","","","","","","","2026-08-06T14:15:16.906Z","","","","","",""
"olala","HwThbE2FM7C8Z7W8py4aHZVqWR9qddXV3R5ciSjqpump","","","","","","","","","","","","","","","","","","","","","","","","","","","","","","","","","","","","","","","","","","","","","","","","","","","","","2.357e-7","","","","","","2026-08-06T14:15:16.946Z",""
"ASSS","99rE3Wreer818Togh4AKZUm7iCi4wU2qEivzXngXpump","57","2","","","","","","","","","","","","","","","","","","","","","","","","","","","","","","","","","","","","","","","","","","","","","0.000002047","","","","","","","2026-08-06T14:15:28.747Z","","","","","",""
"Butter Tart","AKDy2F2aQ2U8BFGjqQmPGgxxhm5VKSyucDNVVC1Hpump","57","2","","","","","","","","","","","","","","","","","","","","","","","","","","","","","","","","","","","","","","","","","","","","","0.000002088","","","","","","","2026-08-06T14:15:40.836Z","","","","","",""
"CESHCET","7i31Mw6VkU239s1Z3P9K4sr5A3WyVmAkAzK7nLcgBMLQ","55","5.925925924","","","","","","","","","","","","","","","","","","","","","","","","","","","","","","","","","","","","","","","","","","","","","0.000002047","","","","","","","2026-08-06T14:15:46.797Z","","","","","",""
"CWH","92scn2ksQSwxP9E9D52mMaLqekrdDEsZbZqa1V8Epump","70","4.938271603","","","","","","","","","","","","","","","","","","","","","","","","","","","","","","","","","","","","","","","","","","","","","0.000003488","","","","","","","2026-08-06T14:15:47.212Z","","","","","",""
"mommy","2MXUA6Wez5jR2VnyCyWoWvMdU2DHeMxbDkqKDMkgpump","55","0.080012501","","","","","","","","","","","","","","","0.080012501","0","4","1","0","0","5178.08","3","43.48","43.48","0.636","0.636","152","","0","0","1","0","0","","","","","","","","","","","","0.000005178","0.000005178","","","","","","2026-08-06T14:15:52.858Z","2026-08-06T14:16:52.548Z","","","","",""
"KID","BJQYPubYrJgGYwbANU5rS6GP6dQpSMmp26EBwTNHpump","","","","","","","","","","","","","","","","","","","","","","","","","","","","","","","","","","","","","","","","","","","","","","","","","","","","","0.000001212","","","","","","2026-08-06T14:15:59.219Z",""
"ROGGOB","DmkAfMP3HSz3uvQ6UWveCchVAvTFpgjSo86Q9CpApump","68","0.246913578","","","","","","","","","","","","","","","","","","","","","","","","","","","","","","","","","","","","","","","","","","","","","0.000003224","","","","","","1.352e-7","2026-08-06T14:16:16.770Z","","","","","2026-08-06T14:16:52.953Z",""
"IQ","4SYBg7ZJtzudWjJmQ2FkE69av26LTu7M1fHio5ERpump","63","2.962962961","","","","","","","","","","","","","","","","","","","","","","","","","","","","","","","","","","","","","","","","","","","","","0.000004037","","","","","","","2026-08-06T14:16:22.889Z","","","","","",""
"NOVA","B53kKAWGSSxFNrJbHhkppRAaXxRaFu132pdJVsAYpump","72","3.400531332","","","","","","","0","0","0","","","0","0","912","3.400531332","0","32","1","0","0","3016.5","3","1049.89","1049.89","0.588","0.588","18.87","","0","0","1","0","0","","","","","","","","","","","","0.000003016","0.000003016","","","","","","2026-08-06T14:16:34.759Z","2026-08-06T14:17:34.566Z","","","","",""
"MEDA","HVUHXQJDY9WUYiZQSjjrJCkxD4rzvQ9U6akxFWHgvkgG","","","","","","","","","","","","","","","","","","","","","","","","","","","","","","","","","","","","","","","","","","","","","","","","","","","","","0.000002046","","","","","","2026-08-06T14:16:46.733Z",""
"VOLPIR","4GWGaC13r8svgFTZ6Y7PhxyJxZbyk9Hn6Zp8c1j6pump","","","","","","","","","","","","","","","","","","","","","","","","","","","","","","","","","","","","","","","","","","","","","","","","","","","","","1.149e-7","","","","","","2026-08-06T14:17:10.863Z",""
"CAT","EoGNjHuMZQrgeC8akFsPc4z3zjicjWAwg4CSMJgypump","63","3","","","","","","","40.3","184","-42.5","","","9","28.8","914","3","0","0","0","0","0","6643.32","3","7639.04","7639.04","0.63","0.63","168","","0","0","1","0","1","","","","","","","","","","","","0.000005068","0.000006643","","","","","","2026-08-06T14:17:22.796Z","2026-08-06T14:18:22.551Z","","","","",""
"PHAGOB","BU1TLZcB2HhuJeKjSy4dm4cbEQTRfssnz5b6Vo2upump","69","0.987654319","","","","","","","","","","","","","","","","","","","","","","","","","","","","","","","","","","","","","","","","","","","","","0.000001764","","","","","","7.04e-7","2026-08-06T14:17:52.928Z","","","","","2026-08-06T14:18:34.734Z",""
"NOVA","92kZsHZPrHJWJpuLnckxGo2nxSYKbDN19LyEStyNpump","","","","","","","","","","","","","","","","","","","","","","","","","","","","","","","","","","","","","","","","","","","","","","","","","","","","","0.000001236","","","","","","2026-08-06T14:17:53.229Z",""
"Retrevolver","4dW8U2C3CaBf9t6M3CDCCz4n2cNNQosZYfmnSye6pump","67","5.925925924","","","","","","","","","","","","","","","","","","","","","","","","","","","","","","","","","","","","","","","","","","","","","0.000002153","","","","","","","2026-08-06T14:17:58.964Z","","","","","",""
"BOOBY","6owLaXNoUJ924iU8DZtgyBV9iobDMPuoueH8s8xkpump","55","2.4691358","","","","","","","","","","","","","","","","","","","","","","","","","","","","","","","","","","","","","","","","","","","","","0.000002148","","","","","","","2026-08-06T14:18:16.940Z","","","","","",""
"$coco","CSgPAN35fi49aoyPgVRsAMAmkSkuLryjfbxoNJGypump","63","4.000625096","","","","","","","19.4","748","0","","","0.7","18.5","908","4.000625096","0","1","0","0","0","2629.2","3","292.88","292.88","1","1","0","","0","0","1","0","0","","","","","","","","","","","","0.000002662","0.000002629","","","","","","2026-08-06T14:19:10.725Z","2026-08-06T14:18:28.549Z","","","","",""
"DATADOG","AAr58JhCRrybfKwHM3mmbddgUWqhNBLqjiCcjhGGpump","71","5.003","","","","","","","","","","","","","","","","","","","","","","","","","","","","","","","","","","","","","","","","","","","","","0.00000209","","","","","","","2026-08-06T14:18:34.778Z","","","","","",""
"MIMEMA","4C2rW84U5sf1E9rbEQ8981zffJh1BUWNtAqZ6MPra7RB","60","7","","","","","","","","","","","","","","","","","","","","","","","","","","","","","","","","","","","","","","","","","","","","","0.000002325","","","","","","","2026-08-06T14:18:34.801Z","","","","","",""
"MIMEMA","ChUndoxahmNUTaNdJnb8nV3QEs48XLP7mVpxdJDMpump","55","5.925925924","","","","","","","","","","","","","","","","","","","","","","","","","","","","","","","","","","","","","","","","","","","","","0.000002151","","","","","","","2026-08-06T14:18:40.749Z","","","","","",""
"DDOG","HPRUtWvhNEW3BL5pvRCX9jiJAG4Gda2CCVhS7Ce2WiHM","","","","","","","","","","","","","","","","","","","","","","","","","","","","","","","","","","","","","","","","","","","","","","","","","","","","","0.000002049","","","","","","2026-08-06T14:18:40.792Z",""
"MEMEFATHER","7cQ9LNx6pwQRjVYTmK1NApNd2Jm5Rcr3rvrgc2kfpump","59","4","","","","","","","","","","","","","","","","","","","","","","","","","","","","","","","","","","","","","","","","","","","","","0.000002151","","","","","","","2026-08-06T14:18:46.718Z","","","","","",""
"imitated","E3SJPjb7wj4AJetLPjPcfzcSrsKN693vDR3pGdJZpump","61","3.5","","","","","","","","","","","","","","","","","","","","","","","","","","","","","","","","","","","","","","","","","","","","","0.000002049","","","","","","","2026-08-06T14:18:46.862Z","","","","","",""
"TRADEANYTHING","DtJBNsP7gtVfTyAJMXqSFndHaPuiemB2MH4fgnyy91gy","60","7","","42.003","","","","","0","0","-12.1","","","-12.1","0","908","7","0","15","0","0","0","2328.11","3","1371.24","1371.24","0.6","0.6","-25.32","","0","0","1","0","0","-12.11340206185567","","","","","","","","","","","0.000002328","0.000002328","","","0.000002046","","","2026-08-06T14:18:58.738Z","2026-08-06T14:19:58.529Z","","","2026-08-06T14:20:40.532Z","",""
"Millie","8WNJGa5nnhVgZHKaQ1i1oK9ZSR4QBBAyDi3Q9ZF2pump","57","1.97530864","","","","","","","","","","","","","","","","","","","","","","","","","","","","","","","","","","","","","","","","","","","","","0.000002152","","","","","","","2026-08-06T14:19:16.848Z","","","","","",""
"CRATERCAT","4nPebkfMZKxEtoLgnB7R4yfay6Rs3DUd7WNADxnwpump","","","","","","","","","","","","","","","","","","","","","","","","","","","","","","","","","","","","","","","","","","","","","","","","","","","","","4.093e-7","","","","","","2026-08-06T14:19:22.922Z",""
"NOVA","3LDZUYNh2H6HUJExeSm9CH2ifyhZmYFE8QrutgLVpump","","","","","","","","","","","","","","","","","","","","","","","","","","","","","","","","","","","","","","","","","","","","","","","","","","","","","3.76e-7","","","","","","2026-08-06T14:19:28.773Z",""
"name","3N3FKyonp9dDE5xX9XkoeYH4A5a5JxNwiLcMqR7dpump","56","5","","","","","","","","","","","","","","","5","0","10","0","0","0","2151.54","3","1441.55","1441.55","0.556","0.556","-22.88","","0","0","1","0","0","","","","","","","","","","","","0.000002151","0.000002151","","","","","","2026-08-06T14:19:28.836Z","2026-08-06T14:20:34.573Z","","","","",""
"ELEPHANT ","4kQ6KTjA8DvbSxtnaufKdzUv6sCMLdwQg49EaxALpump","65","6.913580245","","12.206","","","","","0","0","-46.8","","","-24.3","7.1","906","6.913580245","0","5","0","0","0","3945.19","3","2864.65","2864.65","0.583","0.583","27.17","","0","0","1","0","0","-24.258555133079852","","","","","","","","","","","0.000003757","0.000003945","","","0.000002988","","","2026-08-06T14:19:40.836Z","2026-08-06T14:20:40.616Z","","","2026-08-06T14:20:52.822Z","",""
"KID","EMjWXTMQ4Mhq4tBgwZFXsV2QS7jpzaiWgERnkbRfpump","","","","","","","","","","","","","","","","","","","","","","","","","","","","","","","","","","","","","","","","","","","","","","","","","","","","","5.3e-7","","","","","","2026-08-06T14:19:46.812Z",""
"IMITATED","9ubvjiAtGV4C1Xuawc6ePJmE7VHd3enWWMqCQyqTpump","","","","","","","","","","","","","","","","","5","0","10","0","0","0","2090.08","3","754.36","754.36","0.667","0.667","-25","","0","0","1","0","0","","","","","","","","","","","","","0.00000209","","","","","","","2026-08-06T14:19:52.522Z","","","","",""
"BROCAT","CRK3hkfU9BepxZkuGBmmF3sBgXTTtQbDp9UMVjfVpump","70","4.938271603","","","","","","","0","0","-38.2","","","0","0","904","4.938271603","0","0","0","0","0","3306.52","3","1281.48","1281.48","0.813","0.813","19.13","","0","0","1","0","0","","","","","","","","","","","","0.000003306","0.000003306","","","","","","2026-08-06T14:19:52.805Z","2026-08-06T14:20:52.526Z","","","","",""
"Mimema","2kYYWyeEnUnBS9QXWf5Jh3vPvMVZc6hkCBzSnv4upump","67","3.950617282","","","","","","","","","","","","","","","","","","","","","","","","","","","","","","","","","","","","","","","","","","","","","0.000002046","","","","","","","2026-08-06T14:20:10.875Z","","","","","",""
"KID","6BRcJEjS12zFAkkzP9EgNibccRnokEHCkWNT4TGMpump","88","9.876543208","","","","","","","","","","","","","","","","","","","","","","","","","","","","","","","","","","","","","","","","","","","","","0.00006046","","","","","","","2026-08-06T14:20:23.056Z","","","","","",""
"Fauci5","CJ9DQ79HqXuCJbE3mkccg2rMtRap3EYKxfyR6zv2pump","68","0.250039066","","","","","","","0","0","-71.6","","","0","0","414","0.250039066","0","0","1","0","0","2083.17","3","58.67","58.67","0.75","0.75","0.1","","0","0","1","0","0","","","","","","","","","","","","0.000002083","0.000002083","","","","","","2026-08-06T14:21:10.955Z","2026-08-06T14:22:22.542Z","","","","",""
"KID","8V7U4M5ZGgLiC3ob8ZYVQqrwJp414PiNGMAM4zgbpump","","","","","","","","","","","","","","","","","","","","","","","","","","","","","","","","","","","","","","","","","","","","","","","","","","","","","6.328e-7","","","","","","2026-08-06T14:21:28.931Z",""
".01","BXjthzuWBZpHXdwF1vxSXDExVPVXQi9iy97okcRypump","66","0.12","","","","","","","6.3","248","-59.3","","","-61","172.4","908","0.12","0","0","1","0","0","40678.01","4","1056.18","1056.18","0.586","0.586","1872","","0","0","1","0","0","","","","","","","","","","","","0.00004064","0.00004067","","","","","","2026-08-06T14:21:34.745Z","2026-08-06T14:23:28.847Z","","","","",""
"KID","CDiy4yDY8FdWfV4BhJyYzKGuq2p15QU1qiYArTwwpump","","","","","","","","","","","","","","","","","","","","","","","","","","","","","","","","","","","","","","","","","","","","","","","","","","","","","2.529e-7","","","","","","2026-08-06T14:21:46.753Z",""
"AntiZuck","GTZUcbF8LyCEFUYhd4yerMxbnHLew6rBoSWSU3aJuNsV","59","7","","36.076","","","","","","","","","","","","","7","0","16","0","0","0","2325.57","3","1493.66","1493.66","0.6","0.6","-25.32","","0","0","1","0","0","-11.956989247311833","","","","","","","","","","","0.000002325","0.000002325","","","0.000002047","","","2026-08-06T14:21:46.796Z","2026-08-06T14:22:52.682Z","","","2026-08-06T14:23:28.758Z","",""
"twans","3V6cA4TFnZ8XU81BXfywj6xwPwLLNhdiKejwP5kzpump","56","3","","","","","","","","","","","","","","","","","","","","","","","","","","","","","","","","","","","","","","","","","","","","","0.00000215","","","","","","","2026-08-06T14:21:52.847Z","","","","","",""
"Magpie","6pDHF1nMtFdwYUT6SgnqAkEpgb71xhvZnA1kcywHpump","55","1.777777776","","","","","","","","","","","","","","","","","","","","","","","","","","","","","","","","","","","","","","","","","","","","","0.000002234","","","","","","","2026-08-06T14:22:04.835Z","","","","","",""
"Magpie","FcCYcS5XRVU9RcYqaJA4U42LwGjkPuMygw8w7NnZvDyi","56","5","","","","","","","","","","","","","","","5","1","31","0","0","0","2088.37","3","862.6","862.6","0.6","0.6","-25.07","","0","0","1","0","0","","","","","","","","","","","","0.000002088","0.000002088","","","","","","2026-08-06T14:22:10.759Z","2026-08-06T14:23:23.203Z","","","","",""
"KID","7WU72ifXc1R3HWKBAdj2yJUPX7qQd2zEhhoQ4HaCpump","","","","","","","","","","","","","","","","","","","","","","","","","","","","","","","","","","","","","","","","","","","","","","","","","","","","","2.289e-7","","","","","","2026-08-06T14:22:16.742Z",""
"Magpie","Ce5MqF9emvTMeNkRnNRaG2X6hKtdHnt4CaWhNDkFEhNe","55","5","","","","","","","","","","","","","","","","","","","","","","","","","","","","","","","","","","","","","","","","","","","","","0.00000215","","","","","","","2026-08-06T14:22:16.839Z","","","","","",""
"KID","BB69HvyBvbAxFBPb65vVtsh37ebPgchPm3chf3Kwpump","","","","","","","","","","","","","","","","","","","","","","","","","","","","","","","","","","","","","","","","","","","","","","","","","","","","","9.909e-7","","","","","","2026-08-06T14:22:40.777Z",""
".01","4JEU1kTP4HcPrxBpmG21KMHe9oCfN67D2oXQEhn6pump","62","0.12","","","","","","","","","","","","","","","","","","","","","","","","","","","","","","","","","","","","","","","","","","","","","0.000004354","","","","","","3.31e-7","2026-08-06T14:22:52.896Z","","","","","2026-08-06T14:23:28.786Z",""
"AntiZuck","78vgmGwTWnS4oQYqZBzWXNEmmcNLL2Em37Q98Ry7vzQd","64","5","","","","","","","0","0","-1.8","","","0","0","908","5","0","2","0","0","0","2087.79","3","753.89","753.89","0.667","0.667","-25.07","","0","0","1","0","0","","","","","","","","","","","","0.00000205","0.000002087","","","","","","2026-08-06T14:24:16.805Z","2026-08-06T14:22:58.774Z","","","","",""
"MAGPIE","2tx7aV6FwUzsokrXAgVQs9k3mhaUEFUEwMuZJ2VDpump","","","","","","","","","0","0","-17.4","","","0","0","902","3","0","0","0","0","0","2477.74","3","219.72","219.72","1","1","0","","0","0","1","0","0","","","","","","","","","","","","","0.000002477","","","","","","","2026-08-06T14:23:04.505Z","","","","",""
"CHAMON","3jf4c1cYjsJ3qHdNTH3DbfNCoxq5zteQAcvLVPT2pump","","","","","","","","","","","","","","","","","","","","","","","","","","","","","","","","","","","","","","","","","","","","","","","","","","","","","1.592e-7","","","","","","2026-08-06T14:23:16.823Z",""
"Magpie","4NsGEcY63yCAd3Zs6P5UjL9pjEs7DBYUaKyGnuLFpump","58","5","","","","","","","","","","","","","","","","","","","","","","","","","","","","","","","","","","","","","","","","","","","","","0.000002157","","","","","","","2026-08-06T14:23:16.903Z","","","","","",""
"KID","7oKH9Dw66mxAtmARik96ny4JjfyA9PsuVDgekKeUpump","","","","","","","","","","","","","","","","","","","","","","","","","","","","","","","","","","","","","","","","","","","","","","","","","","","","","0.000001474","","","","","","2026-08-06T14:23:34.743Z",""
"KID","ar8EkRZLhPY6Uj4vZPdiGi2cmBXKTEtrqeexSZ9pump","","","","","","","","","","","","","","","","","","","","","","","","","","","","","","","","","","","","","","","","","","","","","","","","","","","","","3.39e-7","","","","","","2026-08-06T14:24:16.772Z",""
"KID","BUHgT9ZRTEMMMEHRw9eqqms4xum5JXFqVLLcNcnQpump","","","","","","","","","","","","","","","","","","","","","","","","","","","","","","","","","","","","","","","","","","","","","","","","","","","","","2.103e-7","","","","","","2026-08-06T14:24:28.746Z",""
"ELONATOR","qGPd1emjafG4ofgxXaERb68AVoRzXGecmA8fmhKpump","55","5","","","","","","","","","","","","","","","","","","","","","","","","","","","","","","","","","","","","","","","","","","","","","0.00000209","","","","","","","2026-08-06T14:24:52.809Z","","","","","",""
"KID","3tYtGb9qGS7kde923bTp8fXJr9miyNYkmycVoTqJpump","","","","","","","","","","","","","","","","","","","","","","","","","","","","","","","","","","","","","","","","","","","","","","","","","","","","","6.107e-7","","","","","","2026-08-06T14:25:04.814Z",""
"コテンッ","4f6XSLC9L664NGZ9mtAnG7m6ovCdpXDxDEznKSLGpump","70","4.875406284","auto","114.507","30.035","11.639","187.684","yes","35.8","32","-68.8","no","","35.8","0","912","4.875406284","0","0","0","0","0","4846.95","3","8680.57","8680.57","0.65","0.65","74.96","","0","0","1","0","1","17.540239372678503","31.227600732434365","-10.430245834992908","-0.73","1.49","STOP_LOSS","","","","","0.045594","0.000004783","0.000004846","0.000006579","0.000006359289531493769","0.000005696","0.00000501","","2026-08-06T14:25:04.849Z","2026-08-06T14:26:04.531Z","2026-08-06T14:26:34.566Z","2026-08-06T14:26:46.205Z","2026-08-06T14:27:59.038Z","","2026-08-06T14:29:53.889Z"
"KID","7ohrJk91ye8YSfj3Aja99rUsr1ieDkPdHGWa6jJnpump","","","","","","","","","","","","","","","","","","","","","","","","","","","","","","","","","","","","","","","","","","","","","","","","","","","","","3.046e-7","","","","","","2026-08-06T14:25:28.745Z",""
"DICK","7Kb6Hpjkd7FvzenjsKt5nD3785kD3Q2oGkYTXjykpump","68","0.246913578","","","","","","","","","","","","","","","","","","","","","","","","","","","","","","","","","","","","","","","","","","","","","0.000002691","","","","","","","2026-08-06T14:25:34.782Z","","","","","",""
"?","62vSMBjnvVjReHYNtYTntjjLqRrbfRfQFX8pV1G7pump","60","1.348345677","","","","","","","","","","","","","","","","","","","","","","","","","","","","","","","","","","","","","","","","","","","","","0.00000182","","","","","","","2026-08-06T14:25:46.748Z","","","","","",""
"EAR","7Fdt3675m9S6ZjBXinvvK6nxdcvZzS1fH9ixBdnQpump","","","","","","","","","","","","","","","","","","","","","","","","","","","","","","","","","","","","","","","","","","","","","","","","","","","","","3.905e-7","","","","","","2026-08-06T14:25:52.783Z",""
"AGAIN","BHgCYjAxsXnXj4iqQmKwwpqrbba69ijvu5WuFqYMpump","61","4","","","","","","","","","","","","","","","","","","","","","","","","","","","","","","","","","","","","","","","","","","","","","0.00000215","","","","","","","2026-08-06T14:26:04.922Z","","","","","",""
"EAR","6z9jEcDhD8L1UJoVVqLbSi28tQtsSei2EpeMMHRkpump","","","","","","","","","","","","","","","","","","","","","","","","","","","","","","","","","","","","","","","","","","","","","","","","","","","","","4.897e-7","","","","","","2026-08-06T14:26:10.808Z",""
"?","69ypToW2Nw6Wn9BjbPBgdApddXakvyDJdvzWEWgxpump","","","","","","","","","","","","","","","","","","","","","","","","","","","","","","","","","","","","","","","","","","","","","","","","","","","","","0.000001137","","","","","","2026-08-06T14:26:10.845Z",""
"GTA","Cbp4RCQDzQe9CXVsRy2VWcfahA4HBbwWyDAqLdC3WBLi","59","7","","","","","","","","","","","","","","","","","","","","","","","","","","","","","","","","","","","","","","","","","","","","","0.000002096","","","","","","","2026-08-06T14:26:11.442Z","","","","","",""
"ELEPHANT ","Fk7RuBogQsrUTkCN9yYahaxJbqGkHtLwstVA5mCdpump","55","3.950617282","","","","","","","","","","","","","","","","","","","","","","","","","","","","","","","","","","","","","","","","","","","","","0.000002578","","","","","","","2026-08-06T14:26:22.862Z","","","","","",""
"?","CZvHWdJQ77GEDQ7W73Uzr2EMhmtXEjjz9kJfhghfpump","","","","","","","","","","","","","","","","","","","","","","","","","","","","","","","","","","","","","","","","","","","","","","","","","","","","","3.248e-7","","","","","","2026-08-06T14:26:28.731Z",""
"DICK","Bqz4smbZVrHG59PBiZECSbEFXXDvqZT9avm5DdTkpump","","","","","","","","","","","","","","","","","","","","","","","","","","","","","","","","","","","","","","","","","","","","","","","","","","","","","4.067e-7","","","","","","2026-08-06T14:26:34.753Z",""
"?","9REPWBeKMtCjQRm34GBvWACKhovWVQZQ477xDZvfpump","59","1.244444442","","","","","","","","","","","","","","","1.244444442","1","57","1","0","0","3118.17","3","3830.02","3830.02","0.614","0.614","40.35","","0","0","1","0","0","","","","","","","","","","","","0.000003118","0.000003118","","","","","","2026-08-06T14:26:40.744Z","2026-08-06T14:27:40.608Z","","","","",""
"SITRU","C6uxYpE1hyjbU1s2q2ZUcRo6Xz9Rzek39dboAacqpump","","","","","","","","","","","","","","","","","","","","","","","","","","","","","","","","","","","","","","","","","","","","","","","","","","","","","2.873e-7","","","","","","2026-08-06T14:26:46.783Z",""
"DBLUP107","6pM2p18affDhxeBqEtPjn3oQyFsugPXNMgpP5GGbpump","79","4.000625096","","","","","","","","","","","","","","","","","","","","","","","","","","","","","","","","","","","","","","","","","","","","","0.000003632","","","","","","7.979e-7","2026-08-06T14:26:58.780Z","","","","","2026-08-06T14:27:40.822Z",""
"SADBULLE","FJHVu7MEymViHV21EsopBnFAZTZYq1gdcYmk4Qgpump","74","0.691358023","","","","","","","","","","","","","","","","","","","","","","","","","","","","","","","","","","","","","","","","","","","","","0.000001512","","","","","","","2026-08-06T14:27:10.762Z","","","","","",""
"EAR","3VvtGuRkAbSFzZENYGmsWuCJMX2XJFcz4wWEmwWPpump","","","","","","","","","","","","","","","","","","","","","","","","","","","","","","","","","","","","","","","","","","","","","","","","","","","","","3.736e-7","","","","","","2026-08-06T14:27:16.813Z",""
"greg166","9GXk4buK1m8gYWqk7sSAkPdUHWAX7DA4NRhzVTR9pump","","","","","","","","","","","","","","","","","","","","","","","","","","","","","","","","","","","","","","","","","","","","","","","","","","","","","5.762e-7","","","","","","2026-08-06T14:27:16.864Z",""
"PIPPIN","BWAVKGxmQuRmoXVcKLQdAqR31Y7Zowx8wnJ4HdiApump","66","3.723456789","","","","","","","67.5","184","-17","","","20.7","38.7","914","3.723456789","0","0","0","0","0","2840.43","3","3698.95","3698.95","0.574","0.574","9.71","","0","0","1","0","0","","","","","","","","","","","","0.000002288","0.00000284","","","","","","2026-08-06T14:27:22.813Z","2026-08-06T14:28:22.568Z","","","","",""
"?","8iPms3qxzCm6sBUGcbj2iHkJj3CNEPcNRgNATUmrpump","","","","","","","","","","","","","","","","","","","","","","","","","","","","","","","","","","","","","","","","","","","","","","","","","","","","","3.254e-7","","","","","","2026-08-06T14:27:28.746Z",""
"?","FC8Yzu7yxcF5Ap4DjbnU9Hfoeg1GhyVtJUSBDYv6pump","62","1.69876543","","","","","","","0","0","-0.7","","","-0.7","0","910","1.69876543","1","61","1","0","0","1706.02","3","4763.73","4763.73","0.642","0.642","-25.44","","0","0","1","0","0","","","","","","","","","","","","0.000001706","0.000001706","","","","","","2026-08-06T14:27:46.720Z","2026-08-06T14:28:46.606Z","","","","",""
"EAR","4szJqDJJogUNC7iprstfNd9QvaRmPFgAHfML92E8pump","","","","","","","","","","","","","","","","","","","","","","","","","","","","","","","","","","","","","","","","","","","","","","","","","","","","","3.059e-7","","","","","","2026-08-06T14:27:58.823Z",""
"DICK","7b1uFVxLZgCtvMYVNeBu7xUycWDEXUkGLpAeNyeNpump","62","0.246913578","","","","","","","0.2","390","0","","","0","0.2","920","0.246913578","0","2","1","0","0","2496.68","3","121.03","121.03","0.6","0.6","19.91","","0","0","1","0","0","","","","","","","","","","","","0.000001875","0.000002496","","","","","","2026-08-06T14:28:04.846Z","2026-08-06T14:29:16.774Z","","","","",""
"TNOS","8Vidk5TPr3CDvmstSghctZUauLvMv1pqVd6zuihCpump","","","","","","","","","","","","","","","","","","","","","","","","","","","","","","","","","","","","","","","","","","","","","","","","","","","","","6.707e-7","","","","","","2026-08-06T14:28:10.777Z",""
"EAR","FzQwJFCz2JwtHcJ8zjBVDPbZDWhsexeGBhcQwFdpump","86","9.876543208","","","","","","","","","","","","","","","","","","","","","","","","","","","","","","","","","","","","","","","","","","","","","0.000003186","","","","","","","2026-08-06T14:28:22.774Z","","","","","",""
"?","ZphtfCvEpu4GsFkqJzWDGc2hQCiZ3JLW5fXzig3pump","","","","","","","","","","","","","","","","","","","","","","","","","","","","","","","","","","","","","","","","","","","","","","","","","","","","","0.000001072","","","","","","2026-08-06T14:28:22.818Z",""
"?","Brh3813XaRGpRcQEPFP1WgaXu5Syr2XkJN88V6D6pump","","","","","","","","","","","","","","","","","","","","","","","","","","","","","","","","","","","","","","","","","","","","","","","","","","","","","6.558e-7","","","","","","2026-08-06T14:28:34.754Z",""
"abu","7MAzSuMptiNFfjCmsE5r4K1gc1AnCSR7j2xp8o5ait2K","63","11.85185185","","","","","","","","","","","","","","","","","","","","","","","","","","","","","","","","","","","","","","","","","","","","","0.000002709","","","","","","","2026-08-06T14:28:46.803Z","","","","","",""
"ABU","EANDDNBzxWii6aAvsnSoiMGB5SifkwbtZ2eSXt9zpump","56","3","","","","","","","","","","","","","","","","","","","","","","","","","","","","","","","","","","","","","","","","","","","","","0.000002149","","","","","","","2026-08-06T14:28:46.850Z","","","","","",""
"abu","AmN7Ed2qjdiAM9LSiiNsNLYMZz8q8AnjtwxQwY4xhxHH","","","","","","","","","","","","","","","","","","","","","","","","","","","","","","","","","","","","","","","","","","","","","","","","","","","","","0.000002046","","","","","","2026-08-06T14:28:52.742Z",""
"?","BRwQubaCKSNUdYQPHw3r8a9NAAVyFYfFFaysM8Typump","","","","","","","","","","","","","","","","","","","","","","","","","","","","","","","","","","","","","","","","","","","","","","","","","","","","","0.000001416","","","","","","2026-08-06T14:28:52.767Z",""
"ABU","6MvC1jF18wewkMZujtw8ZP5B5m14TnQhY2xP2JhQ3Q7J","","","","","","","","","","","","","","","","","","","","","","","","","","","","","","","","","","","","","","","","","","","","","","","","","","","","","0.000002047","","","","","","2026-08-06T14:28:52.795Z",""
"Abu","DbXTh8TvCzeMEotT4zGpSFFKQBKKKCsVNspXG8q8pump","58","6.913580245","","","","","","","","","","","","","","","","","","","","","","","","","","","","","","","","","","","","","","","","","","","","","0.000008458","","","","","","","2026-08-06T14:28:58.845Z","","","","","",""
"DBLUP108","VULAERSofLrER13Wk1thqgNBu637a9accFUdTcYpump","78","4.000625096","","","","","","","218.3","32","-87.3","","","218.3","0","902","4.000625096","0","12","1","0","0","3971.35","3","3291.43","3291.43","0.588","0.588","50.97","","0","0","1","0","0","","","","","","","","","","","","0.000002655","0.000003971","","","","","","2026-08-06T14:28:58.893Z","2026-08-06T14:30:04.524Z","","","","",""
"ABU","5Na4jNaxQPhQmzHrPkAssooiPuLpDk2HxnR4Yz6Ypump","66","5","","","","","","","","","","","","","","","","","","","","","","","","","","","","","","","","","","","","","","","","","","","","","0.000002149","","","","","","","2026-08-06T14:29:04.842Z","","","","","",""
"Kindia","6JUa5EUQAWxptygwRU87BkfPqnoTRexNi1QGA4Yapump","71","5.00078137","","","","","","","0","0","-23.4","","","0","0","902","5.00078137","0","0","0","0","0","2668.15","3","1043.51","1043.51","0.75","0.75","-4.29","","0","0","1","0","0","","","","","","","","","","","","0.000002668","0.000002668","","","","","","2026-08-06T14:29:04.874Z","2026-08-06T14:30:04.628Z","","","","",""
"abu","44xYnv8xQfzc2JC1gHe2MQeQVQLL9szMDn5FzZq6pump","","","","","","","","","","","","","","","","","","","","","","","","","","","","","","","","","","","","","","","","","","","","","","","","","","","","","0.000002126","","","","","","2026-08-06T14:29:10.849Z",""
"abu","FKMdUmSw6o1DogUg13non51dCkaZYsZiULdpi2ZBpump","71","5","","","","","","","","","","","","","","","","","","","","","","","","","","","","","","","","","","","","","","","","","","","","","0.000002149","","","","","","","2026-08-06T14:29:11.082Z","","","","","",""
"Abu","DJBXNr7ju6vGpm42uKemXcoxP3qoqbdLtiR4W1cqjHUw","62","5","","","","","","","0","0","-2","","","0","0","910","5","0","3","0","0","0","2088.08","3","1073.25","1073.25","0.6","0.6","-25.09","","0","0","1","0","0","","","","","","","","","","","","0.000002088","0.000002088","","","","","","2026-08-06T14:29:11.111Z","2026-08-06T14:30:16.544Z","","","","",""
"EAR","A8jnfiTDtcoxVigeRLmcLFtZRxB4kShqAm6Mahbmpump","","","","","","","","","","","","","","","","","","","","","","","","","","","","","","","","","","","","","","","","","","","","","","","","","","","","","4.485e-7","","","","","","2026-08-06T14:29:11.382Z",""
"Abu","7mzgfRTGrQK4s4YRqNmSNMstReCi7VatrkFt81Gfdd1k","55","5","","","","","","","","","","","","","","","5","1","34","0","0","0","2087.51","3","896.99","896.99","0.6","0.6","-25.09","","0","0","1","0","0","","","","","","","","","","","","0.000002087","0.000002087","","","","","","2026-08-06T14:29:28.725Z","2026-08-06T14:30:34.589Z","","","","",""
"ABU","AvbPwGz95gxAQYM6QrUTYHArJgk33zbbcDiBYe9mpump","61","5","","","","","","","","","","","","","","","","","","","","","","","","","","","","","","","","","","","","","","","","","","","","","0.000002047","","","","","","","2026-08-06T14:29:28.758Z","","","","","",""
"EAR","27mZipBvTPmEFqtZpMSJYY9vVfgZxvDxUVy37BxCpump","","","","","","","","","","","","","","","","","","","","","","","","","","","","","","","","","","","","","","","","","","","","","","","","","","","","","0.00000106","","","","","","2026-08-06T14:29:40.759Z",""
"EAR","Bhnmfn6p9YZ8sVHooW1b2r7fQ12awfoihaKAW2Akpump","86","9.876543208","","","","","","","","","","","","","","","","","","","","","","","","","","","","","","","","","","","","","","","","","","","","","0.000005501","","","","","","","2026-08-06T14:29:58.773Z","","","","","",""
"wifskirt","FVLBqK9LehyN4VHEB49ptxupho1L8TgjvSTGSiqgpump","56","3","","","","","","","","","","","","","","","","","","","","","","","","","","","","","","","","","","","","","","","","","","","","","0.000002148","","","","","","","2026-08-06T14:30:10.970Z","","","","","",""
"DOGE","FSGKRSfnGVkb2hcyu8vn6xxnUTqZFXv4sbDGX1NPpump","57","4","","","","","","","","","","","","","","","","","","","","","","","","","","","","","","","","","","","","","","","","","","","","","0.000002046","","","","","","","2026-08-06T14:30:11.280Z","","","","","",""
"ILLUSION","GCzN3E2LkhYzGYUeBn7BXfBMdARXTfa2DjMiGsV8TESz","83","3.950617282","","","","","","","","","","","","","","","","","","","","","","","","","","","","","","","","","","","","","","","","","","","","","0.00000216","","","","","","","2026-08-06T14:30:17.601Z","","","","","",""
"$COSMO","E2WfVMsTQAvhbFVYjh7X8CpDmKBZCVMUJkTus8dEpump","","","","","","","","","","","","","","","","","","","","","","","","","","","","","","","","","","","","","","","","","","","","","","","","","","","","","4.313e-7","","","","","","2026-08-06T14:30:17.855Z",""
"MEATLOAF","EJBXrCd665YZEoghE85gB6SvmdUEiVqtUDx6NW2ipump","56","1.876543208","","","","","","","","","","","","","","","","","","","","","","","","","","","","","","","","","","","","","","","","","","","","","0.000002197","","","","","","","2026-08-06T14:30:23.424Z","","","","","",""
"EAR","qQUdha3q7buZw7YiRkwUmpipwAPKw4wmJUQ1Efvpump","","","","","","","","","","","","","","","","","","","","","","","","","","","","","","","","","","","","","","","","","","","","","","","","","","","","","8.839e-7","","","","","","2026-08-06T14:30:29.086Z",""
"ALPHA","CmBp48fUWv3ryViRTjgFpURdNL9sWPWsEzN3DNAApump","83","4","","","","","","","","","","","","","","","","","","","","","","","","","","","","","","","","","","","","","","","","","","","","","0.000002625","","","","","","","2026-08-06T14:30:47.108Z","","","","","",""
"EAR","J2c3ymJ88SApUPDt2B5Wno6cUe1ZN9ywMrB2qqk1pump","","","","","","","","","","","","","","","","","","","","","","","","","","","","","","","","","","","","","","","","","","","","","","","","","","","","","3.626e-7","","","","","","2026-08-06T14:30:59.333Z",""
"EAR","TV2VQRVvsL8uvdaRMuYFEvEuTnC4vBsDRXtXQhCpump","","","","","","","","","","","","","","","","","","","","","","","","","","","","","","","","","","","","","","","","","","","","","","","","","","","","","4.798e-7","","","","","","2026-08-06T14:31:16.976Z",""
"Durrcoin","6ZBiK3JoJQ7EyxDg2WwpNSF4KnzbJPgEnbMqfkR2pump","70","4.938271603","","","","","","","","","","","","","","","","","","","","","","","","","","","","","","","","","","","","","","","","","","","","","0.000002285","","","","","","","2026-08-06T14:31:22.860Z","","","","","",""
"VANCE","73XUVeaGLWvkG2HuvhjAAaRSdNDVqG8uEMGH2zc4pump","56","4","","","","","","","","","","","","","","","","","","","","","","","","","","","","","","","","","","","","","","","","","","","","","0.000002085","","","","","","","2026-08-06T14:31:22.893Z","","","","","",""
"BDSM","7oN6DwMQeHbVD1tSpaLHX3Bc1n2uBQSYDqUmi8WVpump","","","","","","","","","","","","","","","","","","","","","","","","","","","","","","","","","","","","","","","","","","","","","","","","","","","","","3.35e-9","","","","","","2026-08-06T14:31:34.790Z",""
"EAR","2zAFj8ThyppfeCoJNqFq6moif1qg7716Tiv3ENANpump","","","","","","","","","","","","","","","","","","","","","","","","","","","","","","","","","","","","","","","","","","","","","","","","","","","","","5.61e-7","","","","","","2026-08-06T14:31:40.810Z",""
"BEAVO","4bwC7cAQyuGUtvremXfLQRtiwkdxYMt9GfwuPR3fpump","68","0.493827159","","","","","","","","","","","","","","","","","","","","","","","","","","","","","","","","","","","","","","","","","","","","","0.000001702","","","","","","","2026-08-06T14:31:52.928Z","","","","","",""
" ","2vnCkDjug3iSQmA6fbW2sEzVRHwgL9sF6XDH6zKipump","56","3","","","","","","","","","","","","","","","3","0","2","0","0","0","2147.14","3","1063.5","1063.5","0.556","0.556","-13.22","","0","0","1","0","0","","","","","","","","","","","","0.000002147","0.000002147","","","","","","2026-08-06T14:31:52.986Z","2026-08-06T14:32:52.697Z","","","","",""
"ECHOKIN","HXPnLKfHxKxRp7VSVVLgX6uCi5J1PcNiNNVhBTXxpump","55","1.78418627","","","","","","","","","","","","","","","1.78418627","0","0","0","0","0","2835.27","3","757.11","757.11","0.667","0.667","23.5","","0","0","1","0","0","","","","","","","","","","","","0.000002674","0.000002835","","","","","","2026-08-06T14:32:05.104Z","2026-08-06T14:33:29.266Z","","","","",""
"EAR","8iv4J62uURmVZyhkiA4wzCUJjqLxKDc8LQY86eqfpump","","","","","","","","","","","","","","","","","","","","","","","","","","","","","","","","","","","","","","","","","","","","","","","","","","","","","4.497e-7","","","","","","2026-08-06T14:32:05.393Z",""
"EAR","HY2xE3aDTdTbeAWfqJFpSkxZZeiALit6R6oJ7KxPpump","","","","","","","","","","","","","","","","","","","","","","","","","","","","","","","","","","","","","","","","","","","","","","","","","","","","","2.859e-7","","","","","","2026-08-06T14:32:34.755Z",""
"EAR","3DDHcwAXFuVgyLJDg5PwE7gF6t1sERyzjkq8Aunppump","","","","","","","","","","","","","","","","","","","","","","","","","","","","","","","","","","","","","","","","","","","","","","","","","","","","","1.499e-7","","","","","","2026-08-06T14:32:58.763Z",""
"EAR","2fWyNUYaLzfrXfeD2wUtgVV6esVuSoKu9UX6s4EXpump","","","","","","","","","","","","","","","","","","","","","","","","","","","","","","","","","","","","","","","","","","","","","","","","","","","","","6.964e-7","","","","","","2026-08-06T14:33:22.906Z",""
"ASHIKA","HebzwFtvUwghxmxRAv2wkySzo3AK5eY1WSsgBsr3pump","71","5.100796999","auto","442.011","30.015","7.688","1059.029","yes","4.8","290","-18.7","no","","0.6","4.2","910","5.100796999","0","0","0","0","0","7225.47","3","6651.93","6651.93","0.667","0.667","158","","0","0","1","0","1","-11.197231833910038","2.0490309590326534","-12.98029257941741","-29.85","2.67","STOP_LOSS","","","","","0.032241","0.000006194","0.000007225","0.000007268","0.0000073730424867901095","0.000006416","0.000005431","","2026-08-06T14:33:46.734Z","2026-08-06T14:34:46.548Z","2026-08-06T14:35:16.563Z","2026-08-06T14:35:24.251Z","2026-08-06T14:42:08.559Z","","2026-08-06T14:53:03.280Z"
"$ZLP","FoofDdi9cHeqtBiMRH7sS39AdrNwSjdxo7FGRrYfpump","","","","","","","","","","","","","","","","","","","","","","","","","","","","","","","","","","","","","","","","","","","","","","","","","","","","","9.327e-8","","","","","","2026-08-06T14:34:04.879Z",""
"EAR","814NXk2N8xqKd1JR8hVSiFqZcKE9NNKCk7wSVRYQpump","","","","","","","","","","","","","","","","","","","","","","","","","","","","","","","","","","","","","","","","","","","","","","","","","","","","","0.000001167","","","","","","2026-08-06T14:34:16.753Z",""
"Carp","GpPfEVVpkThHg35pLxDMB1WfoNkYZhsopMqoGsBapump","55","4","","","","","","","","","","","","","","","","","","","","","","","","","","","","","","","","","","","","","","","","","","","","","0.000002117","","","","","","","2026-08-06T14:34:34.804Z","","","","","",""
"DBLUP109","53CVM6KTthdCokrp4UK2LiDGcLNXpHCzaAV9GFEYpump","","","","","","","","","","","","","","","","","","","","","","","","","","","","","","","","","","","","","","","","","","","","","","","","","","","","","8.083e-7","","","","","","2026-08-06T14:34:34.861Z",""
"EAR","BoxEbrJNU9XgvZqeHzjD3c9P52kGRECMn2kGdE6Tpump","","","","","","","","","","","","","","","","","","","","","","","","","","","","","","","","","","","","","","","","","","","","","","","","","","","","","1.241e-7","","","","","","2026-08-06T14:35:04.778Z",""
"EAR","8mRCqCnnrWAuhJEmRde6b5Q7B7aqt8wBBBWdj9Hkpump","","","","","","","","","","","","","","","","","","","","","","","","","","","","","","","","","","","","","","","","","","","","","","","","","","","","","4.307e-7","","","","","","2026-08-06T14:35:28.794Z",""
"Dolly","E2rLDkTyriZZkpCTKZfN1MRY6sayUeahRcV3Tr6kpump","63","2.962962961","","12.243","","","","","33.4","242","-46.8","","","-17.9","62.5","902","2.962962961","0","0","0","0","0","3545.69","3","3976.38","3976.38","0.615","0.615","43.44","","0","0","1","0","1","-17.884344146685464","","","","","","","","","","","0.000003438","0.000003545","","","0.000002911","","","2026-08-06T14:35:34.765Z","2026-08-06T14:36:34.595Z","","","2026-08-06T14:36:46.838Z","",""
"EAR","3wSgcZNhjwn4bxbNnhH18bySJQjf8awhPGxwTvDdpump","","","","","","","","","","","","","","","","","","","","","","","","","","","","","","","","","","","","","","","","","","","","","","","","","","","","","3.912e-7","","","","","","2026-08-06T14:35:58.801Z",""
"SHAT","EzfjgsHsJtDGfdfDfmCgGcqySBphWTAbTEamt7ZPpump","63","3","","","","","","","","","","","","","","","","","","","","","","","","","","","","","","","","","","","","","","","","","","","","","0.000002151","","","","","","","2026-08-06T14:36:22.849Z","","","","","",""
"Dolphin","EvndZBoyKVFrPV1wnFgvL6i2zXSfksYfSpdNBYXTpump","","","","","","","","","","","","","","","","","","","","","","","","","","","","","","","","","","","","","","","","","","","","","","","","","","","","","9.067e-7","","","","","","2026-08-06T14:36:34.818Z",""
"CODY","GgFPPDYZMhwhxJPkPBMWasmvPj5n4cJF6rPDVWzpump","58","3.5","","","","","","","","","","","","","","","","","","","","","","","","","","","","","","","","","","","","","","","","","","","","","0.000003602","","","","","","","2026-08-06T14:36:34.862Z","","","","","",""
"EAR","fdfatJgNwLG6dGqwQePsPnKrMrpVk1d12Ntgh6ipump","","","","","","","","","","","","","","","","","","","","","","","","","","","","","","","","","","","","","","","","","","","","","","","","","","","","","6.388e-7","","","","","","2026-08-06T14:36:40.758Z",""
"CODY","CxNQSxoGWyAdxpKCo4mskZYKwgMbn4jSnkFVCuy43nBA","65","9","","","","","","","","","","","","","","","","","","","","","","","","","","","","","","","","","","","","","","","","","","","","","0.000002139","","","","","","0.000002051","2026-08-06T14:36:46.740Z","","","","","2026-08-06T14:37:58.843Z",""
"PIPEFROG","E7nRn3fLwLjEhxiFKByQh7U1eEAuKgSSbB2HGXKxpump","","","","","","","","","","","","","","","","","","","","","","","","","","","","","","","","","","","","","","","","","","","","","","","","","","","","","6.753e-7","","","","","","2026-08-06T14:36:46.782Z",""
"BLAINF","GhkKsdnfgDFYFWejxxnQzQ2fk8jZXUKcfRSdiDfkpump","","","","","","","","","","","","","","","","","","","","","","","","","","","","","","","","","","","","","","","","","","","","","","","","","","","","","3.269e-7","","","","","","2026-08-06T14:36:52.731Z",""
"EAR","7UDuyY8yiazfFksvkyXSiaff89hhvwZcvKghegfWpump","","","","","","","","","","","","","","","","","","","","","","","","","","","","","","","","","","","","","","","","","","","","","","","","","","","","","9.387e-7","","","","","","2026-08-06T14:37:40.794Z",""
"EAR","3d3J9DGzFbReTDv44NLZqxMw3q9AJvX7waRjrHpopump","66","0.1","","","","","","","0","0","-91.5","","","0","0","582","0.1","0","0","1","0","0","4369.73","3","50.08","50.08","0.619","0.619","112","","0","0","1","0","0","","","","","","","","","","","","0.000004369","0.000004369","","","","","","2026-08-06T14:37:58.792Z","2026-08-06T14:39:04.627Z","","","","",""
"VOLGRE","998mG2vDL3hW7DiYpRag5qBsZVKDy8HqB2NQbgCEpump","64","0.90004938","","","","","","","","","","","","","","","","","","","","","","","","","","","","","","","","","","","","","","","","","","","","","0.000002326","","","","","","","2026-08-06T14:38:10.856Z","","","","","",""
"Note","EwUpkAyoaBeJcYMQpgVZV7Njb6GEmMudpTY1Gxe5pump","55","5","","","","","","","","","","","","","","","","","","","","","","","","","","","","","","","","","","","","","","","","","","","","","0.000002153","","","","","","","2026-08-06T14:38:10.934Z","","","","","",""
"TANISHE","2XpKJ6gxby1aiRTFC5pVfAZmuh9mNXxKmBpacZcEpump","57","2","","","","","","","","","","","","","","","","","","","","","","","","","","","","","","","","","","","","","","","","","","","","","0.000002867","","","","","","","2026-08-06T14:38:28.867Z","","","","","",""
"BLUEBUCK","3nGdDcCUFagNcT7ZproGQTCUAS8L8tnLYnWKiDxXGxdT","57","4","","","","","","","","","","","","","","","","","","","","","","","","","","","","","","","","","","","","","","","","","","","","","0.000004582","","","","","","","2026-08-06T14:38:40.742Z","","","","","",""
"EAR","kNGnpQ5ikeMBbkS5p5puNsXNbGjSz8XuqkzY1WUpump","","","","","","","","","","","","","","","","","","","","","","","","","","","","","","","","","","","","","","","","","","","","","","","","","","","","","2e-7","","","","","","2026-08-06T14:38:40.804Z",""
"EAR","BVS2CsDtUvovwQuBYsT9hcHsbeaF8Mcusoifchmpump","","","","","","","","","","","","","","","","","","","","","","","","","","","","","","","","","","","","","","","","","","","","","","","","","","","","","1.983e-7","","","","","","2026-08-06T14:38:58.719Z",""
"EAR","BEjJBcWFyvD8gVryE4emW9i3x12W2g26Z2Nniqqkpump","","","","","","","","","","","","","","","","","","","","","","","","","","","","","","","","","","","","","","","","","","","","","","","","","","","","","7.88e-8","","","","","","2026-08-06T14:38:58.750Z",""
"Grobie","9kxLiggUTVcYrtKvdipSY8jVgEEr39enZx2Zn3iXpump","63","2.962962961","","","","","","","0","0","-0.3","","","0","0","904","2.962962961","0","0","0","0","0","2061.02","3","491.88","491.88","0.625","0.625","-16.72","","0","0","1","0","0","","","","","","","","","","","","0.000002061","0.000002061","","","","","","2026-08-06T14:39:22.895Z","2026-08-06T14:40:22.540Z","","","","",""
"BF","3bKQpqCpVy1cFZbXiJuxvDBMdK3NnSYaRzjco6Etpump","","","","","","","","","","","","","","","","","","","","","","","","","","","","","","","","","","","","","","","","","","","","","","","","","","","","","2.168e-7","","","","","","2026-08-06T14:39:34.775Z",""
"EAR","FHK5KpHKraEeXEr1spmDsV7S8teWivxEZ6QpLTNGpump","59","0.1","","","","","","","","","","","","","","","0.1","0","2","1","0","0","4445.48","3","37.18","37.18","0.75","0.75","115","","0","0","1","0","0","","","","","","","","","","","","0.000004445","0.000004445","","","","","","2026-08-06T14:39:34.820Z","2026-08-06T14:40:46.936Z","","","","",""
"Fugazi","ASmRR4RVg74om8CtaG2cwJ3piJUiKUqn4sfYtQZjpump","57","2","","","","","","","","","","","","","","","","","","","","","","","","","","","","","","","","","","","","","","","","","","","","","0.000002054","","","","","","","2026-08-06T14:39:40.972Z","","","","","",""
"clog","Drtgv7rQDYVeAcVoAbAA9ujiUehUhYCxpLyWWhdNpump","63","3.083247688","","","","","","","19.4","56","-71.4","","","3.3","15.5","906","3.083247688","0","0","0","0","0","6034.29","3","5650.96","5650.96","0.654","0.654","142","","0","0","1","0","1","","","","","","","","","","","","0.00000445","0.000006034","","","","","","2026-08-06T14:39:40.998Z","2026-08-06T14:40:40.542Z","","","","",""
"何一的","24XDgSKkeT5KUmrS3hoVNytNetefY8ooQd8q985Spump","71","5","","","","","","","","","","","","","","","","","","","","","","","","","","","","","","","","","","","","","","","","","","","","","0.000002152","","","","","","","2026-08-06T14:39:46.792Z","","","","","",""
"PIPECAT","ErKUCx3hRR54G37m9gBtSaWEZuViwfrAfm5Ywurmpump","62","0.15002344","","","","","","","0","0","-0.2","","","-0.2","0","904","0.15002344","1","16","1","0","0","1253.98","3","187.11","187.11","0.625","0.625","-39.44","","0","0","1","0","0","","","","","","","","","","","","0.000001251","0.000001253","","","","","","2026-08-06T14:39:52.728Z","2026-08-06T14:40:52.540Z","","","","",""
"EAR","3PY8BW4Ka1ap8aSJQSBHCzc6Ld9FHyy9RHVy59Kmpump","91","19.753086418","","","","","","","","","","","","","","","","","","","","","","","","","","","","","","","","","","","","","","","","","","","","","0.000005743","","","","","","0.000003128","2026-08-06T14:39:58.867Z","","","","","2026-08-06T14:40:35.134Z",""
"何一的","4CLU2rEHSr5TExasKCR9kBByUKcF3qcek1NVdorDpump","58","2.2","","","","","","","","","","","","","","","2.2","0","0","0","0","0","2152.42","3","962.22","962.22","0.556","0.556","-8.88","","0","0","1","0","0","","","","","","","","","","","","0.000002152","0.000002152","","","","","","2026-08-06T14:39:58.978Z","2026-08-06T14:40:58.541Z","","","","",""
"FUSION","7zno5BeJLqtaUoBXCVJH3SnoKxZcJXW66S1m2Eirpump","57","1.97530864","","24.418","","","","","","","","","","","","","1.97530864","0","0","0","0","0","6250.85","3","3688.12","3688.12","0.688","0.688","168","","0","0","1","0","1","-14.704","","","","","","","","","","","0.000005759","0.00000625","","","0.000005331","","","2026-08-06T14:40:04.774Z","2026-08-06T14:41:04.649Z","","","2026-08-06T14:41:29.067Z","",""
"EAR","CwPYJauMAFBzVWVVgYwbpMc9wotzQhevnYrP3jDYpump","57","0.1","","","","","","","","","","","","","","","","","","","","","","","","","","","","","","","","","","","","","","","","","","","","","0.000001775","","","","","","0.000001044","2026-08-06T14:40:28.851Z","","","","","2026-08-06T14:41:16.800Z",""
"27","H8wD4R7HwhKKHaS8aexRs1YFi4bHWpfPHoVcCK42pump","65","5","","","","","","","","","","","","","","","","","","","","","","","","","","","","","","","","","","","","","","","","","","","","","0.000008797","","","","","","","2026-08-06T14:40:35.159Z","","","","","",""
"$wojak","DArbqrB2j8K7q5eeR1x5v1X2hnJYAvTYeaHYbCDbpump","55","0.098765431","","","","","","","","","","","","","","","","","","","","","","","","","","","","","","","","","","","","","","","","","","","","","0.000001596","","","","","","6.264e-7","2026-08-06T14:40:40.908Z","","","","","2026-08-06T14:41:28.733Z",""
"RJG","HtRsedRrZbJvCGmmfGQ1UmuT6ynzVvmTXgJq1P2QYq4s","80","3.950617282","","","","","","","","","","","","","","","","","","","","","","","","","","","","","","","","","","","","","","","","","","","","","0.000002091","","","","","","","2026-08-06T14:40:46.758Z","","","","","",""
"SS","YPc8YEQm5a9sG6tk8AsgM2KSCWopUgAvuoq81Lmpump","57","1.97530864","","","","","","","","","","","","","","","","","","","","","","","","","","","","","","","","","","","","","","","","","","","","","0.000002049","","","","","","","2026-08-06T14:40:52.820Z","","","","","",""
"PWB","JChKZ2SmTbaaqcJr1KMvPWE9YHP9AjgpuQRc5KE1pump","57","1.97530864","","","","","","","","","","","","","","","","","","","","","","","","","","","","","","","","","","","","","","","","","","","","","0.00000205","","","","","","","2026-08-06T14:40:58.926Z","","","","","",""
"Luck","79WMjQxKkoTBzv7oSiLfNCaqnJSxvaKgm1sAAkNupump","57","5","","","","","","","","","","","","","","","","","","","","","","","","","","","","","","","","","","","","","","","","","","","","","0.000002152","","","","","","","2026-08-06T14:41:16.749Z","","","","","",""
"EAR","4zQPsBNJaziR2ZJBbB6njBfBEMRY19e7QLvcQgqGpump","","","","","","","","","","","","","","","","","","","","","","","","","","","","","","","","","","","","","","","","","","","","","","","","","","","","","0.000001011","","","","","","2026-08-06T14:41:16.880Z",""
"EAR","Cjq3vq6zqLFig15mmbjK2AUHLiiQL8h4yNCNf4Wfpump","","","","","","","","","","","","","","","","","","","","","","","","","","","","","","","","","","","","","","","","","","","","","","","","","","","","","1.883e-7","","","","","","2026-08-06T14:41:52.736Z",""
"EAR","2JLuwXUysBsiJTMMpZG5SqovqA5mcQb9rEhfr19upump","","","","","","","","","","","","","","","","","","","","","","","","","","","","","","","","","","","","","","","","","","","","","","","","","","","","","8.212e-7","","","","","","2026-08-06T14:42:04.728Z",""
"evolution","8zy7zN3bGKpg8BJHgY1rjoSAwvnP1gDcBPDsjykrpump","57","1.97530864","","18.917","","","","","","","","","","","","","1.97530864","0","0","0","0","0","10595.46","3","9356.16","9356.16","0.678","0.678","355","","0","0","1","0","1","-80.19830028328612","","","","","","","","","","","0.00001037","0.00001059","","","0.000002097","","","2026-08-06T14:42:04.860Z","2026-08-06T14:43:04.527Z","","","2026-08-06T14:43:23.444Z","",""
"RJG","8pKssy8ehug6CkHwStvgJq9ckQ2QSBVEp9YZ4ymwpump","58","5","","","","","","","","","","","","","","","","","","","","","","","","","","","","","","","","","","","","","","","","","","","","","0.00000209","","","","","","","2026-08-06T14:42:10.746Z","","","","","",""
"ROGAGE","9sA1WE6Vt8JpEmMoyVWDbyFUAGD5dcZVt8wBfSxJpump","72","0.493827158","","","","","","","","","","","","","","","","","","","","","","","","","","","","","","","","","","","","","","","","","","","","","0.000001344","","","","","","6.644e-7","2026-08-06T14:42:16.743Z","","","","","2026-08-06T14:42:52.866Z",""
"EAR","5duAsrkozey7bw7qwJs7JKWzUTX4gJcoRMcqDtHFpump","","","","","","","","","","","","","","","","","","","","","","","","","","","","","","","","","","","","","","","","","","","","","","","","","","","","","2.455e-7","","","","","","2026-08-06T14:42:16.780Z",""
"SolTution","Fd3ejzJuWgq5JY4DxHadKYebarH621dN1qzLtBVNpump","70","5","","","","","","","","","","","","","","","","","","","","","","","","","","","","","","","","","","","","","","","","","","","","","0.000002051","","","","","","","2026-08-06T14:42:34.782Z","","","","","",""
"SLOWLY","778dsa2hBAqRmYFf8oytb2qvr6YS8tP81igGmRrxpump","","","","","","","","","0","0","-1.6","","","0","0","906","5","0","0","0","0","0","2090.36","3","754.82","754.82","0.667","0.667","-25.07","","0","0","1","0","0","","","","","","","","","","","","","0.00000209","","","","","","","2026-08-06T14:42:40.559Z","","","","",""
"EAR","5KD4ezKNVZyitoP9wHNSoM7QPJshf5Czn9Abjcr9pump","","","","","","","","","","","","","","","","","","","","","","","","","","","","","","","","","","","","","","","","","","","","","","","","","","","","","3.196e-7","","","","","","2026-08-06T14:42:46.786Z",""
"DAJJAL","H2GMYYUGYKPCx482WW16GuQGruzshFSdJG9Fa8B3pump","","","","","","","","","","","","","","","","","","","","","","","","","","","","","","","","","","","","","","","","","","","","","","","","","","","","","0.000001287","","","","","","2026-08-06T14:42:52.902Z",""
"PIPEPIG","GtFMQWBXUdVx5Hhn5QkdFZCsKVYwGASbddh7zAvnpump","61","0.15002344","","","","","","","0","0","-3.8","","","0","0","904","0.15002344","1","17","1","0","0","5893.12","3","143.99","143.99","0.543","0.543","185","","0","0","1","0","0","","","","","","","","","","","","0.000005888","0.000005893","","","","","","2026-08-06T14:42:53.378Z","2026-08-06T14:43:52.529Z","","","","",""
"PRIMED","7qgV1HC4DMBo85nWStqqZzwR4pWUHoH4mgKyQGoYpump","","","","","","","","","","","","","","","","","","","","","","","","","","","","","","","","","","","","","","","","","","","","","","","","","","","","","2.591e-7","","","","","","2026-08-06T14:43:16.821Z",""
"EAR","6CiNgs2x2UzReR8w1AAoWazzaFMvjWRudg5bU4Drpump","","","","","","","","","","","","","","","","","","","","","","","","","","","","","","","","","","","","","","","","","","","","","","","","","","","","","6.089e-7","","","","","","2026-08-06T14:43:22.714Z",""
"CONSTITUTION","8voRy4ButP8Z63QcPCQrqWMsi3HXGPMJR2uUn3capump","64","5","","","","","","","","","","","","","","","","","","","","","","","","","","","","","","","","","","","","","","","","","","","","","0.000002169","","","","","","","2026-08-06T14:43:22.885Z","","","","","",""
"Creature","Cc3jitm74GTNKmHRyyhtnjRkQiTEvJWfMNuBRt7Npump","61","3.5","","","","","","","","","","","","","","","","","","","","","","","","","","","","","","","","","","","","","","","","","","","","","0.000002154","","","","","","","2026-08-06T14:43:40.781Z","","","","","",""
"RWAs","E6ocEZHCtemRnYF5iDfTU23Cz1zrxVzTSzuvKoDJpump","56","3.5","","","","","","","","","","","","","","","","","","","","","","","","","","","","","","","","","","","","","","","","","","","","","0.000004112","","","","","","","2026-08-06T14:43:40.848Z","","","","","",""
"eeepy","EpXhZPa3cu3N9KB7DSo3h3otzfXxgRv2YJtmhwxCpump","63","3","","","","","","","","","","","","","","","","","","","","","","","","","","","","","","","","","","","","","","","","","","","","","0.000002169","","","","","","","2026-08-06T14:43:40.868Z","","","","","",""
"RJG","Ag9LoWRR6BSvwnssukY1sX9fuwuM8x3XZXuoH3sYpump","58","3","","","","","","","","","","","","","","","3","0","1","0","0","0","2052.18","3","440.5","440.5","0.556","0.556","-17.34","","0","0","1","0","0","","","","","","","","","","","","0.000002052","0.000002052","","","","","","2026-08-06T14:43:46.753Z","2026-08-06T14:44:46.540Z","","","","",""
"PVE","38cP9bnFEX7RyTQejXHSKr1nCbzTejoWXmBttHq2pump","67","4","","","","","","","","","","","","","","","","","","","","","","","","","","","","","","","","","","","","","","","","","","","","","0.000002173","","","","","","","2026-08-06T14:43:46.821Z","","","","","",""
"CONSTITUTION","6oKyRafCYQg32PmR6LYnL8y94fsRJm3MHhR1PibgdmeK","","","","","","","","","0","0","-1.7","","","0","0","904","5","0","4","0","0","0","2089.79","3","754.66","754.66","0.667","0.667","-25.08","","0","0","1","0","0","","","","","","","","","","","","","0.000002089","","","","","","","2026-08-06T14:43:52.636Z","","","","",""
"PVE","FxA7puXJ3hMQoVttPC1qpFL3JTFrXqwE49ddRL7Ppump","60","5","","","","","","","","","","","","","","","","","","","","","","","","","","","","","","","","","","","","","","","","","","","","","0.000002051","","","","","","","2026-08-06T14:43:52.773Z","","","","","",""
"FCWHUF","47v22XpJjebEn4z4worwMgSra5diJquho98Tekf7pump","64","5.003","","","","","","","","","","","","","","","","","","","","","","","","","","","","","","","","","","","","","","","","","","","","","0.000002154","","","","","","","2026-08-06T14:43:58.799Z","","","","","",""
"EAR","5cAx2jSKYmLCRvCiJ436YFd81eRPpEtEUf185fTNpump","84","9.876543208","","","","","","","","","","","","","","","","","","","","","","","","","","","","","","","","","","","","","","","","","","","","","0.00001031","","","","","","","2026-08-06T14:44:05.307Z","","","","","",""
"FCWRUFMHBT","Dp3U9gYEYRmEeeRCtoPvMiGgak1VSNFB5kkoHtG2pump","56","3","","","","","","","","","","","","","","","","","","","","","","","","","","","","","","","","","","","","","","","","","","","","","0.000002155","","","","","","","2026-08-06T14:44:10.799Z","","","","","",""
"FCWUUF","2FR4Ak7hosjuRBbZrFSLcyLZApvXrYZSfUnGEJYzpump","63","3","","","","","","","","","","","","","","","","","","","","","","","","","","","","","","","","","","","","","","","","","","","","","0.000002056","","","","","","","2026-08-06T14:44:22.750Z","","","","","",""
"Flatulence","ERV7TMxjS3kHtuhZ4i3raaUcY2wL9JqQj9K6GKeUpump","63","5","","","","","","","","","","","","","","","","","","","","","","","","","","","","","","","","","","","","","","","","","","","","","0.000002061","","","","","","","2026-08-06T14:44:22.777Z","","","","","",""
"$doraninj","2j1PgTsQQTEdtuNnqNEHaZQxtw9o6fsWjSnuySeVpump","","","","","","","","","","","","","","","","","","","","","","","","","","","","","","","","","","","","","","","","","","","","","","","","","","","","","1.784e-7","","","","","","2026-08-06T14:44:28.738Z",""
"PVE","CZyKRrPGKCrnaLigUBmMiNnFrML87RuNnkQMJrXopump","76","8","","","","","","","","","","","","","","","","","","","","","","","","","","","","","","","","","","","","","","","","","","","","","0.000002056","","","","","","","2026-08-06T14:44:34.756Z","","","","","",""
"POPN","Bc7qaLiPosWZehvzKTLFMVmgc6g8Sexh4KPYjEDdpump","57","1.97530864","","","","","","","","","","","","","","","","","","","","","","","","","","","","","","","","","","","","","","","","","","","","","0.000002544","","","","","","","2026-08-06T14:44:40.806Z","","","","","",""
"EAR","48HuVdcbrKK3hnsK24kPD6WczeB173AZTExZ1Qi3pump","84","9.876543208","","","","","","","","","","","","","","","","","","","","","","","","","","","","","","","","","","","","","","","","","","","","","0.000002238","","","","","","","2026-08-06T14:44:46.723Z","","","","","",""
"OnChain","BZqtPwN3Ajk2Jp1V1VU17vt6HtAvyNJvchzcKihKpump","63","3","","","","","","","","","","","","","","","","","","","","","","","","","","","","","","","","","","","","","","","","","","","","","0.000002056","","","","","","","2026-08-06T14:45:04.973Z","","","","","",""
"MAXIMUS","98ghb7Kx4EtS1x3QJCq5jp8Dqtpvi8Dy8wYbq12tpump","57","1.97530864","","","","","","","","","","","","","","","","","","","","","","","","","","","","","","","","","","","","","","","","","","","","","0.000002171","","","","","","","2026-08-06T14:45:05.008Z","","","","","",""
"CHAMON","231P2Rngkh4Mc2S1QPAvCossa8wZUhGjDo37VMbQpump","","","","","","","","","","","","","","","","","","","","","","","","","","","","","","","","","","","","","","","","","","","","","","","","","","","","","6.661e-7","","","","","","2026-08-06T14:45:11.014Z",""
"PVE","DwPcprm13jzaWn6WESb5xPexDNfGMSicnAZK3xuipump","68","5","","","","","","","","","","","","","","","","","","","","","","","","","","","","","","","","","","","","","","","","","","","","","0.000002172","","","","","","","2026-08-06T14:45:22.858Z","","","","","",""
"PVE","5yS1uN8AxGNjZSTmaEqwUuUwr3FCSjyEfMfpFXnPpump","63","4","","","","","","","","","","","","","","","","","","","","","","","","","","","","","","","","","","","","","","","","","","","","","0.000002158","","","","","","","2026-08-06T14:45:22.981Z","","","","","",""
"MOZUKU","A8rDQwhVrHp9bM7uyyUfXPk341uu7jQxZs12fUTrpump","74","6.222222221","","","","","","","190.1","882","0","","","7.6","169.6","902","6.222222221","0","0","0","0","0","3046.28","3","886.34","886.34","0.6","0.6","1.63","","0","0","1","0","0","","","","","","","","","","","","0.000002996","0.000003046","","","","","","2026-08-06T14:45:28.954Z","2026-08-06T14:46:34.537Z","","","","",""
"ICM","CgB5siGvJbdy6DJJzrxayZiZGZiQUjM7megkejoMpump","100","2.962962961","auto","","30.05","6.122","254.686","n/a","84.5","450","-27.1","yes","159","-4.7","93.6","910","2.962962961","1","1","0","0","0","3928.02","3","3093.89","3093.89","0.583","0.583","58.24","","0","0","1","0","1","","11.208383846252948","","45.91","61.71","TRAIL_STOP","yes","49.24","0.037848","","0.077412","0.000003237","0.000003928","0.0000039","0.000004368265317480816","","0.00000623","","2026-08-06T14:46:16.892Z","2026-08-06T14:47:16.541Z","2026-08-06T14:47:46.591Z","2026-08-06T14:47:52.713Z","","","2026-08-06T14:52:07.399Z"
"FARTCOIN","CQkMKi5qq7TtuDEiL9hB8G78iUidYszMwKHTpVubpump","80","4","","","","","","","","","","","","","","","","","","","","","","","","","","","","","","","","","","","","","","","","","","","","","0.000002056","","","","","","","2026-08-06T14:46:22.870Z","","","","","",""
"SOL","BdoW5Nwgcjm1U5f85NnkyGMMqDxqyo7cmYrfgHKkspq8","","","","","","","","","","","","","","","","","","","","","","","","","","","","","","","","","","","","","","","","","","","","","","","","","","","","","0.000002056","","","","","","2026-08-06T14:46:28.869Z",""
"CRIAGE","BAMCVafTnATCvuAyW77HykmZ2r5Y6LBMTAaf54iepump","61","0.493827158","","","","","","","","","","","","","","","","","","","","","","","","","","","","","","","","","","","","","","","","","","","","","0.00001044","","","","","","","2026-08-06T14:46:34.778Z","","","","","",""
"VOLJUG","9nKYaYYA38vAnFxcPYti1Goz6p5MWtZRfe7sekgppump","82","2.206617282","","","","","","","","","","","","","","","","","","","","","","","","","","","","","","","","","","","","","","","","","","","","","0.000002155","","","","","","6.313e-8","2026-08-06T14:46:40.813Z","","","","","2026-08-06T14:47:16.780Z",""
"FYP","45eT7X6sf2ajQctaExQHkHdbEG6u44C8mEmnUxhJpump","56","1.856790122","","","","","","","","","","","","","","","","","","","","","","","","","","","","","","","","","","","","","","","","","","","","","0.000002054","","","","","","","2026-08-06T14:46:46.806Z","","","","","",""
"Flatulence","3y2Dm7Gj4bjWt7KGcPnVnkwweCUTnUa61QSSe5W7pump","62","5","","","","","","","","","","","","","","","","","","","","","","","","","","","","","","","","","","","","","","","","","","","","","0.000002054","","","","","","","2026-08-06T14:47:04.837Z","","","","","",""
"HOLLOW","A1p2zMt1BGR7nVC9YaqCY6hPtmhU2eVH2eMhGs4Cpump","63","2.962962961","","","","","","","","","","","","","","","","","","","","","","","","","","","","","","","","","","","","","","","","","","","","","0.000002054","","","","","","","2026-08-06T14:47:10.716Z","","","","","",""
"PIPEASS","5SpBsEkDjHrr7FAfK68UWeWtj4rWaxdfNcHA9Cmzpump","60","0.15002344","","","","","","","","","","","","","","","","","","","","","","","","","","","","","","","","","","","","","","","","","","","","","0.000002442","","","","","","1.193e-7","2026-08-06T14:47:10.771Z","","","","","2026-08-06T14:47:47.203Z",""
"Ned","9o7UViCdVncpb98gP7A9vJPFNAxCxigtYoiC95EHpump","63","2.962962961","","","","","","","","","","","","","","","","","","","","","","","","","","","","","","","","","","","","","","","","","","","","","0.000002156","","","","","","","2026-08-06T14:47:34.710Z","","","","","",""
"carcat","DBu7yJsvN7eTL6sxj64Bwtpq9jf1L9uo6bqaHvngpump","66","4.938271603","","","","","","","","","","","","","","","","","","","","","","","","","","","","","","","","","","","","","","","","","","","","","0.000002094","","","","","","","2026-08-06T14:47:40.723Z","","","","","",""
"FRAUD","CJ3ELBLf8tuneMevFs1nM4DG7Qychmd7inTVKzTApump","67","5","","","","","","","","","","","","","","","","","","","","","","","","","","","","","","","","","","","","","","","","","","","","","0.00001344","","","","","","","2026-08-06T14:47:40.808Z","","","","","",""
"Sunny","4GLeM6Q7mhxP48fgg4QSUCjwHHXZbN9PE3gdv9Pxpump","57","1.97530864","","","","","","","","","","","","","","","","","","","","","","","","","","","","","","","","","","","","","","","","","","","","","0.000003399","","","","","","","2026-08-06T14:48:10.945Z","","","","","",""
"INUTELLIGENCE","5FBmhdtb5vjmJVLvEZKFz72aesWM36ynA81C3Yoepump","58","3","","","","","","","","","","","","","","","","","","","","","","","","","","","","","","","","","","","","","","","","","","","","","0.000002087","","","","","","","2026-08-06T14:48:28.968Z","","","","","",""
"ENERGY","9j31ZRYuqfLHCM6VJAgatqgz47JzqAN3UYjRdrxzpump","57","4","","","","","","","","","","","","","","","","","","","","","","","","","","","","","","","","","","","","","","","","","","","","","0.000002056","","","","","","","2026-08-06T14:48:46.829Z","","","","","",""
"Candlestick","BKm726bMMebN9jEDd8kj7b88RnpoTnFs5rsPoHZapump","63","3","","","","","","","","","","","","","","","","","","","","","","","","","","","","","","","","","","","","","","","","","","","","","0.000002156","","","","","","","2026-08-06T14:48:58.859Z","","","","","",""
"FRAUDCAT","Bd12UuiooXMKQUuq4UyPLmztapywDQAS84ughS6KKgFz","63","9","","","","","","","","","","","","","","","","","","","","","","","","","","","","","","","","","","","","","","","","","","","","","0.000002902","","","","","","","2026-08-06T14:49:10.746Z","","","","","",""
"FRAUD","735RGY31EaUTCcQeSZDyPwFGGiACyPWQ6MDM1zLUpump","66","4.938271603","","","","","","","","","","","","","","","","","","","","","","","","","","","","","","","","","","","","","","","","","","","","","0.000002054","","","","","","","2026-08-06T14:49:16.843Z","","","","","",""
"Msituni","AhgGrz831mShRbVMg56agc8TCibzyPKAMPhnDxx9pump","56","1.876543208","","","","","","","","","","","","","","","","","","","","","","","","","","","","","","","","","","","","","","","","","","","","","0.000002477","","","","","","","2026-08-06T14:49:23.026Z","","","","","",""
"Ledger","7HvuPCHZcN55r76Nk2RUrwXYQovbAeANqyxkUY9upump","61","4","","","","","","","","","","","","","","","","","","","","","","","","","","","","","","","","","","","","","","","","","","","","","0.000002157","","","","","","","2026-08-06T14:49:34.795Z","","","","","",""
"BullWork","BqPLeFQSYyqsa11jRwXzERsGNX8VexMoJaqRFAGGpump","75","8.888888887","","","","","","","","","","","","","","","","","","","","","","","","","","","","","","","","","","","","","","","","","","","","","0.000003356","","","","","","","2026-08-06T14:49:34.846Z","","","","","",""
"FRAUDCAT","EHY4VsUJBJiUFkdtip85unjUpyiHRb3wrAZXKDRhggUE","56","4","","","","","","","","","","","","","","","","","","","","","","","","","","","","","","","","","","","","","","","","","","","","","0.000002054","","","","","","","2026-08-06T14:49:34.925Z","","","","","",""
"IMG","HMRNfH8mREzztPxYXM3SLuDG34H7LcC2nyksBSYnTokb","","","","","","","","","","","","","","","","","","","","","","","","","","","","","","","","","","","","","","","","","","","","","","","","","","","","","0.000002332","","","","","","2026-08-06T14:49:46.848Z",""
"FRAUD","2MiKxJzVa8ywtgZB4YnUtpu8bSbvHrKKYTP7CbK3pump","73","6","","","","","","","","","","","","","","","","","","","","","","","","","","","","","","","","","","","","","","","","","","","","","0.000004798","","","","","","","2026-08-06T14:49:47.179Z","","","","","",""
"CODE","GSHmsFoqe8qbC8kFY2t4LKNKu4Bo8aVex4x3BTX4RVfk","","","","","","","","","","","","","","","","","","","","","","","","","","","","","","","","","","","","","","","","","","","","","","","","","","","","","0.000002053","","","","","","2026-08-06T14:49:58.725Z",""
"Tremps","gvyrDNP3w6z8kCAy42fPFBWutT9HG9ME9C9gpsopump","61","5","","","","","","","","","","","","","","","","","","","","","","","","","","","","","","","","","","","","","","","","","","","","","0.000002156","","","","","","","2026-08-06T14:50:04.800Z","","","","","",""
"GTA","HdqCaMYNtkL5krKAvUuYhWsScpMF3nGR4bNTBWZ9pump","56","5","","","","","","","","","","","","","","","","","","","","","","","","","","","","","","","","","","","","","","","","","","","","","0.000002157","","","","","","","2026-08-06T14:50:11.011Z","","","","","",""
"CTO","GMYauuKRj32BBzT7p2C6n6NZNY5FjJ9Ns5M39enMpump","77","4","","","","","","","","","","","","","","","","","","","","","","","","","","","","","","","","","","","","","","","","","","","","","0.000002347","","","","","","","2026-08-06T14:50:11.077Z","","","","","",""
"GTA","12nnPdDyNJSfXJuN8vZZpsEcw18pXZ48ZqKY7oPSpump","63","3","","","","","","","","","","","","","","","","","","","","","","","","","","","","","","","","","","","","","","","","","","","","","0.000002164","","","","","","","2026-08-06T14:50:11.294Z","","","","","",""
"$PUPPET","8fVjW3khCvHmjXhte6GJEHRJuH19vf9WvwmicrLupump","","","","","","","","","","","","","","","","","","","","","","","","","","","","","","","","","","","","","","","","","","","","","","","","","","","","","0.00000112","","","","","","2026-08-06T14:50:22.911Z",""
"NICHE","5j6p9uuUdtR5or6FjfJ1miLBcZ9Zi5dfXEEBorTApump","63","2.962962961","","","","","","","","","","","","","","","","","","","","","","","","","","","","","","","","","","","","","","","","","","","","","0.000002052","","","","","","","2026-08-06T14:50:28.752Z","","","","","",""
"HOLLOW","GaFo5bJD3MtskvvTjuZ6ZTgmGgyJDZ24PwzqWgW7pump","58","4.938271603","","","","","","","","","","","","","","","","","","","","","","","","","","","","","","","","","","","","","","","","","","","","","0.000002052","","","","","","","2026-08-06T14:50:47.311Z","","","","","",""
"PIPEBULL","7kXW7NgmASuQqoaKVtuy854qFi91tfViHBtTjrxXpump","","","","","","","","","","","","","","","","","","","","","","","","","","","","","","","","","","","","","","","","","","","","","","","","","","","","","3.948e-7","","","","","","2026-08-06T14:50:52.901Z",""
"SCRPIR","CH5mnUXqwwrjCpNVnWJNeX6TQxEagoMTPz52adcgpump","","","","","","","","","","","","","","","","","","","","","","","","","","","","","","","","","","","","","","","","","","","","","","","","","","","","","2.421e-7","","","","","","2026-08-06T14:50:59.175Z",""
"SAFE","9TwdsLHi71rpVudmjgvpE3DBoWMoek5VTcpxp68Xpump","64","4.938271603","","","","","","","","","","","","","","","","","","","","","","","","","","","","","","","","","","","","","","","","","","","","","0.000002921","","","","","","","2026-08-06T14:50:59.867Z","","","","","",""
"CRIMECAT","27nW5eSf99VtM76tCF5WJpDTcf69N5aUf7aMogmtpump","59","5","","","","","","","","","","","","","","","","","","","","","","","","","","","","","","","","","","","","","","","","","","","","","0.000003487","","","","","","","2026-08-06T14:51:10.924Z","","","","","",""
"Fraud","GUY5eCxEp5KuMgBJsekZ85o2rtaDiNTPLYfyq6Rypump","56","3","","","","","","","","","","","","","","","","","","","","","","","","","","","","","","","","","","","","","","","","","","","","","0.000002154","","","","","","","2026-08-06T14:51:16.740Z","","","","","",""
"Marmelux","7ryKpgZfKYdn2QjUjRc7nVrw7VVV1RYSJEuzPJpBpump","84","9.876543208","","","","","","","","","","","","","","","","","","","","","","","","","","","","","","","","","","","","","","","","","","","","","0.000009966","","","","","","","2026-08-06T14:51:28.743Z","","","","","",""
"FRAUDCAT","Ej2WeyBgueuTRx9QRmTFrzV7kHDjC8oN2LgXd6j8pump","63","4","","","","","","","","","","","","","","","","","","","","","","","","","","","","","","","","","","","","","","","","","","","","","0.000002281","","","","","","","2026-08-06T14:51:46.849Z","","","","","",""
"FUCK","UtjyGNru7SHdqaG4t52zugJcmZjhGZWL7msjrWKpump","63","3","","","","","","","","","","","","","","","","","","","","","","","","","","","","","","","","","","","","","","","","","","","","","0.000004073","","","","","","","2026-08-06T14:51:52.837Z","","","","","",""
"Marmelux","4R4SxKVPUYa7zhbSEJVUGQg8155q9Mx4VxWsQtiMpump","84","9.876543208","","","","","","","","","","","","","","","","","","","","","","","","","","","","","","","","","","","","","","","","","","","","","0.000002971","","","","","","","2026-08-06T14:51:58.773Z","","","","","",""
"Terafab","BJCPtpEUKmxN5iu9p4y3TRHo6hQi8Efcrj1SEuNFpump","59","4.938271603","","","","","","","","","","","","","","","4.938271603","0","6","0","0","0","2950.56","3","513.79","513.79","0.7","0.7","6.02","","0","0","1","0","0","","","","","","","","","","","","0.00000295","0.00000295","","","","","","2026-08-06T14:52:04.916Z","2026-08-06T14:53:10.632Z","","","","",""
"LEONIDA","Ft56LVErtmJgdBKznTqWBBwsrnySm6FjL1A1177qpump","56","4","","","","","","","","","","","","","","","","","","","","","","","","","","","","","","","","","","","","","","","","","","","","","0.000002051","","","","","","","2026-08-06T14:52:23.084Z","","","","","",""
"PIPEBULL","3xEdoj1mZvDjtjbfK5b322ZbHJkGRgLWepWHuYjTpump","58","0.15002344","","","","","","","","","","","","","","","","","","","","","","","","","","","","","","","","","","","","","","","","","","","","","0.000006943","","","","","","2.562e-7","2026-08-06T14:52:28.788Z","","","","","2026-08-06T14:53:05.009Z",""
"POB","2oFypFqHxs193BWWTn4Y1rqqJT1oXRZ7pon4YRJbpump","","","","","","","","","","","","","","","","","5","0","11","0","0","0","2092.93","3","755.74","755.74","0.667","0.667","-25.07","","0","0","1","0","0","","","","","","","","","","","","","0.000002092","","","","","","","2026-08-06T14:52:34.529Z","","","","",""
"Marmelux","EgoqawkKNbPZE6Qtao9KJVRsXyAcStgLoLCRhWQRpump","","","","","","","","","","","","","","","","","","","","","","","","","","","","","","","","","","","","","","","","","","","","","","","","","","","","","4.294e-7","","","","","","2026-08-06T14:52:34.813Z",""
"Marmelux","6JumfASiZawqGJ1V8Vmpw8nFgwyuuk5H18Ydu8Rrpump","","","","","","","","","","","","","","","","","","","","","","","","","","","","","","","","","","","","","","","","","","","","","","","","","","","","","5.951e-7","","","","","","2026-08-06T14:52:58.772Z",""
"LIKELY","F7qvf2qMdusiGBSCtow2EchJPa78eCoV7cwsbgLp1xXL","","","","","","","","","","","","","","","","","5","0","6","0","0","0","2792.88","3","406.09","406.09","0.667","0.667","0","","0","0","1","0","0","","","","","","","","","","","","","0.000002792","","","","","","","2026-08-06T14:53:46.513Z","","","","",""
"Marmelux","7yBGtMQV2WoiP4XFpUjA7Zj1aPLKZ8dqPErs55XNpump","","","","","","","","","","","","","","","","","","","","","","","","","","","","","","","","","","","","","","","","","","","","","","","","","","","","","1.387e-7","","","","","","2026-08-06T14:53:46.852Z",""
"FERVAN","J6MKcsuEp5wMrN7XiyTTUXrBSf6uJ3jpyGY8TKepump","","","","","","","","","","","","","","","","","","","","","","","","","","","","","","","","","","","","","","","","","","","","","","","","","","","","","1.397e-8","","","","","","2026-08-06T14:53:58.776Z",""
"bou","2jQCio9uZQtgkje3akD7hu4geQ4vLdbJ1PCnouCdpump","58","2.962962961","","","","","","","","","","","","","","","","","","","","","","","","","","","","","","","","","","","","","","","","","","","","","0.000002183","","","","","","","2026-08-06T14:54:04.970Z","","","","","",""
"Marmelux","GqHXBEiuThAg9ZixTgBkSDwdMvwo4oFzRfDqe4vcpump","","","","","","","","","","","","","","","","","","","","","","","","","","","","","","","","","","","","","","","","","","","","","","","","","","","","","4.861e-7","","","","","","2026-08-06T14:54:10.759Z",""
"ANSEMPIPE","36ChM2gk9v7BwVV1ysKjY5sJxcYURUD76YC3YsPbpump","","","","","","","","","","","","","","","","","","","","","","","","","","","","","","","","","","","","","","","","","","","","","","","","","","","","","1.759e-7","","","","","","2026-08-06T14:54:16.729Z",""
"MANGRE","GbiJcChvieZLzPSW51tQWi3EWfeU5XiMTGgkoCQVpump","","","","","","","","","","","","","","","","","","","","","","","","","","","","","","","","","","","","","","","","","","","","","","","","","","","","","0.000001172","","","","","","2026-08-06T14:54:34.727Z",""
"SCRBAN","3q575WTJL75yuKaswg7mRQVfMEtZcWgUTZrecRB7pump","","","","","","","","","","","","","","","","","","","","","","","","","","","","","","","","","","","","","","","","","","","","","","","","","","","","","2.607e-7","","","","","","2026-08-06T14:54:40.912Z",""
"Marmelux","B4eMFWPaCFVSf6vQZphDvC9Pmu4zvV1tewZmzX3Lpump","84","9.876543208","","","","","","","","","","","","","","","","","","","","","","","","","","","","","","","","","","","","","","","","","","","","","0.00001979","","","","","","","2026-08-06T14:54:46.880Z","","","","","",""
"FROKY","FbV36UP37SusBpqEv8aS3qo31hpVoNQ4D4pNVdQcpump","60","0.03145511","","","","","","","","","","","","","","","","","","","","","","","","","","","","","","","","","","","","","","","","","","","","","0.000004079","","","","","","","2026-08-06T14:54:52.740Z","","","","","",""
"$RealPepe","32zgVznKCV6a47wa11d8qeFzB1mWW7g39m9uLrPTpump","","","","","","","","","","","","","","","","","","","","","","","","","","","","","","","","","","","","","","","","","","","","","","","","","","","","","5.06e-8","","","","","","2026-08-06T14:55:22.963Z",""
"Terafap","CCtmBbQ2A5AVPGZ3NneHqz9G2HjLribbbgJTT7vzpump","61","5","","","","","","","","","","","","","","","","","","","","","","","","","","","","","","","","","","","","","","","","","","","","","0.000003042","","","","","","","2026-08-06T14:55:28.842Z","","","","","",""
"Marmelux","BUczHqtn8Uotc4657taJbmJNpe798v451LfeZorEpump","","","","","","","","","","","","","","","","","","","","","","","","","","","","","","","","","","","","","","","","","","","","","","","","","","","","","4.42e-7","","","","","","2026-08-06T14:55:46.756Z",""
"FLOWERS","Aif7g2h79cr9vZ1SqfMZUisdRnkyDEn5e72nmswupump","","","","","","","","","","","","","","","","","","","","","","","","","","","","","","","","","","","","","","","","","","","","","","","","","","","","","1.412e-7","","","","","","2026-08-06T14:55:52.815Z",""
"Marmelux","2keLfuNTsCvQ26uHNY56xocUvzCWBZZvm4uVBZkXpump","","","","","","","","","","","","","","","","","","","","","","","","","","","","","","","","","","","","","","","","","","","","","","","","","","","","","4.329e-7","","","","","","2026-08-06T14:55:59.545Z",""
"Marmelux","EKFVQzLWcyKih1HxtCXmsQfKcK6xVxxMBvKPnbjwpump","","","","","","","","","","","","","","","","","","","","","","","","","","","","","","","","","","","","","","","","","","","","","","","","","","","","","2.128e-7","","","","","","2026-08-06T14:56:10.993Z",""
"BINU","J93rvQRjAkFFmNAfUbj8D9sTer1mrSHE4SRjzQgrpump","59","2.370370368","","","","","","","","","","","","","","","","","","","","","","","","","","","","","","","","","","","","","","","","","","","","","0.000002155","","","","","","","2026-08-06T14:56:34.770Z","","","","","",""
"Zeus","4ShFaXnXruJGpx1dbWnZ9thyhCow8cfH2koHqLgTpump","79","8.888888888","","","","","","","","","","","","","","","","","","","","","","","","","","","","","","","","","","","","","","","","","","","","","0.00001133","","","","","","","2026-08-06T14:56:41.087Z","","","","","",""
"MrFrank","2WtJwqDto6EXkJHFjcTQafkrrQYNceTUwqAFeKVNpump","","","","","","","","","","","","","","","","","","","","","","","","","","","","","","","","","","","","","","","","","","","","","","","","","","","","","1.667e-7","","","","","","2026-08-06T14:56:46.729Z",""
"Zeus","2iWnRy6GxNiceGz57MeojuiUxRVuM82UkYqWmCN5CeHA","65","7","","","","","","","","","","","","","","","","","","","","","","","","","","","","","","","","","","","","","","","","","","","","","0.000002053","","","","","","","2026-08-06T14:56:52.798Z","","","","","",""
"Marmelux","8NXtbVxkf98ZpgV2NN4jyj6U5u1st1oAdqpEtSm2pump","","","","","","","","","","","","","","","","","","","","","","","","","","","","","","","","","","","","","","","","","","","","","","","","","","","","","0.000001727","","","","","","2026-08-06T14:56:52.905Z",""
"ANSEMPIPE","x6znjXYvmvkJC7igZfygW7PGDHEXucw5d1yxzyYpump","55","0.080012501","","","","","","","","","","","","","","","","","","","","","","","","","","","","","","","","","","","","","","","","","","","","","0.000003335","","","","","","7.045e-7","2026-08-06T14:56:58.861Z","","","","","2026-08-06T14:58:10.863Z",""
"REAP","5Wd599YrRFD5NEGkasaFe9WDD3xCLzAEjpjc46NNpump","","","","","","","","","","","","","","","","","","","","","","","","","","","","","","","","","","","","","","","","","","","","","","","","","","","","","3.9e-7","","","","","","2026-08-06T14:57:34.744Z",""
"HIPPO","5ck5EuXo71EVArDXyEiGi9Ku5yXE1eyohdwEDHDHpump","","","","","","","","","","","","","","","","","2.500390684","0","1","0","0","0","2409.19","3","183.57","183.57","1","1","0","","0","0","1","0","0","","","","","","","","","","","","","0.000002409","","","","","","","2026-08-06T14:57:46.538Z","","","","",""
"Brioche","H6Vnvnb3vjUZkQcV78hoifQQBKKtdPEdaWjU2d8xpump","","","","","","","","","","","","","","","","","","","","","","","","","","","","","","","","","","","","","","","","","","","","","","","","","","","","","2.323e-7","","","","","","2026-08-06T14:57:53.024Z",""
"MrFrank","7BLFXL3U5wPSGEEX8R6jpBvYiGfFkzvBwsbNY4tVpump","87","4.938271603","","","","","","","0","0","0","","","0","0","906","4.938271603","0","1","1","0","0","3517.79","3","1729.62","1729.62","0.615","0.615","26.35","","0","0","1","0","0","","","","","","","","","","","","0.000003517","0.000003517","","","","","","2026-08-06T14:58:04.857Z","2026-08-06T14:59:10.519Z","","","","",""
"ROGGRE","F6guELXYVYzdK9v4JKWvcZQafbTFR4o1oubAA88ppump","81","0.246913578","","","","","","","","","","","","","","","","","","","","","","","","","","","","","","","","","","","","","","","","","","","","","0.000003572","","","","","","","2026-08-06T14:58:04.909Z","","","","","",""
"SAVPIR","EDftrHPYt9tCzfoQhuiANSmYLC5XUEC71cPiGviopump","","","","","","","","","","","","","","","","","","","","","","","","","","","","","","","","","","","","","","","","","","","","","","","","","","","","","3.248e-7","","","","","","2026-08-06T14:58:10.799Z",""
"NUCAGE","3aKuQ7g1cp9TsF4Rtwwd85GtmSCqGAkfV52ap2NQpump","100","0.060009374","","","","","","","","","","","","","","","","","","","","","","","","","","","","","","","","","","","","","","","","","","","","","0.000001457","","","","","","0.000001032","2026-08-06T14:58:22.814Z","","","","","2026-08-06T14:59:58.728Z",""
"Brioche","B7TwtoEDV43Ah27p9NP97SVthAWyanVrhtFrvcsepump","","","","","","","","","","","","","","","","","","","","","","","","","","","","","","","","","","","","","","","","","","","","","","","","","","","","","1.933e-7","","","","","","2026-08-06T14:58:34.746Z",""
"MrNigger","7zWB9xYwER9zpP5AB86ZQmyQX5QzbNWdBqKEjJC6pump","","","","","","","","","","","","","","","","","","","","","","","","","","","","","","","","","","","","","","","","","","","","","","","","","","","","","2.871e-8","","","","","","2026-08-06T14:58:46.714Z",""
"Brioche","Hpqxnt5DEQfqpxLx5Nv9DwbUbrMpVbnTsskhmczvpump","","","","","","","","","","","","","","","","","","","","","","","","","","","","","","","","","","","","","","","","","","","","","","","","","","","","","3.946e-7","","","","","","2026-08-06T14:58:52.800Z",""
"DEMONFLYINGFO","FKTbQG6qrfvhRJeHNCQmzVVUdpUp7dWpp5oeNCdepump","61","5","","","","","","","","","","","","","","","","","","","","","","","","","","","","","","","","","","","","","","","","","","","","","0.000002157","","","","","","","2026-08-06T14:58:59.085Z","","","","","",""
"Abu","Coi8U8V7CMu2LfpgBhjEyTDGh5sPoknqXKfmUcFypump","100","6.913580245","","","","","","","","","","","","","","","","","","","","","","","","","","","","","","","","","","","","","","","","","","","","","0.000002257","","","","","","","2026-08-06T14:59:05.004Z","","","","","",""
"DEMONFLYINGFO","Ftv7hFEweucUMde9hGEiXvBZA5iTHMwqLfmD1E36pump","67","5","","","","","","","","","","","","","","","","","","","","","","","","","","","","","","","","","","","","","","","","","","","","","0.000002094","","","","","","","2026-08-06T14:59:05.111Z","","","","","",""
"DEMONFLYINGFO","EJTHxiBTLTbjM4MQxKLryaoLNCM9GjLq32qEeLsRpump","71","5","","","","","","","","","","","","","","","","","","","","","","","","","","","","","","","","","","","","","","","","","","","","","0.000002157","","","","","","","2026-08-06T14:59:17.905Z","","","","","",""
"SOD","5y767mG8szfa5V7jxx6wYN9KCFb18EjfQ3MFCGmEpump","77","7.901234566","","","","","","","","","","","","","","","","","","","","","","","","","","","","","","","","","","","","","","","","","","","","","0.00001395","","","","","","","2026-08-06T14:59:22.829Z","","","","","",""
"Brioche","E7a7ZSup7zKwwM8Zjve6ooHRZxnPG8QF76Z36ExVpump","","","","","","","","","","","","","","","","","","","","","","","","","","","","","","","","","","","","","","","","","","","","","","","","","","","","","2.492e-7","","","","","","2026-08-06T14:59:34.739Z",""
"D","83d2REicEJWGd9FcCvZFtHiFSZyr1sz22cNSakM2pump","55","1.7","","","","","","","","","","","","","","","","","","","","","","","","","","","","","","","","","","","","","","","","","","","","","0.000002054","","","","","","","2026-08-06T14:59:34.783Z","","","","","",""
"HA$KELL","C92dSfys5hJFLVX6nbnurxvpAGbLGxG9Ax1Lq86dpump","96","0.060009374","","","","","","","","","","","","","","","","","","","","","","","","","","","","","","","","","","","","","","","","","","","","","0.000008616","","","","","","7.644e-7","2026-08-06T14:59:34.810Z","","","","","2026-08-06T15:00:59.206Z",""
"DOGBOARD","B7pwUwf67riMjeEaL1bmHuY6HAZhLDuVBeo9mmXqsDMQ","58","5","","","","","","","","","","","","","","","","","","","","","","","","","","","","","","","","","","","","","","","","","","","","","0.000002054","","","","","","","2026-08-06T14:59:40.717Z","","","","","",""
"TERAFAB","CwdngAW7poVyyuuZizTa7B5JhLyK3stCSdRse42Qpump","57","2","","","","","","","","","","","","","","","","","","","","","","","","","","","","","","","","","","","","","","","","","","","","","0.000002157","","","","","","","2026-08-06T14:59:40.743Z","","","","","",""
"D","9K3m9ySnPejFsrwKDXnxDezmzHz6BdFnqgM53GjBBqDD","57","7","","24.603","","","","","","","","","","","","","7","0","23","0","0","0","2332.24","3","1173.25","1173.25","0.667","0.667","-25.35","","0","0","1","0","0","-11.921097770154363","","","","","","","","","","","0.000002054","0.000002332","","","0.000002054","","","2026-08-06T15:00:17.064Z","2026-08-06T14:59:52.491Z","","","2026-08-06T15:00:17.094Z","",""
"FLOWERS","DXAxDYQGFuW2FxRbHSaNw9p2q1UFiXb31NtZ6Foppump","","","","","","","","","","","","","","","","","","","","","","","","","","","","","","","","","","","","","","","","","","","","","","","","","","","","","6.266e-7","","","","","","2026-08-06T14:59:53.198Z",""
"ONBOARD","AjBdAJbqM3kSPbaymiDBAzoZNnhVkPJCzGf435Fapump","59","2.194785183","","","","","","","","","","","","","","","","","","","","","","","","","","","","","","","","","","","","","","","","","","","","","0.000002156","","","","","","","2026-08-06T15:00:11.037Z","","","","","",""
"ONBOARD","DJ3zq1eck4yBuCxXdpHvq81Cp5Bvi2uZxxgZcdqYpump","58","3","","","","","","","","","","","","","","","","","","","","","","","","","","","","","","","","","","","","","","","","","","","","","0.000002156","","","","","","","2026-08-06T15:00:17.173Z","","","","","",""
"METALINU","CVA3aSG97Rc4rxUdjtBoN3EQDzadFHxqwovrMBdQpump","56","2.962962961","","","","","","","","","","","","","","","","","","","","","","","","","","","","","","","","","","","","","","","","","","","","","0.000002122","","","","","","","2026-08-06T15:01:11.620Z","","","","","",""
"Blacksem","8xN7ehN3QmYqdHwMRN3QY8cdFYMBJuWrRtyrTw4rpump","","","","","","","","","0","0","-12","","","-12","0","904","0.059259258","0","1","1","0","0","2333.56","3","153.83","153.83","0.667","0.667","13.12","","0","0","1","0","0","","","","","","","","","","","","","0.000002333","","","","","","","2026-08-06T15:01:22.485Z","","","","",""
"Abu","FgizpWpaJnsS37qZ6AhbuBHR1FstiwJvEPvq3c78pump","99","6.913580245","","","","","","","","","","","","","","","","","","","","","","","","","","","","","","","","","","","","","","","","","","","","","0.000002082","","","","","","","2026-08-06T15:01:28.734Z","","","","","",""
"SIAMESE","DHH4T9tSevVv7dChbgyXoqGwGrUmkXAS1eanpH9epump","72","0.888888887","","","","","","","260","20","-97.2","","","260","0","140","0.888888887","0","1","1","0","0","6031.02","3","529.56","529.56","0.733","0.733","177","","0","0","1","0","0","","","","","","","","","","","","0.000004231","0.000006031","","","","","","2026-08-06T15:01:41.001Z","2026-08-06T15:02:46.545Z","","","","",""
"SUMMER","DgR61wMT8Rf2AW9gPh6ViscjKzuRHzu538wsryTKpump","57","1.97530864","","","","","","","","","","","","","","","","","","","","","","","","","","","","","","","","","","","","","","","","","","","","","0.000005162","","","","","","","2026-08-06T15:01:41.040Z","","","","","",""
"GIGANECK","3ktBSoMxA1Z2HGqQvFQtz4QdNNLnguvG1uZf8WNNpump","75","6.913580245","","","","","","","","","","","","","","","","","","","","","","","","","","","","","","","","","","","","","","","","","","","","","0.000003075","","","","","","","2026-08-06T15:01:47.329Z","","","","","",""
"KIO","FqoESPDVNsw5qHRAbB6Yqcaok1Q33eGq7V2unE9Tpump","61","5","","","","","","","","","","","","","","","","","","","","","","","","","","","","","","","","","","","","","","","","","","","","","0.000002157","","","","","","","2026-08-06T15:02:04.841Z","","","","","",""
"Abu","FKmQpbsfnvdXJ7rQYzX5AJkhm6sgp7Lk7YeS9BJKpump","97","6.913580245","","","","","","","","","","","","","","","","","","","","","","","","","","","","","","","","","","","","","","","","","","","","","0.000002187","","","","","","","2026-08-06T15:02:04.945Z","","","","","",""
"TERAFAB","DyFGUk4iGyLm3GaEArrfNGbNinHA7CFhvR2npijZpump","61","4","","","","","","","","","","","","","","","","","","","","","","","","","","","","","","","","","","","","","","","","","","","","","0.000002487","","","","","","","2026-08-06T15:02:22.986Z","","","","","",""
"WAMPUS⁠","Fe1oWTL3hspLQSEU939ZZ6b9r3JBjApfUWGEARTMpump","","","","","","","","","0","0","-1.9","","","0","0","910","5.003","0","3","0","0","0","2094.92","3","756.9","756.9","0.667","0.667","-25.09","","0","0","1","0","0","","","","","","","","","","","","","0.000002094","","","","","","","2026-08-06T15:02:46.702Z","","","","",""
"Kindia","81N2TxzF816aDhVM2tuHK37DwRrz38EeYEBhpL1ipump","57","1.97530864","","","","","","","","","","","","","","","","","","","","","","","","","","","","","","","","","","","","","","","","","","","","","0.000002059","","","","","","","2026-08-06T15:03:05.380Z","","","","","",""
"ALM","C8XWwupZ21HGd1dcktz87XLWkjS75oX2P2AKDsiJ2XtH","","","","","","","","","","","","","","","","","5","0","8","0","0","0","2095.49","3","756.62","756.62","0.667","0.667","-25.06","","0","0","1","0","0","","","","","","","","","","","","","0.000002095","","","","","","","2026-08-06T15:03:10.819Z","","","","",""
"FLOWERS","4DUudLCQiXBpbGJPZwXkrfc9fmyrsVog4Jdx2L4Upump","73","0.987654319","","","","","","","","","","","","","","","","","","","","","","","","","","","","","","","","","","","","","","","","","","","","","0.000007088","","","","","","","2026-08-06T15:03:10.904Z","","","","","",""
"UNHRAP","D3yPgfLA4A9GAFr73DY455BK6cFfvS1n4Aj7L3Wfpump","58","0.493827158","","","","","","","","","","","","","","","","","","","","","","","","","","","","","","","","","","","","","","","","","","","","","0.000005703","","","","","","","2026-08-06T15:03:28.821Z","","","","","",""
"Willy","AmUbTnb3FqPAWe5QpULjKonT9xS6FwcQTqJFaExbpump","74","4","","","","","","","","","","","","","","","","","","","","","","","","","","","","","","","","","","","","","","","","","","","","","0.000002188","","","","","","","2026-08-06T15:03:28.897Z","","","","","",""
"Terafap","GgENTyNpFNrjiaDJhA3k6H3djfEbqZ6zmpFJKWvEWMSp","77","3.950617282","","","","","","","","","","","","","","","","","","","","","","","","","","","","","","","","","","","","","","","","","","","","","0.000002157","","","","","","","2026-08-06T15:03:58.775Z","","","","","",""
"TERAFAB","Cd4ppyPUixpcewaXYSsnuRGk3ty3UqgSPLBvm7Mzpump","67","3.950617282","","","","","","","","","","","","","","","","","","","","","","","","","","","","","","","","","","","","","","","","","","","","","0.000002644","","","","","","","2026-08-06T15:04:28.816Z","","","","","",""
"TERAFAB","Czfk9Ya6FBLJvsNoiSe2AUQ7EQJCQndBR8HSeGPzpump","58","4.938271603","","","","","","","","","","","","","","","","","","","","","","","","","","","","","","","","","","","","","","","","","","","","","0.000002157","","","","","","","2026-08-06T15:04:28.871Z","","","","","",""
"Terafab","8C9VhLaLyNe1M7BP1T8Urivn16rLiNy7oHci7vV5mBtR","","","","","","","","","","","","","","","","","","","","","","","","","","","","","","","","","","","","","","","","","","","","","","","","","","","","","0.000002343","","","","","","2026-08-06T15:04:28.913Z",""
"TERAFAB","AMgDL2ZvC7UKStPrUf67uwydiGjGFSFXQghb5P1jHtow","59","8","","","","","","","","","","","","","","","","","","","","","","","","","","","","","","","","","","","","","","","","","","","","","0.000002157","","","","","","","2026-08-06T15:04:34.840Z","","","","","",""
"FLOWERS","AGjVH6Y6upHESJFPNNxFUv551kw5WxEhVv9Y3168pump","","","","","","","","","","","","","","","","","","","","","","","","","","","","","","","","","","","","","","","","","","","","","","","","","","","","","3.006e-8","","","","","","2026-08-06T15:04:40.781Z",""
"CRIAGE","DhNXYPq1nB449bQU3hsTBXxYoioaf5cYKKSsyegwpump","58","0.493827158","","","","","","","","","","","","","","","","","","","","","","","","","","","","","","","","","","","","","","","","","","","","","0.000002242","","","","","","","2026-08-06T15:04:46.855Z","","","","","",""
"Painting","G1nz36VTh7CMCgjNwMqSzjdgth5Qr7cU9Z27RZE3pump","59","4","","","","","","","","","","","","","","","","","","","","","","","","","","","","","","","","","","","","","","","","","","","","","0.000002054","","","","","","","2026-08-06T15:04:53.065Z","","","","","",""
"TERAFAB","97eyCWJuZiUkgRPhxzs5brtRjA2YMYqpTGN2U2HNpump","55","5","","","","","","","","","","","","","","","","","","","","","","","","","","","","","","","","","","","","","","","","","","","","","0.000002156","","","","","","","2026-08-06T15:04:58.901Z","","","","","",""
"$DUKE","FsnTngY3iQGqdagHi6eozP58tRiqLaCXeH7iZLm7pump","","","","","","","","","","","","","","","","","","","","","","","","","","","","","","","","","","","","","","","","","","","","","","","","","","","","","2.881e-7","","","","","","2026-08-06T15:05:10.936Z",""
"Oscar","7GDbmeY9UmJ1vPYuPsvE5oh1FMu9WJET797QoQYzpump","56","3","","","","","","","","","","","","","","","","","","","","","","","","","","","","","","","","","","","","","","","","","","","","","0.000002156","","","","","","","2026-08-06T15:05:10.976Z","","","","","",""
"TERAFAP","CFRkx8wmMH7JRLDBRKYsHNU9yS6umtXvAAAmn38vkygb","74","3.950617282","","","","","","","","","","","","","","","","","","","","","","","","","","","","","","","","","","","","","","","","","","","","","0.000002169","","","","","","","2026-08-06T15:05:11.462Z","","","","","",""
"Zeus","HT1cZWC6qsj7YdQjKNNFGUwbvNBxafSfP1ADHuDFpump","70","4.938271603","","","","","","","","","","","","","","","","","","","","","","","","","","","","","","","","","","","","","","","","","","","","","0.00000206","","","","","","","2026-08-06T15:05:16.876Z","","","","","",""
"G&G","B3GpgVu2LVYJK6EDm18eUDoqzjJt1t9wtdnsyWgSHKM7","57","7","","","","","","","","","","","","","","","7","0","24","0","0","0","2094.92","3","1075.63","1075.63","0.6","0.6","-32.95","","0","0","1","0","0","","","","","","","","","","","","0.000002094","0.000002094","","","","","","2026-08-06T15:05:16.922Z","2026-08-06T15:06:22.539Z","","","","",""
"gamelon","9mwZmhjfAMH7k32db69tcngP7wx6EYLP6Y5vuV4Tf3SU","","","","","","","","","","","","","","","","","","","","","","","","","","","","","","","","","","","","","","","","","","","","","","","","","","","","","0.000002067","","","","","","2026-08-06T15:05:17.157Z",""
"FANG","HijfBtauUGPykiadGGvXb5URFLcDaAZd2o9yNDJgpump","60","5","","","","","","","","","","","","","","","","","","","","","","","","","","","","","","","","","","","","","","","","","","","","","0.000002053","","","","","","","2026-08-06T15:05:46.780Z","","","","","",""
"CUH","4smGu1qZHvXPEzAXZ8r9THb8FTXPZ5SBhxfhMCfipump","73","5.925925924","","","","","","","40.9","414","-60.4","","","-5.2","48.6","904","5.925925924","0","0","0","0","0","17405.25","3","20519.31","20519.31","0.633","0.633","491","","0","0","1","0","1","","","","","","","","","","","","0.000008986","0.0000174","","","","","","2026-08-06T15:05:52.991Z","2026-08-06T15:06:52.565Z","","","","",""
"Terafab","HxWuuA8d2LDoFk57EV4nTj7fjTZYJmPcAN3ubVp6pump","55","5","","","","","","","","","","","","","","","","","","","","","","","","","","","","","","","","","","","","","","","","","","","","","0.000002156","","","","","","","2026-08-06T15:05:53.047Z","","","","","",""
"FLOWERS","CLjPMhsu1rvrTK4EoMZoyQjnDXExFnhLwvm8jg7Spump","79","1.97530864","","","","","","","","","","","","","","","","","","","","","","","","","","","","","","","","","","","","","","","","","","","","","0.000002032","","","","","","","2026-08-06T15:05:53.078Z","","","","","",""
"CUH","2NfV1JHBfmK3LsGT6qbL4TCPmXHYsoFTLpEikFW3pump","73","5.925925924","","","","","","","0","0","-30.5","","","0","0","904","5.925925924","0","0","0","0","0","2960.19","3","665.85","665.85","0.625","0.625","0.5","","0","0","1","0","0","","","","","","","","","","","","0.00000296","0.00000296","","","","","","2026-08-06T15:05:53.110Z","2026-08-06T15:06:52.670Z","","","","",""
"eeepy","9RmE845xKmtfMYJ8971YBXeNezuig8nQSDj2We5Spump","63","2.962962961","","","","","","","","","","","","","","","","","","","","","","","","","","","","","","","","","","","","","","","","","","","","","0.000002254","","","","","","","2026-08-06T15:05:59.614Z","","","","","",""
"NATHAN","Egu2iZUcC3Ch6tjezBfmrpbtfQ8zry5GHyfidsPBpump","57","1.97530864","","","","","","","","","","","","","","","1.97530864","0","0","0","0","0","2335.18","3","455.2","455.2","0.588","0.588","0.08","","0","0","1","0","0","","","","","","","","","","","","0.000002335","0.000002335","","","","","","2026-08-06T15:06:28.743Z","2026-08-06T15:07:28.528Z","","","","",""
"VEGAS","9io615QjTmwe5Jzv9HMsEpwZFM9Zhu5WmfgSqiihdnSM","","","","","","","","","","","","","","","","","","","","","","","","","","","","","","","","","","","","","","","","","","","","","","","","","","","","","0.000002095","","","","","","2026-08-06T15:06:34.992Z",""
"boor","61YAzTR5RRfU11bbGK7S8XMKcL9zeR6MqkDHbdDmpump","59","5","","","","","","","","","","","","","","","","","","","","","","","","","","","","","","","","","","","","","","","","","","","","","0.000002054","","","","","","","2026-08-06T15:06:46.738Z","","","","","",""
"Murine","ETLLGWZgfzjB99W7yPzioQpkaASUcvHVwjfiuNnpump","80","5","","","","","","","","","","","","","","","","","","","","","","","","","","","","","","","","","","","","","","","","","","","","","0.000002163","","","","","","","2026-08-06T15:06:46.761Z","","","","","",""
"Terafab","UcrwbYyJz6eUiRUADVUoFjS7v1xYoxDSrpjg74Epump","59","4","","","","","","","","","","","","","","","","","","","","","","","","","","","","","","","","","","","","","","","","","","","","","0.000002155","","","","","","","2026-08-06T15:06:52.950Z","","","","","",""
"LUKE","EyW2s1Ya9iQSBGRU1BJQF3zTpPuqnszyWaWugLg7pump","58","5","","","","","","","","","","","","","","","","","","","","","","","","","","","","","","","","","","","","","","","","","","","","","0.000002075","","","","","","","2026-08-06T15:07:10.813Z","","","","","",""
"KIO","6wYZe31s61KRxkZ2gbCXBq11YdNLR89GyonfqPuvpump","57","5","","","","","","","","","","","","","","","5","0","8","0","0","0","2157.7","3","1377.07","1377.07","0.571","0.571","-22.82","","0","0","1","0","0","","","","","","","","","","","","0.000002157","0.000002157","","","","","","2026-08-06T15:07:22.785Z","2026-08-06T15:08:28.599Z","","","","",""
"WIN","66C9LrwwsByPXKvUPo5NdWDQCwij4ur6mB2M9yB5pump","87","17.777777776","auto","264.414","30.032","7.003","282.526","yes","18.5","240","-15","no","","-0.1","18.7","910","17.777777776","0","0","0","0","0","13788.16","3","25496.56","25496.56","0.69","0.69","165","","0","0","1","0","1","12.554426705370092","6.001626399251622","6.181792231599886","-3.85","11.8","BREAK_EVEN_SL","","","","","0.045456","0.00001267","0.00001378","0.00001376","0.000014607024117816874","0.00001551","0.00001435","","2026-08-06T15:07:34.787Z","2026-08-06T15:08:46.515Z","2026-08-06T15:09:16.547Z","2026-08-06T15:09:23.550Z","2026-08-06T15:13:10.929Z","","2026-08-06T15:14:06.076Z"
"SCIFI","967cevUziLyPzYTCoacPPKiuqUAwbEoRoZgzyXA8pump","57","4.938271603","","","","","","","","","","","","","","","4.938271603","0","8","0","0","0","2788.23","3","1054.91","1054.91","0.611","0.611","0.04","","0","0","1","0","0","","","","","","","","","","","","0.000002788","0.000002788","","","","","","2026-08-06T15:07:40.791Z","2026-08-06T15:08:53.152Z","","","","",""
"SIAMESE","CfVby1SogiACtZQhLJ5pkpEcpP9LtXLfPn12tmLvpump","65","0.493827159","","","","","","","726","204","-43.7","","","104.8","303.3","904","0.493827159","0","2","1","0","0","11056.66","3","1051.63","1051.63","0.63","0.63","421","","0","0","1","0","0","","","","","","","","","","","","0.00000445","0.00001105","","","","","","2026-08-06T15:07:47.085Z","2026-08-06T15:08:52.588Z","","","","",""
"PIGMYSTORY","CWtnywhdZ5e3RyGaKU7khspZ4ChmhVGbiZ63BP9XMDhS","61","9","","","","","","","","","","","","","","","","","","","","","","","","","","","","","","","","","","","","","","","","","","","","","0.000002166","","","","","","0.000002059","2026-08-06T15:08:10.821Z","","","","","2026-08-06T15:08:46.748Z",""
"EBOLA","8ePchEKY7QLhJBHuVCjkVz1oEGEGiUtAh3rNpgc6pump","","","","","","","","","","","","","","","","","","","","","","","","","","","","","","","","","","","","","","","","","","","","","","","","","","","","","6.994e-8","","","","","","2026-08-06T15:08:10.907Z",""
"K$I","7CNiwqKiWHKY1eHtzyzs4TiSV9KuX9caEhFcPQAgpump","","","","","","","","","","","","","","","","","","","","","","","","","","","","","","","","","","","","","","","","","","","","","","","","","","","","","0.000001231","","","","","","2026-08-06T15:08:28.829Z",""
"Joe ","87n4kGDsXfUauVhQZFzPQoTiNT1b4L9woqZztfn3hN1r","70","4.938271603","","","","","","","","","","","","","","","","","","","","","","","","","","","","","","","","","","","","","","","","","","","","","0.000002058","","","","","","","2026-08-06T15:08:34.719Z","","","","","",""
"Catru","EVSDGAqnNrd7VzQLf4mNDX8dtE1WFRXcgaUs79MHpump","","","","","","","","","","","","","","","","","","","","","","","","","","","","","","","","","","","","","","","","","","","","","","","","","","","","","2.596e-7","","","","","","2026-08-06T15:08:40.717Z",""
"DIETPEPSI","Bjar9JdNvDVnrsWK9dk87Ts6h3dNue3hqtAUtX9qpump","","","","","","","","","0","0","-1.9","","","0","0","904","5.003","0","4","0","0","0","2096.06","3","757.27","757.27","0.667","0.667","-25.07","","0","0","1","0","0","","","","","","","","","","","","","0.000002096","","","","","","","2026-08-06T15:08:52.845Z","","","","",""
"Cookie","FJgavdi3vCSJ9iFBgNy9DuvxHJZzYqff6UEPWjwEpump","63","1.000156273","","","","","","","","","","","","","","","","","","","","","","","","","","","","","","","","","","","","","","","","","","","","","0.000005539","","","","","","3.608e-7","2026-08-06T15:09:22.806Z","","","","","2026-08-06T15:09:58.766Z",""
"MCX","C1ajPxTxvGReDwQBW92T2o37cxTUhzEei2rDXwPmpump","94","50.007813719","","","","","","","0.3","48","-0.6","","","0.3","0","908","50.007813719","0","0","0","0","0","14694.06","3","3696.75","3696.75","0.857","0.857","0.38","","0","0","1","0","0","","","","","","","","","","","","0.00001466","0.00001469","","","","","","2026-08-06T15:09:22.882Z","2026-08-06T15:10:28.514Z","","","","",""
"TERAFAB","B33xkCb3Mg4vkuFzSvr5roHZwE9ro11nZAuDfK1apump","57","2","","","","","","","","","","","","","","","","","","","","","","","","","","","","","","","","","","","","","","","","","","","","","0.000002057","","","","","","","2026-08-06T15:09:40.852Z","","","","","",""
"VOLTAGE","4vFfRpDNoQERLD1Q4DC5FszAxk2ecKKokmKZsZ53pump","71","5","","","","","","","","","","","","","","","","","","","","","","","","","","","","","","","","","","","","","","","","","","","","","0.000007564","","","","","","","2026-08-06T15:09:53.141Z","","","","","",""
"remus","7FrvojTxNNmbXnnjvhrv3jm9Uq6s1FsVxafTyAxupump","61","0.200031254","","","","","","","","","","","","","","","","","","","","","","","","","","","","","","","","","","","","","","","","","","","","","0.000002063","","","","","","9.544e-8","2026-08-06T15:09:53.178Z","","","","","2026-08-06T15:11:04.938Z",""
"$FRANK","AJ2kzxBJzQ2LZmFypuvnLzisNZmaNinFMuk22kiGpump","68","0.250039066","","17.923","","","","","0","0","-93.1","","","","","10","0.250039066","0","0","1","0","0","15002.28","3","471.48","471.48","0.743","0.743","617","","0","0","1","0","0","-93.10000000000001","","","","","","","","","","","0.00001221","0.000015","","","0.000001035","","0.000001035","2026-08-06T15:10:16.802Z","2026-08-06T15:11:16.587Z","","","2026-08-06T15:11:34.510Z","2026-08-06T15:11:34.484Z",""
"EBOLA","D4mtNTSg3dbAwbicTs63khi8Cjdc6YXboKfefc5Vpump","","","","","","","","","","","","","","","","","","","","","","","","","","","","","","","","","","","","","","","","","","","","","","","","","","","","","4.809e-7","","","","","","2026-08-06T15:10:17.066Z",""
"Acf-Y","BPqvoGUL8HjXczSFFYcbMi3BKvt4mFa91FZ7ecp3pump","57","2.65","","","","","","","","","","","","","","","","","","","","","","","","","","","","","","","","","","","","","","","","","","","","","0.000002159","","","","","","","2026-08-06T15:10:17.100Z","","","","","",""
"COBALT","6ZdLJ7dSZdMeHxgGeZNKkZuvQ6wcEcP3nGTjW6jjZXEb","","","","","","","","","","","","","","","","","","","","","","","","","","","","","","","","","","","","","","","","","","","","","","","","","","","","","0.000002097","","","","","","2026-08-06T15:10:59.459Z",""
"COBALTINU","A8siRbhyMKVfEctwmwEMyNtRAoSbv2sHCb45eAG6m4ba","61","7","","","","","","","","","","","","","","","","","","","","","","","","","","","","","","","","","","","","","","","","","","","","","0.000002134","","","","","","","2026-08-06T15:11:04.907Z","","","","","",""
"FRAUD","9AxWNxvLT7wFw6X39QMhBpgghu52GY2JPzz3egCFpump","79","5","","","","","","","","","","","","","","","","","","","","","","","","","","","","","","","","","","","","","","","","","","","","","0.000002161","","","","","","","2026-08-06T15:11:40.911Z","","","","","",""
"EBOLA","GKKNu6YAbumHPfZEgNjDuWahvyjEQz2E5ut5M7wCpump","59","0.100015626","","","","","","","","","","","","","","","","","","","","","","","","","","","","","","","","","","","","","","","","","","","","","0.000001499","","","","","","0.000001078","2026-08-06T15:11:46.820Z","","","","","2026-08-06T15:12:22.767Z",""
"RAMPAGE","6C35gJ9amiH4MpBrVpHxPnMhjdVvSHhieqYPEYZJpump","72","4","","","","","","","","","","","","","","","","","","","","","","","","","","","","","","","","","","","","","","","","","","","","","0.000002161","","","","","","","2026-08-06T15:12:04.817Z","","","","","",""
"Brioche","DwY1ShgoPx29SisqattrV9hZpP5EeAN5ugFBkRGMpump","","","","","","","","","","","","","","","","","","","","","","","","","","","","","","","","","","","","","","","","","","","","","","","","","","","","","5.237e-7","","","","","","2026-08-06T15:12:10.771Z",""
"NEEGLON","Feb5tyP4i3P2bKvVBtYpNnVx6UZNWrFNQnn9enA9pump","57","5","","","","","","","","","","","","","","","","","","","","","","","","","","","","","","","","","","","","","","","","","","","","","0.000002109","","","","","","","2026-08-06T15:12:22.807Z","","","","","",""
"BREADROLL","HRykd9u8NJmgqqGc2VBMXMRPi2XHfxn7cqbBRXovpump","77","7.901234566","","","","","","","","","","","","","","","","","","","","","","","","","","","","","","","","","","","","","","","","","","","","","0.000003285","","","","","","","2026-08-06T15:12:52.852Z","","","","","",""
"SIBBELL","87NVbiDADxrPhwuyvn8zUCNKFa4vetVRCGYZE4ob4jyQ","66","4.938271603","","","","","","","","","","","","","","","","","","","","","","","","","","","","","","","","","","","","","","","","","","","","","0.00002312","","","","","","","2026-08-06T15:13:05.311Z","","","","","",""
"remus","4spxG2b4nfNWR78Xwo9mYZZi9BjM46Fa3zwWMhaqpump","","","","","","","","","","","","","","","","","","","","","","","","","","","","","","","","","","","","","","","","","","","","","","","","","","","","","1.387e-8","","","","","","2026-08-06T15:13:16.914Z",""
"Throb","7npt4xWuKcX5BSdCMbcr3TARUpRDZv4qJA6S32SPpump","55","2.370370368","","","","","","","","","","","","","","","","","","","","","","","","","","","","","","","","","","","","","","","","","","","","","0.000002124","","","","","","","2026-08-06T15:13:22.958Z","","","","","",""
"CATFISH","HnCjFE6p1Doi6kUALG2wGtiW318frbUU7bB148VUpump","57","1.97530864","","","","","","","","","","","","","","","","","","","","","","","","","","","","","","","","","","","","","","","","","","","","","0.000002598","","","","","","","2026-08-06T15:13:46.885Z","","","","","",""
"McKeever","5MEhAHMyCxf4B5CdeiywL3j6EDFX59GTGa9MxDVApump","55","5","","","","","","","","","","","","","","","","","","","","","","","","","","","","","","","","","","","","","","","","","","","","","0.00000216","","","","","","","2026-08-06T15:14:05.022Z","","","","","",""
"SIBBELL","3E6tnWwEpcaPqYv2FFcF1Lgo7WgJMQdFcFcDs4hepump","66","4.938271603","","","","","","","","","","","","","","","","","","","","","","","","","","","","","","","","","","","","","","","","","","","","","0.000002057","","","","","","","2026-08-06T15:14:05.153Z","","","","","",""
"SIBBELL","DowYwox3TBrKvsRi8AFSUrbAyhEgh9SzFNeJVsx9pump","59","5","","","","","","","","","","","","","","","","","","","","","","","","","","","","","","","","","","","","","","","","","","","","","0.000002056","","","","","","","2026-08-06T15:14:28.728Z","","","","","",""
"EBOLA","GSRcDYjSDBJTPSdKhsR8XcLJZhsdiVjetSiU6noPpump","","","","","","","","","","","","","","","","","","","","","","","","","","","","","","","","","","","","","","","","","","","","","","","","","","","","","1.968e-7","","","","","","2026-08-06T15:14:40.851Z",""
"SIBBELL","AHDe3s2TwyS4w9L5rq85qDyWnPgbbpSkQQpZwVfKpump","58","3.5","","","","","","","","","","","","","","","","","","","","","","","","","","","","","","","","","","","","","","","","","","","","","0.000002159","","","","","","","2026-08-06T15:15:04.823Z","","","","","",""
"CAT","ZNjfP4G613pqvYTNPGaCNDB3HnvZfTF8Las3Ka1pump","","","","","","","","","","","","","","","","","","","","","","","","","","","","","","","","","","","","","","","","","","","","","","","","","","","","","0.000002073","","","","","","2026-08-06T15:15:04.957Z",""
"BB","9NQKooS2TGrt2E2w92FV6t3QbzHwRTrW7kQYczn6pump","57","0.500078135","","","","","","","","","","","","","","","0.500078135","0","10","1","0","0","65358.74","3","2654.4","2654.4","0.568","0.568","2975","","0","0","1","0","0","","","","","","","","","","","","0.00003383","0.00006535","","","","","","2026-08-06T15:15:16.857Z","2026-08-06T15:16:16.529Z","","","","",""
"SIBEL","48gXz5bxJuWq2M35srovB6toN35GFxtEwLNRsW14pump","58","6","","","","","","","","","","","","","","","","","","","","","","","","","","","","","","","","","","","","","","","","","","","","","0.000002247","","","","","","","2026-08-06T15:15:22.708Z","","","","","",""
"PHAVAN","DzPW72REW2Dj8vxTsQV9zzDy7pJLqA3obtp2JHcGpump","68","0.250039066","","","","","","","0.6","362","0","","","0","0.6","902","0.250039066","0","0","1","0","0","3275.43","3","323.84","323.84","0.714","0.714","56.64","","0","0","1","0","0","","","","","","","","","","","","0.000003275","0.000003275","","","","","","2026-08-06T15:15:34.817Z","2026-08-06T15:16:34.533Z","","","","",""
"RABWAR","GCLdZY3c76QR5LH5sPDPXEQpBbbief5J598xrgmupump","","","","","","","","","","","","","","","","","","","","","","","","","","","","","","","","","","","","","","","","","","","","","","","","","","","","","4.606e-7","","","","","","2026-08-06T15:16:40.730Z",""
"BB","3FJAzUunsmwkMyDYxaxeAiXCCztvncafPW7XVcMNpump","","","","","","","","","","","","","","","","","","","","","","","","","","","","","","","","","","","","","","","","","","","","","","","","","","","","","7.296e-8","","","","","","2026-08-06T15:16:52.778Z",""
"TOMMY","DgiCUu6vbFavJtk9FRwP9paAeVwf2VtvbNTcBGvDpump","71","5","","","","","","","","","","","","","","","","","","","","","","","","","","","","","","","","","","","","","","","","","","","","","0.000002069","","","","","","","2026-08-06T15:17:16.858Z","","","","","",""
"FLAMINGO","CqpVzDUyQgS4Zm1UL84qnUvjYLyFpygNsTuMx5jmpump","","","","","","","","","","","","","","","","","","","","","","","","","","","","","","","","","","","","","","","","","","","","","","","","","","","","","9.031e-8","","","","","","2026-08-06T15:17:29.050Z",""
"CUH","9VWA6ujLr3Pa1ow8NzmB5yfXGCmrU7WYCanUupoPpump","","","","","","","","","","","","","","","","","","","","","","","","","","","","","","","","","","","","","","","","","","","","","","","","","","","","","3.124e-7","","","","","","2026-08-06T15:17:52.820Z",""
"FROG","36UEkEmGBmjpkk6pZaPsqQ8u9jBY6VbRCNeuRpybpump","57","2","","","","","","","","","","","","","","","","","","","","","","","","","","","","","","","","","","","","","","","","","","","","","0.000002109","","","","","","","2026-08-06T15:17:52.864Z","","","","","",""
"Lemonail","947kqVDuaqWxkiRrh9siFQ8kt6VdZncU7rhXTiUqpump","62","1.000156273","","","","","","","","","","","","","","","","","","","","","","","","","","","","","","","","","","","","","","","","","","","","","0.000005043","","","","","","2.085e-7","2026-08-06T15:18:10.810Z","","","","","2026-08-06T15:18:47.349Z",""
"Meatsack","9F69DGS7HqA7j5A2DLLPKhoZUR6Th7Zf6S9ECZoopump","58","3","","","","","","","","","","","","","","","","","","","","","","","","","","","","","","","","","","","","","","","","","","","","","0.000002056","","","","","","","2026-08-06T15:18:17.100Z","","","","","",""
"CUH","E348jGRFLtNyUSaySS9pbZfnxH2AS78AhZD5FEVtpump","","","","","","","","","","","","","","","","","","","","","","","","","","","","","","","","","","","","","","","","","","","","","","","","","","","","","3.987e-7","","","","","","2026-08-06T15:18:17.248Z",""
"SIBBELL","BYqrY5XsaC6qrQPD9ftXpoz5dKbntcfGGszbpkLTFgQb","65","3.5","","","","","","","","","","","","","","","","","","","","","","","","","","","","","","","","","","","","","","","","","","","","","0.000002159","","","","","","","2026-08-06T15:18:23.501Z","","","","","",""
"Ancient","gRixaDztgbVxRxkVfdcEsRzqpetwcVyXLU4dd9Npump","58","5","","","","","","","","","","","","","","","","","","","","","","","","","","","","","","","","","","","","","","","","","","","","","0.000002056","","","","","","","2026-08-06T15:18:23.650Z","","","","","",""
"TURJUG","FA2irubfFVZPqFekcNhap5AfGapAqxbpgWVf4dMEpump","","","","","","","","","","","","","","","","","","","","","","","","","","","","","","","","","","","","","","","","","","","","","","","","","","","","","6.596e-8","","","","","","2026-08-06T15:18:28.920Z",""
"CAGE","4v3GoUH24i64grXr18oY31YcbpQTXp8GekM3jtU1pump","58","5","","","","","","","","","","","","","","","","","","","","","","","","","","","","","","","","","","","","","","","","","","","","","0.000005836","","","","","","","2026-08-06T15:18:34.793Z","","","","","",""
"PANTS","FbJJ9XLZa7Nc5kNuLiSbqbafrbtkEYUMqbYtVeBFpump","60","4.938271603","","","","","","","","","","","","","","","","","","","","","","","","","","","","","","","","","","","","","","","","","","","","","0.000002159","","","","","","","2026-08-06T15:18:40.783Z","","","","","",""
"PANTS","Ez9GDPtCDpcjgvJ1SARzNjF4PG7koPZQxek5UnQjpump","62","4.938271603","","","","","","","","","","","","","","","","","","","","","","","","","","","","","","","","","","","","","","","","","","","","","0.000002056","","","","","","","2026-08-06T15:18:40.829Z","","","","","",""
"PANTS","CVkf4TqkVfL2dLy624bfbkGdqTEPsUR3GCa9JRKcpump","64","4.938271603","","","","","","","","","","","","","","","","","","","","","","","","","","","","","","","","","","","","","","","","","","","","","0.000002066","","","","","","","2026-08-06T15:18:40.886Z","","","","","",""
"PANTS","A5zgpeNJUDzX6L27vrZtJ6jNsdJsRqyKtWx5KKY8pump","61","4.938271603","","","","","","","","","","","","","","","","","","","","","","","","","","","","","","","","","","","","","","","","","","","","","0.000002056","","","","","","","2026-08-06T15:18:40.957Z","","","","","",""
"CUH","9rkMT2QRue1JxQuyLzT7rW6Be6cVERk5D2S77pr2pump","","","","","","","","","","","","","","","","","","","","","","","","","","","","","","","","","","","","","","","","","","","","","","","","","","","","","4.384e-7","","","","","","2026-08-06T15:18:52.784Z",""
"chimpbull","4ygCHAvHBBrK7otEykyWbvd4T2bDWhmt22XijniPpump","100","0.059259258","","","","","","","","","","","","","","","","","","","","","","","","","","","","","","","","","","","","","","","","","","","","","0.000001872","","","","","","","2026-08-06T15:18:52.831Z","","","","","",""
"wil","Hr5ARkQw4HGLexfa6f45rnVvDPk5Wmv2KWEBqekfpump","","","","","","","","","","","","","","","","","","","","","","","","","","","","","","","","","","","","","","","","","","","","","","","","","","","","","9.198e-7","","","","","","2026-08-06T15:19:04.743Z",""
"CUH","FVwGB7c3iKav2A4tz5uXYgVeY5VWAMFF7gMDPK4epump","","","","","","","","","","","","","","","","","","","","","","","","","","","","","","","","","","","","","","","","","","","","","","","","","","","","","2.252e-7","","","","","","2026-08-06T15:19:10.700Z",""
"computer","GNzQvZEuNMqyCs2ze4K78nvX5skg52mKwTaVhEYfS5F2","","","","","","","","","","","","","","","","","","","","","","","","","","","","","","","","","","","","","","","","","","","","","","","","","","","","","0.000002145","","","","","","2026-08-06T15:19:34.791Z",""
"COMPUTER","C58wr9t63mNvCMMdCDFiYNE5vBgKc25UnuwrY9XuwCd5","","","","","","","","","","","","","","","","","","","","","","","","","","","","","","","","","","","","","","","","","","","","","","","","","","","","","0.000002157","","","","","","2026-08-06T15:19:34.930Z",""
"COMPUTER","59gruhHSHd2yqE2u2ngYTk3xYTpH5jzmi1NfpH6qLE5","60","7","","","","","","","","","","","","","","","","","","","","","","","","","","","","","","","","","","","","","","","","","","","","","0.000002054","","","","","","","2026-08-06T15:19:34.957Z","","","","","",""
"EVERYTHING⁠","GHoqU43Mb2RmUe3RVm3yUSfBCZfBKGWvmdTUsdYGpump","57","5","","","","","","","","","","","","","","","","","","","","","","","","","","","","","","","","","","","","","","","","","","","","","0.000002054","","","","","","","2026-08-06T15:19:34.987Z","","","","","",""
"COMPUTER","8h8HpL3HYtKL3NW22DFq4vUtpfKfe1DRdDVeSWkPpump","57","4","","","","","","","","","","","","","","","","","","","","","","","","","","","","","","","","","","","","","","","","","","","","","0.000002054","","","","","","","2026-08-06T15:19:40.720Z","","","","","",""
"COMPUTER","hVDNQydmTr573aSq6zjFEMYDExTUBYATpUbbZ8Upump","67","5","","","","","","","","","","","","","","","","","","","","","","","","","","","","","","","","","","","","","","","","","","","","","0.000002157","","","","","","","2026-08-06T15:19:40.883Z","","","","","",""
"EIC","7W2NcorH3ThxBtKcS9Sy1GyUB2pKTkiF3Q56jarcpump","67","4","","","","","","","","","","","","","","","","","","","","","","","","","","","","","","","","","","","","","","","","","","","","","0.00000219","","","","","","","2026-08-06T15:19:40.925Z","","","","","",""
"CUH","GXSc83AxjapeqUDSDc6HfQRuSgHWmgv48jpW8rcvpump","90","19.753086418","","","","","","","","","","","","","","","","","","","","","","","","","","","","","","","","","","","","","","","","","","","","","0.00004381","","","","","","","2026-08-06T15:19:40.968Z","","","","","",""
"EIC","Bdwt2ab7Hn28AKswjNTEYVUftN8BSSR3MGZeL425pump","56","4.938271603","","","","","","","","","","","","","","","","","","","","","","","","","","","","","","","","","","","","","","","","","","","","","0.000002791","","","","","","","2026-08-06T15:19:46.740Z","","","","","",""
"COMPUTER","BThykUrVxDeGcn97Yq6Sbmfj17VxTh2uZNBCKcAKpump","60","5.003","","","","","","","","","","","","","","","","","","","","","","","","","","","","","","","","","","","","","","","","","","","","","0.000002054","","","","","","","2026-08-06T15:19:46.786Z","","","","","",""
"COMPUTER","B9Xu7a2o6LASn91YpKPGFvXhMW9Ek85gP1k33HvQpump","58","5","","","","","","","","","","","","","","","","","","","","","","","","","","","","","","","","","","","","","","","","","","","","","0.000002054","","","","","","","2026-08-06T15:19:52.727Z","","","","","",""
"Simulation","5TWeEaZGeB92Q472bBV9M5eUeRfhuRZPFxBuYxJ3pump","58","3","","","","","","","","","","","","","","","","","","","","","","","","","","","","","","","","","","","","","","","","","","","","","0.000002054","","","","","","","2026-08-06T15:19:52.786Z","","","","","",""
"CAT","7yhvc7BZHojQmAeuMq71bhHTN4fwbMpaZmzPzeKapump","77","9.876543208","","","","","","","","","","","","","","","","","","","","","","","","","","","","","","","","","","","","","","","","","","","","","0.00000235","","","","","","","2026-08-06T15:19:58.802Z","","","","","",""
"FF","3jsVTMNo3t24JuaYRJ8LddvD7LEo3qyuqr3TdaWrpump","70","2.000312547","","","","","","","","","","","","","","","","","","","","","","","","","","","","","","","","","","","","","","","","","","","","","0.000002336","","","","","","","2026-08-06T15:20:10.873Z","","","","","",""
"EIC","AkYrXUm2ve6G99ULLh6HdDsXhkPM4WKmHTpahZEhpump","63","2.962962961","","","","","","","","","","","","","","","","","","","","","","","","","","","","","","","","","","","","","","","","","","","","","0.000002052","","","","","","","2026-08-06T15:20:23.016Z","","","","","",""
"Yoda","AgKnH3g7WHJf4wzTrv1Ff143xTZWEYeFpwTZZAqVpump","63","3","","","","","","","","","","","","","","","","","","","","","","","","","","","","","","","","","","","","","","","","","","","","","0.000002156","","","","","","","2026-08-06T15:20:29.290Z","","","","","",""
"SKIDS","8Ke5xvVVstFNcr3TJVwF42Qjfr56kxVbZBjNxS7kpump","57","2","","","","","","","","","","","","","","","","","","","","","","","","","","","","","","","","","","","","","","","","","","","","","0.000002053","","","","","","","2026-08-06T15:20:29.326Z","","","","","",""
"CUH","184mKuyP8b65zQdr2vtCDTCD81mmiPhAKK5Cb64pump","83","9.876543208","","","","","","","0","0","0","","","0","0","906","9.876543208","4","136","1","0","0","2404.66","3","5682.6","5682.6","0.559","0.559","-33.74","","0","0","1","0","0","","","","","","","","","","","","0.000002404","0.000002404","","","","","","2026-08-06T15:20:34.861Z","2026-08-06T15:21:40.594Z","","","","",""
"NICHE","CCDmziLSTF4ygbCJuxnNB5g8NJAENowHo8FemLfNpump","61","2.65","","","","","","","","","","","","","","","","","","","","","","","","","","","","","","","","","","","","","","","","","","","","","0.000003198","","","","","","","2026-08-06T15:20:40.793Z","","","","","",""
"ORB","9N1RVvZLHQVeBrsjLeGapPNGifTHPGRc1Q22q4uwCmK6","99","4.938271603","","","","","","","","","","","","","","","","","","","","","","","","","","","","","","","","","","","","","","","","","","","","","0.000002155","","","","","","","2026-08-06T15:20:52.760Z","","","","","",""
"TripleM","5PLXvYBjhXHy8F8dtSHHQBuDtTV2GDPdsYRmajLfpump","57","5","","","","","","","","","","","","","","","","","","","","","","","","","","","","","","","","","","","","","","","","","","","","","0.000002132","","","","","","","2026-08-06T15:20:52.791Z","","","","","",""
"UFO","2hdrm22HCjoa3UQXzQmFLtwmuX5vHBHWKZLhyJVzpump","55","2.194785183","","","","","","","","","","","","","","","","","","","","","","","","","","","","","","","","","","","","","","","","","","","","","0.000002155","","","","","","","2026-08-06T15:21:04.863Z","","","","","",""
"TRIPLEM","FTYFakf2krt6NNiivL9WPQ2kXYRGcyis8hiZjhLGpump","","","","","","","","","","","","","","","","","","","","","","","","","","","","","","","","","","","","","","","","","","","","","","","","","","","","","0.000002052","","","","","","2026-08-06T15:21:04.887Z",""
"CUH","xmJcWYXbNR7of35juzwHNZJ688Ao5XSR5ZcSXhcpump","","","","","","","","","","","","","","","","","","","","","","","","","","","","","","","","","","","","","","","","","","","","","","","","","","","","","7.052e-7","","","","","","2026-08-06T15:21:05.224Z",""
"TRIPLEM","pEaUh9SzYhveYinZCQDuq4orPvEMGsBHWVXbvJspump","63","3","","","","","","","","","","","","","","","","","","","","","","","","","","","","","","","","","","","","","","","","","","","","","0.000002052","","","","","","","2026-08-06T15:21:10.897Z","","","","","",""
"s","Fe2UcKWqeqe9rnfsEiFvcppLyWvupMk83veVpka7pump","","","","","","","","","","","","","","","","","","","","","","","","","","","","","","","","","","","","","","","","","","","","","","","","","","","","","3.917e-8","","","","","","2026-08-06T15:21:16.988Z",""
"TripleM","SD6VpUSGWJWFjHU2bDHYaDFYkcQ52DToX9X3q5X87ud","","","","","","","","","","","","","","","","","","","","","","","","","","","","","","","","","","","","","","","","","","","","","","","","","","","","","0.00000233","","","","","","2026-08-06T15:21:22.904Z",""
"TripleM","HMXZfPwqLi9mSp4RaWYXP5LgiCpcGFsybvwvaEDBpump","57","5","","","","","","","","","","","","","","","","","","","","","","","","","","","","","","","","","","","","","","","","","","","","","0.000002052","","","","","","","2026-08-06T15:21:22.989Z","","","","","",""
"CUH","ESdzKRcCPnWo72AfUnaheNfy9f5iLUJkYzn2CDDPpump","83","9.876543208","","","","","","","","","","","","","","","","","","","","","","","","","","","","","","","","","","","","","","","","","","","","","0.000008722","","","","","","","2026-08-06T15:21:30.290Z","","","","","",""
"SADBULL","HqsWtfG6fnDFYMe2GwBvcVPt5Avgx8HVZjVemsztpump","58","2.962962961","","","","","","","","","","","","","","","2.962962961","0","1","0","0","0","4835.11","3","3577.08","3577.08","0.735","0.735","95.15","","0","0","1","0","1","","","","","","","","","","","","0.000002539","0.000004835","","","","","","2026-08-06T15:21:34.718Z","2026-08-06T15:22:40.522Z","","","","",""
"Opila","J9fx5CKdTUiW6MC5oovYemFpy1AXwqNqmSfFE6Nupump","57","1.97530864","","","","","","","","","","","","","","","1.97530864","0","0","0","0","0","3050.78","3","1414.27","1414.27","0.649","0.649","30.86","","0","0","1","0","0","","","","","","","","","","","","0.000002707","0.00000305","","","","","","2026-08-06T15:21:47.198Z","2026-08-06T15:22:46.501Z","","","","",""
"UNHRAP","7SohK85UBUAqMPh6n1CDq2d1gozfv1X4m4umBNtrpump","59","0.70010939","","","","","","","","","","","","","","","","","","","","","","","","","","","","","","","","","","","","","","","","","","","","","0.000002675","","","","","","4.795e-7","2026-08-06T15:21:52.776Z","","","","","2026-08-06T15:22:28.711Z",""
"CUH","AxrBSkEN5nAQqxU5jd8fb8YKLV479EpoDzKszJyUpump","","","","","","","","","","","","","","","","","","","","","","","","","","","","","","","","","","","","","","","","","","","","","","","","","","","","","9.983e-7","","","","","","2026-08-06T15:21:58.733Z",""
"DBLUP110","2xTaci526Q7TXikG8PiSwAJ21LHSeGVCvt9MJxL3pump","","","","","","","","","","","","","","","","","","","","","","","","","","","","","","","","","","","","","","","","","","","","","","","","","","","","","0.000001053","","","","","","2026-08-06T15:22:16.727Z",""
"CUH","8TNevRNeKmJAx5ecVNnDtjmNVNARfPwfCZwMTnCjpump","83","9.876543208","","","","","","","","","","","","","","","","","","","","","","","","","","","","","","","","","","","","","","","","","","","","","0.000002729","","","","","","","2026-08-06T15:22:22.794Z","","","","","",""
"TripleM","7ssNLTNNUjzmhVAPFGAB6REXf4YMfNXw9dRQBrGNpump","57","5","","","","","","","","","","","","","","","","","","","","","","","","","","","","","","","","","","","","","","","","","","","","","0.000002052","","","","","","","2026-08-06T15:22:46.860Z","","","","","",""
"CUH","4a2LZHn7A5phF7kRS2mh45ge3AZ8XdW6UKbPgxaFpump","76","5.925925924","","","","","","","","","","","","","","","","","","","","","","","","","","","","","","","","","","","","","","","","","","","","","0.000008856","","","","","","","2026-08-06T15:22:52.903Z","","","","","",""
"MMM","A1LRTLxEV5SRPThzhWLQLWgx96xtnJMUCwvHhf6kpump","57","5","","","","","","","","","","","","","","","5","0","9","0","0","0","2101.91","3","2031.22","2031.22","0.556","0.556","-24.75","","0","0","1","0","0","","","","","","","","","","","","0.000002101","0.000002101","","","","","","2026-08-06T15:23:16.928Z","2026-08-06T15:24:22.608Z","","","","",""
"CUH","DMLJm3XkdiBFsyeN3kRwSNm7jUo8JG7vV49YPe7Ppump","","","","","","","","","","","","","","","","","","","","","","","","","","","","","","","","","","","","","","","","","","","","","","","","","","","","","0.000001084","","","","","","2026-08-06T15:23:28.856Z",""
"UFO","D6Gk8GLXCBknLuGvhAfcSpKsDUgKZ9DTKZtQ3nNspump","57","5","","","","","","","","","","","","","","","","","","","","","","","","","","","","","","","","","","","","","","","","","","","","","0.000002052","","","","","","","2026-08-06T15:23:34.711Z","","","","","",""
"TripleM","HYYuj9vyJF5BrtYSmuJGJoYYHkiaM9NTzwqeoy3Gpump","62","3.75","","","","","","","","","","","","","","","","","","","","","","","","","","","","","","","","","","","","","","","","","","","","","0.000002154","","","","","","","2026-08-06T15:23:40.782Z","","","","","",""
"CUH","4no1mQtU1hnYXKZRhVD1kaomqk3XHvtsuDCjsDrmpump","","","","","","","","","","","","","","","","","","","","","","","","","","","","","","","","","","","","","","","","","","","","","","","","","","","","","0.000001013","","","","","","2026-08-06T15:23:46.721Z",""
"SAVWIZ","eHzmNecEZjpqWjcjpdM85KeDySCHnemuaKWta9tpump","","","","","","","","","","","","","","","","","","","","","","","","","","","","","","","","","","","","","","","","","","","","","","","","","","","","","6.854e-7","","","","","","2026-08-06T15:24:05.237Z",""
"CUH","2gcebf9ovLBWKNhSkx5jArMPLtU4vp9ZNMYf6L64pump","74","4.938271603","","","","","","","","","","","","","","","","","","","","","","","","","","","","","","","","","","","","","","","","","","","","","0.000005612","","","","","","","2026-08-06T15:24:16.795Z","","","","","",""
"Blob","9FHYV9Ywkxcp2fTZJ7xhKkGao3n4HjvKDFFsjxRpn7uu","57","4.938271603","","","","","","","","","","","","","","","","","","","","","","","","","","","","","","","","","","","","","","","","","","","","","0.000002094","","","","","","","2026-08-06T15:24:16.863Z","","","","","",""
"$LAST5","GNRpzYXYxNRoYd1PWXxNPG5SB6KCJ1ggNGJZKPnMpump","","","","","","","","","","","","","","","","","","","","","","","","","","","","","","","","","","","","","","","","","","","","","","","","","","","","","4.712e-7","","","","","","2026-08-06T15:24:17.234Z",""
"Gorilla ","2Fk7eovQsizoqdR8U8UkDGF8Vufi2JUwTRbZSjMupump","82","12.001200119","","","","","","","21.7","560","-46.9","","","-20.4","53","910","12.001200119","0","0","0","0","0","13172.89","3","23667.93","23667.93","0.625","0.625","228","","0","0","1","0","1","","","","","","","","","","","","0.0000102","0.00001317","","","","","","2026-08-06T15:24:46.750Z","2026-08-06T15:25:46.508Z","","","","",""
"FF","DvjCxhptfR5sycc9JmpJxZCQRULNLxs5Kdoa3B4Wpump","","","","","","","","","","","","","","","","","","","","","","","","","","","","","","","","","","","","","","","","","","","","","","","","","","","","","4.476e-7","","","","","","2026-08-06T15:24:46.817Z",""
"CUH","6faVKfkfjHe6tFbzpGzCDawHX8WwRS5jEeJeGHhxpump","","","","","","","","","","","","","","","","","","","","","","","","","","","","","","","","","","","","","","","","","","","","","","","","","","","","","5.11e-7","","","","","","2026-08-06T15:25:11.014Z",""
"EIC","D4TxoEtePaRWbC2NPRQBcpscHn2Ugj5bhuU8M4ctpump","63","4","","","","","","","","","","","","","","","","","","","","","","","","","","","","","","","","","","","","","","","","","","","","","0.000002054","","","","","","","2026-08-06T15:26:10.929Z","","","","","",""
"step","CD9xumo4jyJut36LsXmkPCgXxYwSqZ25Gb3xhEWB5Fzd","","","","","","","","","","","","","","","","","","","","","","","","","","","","","","","","","","","","","","","","","","","","","","","","","","","","","0.000002054","","","","","","2026-08-06T15:26:10.965Z",""
"STEP","Dw314TS1d7xQD5kMcYpWZXdt4eWYcuwRJWEwz5EJBFSK","","","","","","","","","","","","","","","","","","","","","","","","","","","","","","","","","","","","","","","","","","","","","","","","","","","","","0.000002157","","","","","","2026-08-06T15:26:10.991Z",""
"CONSCIOUSNESS","5X1Bj3ohBtidB44EJMKmoiQ8A6A1WQciaAfft1Vncx4S","56","7","","","","","","","","","","","","","","","","","","","","","","","","","","","","","","","","","","","","","","","","","","","","","0.000002333","","","","","","","2026-08-06T15:26:11.105Z","","","","","",""
"CONSCIOUSNESS","99wErY857eADbQG8MF3X93cMmgC5LsVCT7V4XAHXPLjU","56","7","","","","","","","","","","","","","","","","","","","","","","","","","","","","","","","","","","","","","","","","","","","","","0.000002054","","","","","","","2026-08-06T15:26:28.829Z","","","","","",""
"AMERICA","Afbr4KrqY1d3Zo4hTuGrnPmj5CF4vwpEP29p2oX3y6m3","97","4.938271603","","","","","","","","","","","","","","","","","","","","","","","","","","","","","","","","","","","","","","","","","","","","","0.000002064","","","","","","","2026-08-06T15:26:34.715Z","","","","","",""
"TSLA","GhJe5N8kAXhqFCU9jLtNZip61xg7uCvjvCxyxd1y6deN","","","","","","","","","","","","","","","","","","","","","","","","","","","","","","","","","","","","","","","","","","","","","","","","","","","","","0.000002333","","","","","","2026-08-06T15:26:40.707Z",""
"TSLA","DsSEmt7asNmJ3wRcz4B4CBfghUjCa34TfzBsJotjRzfB","","","","","","","","","","","","","","","","","","","","","","","","","","","","","","","","","","","","","","","","","","","","","","","","","","","","","0.000002112","","","","","","2026-08-06T15:26:40.751Z",""
"STONK⁠","5Rzn85rAdy1RgVZUoeTbQ2raMtFLNP9ZFrzLL2ukpump","","","","","","","","","","","","","","","","","","","","","","","","","","","","","","","","","","","","","","","","","","","","","","","","","","","","","0.000002053","","","","","","2026-08-06T15:26:40.781Z",""
"STONK","G7Yfmv9c4Do3UyD6C58gfTfJS2YBnfeC4XLEKDDA2VB","","","","","","","","","","","","","","","","","","","","","","","","","","","","","","","","","","","","","","","","","","","","","","","","","","","","","0.000002163","","","","","","2026-08-06T15:26:46.713Z",""
"STONK","7JxPurP8LzfUPpY7kBBqo83Z94c4J9AEuKWnQNMz3ZKL","","","","","","","","","","","","","","","","","","","","","","","","","","","","","","","","","","","","","","","","","","","","","","","","","","","","","0.000002053","","","","","","2026-08-06T15:26:46.781Z",""
"STONKCAT","BvRGXHddQwHXg1XoYtJ7rTgqBez57MKEv62GX2bvpump","59","5.003","","","","","","","","","","","","","","","","","","","","","","","","","","","","","","","","","","","","","","","","","","","","","0.000002053","","","","","","","2026-08-06T15:26:46.806Z","","","","","",""
"STONKS","HiHfjxL91Q3ShjLC5y9Q2HQMsSCjVNHN9xPcgHhk3hWu","","","","","","","","","","","","","","","","","","","","","","","","","","","","","","","","","","","","","","","","","","","","","","","","","","","","","0.000002057","","","","","","2026-08-06T15:26:52.790Z",""
"STONK","BWT7sKh2rDn6WDGye6XXBh1QA9eB8QGu7JLTd48Dpump","","","","","","","","","","","","","","","","","","","","","","","","","","","","","","","","","","","","","","","","","","","","","","","","","","","","","0.000002156","","","","","","2026-08-06T15:26:52.965Z",""
"stonks","79nx1FGP22QRLw2KK8rrebkRXrgZ2ck7v8YcXQqtpump","59","5","","","","","","","","","","","","","","","","","","","","","","","","","","","","","","","","","","","","","","","","","","","","","0.000002054","","","","","","","2026-08-06T15:26:58.691Z","","","","","",""
"SJ","9vaNJXwZU2FLUHusJG1Emd6A4RxDdrDPxBWFZ2q2pump","56","0.493827158","","","","","","","","","","","","","","","","","","","","","","","","","","","","","","","","","","","","","","","","","","","","","0.000007802","","","","","","","2026-08-06T15:26:58.738Z","","","","","",""
"stonk","H9GieDGsaDagSgJ7nDAbseNfs2r6ABF6c3DVRnMxpump","61","4","","","","","","","","","","","","","","","","","","","","","","","","","","","","","","","","","","","","","","","","","","","","","0.000002053","","","","","","","2026-08-06T15:27:04.886Z","","","","","",""
"Daddy","247PRAdaopwLD4aSW5GjJgLjRLTqWz3UE7n47v6Spump","77","7.7025","","","","","","","","","","","","","","","","","","","","","","","","","","","","","","","","","","","","","","","","","","","","","0.000006138","","","","","","","2026-08-06T15:27:40.774Z","","","","","",""
"AMERICA","CaV5unh7JuvnPjivac3yyhJupy4ygGeVyqzqT4NMpump","63","3","","","","","","","","","","","","","","","","","","","","","","","","","","","","","","","","","","","","","","","","","","","","","0.000002313","","","","","","","2026-08-06T15:27:58.803Z","","","","","",""
"MOONER","CpZbcJUMmMCyLgVY3DQreXxPVy7teXSXzhei9sZUsSWQ","57","8","","","","","","","","","","","","","","","","","","","","","","","","","","","","","","","","","","","","","","","","","","","","","0.000002156","","","","","","","2026-08-06T15:28:04.975Z","","","","","",""
"豆包","6JkMzQe5gC3p5KAM7gcXB1F1fFenbmBQqg9i251Upump","57","2.65","","","","","","","","","","","","","","","","","","","","","","","","","","","","","","","","","","","","","","","","","","","","","0.000003121","","","","","","","2026-08-06T15:28:10.748Z","","","","","",""
"RCMcLov","AiUonZXGQQmiDhgnEiAhe7N9H34zpy1N55zvD14qpump","","","","","","","","","","","","","","","","","","","","","","","","","","","","","","","","","","","","","","","","","","","","","","","","","","","","","2.028e-8","","","","","","2026-08-06T15:28:10.840Z",""
"CM","Hm4z6MRFULfB4gmN7JVYCMzmz9X3fqHmJNpsZvPgb9cZ","","","","","","","","","","","","","","","","","","","","","","","","","","","","","","","","","","","","","","","","","","","","","","","","","","","","","0.000002054","","","","","","2026-08-06T15:28:28.705Z",""
"STONK","8vShWTtzALNrx7NyQ1YaM1p4vudaAaxSjB8UYVY2pump","63","3","","","","","","","","","","","","","","","","","","","","","","","","","","","","","","","","","","","","","","","","","","","","","0.000002054","","","","","","","2026-08-06T15:28:34.694Z","","","","","",""
"CC","4ytrmZzMQR1g3DjHj8VVNk6dxYL3peD1CAakxZ7hpump","57","5","","","","","","","","","","","","","","","","","","","","","","","","","","","","","","","","","","","","","","","","","","","","","0.000002332","","","","","","","2026-08-06T15:28:34.756Z","","","","","",""
"CECE","Ga8CmfuSwdZAzLgbJiwpATD6KJiadzj3AvYxBVEvpump","","","","","","","","","","","","","","","","","","","","","","","","","","","","","","","","","","","","","","","","","","","","","","","","","","","","","0.000002156","","","","","","2026-08-06T15:28:40.814Z",""
"DOOINF","BnZPGFmGj12GAq4u3E2hztUzPLoTwGJxZGBAzdDMpump","100","0.09876543","","","","","","","","","","","","","","","","","","","","","","","","","","","","","","","","","","","","","","","","","","","","","0.000001647","","","","","","6.478e-7","2026-08-06T15:28:46.693Z","","","","","2026-08-06T15:29:22.918Z",""
"CECE","8Y1oamrujPvSsjDpWV9jgf5yoyVW5SruMW23PD1ubtvT","","","","","","","","","","","","","","","","","","","","","","","","","","","","","","","","","","","","","","","","","","","","","","","","","","","","","0.000002146","","","","","","2026-08-06T15:28:46.739Z",""
"CECE","7ro3V5SpoZZiyn3JZfskPcqWgtxz37cFKGY1kZPSpump","64","5","","","","","","","","","","","","","","","","","","","","","","","","","","","","","","","","","","","","","","","","","","","","","0.000002156","","","","","","","2026-08-06T15:28:46.767Z","","","","","",""
"MM","2Wex7vcZ1X3JRg3KT9JKo6xzAts9TLhs4zYnmm8n9Hjr","61","11.85185185","","","","","","","0","0","-73.4","","","-42.1","0","61","11.85185185","1","86","0","0","0","16478.33","3","60938.08","60938.08","0.545","0.545","312","","0","0","1","0","1","","","","","","","","","","","","0.00001242","0.00001647","","","","","","2026-08-06T15:28:52.848Z","2026-08-06T15:30:05.244Z","","","","",""
"MM","2n5AtT8gkscf3wySoKQS1hmNsFf5uCGPNmMvujRrpump","63","3.950617282","","","","","","","","","","","","","","","","","","","","","","","","","","","","","","","","","","","","","","","","","","","","","0.000002054","","","","","","","2026-08-06T15:28:52.913Z","","","","","",""
"CECE","BZVpXwhafNH2fsVxayiu1i5ygqMxj5fMZK4LSMk4pump","57","2","","","","","","","","","","","","","","","","","","","","","","","","","","","","","","","","","","","","","","","","","","","","","0.000002157","","","","","","","2026-08-06T15:28:52.954Z","","","","","",""
"CHITTEN","8BfwGh7eM2vNTvp8LEad7XLvXkCR8Wq8vGv5QZNApump","63","3.083247688","","","","","","","0.3","555","-1.4","","","-6.6","7.4","905","3.083247688","0","0","0","0","0","7524.41","3","12726.56","12726.56","0.57","0.57","201","","0","0","1","0","1","","","","","","","","","","","","0.000004937","0.000007524","","","","","","2026-08-06T15:28:58.830Z","2026-08-06T15:30:11.469Z","","","","",""
"$Pepe","8Rphho4trMW2Hcst1cJQXPA953TTJaf3HV3JAT7Npump","","","","","","","","","","","","","","","","","","","","","","","","","","","","","","","","","","","","","","","","","","","","","","","","","","","","","4.848e-7","","","","","","2026-08-06T15:29:10.700Z",""
"Luna","9wS6JLWKJwom9EBY5n4aavd5dYapLi6yMX5L3s3opump","57","0.493827158","","","","","","","","","","","","","","","0.493827158","0","10","1","0","0","6278.81","3","242.14","242.14","0.75","0.75","196","","0","0","1","0","0","","","","","","","","","","","","0.000006278","0.000006278","","","","","","2026-08-06T15:29:10.798Z","2026-08-06T15:30:10.502Z","","","","",""
"CC","FKaw3u6qtL1Cr4nL8vwCqK2rDJcKMDZeYMY711ytpump","63","3","","","","","","","0","0","-4.7","","","0","0","910","3","0","0","0","0","0","2157.41","3","539.46","539.46","0.6","0.6","-13.22","","0","0","1","0","0","","","","","","","","","","","","0.000002157","0.000002157","","","","","","2026-08-06T15:29:16.777Z","2026-08-06T15:30:16.531Z","","","","",""
"DBLUP112","2Qx8ewosc4KaAzGRaNncQC2F6tt5yhpiHBBvJ3HDpump","80","5.00078137","","","","","","","","","","","","","","","","","","","","","","","","","","","","","","","","","","","","","","","","","","","","","0.000001832","","","","","","8.804e-7","2026-08-06T15:29:28.747Z","","","","","2026-08-06T15:30:11.192Z",""
"RANDOMCAT","FXT91LV1cVdX5mR6Kr9eM9dtaSiZGF1g2vy6CpySpump","","","","","","","","","","","","","","","","","","","","","","","","","","","","","","","","","","","","","","","","","","","","","","","","","","","","","1.072e-7","","","","","","2026-08-06T15:29:47.006Z",""
"ICM","4PL5f1SCMqjpacf3Ub91Y3a3w2cgZZfK7obSCsQUpump","","","","","","","","","","","","","","","","","","","","","","","","","","","","","","","","","","","","","","","","","","","","","","","","","","","","","5.282e-7","","","","","","2026-08-06T15:29:58.794Z",""
"INDIANA","DN5uZPsVw54D4LRdwegjSpJjxkEwVUzBKKWu62zhpump","70","4.938271603","","","","","","","","","","","","","","","","","","","","","","","","","","","","","","","","","","","","","","","","","","","","","0.000002301","","","","","","","2026-08-06T15:30:04.837Z","","","","","",""
"MOONS","2zy1yfo417N2opSY4AiRJH1y4BitNzkpdTMXkzwqpump","58","3","","","","","","","","","","","","","","","","","","","","","","","","","","","","","","","","","","","","","","","","","","","","","0.000002158","","","","","","","2026-08-06T15:30:34.790Z","","","","","",""
"MISFIT","9ox3Zd2FdYc8adw8fat28ufzk3hkV4pMmFnXTCKKpump","","","","","","","","","","","","","","","","","2.271604937","0","0","0","0","0","2376.68","3","166.87","166.87","1","1","0","","0","0","1","0","0","","","","","","","","","","","","","0.000002376","","","","","","","2026-08-06T15:30:40.509Z","","","","",""
"FERAGE","F2AeiE7VtKJte55VcrjzfdbzniiqPqxC9yhtqNcepump","55","0.493827158","","","","","","","","","","","","","","","","","","","","","","","","","","","","","","","","","","","","","","","","","","","","","0.000003514","","","","","","","2026-08-06T15:30:40.992Z","","","","","",""
"SURGEON","HEN8SwGrrDvdR1BT9hRcCWNZKH9f1MMXeUh79Kobpump","57","1.97530864","","","","","","","","","","","","","","","","","","","","","","","","","","","","","","","","","","","","","","","","","","","","","0.000002102","","","","","","","2026-08-06T15:31:16.838Z","","","","","",""
"DBLUP113","srgRLX1w5HxSeHD96zLx5Pj1e8Eqk8GNP1hr99Cpump","","","","","","","","","","","","","","","","","","","","","","","","","","","","","","","","","","","","","","","","","","","","","","","","","","","","","0.000001396","","","","","","2026-08-06T15:31:16.920Z",""
"DRIFTCHIK","8n58LZbY5WLr4MDJqbEti77zJ5JUMza4uF7gfndcpump","","","","","","","","","","","","","","","","","","","","","","","","","","","","","","","","","","","","","","","","","","","","","","","","","","","","","2.864e-7","","","","","","2026-08-06T15:32:16.841Z",""
"zucc","94fCe8TUdpWvqvRBuDCkCHrTZ1puzJ6fAYCzdPKHHXuP","","","","","","","","","","","","","","","","","","","","","","","","","","","","","","","","","","","","","","","","","","","","","","","","","","","","","0.00000233","","","","","","2026-08-06T15:32:28.781Z",""
"ZUCC","FVanh4wG577VAP1GR4ivSdJBy5S66N5mv9uPwaR5pump","","","","","","","","","","","","","","","","","","","","","","","","","","","","","","","","","","","","","","","","","","","","","","","","","","","","","0.000002159","","","","","","2026-08-06T15:32:28.816Z",""
"ZUCC","7heEZ7AU6ABrXDEQ8qynxTqsGTDHU8erV8HnNAUmnhDz","","","","","","","","","","","","","","","","","","","","","","","","","","","","","","","","","","","","","","","","","","","","","","","","","","","","","0.00000216","","","","","","2026-08-06T15:32:28.860Z",""
"ZUCK","6d6Y5kxVYpNqP8WgpKZuaX1Lhmu6BGUD65T8yAnExb5E","56","8","","","","","","","","","","","","","","","","","","","","","","","","","","","","","","","","","","","","","","","","","","","","","0.00000313","","","","","","","2026-08-06T15:32:29.485Z","","","","","",""
"SPACEY","9rjKAuWevw5CfELL899EAvAyuUh2JhQ2hr83eJrppump","59","4","","","","","","","","","","","","","","","","","","","","","","","","","","","","","","","","","","","","","","","","","","","","","0.000002057","","","","","","","2026-08-06T15:32:34.860Z","","","","","",""
"SPACEY","2riRmBXznKWWJRDfDPwBXnNX9jjgbzUN4HDJsdMqpump","56","4","","","","","","","","","","","","","","","","","","","","","","","","","","","","","","","","","","","","","","","","","","","","","0.000002101","","","","","","","2026-08-06T15:32:34.908Z","","","","","",""
"SAVCOM","9h2amUGz5bTorEpM7XUko62tF6bZh8gZgX45PNFepump","","","","","","","","","","","","","","","","","","","","","","","","","","","","","","","","","","","","","","","","","","","","","","","","","","","","","2.709e-7","","","","","","2026-08-06T15:32:35.020Z",""
"VOLYET","TavW51zSxNVQChiXVqsZd5Sz4WEjrkpmvVeKtpHpump","","","","","","","","","","","","","","","","","","","","","","","","","","","","","","","","","","","","","","","","","","","","","","","","","","","","","1.679e-7","","","","","","2026-08-06T15:32:40.942Z",""
"zucc","DQYWxfqx2EKotbgviY7MQAf7kyMtu2EtHJYtDX8K5Ps3","","","","","","","","","","","","","","","","","","","","","","","","","","","","","","","","","","","","","","","","","","","","","","","","","","","","","0.000002057","","","","","","2026-08-06T15:32:40.992Z",""
"SPACEY","BrDdqWBaNQS7rXjSi3XJiAssC4gceBzgaLSiZvjYpump","57","4","","","","","","","","","","","","","","","","","","","","","","","","","","","","","","","","","","","","","","","","","","","","","0.000002057","","","","","","","2026-08-06T15:32:46.760Z","","","","","",""
"SPACEY","HJYiBYxgW9zqLRbNAFDPLXGxJeonmjF37cgcgpsEWrKL","60","11.85185185","","","","","","","","","","","","","","","","","","","","","","","","","","","","","","","","","","","","","","","","","","","","","0.000003529","","","","","","0.000002107","2026-08-06T15:32:46.803Z","","","","","2026-08-06T15:33:34.799Z",""
"SPACEY","CGNgjuVbbJBaeuviX3JDCVNpg2MLgAyRw8aaXY6ppump","56","5","","","","","","","","","","","","","","","","","","","","","","","","","","","","","","","","","","","","","","","","","","","","","0.000002057","","","","","","","2026-08-06T15:32:46.847Z","","","","","",""
"SPCY","HWQK4Gzz6nyji1HrFjEGU2tnqoUnj6kmo8ASaX4HA4rN","56","8","","","","","","","","","","","","","","","","","","","","","","","","","","","","","","","","","","","","","","","","","","","","","0.000002325","","","","","","","2026-08-06T15:32:46.873Z","","","","","",""
"SPYCEY","yYEqF3QfPf4WxwatUfK7J1PV9s6tRfUFKEQxNMupump","55","5","","","","","","","","","","","","","","","","","","","","","","","","","","","","","","","","","","","","","","","","","","","","","0.000002126","","","","","","","2026-08-06T15:32:53.045Z","","","","","",""
"SPCY","4XjbRQ8pcSrMUw3xP6rGcQcA1q6wdgqWrA4ZCwQ7pump","55","6.913580245","","","","","","","","","","","","","","","","","","","","","","","","","","","","","","","","","","","","","","","","","","","","","0.000002057","","","","","","","2026-08-06T15:32:53.260Z","","","","","",""
"SPCY","7zkstEUwWKwMezojuzubcUMqvhw7WNbA8QWETPcepump","56","4","","","","","","","","","","","","","","","4","0","5","0","0","0","2160.35","3","4827.84","4827.84","0.558","0.558","-18.24","","0","0","1","0","0","","","","","","","","","","","","0.00000216","0.00000216","","","","","","2026-08-06T15:32:58.756Z","2026-08-06T15:34:10.533Z","","","","",""
"BARTLOMIEJ","FehxyyUfdAG6RrAnNTzj8ZDLFoDG47aqHu1tPB6Jpump","57","1.97530864","","","","","","","","","","","","","","","","","","","","","","","","","","","","","","","","","","","","","","","","","","","","","0.000002058","","","","","","","2026-08-06T15:33:04.826Z","","","","","",""
"SPACEY","EpS8uExjuz6HWwR9LdWyFcoJUoHSq7e5XZpPTawJpump","55","4","","","","","","","","","","","","","","","","","","","","","","","","","","","","","","","","","","","","","","","","","","","","","0.000002167","","","","","","","2026-08-06T15:33:04.954Z","","","","","",""
"SPCY","FU6SFGPKeB7XE6ZRRZ3pJ5uqTF2juZaxypuJKuXRpump","62","5","","","","","","","","","","","","","","","","","","","","","","","","","","","","","","","","","","","","","","","","","","","","","0.000002062","","","","","","","2026-08-06T15:33:10.751Z","","","","","",""
"ZUCC","H7NESKhAV5BuwToRgCjviBaLBM2rTZCYGtPwpTRRpump","","","","","","","","","","","","","","","","","","","","","","","","","","","","","","","","","","","","","","","","","","","","","","","","","","","","","","","","","","","",""
"cool","2xGgzfeSwPv9qFU4iES2onpH2jkW4qjUhnA4aNAzpump","","","","","","","","","","","","","","","","","","","","","","","","","","","","","","","","","","","","","","","","","","","","","","","","","","","","","4.135e-9","","","","","","2026-08-06T15:33:34.826Z",""
"WIN","2fJZHPDp56RSJ7z9ptruBek8jvgRwnMPQje1GyjRpump","","","","","","","","","","","","","","","","","","","","","","","","","","","","","","","","","","","","","","","","","","","","","","","","","","","","","2.734e-7","","","","","","2026-08-06T15:33:34.870Z",""
"SPACEY","ALbFUCMLbCGqzCnL9rLn9UuPc51qprWvAs1TrnTVpump","56","5","","","","","","","","","","","","","","","","","","","","","","","","","","","","","","","","","","","","","","","","","","","","","0.000002056","","","","","","","2026-08-06T15:33:40.713Z","","","","","",""
"NATHAN","AiRQ9xQv5vAAMMJtd18dDF5QbVXki8RhN9DN3Rv9pump","","","","","","","","","","","","","","","","","","","","","","","","","","","","","","","","","","","","","","","","","","","","","","","","","","","","","9.146e-7","","","","","","2026-08-06T15:33:46.699Z",""
"BEYOND","B7ZbvGPmVNMrdYTRurCBZyyqcvnEBqZJ5sfAi9Bvpump","56","5","","","","","","","","","","","","","","","","","","","","","","","","","","","","","","","","","","","","","","","","","","","","","0.00000206","","","","","","","2026-08-06T15:34:17.114Z","","","","","",""
"WIN","25GZmcDDBTMyLW8xykbJ53d76hyUc57hQhL77mhhpump","82","9.876543208","","","","","","","","","","","","","","","","","","","","","","","","","","","","","","","","","","","","","","","","","","","","","0.000005005","","","","","","","2026-08-06T15:34:28.704Z","","","","","",""
"stars","47s1RPZ7abNXX6EWyE9apTnPqyxUFMuu46Ezu4vDpump","58","4.938271603","","","","","","","","","","","","","","","","","","","","","","","","","","","","","","","","","","","","","","","","","","","","","0.000002058","","","","","","","2026-08-06T15:34:40.716Z","","","","","",""
"MOONPE","4D3bXozW9xodbeXnLTdQCWc1Mke8nu4b67iibbx8kwav","","","","","","","","","","","","","","","","","","","","","","","","","","","","","","","","","","","","","","","","","","","","","","","","","","","","","0.000002159","","","","","","2026-08-06T15:35:16.874Z",""
"$Phil","C45s6ktz3NbDot1HxktCYBL6kP2fSy7UG9Gw1utepump","","","","","","","","","","","","","","","","","","","","","","","","","","","","","","","","","","","","","","","","","","","","","","","","","","","","","5.307e-7","","","","","","2026-08-06T15:35:16.946Z",""
"UNHRAP","GrNXboDxm3W72vGGXyhbtHqiWpkqbyKgMAJUKjimpump","","","","","","","","","","","","","","","","","","","","","","","","","","","","","","","","","","","","","","","","","","","","","","","","","","","","","2.041e-7","","","","","","2026-08-06T15:35:40.881Z",""
"WIN","5kNgEsBwv9xDH79Hiq5KSREk1sSPSWShG7g8idXipump","73","4.938271603","","","","","","","","","","","","","","","","","","","","","","","","","","","","","","","","","","","","","","","","","","","","","0.000003561","","","","","","","2026-08-06T15:35:40.920Z","","","","","",""
"LEMONAIL ","zoJBK1s4Tjp66exXqUDg4svNFZoAiCk1qzom8ALpump","69","2.000312547","","","","","","","","","","","","","","","","","","","","","","","","","","","","","","","","","","","","","","","","","","","","","0.000002234","","","","","","5.257e-7","2026-08-06T15:36:05.305Z","","","","","2026-08-06T15:36:46.734Z",""
"NATHAN","HWdZmfmrprbVCEHnv5r2gtqm8DJG4gbX3nxGFHJWpump","","","","","","","","","","","","","","","","","","","","","","","","","","","","","","","","","","","","","","","","","","","","","","","","","","","","","5.808e-8","","","","","","2026-08-06T15:36:10.746Z",""
"AI","sBaKSjCxD1STUhs3fGigERzdgso3F8p7HxP6i1Jpump","60","3.950617282","","","","","","","","","","","","","","","","","","","","","","","","","","","","","","","","","","","","","","","","","","","","","0.000002077","","","","","","","2026-08-06T15:36:40.760Z","","","","","",""
"TERAFAB","6zoc5zz7YNJ8AzHYDXiXsSFnkjvVokbmGeqqBWYZpump","70","7.249382715","auto","","30.262","","","","42.2","434","-23.2","","","-8.3","55.1","904","7.249382715","0","2","0","0","0","16815.89","3","27831.77","27831.77","0.611","0.611","431","","0","0","1","0","1","","","","","","","","","","","","0.00001066","0.00001681","0.00001541","","","","","2026-08-06T15:36:53.057Z","2026-08-06T15:37:52.540Z","2026-08-06T15:38:22.802Z","","","",""
"WIN","71zS1WVKZhmRtTwnrPQbkfcbNAazgaY2ve9wn1tgpump","","","","","","","","","","","","","","","","","","","","","","","","","","","","","","","","","","","","","","","","","","","","","","","","","","","","","0.000001506","","","","","","2026-08-06T15:36:58.839Z",""
"AI","C1otkGhZGSANEBS9LmPBf7qacZX18xiM2QYXD2bLpump","58","3.950617282","","","","","","","","","","","","","","","","","","","","","","","","","","","","","","","","","","","","","","","","","","","","","0.000002053","","","","","","","2026-08-06T15:37:16.842Z","","","","","",""
"WIN","AzwHav9akRXgjhQUhz1xPdy4V7JfUKzJp8Vg1p2Jpump","","","","","","","","","","","","","","","","","","","","","","","","","","","","","","","","","","","","","","","","","","","","","","","","","","","","","3.894e-7","","","","","","2026-08-06T15:37:22.872Z",""
"FLOWERS","EdwD72y5ZvkADKenJ7bXeqC24thC2Ppn8sXWSjkMpump","","","","","","","","","","","","","","","","","","","","","","","","","","","","","","","","","","","","","","","","","","","","","","","","","","","","","4.87e-8","","","","","","2026-08-06T15:37:40.994Z",""
"NATHAN","EHMdKewN2jXKJx8GM5THUyXNFbgziDQu9qHtmS3Vpump","55","0.098765431","","","","","","","","","","","","","","","","","","","","","","","","","","","","","","","","","","","","","","","","","","","","","0.000001579","","","","","","3.209e-7","2026-08-06T15:37:52.922Z","","","","","2026-08-06T15:38:34.724Z",""
"DYLAN","CbEZRSgcKR73n9Ca9grWyKaQ7vRxWVmiENCpNSfupump","57","5","","","","","","","","","","","","","","","","","","","","","","","","","","","","","","","","","","","","","","","","","","","","","0.0000021","","","","","","","2026-08-06T15:37:59.087Z","","","","","",""
"Terafap","Vuod4Lw4eGsoyrQS3bDmPEUazQ9HDTwb6VkM1svpump","57","4","","","","","","","","","","","","","","","4","0","4","0","0","0","5656.16","3","22389.01","22389.01","0.565","0.565","114","","0","0","1","0","1","","","","","","","","","","","","0.000004251","0.000005656","","","","","","2026-08-06T15:38:23.126Z","2026-08-06T15:39:28.593Z","","","","",""
"FLOWERS","3ivLQjA3Y99PiNhRyoqjHRZE5M7ByGo7NVruXznKpump","66","0.493827158","","","","","","","0","0","-50.5","","","-0.1","0","901","0.493827158","4","45","1","0","0","3831.81","3","1466.6","1466.6","0.569","0.569","80.62","","0","0","1","0","0","","","","","","","","","","","","0.00000233","0.000003831","","","","","","2026-08-06T15:38:52.859Z","2026-08-06T15:40:04.916Z","","","","",""
"WIN","2fVxXKj7GZkn75y1gKAH3boci8gHBoFFtqYkSTrVpump","73","4.938271603","","","","","","","","","","","","","","","","","","","","","","","","","","","","","","","","","","","","","","","","","","","","","0.000001984","","","","","","","2026-08-06T15:39:04.771Z","","","","","",""
"RATS","42nvs37W9WanqZGefccgwATL4DKAG36J8tpmom4zpump","77","7.901234566","","","","","","","","","","","","","","","","","","","","","","","","","","","","","","","","","","","","","","","","","","","","","0.000002054","","","","","","","2026-08-06T15:39:22.951Z","","","","","",""
"boopdog","9w8TjmNMKGFwK8PXfGjaUEMbfCJUvgXpcfMHbYbypump","58","3","","","","","","","","","","","","","","","","","","","","","","","","","","","","","","","","","","","","","","","","","","","","","0.000002156","","","","","","","2026-08-06T15:39:46.759Z","","","","","",""
"Frog","3EvR5dkTmwwv1ofkkcWhUiSQAhhgCBJxWyQGb5Edpump","","","","","","","","","","","","","","","","","","","","","","","","","","","","","","","","","","","","","","","","","","","","","","","","","","","","","3.696e-7","","","","","","2026-08-06T15:39:46.863Z",""
"WIN","2uJHMGN51GoyYNHQ3SJz7e3dyNvx5bFHQ4JGzAP8pump","73","4.938271603","","","","","","","","","","","","","","","","","","","","","","","","","","","","","","","","","","","","","","","","","","","","","0.00001187","","","","","","","2026-08-06T15:39:52.823Z","","","","","",""
"TIMMY","H4zzod895i1bCfoxZCngJsPbAEuVvdbr9QLGR6otpump","56","5","","","","","","","","","","","","","","","","","","","","","","","","","","","","","","","","","","","","","","","","","","","","","0.000002137","","","","","","","2026-08-06T15:40:04.794Z","","","","","",""
"MUSK","DpGqcokSECrGSAzLFE55h4oM9mq9JaYhohqVduAUpump","55","5","","","","","","","","","","","","","","","","","","","","","","","","","","","","","","","","","","","","","","","","","","","","","0.000002053","","","","","","","2026-08-06T15:40:10.887Z","","","","","",""
"Hollyweird","Gq2LfdPN3M7u4R9h1MeuigN291LbdvCTYpEbPhmP4Jqc","","","","","","","","","","","","","","","","","","","","","","","","","","","","","","","","","","","","","","","","","","","","","","","","","","","","","0.000002333","","","","","","2026-08-06T15:40:10.918Z",""
"CHAGOB","GoWf4RCpWJ5k9rpjcoJTAo9V9mCd9P7qAbAFnfgspump","","","","","","","","","","","","","","","","","","","","","","","","","","","","","","","","","","","","","","","","","","","","","","","","","","","","","2.911e-7","","","","","","2026-08-06T15:40:10.971Z",""
"Niiger","8QjdXpKjqaLVaeFntMFoXts9T6MoNbNa8FNw3KiGpump","66","0.098765431","","","","","","","0","10","-0.8","","","0","0","910","0.098765431","0","0","1","0","0","2071.18","3","9.41","9.41","1","1","0.2","","0","0","1","0","0","","","","","","","","","","","","0.000002072","0.000002071","","","","","","2026-08-06T15:40:34.478Z","2026-08-06T15:40:16.583Z","","","","",""
"TERAFAP","7nANUcfkagZQRnM6kopPvAjFRo7NvLCdavziFTyPpump","63","3.950617282","","","","","","","","","","","","","","","","","","","","","","","","","","","","","","","","","","","","","","","","","","","","","0.000002053","","","","","","","2026-08-06T15:40:17.043Z","","","","","",""
"stars","2BDTnrmm3JWgQW86bm4ny33phBnyhMHFroMaVge6pump","61","2.71604938","","","","","","","","","","","","","","","","","","","","","","","","","","","","","","","","","","","","","","","","","","","","","0.000002157","","","","","","","2026-08-06T15:40:28.935Z","","","","","",""
"CAV","56VYf7mCCTQ2y4bCztG7CigpPzNWPhkudo28KK72pump","63","3","","","","","","","22.8","20","-68.8","","","22.8","0","910","3","0","0","0","0","0","5523.73","3","7327.24","7327.24","0.639","0.639","122","","0","0","1","0","1","","","","","","","","","","","","0.000004802","0.000005523","","","","","","2026-08-06T15:40:46.737Z","2026-08-06T15:41:46.511Z","","","","",""
"FOMO⁠","65pMVuRGQUq7xibLrACgGmwH3H6vSVWgjUPQQ8sHpump","56","3","","","","","","","","","","","","","","","","","","","","","","","","","","","","","","","","","","","","","","","","","","","","","0.000002095","","","","","","","2026-08-06T15:40:52.998Z","","","","","",""
" ","B3gv1Avht3qsATzPfssYaG7mMKK8cdviH9Lc8Qebpump","78","5","","","","","","","","","","","","","","","","","","","","","","","","","","","","","","","","","","","","","","","","","","","","","0.000002164","","","","","","","2026-08-06T15:40:53.049Z","","","","","",""
"boopdog","2skxzWD1dXLwkNq6cTowHcciSy8Vh3JT8PfAFa8NxGGV","","","","","","","","","","","","","","","","","","","","","","","","","","","","","","","","","","","","","","","","","","","","","","","","","","","","","0.000002184","","","","","","2026-08-06T15:40:58.926Z",""
"STFU","DuJ8yQa8SeWgqqPV97rxfVSJzbLnmnGXgp8K9oaSpump","","","","","","","","","","","","","","","","","","","","","","","","","","","","","","","","","","","","","","","","","","","","","","","","","","","","","5.972e-7","","","","","","2026-08-06T15:41:22.737Z",""
"WIN","37RFbZ4Wqsbm7fvMLYdm8mSCYFzUw9Nf6CKZpFgCpump","","","","","","","","","","","","","","","","","","","","","","","","","","","","","","","","","","","","","","","","","","","","","","","","","","","","","0.000001118","","","","","","2026-08-06T15:41:28.900Z",""
"Trilly","7iz4JUfxrt4ruC2kJ9zzCc5Lgvwp2tebuoKBXfgJpump","70","4","","","","","","","","","","","","","","","","","","","","","","","","","","","","","","","","","","","","","","","","","","","","","0.000002573","","","","","","","2026-08-06T15:41:34.819Z","","","","","",""
"Boogaloo","Azwyx1bmdfKHD6jzasjjLWZznxGigM2D1FrYHHP7W9do","60","11.85185185","","","","","","","","","","","","","","","","","","","","","","","","","","","","","","","","","","","","","","","","","","","","","0.00000365","","","","","","","2026-08-06T15:41:41.093Z","","","","","",""
"ZK","3Bd4BXfHbihCiXePJ517J4nfgERBAn9azGMhdVBRpump","","","","","","","","","","","","","","","","","","","","","","","","","","","","","","","","","","","","","","","","","","","","","","","","","","","","","6.558e-7","","","","","","2026-08-06T15:41:46.898Z",""
"BOOPDOG","7iuKg3pycaFESMM9wSjnBV9u9sYLkkdzWY3vd7oBpump","60","3.950617282","","","","","","","","","","","","","","","","","","","","","","","","","","","","","","","","","","","","","","","","","","","","","0.000002054","","","","","","","2026-08-06T15:41:52.763Z","","","","","",""
"MOLMON","HMurY3mwNoxXFtwee5VxvhKeTgv4x2xo4TJiMEhkpump","","","","","","","","","","","","","","","","","","","","","","","","","","","","","","","","","","","","","","","","","","","","","","","","","","","","","2.209e-7","","","","","","2026-08-06T15:41:52.807Z",""
"FIB","4vSNTRQsG9oLi44me5hYtdNncavCW8FEXtKJ54sVpump","","","","","","","","","","","","","","","","","","","","","","","","","","","","","","","","","","","","","","","","","","","","","","","","","","","","","0.000001285","","","","","","2026-08-06T15:41:58.780Z",""
"JOTCHUA2","BgJ17dTnzdc3vKazi7jxtF21VKrvnFPsjMSzxY3epump","55","2.459237265","","","","","","","","","","","","","","","","","","","","","","","","","","","","","","","","","","","","","","","","","","","","","0.000009884","","","","","","","2026-08-06T15:42:10.851Z","","","","","",""
"PUPDOG","GS38f7fvDBn4uQBkGzZPnZab1ttih1gC32xDrpfupump","","","","","","","","","","","","","","","","","","","","","","","","","","","","","","","","","","","","","","","","","","","","","","","","","","","","","3.949e-9","","","","","","2026-08-06T15:42:23.045Z",""
"Terra","CY7aVM3JGWJkwghCS65yTHqjdMNeaKuKU15zU7Uhpump","58","3","","","","","","","","","","","","","","","","","","","","","","","","","","","","","","","","","","","","","","","","","","","","","0.000002069","","","","","","","2026-08-06T15:42:28.780Z","","","","","",""
"TERFAB","4qRsz6SoZsfQs1YvxDbcSMfEhwrXGaNH5zfwwAbPpump","","","","","","","","","","","","","","","","","","","","","","","","","","","","","","","","","","","","","","","","","","","","","","","","","","","","","4.01e-7","","","","","","2026-08-06T15:42:28.821Z",""
"Chonketha","BhUM9av7h4XKoiWSXiu63NTiLcnQ7bDtxRvTV3Qdpump","84","20","","","","","","","","","","","","","","","","","","","","","","","","","","","","","","","","","","","","","","","","","","","","","0.00000572","","","","","","","2026-08-06T15:42:53.073Z","","","","","",""
"Dechudify","Bnte5En2zH2GqXVHpi5eNkGMnWPthPiJZHZ6Rewzpump","63","3.950617282","","","","","","","","","","","","","","","","","","","","","","","","","","","","","","","","","","","","","","","","","","","","","0.000002654","","","","","","","2026-08-06T15:42:53.118Z","","","","","",""
"Daddy","EE1u1PNUR54QLPfDrRrGiQqcBsnQaUKG8QfdKH2AXudz","55","8","","","","","","","","","","","","","","","","","","","","","","","","","","","","","","","","","","","","","","","","","","","","","0.000002053","","","","","","","2026-08-06T15:42:53.150Z","","","","","",""
"USEFUL","9QTngA39CUwrEAMpZctyp3AnYDcUfjYdBRKXrd1NwTS1","","","","","","","","","","","","","","","","","","","","","","","","","","","","","","","","","","","","","","","","","","","","","","","","","","","","","0.000002184","","","","","","2026-08-06T15:42:58.782Z",""
"USEFUL","BTv2w2dTbh4j8Fg5diSHQzBp3YejhBdGxBVZGk91dDrD","","","","","","","","","","","","","","","","","","","","","","","","","","","","","","","","","","","","","","","","","","","","","","","","","","","","","0.000002053","","","","","","2026-08-06T15:42:58.860Z",""
"USEFUL","4472mXHDPxRsxSaYGYsoBY4EoK6XQRUrR4orRjjE3CEm","57","7","","","","","","","","","","","","","","","","","","","","","","","","","","","","","","","","","","","","","","","","","","","","","0.000002166","","","","","","","2026-08-06T15:42:58.901Z","","","","","",""
"USEFUL","7NArcB5UThtqhC1FobzPGqyCzQGGiuhiVpfXyTKqz9rk","56","7","","","","","","","","","","","","","","","","","","","","","","","","","","","","","","","","","","","","","","","","","","","","","0.000002333","","","","","","","2026-08-06T15:42:58.948Z","","","","","",""
"useful","D74Dpb6rMj9vyghH8NkA5bHYr4gck1E46q3mF1ZbjT3s","64","5.599999999","","","","","","","","","","","","","","","","","","","","","","","","","","","","","","","","","","","","","","","","","","","","","0.000002333","","","","","","","2026-08-06T15:43:04.901Z","","","","","",""
"Pengumojis","5o9HsGCeGqfX3Hss7yWUhD5p9yAJu5GjXrsYnqxNpump","56","5","","","","","","","","","","","","","","","","","","","","","","","","","","","","","","","","","","","","","","","","","","","","","0.000002156","","","","","","","2026-08-06T15:43:10.730Z","","","","","",""
"SM","HuWyDkmqdaV4tnibxibPjgqbLsXt1LntA9XKY3qypump","67","1.000156273","","","","","","","","","","","","","","","","","","","","","","","","","","","","","","","","","","","","","","","","","","","","","0.000002283","","","","","","","2026-08-06T15:43:52.737Z","","","","","",""
"Elon","9PR8BiBbyhCA2EFXM62Hp3HgGo2kuJivBs4CoyT3pump","57","3.950617282","","","","","","","","","","","","","","","","","","","","","","","","","","","","","","","","","","","","","","","","","","","","","0.000002149","","","","","","","2026-08-06T15:43:58.698Z","","","","","",""
"Product","7TQfsLzM8VXPYYmSZyEnXrfs3xPWhvbN85MHkFjupump","57","2","","","","","","","","","","","","","","","","","","","","","","","","","","","","","","","","","","","","","","","","","","","","","0.000003049","","","","","","","2026-08-06T15:44:05.025Z","","","","","",""
"TERAFAB","5T41kJ9P82gfELpBwwt5zaxDS3iYLDCV4e2pyy74pump","","","","","","","","","","","","","","","","","","","","","","","","","","","","","","","","","","","","","","","","","","","","","","","","","","","","","2.052e-7","","","","","","2026-08-06T15:44:10.899Z",""
"Elon","3zZTkLnR9ohUWupqYdgeCCdvNcun3GaRJ6VVPEj9pump","61","5","","","","","","","","","","","","","","","","","","","","","","","","","","","","","","","","","","","","","","","","","","","","","0.000002052","","","","","","","2026-08-06T15:44:22.772Z","","","","","",""
"asd","BTMKAjuzeqcBfYAfxwnFyCEM3L8yuSFCYfST8Z9kpump","59","0.098765431","","","","","","","","","","","","","","","0.098765431","0","2","1","0","0","3415.99","3","72.46","72.46","0.667","0.667","65.25","","0","0","1","0","0","","","","","","","","","","","","0.000003415","0.000003415","","","","","","2026-08-06T15:44:28.692Z","2026-08-06T15:45:28.557Z","","","","",""
"Terafap","BDNsMgCHaLtxJo18GCQNWNNRbLbEEN6uuZUNuU3kpump","65","3.4","","","","","","","","","","","","","","","","","","","","","","","","","","","","","","","","","","","","","","","","","","","","","0.000002414","","","","","","","2026-08-06T15:45:04.747Z","","","","","",""
"Terafap","5L3GerumSs436YqTb1TEdfesHeDXHpJ97hz3H8cppump","60","3.4","","","","","","","","","","","","","","","","","","","","","","","","","","","","","","","","","","","","","","","","","","","","","0.000002053","","","","","","","2026-08-06T15:45:35.006Z","","","","","",""
"MAPLE","DLhzqAWwE2YkPLdYvvWNMZ71vxZJQD2FByMfWFHppump","57","2","","","","","","","","","","","","","","","2","0","0","0","0","0","2510.99","3","1917.55","1917.55","0.677","0.677","7.53","","0","0","1","0","0","","","","","","","","","","","","0.000002478","0.00000251","","","","","","2026-08-06T15:45:35.211Z","2026-08-06T15:46:34.512Z","","","","",""
"HOLD","8iFApkzqBhMrbyaNdKa7PUoFzcQdUcM4D3BqA4Nepump","56","3.083247688","","","","","","","","","","","","","","","","","","","","","","","","","","","","","","","","","","","","","","","","","","","","","0.000003596","","","","","","","2026-08-06T15:45:46.787Z","","","","","",""
"bagger","H3e7NEowerMgDnDbVZKLjHAFyEojJhorvqmyZPkVpump","100","0.059259258","","","","","","","0","0","-75.6","","","","","8","0.059259258","2","2","1","0","0","20488.51","3","1951.53","1951.53","0.608","0.608","894","","0","0","1","0","0","","","","","","","","","","","","0.00001391","0.00002048","","","","","","2026-08-06T15:45:52.806Z","2026-08-06T15:46:58.615Z","","","","",""
"FLOWER","Ee7PU2ee5M4RQWVAAKXidWcB8SNrK6mmvqSuyQRcpump","55","5","","","","","","","","","","","","","","","","","","","","","","","","","","","","","","","","","","","","","","","","","","","","","0.000002051","","","","","","","2026-08-06T15:46:28.777Z","","","","","",""
"MUSK","6LZHb3t4oSSSxtovmadhnCRXZkQwJsAtc3Z8GGkfaqtf","","","","","","","","","","","","","","","","","","","","","","","","","","","","","","","","","","","","","","","","","","","","","","","","","","","","","0.000002051","","","","","","2026-08-06T15:46:52.740Z",""
"MUSK","9fkMXaWEbefyx3vCwCKYiNNcPJFUP2gA5zvTszmmTgws","","","","","","","","","","","","","","","","","","","","","","","","","","","","","","","","","","","","","","","","","","","","","","","","","","","","","0.000002181","","","","","","2026-08-06T15:46:52.773Z",""
"SOL","Cv3Kms9V8hAbLULRJAvgTdwapQ8eohjSoYg6HdeKpump","","","","","","","","","","","","","","","","","","","","","","","","","","","","","","","","","","","","","","","","","","","","","","","","","","","","","2.417e-7","","","","","","2026-08-06T15:47:04.714Z",""
"DOOM","5a4MPc6eKGYhkBUrG6sPC9oWRVKn6MCtSh5EVRs1pump","56","0.440790121","","","","","","","","","","","","","","","0.440790121","0","10","1","0","0","4878.41","3","433.31","433.31","0.6","0.6","131","","0","0","1","0","0","","","","","","","","","","","","0.000004878","0.000004878","","","","","","2026-08-06T15:47:22.744Z","2026-08-06T15:47:52.559Z","","","","",""
"BOOPDOG","w1XFUKBLz2gvP6sLLwVsUmcHLSryVWDszzAq71ipump","56","3.950617282","","","","","","","","","","","","","","","","","","","","","","","","","","","","","","","","","","","","","","","","","","","","","0.000002051","","","","","","","2026-08-06T15:47:28.913Z","","","","","",""
"boopdog","6mbu3puNDUyoogUmtJkoXhHbSumwt7NckeXTYt2jVkg","","","","","","","","","","","","","","","","","","","","","","","","","","","","","","","","","","","","","","","","","","","","","","","","","","","","","0.000002142","","","","","","2026-08-06T15:47:28.954Z",""
"CAP","88HtZHbSqEhQzFCxJQERPiQzcZvjU5N5vNxQBwV55bMJ","","","","","","","","","","","","","","","","","","","","","","","","","","","","","","","","","","","","","","","","","","","","","","","","","","","","","0.000002328","","","","","","2026-08-06T15:47:34.741Z",""
"wif","6ian6iadZ8CZwmyXL2ZAD9d4Yhafd2giCCFePj27pump","71","5","","","","","","","","","","","","","","","","","","","","","","","","","","","","","","","","","","","","","","","","","","","","","0.000002154","","","","","","","2026-08-06T15:47:40.896Z","","","","","",""
"boopdog","53jn9ka2jwMQFm6FTfqFmonxWQmPPhgyLP7RFtgDELfM","","","","","","","","","","","","","","","","","","","","","","","","","","","","","","","","","","","","","","","","","","","","","","","","","","","","","0.000002334","","","","","","2026-08-06T15:47:46.731Z",""
"BOOPDOG","14MDfGMWvdBPJMZcHkcFeDdvHFHC5erp7AAYKPeWpump","55","3.950617282","","","","","","","","","","","","","","","","","","","","","","","","","","","","","","","","","","","","","","","","","","","","","0.000002055","","","","","","","2026-08-06T15:47:46.777Z","","","","","",""
"BOOP","7Mj5S9sBefG4P5P7LWnHJrq74b6nWFr9WeKx6Br2pump","55","5","","","","","","","","","","","","","","","","","","","","","","","","","","","","","","","","","","","","","","","","","","","","","0.000002052","","","","","","","2026-08-06T15:47:46.820Z","","","","","",""
"FUNNICAT","9BmM7qEog6FBh7Egx5dDtcYrchAHRuJoUs7SXfQEpump","56","0.034517265","","","","","","","","","","","","","","","","","","","","","","","","","","","","","","","","","","","","","","","","","","","","","0.000004391","","","","","","0.000002107","2026-08-06T15:47:52.920Z","","","","","2026-08-06T15:48:34.696Z",""
"boopdog","DfpSmbkdiv8TrPjUgQyx5LF48rCA7KGRyYz6DEngotZ4","","","","","","","","","","","","","","","","","","","","","","","","","","","","","","","","","","","","","","","","","","","","","","","","","","","","","0.00000233","","","","","","2026-08-06T15:47:52.986Z",""
"Bernie","2TfCBTpK3mcZ2KQXZfk7Ck8PP4Wk51gqc3DePzMxpump","57","5","","","","","","","","","","","","","","","","","","","","","","","","","","","","","","","","","","","","","","","","","","","","","0.000002156","","","","","","","2026-08-06T15:47:58.920Z","","","","","",""
"BERNIE","3bzqdGzm7nXnWJhro7BqzKCeJh4mNNnWETiLQzgipump","61","5.432098763","","","","","","","0","0","-4.6","","","0","0","902","5.432098763","0","5","0","0","0","2154.77","3","853.17","853.17","0.6","0.6","-24.72","","0","0","1","0","0","","","","","","","","","","","","0.000002154","0.000002154","","","","","","2026-08-06T15:48:05.613Z","2026-08-06T15:49:04.517Z","","","","",""
"Bernie","8o2WTzxxhsCXbyXMcLU8YW96fXJThUffKoPD9kGd6Yzs","","","","","","","","","","","","","","","","","","","","","","","","","","","","","","","","","","","","","","","","","","","","","","","","","","","","","0.000002054","","","","","","2026-08-06T15:48:11.011Z",""
"Bernese","HEMUtB2PEJZf7X4JQNp36ywr6nyvMzNvSvxo1dGCpump","58","2.962962961","","","","","","","","","","","","","","","","","","","","","","","","","","","","","","","","","","","","","","","","","","","","","0.000002063","","","","","","","2026-08-06T15:48:40.697Z","","","","","",""
"NUCBAN","m2C1mdXepUKsb5znDak9gA7LS9f8YJMLnLfAWwhpump","","","","","","","","","","","","","","","","","","","","","","","","","","","","","","","","","","","","","","","","","","","","","","","","","","","","","5.262e-8","","","","","","2026-08-06T15:49:16.890Z",""
"WIZA","B4xRf2c2Va6XgaeC9wWVZSh7EhzxAVLcw3uq5Lcppump","","","","","","","","","","","","","","","","","","","","","","","","","","","","","","","","","","","","","","","","","","","","","","","","","","","","","1.84e-7","","","","","","2026-08-06T15:49:28.972Z",""
"cashbear","DHHZBP3X34GsfkxxWYbKCFN7Hx4qBz8P6N6AVxydpump","58","5","","","","","","","","","","","","","","","","","","","","","","","","","","","","","","","","","","","","","","","","","","","","","0.000002276","","","","","","","2026-08-06T15:49:29.007Z","","","","","",""
"CLIP","EwNMhNZL98FJdHQXWk1QJppxg9LchQzfVZvTrqVjpump","","","","","","","","","","","","","","","","","","","","","","","","","","","","","","","","","","","","","","","","","","","","","","","","","","","","","0.000001073","","","","","","2026-08-06T15:49:34.785Z",""
"WIZA","9ZJrsjtic7akEUyTLSf9U8Q26fzgiYXZDZC58SE6pump","","","","","","","","","","","","","","","","","","","","","","","","","","","","","","","","","","","","","","","","","","","","","","","","","","","","","0.000001081","","","","","","2026-08-06T15:49:47.247Z",""
"love2009","DMshmviMLKQgU4GmdRiYmi49hwsbhfQLuYBGenGSpump","","","","","","","","","","","","","","","","","","","","","","","","","","","","","","","","","","","","","","","","","","","","","","","","","","","","","0.000001368","","","","","","2026-08-06T15:50:35.062Z",""
"Murphy","5vDK3k8BVUVNa5uT9f5c9XNgaDZjs3BVckax9fdmpump","63","0.15","","","","","","","","","","","","","","","","","","","","","","","","","","","","","","","","","","","","","","","","","","","","","0.000001669","","","","","","9.787e-7","2026-08-06T15:50:40.982Z","","","","","2026-08-06T15:51:22.767Z",""
"CURIOSITY⁠","FMVDZhPEmygqZRwBcXqRdvpQpkpEr6JT9UrJN4sEpump","56","3.5","","","","","","","","","","","","","","","","","","","","","","","","","","","","","","","","","","","","","","","","","","","","","0.000002157","","","","","","","2026-08-06T15:50:46.888Z","","","","","",""
"Curiosity","48jQHqpiwDB9MaHHKNstzUHJjiUkXd2kLQioXR3Spump","57","6","","","","","","","","","","","","","","","","","","","","","","","","","","","","","","","","","","","","","","","","","","","","","0.000002158","","","","","","","2026-08-06T15:50:52.761Z","","","","","",""
"WIZA","Mqzqo2c1JiWuUX73FdPTKjYvZYskbikE7q1zzWGpump","","","","","","","","","","","","","","","","","","","","","","","","","","","","","","","","","","","","","","","","","","","","","","","","","","","","","6.968e-8","","","","","","2026-08-06T15:51:16.999Z",""
"Jibanyan","GoYgKp7R8VTcJveLzm6sfbVB3XJYeh1EYjftWzCipump","70","4.938271603","auto","168.301","30.108","8.273","131.858","yes","109.5","870","-3","yes","700","-40.6","252.7","910","4.938271603","0","0","0","0","0","8477.88","3","4802.42","4802.42","0.746","0.746","204","","0","0","1","0","1","-16.550666509378317","5.584730635716955","-20.96458172675146","-23","0","STOP_LOSS","","","","","0.035296","0.000004888","0.000008477","0.000005036","0.000008950417615989727","0.000007074","0.000007074","","2026-08-06T15:51:17.088Z","2026-08-06T15:52:16.627Z","2026-08-06T15:52:46.735Z","2026-08-06T15:52:55.008Z","2026-08-06T15:55:04.928Z","","2026-08-06T15:55:06.866Z"
"GETREKT","REKTCCotnUfdhnjTBnpgySbKwcWVYK6YGvnDnGaNobt","70","4.938271603","","","","","","","","","","","","","","","","","","","","","","","","","","","","","","","","","","","","","","","","","","","","","0.000002055","","","","","","","2026-08-06T15:51:17.196Z","","","","","",""
"Kettle","7ebomxYCkD4ftGs1iEKhZJiDsVCb272B348y2zU9pump","","","","","","","","","","","","","","","","","","","","","","","","","","","","","","","","","","","","","","","","","","","","","","","","","","","","","3.737e-7","","","","","","2026-08-06T15:51:40.811Z",""
"UNHYET","CfP56AB6fVy3kxjDyo8rLcMM5EWMV5vfgxqpH7PGpump","","","","","","","","","","","","","","","","","","","","","","","","","","","","","","","","","","","","","","","","","","","","","","","","","","","","","1.318e-8","","","","","","2026-08-06T15:51:59.006Z",""
"CECE","9yyB3y2kfNVBzTGU8ftDm8rkvH4YaTGXB17MKupApump","63","2.962962961","","","","","","","","","","","","","","","","","","","","","","","","","","","","","","","","","","","","","","","","","","","","","0.000003658","","","","","","","2026-08-06T15:52:04.741Z","","","","","",""
"JINPACHI","8zcRbABJ9T9cE5KsvZsCi7bKGkokinZRqpAgD4Wepump","58","0.15","","","","","","","","","","","","","","","0.15","0","3","1","0","0","9005.25","3","1601.65","1601.65","0.563","0.563","334","","0","0","1","0","0","","","","","","","","","","","","0.000003872","0.000009005","","","","","","2026-08-06T15:52:11.067Z","2026-08-06T15:53:10.525Z","","","","",""
"PUNA","79szxkPXRiNyH6DHJWhzFq4ZHrgQ4sdQePdYeGTCpump","75","6.716049381","auto","","30.025","","","","330.7","216","-42.4","","","61.8","166.3","906","6.716049381","0","0","0","0","0","8005.49","3","2149.66","2149.66","0.947","0.947","160","","0","0","1","0","1","","","","","","","","","","","","0.000005182","0.000008005","0.00001295","","","","","2026-08-06T15:52:11.105Z","2026-08-06T15:53:10.672Z","2026-08-06T15:53:40.697Z","","","",""
"Dog","7K5BxKaKnjF5g3LRzuYrVJin3pU85SL7K5cVU6X9pump","60","1.000156273","","","","","","","","","","","","","","","","","","","","","","","","","","","","","","","","","","","","","","","","","","","","","0.000002395","","","","","","0.000001035","2026-08-06T15:52:40.784Z","","","","","2026-08-06T15:53:52.822Z",""
"HRANESS","GdNSxHnG2q7iyNQYrXm2fcNdQbPcKUgHpx7W9Y3Xpump","71","5","","","","","","","0","0","-2.1","","","0","0","902","5","0","0","0","0","0","2094.07","3","913.08","913.08","0.571","0.571","-25.07","","0","0","1","0","0","","","","","","","","","","","","0.000002094","0.000002094","","","","","","2026-08-06T15:53:04.742Z","2026-08-06T15:54:04.550Z","","","","",""
"COW","FMdQXS9NLES5PpoRxnBM8gZBDWcHR3aA8jLHVkCvpump","55","1.8","","","","","","","","","","","","","","","","","","","","","","","","","","","","","","","","","","","","","","","","","","","","","0.000002053","","","","","","","2026-08-06T15:53:04.931Z","","","","","",""
"Dealer","EJKwXFFMpBm5fS6yJjVisfQmQbVvBeYGYdbr9Xibpump","57","0.15","","","","","","","","","","","","","","","0.15","0","4","1","0","0","6572.71","3","77.79","77.79","0.846","0.846","217","","0","0","1","0","0","","","","","","","","","","","","0.000006572","0.000006572","","","","","","2026-08-06T15:53:11.116Z","2026-08-06T15:54:16.525Z","","","","",""
"PAWTION","36gjRvcJsz7KHjhRu5VLPHm7VaqXrQERKfFaCUNtpump","55","5","","","","","","","","","","","","","","","","","","","","","","","","","","","","","","","","","","","","","","","","","","","","","0.000002227","","","","","","","2026-08-06T15:53:40.838Z","","","","","",""
"BACK","jwTb47Mx4e4PN1DTCJdTMLQZ36ActgoXh3ijEMApump","55","3.5","","","","","","","","","","","","","","","","","","","","","","","","","","","","","","","","","","","","","","","","","","","","","0.000002156","","","","","","","2026-08-06T15:54:04.727Z","","","","","",""
"UNEMP","H1fqqoo7Xj7e6HJqnsBtvLBH9cmPkvwCXjoRYdtxpump","","","","","","","","","","","","","","","","","","","","","","","","","","","","","","","","","","","","","","","","","","","","","","","","","","","","","3.402e-7","","","","","","2026-08-06T15:54:10.889Z",""
"SIAMESE","5uTpSpN1pw4KCjRCxWMndXsBXcdaD4SDAm4thKAKpump","","","","","","","","","","","","","","","","","","","","","","","","","","","","","","","","","","","","","","","","","","","","","","","","","","","","","1.906e-7","","","","","","2026-08-06T15:54:16.806Z",""
"MEMECOINS","HRZMMcYTxFMAWAQ3vBUEsRvnNopQhodS455eejKjpump","56","5","","","","","","","","","","","","","","","","","","","","","","","","","","","","","","","","","","","","","","","","","","","","","0.000002155","","","","","","","2026-08-06T15:54:22.800Z","","","","","",""
"WASB","3rZpSZ9GVNEjK7y6imeSXtShMVkGTWxAFNNSotRNpump","63","3","","","","","","","","","","","","","","","","","","","","","","","","","","","","","","","","","","","","","","","","","","","","","0.000002052","","","","","","","2026-08-06T15:54:46.780Z","","","","","",""
"Nigger","8BQ1rntHqwrR973pkQMFKSvamHmBANKQQtZtigFCpump","63","3","","","","","","","","","","","","","","","","","","","","","","","","","","","","","","","","","","","","","","","","","","","","","0.000005012","","","","","","","2026-08-06T15:55:04.754Z","","","","","",""
"MAB","hMVWR8beNsQVpE1zcNqNu4WM7KEhNoVdVPtwAdepump","55","5","","","","","","","","","","","","","","","","","","","","","","","","","","","","","","","","","","","","","","","","","","","","","0.000002155","","","","","","","2026-08-06T15:55:04.837Z","","","","","",""
"Moose","DYXDsWxHS6s8yijmQFQmfGNGzqyFCTnAhTcb6sFsvJch","67","4","","","","","","","","","","","","","","","","","","","","","","","","","","","","","","","","","","","","","","","","","","","","","0.000002147","","","","","","","2026-08-06T15:55:04.864Z","","","","","",""
"PANTS","G8bc7LYU7UEpNwqCQAhpMfG8zDQhNvg3W71uZTqZpump","63","2.962962961","","","","","","","","","","","","","","","","","","","","","","","","","","","","","","","","","","","","","","","","","","","","","0.000002051","","","","","","","2026-08-06T15:55:10.900Z","","","","","",""
"MAB","2jHN6C1Jmcx48WTrjGny2STo4M4e7WyFwjdcPaPHpump","58","3","","","","","","","","","","","","","","","","","","","","","","","","","","","","","","","","","","","","","","","","","","","","","0.000002051","","","","","","","2026-08-06T15:55:22.778Z","","","","","",""
"SIAMESE","3sMnX441xJ95gcECNnpf7JiwfYP41DNVwpE3zMa8pump","","","","","","","","","","","","","","","","","","","","","","","","","","","","","","","","","","","","","","","","","","","","","","","","","","","","","3.907e-8","","","","","","2026-08-06T15:55:46.711Z",""
"greenback","3EQcRLGwSfq6Cmy2pVcfpncMutEgaYmoc5t8LmWhpump","","","","","","","","","","","","","","","","","","","","","","","","","","","","","","","","","","","","","","","","","","","","","","","","","","","","","8.466e-7","","","","","","2026-08-06T15:55:46.749Z",""
"MAB","F9esuQGFRGFGBjDgE7LTyYtwXEVj1woAo3n7LAfTj3nB","68","4.2","","","","","","","","","","","","","","","","","","","","","","","","","","","","","","","","","","","","","","","","","","","","","0.000002155","","","","","","","2026-08-06T15:55:52.797Z","","","","","",""
"WASB","TSL55PdnTFFW9sseCJbAkiHbTq3mJMcTdkSNzLXpump","63","2.962962961","","","","","","","","","","","","","","","","","","","","","","","","","","","","","","","","","","","","","","","","","","","","","0.000002113","","","","","","","2026-08-06T15:56:28.813Z","","","","","",""
"Nubo","5NdgzKZxNtGdtbdFL163r7d78nm6vGP75w1jSDKupump","","","","","","","","","","","","","","","","","","","","","","","","","","","","","","","","","","","","","","","","","","","","","","","","","","","","","4.494e-7","","","","","","2026-08-06T15:57:16.801Z",""
"SIAMESE","5wTcu2dnoHo3zDv1WNn1Dcz2aaDwbRKcbqcw5xEVpump","56","0.18765432","","","","","","","","","","","","","","","","","","","","","","","","","","","","","","","","","","","","","","","","","","","","","0.000004516","","","","","","","2026-08-06T15:57:22.793Z","","","","","",""
"MEME2","G6gfpisfUEkYfEGwPTAvrdR67wEsGeTquQUWJxm3pump","63","3","","","","","","","","","","","","","","","","","","","","","","","","","","","","","","","","","","","","","","","","","","","","","0.000002126","","","","","","","2026-08-06T15:57:58.813Z","","","","","",""
"BULLSHARK","32Yu2AgdxGANwCtEzkHdfApr6nPNNm9mvtcWrtxcpump","","","","","","","","","","","","","","","","","","","","","","","","","","","","","","","","","","","","","","","","","","","","","","","","","","","","","1.751e-7","","","","","","2026-08-06T15:57:58.886Z",""
"MARMOTS ","BcT4Wdw5QMX3PUiDAU7JpyY54i9mkpxNv1bY6GDZpump","63","2.962962961","","","","","","","25.7","150","-29.7","","","3.7","21.2","910","2.962962961","0","0","0","0","0","4830.7","3","8553.3","8553.3","0.59","0.59","95.19","","0","0","1","0","1","","","","","","","","","","","","0.000003688","0.00000483","","","","","","2026-08-06T15:58:10.764Z","2026-08-06T15:59:16.530Z","","","","",""
"$wif","HVB5j4Yta65TkDDd9jPnLMRda55u9DBfKVZsPjNXpump","","","","","","","","","","","","","","","","","","","","","","","","","","","","","","","","","","","","","","","","","","","","","","","","","","","","","1.47e-7","","","","","","2026-08-06T15:58:16.718Z",""
"BULLSHARK","59tGGEe6ihFupqUHj2AngkLhJTmArwwojafoaLwrpump","90","6.913580245","","","","","","","","","","","","","","","","","","","","","","","","","","","","","","","","","","","","","","","","","","","","","0.00001494","","","","","","","2026-08-06T15:58:17.034Z","","","","","",""
"BULLSHARK","xzRdY2Q519oEyy1D6d2br8DsoWkiW7k6A46Yih5pump","","","","","","","","","","","","","","","","","","","","","","","","","","","","","","","","","","","","","","","","","","","","","","","","","","","","","1.814e-7","","","","","","2026-08-06T15:58:46.714Z",""
"Bob","7VotB9uPjy2Q5vgCCQ56xLQiAjCVr7eyxxUseqEykakQ","64","4.2","","","","","","","","","","","","","","","","","","","","","","","","","","","","","","","","","","","","","","","","","","","","","0.000002146","","","","","","","2026-08-06T15:58:46.775Z","","","","","",""
"cwg","37jL5URUeYMueLyz96pmLQWip8GaF45uREU6ibLzpump","55","5","","","","","","","","","","","","","","","","","","","","","","","","","","","","","","","","","","","","","","","","","","","","","0.000002161","","","","","","","2026-08-06T15:58:46.822Z","","","","","",""
"BULLSHARK","FYQiuWGmyZXSAYabYCbDyGxuPpXohfPUM7qVdkfZpump","","","","","","","","","","","","","","","","","","","","","","","","","","","","","","","","","","","","","","","","","","","","","","","","","","","","","1.832e-7","","","","","","2026-08-06T15:59:04.734Z",""
"Bob","8KrQYaLeybvwVww3M53tqJPH9u4yXFGpSkpfgAmxqBVz","61","4.2","","","","","","","","","","","","","","","","","","","","","","","","","","","","","","","","","","","","","","","","","","","","","0.000002154","","","","","","","2026-08-06T15:59:28.701Z","","","","","",""
"$IRS","YwHedzkRDNcsgMCeQBMTM6CgWtPmAyzrrqhDq7hpump","61","0.069135801","","53.944","","","","","0","0","-63","","","0","0","902","0.069135801","0","1","1","0","0","2065.16","3","7.24","7.24","1","1","0.24","","0","0","1","0","0","-10.363196125907999","","","","","","","","","","","0.000001851","0.000002065","","","0.000001851","","","2026-08-06T16:00:28.485Z","2026-08-06T15:59:34.583Z","","","2026-08-06T16:00:28.527Z","",""
"DAV","7g9nobzKdV1zrJccRFk3ieoHkSY2FyD68iK7UCbcpump","","","","","","","","","","","","","","","","","","","","","","","","","","","","","","","","","","","","","","","","","","","","","","","","","","","","","1.674e-7","","","","","","2026-08-06T15:59:53.095Z",""
"KITESURF","Baj7BjgGWxmUkakXe4AMmNQvHD1ZJqsCFYoPuaJCpump","58","3","","","","","","","","","","","","","","","3","0","1","0","0","0","2154.18","3","556.58","556.58","0.6","0.6","-13.24","","0","0","1","0","0","","","","","","","","","","","","0.000002154","0.000002154","","","","","","2026-08-06T16:00:23.220Z","2026-08-06T16:01:28.527Z","","","","",""
"$UP","HxDFpbuGBhGz4Zpuz8M5VUojodvpmdaBCMwXAbYGpump","74","0.70010939","","","","","","","","","","","","","","","","","","","","","","","","","","","","","","","","","","","","","","","","","","","","","0.000002718","","","","","","","2026-08-06T16:00:34.901Z","","","","","",""
"Joe","Hmhmeqzpx9W5FdVd3qSpPk4qLpzJdRVR8DwtXupMpump","61","3.456790121","","","","","","","","","","","","","","","","","","","","","","","","","","","","","","","","","","","","","","","","","","","","","0.000002284","","","","","","","2026-08-06T16:01:04.804Z","","","","","",""
"NIGGA","2PrZjxcYHkuq5w57KG2nVe7vWACVJsKVYKpU9rhppump","","","","","","","","","","","","","","","","","","","","","","","","","","","","","","","","","","","","","","","","","","","","","","","","","","","","","1.275e-7","","","","","","2026-08-06T16:01:04.972Z",""
"Lumo","BAJzC3EW6nyJx6Cb9ws11ha3We4ifwQsQVeh87H9pump","56","1.876543208","","","","","","","","","","","","","","","","","","","","","","","","","","","","","","","","","","","","","","","","","","","","","0.000002152","","","","","","","2026-08-06T16:01:16.858Z","","","","","",""
"Bob","9XaGPQUrcWBVTtc2zEX27KLPNVjMfsqEzTKxm6xrpump","65","3.5","","","","","","","","","","","","","","","","","","","","","","","","","","","","","","","","","","","","","","","","","","","","","0.000005147","","","","","","","2026-08-06T16:01:16.931Z","","","","","",""
"BOB","H2wyr9WbRaPSzaHP3hRBJwWAzbM4UewAP58uB8CPpump","60","3.456790121","","","","","","","","","","","","","","","","","","","","","","","","","","","","","","","","","","","","","","","","","","","","","0.000002152","","","","","","","2026-08-06T16:01:22.722Z","","","","","",""
"Joe","247RM48PfaHvV8dx7449Y11Sx2rWKTCNCPJP673fpump","66","0.09875","","","","","","","","","","","","","","","","","","","","","","","","","","","","","","","","","","","","","","","","","","","","","0.000001545","","","","","","2.752e-7","2026-08-06T16:01:28.748Z","","","","","2026-08-06T16:02:11.018Z",""
"PANTS","DP4iHoPUHzUYN18texivLy54TNTMcFnMRAZDQCobpump","63","2.962962961","","","","","","","","","","","","","","","","","","","","","","","","","","","","","","","","","","","","","","","","","","","","","0.000002156","","","","","","","2026-08-06T16:01:28.792Z","","","","","",""
"$UP","9ntw2AuRrFwftDc4CEmDUU5v1CJC6mJmF6V9QsFPpump","","","","","","","","","","","","","","","","","","","","","","","","","","","","","","","","","","","","","","","","","","","","","","","","","","","","","0.000001047","","","","","","2026-08-06T16:01:46.772Z",""
"JDA","CweeoFZktypjm5QcVe6gayN9WGTRLqkf1J7p8HrMpump","65","0.028309928","","","","","","","","","","","","","","","0.028309928","0","0","1","0","0","5344.76","3","16.45","16.45","0.625","0.625","-0.98","","0","0","1","0","0","","","","","","","","","","","","0.000005344","0.000005344","","","","","","2026-08-06T16:01:46.806Z","2026-08-06T16:02:52.629Z","","","","",""
"SIAMESE","4F2QPaztH3cmyBHHPxxkaGamvoFZdqZcpE4ZcGiTpump","","","","","","","","","","","","","","","","","","","","","","","","","","","","","","","","","","","","","","","","","","","","","","","","","","","","","1.725e-7","","","","","","2026-08-06T16:01:52.816Z",""
"BOB","3oQw9pj3ev3M7ZpdzQVgTe1h9h2Y8Hfi3V1KfXJXpump","77","5","","","","","","","","","","","","","","","","","","","","","","","","","","","","","","","","","","","","","","","","","","","","","0.000002151","","","","","","","2026-08-06T16:02:04.978Z","","","","","",""
"top","ErYwoyznwKasYvnM8MEjLb9e319h8csAJtpMnkaUpump","63","2.962962961","","","","","","","","","","","","","","","","","","","","","","","","","","","","","","","","","","","","","","","","","","","","","0.000002844","","","","","","","2026-08-06T16:02:22.884Z","","","","","",""
"DADDY","DW6Y8GqJzcdV5Fc8qstgSLnzHsHGVm1C6g7AA2p2pump","99","3.950617282","","","","","","","","","","","","","","","","","","","","","","","","","","","","","","","","","","","","","","","","","","","","","0.000002147","","","","","","","2026-08-06T16:02:34.911Z","","","","","",""
"Emilio","38uiThnKwSQYQeo4BV12V8LqZswvppMHKYJUDmz7mxdS","63","4","","","","","","","","","","","","","","","4","0","1","0","0","0","2065.95","3","3327.25","3327.25","0.654","0.654","-21.51","","0","0","1","0","0","","","","","","","","","","","","0.000002152","0.000002065","","","","","","2026-08-06T16:02:40.887Z","2026-08-06T16:04:34.713Z","","","","",""
"$UP","JAaHKefXpyxvYZ5km3MGBCXH2tFVFqwJbBnLKEkBpump","","","","","","","","","","","","","","","","","","","","","","","","","","","","","","","","","","","","","","","","","","","","","","","","","","","","","3.132e-8","","","","","","2026-08-06T16:02:58.779Z",""
"NINOX","Es9Cp1rMysfsd3eVbaPcnwmbN1ppsZvdTXiwcMjtpump","71","5","","12.515","","","","","0","0","-72.8","","","-23.2","0","182","5","0","0","0","0","0","12216.32","3","35301.53","35301.53","0.569","0.569","338","","0","0","1","0","1","-23.16134316134317","","","","","","","","","","","0.000005827","0.00001221","","","0.000009382","","","2026-08-06T16:02:58.859Z","2026-08-06T16:04:34.493Z","","","2026-08-06T16:04:47.008Z","",""
"SID","FH9sdMmKf2ctiCtUJWK1hTRutHV9MeBVDmqXwN68pump","56","5","","","","","","","","","","","","","","","","","","","","","","","","","","","","","","","","","","","","","","","","","","","","","0.000002152","","","","","","","2026-08-06T16:03:10.860Z","","","","","",""
"GUGU","CKFpJQBEks2ncGzHtrPr9UtDPttXxqBRuhnzYAYfpump","58","0.059259258","","","","","","","","","","","","","","","","","","","","","","","","","","","","","","","","","","","","","","","","","","","","","0.000003995","","","","","","7.762e-8","2026-08-06T16:03:11.250Z","","","","","2026-08-06T16:04:22.851Z",""
"Joe","247RQsDs8vwdrtRPaPpBDqKDYNtR8NFqzj8WWtGApump","","","","","","","","","","","","","","","","","","","","","","","","","","","","","","","","","","","","","","","","","","","","","","","","","","","","","3.29e-7","","","","","","2026-08-06T16:03:34.890Z",""
"mimi","HgKZeyPEXLneY3sTuaftEHoTMCr2x3tqg85jtTc8pump","58","3.4","","","","","","","","","","","","","","","","","","","","","","","","","","","","","","","","","","","","","","","","","","","","","0.000002145","","","","","","","2026-08-06T16:03:52.852Z","","","","","",""
"Bobby","J3RCWUYjwwt6RjUGVf2BVhkTjim1vstrh6qRX4DUpump","64","5","","","","","","","","","","","","","","","","","","","","","","","","","","","","","","","","","","","","","","","","","","","","","0.000002049","","","","","","","2026-08-06T16:03:58.921Z","","","","","",""
"DADDY","HWMDG8RCoVCznmzjMUoAbX1mYrHU8eyNFQmcZjtvpump","97","4.938271603","","","","","","","","","","","","","","","","","","","","","","","","","","","","","","","","","","","","","","","","","","","","","0.000003205","","","","","","","2026-08-06T16:04:10.907Z","","","","","",""
"Gianfranco","DTY7tZFuEe8FhXdJcb7LdTcWguRZ9oXg3ZLVmrsTpump","56","3","","","","","","","","","","","","","","","","","","","","","","","","","","","","","","","","","","","","","","","","","","","","","0.000002048","","","","","","","2026-08-06T16:04:41.051Z","","","","","",""
"Beatrice","JAGLugcFvGhHaXggse3tLa41pDhWyuHFsBUjKosspump","76","5","","","","","","","","","","","","","","","","","","","","","","","","","","","","","","","","","","","","","","","","","","","","","0.000002049","","","","","","","2026-08-06T16:04:46.880Z","","","","","",""
"$bonk","F3Hz23NK5gWTyfXZREqb7Az5J5hiv6ARo5H5vJ2apump","71","0.098765431","","","","","","","","","","","","","","","0.098765431","1","10","1","0","0","3775.61","3","1526.36","1526.36","0.567","0.567","82.97","","0","0","1","0","0","","","","","","","","","","","","0.000001324","0.000003775","","","","","","2026-08-06T16:04:59.068Z","2026-08-06T16:06:04.540Z","","","","",""
"Gianfranco","9owT22E415oaWKnyYKrmXFzFrMPCNLXx4aLUyuzcpump","75","5","","","","","","","","","","","","","","","","","","","","","","","","","","","","","","","","","","","","","","","","","","","","","0.00000234","","","","","","","2026-08-06T16:05:11.045Z","","","","","",""
"troll","AYKeevdZHFi5UK5cUpXzpYtKnvmPuXBrRTNvvWMxpump","","","","","","","","","","","","","","","","","","","","","","","","","","","","","","","","","","","","","","","","","","","","","","","","","","","","","5.51e-7","","","","","","2026-08-06T16:05:16.973Z",""
"MUSK","D7DNuNJGvRm4XmnvHCJfcK8hoWhbaoFZqtGYB6QZpump","55","5","","","","","","","","","","","","","","","","","","","","","","","","","","","","","","","","","","","","","","","","","","","","","0.000002048","","","","","","","2026-08-06T16:05:28.977Z","","","","","",""
"NINOX","BoCa7Bcg5ivjxiJzy7g4vS9zb65q6idMQGLGzYM1pump","58","3.950617282","","","","","","","","","","","","","","","","","","","","","","","","","","","","","","","","","","","","","","","","","","","","","0.000002048","","","","","","","2026-08-06T16:05:34.859Z","","","","","",""
"SYRN ","D7QFdxEyHk9gGvmASpWipvdBUNsSjevmxk3TjS7Z66xC","93","4.938271603","","","","","","","","","","","","","","","","","","","","","","","","","","","","","","","","","","","","","","","","","","","","","0.000002151","","","","","","","2026-08-06T16:05:34.931Z","","","","","",""
"Sid","9mMxFufvHtgyJsM1p73512fqmgHyJrcAAdgFuGdYpump","63","3","","","","","","","","","","","","","","","","","","","","","","","","","","","","","","","","","","","","","","","","","","","","","0.000002051","","","","","","","2026-08-06T16:05:40.728Z","","","","","",""
"Gianfranco","4GN6P6DBC8aQ4G58SCNDQSy1KSWBgXrVLSpRgG1xpump","61","3.5","","","","","","","","","","","","","","","","","","","","","","","","","","","","","","","","","","","","","","","","","","","","","0.00000215","","","","","","","2026-08-06T16:05:40.799Z","","","","","",""
"memecoin","6mQ8oUG3TUXNm8o8iTbZqFzwqa1kahMzD9itXu16pump","56","4","","","","","","","","","","","","","","","","","","","","","","","","","","","","","","","","","","","","","","","","","","","","","0.00001545","","","","","","","2026-08-06T16:05:58.816Z","","","","","",""
"LMP","LMPvQyeG3jJwVb5oLSdEZdohZsDt6nGArpTmGd3i2sc","","","","","","","","","","","","","","","","","","","","","","","","","","","","","","","","","","","","","","","","","","","","","","","","","","","","","0.000002063","","","","","","2026-08-06T16:06:05.107Z",""
"LESTER","247RSLxQYg8MwDnGgqixCcX4U9LPRURaWTuNvL8spump","59","0.09875","","","","","","","","","","","","","","","","","","","","","","","","","","","","","","","","","","","","","","","","","","","","","0.00001637","","","","","","","2026-08-06T16:06:16.864Z","","","","","",""
"Moe","7jAqYGSpqV6kcPWsTYzjg32JWCK6udyc9guKnJtLx8zP","92","4.2","","","","","","","","","","","","","","","","","","","","","","","","","","","","","","","","","","","","","","","","","","","","","0.000002146","","","","","","","2026-08-06T16:06:34.680Z","","","","","",""
"LESTER","247RTmy5dqLQA778ATDqzsHFWyFXTV5qBCbc2Eivpump","","","","","","","","","","","","","","","","","","","","","","","","","","","","","","","","","","","","","","","","","","","","","","","","","","","","","4.239e-7","","","","","","2026-08-06T16:06:40.889Z",""
"MEMECOIN","E9dJcMjyNJ39UQZvAa8dJ5n1emYTrwowpPintFTvpump","57","3.950617282","","","","","","","","","","","","","","","","","","","","","","","","","","","","","","","","","","","","","","","","","","","","","0.00000205","","","","","","","2026-08-06T16:06:40.948Z","","","","","",""
"memecoin","ADc7aFG42mymJGnmZ5cDzM5oKryk4PakzPbjoRd5pump","56","2.962962961","","","","","","","","","","","","","","","","","","","","","","","","","","","","","","","","","","","","","","","","","","","","","0.000002152","","","","","","","2026-08-06T16:06:40.999Z","","","","","",""
"memecoin","3NXhGUqiDjkkAwJThHp95dUkXg5VJgm7w9aBEjr5pump","56","0.15","","","","","","","","","","","","","","","","","","","","","","","","","","","","","","","","","","","","","","","","","","","","","0.000001942","","","","","","","2026-08-06T16:07:04.697Z","","","","","",""
"memes","69znPAFiPGjQXK6U4vac5CqNakjCHhS8iJVbquYzpump","57","5","","","","","","","","","","","","","","","","","","","","","","","","","","","","","","","","","","","","","","","","","","","","","0.000002952","","","","","","","2026-08-06T16:07:04.747Z","","","","","",""
"memecoin","BsaqrW4ABwdyVsWc5fCRKGnDa5jFnN76KCuJ1ySQpump","","","","","","","","","","","","","","","","","","","","","","","","","","","","","","","","","","","","","","","","","","","","","","","","","","","","","1.47e-7","","","","","","2026-08-06T16:07:16.676Z",""
"NIGBALLS","9DzwLgZMJfzznq5nauuZUKNd4dR6GxifBP669SFzpump","65","0.03145511","","","","","","","","","","","","","","","","","","","","","","","","","","","","","","","","","","","","","","","","","","","","","0.000004901","","","","","","","2026-08-06T16:07:22.815Z","","","","","",""
"TINYTANK","247RthgwFMKTu29kCAjCpdi97jPZhJJXo16xbqjKpump","","","","","","","","","","","","","","","","","","","","","","","","","","","","","","","","","","","","","","","","","","","","","","","","","","","","","2.239e-7","","","","","","2026-08-06T16:07:28.669Z",""
"memecoin","8giVqPNPCuh7GFFWBnMecyZVKsPakoikru7tPGz5pump","58","3.456790121","","","","","","","","","","","","","","","","","","","","","","","","","","","","","","","","","","","","","","","","","","","","","0.000002118","","","","","","","2026-08-06T16:07:34.695Z","","","","","",""
"Moe","KDNNhGNfLGd1p23rVfHdWHcq6fVKvpwCfP7kdaZAXvm","88","4.2","","","","","","","","","","","","","","","","","","","","","","","","","","","","","","","","","","","","","","","","","","","","","0.000002152","","","","","","","2026-08-06T16:07:34.729Z","","","","","",""
"memecoin","BGvDFMPkBEQpvxaQMqnJqSZFFRB3B3bVB2HzVGmqpump","57","1.97530864","","","","","","","","","","","","","","","","","","","","","","","","","","","","","","","","","","","","","","","","","","","","","0.000002152","","","","","","","2026-08-06T16:07:40.856Z","","","","","",""
"Douglas","BqdxnUNZMvvqGgb1rvBxNxV5TJfD5BAd85vHFjH4pump","55","5","","","","","","","","","","","","","","","","","","","","","","","","","","","","","","","","","","","","","","","","","","","","","0.000002152","","","","","","","2026-08-06T16:07:46.692Z","","","","","",""
"ReTail","GWRgocVEbiFFH2NeqN2mGLnFKzaFxvxwmK7xWgjhpump","57","4.938271603","","","","","","","","","","","","","","","","","","","","","","","","","","","","","","","","","","","","","","","","","","","","","0.00000205","","","","","","","2026-08-06T16:07:52.738Z","","","","","",""
"ffo","8ERwuJK6MnBgCiH2M6u2ScungzobpiGVNcSVpw3Lpump","65","4.444444443","","","","","","","","","","","","","","","4.444444443","0","1","0","0","0","2717.31","3","362.51","362.51","0.75","0.75","0.55","","0","0","1","0","0","","","","","","","","","","","","0.000002717","0.000002717","","","","","","2026-08-06T16:07:58.894Z","2026-08-06T16:09:10.791Z","","","","",""
"ICM","Hn9TohD87huACypUjXxzjdDQPLHGzRoQZjaAaAzfpump","55","0.2","","","","","","","","","","","","","","","0.2","0","7","1","0","0","43581.9","3","484.82","484.82","0.787","0.787","1998","","0","0","1","0","0","","","","","","","","","","","","0.00004357","0.00004358","","","","","","2026-08-06T16:07:58.940Z","2026-08-06T16:09:17.014Z","","","","",""
"1MIL","Hm351pZShauaQCgDBzjzibWUUEggJQ5MWRoFCXLwpump","","","","","","","","","","","","","","","","","","","","","","","","","","","","","","","","","","","","","","","","","","","","","","","","","","","","","5.195e-7","","","","","","2026-08-06T16:07:58.977Z",""
"memecoin","CKPMhxXAshqNhFj5SZLfiPx9dhmafnDeEfD18hy2pump","60","5","","","","","","","","","","","","","","","","","","","","","","","","","","","","","","","","","","","","","","","","","","","","","0.000002152","","","","","","","2026-08-06T16:07:59.044Z","","","","","",""
"Douglas","247S3VrDU8M5yYSiaZfi1Wsb8DZQWMXYBHFvRhWEpump","55","0.09875","","","","","","","","","","","","","","","","","","","","","","","","","","","","","","","","","","","","","","","","","","","","","0.00001678","","","","","","","2026-08-06T16:08:28.732Z","","","","","",""
"Terafab","4E2qRRpKNUdCdudExrL9XK4VT6dQiKYuoPQqRzSnpump","","","","","","","","","","","","","","","","","","","","","","","","","","","","","","","","","","","","","","","","","","","","","","","","","","","","","2.211e-8","","","","","","2026-08-06T16:08:28.855Z",""
"Philip","8UpkvV4nzLRYoWBNHAuahgDZYEWQVWxTxu2ZPb9ppump","78","3.000468822","","","","","","","","","","","","","","","3.000468822","0","6","1","0","0","3979.96","3","2949.84","2949.84","0.591","0.591","60.45","","0","0","1","0","0","","","","","","","","","","","","0.000003276","0.000003979","","","","","","2026-08-06T16:08:34.772Z","2026-08-06T16:09:46.777Z","","","","",""
"$UP","3MrBxmduGS6nZDcQfGgpFfqT2wQtj7ipd19edmFDpump","57","0.100015626","","","","","","","","","","","","","","","","","","","","","","","","","","","","","","","","","","","","","","","","","","","","","0.000001579","","","","","","","2026-08-06T16:08:34.832Z","","","","","",""
"GAGA","8tvctAbDkjFwHyXXdeQHFcx4CAq7Sqkk4NTm65f7pump","91","0.059259258","","","","","","","","","","","","","","","0.059259258","1","4","1","0","0","3629.85","3","27.91","27.91","0.611","0.611","76.37","","0","0","1","0","0","","","","","","","","","","","","0.000003629","0.000003629","","","","","","2026-08-06T16:08:40.795Z","2026-08-06T16:09:52.741Z","","","","",""
"Douglas","5vJwpTbeugwX7PS9GxtqA2sm5BHiNa81pdoShUFMpump","58","3","","","","","","","","","","","","","","","","","","","","","","","","","","","","","","","","","","","","","","","","","","","","","0.000002119","","","","","","","2026-08-06T16:08:40.873Z","","","","","",""
"purrrsist","CGWmq3KJsitP23BvZ6bvWuPQngPZy73CWJrwNVAQpump","58","2.172839505","","12.295","","","","","","","","","","","","","2.172839505","0","0","0","0","0","3090.04","3","3271.29","3271.29","0.59","0.59","30.97","","0","0","1","0","0","-14.951456310679612","","","","","","","","","","","0.00000299","0.00000309","","","0.000002628","","","2026-08-06T16:08:46.737Z","2026-08-06T16:09:46.487Z","","","2026-08-06T16:09:58.782Z","",""
"RODEO","Gy9iLuiUUNaR13P2LEX3P6DMft8Qf9hgSp5wd8RSpump","57","1.97530864","","","","","","","","","","","","","","","","","","","","","","","","","","","","","","","","","","","","","","","","","","","","","0.000002051","","","","","","","2026-08-06T16:09:10.694Z","","","","","",""
"Douglas","DLeMP9BjaUb4fVfsYzBeeb9Cv2MhAMQbyvpzWMt6pump","68","3.950617282","","","","","","","","","","","","","","","","","","","","","","","","","","","","","","","","","","","","","","","","","","","","","0.000002483","","","","","","","2026-08-06T16:09:34.757Z","","","","","",""
"$UP","Ep4QaCewGMfZ4oSHaMfaqp4jCxxQ8sx4jnMvHJrYpump","","","","","","","","","","","","","","","","","","","","","","","","","","","","","","","","","","","","","","","","","","","","","","","","","","","","","3.714e-7","","","","","","2026-08-06T16:09:40.680Z",""
"Sammy","5adtQ3zL68QhpNJJYNTf6qWSXzb3WkU86BKPSh7Cpump","70","4.938271603","","","","","","","","","","","","","","","","","","","","","","","","","","","","","","","","","","","","","","","","","","","","","0.000003422","","","","","","","2026-08-06T16:09:58.849Z","","","","","",""
"Rocket","ATxo8Vb9UQrXiC26pJdvDfiusNrdNAPRr2JHcNkTpump","","","","","","","","","","","","","","","","","2","0","0","0","0","0","2058.93","3","298.83","298.83","0.667","0.667","-11.78","","0","0","1","0","0","","","","","","","","","","","","","0.000002058","","","","","","","2026-08-06T16:10:28.462Z","","","","",""
"GUGU","CDZFgXXo9oaXWKir25zzgB5kH6k4q8aHmemzVrLDpump","86","0.059259258","","","","","","","","","","","","","","","","","","","","","","","","","","","","","","","","","","","","","","","","","","","","","0.000002942","","","","","","8.534e-7","2026-08-06T16:10:34.995Z","","","","","2026-08-06T16:11:58.728Z",""
"DBLUP114","H7e6MggQC82uPL2Rwsxe9mjFwMt5isEQzLFFzAfQpump","80","5.00078137","","","","","","","","","","","","","","","","","","","","","","","","","","","","","","","","","","","","","","","","","","","","","0.00000387","","","","","","0.000001412","2026-08-06T16:10:52.842Z","","","","","2026-08-06T16:11:58.644Z",""
"CLM","4th1sFg6s9xaf3d4bq84ua4MVwtbyuc77khQMZippump","58","3","","","","","","","","","","","","","","","","","","","","","","","","","","","","","","","","","","","","","","","","","","","","","0.000002118","","","","","","","2026-08-06T16:10:52.994Z","","","","","",""
"DODGY","LWmohCAU6Re5X7qTRtxGgQ38dwNZQA4uVXYMLhkpump","","","","","","","","","","","","","","","","","","","","","","","","","","","","","","","","","","","","","","","","","","","","","","","","","","","","","2.164e-8","","","","","","2026-08-06T16:11:05.017Z",""
"DERBY","FAeSyxsXwvPFrCZWZcdrebdEasG1vBT6DseZBafv2Qeh","","","","","","","","","","","","","","","","","","","","","","","","","","","","","","","","","","","","","","","","","","","","","","","","","","","","","0.000002146","","","","","","2026-08-06T16:11:11.003Z",""
"Apple Chip","BF3Qqf5xhaZz4UHaELCDnDZYLsJ1bC3p7fJ5pXgWpump","","","","","","","","","","","","","","","","","","","","","","","","","","","","","","","","","","","","","","","","","","","","","","","","","","","","","5.343e-8","","","","","","2026-08-06T16:11:11.036Z",""
"DUCK","AErz44ezP6wbZhUV4C4PpgP459iw5ZMWbq8NXb1upump","57","2","","","","","","","","","","","","","","","","","","","","","","","","","","","","","","","","","","","","","","","","","","","","","0.000002153","","","","","","","2026-08-06T16:11:16.678Z","","","","","",""
"CLM","5Gwet5RrBXSPxivAaWW4NWpv3F8Pe8k4N22R3uhNpump","71","5","","","","","","","","","","","","","","","","","","","","","","","","","","","","","","","","","","","","","","","","","","","","","0.00000216","","","","","","","2026-08-06T16:11:22.930Z","","","","","",""
"ok","9LvhWACrK2fFjik3rZq37abbDQHhoWCUjRLtyLUZpump","57","2","","","","","","","","","","","","","","","2","0","0","0","0","0","2051.35","3","1002.14","1002.14","0.552","0.552","-12.09","","0","0","1","0","0","","","","","","","","","","","","0.000002051","0.000002051","","","","","","2026-08-06T16:11:28.705Z","2026-08-06T16:12:34.591Z","","","","",""
"DERBY","XFroFQEPmEQNJUZXddjcZ9gvg7g5YpRE2r6QuRWpump","71","5","","","","","","","","","","","","","","","","","","","","","","","","","","","","","","","","","","","","","","","","","","","","","0.000002153","","","","","","","2026-08-06T16:11:34.693Z","","","","","",""
"MBT","BMPgHDujxhmBk87U6Byf32m3Maw3kAzuNQ7J2zWfpump","57","1.97530864","","","","","","","","","","","","","","","1.97530864","0","0","0","0","0","2616.44","3","333.6","333.6","0.75","0.75","12.34","","0","0","1","0","0","","","","","","","","","","","","0.000002616","0.000002616","","","","","","2026-08-06T16:11:40.672Z","2026-08-06T16:11:58.493Z","","","","",""
"BANDS","Ev1TEHb5tGrL35rR2RcS7gXbt26jnFNDYGg74Lns8dBi","65","3.456790122","","","","","","","","","","","","","","","","","","","","","","","","","","","","","","","","","","","","","","","","","","","","","0.000002116","","","","","","","2026-08-06T16:11:46.803Z","","","","","",""
"chromedogcat","2H2qhMxseMp2Qj17jKVWqfNucPD6AcAE7jgjNBUDpump","56","3","","","","","","","","","","","","","","","","","","","","","","","","","","","","","","","","","","","","","","","","","","","","","0.000002119","","","","","","","2026-08-06T16:12:40.691Z","","","","","",""
"wif","BihKBfZjgyk6AQFU467x9izxbWHpteFEeqhqijxQpump","63","5.5","","","","","","","","","","","","","","","","","","","","","","","","","","","","","","","","","","","","","","","","","","","","","0.000002119","","","","","","","2026-08-06T16:13:10.729Z","","","","","",""
"TERABLADE","2z53Ys2rcLcw9uaM9JnjmUVuDmAw75McPpZPNReApump","58","3","","","","","","","","","","","","","","","","","","","","","","","","","","","","","","","","","","","","","","","","","","","","","0.000002138","","","","","","","2026-08-06T16:13:16.660Z","","","","","",""
"GUGU","6Dm2YQ2xPtaN9i9LG3yjHGd6iVaVQFH9Hpu78tqzpump","","","","","","","","","","","","","","","","","","","","","","","","","","","","","","","","","","","","","","","","","","","","","","","","","","","","","2.812e-7","","","","","","2026-08-06T16:13:28.824Z",""
"MARKET","5FpyBo6oFcNWm1dxDa9RJHhFzWppk5Hpm5XX6gh2pump","57","1.97530864","","","","","","","","","","","","","","","","","","","","","","","","","","","","","","","","","","","","","","","","","","","","","0.000002049","","","","","","","2026-08-06T16:13:28.876Z","","","","","",""
"TERRAGILLETTE","HeFU4jFMW77z6EH6NEHazYcao9548PKakJMv1k4Lpump","63","2.962962961","","","","","","","","","","","","","","","2.962962961","0","0","0","0","0","2152.42","2","1056.9","1056.9","0.556","0.556","-13.09","","0","0","1","0","0","","","","","","","","","","","","0.000002152","0.000002152","","","","","","2026-08-06T16:13:34.829Z","2026-08-06T16:14:29.486Z","","","","",""
"DERBY","8drWpwDz8f7DVeChUtQWK4EzpG1x4N9j79HUnC4Lpump","71","5","","","","","","","","","","","","","","","","","","","","","","","","","","","","","","","","","","","","","","","","","","","","","0.000003242","","","","","","","2026-08-06T16:13:40.657Z","","","","","",""
"TERARAB","87a8H6nQnpKh4UcBme2g26yue6xwa8vmnsUtcfgxpump","63","3","","","","","","","","","","","","","","","","","","","","","","","","","","","","","","","","","","","","","","","","","","","","","0.000002147","","","","","","","2026-08-06T16:13:46.714Z","","","","","",""
"DBLUP115","762HbpqPB6No4tYGpTyGwyWTCLXgZHfXVrKryFHSpump","77","4.000625096","","","","","","","","","","","","","","","","","","","","","","","","","","","","","","","","","","","","","","","","","","","","","0.00001089","","","","","","","2026-08-06T16:13:58.726Z","","","","","",""
"SHIP","ShipUXyjSimsZZ27YnFLU5zS8yvb4CVbmJRG5j6Fm5R","57","1.97530864","","","","","","","","","","","","","","","","","","","","","","","","","","","","","","","","","","","","","","","","","","","","","0.000002049","","","","","","","2026-08-06T16:14:10.708Z","","","","","",""
"FFF","E5M6HZuNCG5Ta7QoWJCxWJBn2CaHxo6eoztgb9Enpump","","","","","","","","","","","","","","","","","","","","","","","","","","","","","","","","","","","","","","","","","","","","","","","","","","","","","2.114e-7","","","","","","2026-08-06T16:14:10.735Z",""
"GUGU","2smrBwM683qKC9McwGsWY8yUXLxjEzJoDqrVX3Cnpump","","","","","","","","","","","","","","","","","","","","","","","","","","","","","","","","","","","","","","","","","","","","","","","","","","","","","4.061e-7","","","","","","2026-08-06T16:14:22.839Z",""
"CARP","2Z5TyeNPaAEJ37hyKu5oc4HrguXt6TGb1VvGLYNVpump","58","3","","","","","","","","","","","","","","","","","","","","","","","","","","","","","","","","","","","","","","","","","","","","","0.000002199","","","","","","","2026-08-06T16:14:22.881Z","","","","","",""
"TERRAMEMES","HuoNm71gCXtxN7cnwDZ7h5PR8VnsQyBCwFAuvKqHpump","58","2.962962961","","","","","","","","","","","","","","","","","","","","","","","","","","","","","","","","","","","","","","","","","","","","","0.000002047","","","","","","","2026-08-06T16:14:29.567Z","","","","","",""
"Bontot","AjXC8Hcg8m1m1r18r9uY78Dey9Cfca17WcqshRzkpump","99","2.962962961","","","","","","","","","","","","","","","","","","","","","","","","","","","","","","","","","","","","","","","","","","","","","0.000002426","","","","","","","2026-08-06T16:14:29.608Z","","","","","",""
"LMP","LMPHCgPpwUoykbeYZLJYukVbvjDci2iyQkwX5znMERP","87","19.259259258","","","","","","","","","","","","","","","","","","","","","","","","","","","","","","","","","","","","","","","","","","","","","0.000008883","","","","","","0.000002092","2026-08-06T16:14:40.794Z","","","","","2026-08-06T16:15:16.972Z",""
"NIGBALLS","At8VjdkifReaT71FBUaLVjCmPMieq6qXB6hENwS9pump","","","","","","","","","","","","","","","","","","","","","","","","","","","","","","","","","","","","","","","","","","","","","","","","","","","","","0.00000205","","","","","","2026-08-06T16:14:40.891Z",""
"patience","6rJEMb9VUVdew9vA172hyQ8ZruPVZKQcyLpMopMWpump","77","7.901234566","","","","","","","","","","","","","","","","","","","","","","","","","","","","","","","","","","","","","","","","","","","","","0.000005104","","","","","","","2026-08-06T16:14:40.923Z","","","","","",""
"GAGA","6JdQYHkPYgTNKk9HEW28cgAecjWGnXfp8i4uwg3Rpump","","","","","","","","","","","","","","","","","","","","","","","","","","","","","","","","","","","","","","","","","","","","","","","","","","","","","3.36e-9","","","","","","2026-08-06T16:14:58.755Z",""
"FeTa","BTTSkMP9oN4Vye5xg2V7MrHbJPGFnybd269YY2YFpump","65","0.060009374","","","","","","","","","","","","","","","","","","","","","","","","","","","","","","","","","","","","","","","","","","","","","0.000001542","","","","","","","2026-08-06T16:15:10.688Z","","","","","",""
"Chunk","5f9mbZEdoJfGuogRU8qUaEGEKhnTzFBpN2BAAtiL4Fzc","","","","","","","","","","","","","","","","","","","","","","","","","","","","","","","","","","","","","","","","","","","","","","","","","","","","","0.000002321","","","","","","2026-08-06T16:15:16.932Z",""
"Piyo","9eQsDPe9zid6U9a5AopbCfBBXvzgKuh63oQrs23Ypump","65","5.911330048","","","","","","","","","","","","","","","","","","","","","","","","","","","","","","","","","","","","","","","","","","","","","0.000002162","","","","","","","2026-08-06T16:15:17.113Z","","","","","",""
"Gobby","5QegV74tn4Szmgy49JjfdkrHmENByn56Z3S4pg2tpBKE","56","4.938271603","","","","","","","","","","","","","","","","","","","","","","","","","","","","","","","","","","","","","","","","","","","","","0.000002056","","","","","","","2026-08-06T16:15:28.902Z","","","","","",""