symbol,mint,score,devSol,source,window_s,decision_s,reaction_s,hold_s,inTime,upside_pct,time_to_peak_s,dd_after_peak,peaked_after_exit,peak_after_exit_s,drag_at_ready,upside_from_ready,tracked_s,f_devSol,f_priorGrads,f_priorCount,f_isMayhem,f_liq,f_liqSol,f_fdv,f_ageMin,f_vol5m,f_volH1,f_buyRatio5m,f_buyRatioH1,f_pcH1,f_volLiq,f_hasSocials,f_hasWebsite,f_nPairs,f_boosts,f_passedFilter,move_window_pct,slip_to_buy_pct,after_buy_pct,pnlPct,peakPnlPct,exitReason,price_eligible,price_sustained,price_queued,price_bought,price_fading,price_sold,price_collapsed,t_eligible,t_sustained,t_queued,t_bought,t_fading,t_collapsed,t_sold
"XueqinJian","J6wb1qWaSXgwvgnfzAsBAskxJryMfzNWMWpXgTCEpump","71","5","","","","","","","","","","","","","","","","","","","","","","","","","","","","","","","","","","","","","","","","0.000002126","","","","","","","2026-08-03T13:16:18.970Z","","","","","",""
"Onyx","FLnZaxTLthZpC5NuP6GZL3qw3gDtvJr8PWeGUv89pump","73","0.62","","","","","","","0.3","132","0","","","0","0.3","902","0.62","0","0","1","0","0","28199.44","3","2420.47","2420.47","0.632","0.632","1237","","0","0","1","0","0","","","","","","","0.00002818","0.00002819","","","","","","2026-08-03T13:16:24.820Z","2026-08-03T13:17:24.609Z","","","","",""
"aura","DHvrQzPiBp6UvYt8kTohiBDk83AAVh6iJtzeYC4mpump","71","5","auto","","30.087","5.172","47.926","n/a","30.9","46","-51.8","no","","20.5","8.6","906","5","0","0","0","0","0","15840.87","3","27804.24","27804.24","0.585","0.585","475","","1","0","1","0","1","","20.612854001536476","","-13.46","8.51","BREAK_EVEN_SL","0.0000147","0.00001584","0.00001908","0.00001910507607384338","","0.00001903","","2026-08-03T13:16:24.833Z","2026-08-03T13:17:30.605Z","2026-08-03T13:18:00.692Z","2026-08-03T13:18:05.864Z","","","2026-08-03T13:18:53.790Z"
"dog","EhXgrCx5U6wDYQhyJ8UD3GdPsshRk2CR2bRbn8y9pump","71","5","","","","","","","","","","","","","","","","","","","","","","","","","","","","","","","","","","","","","","","","0.000002095","","","","","","","2026-08-03T13:16:24.834Z","","","","","",""
"aura","2SJrpDuJhnmBZ7Qc26VTJahjdpNDmq3CDesr8gbJpump","63","3","","","","","","","","","","","","","","","","","","","","","","","","","","","","","","","","","","","","","","","","0.000002154","","","","","","","2026-08-03T13:16:36.807Z","","","","","",""
"aura","9Xkps7xvUehnYJsQXZws1aU4dsRn8txEkT8xyMqepump","71","5","","","","","","","","","","","","","","","","","","","","","","","","","","","","","","","","","","","","","","","","0.000002126","","","","","","","2026-08-03T13:16:48.895Z","","","","","",""
"CRYPTOSEXUAL","FbDDq8jXRdfh3bXXSnvC5kaxGTSnMgzF2iG24VUspump","63","2.962962961","","","","","","","","","","","","","","","","","","","","","","","","","","","","","","","","","","","","","","","","0.000002228","","","","","","","2026-08-03T13:16:48.929Z","","","","","",""
"OTTO","6xEFAjm1HjhWiwzphAHevMb7Kj1MvRE246nZQ5Xfpump","57","1.97530864","","","","","","","","","","","","","","","","","","","","","","","","","","","","","","","","","","","","","","","","0.000002154","","","","","","","2026-08-03T13:17:00.797Z","","","","","",""
"AURA","9yrAq2vSqm2GgvoN569ZfGe56xuefCqU2r89immcpump","63","2.962962961","","","","","","","","","","","","","","","","","","","","","","","","","","","","","","","","","","","","","","","","0.000002155","","","","","","","2026-08-03T13:17:12.827Z","","","","","",""
"JANE","FkCagxdPiggYFFz5WV1JhTP8TCCUcSnRpnxrDQfPpump","","","","","","","","","","","","","","","","","","","","","","","","","","","","","","","","","","","","","","","","","","","","","","","","3.598e-7","","","","","","2026-08-03T13:17:18.883Z",""
"Onyx","48dd7NFHF8rKx6p4Qx5pAknVTWxWUx91QWAm7wqipump","69","0.62","","","","","","","0","0","0","","","0","0","908","0.62","0","1","1","0","0","1759.12","3","314.07","314.07","0.591","0.591","-16.64","","0","0","1","0","0","","","","","","","0.000001759","0.000001759","","","","","","2026-08-03T13:17:18.914Z","2026-08-03T13:18:48.808Z","","","","",""
"CORGI","3iEb53WiF5uscQZNu5TtkP1xPvXX72qTBDy3JXcsesZT","70","4.938271603","","","","","","","","","","","","","","","","","","","","","","","","","","","","","","","","","","","","","","","","0.000002116","","","","","","","2026-08-03T13:17:24.971Z","","","","","",""
"RelaxedGuy","8RipDV2smF4e77TK5pz7UpBxT5TYsgmQ9Mg3GG8GeppX","67","4","","","","","","","","","","","","","","","","","","","","","","","","","","","","","","","","","","","","","","","","0.00000204","","","","","","","2026-08-03T13:17:24.972Z","","","","","",""
"雪琴","4wdnJVvXAp3ZRZK1GPPrD4q7HghS3xD95Fef7LHSpump","63","3","","","","","","","","","","","","","","","","","","","","","","","","","","","","","","","","","","","","","","","","0.000002118","","","","","","","2026-08-03T13:17:30.849Z","","","","","",""
"WIF","FUuXVbc61ZKtGZ7fD4JtoFy2RqtUjcxgijXerq2Gpump","57","1.97530864","","","","","","","","","","","","","","","","","","","","","","","","","","","","","","","","","","","","","","","","0.000002027","","","","","","","2026-08-03T13:17:30.849Z","","","","","",""
"DOGEWIFHAT","5i5HdYXdYispk9KWzrmbcbik38pY9GcqzpMsx1Rwpump","88","19.753086418","","","","","","","24.7","134","-78.4","","","6.3","17.3","334","19.753086418","0","0","0","0","0","7735.02","3","2765.78","2765.78","0.793","0.793","38.76","","0","0","1","0","0","","","","","","","0.000007471","0.000007735","","","","","","2026-08-03T13:17:48.866Z","2026-08-03T13:19:12.869Z","","","","",""
"Onyx","9pzRUYpwiKmubu1pToVrt6eLJDn1gMHmv9SRaNsCpump","","","","","","","","","","","","","","","","","","","","","","","","","","","","","","","","","","","","","","","","","","","","","","","","5.248e-7","","","","","","2026-08-03T13:17:48.937Z",""
"CRYPTOSEXUAL","7ZVebuFeZyc37j6Cmm89tow4kCZoWuvF25zhHZXypump","63","3","","","","","","","","","","","","","","","","","","","","","","","","","","","","","","","","","","","","","","","","0.000002128","","","","","","","2026-08-03T13:17:54.815Z","","","","","",""
"Underdog","HC37cQQzuKG2evdnjuaLRpr5rNW8ewLMBSBAuNDuLHff","66","4.938271603","","","","","","","","","","","","","","","","","","","","","","","","","","","","","","","","","","","","","","","","0.000002086","","","","","","","2026-08-03T13:18:00.792Z","","","","","",""
"UNDERDOG⁠","3bpSnjfyeJdXaeTLSkgrLoayZPAs6n6wjR3cN5PRpump","69","5.9","","","","","","","","","","","","","","","","","","","","","","","","","","","","","","","","","","","","","","","","0.000002051","","","","","","","2026-08-03T13:18:00.871Z","","","","","",""
"LIKDAPUSS","6ZWz9Na5hNvZQxpFVwB3ogo5ubUX9rRV3KPby5LMpump","","","","","","","","","","","","","","","","","","","","","","","","","","","","","","","","","","","","","","","","","","","","","","","","6.636e-8","","","","","","2026-08-03T13:18:12.767Z",""
"Israelman","4n3AL4KiP7CbMSEtcSQAJjf5ErgZBixqNVmgqFLSpump","67","3.901234566","","","","","","","","","","","","","","","","","","","","","","","","","","","","","","","","","","","","","","","","0.000002034","","","","","","","2026-08-03T13:18:12.791Z","","","","","",""
" ","Hhr182Xb9MLnL2vX98jX3FMMKvYELH61vc6EgQmzpump","63","3","","","","","","","","","","","","","","","","","","","","","","","","","","","","","","","","","","","","","","","","0.000002028","","","","","","","2026-08-03T13:18:18.837Z","","","","","",""
"Onyx","6U88Bjy4VQXV6yNmhTMRuW4qwQqwbQ4UpAjCK7iWpump","","","","","","","","","","","","","","","","","","","","","","","","","","","","","","","","","","","","","","","","","","","","","","","","4.366e-7","","","","","","2026-08-03T13:18:24.861Z",""
"JWATSON","F217vFravy4Yb3q4k3eXYL5TJ7KUNnz2RjVujag6pump","","","","","","","","","","","","","","","","","","","","","","","","","","","","","","","","","","","","","","","","","","","","","","","","3.851e-7","","","","","","2026-08-03T13:18:30.834Z",""
"FUD","22gUxNhgq92NVmHwEMwifBE6Zio2RwJbVrYEoqJ5pump","67","3.85185185","","","","","","","","","","","","","","","","","","","","","","","","","","","","","","","","","","","","","","","","0.000002129","","","","","","","2026-08-03T13:18:36.815Z","","","","","",""
" ","CKvGs3TsVhmWjd8wCTMYs3JHwdUagB445QKsNMzzpump","67","5","","","","","","","","","","","","","","","","","","","","","","","","","","","","","","","","","","","","","","","","0.000002028","","","","","","","2026-08-03T13:18:36.866Z","","","","","",""
"CBANQ","7rAj17xzVA9pPU2KUAbrgYfsf14qwd8vUTXdoeNSpump","69","0.296296295","","54.269","","","","","41.8","14","-86.5","","","41.8","0","54","0.296296295","0","0","1","0","0","1449.7","3","903.44","903.44","0.552","0.552","-29.87","","0","0","1","0","0","-80.90407177363699","","","","","","0.000001284","0.000001449","","","2.767e-7","","2.767e-7","2026-08-03T13:18:42.820Z","2026-08-03T13:19:42.582Z","","","2026-08-03T13:20:36.851Z","2026-08-03T13:20:36.850Z",""
"DOGETTE","8xC8JHv3ZvkjpNGKfSthLZpmoWL2pCzZFDa1tcatpump","63","3","","","","","","","","","","","","","","","","","","","","","","","","","","","","","","","","","","","","","","","","0.00000269","","","","","","","2026-08-03T13:18:48.780Z","","","","","",""
"LIKDAPUSS","DoAzER77bczG9Q5jnyeSuBBk8cWNCHBTru6RWsgwpump","64","0.246913578","","","","","","","","","","","","","","","","","","","","","","","","","","","","","","","","","","","","","","","","0.000002113","","","","","","","2026-08-03T13:18:48.807Z","","","","","",""
"Ken","6Jg78ih2SaAMiff2VJv45bnXeAiQESrkFGUDhZi6pump","63","3","","","","","","","","","","","","","","","","","","","","","","","","","","","","","","","","","","","","","","","","0.000002157","","","","","","","2026-08-03T13:19:12.848Z","","","","","",""
"KEN","85w58abn7z1oEeXsvR4Qurdn8AJWPjbgfKWnp5E8pump","63","2.962962961","","","","","","","","","","","","","","","","","","","","","","","","","","","","","","","","","","","","","","","","0.000002814","","","","","","","2026-08-03T13:19:12.849Z","","","","","",""
"PWS","8CAqUYkz9jCqe8L5F57m4As9hAgFg91E4uqJpifopump","","","","","","","","","","","","","","","","","","","","","","","","","","","","","","","","","","","","","","","","","","","","","","","","1.61e-7","","","","","","2026-08-03T13:19:18.835Z",""
"Onyx","BnMCmuiJ7TGin4PPZbbao9fpjTr7nJ7g9dxWNgCpump","64","0.62","","","","","","","","","","","","","","","","","","","","","","","","","","","","","","","","","","","","","","","","0.000001516","","","","","","","2026-08-03T13:19:24.812Z","","","","","",""
"ONYX ","4TQ281473oZyeJEkDwSZs9amUGmVs8i9MEjKqukQpump","","","","","","","","","","","","","","","","","","","","","","","","","","","","","","","","","","","","","","","","","","","","","","","","2.136e-7","","","","","","2026-08-03T13:19:36.784Z",""
"Onyx","FT6suidG9Ri3VnUaZZAyB1ajDe5P4uodY28f6k3Npump","","","","","","","","","","","","","","","","","","","","","","","","","","","","","","","","","","","","","","","","","","","","","","","","0.000001226","","","","","","2026-08-03T13:19:36.863Z",""
"Awkward","9N97W5vssSCKEctLqyfcLdw4santCXkSg6Y4bjqzpump","57","1.97530864","","","","","","","","","","","","","","","","","","","","","","","","","","","","","","","","","","","","","","","","0.00000216","","","","","","","2026-08-03T13:19:48.756Z","","","","","",""
"DOGETTE","6Uxv11hUDzweAsf3fQKz9tug7EgMeyNPxx5R2z7apump","71","5","","","","","","","","","","","","","","","","","","","","","","","","","","","","","","","","","","","","","","","","0.000002121","","","","","","","2026-08-03T13:19:54.806Z","","","","","",""
"jamal","CykZemXqiksFh3397C68UQrowqGUcDsro5pvxPXQ6tdj","67","4","","","","","","","","","","","","","","","","","","","","","","","","","","","","","","","","","","","","","","","","0.000002064","","","","","","","2026-08-03T13:20:00.763Z","","","","","",""
"DIP","A8b4HsrzCttjBzScXkrdMkFsu7q7AnQTXZcfwXyXx9Nb","64","4.938271603","","","","","","","","","","","","","","","","","","","","","","","","","","","","","","","","","","","","","","","","0.000002304","","","","","","","2026-08-03T13:20:06.901Z","","","","","",""
"dip","CqWueDfSe9sPS9K12zxkRRCsoodiBrCts45DLiHypump","75","7","","","","","","","53.9","32","-78.1","","","53.9","0","902","7","0","0","0","0","0","6275.85","4","16900.37","16900.37","0.607","0.607","103","","0","0","1","0","1","","","","","","","0.000006667","0.000006275","","","","","","2026-08-03T13:20:06.947Z","2026-08-03T13:22:24.831Z","","","","",""
"DIP","Axv7avRxZEZvysAxq2v7VSjgS4F2D7ZLJhUapuykasc4","62","4.938271603","","","","","","","","","","","","","","","","","","","","","","","","","","","","","","","","","","","","","","","","0.000002303","","","","","","","2026-08-03T13:20:12.766Z","","","","","",""
"💛🐈","FiYA1KXfzm6C9c5kneXyQomEvAixUrqUYy2NfvhEpump","63","2.962962961","","","","","","","","","","","","","","","","","","","","","","","","","","","","","","","","","","","","","","","","0.00000317","","","","","","","2026-08-03T13:20:18.775Z","","","","","",""
"pumpy2","8LWvx1RPdUd3vLYFienmxn1oT5TG5un2QqrYoMNppump","66","0.098765431","","","","","","","","","","","","","","","","","","","","","","","","","","","","","","","","","","","","","","","","0.000001236","","","","","","9.201e-7","2026-08-03T13:20:18.809Z","","","","","2026-08-03T13:21:00.821Z",""
"DOGE","2H7dcNf9LiawfP9i134KKDkxbT3tGH4VUzB44Wd2zYQJ","65","3.5","","","","","","","","","","","","","","","","","","","","","","","","","","","","","","","","","","","","","","","","0.000002133","","","","","","","2026-08-03T13:20:24.778Z","","","","","",""
"💛🐈","AFri3PEd3XXNBYtk3kHzpbBW9Li2MKNvfQpCwMnZpump","71","5","","","","","","","","","","","","","","","","","","","","","","","","","","","","","","","","","","","","","","","","0.00000209","","","","","","","2026-08-03T13:20:30.784Z","","","","","",""
"💛🐈","Du8wgBFe1gqRhuXevzVN3ies8T25uLVoZR3hnuDKpump","63","3","","","","","","","","","","","","","","","","","","","","","","","","","","","","","","","","","","","","","","","","0.000002046","","","","","","","2026-08-03T13:20:36.804Z","","","","","",""
"💛🐈","6DHw9dEbAPu7zCd4MQ8JoNZeWaJUUrCCasT2hpNnpump","70","4.938271603","","","","","","","","","","","","","","","","","","","","","","","","","","","","","","","","","","","","","","","","0.00000216","","","","","","","2026-08-03T13:20:36.851Z","","","","","",""
"Turnt","r2azhynzGRzmXhJQpvm7yV3wX1Z2YPWbscVu8Repump","58","3","","","","","","","","","","","","","","","","","","","","","","","","","","","","","","","","","","","","","","","","0.00000216","","","","","","","2026-08-03T13:20:48.765Z","","","","","",""
"💛🐈","A8pJEVkPPmafAiTWQ9b4Z1rJKaHLVeDu7zYy2h34AzBg","61","4.938271603","","","","","","","","","","","","","","","","","","","","","","","","","","","","","","","","","","","","","","","","0.000002307","","","","","","","2026-08-03T13:20:48.827Z","","","","","",""
"DWC","GSXkdkSAmJy5ZnWxeRq1bcgYjEVKWvhPQmGXeuoqpump","63","3","","","","","","","","","","","","","","","","","","","","","","","","","","","","","","","","","","","","","","","","0.000002032","","","","","","","2026-08-03T13:20:54.798Z","","","","","",""
"RNDM","56kZ4dkFMo8ppx2zg6dgbjf4xpTvSaw8Mzw5qtZNpump","68","0.200031254","","","","","","","","","","","","","","","","","","","","","","","","","","","","","","","","","","","","","","","","0.000001646","","","","","","9.487e-8","2026-08-03T13:20:54.800Z","","","","","2026-08-03T13:21:54.816Z",""
"💛🐈","5Nj8eXzwt9V3SQSV9wctSQ3MFqYrmcaQ9CPdYdsvpump","67","4","","","","","","","","","","","","","","","","","","","","","","","","","","","","","","","","","","","","","","","","0.000002071","","","","","","","2026-08-03T13:20:54.834Z","","","","","",""
"diddyyyy","HH1DUduq4hL8tkcZoz5i5pK3A4xjXd86UrbcZvh1pump","66","4.938271603","","","","","","","","","","","","","","","","","","","","","","","","","","","","","","","","","","","","","","","","0.000002056","","","","","","","2026-08-03T13:20:54.839Z","","","","","",""
"William","6FEqTB75vFtefWx1DGosEDxFUDXd2B3ErVA13dnbpump","63","3.901234566","","","","","","","","","","","","","","","","","","","","","","","","","","","","","","","","","","","","","","","","0.000002033","","","","","","","2026-08-03T13:21:18.851Z","","","","","",""
"EarthX","JC56znPASStkVCfGQRptjXoCXHzd7yAeXfLZZby6kZKG","60","4.938271603","","","","","","","","","","","","","","","","","","","","","","","","","","","","","","","","","","","","","","","","0.00000231","","","","","","","2026-08-03T13:21:36.838Z","","","","","",""
"DOG","6ZcAvZq9RArr4jzenQNVJr5tikgxud8ePBBbNwEMpump","71","5","","","","","","","","","","","","","","","","","","","","","","","","","","","","","","","","","","","","","","","","0.000002126","","","","","","","2026-08-03T13:21:42.830Z","","","","","",""
"SPCX","2zpuToCw3d18fpPVZqPGA74etRuz8RRi6RSPBqBppump","69","5.925925924","","","","","","","","","","","","","","","","","","","","","","","","","","","","","","","","","","","","","","","","0.000002162","","","","","","","2026-08-03T13:21:48.794Z","","","","","",""
"kim","A8E8BFwGY3J5gnVCNyZDWfkw2coAAsRHqWEH8ictPwyB","63","4","","","","","","","","","","","","","","","","","","","","","","","","","","","","","","","","","","","","","","","","0.000002052","","","","","","","2026-08-03T13:22:00.884Z","","","","","",""
"DOOSPE","C7FT4S63n6xRkmGujXYrn6UbThXG4CzSm93vuWHnpump","68","0.246913578","","","","","","","","","","","","","","","","","","","","","","","","","","","","","","","","","","","","","","","","0.000001498","","","","","","","2026-08-03T13:22:06.785Z","","","","","",""
"PWS","3PgJyWQb2WvGBz4ivmuJiRid8oMhMy7rp5ftc3fnpump","","","","","","","","","","","","","","","","","","","","","","","","","","","","","","","","","","","","","","","","","","","","","","","","5.953e-8","","","","","","2026-08-03T13:22:06.823Z",""
"Zoe ","BNK2kJrmPFocSq4ATTBzrXLNjH8MFemNFqz6C5Qopump","63","2.962962961","","","","","","","","","","","","","","","","","","","","","","","","","","","","","","","","","","","","","","","","0.000002162","","","","","","","2026-08-03T13:22:12.875Z","","","","","",""
"Zoe","CRaKB6f2RkFesahRRQeAD4W2S8dzer7TpgtibZhYpump","56","3","","","","","","","","","","","","","","","","","","","","","","","","","","","","","","","","","","","","","","","","0.000002032","","","","","","","2026-08-03T13:22:18.850Z","","","","","",""
"Zoe","AHKypmz1kuziX2Gzndhu6SwLAt7ZUP59ZSHq7wK3pump","71","5","","","","","","","","","","","","","","","","","","","","","","","","","","","","","","","","","","","","","","","","0.000002162","","","","","","","2026-08-03T13:22:24.775Z","","","","","",""
"AZIZI","2pYYHYjEcxJBqbVATkTQi2vgCdX7kH6MeqgEEUsqpump","58","2.962962961","","","","","","","","","","","","","","","","","","","","","","","","","","","","","","","","","","","","","","","","0.000002133","","","","","","","2026-08-03T13:22:42.789Z","","","","","",""
"Bat","2cwn5VQGWnzVmaLgYC6gqd61rHHrsWhY2XjrJtsEpump","63","3","","","","","","","","","","","","","","","","","","","","","","","","","","","","","","","","","","","","","","","","0.000002033","","","","","","","2026-08-03T13:22:48.824Z","","","","","",""
"STACHE","JARpdfXRpFAQjZooeSokm1J9uaCsKwfXrceu29YPpump","57","1.97530864","","","","","","","","","","","","","","","1.97530864","0","0","0","0","0","2159.99","4","529.09","529.09","0.556","0.556","-6.5","","0","0","1","0","0","","","","","","","0.000002159","0.000002159","","","","","","2026-08-03T13:22:48.826Z","2026-08-03T13:25:06.824Z","","","","",""
"Kospi","Ge7FWurv3EH8Xh9UvLsSU6Fp2p3wD4E1qWk8G3Repump","67","5","","","","","","","","","","","","","","","","","","","","","","","","","","","","","","","","","","","","","","","","0.000002135","","","","","","","2026-08-03T13:22:54.811Z","","","","","",""
"Kito","uFkBdRKJB9MeFVDPVRcibQZkL6xx3KLxrZrTwEEpump","67","5","","","","","","","","","","","","","","","","","","","","","","","","","","","","","","","","","","","","","","","","0.000002213","","","","","","","2026-08-03T13:23:06.841Z","","","","","",""
"BLKROCK","AMD79LvphX2QPQUaTmtqFfZpB7cjYwXoj3NEH3T6pump","65","0.059259258","","","","","","","","","","","","","","","","","","","","","","","","","","","","","","","","","","","","","","","","0.000002866","","","","","","3.44e-7","2026-08-03T13:23:12.782Z","","","","","2026-08-03T13:24:01.593Z",""
"Kito","8DTkGvfPP7iaUWMH5TwHhmG6ZocBUo2gJ9PqGDkipump","57","2","","","","","","","","","","","","","","","","","","","","","","","","","","","","","","","","","","","","","","","","0.000003369","","","","","","","2026-08-03T13:23:18.905Z","","","","","",""
"KOSPI","5hfrYWrhvsHB6YTpGuPeESixueFX17A34ZAJ59zwNeCV","61","4","","","","","","","","","","","","","","","","","","","","","","","","","","","","","","","","","","","","","","","","0.000002134","","","","","","","2026-08-03T13:23:18.919Z","","","","","",""
"RNDM","7nxq789M3xpA5aH4dLUQ7FPEBiT5vQgmSAYWQ3RGpump","","","","","","","","","","","","","","","","","","","","","","","","","","","","","","","","","","","","","","","","","","","","","","","","4.815e-7","","","","","","2026-08-03T13:23:18.922Z",""
"5th","5yQY9Fc5tJEV8dKay19C7JbEX1ofnkFbaQafnrcwpump","72","7","","","","","","","","","","","","","","","","","","","","","","","","","","","","","","","","","","","","","","","","0.000002309","","","","","","","2026-08-03T13:23:30.817Z","","","","","",""
"DCcoin","GtDv6mrB8cL9NuJRz2zYBkwgj8mJAw3VTs7toiBTpump","","","","","","","","","","","","","","","","","","","","","","","","","","","","","","","","","","","","","","","","","","","","","","","","3.507e-8","","","","","","2026-08-03T13:23:36.811Z",""
"DOGWIFMASK","H4WEVEjqegQ4ybKn7dvAqyiBeG8mQd3bS673YKkppump","58","3","","","","","","","","","","","","","","","","","","","","","","","","","","","","","","","","","","","","","","","","0.000002128","","","","","","","2026-08-03T13:23:36.851Z","","","","","",""
"Toolman","AyTsQj94e8xUuvwgV1y6GWRzapQyxkNLNXFtFcPopump","62","3.85185185","","","","","","","","","","","","","","","","","","","","","","","","","","","","","","","","","","","","","","","","0.000002142","","","","","","","2026-08-03T13:23:42.795Z","","","","","",""
"Kmichi","C8sjksb6pVYyTEsyKPwVXzPtzit3givRVjdk4TUhpump","64","5","","","","","","","","","","","","","","","","","","","","","","","","","","","","","","","","","","","","","","","","0.000002032","","","","","","","2026-08-03T13:23:48.787Z","","","","","",""
"Jackcoin","BZG1rHQihYjsGn14TG5kSStUhtFKLZEo2mxk4pT6pump","69","0.300046881","","","","","","","","","","","","","","","","","","","","","","","","","","","","","","","","","","","","","","","","0.000002042","","","","","","","2026-08-03T13:23:54.827Z","","","","","",""
"Kimchi","34UCuCT83TBs2txE87vAsZDip65nKFVTCgJFCV6Mpump","58","3","","","","","","","","","","","","","","","","","","","","","","","","","","","","","","","","","","","","","","","","0.000002033","","","","","","","2026-08-03T13:23:54.868Z","","","","","",""
"HashRun","BSaKT4EoiXZyBzfChdQpyZGqcnAHnwDNGbiRmNFepump","57","1.97530864","","","","","","","","","","","","","","","1.97530864","0","0","0","0","0","2497.45","4","686.14","686.14","0.7","0.7","8.13","","0","0","1","0","0","","","","","","","0.000002455","0.000002497","","","","","","2026-08-03T13:24:01.487Z","2026-08-03T13:26:12.878Z","","","","",""
"HiRex","6VS8iNcvWzTwnoGqcYepxpfC2YkfUhvF6HbL5Amppump","","","","","","","","","0","0","0","","","0","0","905","4.000625096","0","0","0","0","0","3087.03","4","506.54","506.54","1","1","18.16","","0","0","1","0","0","","","","","","","","0.000003087","","","","","","","2026-08-03T13:24:01.575Z","","","","",""
"CHIBI","9Jvz1GfVNCdDnRidNMp2U2PJftQqQocsn1JgvceNpump","67","4","","","","","","","","","","","","","","","","","","","","","","","","","","","","","","","","","","","","","","","","0.000002162","","","","","","","2026-08-03T13:24:06.861Z","","","","","",""
"Sal","DAmmXVby9emwdSijR9Ln9PERfRGVgnH4RtGDUmm9PfCF","59","4.938271603","","","","","","","","","","","","","","","","","","","","","","","","","","","","","","","","","","","","","","","","0.000002309","","","","","","","2026-08-03T13:24:18.795Z","","","","","",""
"SOL","GbaxCeRxzoLnZ435wkBaCp7NWaxXBnCRFyB1sMpgpump","65","5.9","","","","","","","","","","","","","","","","","","","","","","","","","","","","","","","","","","","","","","","","0.000002127","","","","","","","2026-08-03T13:24:18.859Z","","","","","",""
"DOOSPE","AFYU8YCw6NSPkz9zHsmZcK1sU3VYrpwb1YppzUWUpump","64","0.246913578","","","","","","","0","0","0","","","0","0","904","0.246913578","0","1","1","0","0","3302.71","4","134.64","134.64","0.688","0.688","59.8","","0","0","1","0","0","","","","","","","0.000003302","0.000003302","","","","","","2026-08-03T13:24:24.862Z","2026-08-03T13:26:42.784Z","","","","",""
"Cosmo","ABP3C4F7zw6fC4XENCZ5UDyHSMcaJdMG226Uuyp1pump","63","3","","","","","","","","","","","","","","","","","","","","","","","","","","","","","","","","","","","","","","","","0.000002136","","","","","","","2026-08-03T13:24:36.804Z","","","","","",""
"pumpy","H5XCBd77o5PjPXZKFuw9Nef5exfbwZ8qmetZFNgspump","","","","","","","","","","","","","","","","","","","","","","","","","","","","","","","","","","","","","","","","","","","","","","","","0.000001094","","","","","","2026-08-03T13:24:42.839Z",""
"CAP","GjqWMnSzwQKtnB57ooUZgqBaQYG4aVgzRuvYKUVwpump","57","1.975308641","","","","","","","","","","","","","","","","","","","","","","","","","","","","","","","","","","","","","","","","0.000002146","","","","","","","2026-08-03T13:24:54.797Z","","","","","",""
"TIT","GqLg2cjeCWii8Y7oLjZhcj6uKSACGeJeUy6KCxArRw8t","75","7","","","","","","","","","","","","","","","","","","","","","","","","","","","","","","","","","","","","","","","","0.000002068","","","","","","","2026-08-03T13:25:00.796Z","","","","","",""
"UBERMAN","J1e5HbBa7XDBBueeft9wDLHUPvMEdG1TnRR97ebQpump","60","3.901234566","","","","","","","","","","","","","","","","","","","","","","","","","","","","","","","","","","","","","","","","0.000002031","","","","","","","2026-08-03T13:25:00.818Z","","","","","",""
"BID","4KeuoAr1sZiAt6Adrzw2jNC7dNR38mAtmroT1EcCpump","67","3.950617282","","","","","","","","","","","","","","","","","","","","","","","","","","","","","","","","","","","","","","","","0.000002133","","","","","","","2026-08-03T13:25:12.867Z","","","","","",""
"CRYPTOSEXUAL","J7jszT9KePp8Q7878KRVBhn4AT5JPUnn5kVfmwNYpump","58","2.962962961","","","","","","","","","","","","","","","","","","","","","","","","","","","","","","","","","","","","","","","","0.000002132","","","","","","","2026-08-03T13:25:12.887Z","","","","","",""
"INCT","8TUM9fTTm6A6qdym6oD7C3EghCdmZ7cqhPPDxUMdpump","55","1.798269431","","","","","","","","","","","","","","","1.798269431","0","0","0","0","0","2462.67","4","646.53","646.53","0.625","0.625","7.93","","0","0","1","0","0","","","","","","","0.000002462","0.000002462","","","","","","2026-08-03T13:25:36.778Z","2026-08-03T13:27:54.797Z","","","","",""
"Cat","9opjDPgNfbeRMCtTke1FfbwcmDJ5uCRzgbtEk7e4pump","65","3.5","","","","","","","","","","","","","","","","","","","","","","","","","","","","","","","","","","","","","","","","0.00001133","","","","","","","2026-08-03T13:25:48.807Z","","","","","",""
"Meringues","CY7PB4eUyvkXhcQ4o7Rdd5QkUvFhczvMwAHoaFQapump","60","2.5","","","","","","","","","","","","","","","","","","","","","","","","","","","","","","","","","","","","","","","","0.000002161","","","","","","","2026-08-03T13:25:48.838Z","","","","","",""
"CURINF","5jtBi56vcEQChY7eXndp87AksBsNSXYWB73epBZNpump","","","","","","","","","","","","","","","","","","","","","","","","","","","","","","","","","","","","","","","","","","","","","","","","3.289e-7","","","","","","2026-08-03T13:25:54.841Z",""
"Nuts","38rDgb6gdgKWopAazEZG81VjZCGZadPaCqqW9havpump","63","3","","","","","","","","","","","","","","","","","","","","","","","","","","","","","","","","","","","","","","","","0.000002418","","","","","","","2026-08-03T13:25:54.875Z","","","","","",""
"PWS","5WHN7WRoKM3mKBFBJJmDzCPrVhLQwznLcf2qKZ6Dpump","58","0.060009374","","","","","","","","","","","","","","","0.060009374","0","2","1","0","0","24308.38","4","825.31","825.31","0.592","0.592","1092","","0","0","1","0","0","","","","","","","0.000007674","0.0000243","","","","","","2026-08-03T13:25:54.921Z","2026-08-03T13:28:36.797Z","","","","",""
"SBUX","3nnQWLBQnavDP6sXUN2kP8gPnmuxw9T86CobSrFdogBG","72","7","","","","","","","","","","","","","","","","","","","","","","","","","","","","","","","","","","","","","","","","0.000002306","","","","","","","2026-08-03T13:26:06.776Z","","","","","",""
"🐈","995EbWMmPVtUgmCwpYkxnPUU4Soc7xyGqBcmsShjpump","63","3","","","","","","","","","","","","","","","","","","","","","","","","","","","","","","","","","","","","","","","","0.000003714","","","","","","","2026-08-03T13:26:06.853Z","","","","","",""
"RACOON","CejAJFPDw4ruyF8FUiqE1Jd2u4P7HsdDU5bWDQrpump","57","1.97530864","","","","","","","","","","","","","","","","","","","","","","","","","","","","","","","","","","","","","","","","0.000002069","","","","","","","2026-08-03T13:26:12.858Z","","","","","",""
"Nut","FU7bgTg97munmCERHkYoUyYgZxfKPmarM1U53GFgpump","63","2.962962961","","","","","","","","","","","","","","","","","","","","","","","","","","","","","","","","","","","","","","","","0.000002161","","","","","","","2026-08-03T13:26:18.822Z","","","","","",""
"3","14aGVtMmggBXP5yfP1H8dmrmSfW5MJhbQdHCcBcJpump","60","2.5","","","","","","","92.6","84","-84.5","","","56.8","22.8","444","2.5","0","0","0","0","0","10374.03","4","20306.57","20306.57","0.593","0.593","335","","0","0","1","0","1","","","","","","","0.00000803","0.00001037","","","","","","2026-08-03T13:26:24.876Z","2026-08-03T13:28:42.791Z","","","","",""
"jerkcat","FtN8BNjy8u6Q4CEntJBsQbAmfbeMqgjketcj2Dfzq8LX","62","5","","","","","","","","","","","","","","","","","","","","","","","","","","","","","","","","","","","","","","","","0.00000268","","","","","","","2026-08-03T13:26:30.852Z","","","","","",""
"Meringues","4akrdu5veC5QbCAU2X2Wg3KnEL7uGqc23dkXRYiKpump","63","3","","","","","","","","","","","","","","","","","","","","","","","","","","","","","","","","","","","","","","","","0.000002123","","","","","","","2026-08-03T13:26:30.871Z","","","","","",""
"ZEN","gJpDWtKsj6qfvxuUYAwP2w1rcBQGZUwDRz67PeEpump","79","9.113001215","","","","","","","","","","","","","","","","","","","","","","","","","","","","","","","","","","","","","","","","0.000008675","","","","","","","2026-08-03T13:26:48.850Z","","","","","",""
"SBUX","HcEUaVzrku4D26BAezSrQ1BdXt14oQkSLGJNtPuWpump","64","4.938271603","","","","","","","","","","","","","","","","","","","","","","","","","","","","","","","","","","","","","","","","0.000002122","","","","","","","2026-08-03T13:26:48.895Z","","","","","",""
"BOOK","6yRGR8pTk6TRWMvUzVi1ZW26NsFxGUowT37AjdqDpump","56","1.925925924","","","","","","","","","","","","","","","","","","","","","","","","","","","","","","","","","","","","","","","","0.000002062","","","","","","","2026-08-03T13:26:48.896Z","","","","","",""
"💛🐈","6c82w2Hq1rR15SPQQY53jcL6SPEwFwZL87PZgzoppump","58","2.962962961","","","","","","","","","","","","","","","","","","","","","","","","","","","","","","","","","","","","","","","","0.00000216","","","","","","","2026-08-03T13:26:48.896Z","","","","","",""
"尺","CA47AESAM7E1zj7oHVXPrcFZPwhoUSxSujL9UuAapump","64","5","","","","","","","","","","","","","","","","","","","","","","","","","","","","","","","","","","","","","","","","0.000002055","","","","","","","2026-08-03T13:27:00.785Z","","","","","",""
"气","14NFVCCs3RFisb8mxuz79c4DpFXnf9h1zkDnDGtcpump","64","5","","","","","","","","","","","","","","","","","","","","","","","","","","","","","","","","","","","","","","","","0.000002306","","","","","","","2026-08-03T13:27:18.800Z","","","","","",""
"Travelers","2dVBJRKrZSgEvCbhFzrcGeZarMjpXiruznyCifk8pump","80","10.0010001","","","","","","","","","","","","","","","","","","","","","","","","","","","","","","","","","","","","","","","","0.00000739","","","","","","","2026-08-03T13:27:42.765Z","","","","","",""
"Rocketman","5grkM57NhkMNZ76iTSGo9vj9AC1zvtenXQhiMmzepump","58","3","","","","","","","","","","","","","","","","","","","","","","","","","","","","","","","","","","","","","","","","0.000002125","","","","","","","2026-08-03T13:27:48.812Z","","","","","",""
"Rocketman","wAWDdNNkiAVDyxHNHmnzAwgsGnXZmprsEUwpH7mpump","64","5","","","","","","","","","","","","","","","","","","","","","","","","","","","","","","","","","","","","","","","","0.00000212","","","","","","","2026-08-03T13:28:00.781Z","","","","","",""
"dihcat","FTuyvY2XgezXZ2QsLJbNmzearGGtccGNZL4bW8Sqg21X","57","4","","","","","","","","","","","","","","","","","","","","","","","","","","","","","","","","","","","","","","","","0.000002159","","","","","","","2026-08-03T13:28:00.847Z","","","","","",""
"Friendship","5NYYd4EmkFPH2q75Uk9wTvgLyYVPzy9KRMPDbqkNpump","67","4","","","","","","","","","","","","","","","","","","","","","","","","","","","","","","","","","","","","","","","","0.000002121","","","","","","","2026-08-03T13:28:06.827Z","","","","","",""
"Going","2Tr1oFNbjNKaoCLUPUUe8XnWVbQsFBvVeVJ4Ph1jpump","67","5","","","","","","","","","","","","","","","","","","","","","","","","","","","","","","","","","","","","","","","","0.000002044","","","","","","","2026-08-03T13:28:12.776Z","","","","","",""
"CRYPTOSEXUAL","3YHdUmWMcaM37MjPsEVBwPr1k9UVNYTR9rkEh3icpump","62","5","","","","","","","","","","","","","","","","","","","","","","","","","","","","","","","","","","","","","","","","0.000002122","","","","","","","2026-08-03T13:28:12.868Z","","","","","",""
"Nuts","GFh5Zye47kZycY6f1Z25oZo8oV99ke31DNzmGYLipump","58","3","","","","","","","","","","","","","","","","","","","","","","","","","","","","","","","","","","","","","","","","0.00000203","","","","","","","2026-08-03T13:28:18.794Z","","","","","",""
"Dog","BaFs8gqkBQaekVxLgia7xyjMqLAMNDqnare3ec21pump","63","2.962962961","","","","","","","","","","","","","","","","","","","","","","","","","","","","","","","","","","","","","","","","0.000002055","","","","","","","2026-08-03T13:28:18.830Z","","","","","",""
"watchclub","8u9R3LdPDviBxYoFGAa37NcGqu9i2xoE6bhjtXzTpump","","","","","","","","","","","","","","","","","","","","","","","","","","","","","","","","","","","","","","","","","","","","","","","","4.327e-7","","","","","","2026-08-03T13:28:18.831Z",""
"MONA","BKFiW9CqrjWXKSL2e9S8Tr7v3qRptaRsTYMvNrQvpump","67","4","","","","","","","","","","","","","","","","","","","","","","","","","","","","","","","","","","","","","","","","0.000002344","","","","","","","2026-08-03T13:28:30.851Z","","","","","",""
"FOOD","44kMYrb9evL26s4JcHSrHupaEi5ckoyfzqsuxm1Xhdey","58","4.938271603","","","","","","","","","","","","","","","","","","","","","","","","","","","","","","","","","","","","","","","","0.000002419","","","","","","","2026-08-03T13:28:42.809Z","","","","","",""
"TSUNAMI","DW5oVcBXhKiUqs65ytDwtNZGBNBKLT88FwZQF31npump","","","","","","","","","","","","","","","","","1.97530864","0","0","0","0","0","2307.51","4","143.5","143.5","1","1","0","","0","0","1","0","0","","","","","","","","0.000002307","","","","","","","2026-08-03T13:28:48.929Z","","","","",""
"FOOD","DDFbdmFse5EefkWsUoyf2z2p6ZppRxJHuugFU5zYL17J","","","","","","","","","","","","","","","","","","","","","","","","","","","","","","","","","","","","","","","","","","","","","","","","0.00000203","","","","","","2026-08-03T13:28:48.946Z",""
"kimchi","4YEoymLA2UU3bWTcVVc8EvVVFBL1gjpgSDDa38aJpump","68","7","","","","","","","","","","","","","","","","","","","","","","","","","","","","","","","","","","","","","","","","0.000002314","","","","","","","2026-08-03T13:28:54.779Z","","","","","",""
"Travellers","GxsMJ337xpdTYQBVUkJfkPvZdnx7KptfhUD5ZyDfpump","57","2","","","","","","","","","","","","","","","","","","","","","","","","","","","","","","","","","","","","","","","","0.000002128","","","","","","","2026-08-03T13:28:54.822Z","","","","","",""
"DesuDesu","99P43kdSRvwy3r7ErRjGrMP9nHeHqPKp9cfy1gaPpump","58","3.901234566","","","","","","","","","","","","","","","3.901234566","0","3","0","0","0","2027.59","4","1715.3","1715.3","0.556","0.556","-21.8","","0","0","1","0","0","","","","","","","0.000002027","0.000002027","","","","","","2026-08-03T13:28:54.824Z","2026-08-03T13:31:36.853Z","","","","",""
"food","DGxkgKGyp23MgwfYwipznjxBaRUYBFieUtkVZngypump","63","4","","","","","","","","","","","","","","","","","","","","","","","","","","","","","","","","","","","","","","","","0.000002158","","","","","","","2026-08-03T13:29:00.879Z","","","","","",""
"AI","8SZdREDsY8Yxn6toLywz1Pjve6NdsFVrx78jJaZKpump","","","","","","","","","","","","","","","","","","","","","","","","","","","","","","","","","","","","","","","","","","","","","","","","2.459e-7","","","","","","2026-08-03T13:29:00.952Z",""
"FOOD","4vSq2uJtfA8JiPgqpiJqvvyqEnqV9FmJvKdAWS7jochK","56","4.938271603","","","","","","","","","","","","","","","","","","","","","","","","","","","","","","","","","","","","","","","","0.000002305","","","","","","","2026-08-03T13:29:00.978Z","","","","","",""
"kimchi","Bk5CKCHD6mWGquXivUykXXK7YS7eBPXrR6FKsiPAYP22","","","","","","","","","","","","","","","","","","","","","","","","","","","","","","","","","","","","","","","","","","","","","","","","0.00000214","","","","","","2026-08-03T13:29:06.799Z",""
"FOOD","BSfyHLz7fiPYwfb2FS8jVeFcF9jwwjgUfWYEkbkKpump","63","3","","","","","","","","","","","","","","","","","","","","","","","","","","","","","","","","","","","","","","","","0.000002142","","","","","","","2026-08-03T13:29:06.813Z","","","","","",""
"KOGE","3FfZ6fGwa25kKbqLkD7nVHHqp6VmKXgSuCnptLBSpump","67","3.950617282","","","","","","","","","","","","","","","","","","","","","","","","","","","","","","","","","","","","","","","","0.000002054","","","","","","","2026-08-03T13:29:12.863Z","","","","","",""
"FOOD","WyFUZxwyCwPKyoBG7zHUKC5RZ7nB3Drpov7ptGwpump","58","2.194787158","","","","","","","","","","","","","","","","","","","","","","","","","","","","","","","","","","","","","","","","0.000002156","","","","","","","2026-08-03T13:29:24.793Z","","","","","",""
"E.T","8pfqrvqiNNhVU3K3MNFHbwMLxUW1bu1AeA5GYDkUpump","62","0.250039066","","","","","","","","","","","","","","","","","","","","","","","","","","","","","","","","","","","","","","","","0.000009558","","","","","","0.00000117","2026-08-03T13:29:24.837Z","","","","","2026-08-03T13:31:18.814Z",""
"catszn ","4LkXMjVx1iwPA6EUbmfUeJgy3TwqEwKZewM3MKdMpump","88","20.203156741","","","","","","","","","","","","","","","","","","","","","","","","","","","","","","","","","","","","","","","","0.000006292","","","","","","","2026-08-03T13:29:24.837Z","","","","","",""
"CRATER","J4RuipLCC2MWHe3c9dYXsEoNYHioJjBu7TJYiJCspump","63","3","","","","","","","","","","","","","","","","","","","","","","","","","","","","","","","","","","","","","","","","0.000002026","","","","","","","2026-08-03T13:29:30.773Z","","","","","",""
"FMN","4xgEd28LcfDDMMFMsmiLfkoxfBktjKDGQv5EAw3dpump","64","5","","","","","","","","","","","","","","","","","","","","","","","","","","","","","","","","","","","","","","","","0.000002051","","","","","","","2026-08-03T13:29:43.100Z","","","","","",""
"NAC","Lx6A7QokiQqk1nsMUBYxhudvrX3RiaMyfbSwRkNpump","","","","","","","","","","","","","","","","","","","","","","","","","","","","","","","","","","","","","","","","","","","","","","","","4.5e-7","","","","","","2026-08-03T13:29:48.777Z",""
"TikTok","oEjo6qDTqgDZyEqtLiKW4acG4PxxgVhB5czz9LRKZGX","70","4.938271603","","","","","","","","","","","","","","","","","","","","","","","","","","","","","","","","","","","","","","","","0.000007586","","","","","","","2026-08-03T13:29:48.834Z","","","","","",""
"STRONGBAD","G2CT3Vi1tjuaGChpsmv6QFSWAJEGH7RrEgAQMZ46pump","70","4.938271603","","","","","","","","","","","","","","","","","","","","","","","","","","","","","","","","","","","","","","","","0.000002663","","","","","","","2026-08-03T13:30:00.830Z","","","","","",""
"legs","8RuPuEUgSuWHy4mKAiDke8ZBteTJJrYSFrxir9cvpump","68","0.246913578","","","","","","","","","","","","","","","","","","","","","","","","","","","","","","","","","","","","","","","","0.000002816","","","","","","8.022e-7","2026-08-03T13:30:00.890Z","","","","","2026-08-03T13:32:24.985Z",""
"MEERKATE","JC3p8R3uMXjDiU3gEbZWFw29wBAWCGrWchhG2oS9pump","","","","","","","","","","","","","","","","","","","","","","","","","","","","","","","","","","","","","","","","","","","","","","","","1.717e-7","","","","","","2026-08-03T13:30:00.921Z",""
"TikTok","AkqzSjHZs3wuR6URm1bwsbnaJPVxkfgheUAUY9u8pump","61","5","","","","","","","","","","","","","","","","","","","","","","","","","","","","","","","","","","","","","","","","0.000002155","","","","","","","2026-08-03T13:30:06.878Z","","","","","",""
"TikTok","9LWxmFKy4cfW53EkuLN87W5gzQAXC6Jb9PT5WtbWpump","56","3","","","","","","","","","","","","","","","","","","","","","","","","","","","","","","","","","","","","","","","","0.000002128","","","","","","","2026-08-03T13:30:06.933Z","","","","","",""
"GRFFIN","GBxK1ajk5yvVhzRpuxCDmxokQnXBvXo1RQDcwKfypump","57","1.97530864","","","","","","","","","","","","","","","","","","","","","","","","","","","","","","","","","","","","","","","","0.000002117","","","","","","","2026-08-03T13:30:12.831Z","","","","","",""
"STRONGBAD","VbAYG3FWfWqqGhxWawQ5uN2xDFQSHk4Go6ezXVQpump","61","4","","","","","","","","","","","","","","","","","","","","","","","","","","","","","","","","","","","","","","","","0.000002156","","","","","","","2026-08-03T13:30:18.789Z","","","","","",""
"TikTokMeta","JCqbh2W1hLDrN9ykf6e8AQoWMgMEvnKb7SzLSsLspump","60","5","","","","","","","","","","","","","","","","","","","","","","","","","","","","","","","","","","","","","","","","0.000002136","","","","","","","2026-08-03T13:30:18.790Z","","","","","",""
"DOGEWIFHAT","4SH4aFt9MzMLkP9HYYNQbXn6tspj9p3RCLzeDtXFpump","85","19.753086418","","","","","","","37.4","78","-84.8","","","7.9","27.4","218","19.753086418","0","1","0","0","0","9761.77","4","4913.2","4913.2","0.791","0.791","75.12","","0","0","1","0","1","","","","","","","0.000006476","0.000009761","","","","","","2026-08-03T13:30:30.899Z","2026-08-03T13:32:48.792Z","","","","",""
"DOGE","4DrYfDa9PnnoS59fSEjyXX1geCcQa8oaphXXA3tKpump","63","3","","","","","","","","","","","","","","","","","","","","","","","","","","","","","","","","","","","","","","","","0.000002027","","","","","","","2026-08-03T13:30:30.923Z","","","","","",""
"BSTBL","Geu7KvPZMNFMaB6hZgMrdCzfC3F47LET2VXK9tpappF1","55","4.938271603","","","","","","","","","","","","","","","","","","","","","","","","","","","","","","","","","","","","","","","","0.000002301","","","","","","","2026-08-03T13:30:31.171Z","","","","","",""
"FMN","4cwy3VUaas99pDgUu3p6LpzggzciN48LyMzCM8ULpump","62","5","","","","","","","","","","","","","","","","","","","","","","","","","","","","","","","","","","","","","","","","0.000002025","","","","","","","2026-08-03T13:30:36.818Z","","","","","",""
"Stampede","4Uka6kjM1VC6SXhC9hrS32bo1zrvQQbaQnCsnukiEfJq","56","4","","","","","","","","","","","","","","","","","","","","","","","","","","","","","","","","","","","","","","","","0.000002127","","","","","","","2026-08-03T13:30:48.802Z","","","","","",""
"CRATER","E8VjXjGxLLXVWZ4x7ZzL8p8TQoeF9m1BoFQN6jVvpump","71","5","","","","","","","","","","","","","","","","","","","","","","","","","","","","","","","","","","","","","","","","0.000002126","","","","","","","2026-08-03T13:30:55.022Z","","","","","",""
"FFN","839abPsKj9L7RPz55583BsPagqN4SzkwWkRhqJwopump","62","5","","","","","","","","","","","","","","","","","","","","","","","","","","","","","","","","","","","","","","","","0.000002115","","","","","","","2026-08-03T13:31:00.883Z","","","","","",""
"CDCoin","6FDpyuRodHWSUENRdD6Re9ck7SBYZyfwRWfagVdLpump","","","","","","","","","","","","","","","","","","","","","","","","","","","","","","","","","","","","","","","","","","","","","","","","3.058e-7","","","","","","2026-08-03T13:31:00.987Z",""
"Neegy","FRXnfbAZkVoj2EPEgAcBA3jo9uEoVqXo8yfPJ7CLpump","60","3.85185185","","","","","","","","","","","","","","","","","","","","","","","","","","","","","","","","","","","","","","","","0.000002051","","","","","","","2026-08-03T13:31:06.835Z","","","","","",""
"Neeps","CW7WLmczaHUoB4ksR8iRR13qTYvjtH5k8Mtfzb5vpump","57","1.97530864","","","","","","","","","","","","","","","","","","","","","","","","","","","","","","","","","","","","","","","","0.000002123","","","","","","","2026-08-03T13:31:12.794Z","","","","","",""
"Basalt","8FZh8WKKwRoBLCjyzpsopcc6KwXQmxS1pVVtfq9Fpump","","","","","","","","","","","","","","","","","1.97530864","0","0","0","0","0","2506.83","4","242.46","242.46","1","1","8.68","","0","0","1","0","0","","","","","","","","0.000002506","","","","","","","2026-08-03T13:31:36.884Z","","","","",""
"hedge","ChSpkX1HiMGB1mgujmzZmDMLVuhvLKZoHoCFUscJpump","63","3.083247688","","","","","","","","","","","","","","","","","","","","","","","","","","","","","","","","","","","","","","","","0.000002196","","","","","","","2026-08-03T13:31:48.759Z","","","","","",""
"GRYLO","8SypesUX2k5nEaTAfMj6SV4R15Dcg9L24uwyCP6cfceq","57","1.98","","","","","","","","","","","","","","","","","","","","","","","","","","","","","","","","","","","","","","","","0.000002026","","","","","","","2026-08-03T13:31:48.841Z","","","","","",""
"bulla","AMUBtYpuxMp4PuDzXqMitRd7bYfow3XSHfkRAbFpump","59","0.098765431","","","","","","","","","","","","","","","","","","","","","","","","","","","","","","","","","","","","","","","","0.000002244","","","","","","","2026-08-03T13:31:54.749Z","","","","","",""
"E.T","GEGgRf41FmqwbpUiutetpKzdRQKPXpaL3sn1XiiVpump","60","0.250039066","","","","","","","210.3","180","-91.6","","","-11.5","250.6","250","0.250039066","0","3","1","0","0","2511.88","3","534.91","534.91","0.592","0.592","21.93","","0","0","1","0","0","","","","","","","0.000001403","0.000002511","","","","","","2026-08-03T13:32:00.754Z","2026-08-03T13:33:36.781Z","","","","",""
"AI","7qeuhiw7fgd1K1WA5yiQCEQcAx3a6FBPkP1sUx96pump","","","","","","","","","","","","","","","","","","","","","","","","","","","","","","","","","","","","","","","","","","","","","","","","1.84e-7","","","","","","2026-08-03T13:32:00.804Z",""
"BATCAT","Bh8RRWtAsYerFk1eDtDbMfFrsAvcDjYSREkverS6pump","66","0.100015626","","","","","","","","","","","","","","","","","","","","","","","","","","","","","","","","","","","","","","","","0.000001243","","","","","","6.203e-7","2026-08-03T13:32:12.850Z","","","","","2026-08-03T13:32:48.778Z",""
"TIT","AhagMWh4eHcDbXMsmuq9wzw5mSu94ZPLMpp7rPoqpump","63","3","","","","","","","","","","","","","","","","","","","","","","","","","","","","","","","","","","","","","","","","0.000002155","","","","","","","2026-08-03T13:32:12.862Z","","","","","",""
"Prometheus","7LKjC59wJbvHnXqxU9d1W6NEDdkZxSRBThkZGEBZbEPg","55","4.938271603","","","","","","","","","","","","","","","","","","","","","","","","","","","","","","","","","","","","","","","","0.000002301","","","","","","","2026-08-03T13:32:24.798Z","","","","","",""
"Paladin","6dLQiBHnMgzsQiXGK5jQeE8vm8zscSgJcbKEf8D5pump","62","2.864197529","","","","","","","","","","","","","","","","","","","","","","","","","","","","","","","","","","","","","","","","0.000002185","","","","","","","2026-08-03T13:32:42.824Z","","","","","",""
"dog","AZHZxAehcdZiFvrqvB22DLaJ763oaJs8Q5mteYBPpump","71","5","","","","","","","","","","","","","","","","","","","","","","","","","","","","","","","","","","","","","","","","0.000004728","","","","","","","2026-08-03T13:32:42.828Z","","","","","",""
"DOWCATS","84SiysdYovGGxiJXZZ7M8w4jbUpEzAXDVZUrvyP1pump","57","1.97530864","","","","","","","","","","","","","","","","","","","","","","","","","","","","","","","","","","","","","","","","0.000002044","","","","","","","2026-08-03T13:33:00.815Z","","","","","",""
"FCAT","B5nmCDtnNAeawG7Pmi2rwiPTKbfoPBqxjzS1B6aRpump","","","","","","","","","","","","","","","","","","","","","","","","","","","","","","","","","","","","","","","","","","","","","","","","0.00000117","","","","","","2026-08-03T13:33:00.840Z",""
"retardinu","7JukbsNqR1X1hj4B5Y1jzQ1bnbnFa6e2xkrBvjZXpump","88","20.003125486","","","","","","","","","","","","","","","","","","","","","","","","","","","","","","","","","","","","","","","","0.000008022","","","","","","","2026-08-03T13:33:00.864Z","","","","","",""
"CA","8ZUjVs9oGaMejVVkxEs7kXCyVnmgWzTTac9k7xtV5ACA","71","5","","","","","","","","","","","","","","","","","","","","","","","","","","","","","","","","","","","","","","","","0.000004954","","","","","","","2026-08-03T13:33:12.872Z","","","","","",""
"COPENALD","7H9UTiaZ1hDiY783PSpNgo9vRJV2rYBbDr9bt8vfpump","57","2","","","","","","","","","","","","","","","","","","","","","","","","","","","","","","","","","","","","","","","","0.000002023","","","","","","","2026-08-03T13:33:18.821Z","","","","","",""
"METAS","7qNZXy36MDaLi7V8KCZd5Amas6Pvdf7gzngfDVgtpump","55","1.75","","","","","","","","","","","","","","","","","","","","","","","","","","","","","","","","","","","","","","","","0.000002034","","","","","","","2026-08-03T13:33:18.822Z","","","","","",""
"Miracle","7BRkMPzAr4xoezcLq5S7h55GzDtkMAyEUhg7wz7Apump","59","5","","","","","","","","","","","","","","","","","","","","","","","","","","","","","","","","","","","","","","","","0.000002123","","","","","","","2026-08-03T13:33:24.770Z","","","","","",""
"$PANIC","96r9otmrpiXkvom5pxyzb2YSCVoByVQUkPoiwpscpump","","","","","","","","","","","","","","","","","","","","","","","","","","","","","","","","","","","","","","","","","","","","","","","","3.978e-7","","","","","","2026-08-03T13:33:30.868Z",""
"sharkdog","6PLx8cokfN25rX4pc6S3ZKmpjrwoXF5rrLUM3jNnpump","60","2.4691358","","","","","","","","","","","","","","","","","","","","","","","","","","","","","","","","","","","","","","","","0.000002152","","","","","","","2026-08-03T13:33:30.890Z","","","","","",""
"3","4PYidUqJPthJ9LZE8rDrApja8JsoZDSE8yh3aXi4pump","","","","","","","","","","","","","","","","","","","","","","","","","","","","","","","","","","","","","","","","","","","","","","","","5.049e-7","","","","","","2026-08-03T13:33:31.203Z",""
"Ora","GsT57smkyiHj3rq6fWi5zHkWaaZACru2JeqC7C8fpump","57","2","","","","","","","","","","","","","","","","","","","","","","","","","","","","","","","","","","","","","","","","0.000008042","","","","","","","2026-08-03T13:33:36.767Z","","","","","",""
"BROS","AoGSSRaeqX8qMsUmcYpqEDAs26cMpM57qEQbUsJDpump","63","2.962962961","","","","","","","","","","","","","","","","","","","","","","","","","","","","","","","","","","","","","","","","0.000002123","","","","","","","2026-08-03T13:33:42.782Z","","","","","",""
"PnL","2UcMoLKNiUhG3FtsPwW4MscJd4DPjt9vLAZzMaMupump","88","21.72839506","","","","","","","","","","","","","","","","","","","","","","","","","","","","","","","","","","","","","","","","0.000005206","","","","","","0.000002742","2026-08-03T13:33:48.798Z","","","","","2026-08-03T13:34:48.805Z",""
"3","3w4Qji6qPhFQM1FgPCDx8BCjWfSNf5d3SvBsxrX8pump","","","","","","","","","","","","","","","","","","","","","","","","","","","","","","","","","","","","","","","","","","","","","","","","8.426e-8","","","","","","2026-08-03T13:33:48.798Z",""
"JUAN","GRTWHaanHWbRwMVjz8XxKfs1uLAm97Z6Gtxd5WUzpump","63","2.962962961","","","","","","","","","","","","","","","","","","","","","","","","","","","","","","","","","","","","","","","","0.000003854","","","","","","","2026-08-03T13:33:48.813Z","","","","","",""
"Esper","HdK1mtr6pzyCfjpKEPrh1GUikd39Q24HF8W5SvJ1pump","63","2.962962961","","","","","","","","","","","","","","","","","","","","","","","","","","","","","","","","","","","","","","","","0.000002124","","","","","","","2026-08-03T13:34:01.104Z","","","","","",""
"MIRACLE","FLPZsEPnYbmZoQVNwn2xTvGq9yCGhwitKKVvHfHApump","61","5","","","","","","","","","","","","","","","","","","","","","","","","","","","","","","","","","","","","","","","","0.000002115","","","","","","","2026-08-03T13:34:01.196Z","","","","","",""
"PWS","GYWAk1mpxBC7fv3Qq87T8Aby7Aik7jM1sQgS8hrJpump","57","0.060009374","","","","","","","","","","","","","","","","","","","","","","","","","","","","","","","","","","","","","","","","0.00003754","","","","","","","2026-08-03T13:34:06.876Z","","","","","",""
"SEND!T","HgRbd3haLvCdpZU8sCMLvh5ooo3mvAPVtFH8P2pVpump","","","","","","","","","","","","","","","","","","","","","","","","","","","","","","","","","","","","","","","","","","","","","","","","6.826e-7","","","","","","2026-08-03T13:34:18.811Z",""
"legs","6s185E9QqTBjW9bm1cJxHQWHDyDFB3tjDb6CB3aJpump","67","0.444444442","","","","","","","0","0","0","","","0","0","902","0.444444442","0","1","1","0","0","4736.88","3","175.62","175.62","0.667","0.667","127","","0","0","1","0","0","","","","","","","0.000004736","0.000004736","","","","","","2026-08-03T13:34:18.821Z","2026-08-03T13:35:24.612Z","","","","",""
"DX","Ba4myu7BnTezmw6Nbb7yxF8Ye3dh7hk59EnzkN4Bpump","","","","","","","","","","","","","","","","","","","","","","","","","","","","","","","","","","","","","","","","","","","","","","","","4.05e-8","","","","","","2026-08-03T13:34:30.771Z",""
"KIMJI","kimjiZQma6Tfz5mzAn5W5DCFVVGJjiPwpW5tzMuQxjP","87","17.876543208","","","","","","","80.7","490","-87.4","","","3.2","75.1","530","17.876543208","0","0","0","0","0","8933.09","3","2458.9","2458.9","0.976","0.976","73.35","","0","0","1","0","1","","","","","","","0.000007518","0.000008933","","","","","","2026-08-03T13:34:36.775Z","2026-08-03T13:35:36.581Z","","","","",""
"CRYPTOSEXUAL","3xqHVgTB2ufpNn3A1KWupgUny2dTyGS7Bvvn7fPcpump","71","5","","","","","","","","","","","","","","","","","","","","","","","","","","","","","","","","","","","","","","","","0.000002097","","","","","","","2026-08-03T13:34:36.813Z","","","","","",""
"FYC","DPSY5UL4tSJBAGXPtYbKPJ2BeFAA4kuddnbv6ZoDpump","63","4","","","","","","","","","","","","","","","","","","","","","","","","","","","","","","","","","","","","","","","","0.000002957","","","","","","","2026-08-03T13:34:42.746Z","","","","","",""
"Esper","Feou3mWFSuWopgRCJCt4zMqwP6yBR7zLPDA4V7Fmpump","58","2.962962961","","","","","","","","","","","","","","","","","","","","","","","","","","","","","","","","","","","","","","","","0.000002025","","","","","","","2026-08-03T13:34:42.783Z","","","","","",""
"legs","DscetKRGu3KX5wpadnL3j3HkRJi5TZB7EgtCpXpMpump","","","","","","","","","","","","","","","","","","","","","","","","","","","","","","","","","","","","","","","","","","","","","","","","6.484e-7","","","","","","2026-08-03T13:34:48.760Z",""
"cursedgoat","B1jVsroxAXm7fggPKnrHrtXjGXMWREokLYEMPZZ1pump","57","1.97530864","","","","","","","","","","","","","","","","","","","","","","","","","","","","","","","","","","","","","","","","0.000002151","","","","","","","2026-08-03T13:34:48.799Z","","","","","",""
"FYP","FebBVaPyPfw24hY78wYYzBqBHTrMNHnyRwoMVqFopump","66","7","","18.1","","","","","0","0","-11.6","","","-11.6","0","902","7","0","5","0","0","0","2295.1","3","2049.2","2049.2","0.583","0.583","-25.44","","0","0","1","0","0","-11.590413943355122","","","","","","0.000002295","0.000002295","","","0.000002029","","","2026-08-03T13:34:54.765Z","2026-08-03T13:35:54.665Z","","","2026-08-03T13:36:12.765Z","",""
"CHAGRE","E3aC3F3cNbdeDPZt5FqLstkGDad5VRY3a1puGgUepump","","","","","","","","","","","","","","","","","","","","","","","","","","","","","","","","","","","","","","","","","","","","","","","","1.077e-8","","","","","","2026-08-03T13:35:12.794Z",""
"Ora","9nSs9VPTHQufMhe99ihtELCQv7JNMsDb7Mf81QH8pump","63","2.962962961","","","","","","","","","","","","","","","","","","","","","","","","","","","","","","","","","","","","","","","","0.000002155","","","","","","","2026-08-03T13:35:24.749Z","","","","","",""
"Survivors","ENBcY6PbxGcqQy247RSwxiEXj9Yoyv17gJ3TeAazpump","57","3.901234566","","","","","","","","","","","","","","","","","","","","","","","","","","","","","","","","","","","","","","","","0.000002027","","","","","","","2026-08-03T13:35:30.767Z","","","","","",""
"Esper","AAKgZm2yNQ8fs9bx7obtFEPa4ot5CRBso4Tcm5Qypump","56","2.962962961","","","","","","","","","","","","","","","","","","","","","","","","","","","","","","","","","","","","","","","","0.000004211","","","","","","","2026-08-03T13:35:36.871Z","","","","","",""
"dumpcat","7s15M4o8sJfCSoHN6WWaVQ82Ui9iNX3KJyj262fNub9q","55","4","","","","","","","","","","","","","","","","","","","","","","","","","","","","","","","","","","","","","","","","0.000004261","","","","","","","2026-08-03T13:35:42.764Z","","","","","",""
"Paladin","Ajqhkq9xKaL6VW6C6dQAWv2L4fwq1BmYQ1hxcw5rpump","67","5","","","","","","","","","","","","","","","","","","","","","","","","","","","","","","","","","","","","","","","","0.000002122","","","","","","","2026-08-03T13:35:54.833Z","","","","","",""
"Cat","61ngbntKfCzdXCAHfaLZGaTdAebuCFQSsTYDZf55pump","63","3","","","","","","","","","","","","","","","","","","","","","","","","","","","","","","","","","","","","","","","","0.000003459","","","","","","","2026-08-03T13:35:54.834Z","","","","","",""
"ONYX ","D4bTP5YFex6PS88ESoUcZMQ1dqjKdPbsToJa5UxPpump","","","","","","","","","","","","","","","","","","","","","","","","","","","","","","","","","","","","","","","","","","","","","","","","2.373e-7","","","","","","2026-08-03T13:36:12.776Z",""
"Treacherous","95DhUfRH1gVqqYPa4umaCUYqqh6sTwY3LPRLq4ZLpump","58","5","","","","","","","","","","","","","","","","","","","","","","","","","","","","","","","","","","","","","","","","0.000002116","","","","","","","2026-08-03T13:36:18.829Z","","","","","",""
"Sabin ","GX3h8j8FdVskrjgezB1y75nA3EQbZTWkHmoTSafeRCzp","71","5","","","","","","","","","","","","","","","","","","","","","","","","","","","","","","","","","","","","","","","","0.000002131","","","","","","","2026-08-03T13:36:24.787Z","","","","","",""
"shibs","AZCDRCa2KvxGJEDyxpM3HzXjbRJ88iiBHm4KcYVnpump","57","0.098765431","","","","","","","","","","","","","","","0.098765431","0","3","1","0","0","1778.67","3","51.78","51.78","0.688","0.688","-12.83","","0","0","1","0","0","","","","","","","0.000001384","0.000001778","","","","","","2026-08-03T13:36:30.782Z","2026-08-03T13:37:36.646Z","","","","",""
"Kabosu","D91jNz7TXSMSPWi7ojdFfcEvJsQic7zJZVnEncTTpump","57","1.965432097","","","","","","","","","","","","","","","1.965432097","0","0","0","0","0","3693.94","3","2184.16","2184.16","0.696","0.696","60.58","","0","0","1","0","1","","","","","","","0.000003545","0.000003693","","","","","","2026-08-03T13:36:42.767Z","2026-08-03T13:37:42.540Z","","","","",""
"BLAREA","DM1fsmaLwnuc1y4SCW3f8eCZjp4fDv1ghFA6oqX2pump","","","","","","","","","","","","","","","","","","","","","","","","","","","","","","","","","","","","","","","","","","","","","","","","7.391e-7","","","","","","2026-08-03T13:36:54.832Z",""
"Neeps","DLSGAxUdCEwaU9KezcGhd4bqgmXVbJ1SUR8PucSVpump","56","2.962962961","","","","","","","","","","","","","","","","","","","","","","","","","","","","","","","","","","","","","","","","0.000002069","","","","","","","2026-08-03T13:37:18.827Z","","","","","",""
"legs","54BcoPJpcpPLoDqqonFgp9KE2Dv4Y97LKZKwtzdcpump","","","","","","","","","","","","","","","","","","","","","","","","","","","","","","","","","","","","","","","","","","","","","","","","3.584e-8","","","","","","2026-08-03T13:37:36.801Z",""
"Hank","4XBRsWpxK7ekXZfD57AcYaTrTbFeaLeqvtGE18NGpump","61","4","","","","","","","","","","","","","","","","","","","","","","","","","","","","","","","","","","","","","","","","0.000005587","","","","","","","2026-08-03T13:37:48.795Z","","","","","",""
"PVE","J2Kn1k26UuXVsk9huiQLYqe3C8vmB9MGM1z88hyupump","57","1.97530864","","","","","","","","","","","","","","","","","","","","","","","","","","","","","","","","","","","","","","","","0.000002049","","","","","","","2026-08-03T13:37:48.812Z","","","","","",""
"DOOCAN","EtxoraVX7TET3mEmbBmaNwfXEj8oMxgYSDFLjTSYpump","59","0.09876543","","","","","","","","","","","","","","","0.09876543","0","2","1","0","0","2404.68","3","22.74","22.74","0.571","0.571","17.51","","0","0","1","0","0","","","","","","","0.000002404","0.000002404","","","","","","2026-08-03T13:38:00.813Z","2026-08-03T13:39:00.580Z","","","","",""
"Nutsack","BsjbrKqfST1K3eTpNW1TA55Dfefk9p3Wyyj9Tz4sniKF","74","6.2","","","","","","","0","0","0","","","0","0","918","6.2","0","0","0","0","0","2037.64","3","2723.29","2723.29","0.576","0.576","-31.14","","0","0","1","0","0","","","","","","","0.000002037","0.000002037","","","","","","2026-08-03T13:38:18.766Z","2026-08-03T13:39:18.543Z","","","","",""
"Hank","7niz6XacrjseG9JefYnRy6d5AWsmcdvuUotE6a5jx3jp","67","3.950617282","","","","","","","","","","","","","","","","","","","","","","","","","","","","","","","","","","","","","","","","0.000002131","","","","","","","2026-08-03T13:38:18.778Z","","","","","",""
"BBQCOIN","18wbFFcPCwhQ9sLQC4PxKS8pe1irgBEADPh4Sovpump","63","3.950617282","","","","","","","","","","","","","","","","","","","","","","","","","","","","","","","","","","","","","","","","0.000002037","","","","","","","2026-08-03T13:38:18.789Z","","","","","",""
"COWE","J5w5iEG8PLjQHJZVHHCNaGwm1oNq7UDy74nW1md3pump","86","16.790123455","auto","78.672","30.011","6.153","76.896","yes","3.5","16","-71.3","no","","3.5","0","226","16.790123455","0","0","0","0","0","10900.49","3","23069.63","23069.63","0.658","0.658","120","","0","0","1","0","1","-10.155963302752307","1.6513094877540844","-11.615465506549928","-55.16","1.81","STOP_LOSS","0.000009451","0.0000109","0.00001128","0.000011079992734165196","0.000009793","0.000006146","","2026-08-03T13:38:24.765Z","2026-08-03T13:39:30.541Z","2026-08-03T13:40:00.552Z","2026-08-03T13:40:06.705Z","2026-08-03T13:40:49.213Z","","2026-08-03T13:41:23.601Z"
"BUNZ","CXfaRdjRjucs5iZSSPZozbZ6nPebXByezF6Hbnappump","","","","","","","","","","","","","","","","","","","","","","","","","","","","","","","","","","","","","","","","","","","","","","","","9.909e-7","","","","","","2026-08-03T13:38:30.824Z",""
"William","AbPvr6c9WbjcFRAJKMGtKQpn1uvEAkuMFzWjYeqfpump","58","3","","","","","","","","","","","","","","","","","","","","","","","","","","","","","","","","","","","","","","","","0.000002413","","","","","","","2026-08-03T13:38:36.800Z","","","","","",""
"MOSES","dfA1k9hubCDMjRJNnvNeGvonNaZbEUcfK5M82BJpump","58","3","","","","","","","","","","","","","","","","","","","","","","","","","","","","","","","","","","","","","","","","0.000002134","","","","","","","2026-08-03T13:38:48.756Z","","","","","",""
"FARM","5jQhHy9ecsdVw5LPPx4znnWcpfdUboVxRiaej5dKpump","75","6.872852233","","","","","","","","","","","","","","","","","","","","","","","","","","","","","","","","","","","","","","","","0.000002054","","","","","","","2026-08-03T13:38:54.745Z","","","","","",""
"Regression","6SWzyU3WGnPrdYj4HMspTuwZWzECqsZeh7KpP4JN3mNH","63","3.950617282","","","","","","","","","","","","","","","","","","","","","","","","","","","","","","","","","","","","","","","","0.000002135","","","","","","","2026-08-03T13:39:12.857Z","","","","","",""
"CORGICoin","Gh89pRBXUgdRvAALKx8XGUz59W6c3b31GGD2Lpytpump","59","0.079012344","","","","","","","","","","","","","","","0.079012344","0","2","1","0","0","3449.12","3","34.64","34.64","0.579","0.579","68.61","","0","0","1","0","0","","","","","","","0.000003449","0.000003449","","","","","","2026-08-03T13:39:24.799Z","2026-08-03T13:41:06.776Z","","","","",""
"legs","FPSuDLZkjpK2RES5LijKa5nHCxE4WNaSh8T7Td1ipump","64","0.66330864","","","","","","","0","0","0","","","0","0","920","0.66330864","0","4","1","0","0","3219.26","3","292.22","292.22","0.6","0.6","51.39","","0","0","1","0","0","","","","","","","0.000003219","0.000003219","","","","","","2026-08-03T13:39:24.817Z","2026-08-03T13:41:06.823Z","","","","",""
"BIMBO","HX62ibNBX3JDABbFGMZ2JieiywexxmW1NQEfaZNdpump","","","","","","","","","","","","","","","","","","","","","","","","","","","","","","","","","","","","","","","","","","","","","","","","0.00000103","","","","","","2026-08-03T13:39:24.818Z",""
"RETAIL","7v3NAQ64pspatXyUmSzuu27fMeVcVdWGGptjP1ftpump","57","1.97530864","","","","","","","","","","","","","","","","","","","","","","","","","","","","","","","","","","","","","","","","0.000002161","","","","","","","2026-08-03T13:39:36.763Z","","","","","",""
"DesuDesu","HPNu8GoZLLjHxT9KTHiJ7Dto1BxWtfmzuT8WSRcmpump","56","3.901234566","","","","","","","","","","","","","","","","","","","","","","","","","","","","","","","","","","","","","","","","0.000002135","","","","","","","2026-08-03T13:39:36.778Z","","","","","",""
"TUMBLE","8oDaVsJrTZWhvmsi6YEVpxnxSXPBYdnUEMW9P7Brpump","70","4.875406284","","","","","","","","","","","","","","","","","","","","","","","","","","","","","","","","","","","","","","","","0.000002704","","","","","","","2026-08-03T13:39:36.793Z","","","","","",""
"SMD","27NMgurE2YUfyqGymGfdxx3Cx1vRJsi4Li6fGg78pump","66","0.098765431","","","","","","","","","","","","","","","","","","","","","","","","","","","","","","","","","","","","","","","","0.00000148","","","","","","0.00000117","2026-08-03T13:39:42.785Z","","","","","2026-08-03T13:40:48.812Z",""
"TOXINF","CNL681nnvQGHZKQpZ47j4QqGkQritZee6CP9n7zopump","","","","","","","","","","","","","","","","","","","","","","","","","","","","","","","","","","","","","","","","","","","","","","","","5.806e-7","","","","","","2026-08-03T13:39:54.775Z",""
"legs","8ioPnSQXShbt9jBDRHmQxn6kXszX6Z44LLo5vhQspump","","","","","","","","","","","","","","","","","","","","","","","","","","","","","","","","","","","","","","","","","","","","","","","","3.986e-7","","","","","","2026-08-03T13:39:54.800Z",""
"LUNA","aKCG3zfh54ipaJ476cUNvVjd6TcdFW9Je5PdGeZpump","56","3","","","","","","","","","","","","","","","","","","","","","","","","","","","","","","","","","","","","","","","","0.00000204","","","","","","","2026-08-03T13:40:12.810Z","","","","","",""
"PnL","FUkx439GUrwppGoMHg6wxHEoLqT3j2HeruTx2r1upump","","","","","","","","","","","","","","","","","","","","","","","","","","","","","","","","","","","","","","","","","","","","","","","","2.888e-8","","","","","","2026-08-03T13:40:12.843Z",""
"CryptoBros","B5fRprR5tYkS6wYoTdMZ2E82zunARhoik53qkf1Rpump","71","5","","","","","","","","","","","","","","","","","","","","","","","","","","","","","","","","","","","","","","","","0.000002034","","","","","","","2026-08-03T13:40:30.811Z","","","","","",""
"BBQCOIN","BzeLwnuYLrn1nKLmvEdcAMBjKF4FVzjh6Z5RnJjTpump","63","2.962962961","","","","","","","0","0","-1.9","","","-1.9","0","904","2.962962961","0","0","0","0","0","2075.08","3","892.61","892.61","0.6","0.6","-15.49","","0","0","1","0","0","","","","","","","0.000002075","0.000002075","","","","","","2026-08-03T13:40:30.818Z","2026-08-03T13:42:12.890Z","","","","",""
"MBK","9W1kQkdRMt2zGAb3v6Za36QeZ5Yj2g9DoaCQuzc8pump","56","1.876543208","","","","","","","","","","","","","","","","","","","","","","","","","","","","","","","","","","","","","","","","0.000002036","","","","","","","2026-08-03T13:40:30.840Z","","","","","",""
"3","9PrVd11jHFaDhzhxuPP1q1C1rMGGToFSKtL3JGDipump","67","5","","","","","","","","","","","","","","","","","","","","","","","","","","","","","","","","","","","","","","","","0.000002174","","","","","","","2026-08-03T13:40:36.839Z","","","","","",""
"bull ","6uo2GFAraVeYq7HVXHueUHcS5fXjKWRyWchWYyLypump","75","0.800125018","","","","","","","146.9","2","-39.7","","","48.9","0","902","0.800125018","0","0","1","0","0","10462.96","3","1956.48","1956.48","0.667","0.667","388","","0","0","1","0","0","","","","","","","0.000003644","0.00001046","","","","","","2026-08-03T13:40:42.863Z","2026-08-03T13:42:24.762Z","","","","",""
"KITTYLAND","dytmqsJyUihVntLedjLRMLowgR36E5i9nv8zFcvpump","57","2","","","","","","","","","","","","","","","","","","","","","","","","","","","","","","","","","","","","","","","","0.000002034","","","","","","","2026-08-03T13:40:42.905Z","","","","","",""
"CORGICoin","FAWs1WRAbomj4LTwfSAqMYP8kcsB2n3nKjqdHTNypump","58","0.118518517","","","","","","","","","","","","","","","","","","","","","","","","","","","","","","","","","","","","","","","","0.000003233","","","","","","","2026-08-03T13:40:42.906Z","","","","","",""
"legs","HDrFE2zzbkUecKK9LyAJ8ZeooPevDC3rLjEuMiLqpump","","","","","","","","","","","","","","","","","","","","","","","","","","","","","","","","","","","","","","","","","","","","","","","","3.457e-8","","","","","","2026-08-03T13:40:42.970Z",""
"ElonMusk","6eBvSAsKfVSgpzJdcSfL8ZTvtaKz697v7TjqZxgGpump","65","0.320050005","","","","","","","0","0","0","","","0","0","906","0.320050005","0","1","1","0","0","2671.64","4","86.47","86.47","0.6","0.6","28.57","","0","0","1","0","0","","","","","","","0.000002678","0.000002671","","","","","","2026-08-03T13:40:54.771Z","2026-08-03T13:43:00.800Z","","","","",""
"TIRON","8CPmrEJqPGZsFt5eDe1SnLtEJGPpZUfXKSJfL47epump","","","","","","","","","","","","","","","","","","","","","","","","","","","","","","","","","","","","","","","","","","","","","","","","0.000001016","","","","","","2026-08-03T13:40:54.833Z",""
"Frog","FevCHxCU6ozpRKe7TcrNBsjyqLmxjYhxdLRNuQadpump","67","5","","","","","","","","","","","","","","","","","","","","","","","","","","","","","","","","","","","","","","","","0.000002163","","","","","","","2026-08-03T13:40:54.867Z","","","","","",""
"CryptoBros","7kxkqHCaie1L1FxaKBma4GVBqV5SmjPTWW4YdDKHpump","58","3","","","","","","","","","","","","","","","","","","","","","","","","","","","","","","","","","","","","","","","","0.000002039","","","","","","","2026-08-03T13:41:06.818Z","","","","","",""
"GLIAGE","Bu531zoJoTFRxekzqerLAVp2iXZFmdDSjNqgWF9hpump","","","","","","","","","","","","","","","","","","","","","","","","","","","","","","","","","","","","","","","","","","","","","","","","7.715e-8","","","","","","2026-08-03T13:41:24.821Z",""
"BUNZ","27WSxcAKcZWq3BhpFeFvgi9QwTt4mvf96qfrXDuhpump","","","","","","","","","","","","","","","","","","","","","","","","","","","","","","","","","","","","","","","","","","","","","","","","5.687e-7","","","","","","2026-08-03T13:41:31.040Z",""
"TIRON","BF9tpf6CgFBjUdE7SvTNJzeVh9PQEYnyxoR3h6kdpump","","","","","","","","","","","","","","","","","","","","","","","","","","","","","","","","","","","","","","","","","","","","","","","","0.000001105","","","","","","2026-08-03T13:41:43.041Z",""
"Duck","78d5amkCeGwocuhoyxm2TYHMTjq5s5KXKNZRz3C9pump","79","1.350210969","","","","","","","","","","","","","","","","","","","","","","","","","","","","","","","","","","","","","","","","0.000002734","","","","","","","2026-08-03T13:41:54.834Z","","","","","",""
"test","FMYw6Z3Rega5iScheu5PfrbiVRL5KHZruRgzs1Hpump","61","0.059259258","","","","","","","0","0","0","","","0","0","910","0.059259258","0","1","1","0","0","3101.15","3","18.73","18.73","0.714","0.714","51.66","","0","0","1","0","0","","","","","","","0.000003101","0.000003101","","","","","","2026-08-03T13:41:54.836Z","2026-08-03T13:43:36.810Z","","","","",""
"TUMBLE","2Lfkok97cnhvQQ23WKr6snobsNpjonwb22oxSmYxpump","59","3.083247688","","","","","","","","","","","","","","","3.083247688","0","1","0","0","0","4574.01","3","4085.42","4085.42","0.644","0.644","84.76","","0","0","1","0","1","","","","","","","0.000004034","0.000004574","","","","","","2026-08-03T13:42:00.861Z","2026-08-03T13:43:36.827Z","","","","",""
"500","Fvz7kDVba3KLFJcxFT92K3o5pCHJZ8PeM9kUpCoKpump","","","","","","","","","","","","","","","","","","","","","","","","","","","","","","","","","","","","","","","","","","","","","","","","2.975e-9","","","","","","2026-08-03T13:42:06.836Z",""
"Fnut","HQ5Xk1biyzxbrHPnhVST1XFMKQAFyq8FaMwnzRsvpump","56","3","","","","","","","","","","","","","","","","","","","","","","","","","","","","","","","","","","","","","","","","0.000002199","","","","","","","2026-08-03T13:42:12.842Z","","","","","",""
"Devolution","7ruc5tvAdxjnEqxLCd11ZXwNQExZ7AjhGneuUDu7pump","63","3","","","","","","","","","","","","","","","","","","","","","","","","","","","","","","","","","","","","","","","","0.000002139","","","","","","","2026-08-03T13:42:12.894Z","","","","","",""
"Crypto Bro","8negAvMgjmYgr1L71AvPLVko2JPHxbbsDnqZwMCGpump","63","2.962962961","","","","","","","","","","","","","","","","","","","","","","","","","","","","","","","","","","","","","","","","0.000002168","","","","","","","2026-08-03T13:42:18.847Z","","","","","",""
"TIRON","3XBikYzRnKpP3jVssujjBhh7nN5vSL3WcDttBjyhpump","","","","","","","","","","","","","","","","","","","","","","","","","","","","","","","","","","","","","","","","","","","","","","","","6.051e-7","","","","","","2026-08-03T13:42:24.807Z",""
"DX","HpcRFjrYzaLiowQ9hRzVNtHKihFjRhmq8xe985Kmpump","","","","","","","","","","","","","","","","","","","","","","","","","","","","","","","","","","","","","","","","","","","","","","","","0.000001086","","","","","","2026-08-03T13:42:30.841Z",""
"Gato","Ap4wim33ePBUkBkatVksCGSodJhdECdBVd3DUazfpump","67","3.901234566","","","","","","","","","","","","","","","","","","","","","","","","","","","","","","","","","","","","","","","","0.000002036","","","","","","","2026-08-03T13:42:30.844Z","","","","","",""
"Devolution","3NQCUgAA5HGRDx5kAXar329cY3udNqbosNTpFGw8pump","58","3","","","","","","","","","","","","","","","","","","","","","","","","","","","","","","","","","","","","","","","","0.000002165","","","","","","","2026-08-03T13:42:48.875Z","","","","","",""
"Fnut","8Y4f86y7w5Ru8ftZjxPZUDf9ZXu844zyVxxWcuc3pump","57","1.97530864","","","","","","","","","","","","","","","","","","","","","","","","","","","","","","","","","","","","","","","","0.000002165","","","","","","","2026-08-03T13:43:06.783Z","","","","","",""
"FFG","Ewz35o9tnHV5Mrvqc4aupA3ptXGGAtyyexYXjWW9pump","75","6.617283949","","","","","","","","","","","","","","","","","","","","","","","","","","","","","","","","","","","","","","","","0.00000214","","","","","","","2026-08-03T13:43:06.814Z","","","","","",""
"TIRON","5y6S1oj1LMTM2XxXAFjBgePFbQeK86sBL4CZ9WVGpump","","","","","","","","","","","","","","","","","","","","","","","","","","","","","","","","","","","","","","","","","","","","","","","","8.448e-7","","","","","","2026-08-03T13:43:06.816Z",""
"Ora","8TeXqPxXMG2GXvTSAtukDzbp7gNB3qnha1ct9Jrppump","56","2.962962961","","","","","","","","","","","","","","","","","","","","","","","","","","","","","","","","","","","","","","","","0.000002137","","","","","","","2026-08-03T13:43:12.795Z","","","","","",""
"NeckTats","2zYNJoBk65xrHv1WMYw8euHFJc8EMWkQsGg7Aa93pump","67","4","","","","","","","33","270","-4.1","","","-0.2","33.2","910","4","0","0","0","0","0","3464.79","3","6169.12","6169.12","0.567","0.567","32.47","","0","0","1","0","0","","","","","","","0.000003308","0.000003464","","","","","","2026-08-03T13:43:25.031Z","2026-08-03T13:45:06.748Z","","","","",""
"Masses","H123VhGpdZWLtLTfKzUL6SE2HEdfiZr2qLGPxj3Apump","58","3","","","","","","","","","","","","","","","","","","","","","","","","","","","","","","","","","","","","","","","","0.000002565","","","","","","","2026-08-03T13:43:25.034Z","","","","","",""
"test","ChK5Q4mWJE5cVJaKNhQAcV3qVPxrNRmuXg483xnupump","58","0.059259258","","","","","","","","","","","","","","","0.059259258","0","2","1","0","0","2902.65","3","18.06","18.06","0.714","0.714","41.99","","0","0","1","0","0","","","","","","","0.000002902","0.000002902","","","","","","2026-08-03T13:43:42.809Z","2026-08-03T13:45:12.640Z","","","","",""
"$ANW","6N892Q77yvjzgT9KTRiajswFRM6t48n3KYM1DpSRpump","","","","","","","","","","","","","","","","","","","","","","","","","","","","","","","","","","","","","","","","","","","","","","","","1.096e-8","","","","","","2026-08-03T13:43:48.790Z",""
"5000000000","71g2iTUFCT9MUrdDNUCvVWMDYsanCvcbR6gLngCVpump","96","0.059259258","","","","","","","0","0","0","","","0","0","902","0.059259258","1","3","1","0","0","2785.11","3","121.93","121.93","0.692","0.692","36.2","","0","0","1","0","0","","","","","","","0.000002785","0.000002785","","","","","","2026-08-03T13:43:48.863Z","2026-08-03T13:45:24.855Z","","","","",""
"FFG","7yzng61EfSXCnX4jwxKTGuYeYHQ5jAxVTSdpwtrxpump","63","3","","","","","","","","","","","","","","","","","","","","","","","","","","","","","","","","","","","","","","","","0.000002549","","","","","","","2026-08-03T13:44:06.958Z","","","","","",""
"Masses","D1wGCpodRzTLb46nPNsaJSciWWyHtvtWwMqoBxuVpump","62","4.938271603","","","","","","","","","","","","","","","","","","","","","","","","","","","","","","","","","","","","","","","","0.000002128","","","","","","","2026-08-03T13:44:18.790Z","","","","","",""
"TIRON","Agz7C1P3LCGgE5qMnF32uZe2WUUPr7tfSe1eimd9pump","","","","","","","","","","","","","","","","","","","","","","","","","","","","","","","","","","","","","","","","","","","","","","","","8.131e-7","","","","","","2026-08-03T13:44:18.829Z",""
"bull ","6azXFDFjTnjpkXDypQ5iBsU2RvVjzL1AKAtEWJwbpump","79","2.000312547","","","","","","","","","","","","","","","","","","","","","","","","","","","","","","","","","","","","","","","","0.000001995","","","","","","","2026-08-03T13:44:24.784Z","","","","","",""
"PWS","4VULBDUBJKxYd7PJnCPquBmysCW6RAN6r7VvEKygpump","56","0.100015626","","","","","","","","","","","","","","","","","","","","","","","","","","","","","","","","","","","","","","","","0.000004279","","","","","","3.229e-7","2026-08-03T13:44:30.786Z","","","","","2026-08-03T13:45:06.782Z",""
"9999999999","F9YhhB41kHZvXzjU6mqbjrn5qKoxTPoC9jPB7Ywmpump","","","","","","","","","","","","","","","","","","","","","","","","","","","","","","","","","","","","","","","","","","","","","","","","3.33e-7","","","","","","2026-08-03T13:44:36.808Z",""
"FENG","42tzcHCKmwmawdMJoDXMezo6aJQR9faiWLHmwupVpump","","","","","","","","","","","","","","","","","","","","","","","","","","","","","","","","","","","","","","","","","","","","","","","","3.102e-7","","","","","","2026-08-03T13:44:36.811Z",""
"Tangy","De4X2fMSyrGzsuUhcL861dk5nNGTQRHL3AmngoXDpump","58","3","","","","","","","","","","","","","","","","","","","","","","","","","","","","","","","","","","","","","","","","0.000002033","","","","","","","2026-08-03T13:44:42.795Z","","","","","",""
"MONA","2xQ6RfpmY5fMURE9cSQx5JyYJqXtEfU5wXTk1Y2spump","58","2.962962961","","","","","","","","","","","","","","","","","","","","","","","","","","","","","","","","","","","","","","","","0.000002147","","","","","","","2026-08-03T13:44:42.819Z","","","","","",""
"INSIDER","Fdvc2kBGG1ivhuuJvMKoMRbCvf4TxHT52dkRFqjvpump","64","5","","","","","","","","","","","","","","","","","","","","","","","","","","","","","","","","","","","","","","","","0.000002163","","","","","","","2026-08-03T13:44:48.823Z","","","","","",""
"Beau","5LNTmJM4MK4MjD8imfSbqbcKevNvAVcdzZhwa4rNpump","57","5","","","","","","","","","","","","","","","","","","","","","","","","","","","","","","","","","","","","","","","","0.000002163","","","","","","","2026-08-03T13:44:54.821Z","","","","","",""
"TIRON","CkyywbBcG44DSsnDvr6DVuFU3jWat8LfWVT2RVZ5pump","","","","","","","","","","","","","","","","","","","","","","","","","","","","","","","","","","","","","","","","","","","","","","","","7.999e-7","","","","","","2026-08-03T13:45:12.811Z",""
"TOOLMANSOL","CBCeAg8aEub4UQrL5JsV7d4ZhwXw5rSqNhnQGETCpump","63","3","","","","","","","","","","","","","","","","","","","","","","","","","","","","","","","","","","","","","","","","0.000002033","","","","","","","2026-08-03T13:45:12.935Z","","","","","",""
"KOGA","H1gvRwZnBUdSMs1nce4RamLRXtj2XauroChynpvVpump","63","3.901234566","","","","","","","","","","","","","","","","","","","","","","","","","","","","","","","","","","","","","","","","0.000002034","","","","","","","2026-08-03T13:45:19.079Z","","","","","",""
"TOTH","23x5vhXKLMwNPiYGtBEZcgDabNCrLy6MUTDRSrSXpump","66","0.09875","","","","","","","","","","","","","","","","","","","","","","","","","","","","","","","","","","","","","","","","0.000004855","","","","","","","2026-08-03T13:45:24.782Z","","","","","",""
"1000000000","8waqpFzGTtS9CiT59QWC26G2asi7azDvgA3nSqoypump","","","","","","","","","","","","","","","","","","","","","","","","","","","","","","","","","","","","","","","","","","","","","","","","4.13e-7","","","","","","2026-08-03T13:45:24.848Z",""
"$wag","HBR4C1UwPCsJRrcT4D7Ne4gksnSrsd49qZaUpepTpump","65","0.060009374","","","","","","","","","","","","","","","","","","","","","","","","","","","","","","","","","","","","","","","","0.000005227","","","","","","8.031e-7","2026-08-03T13:45:30.836Z","","","","","2026-08-03T13:47:42.813Z",""
"test","AHNxLRJyLiE4WTCDLwL1wbsqFoA4vPJRMx53Eb2Ppump","57","0.059259258","","","","","","","","","","","","","","","","","","","","","","","","","","","","","","","","","","","","","","","","0.000002044","","","","","","0.000001043","2026-08-03T13:45:36.836Z","","","","","2026-08-03T13:47:00.817Z",""
"FAGOTMAXX","2vYjTgaUhmnNoK4TanpkQkCzsTFRWrdeLGzHxAs6pump","57","2","","","","","","","","","","","","","","","","","","","","","","","","","","","","","","","","","","","","","","","","0.000002162","","","","","","","2026-08-03T13:45:42.773Z","","","","","",""
"$JIHADIST","3gDZh4jebsg6spHjMha2HeJgZ8g5dV4D5MWJxHV1pump","68","4.100640723","","","","","","","0","0","0","","","0","0","914","4.100640723","0","0","0","0","0","2627.35","4","678.23","678.23","0.6","0.6","0","","0","0","1","0","0","","","","","","","0.000002627","0.000002627","","","","","","2026-08-03T13:45:42.814Z","2026-08-03T13:47:42.784Z","","","","",""
"STACHE","2JdYDHmdbALcRzp2RPZ6sZkwaFBj3tcXPTzGyFZzpump","59","0.098765431","","","","","","","","","","","","","","","","","","","","","","","","","","","","","","","","","","","","","","","","0.000001247","","","","","","0.00000118","2026-08-03T13:45:42.822Z","","","","","2026-08-03T13:48:24.791Z",""
"TIRON","36pJ9KPqubaaDqY2wzYXWrNzS1Qy1SPXrx5sM2iPpump","","","","","","","","","","","","","","","","","","","","","","","","","","","","","","","","","","","","","","","","","","","","","","","","5.375e-7","","","","","","2026-08-03T13:45:54.820Z",""
"RATIO","5iUqBDc8FPRvMWTg7PZAHGQ4s4KvmVq62t6kVfkHpump","65","3.456790121","","","","","","","","","","","","","","","","","","","","","","","","","","","","","","","","","","","","","","","","0.000002133","","","","","","","2026-08-03T13:46:00.866Z","","","","","",""
"Huey","8WuYWDaBVZDoejpPmbg68MHHj4dEXXfkazkFn7KxnrYh","60","2.5","","","","","","","","","","","","","","","","","","","","","","","","","","","","","","","","","","","","","","","","0.000002254","","","","","","","2026-08-03T13:46:06.849Z","","","","","",""
"2000000000","DvzFcfvQiY88BYPKu3wdiHe2qtJAUDD7vtEqjpFKpump","82","0.059259258","","","","","","","0","0","0","","","0","0","904","0.059259258","1","6","1","0","0","4703.15","4","64.12","64.12","0.76","0.76","130","","0","0","1","0","0","","","","","","","0.000004703","0.000004703","","","","","","2026-08-03T13:46:12.778Z","2026-08-03T13:48:12.784Z","","","","",""
"bull ","CrTqGHdf34ZK2nQpwffnoQA56qLQPzcEjTpJvZeUpump","","","","","","","","","","","","","","","","","","","","","","","","","","","","","","","","","","","","","","","","","","","","","","","","8.82e-7","","","","","","2026-08-03T13:46:18.844Z",""
"fuckass","HJig5E8xGU1FcnowTSFQkh4E3h4nEuLGfDqtyghTpump","70","4.938271603","auto","53.747","30.586","7.762","191.721","yes","23.2","856","-8.8","yes","626","-22.3","58.6","906","4.938271603","0","0","0","0","0","16523.01","3","19810.89","19810.89","0.592","0.592","499","","1","0","1","0","1","-22.336561743341406","-20.911053196346113","-1.8024118471753787","-5.26","24.14","TRAIL_STOP","0.00000739","0.00001652","0.00001652","0.000013065494011963623","0.00001283","0.00001247","","2026-08-03T13:46:36.796Z","2026-08-03T13:48:30.820Z","2026-08-03T13:49:01.406Z","2026-08-03T13:49:09.168Z","2026-08-03T13:49:24.567Z","","2026-08-03T13:52:20.889Z"
"SOL","BGNEFtyk2gBUZP5X6ZvLwgEWejahQ3aUQ2R1bMcqpump","","","","","","","","","","","","","","","","","","","","","","","","","","","","","","","","","","","","","","","","","","","","","","","","3.609e-7","","","","","","2026-08-03T13:46:36.798Z",""
"BULL","3hndor66mbdaR7xMoxjVfqzoaNyjVviwbiZxtvbApump","72","0.493827159","","","","","","","0","0","0","","","0","0","904","0.493827159","0","0","1","0","0","2211.73","3","226.09","226.09","0.667","0.667","5.14","","0","0","1","0","0","","","","","","","0.000002211","0.000002211","","","","","","2026-08-03T13:46:48.850Z","2026-08-03T13:48:42.623Z","","","","",""
"PWS","HT1oHq3zggcHdc27kCsgqUusrnZGpzMsWnma6V6bpump","","","","","","","","","","","","","","","","","","","","","","","","","","","","","","","","","","","","","","","","","","","","","","","","3.502e-7","","","","","","2026-08-03T13:46:54.802Z",""
"2000000000","J97XxHNSf24zkcLnnx4VzkdKxGv8GtqcihosyF9Upump","","","","","","","","","","","","","","","","","","","","","","","","","","","","","","","","","","","","","","","","","","","","","","","","0.000001178","","","","","","2026-08-03T13:47:12.824Z",""
"BNT","6FrGUfDaoZoJAExtW3q5KQaUrgKsL16zue3Y8Aampump","63","3","","","","","","","","","","","","","","","","","","","","","","","","","","","","","","","","","","","","","","","","0.000002281","","","","","","","2026-08-03T13:47:18.791Z","","","","","",""
"SOL","EYx7Aw7QKYkVhB5kJkE6NQVCXgitaU8eg5aRpem8pump","","","","","","","","","","","","","","","","","","","","","","","","","","","","","","","","","","","","","","","","","","","","","","","","2.523e-7","","","","","","2026-08-03T13:47:30.833Z",""
"BAGCATCoin","F6fgfxzLtSAcrUUbjyUCQfDJQLf7X2qg59Y16PR3pump","56","0.098765431","","","","","","","","","","","","","","","","","","","","","","","","","","","","","","","","","","","","","","","","0.00001356","","","","","","","2026-08-03T13:47:54.774Z","","","","","",""
"BULL","AoTkK5RWmVZ6rknsVDsJehTxZMtsEbtzehLZyvU6pump","","","","","","","","","","","","","","","","","","","","","","","","","","","","","","","","","","","","","","","","","","","","","","","","3.935e-7","","","","","","2026-08-03T13:48:00.766Z",""
"MAYHIM","3vJdFpJ4m9oQ35pejt8BT5ckGKGDHMJw1sjHS7j7pump","","","","","","","","","","","","","","","","","","","","","","","","","","","","","","","","","","","","","","","","","","","","","","","","4.056e-7","","","","","","2026-08-03T13:48:06.752Z",""
"Sweater","6Vb9X47WhNGnwMuvENC2X2ZcAvjHYgVb3r34psiqpump","62","5","","","","","","","","","","","","","","","","","","","","","","","","","","","","","","","","","","","","","","","","0.000002135","","","","","","","2026-08-03T13:48:12.804Z","","","","","",""
"SOL","5gGc7aNpspJnX2hAnwwnWBMBg5y5RMNvXcKL8wMepump","","","","","","","","","","","","","","","","","","","","","","","","","","","","","","","","","","","","","","","","","","","","","","","","3.126e-7","","","","","","2026-08-03T13:48:24.814Z",""
"USAID⁠","Gv8n3zEzmXKAgb6CgdwqnrLvUxTBSTXEWAee4fxdpump","59","4","","","","","","","","","","","","","","","","","","","","","","","","","","","","","","","","","","","","","","","","0.000002162","","","","","","","2026-08-03T13:48:48.777Z","","","","","",""
"USAID⁠","4zu9hUFCrQJmLND37cpx5efbHx9GtjSr44vo9acupump","71","5","","","","","","","","","","","","","","","","","","","","","","","","","","","","","","","","","","","","","","","","0.000002993","","","","","","","2026-08-03T13:48:48.848Z","","","","","",""
"USAID","9EUwR9N3kEvH2k1wW8GoPFB7YmU13WBFzhvakLPEpump","56","3","","","","","","","","","","","","","","","","","","","","","","","","","","","","","","","","","","","","","","","","0.000002034","","","","","","","2026-08-03T13:48:48.851Z","","","","","",""
"SOL","2CDHQmtS4L8MV5EKdKNuhHGbadVkNAyRGZt9EkWrpump","70","1.1001719","","","","","","","0","0","0","","","0","0","904","1.1001719","0","3","1","0","0","1520.37","3","642.26","642.26","0.639","0.639","-30.43","","0","0","1","0","0","","","","","","","0.00000152","0.00000152","","","","","","2026-08-03T13:48:48.853Z","2026-08-03T13:50:12.611Z","","","","",""
"USAIDS","5WSY35Jy8niGid4nidmkANp7fsvw9LYbmb4dMwu9DsR7","","","","","","","","","","","","","","","","","","","","","","","","","","","","","","","","","","","","","","","","","","","","","","","","0.000002309","","","","","","2026-08-03T13:48:54.887Z",""
"BULL","5z9C99pk7go5Tvf12HP5pv6i1Yzj9WtTo9y5qDwXpump","59","4","","","","","","","","","","","","","","","","","","","","","","","","","","","","","","","","","","","","","","","","0.000002135","","","","","","","2026-08-03T13:49:36.856Z","","","","","",""
"PVECOIN","3RVB8q6hWfP4UUcnFZo1ot4ovx56vcJHir72rLvmpump","61","5","","","","","","","","","","","","","","","","","","","","","","","","","","","","","","","","","","","","","","","","0.000002873","","","","","","","2026-08-03T13:49:42.804Z","","","","","",""
"SOL","CyJp78hv4e8keySpCBG5etDaGDShFXtUS5ait1txpump","","","","","","","","","","","","","","","","","","","","","","","","","","","","","","","","","","","","","","","","","","","","","","","","2.449e-7","","","","","","2026-08-03T13:49:42.836Z",""
"BULL","5M8mPcTxFft8mtUcBpiAbHJA8Q2DyzX9ubnyrxuqpump","63","0.296296295","","","","","","","","","","","","","","","","","","","","","","","","","","","","","","","","","","","","","","","","0.000001432","","","","","","","2026-08-03T13:49:48.760Z","","","","","",""
"THOR","8NuuKnSEHLJaUj15qSrdrnGGLWYGu6i2TTimwzYz1SbW","","","","","","","","","","","","","","","","","","","","","","","","","","","","","","","","","","","","","","","","","","","","","","","","0.00000231","","","","","","2026-08-03T13:49:48.802Z",""
"thor","8xbPC2TNb1oTVhfY6DHF4m3P4cYFG9W8TVopav5upump","57","4","","","","","","","","","","","","","","","","","","","","","","","","","","","","","","","","","","","","","","","","0.000002163","","","","","","","2026-08-03T13:49:54.772Z","","","","","",""
"XYZ","HVgEG9CCf7mEsi8osHX41KXmKHKVAgZ2bxGqBu1zMnVP","67","7","","","","","","","","","","","","","","","","","","","","","","","","","","","","","","","","","","","","","","","","0.000002194","","","","","","","2026-08-03T13:50:00.761Z","","","","","",""
"XYZ","6djMsqPM9qhFecByg3z4BNkdxFNLzqsDTZVq6JXipump","65","7","","","","","","","","","","","","","","","","","","","","","","","","","","","","","","","","","","","","","","","","0.000002309","","","","","","","2026-08-03T13:50:06.773Z","","","","","",""
"Duck","22zURbUmfUtTqbufFPazkXzYPoA8LAQhYwgzrrz3pump","73","0.987654319","","","","","","","","","","","","","","","","","","","","","","","","","","","","","","","","","","","","","","","","0.000006125","","","","","","6.537e-7","2026-08-03T13:50:06.806Z","","","","","2026-08-03T13:50:48.831Z",""
"XYZCOIN","Dv5PqX8uxaxfcXQ3YZFqbTLdLE8UdZc6hWoELib3pump","58","3","","","","","","","","","","","","","","","","","","","","","","","","","","","","","","","","","","","","","","","","0.000002135","","","","","","","2026-08-03T13:50:06.809Z","","","","","",""
"XYZ","CnNrN7byets7MGQUP32s2NKseXFNS5nng8eXQ6JJpump","71","5","","","","","","","","","","","","","","","","","","","","","","","","","","","","","","","","","","","","","","","","0.000002035","","","","","","","2026-08-03T13:50:06.848Z","","","","","",""
"EVILFISH","BL3bzr2y4xhngfKvWaiKKbVHg2YtX47G4FRjf54bpump","","","","","","","","","","","","","","","","","","","","","","","","","","","","","","","","","","","","","","","","","","","","","","","","1.865e-7","","","","","","2026-08-03T13:50:12.776Z",""
"MemeBoard","GBXHXqDg3zZHzSMqWxXLj61QXmShmLTa34RzorHbFApU","60","3.950617282","","","","","","","","","","","","","","","","","","","","","","","","","","","","","","","","","","","","","","","","0.0000022","","","","","","","2026-08-03T13:50:18.864Z","","","","","",""
"Sadcat","B5mRYoqpeHdVhKBMiB54YPQQ2dmN2PhQkaF7Fjwxpump","57","2","","","","","","","","","","","","","","","","","","","","","","","","","","","","","","","","","","","","","","","","0.000002165","","","","","","","2026-08-03T13:50:24.894Z","","","","","",""
"SOL","Ak7vMF6XDoGsqqYu4qaUHpvArfbdr9dCu6YFNGeTpump","","","","","","","","","","","","","","","","","","","","","","","","","","","","","","","","","","","","","","","","","","","","","","","","5.376e-7","","","","","","2026-08-03T13:50:30.826Z",""
"ShibJak ","F5ibzMzcGu4Vz42cqo7A4YmGDziJ8jdzrhKRUdetpump","60","2.5","","","","","","","","","","","","","","","","","","","","","","","","","","","","","","","","","","","","","","","","0.000002128","","","","","","","2026-08-03T13:50:36.858Z","","","","","",""
"Travellers","38Ai2WQjjghWf58JE1q7vhrAQsrLN6J3R5XzB4hKpump","57","2","","","","","","","","","","","","","","","","","","","","","","","","","","","","","","","","","","","","","","","","0.000002162","","","","","","","2026-08-03T13:50:36.859Z","","","","","",""
"cooking ","Esv3imkB8b5jXqaMDASyL7SjrNdr6ffiZnY2izBQpump","68","0.250039066","","","","","","","","","","","","","","","","","","","","","","","","","","","","","","","","","","","","","","","","0.000005013","","","","","","","2026-08-03T13:50:42.806Z","","","","","",""
"Beanie","GQZSZMhv2U9FRrdbUF2JrxiLcNmukH7wX9pT41gSpump","58","2.962962961","","","","","","","","","","","","","","","","","","","","","","","","","","","","","","","","","","","","","","","","0.000002488","","","","","","","2026-08-03T13:50:48.789Z","","","","","",""
"Conrad","2eRzjPQ2p7g87vs8R3wTLxtCFkkV6pp6sBFNAmXmpump","58","3","","","","","","","","","","","","","","","","","","","","","","","","","","","","","","","","","","","","","","","","0.000002165","","","","","","","2026-08-03T13:50:48.835Z","","","","","",""
"AMAZIN","EoL2uEJi3vaER3ahPNsvttpc3n7vWUryJDMyPsLPpump","57","2","","","","","","","","","","","","","","","","","","","","","","","","","","","","","","","","","","","","","","","","0.000002135","","","","","","","2026-08-03T13:50:54.878Z","","","","","",""
"inconvenient","9U8bdTcoMsQH2xr6MMJkVbDnnQMT2WG2VaJBmPcnpump","60","3.901234566","","","","","","","","","","","","","","","","","","","","","","","","","","","","","","","","","","","","","","","","0.000002577","","","","","","","2026-08-03T13:50:54.882Z","","","","","",""
"TOTH","23x6ZRvuensu3RKVW36LzhJAFDzxx3cFduyp1qcDpump","62","0.09875","","","","","","","","","","","","","","","","","","","","","","","","","","","","","","","","","","","","","","","","0.000009952","","","","","","","2026-08-03T13:50:54.883Z","","","","","",""
"USAIDS","5LpRVntrzFbTEFhvpwD3vCBBoDLwsxTWocaiUFdVEng4","","","","","","","","","","","","","","","","","","","","","","","","","","","","","","","","","","","","","","","","","","","","","","","","0.000002136","","","","","","2026-08-03T13:50:54.889Z",""
"Mcat","2Nb6udXmH72q6iva4nRUs1R2Mik95WYBo8CnBRXApump","57","1.97530864","","","","","","","","","","","","","","","","","","","","","","","","","","","","","","","","","","","","","","","","0.00000231","","","","","","","2026-08-03T13:51:06.791Z","","","","","",""
"EP","G9ufqj72cat5mfS3GD9GMMJmAjHiKKTgmvgY4gYopump","56","4","","","","","","","","","","","","","","","","","","","","","","","","","","","","","","","","","","","","","","","","0.000002132","","","","","","","2026-08-03T13:51:18.805Z","","","","","",""
"EpicBacon","5j443NGsSiTgLyBMwnHA4n5g2QmsYftH4acx8snWpump","60","5","","","","","","","","","","","","","","","","","","","","","","","","","","","","","","","","","","","","","","","","0.000002062","","","","","","","2026-08-03T13:51:24.805Z","","","","","",""
"SOL","78iEsT9nTmdkopiizZsYQzVVPcopw7tiagS8bDSWpump","65","0.900140646","","","","","","","","","","","","","","","","","","","","","","","","","","","","","","","","","","","","","","","","0.000003477","","","","","","","2026-08-03T13:51:54.850Z","","","","","",""
"BACON","5UUgTHxstFD3hNFQvd4Y72HBmCqZGbtTJcA6JQ15pump","58","3.950617282","","","","","","","","","","","","","","","","","","","","","","","","","","","","","","","","","","","","","","","","0.000002126","","","","","","","2026-08-03T13:51:54.859Z","","","","","",""
"Kebab","2Y41HHYqg8ccTLgzb5cDyF4vinThVAhk9XKGYiqxpump","66","0.100015626","","","","","","","","","","","","","","","","","","","","","","","","","","","","","","","","","","","","","","","","0.000002635","","","","","","","2026-08-03T13:51:54.874Z","","","","","",""
"PIE","CgkuRbx2aPLjQaB72ThGNggAEtHTDKVShtg5GjzXpump","67","5","","","","","","","","","","","","","","","","","","","","","","","","","","","","","","","","","","","","","","","","0.000002035","","","","","","","2026-08-03T13:52:12.932Z","","","","","",""
"BACON","4Cmuht3Gwy321SrDuFtoxC6EMAbif9NMppqgypBLpump","63","2.962962961","","","","","","","","","","","","","","","","","","","","","","","","","","","","","","","","","","","","","","","","0.000002137","","","","","","","2026-08-03T13:52:18.934Z","","","","","",""
"SOL","FWjzWKBwFyAWByanDwjh8BHk7b7HNeXQoRThcmTxpump","63","0.800125018","","","","","","","","","","","","","","","","","","","","","","","","","","","","","","","","","","","","","","","","0.00000197","","","","","","","2026-08-03T13:52:24.782Z","","","","","",""
"Memers","BKiAgEBYxtV4EYHwcQKvEtKv9ivsVKtMEXda9ML8pump","65","3.34","","","","","","","","","","","","","","","","","","","","","","","","","","","","","","","","","","","","","","","","0.000007858","","","","","","","2026-08-03T13:52:24.840Z","","","","","",""
"BACON","CR3B3bHGM43ZwL5Wei2qHm5NSzYustEhuTkF2uZapump","56","3","","","","","","","","","","","","","","","","","","","","","","","","","","","","","","","","","","","","","","","","0.000002174","","","","","","","2026-08-03T13:52:30.793Z","","","","","",""
"BULL","AVFkJYDEfqYEXnoKr2cabHCkYo2YRrrNCfBQdPc6pump","64","0.493827159","","","","","","","","","","","","","","","","","","","","","","","","","","","","","","","","","","","","","","","","0.000003446","","","","","","","2026-08-03T13:52:30.884Z","","","","","",""
"PIE⁠","3MPLYcJ6SQZr9imp6UCQd4sYy9EAaCdTTtgBJcH9qEQu","57","2","","","","","","","","","","","","","","","","","","","","","","","","","","","","","","","","","","","","","","","","0.000002163","","","","","","","2026-08-03T13:52:30.896Z","","","","","",""
"ON","HZWX4jbdUZJtTQEsUw9BHVbs5CAjMgKWd4uVfgV7pump","58","2.962962961","","","","","","","","","","","","","","","","","","","","","","","","","","","","","","","","","","","","","","","","0.000002165","","","","","","","2026-08-03T13:52:48.761Z","","","","","",""
"BACON","FCLSqW8tehJohSrGz6KSWP3fmkaLnxW9AaCcvTHXpump","57","3.950617282","","","","","","","","","","","","","","","","","","","","","","","","","","","","","","","","","","","","","","","","0.000002128","","","","","","","2026-08-03T13:52:48.796Z","","","","","",""
"Memers","D95WFc7VNB8XuXwDvSCZCWXPbkPYSsJJWbPteaMu9Ugf","64","5","","","","","","","","","","","","","","","","","","","","","","","","","","","","","","","","","","","","","","","","0.000002152","","","","","","","2026-08-03T13:52:48.858Z","","","","","",""
"SOL","3MjXTdhRQUuh3BKxxgxCtMamDKy7KuvhGnq3vdzGpump","","","","","","","","","","","","","","","","","","","","","","","","","","","","","","","","","","","","","","","","","","","","","","","","4.721e-7","","","","","","2026-08-03T13:52:54.788Z",""
"USAID","4vCFV3Y8nvdyDjMytpidrTahi48m2t3VJVNGj57mpump","56","3","","","","","","","","","","","","","","","","","","","","","","","","","","","","","","","","","","","","","","","","0.000002042","","","","","","","2026-08-03T13:53:12.799Z","","","","","",""
"FORESKIN","DNXy5EYCpEPo6fjEvm5YKT3L1Cqtx7DQVj1GCjMkVyRo","57","1.97530864","","","","","","","","","","","","","","","","","","","","","","","","","","","","","","","","","","","","","","","","0.000002041","","","","","","","2026-08-03T13:53:18.781Z","","","","","",""
"FORESKINLESS","HgHj7xxYJSjEBLhYAaVryMqLkSDdAGC5axwirfvKpump","64","7","","","","","","","","","","","","","","","","","","","","","","","","","","","","","","","","","","","","","","","","0.000002198","","","","","","","2026-08-03T13:53:24.785Z","","","","","",""
"SOL","4vNr7EFFBnBtL98vEe7pMt4S6WSQtauoTP9dcZsUpump","","","","","","","","","","","","","","","","","","","","","","","","","","","","","","","","","","","","","","","","","","","","","","","","2.423e-7","","","","","","2026-08-03T13:53:30.786Z",""
"BULL","EYnWdg2hnNQCcJAvd4KWhhqzm4mZQbExVtRZoTTBpump","","","","","","","","","","","","","","","","","","","","","","","","","","","","","","","","","","","","","","","","","","","","","","","","2.817e-7","","","","","","2026-08-03T13:53:36.862Z",""
"BACON","2TpKzwfHuSgfAE79KkwKwxaokeZq2xYMz88qEdfZpump","64","5","","","","","","","","","","","","","","","","","","","","","","","","","","","","","","","","","","","","","","","","0.000002164","","","","","","","2026-08-03T13:53:36.864Z","","","","","",""
"Duck","5YE1wW1TkPZsdtLvNPsSQDBGGnpAXootFA3pVnkRpump","","","","","","","","","","","","","","","","","","","","","","","","","","","","","","","","","","","","","","","","","","","","","","","","1.597e-7","","","","","","2026-08-03T13:53:54.810Z",""
"foreskin","8bNgksdPrvrHP2SxAWz1886fYm9LjKX9XYKgHMfCpump","68","4.099999999","","","","","","","","","","","","","","","","","","","","","","","","","","","","","","","","","","","","","","","","0.000002171","","","","","","","2026-08-03T13:54:00.830Z","","","","","",""
"Lore","91bcaKWKDGHkT1pjqQgpK3bfapCjYymcxNmJ4kjMpump","","","","","","","","","","","","","","","","","","","","","","","","","","","","","","","","","","","","","","","","","","","","","","","","5.543e-7","","","","","","2026-08-03T13:54:00.864Z",""
"Egod","EbJVaGDYRRctTvmFYZz2LcPX2gNX2tNnaVAecVfPqcmT","58","3","","","","","","","","","","","","","","","","","","","","","","","","","","","","","","","","","","","","","","","","0.000002158","","","","","","","2026-08-03T13:54:12.796Z","","","","","",""
"cooking ","Dfpg9ZSocoEgcDiT43nwFu1oFMHDy9bTbrMFrdGApump","68","0.500078135","","","","","","","","","","","","","","","","","","","","","","","","","","","","","","","","","","","","","","","","0.000002737","","","","","","3.809e-7","2026-08-03T13:54:24.782Z","","","","","2026-08-03T13:55:00.786Z",""
"SOL","C8br6XFJqvUsRqxzL9ue6di6nn3vg6Fg9byL9AY7pump","63","1.000156273","","","","","","","","","","","","","","","","","","","","","","","","","","","","","","","","","","","","","","","","0.000002353","","","","","","","2026-08-03T13:54:30.784Z","","","","","",""
"BULL","4jN5LQE5xHT7VrTPzWjLxXBreEhkr76o82EKnbpHpump","61","0.493827159","","","","","","","","","","","","","","","","","","","","","","","","","","","","","","","","","","","","","","","","0.000003125","","","","","","","2026-08-03T13:54:48.783Z","","","","","",""
"SOL","F8WUS8baDUQaLbSB6hdBQA7BizYE5B4u9pzLhSR2pump","63","1.000156273","","","","","","","0","0","0","","","0","0","908","1.000156273","0","11","1","0","0","2236.31","3","188.53","188.53","0.571","0.571","2.64","","0","0","1","0","0","","","","","","","0.000002236","0.000002236","","","","","","2026-08-03T13:54:48.785Z","2026-08-03T13:55:48.533Z","","","","",""
"Duck","DA699PAKKNRQRyciVXxsSXasHbKxHTdTLJao9Lxzpump","","","","","","","","","","","","","","","","","","","","","","","","","","","","","","","","","","","","","","","","","","","","","","","","2.583e-7","","","","","","2026-08-03T13:54:48.802Z",""
"BORK","B5PVfyv5SWt16Nb9XLug7dRxZfsE7jZWxzaKvN5pump","62","0.100015626","","","","","","","","","","","","","","","","","","","","","","","","","","","","","","","","","","","","","","","","0.000007372","","","","","","","2026-08-03T13:55:06.791Z","","","","","",""
"inconvenient","5mzGq9W4XcshPDYVxZy87bmmx82aeSubWBbtSzgupump","58","3.901234566","","","","","","","","","","","","","","","","","","","","","","","","","","","","","","","","","","","","","","","","0.000002412","","","","","","","2026-08-03T13:55:06.854Z","","","","","",""
"something","E8Hn3vA6SgLpYhmbnmHWCjPx5Jwwq414m771djAzpump","58","2.962962961","","","","","","","","","","","","","","","","","","","","","","","","","","","","","","","","","","","","","","","","0.000002144","","","","","","","2026-08-03T13:55:18.742Z","","","","","",""
"maygamble","GZdqM3bhVRJnbnkuZVWVv8qftFozpHfQEVeUFqYxpump","56","0.098765431","","","","","","","","","","","","","","","","","","","","","","","","","","","","","","","","","","","","","","","","0.000002473","","","","","","","2026-08-03T13:55:18.764Z","","","","","",""
"SOL","GNAZ9317b7nJue42Xh3q2bXwsFQM2G6ey3xymoJxpump","62","1.000156273","","","","","","","","","","","","","","","","","","","","","","","","","","","","","","","","","","","","","","","","0.000003621","","","","","","","2026-08-03T13:55:30.797Z","","","","","",""
"chillcat","6KcA2bJkxtm3Tcv2EZfmVPM9eAnRGJjzMM1rRVMkpump","56","3","","","","","","","","","","","","","","","","","","","","","","","","","","","","","","","","","","","","","","","","0.000002065","","","","","","","2026-08-03T13:55:36.750Z","","","","","",""
"something","4scgDMgPhC5qfd7XWsscnqHsAFvBy25vgB7fvhsFpump","64","5","","","","","","","","","","","","","","","","","","","","","","","","","","","","","","","","","","","","","","","","0.000002148","","","","","","","2026-08-03T13:55:54.830Z","","","","","",""
"BULL","32m7A4b552jEScxGxeXznw5c4e92Zd2QBbRzxcArpump","60","0.493827159","","","","","","","","","","","","","","","","","","","","","","","","","","","","","","","","","","","","","","","","0.000004567","","","","","","","2026-08-03T13:56:00.772Z","","","","","",""
"GOAT","DDWBBELZQqF4SX7etfQoWo5X3W6FPAPE32f6tjqgpump","65","0.066610406","","","","","","","","","","","","","","","","","","","","","","","","","","","","","","","","","","","","","","","","0.00000158","","","","","","","2026-08-03T13:56:06.855Z","","","","","",""
"ROSIE","CG8yGmifTRRH5ckoj1igmMbJuBYkFCykeWQgBrbCpump","67","3.950617282","","","","","","","","","","","","","","","","","","","","","","","","","","","","","","","","","","","","","","","","0.000002068","","","","","","","2026-08-03T13:56:06.878Z","","","","","",""
"ROSIE","8wki1vnNFypnBmZSZeyYjbvPKJhwoh3huFGyeAtVao4S","65","7","","","","","","","","","","","","","","","","","","","","","","","","","","","","","","","","","","","","","","","","0.00000232","","","","","","","2026-08-03T13:56:06.881Z","","","","","",""
"ROSIE","2AFmKGMDCU6s2QWX6mmEiycrYddeJkWBfxDZEn2ppump","71","5","","","","","","","","","","","","","","","","","","","","","","","","","","","","","","","","","","","","","","","","0.000002083","","","","","","","2026-08-03T13:56:06.924Z","","","","","",""
"Duck","ZcYdSwbkF7hjboJLXEAAu2568CHFdwXR1Yfpm8hpump","","","","","","","","","","","","","","","","","","","","","","","","","","","","","","","","","","","","","","","","","","","","","","","","3.327e-7","","","","","","2026-08-03T13:56:12.792Z",""
"ROSIE⁠","B8vEQf2KV2NLAZhJhdtJwgpLFoa98GtFA3LmnkVKpump","64","5","","","","","","","","","","","","","","","","","","","","","","","","","","","","","","","","","","","","","","","","0.000002145","","","","","","","2026-08-03T13:56:12.809Z","","","","","",""
"RWAF","RWAFmj1NaCVHRCLNgTQVddQL1vQcUcHSGJETdEGkb3t","84","13.925925924","","","","","","","","","","","","","","","","","","","","","","","","","","","","","","","","","","","","","","","","0.000009379","","","","","","","2026-08-03T13:56:12.825Z","","","","","",""
"SAVPIL","Ew64d6yXVzapxdzkjDDrzcQEkRkgri4CsRzDAbhfpump","","","","","","","","","","","","","","","","","","","","","","","","","","","","","","","","","","","","","","","","","","","","","","","","2.059e-7","","","","","","2026-08-03T13:56:30.782Z",""
"SUPERINTELLIG","mZMaQ6m3v4yigctLvWwV7vA9VuEeEn16p21iP9tpump","67","5","","","","","","","","","","","","","","","","","","","","","","","","","","","","","","","","","","","","","","","","0.000002147","","","","","","","2026-08-03T13:56:30.801Z","","","","","",""
"SI","CRb57YDBQt3QZ41LGkjoXLSRhv5YPK6Kaj3n2ix5pump","63","7","","","","","","","","","","","","","","","","","","","","","","","","","","","","","","","","","","","","","","","","0.000002321","","","","","","","2026-08-03T13:56:30.803Z","","","","","",""
"SUPERINTELLIG","BHanE6pD6efCvomG3B2YmbFt1wpb1JK3dvJVA32uqCya","","","","","","","","","","","","","","","","","","","","","","","","","","","","","","","","","","","","","","","","","","","","","","","","0.000002177","","","","","","2026-08-03T13:56:30.805Z",""
"SI","H6hpD4ZELQdMN2mR8T45hzfkHXQKF8dLm2Y6NRYpump","89","4.938271603","","","","","","","","","","","","","","","","","","","","","","","","","","","","","","","","","","","","","","","","0.000002965","","","","","","","2026-08-03T13:56:36.800Z","","","","","",""
"Touch","BWubuTMpGyDWnc7d5KNpfiPusHAJTYEMggXS3KNapump","63","3","","","","","","","","","","","","","","","","","","","","","","","","","","","","","","","","","","","","","","","","0.000002056","","","","","","","2026-08-03T13:56:36.832Z","","","","","",""
"surfinu","5pUgcqTYQ5L5ZjtfYC51gT6JVcDyjeyCU6vj9VBWpump","63","3","","","","","","","","","","","","","","","","","","","","","","","","","","","","","","","","","","","","","","","","0.000002175","","","","","","","2026-08-03T13:56:36.874Z","","","","","",""
"SI","7X2RiivF2yP7dbPHbWvuUSbxTwDyKSRJ5vuM8qZupump","62","5.9","","","","","","","","","","","","","","","","","","","","","","","","","","","","","","","","","","","","","","","","0.000002138","","","","","","","2026-08-03T13:56:36.902Z","","","","","",""
"SUPERINTELLIG","Ex7aw7NTY7Q123tNKdYJu1BuMhNE5NdMh9sAMeQQpump","58","3","","","","","","","","","","","","","","","","","","","","","","","","","","","","","","","","","","","","","","","","0.000002147","","","","","","","2026-08-03T13:56:42.759Z","","","","","",""
"SUPERINTELLIG","HcvRK9k4YnAB1QE5Jx78NynptEPyfUgAG8x3B2EYpump","55","4","","","","","","","","","","","","","","","","","","","","","","","","","","","","","","","","","","","","","","","","0.000002046","","","","","","","2026-08-03T13:56:42.786Z","","","","","",""
"EGG","3uZo7XerT8UrvNse5Fmtp3Q6AAEtUthpzhyhtkj2pump","63","3.950617282","","","","","","","","","","","","","","","","","","","","","","","","","","","","","","","","","","","","","","","","0.000002149","","","","","","","2026-08-03T13:56:54.758Z","","","","","",""
"SOL","FjSDBz2KdHYE54vnL1ZJeWYH7AuWpKqThLu6Xzwspump","59","0.730114079","","","","","","","","","","","","","","","","","","","","","","","","","","","","","","","","","","","","","","","","0.000002183","","","","","","","2026-08-03T13:57:00.792Z","","","","","",""
"RATIO","95rJNaVsvD6on9YiNZUN4cjvuv67HNpKWifsCWaApump","61","3.456790121","","","","","","","","","","","","","","","","","","","","","","","","","","","","","","","","","","","","","","","","0.000002774","","","","","","","2026-08-03T13:57:00.807Z","","","","","",""
"retrospect","BZqkYhrSVBzbBXtXwk5eMkUYxofP9BqqekCN9Dr2pump","58","3","","","","","","","","","","","","","","","","","","","","","","","","","","","","","","","","","","","","","","","","0.000002045","","","","","","","2026-08-03T13:57:06.782Z","","","","","",""
"worried","5YXyxeviuKP481giq5g15Jnfg27PmDEPuVqfV5BXpump","70","4.7616","","","","","","","","","","","","","","","","","","","","","","","","","","","","","","","","","","","","","","","","0.000002828","","","","","","","2026-08-03T13:57:06.793Z","","","","","",""
"GOAT","7ubpaeSA2Te2GMkiUXu7gxxxm87qVQsjc8EdLEAspump","","","","","","","","","","","","","","","","","","","","","","","","","","","","","","","","","","","","","","","","","","","","","","","","8.644e-7","","","","","","2026-08-03T13:57:12.783Z",""
"ROI","HHSb6Ehgyefx2vcEPKWHQTFzhLRoXvsaJqyq8t8Ppump","85","4.938271603","","","","","","","","","","","","","","","","","","","","","","","","","","","","","","","","","","","","","","","","0.000002067","","","","","","","2026-08-03T13:57:18.743Z","","","","","",""
"CHAAGE","BsDFHW3H7WzuAvSfo3tdn5Q5mCkzLu3Uj6hrtquupump","60","0.15002344","","","","","","","58.5","24","-1.6","","","58.5","0","914","0.15002344","0","2","1","0","0","4615.05","3","62.31","62.31","0.909","0.909","123","","0","0","1","0","0","","","","","","","0.000002452","0.000004615","","","","","","2026-08-03T13:57:18.763Z","2026-08-03T13:58:42.541Z","","","","",""
"TOUCH","5ib1RgGXtha4tGZwx72QCxTBngBKP77hcSkegZ7jpump","58","3","","","","","","","","","","","","","","","","","","","","","","","","","","","","","","","","","","","","","","","","0.000002145","","","","","","","2026-08-03T13:57:24.757Z","","","","","",""
"Duck","J2WYr51WDpQSunN3r4b54XmuHXDicfKEan78DYzbpump","","","","","","","","","","","","","","","","","","","","","","","","","","","","","","","","","","","","","","","","","","","","","","","","5.533e-7","","","","","","2026-08-03T13:57:24.778Z",""
"PUMP6900","3uPXaiak5rYswFcN9nrvBJmJMbHfbkCCthVGR9Sgpump","71","5.278684821","","","","","","","","","","","","","","","","","","","","","","","","","","","","","","","","","","","","","","","","0.000002829","","","","","","","2026-08-03T13:57:30.751Z","","","","","",""
"SOL","E1tjgxFk9wraER3nT4vmD6Lhe36aVwJgFzw6zjeHpump","56","0.55008595","","","","","","","","","","","","","","","0.55008595","0","14","1","0","0","2849.62","3","449.59","449.59","0.585","0.585","34.34","","0","0","1","0","0","","","","","","","0.000002849","0.000002849","","","","","","2026-08-03T13:57:30.776Z","2026-08-03T13:58:48.772Z","","","","",""
"BULL","2GM8fP8vPSE97HK7uXjTsfxvyUkB92SP9ermghuUpump","59","0.493827159","","","","","","","","","","","","","","","0.493827159","0","7","1","0","0","2865.75","3","235.78","235.78","0.579","0.579","35.58","","0","0","1","0","0","","","","","","","0.000002865","0.000002865","","","","","","2026-08-03T13:57:36.774Z","2026-08-03T13:58:54.608Z","","","","",""
"DOGZILLA","FaRWx9zUwcxQCTX4V8koKiX2sXzwyQbJFvcEVSaepump","63","3","","","","","","","","","","","","","","","","","","","","","","","","","","","","","","","","","","","","","","","","0.000002175","","","","","","","2026-08-03T13:57:48.774Z","","","","","",""
"EURO","4zJposorh5Ewhh7LrXbAwAArGr32bT2sKhmqSMk9pump","","","","","","","","","","","","","","","","","","","","","","","","","","","","","","","","","","","","","","","","","","","","","","","","7.157e-8","","","","","","2026-08-03T13:57:54.772Z",""
"TOTH","23x6xMJy3gZpcdB4yo4RCfDrm4b7WhKUqDKVXvUdpump","","","","","","","","","","","","","","","","","","","","","","","","","","","","","","","","","","","","","","","","","","","","","","","","2.408e-7","","","","","","2026-08-03T13:58:00.874Z",""
"$PUDDLO","23V8w7A756NQ9eMMZ6cgmHh3XxTnk6oUA8gmm8kHpump","57","0.059259258","","","","","","","","","","","","","","","0.059259258","0","3","1","0","0","11417.14","3","336.48","336.48","0.593","0.593","456","","0","0","1","0","0","","","","","","","0.000005504","0.00001141","","","","","","2026-08-03T13:58:00.896Z","2026-08-03T13:59:06.537Z","","","","",""
"ELOOONG","BQvZ4QEAztWPrmfAid5P3e8Nem5jDVVfbf8qFWb5pump","60","2.5","","","","","","","","","","","","","","","","","","","","","","","","","","","","","","","","","","","","","","","","0.000002117","","","","","","","2026-08-03T13:58:00.920Z","","","","","",""
"MUCH","4ueNbvvDbrM5dkE26J7F48NRpUsNaYvrnXwNdbFGpump","","","","","","","","","","","","","","","","","","","","","","","","","","","","","","","","","","","","","","","","","","","","","","","","0.000002044","","","","","","2026-08-03T13:58:06.823Z",""
"TripleT","JAtz4MBLvZPDYSTC1vDMwttj5epxHnhMJvazYnXapump","57","1.97530864","","","","","","","","","","","","","","","1.97530864","0","0","0","0","0","2819.84","3","955.45","955.45","0.7","0.7","21.43","","0","0","1","0","0","","","","","","","0.000002819","0.000002819","","","","","","2026-08-03T13:58:12.754Z","2026-08-03T13:59:18.616Z","","","","",""
"MUMDUMI","CoChA4sNy8AX4P2Roh4VnNwge7HDTVRNqVzJ1P6Qguos","64","7","","","","","","","","","","","","","","","","","","","","","","","","","","","","","","","","","","","","","","","","0.000002322","","","","","","","2026-08-03T13:58:12.773Z","","","","","",""
"SOL","HH7o1LsyuoZytqqF3kj1gUDJQUnXKCTrENgFmMzrpump","","","","","","","","","","","","","","","","","","","","","","","","","","","","","","","","","","","","","","","","","","","","","","","","0.000001044","","","","","","2026-08-03T13:58:24.842Z",""
"DOGI","4hPwd1avikurSeUmyHjAszVVXe6myTwPzPLbbLdxpump","63","3.000468822","","","","","","","20.3","510","-4.1","","","6.6","12.9","910","3.000468822","0","0","0","0","0","2597.32","3","278.31","278.31","1","1","4.98","","0","0","1","0","0","","","","","","","0.000002597","0.000002597","","","","","","2026-08-03T13:58:36.776Z","2026-08-03T13:59:36.535Z","","","","",""
"BULL5","4M7ycrZJrmPaZy6KaXbpWaVf4LTE1mSWtJyQzSK3pump","","","","","","","","","","","","","","","","","","","","","","","","","","","","","","","","","","","","","","","","","","","","","","","","9.104e-7","","","","","","2026-08-03T13:58:48.789Z",""
"MARIE","J4M6q22TzM6mSiL6e1h9ep2ogQmh3gPyGN7cADE3pump","58","3","","","","","","","","","","","","","","","","","","","","","","","","","","","","","","","","","","","","","","","","0.000002177","","","","","","","2026-08-03T13:59:00.807Z","","","","","",""
"DIP","86X9D47ixBaWKYeeD7ziSLgU3HkXmTc9fnjpo6tBpump","57","3.901234566","","","","","","","","","","","","","","","","","","","","","","","","","","","","","","","","","","","","","","","","0.000002051","","","","","","","2026-08-03T13:59:12.749Z","","","","","",""
"CORNDOG","B87airLvyTaDXsd4MbjqKCeUE9j1xNJGHhP33H1Tpump","66","4.875406283","","","","","","","","","","","","","","","","","","","","","","","","","","","","","","","","","","","","","","","","0.00001647","","","","","","","2026-08-03T13:59:12.799Z","","","","","",""
"REDBULL","4xLritmfdfkVHa96i2KstWKgoub6v1HVjRMuZVQtpump","","","","","","","","","","","","","","","","","","","","","","","","","","","","","","","","","","","","","","","","","","","","","","","","6.561e-7","","","","","","2026-08-03T13:59:18.904Z",""
"gample","B5ipgK5dr9AHvaX8QX6MB1PHJHKSMYDRQRTRjtePpump","55","0.098765431","","","","","","","","","","","","","","","","","","","","","","","","","","","","","","","","","","","","","","","","0.000001575","","","","","","4.349e-7","2026-08-03T13:59:24.738Z","","","","","2026-08-03T14:00:06.772Z",""
"BWAREAD","6TV9STsnCQfoFYbniR9wx5JJYat2AdQRszZDi8cFpump","62","5","","","","","","","0","0","-4.6","","","-4.6","0","902","5","0","3","0","0","0","2147.74","3","941.02","941.02","0.556","0.556","-22.87","","0","0","1","0","0","","","","","","","0.000002147","0.000002147","","","","","","2026-08-03T13:59:24.750Z","2026-08-03T14:00:24.593Z","","","","",""
"kimchi","BL7pfSdN8t4xt1aD8dmQ4Kg5ga6oNkuXfYFdBc5dpump","58","3","","","","","","","","","","","","","","","3","0","1","0","0","0","2047.16","3","1173.55","1173.55","0.571","0.571","-17.3","","0","0","1","0","0","","","","","","","0.000002047","0.000002047","","","","","","2026-08-03T13:59:48.759Z","2026-08-03T14:00:48.529Z","","","","",""
"INVASION⁠","CTXN7HKRL7TjGG4GcnDV9G3AhB4nmsMoQMJUX9fYpump","65","3.5","","","","","","","","","","","","","","","","","","","","","","","","","","","","","","","","","","","","","","","","0.000002062","","","","","","","2026-08-03T14:00:00.846Z","","","","","",""
"INUVASION","grsqKaTS8Pdvr69nTRTwuDUcFApzATdvV9SUhjqpump","84","5.925925924","","","","","","","","","","","","","","","","","","","","","","","","","","","","","","","","","","","","","","","","0.000002142","","","","","","","2026-08-03T14:00:06.937Z","","","","","",""
"INVASION","Ew12G6LRN5eGUng95zrrjvvyghVrekxF1nG5hHZfpump","67","5","","","","","","","","","","","","","","","","","","","","","","","","","","","","","","","","","","","","","","","","0.000002205","","","","","","","2026-08-03T14:00:12.932Z","","","","","",""
"SOL","4anYVH4VMMZ5jFyfWHU3SpRVgujh8ez2aZgSHoB5pump","59","0.890139082","","","","","","","","","","","","","","","0.890139082","0","16","1","0","0","4099.05","3","436.71","436.71","0.6","0.6","88.86","","0","0","1","0","0","","","","","","","0.000004099","0.000004099","","","","","","2026-08-03T14:00:18.794Z","2026-08-03T14:01:18.602Z","","","","",""
"WORLD","4yG2cM1kmvZ7ctSKA1C7Thab1hAv6KN3cDDVHDnbpump","","","","","","","","","","","","","","","","","","","","","","","","","","","","","","","","","","","","","","","","","","","","","","","","1.435e-7","","","","","","2026-08-03T14:00:24.749Z",""
"Daigoro","CpGtY5GtN6bzFB58NB9CoTy5yu6HZKyzxYPD2WGxpump","56","3.950617282","","","","","","","","","","","","","","","","","","","","","","","","","","","","","","","","","","","","","","","","0.000002049","","","","","","","2026-08-03T14:00:36.740Z","","","","","",""
"STAR","84NdJz6ze4ZGrPSyHxMraMAKLyuJTF8deXKRrMsfpump","92","35.140740739","","","","","","","73","720","-89.1","","","14.2","51.5","800","35.140740739","0","0","0","0","0","11043.89","3","2903.44","2903.44","1","1","14.42","","0","0","1","0","0","","","","","","","0.00001104","0.00001104","","","","","","2026-08-03T14:00:42.754Z","2026-08-03T14:01:06.535Z","","","","",""
"Road to 1M","2G5xqUJMeoAx1YqhESWUUbPzAKWqMd3FpLFURGZSpump","","","","","","","","","","","","","","","","","","","","","","","","","","","","","","","","","","","","","","","","","","","","","","","","3.406e-7","","","","","","2026-08-03T14:00:42.774Z",""
"READ","F2xoyGDhwum7PqQUDAdaYwLc9mSfuRxPfxc3DMiQpump","63","2.962962961","","","","","","","3.8","22","-6.7","","","3.8","0","902","2.962962961","0","0","0","0","0","2236.61","3","4351.39","4351.39","0.619","0.619","-9.55","","0","0","1","0","0","","","","","","","0.000002235","0.000002236","","","","","","2026-08-03T14:00:54.802Z","2026-08-03T14:01:54.545Z","","","","",""
"BILLY","4FJHiCGyGrrwUASFLTXSayiJ6pFyyDLAueqfquazpump","57","5","","","","","","","","","","","","","","","","","","","","","","","","","","","","","","","","","","","","","","","","0.000002047","","","","","","","2026-08-03T14:00:54.804Z","","","","","",""
"Billy","6Qw8BzxgZtp7gvY9p2XYTNeAeCxz1YqMWdNH4Yqcpump","58","3","","","","","","","","","","","","","","","","","","","","","","","","","","","","","","","","","","","","","","","","0.000006651","","","","","","","2026-08-03T14:01:00.820Z","","","","","",""
"SOL","CTKsxTqkk46rxui7MrnQJ4ctSnX665aAYmgPEDhWpump","57","0.760118767","","","","","","","","","","","","","","","","","","","","","","","","","","","","","","","","","","","","","","","","0.00000196","","","","","","","2026-08-03T14:01:12.760Z","","","","","",""
"SAVPIL","2VqkKBjBTNJgCWpmhi9d7Xm9d5tEBnfRLL8WvNtgpump","","","","","","","","","","","","","","","","","","","","","","","","","","","","","","","","","","","","","","","","","","","","","","","","7.055e-8","","","","","","2026-08-03T14:01:18.929Z",""
"r&h","35yYD75bAMoEes41artgvvW2QLo5n1WTAAo76XyZpump","67","4","","","","","","","0.1","170","-0.1","","","0","0.1","910","4","0","0","0","0","0","2047.72","3","1880.54","1880.54","0.613","0.613","-22.19","","0","0","1","0","0","","","","","","","0.000002047","0.000002047","","","","","","2026-08-03T14:01:30.778Z","2026-08-03T14:02:36.538Z","","","","",""
"Billy","AXQKdsps7jtZgdPUsB779R59H69qidmDqx4ASYKGpump","79","4.938271603","","","","","","","","","","","","","","","","","","","","","","","","","","","","","","","","","","","","","","","","0.000002047","","","","","","","2026-08-03T14:01:30.794Z","","","","","",""
"PMH","BwqUZjRG5gobYVenPjDGCq6zMGi497oiMz9fzoWLpump","","","","","","","","","","","","","","","","","","","","","","","","","","","","","","","","","","","","","","","","","","","","","","","","2.13e-7","","","","","","2026-08-03T14:01:42.771Z",""
"BLACKROCK","9QC6QU5ihyjZGkM6yvAdTNTCrWjFiDLUHf2mCxLrpump","74","8","","","","","","","","","","","","","","","","","","","","","","","","","","","","","","","","","","","","","","","","0.000002045","","","","","","","2026-08-03T14:01:42.776Z","","","","","",""
"SOL","HmTEMiBkacqXCpE3WJETipbt9HUFRirgk8X1SYx2pump","","","","","","","","","","","","","","","","","","","","","","","","","","","","","","","","","","","","","","","","","","","","","","","","1.542e-7","","","","","","2026-08-03T14:01:54.776Z",""
"sped","62pq8RofpA1rMDPCjjJVnABgjJGpMGhmKeHpPTS6pump","65","0.060009374","","","","","","","","","","","","","","","","","","","","","","","","","","","","","","","","","","","","","","","","0.000002585","","","","","","","2026-08-03T14:02:24.818Z","","","","","",""
"DIB","9VMfVaVoQSJFZcJRtht1jzLvcaCU7ynq1hHEqAWdpump","58","3","","","","","","","","","","","","","","","","","","","","","","","","","","","","","","","","","","","","","","","","0.000002367","","","","","","","2026-08-03T14:02:30.850Z","","","","","",""
"BLACKROCK⁠","FtoRUYfBc6Ls7QB4hmM9bjetcoci7RXR4UCpk5yNpump","64","5","","","","","","","","","","","","","","","","","","","","","","","","","","","","","","","","","","","","","","","","0.000002135","","","","","","","2026-08-03T14:02:42.744Z","","","","","",""
"Road to 1M","AMNm61bQPxfDpryv7v1nAJfNbTa3SL2Vr7fG1iF7pump","","","","","","","","","","","","","","","","","","","","","","","","","","","","","","","","","","","","","","","","","","","","","","","","2.798e-8","","","","","","2026-08-03T14:02:48.760Z",""
"SOL","CVmi4yUKyRYUMv6fgRRGzq6hvKB32vKHURtEXhBjpump","57","0.750117204","","","","","","","","","","","","","","","0.750117204","0","19","1","0","0","3272.46","3","208.25","208.25","0.667","0.667","52.4","","0","0","1","0","0","","","","","","","0.000003272","0.000003272","","","","","","2026-08-03T14:03:00.754Z","2026-08-03T14:04:06.637Z","","","","",""
"BLACKCOCK","FCoEb7yxnb2PCcv55diyYoSwsNwLATkyF7ErVRABysAe","61","3.5","","","","","","","","","","","","","","","","","","","","","","","","","","","","","","","","","","","","","","","","0.000002083","","","","","","","2026-08-03T14:03:06.790Z","","","","","",""
"Bun","4riQLeFgEwXpbHvNeUV5ZkvDb2CNNKjpWjazgvDNpump","60","3.950617282","","","","","","","","","","","","","","","","","","","","","","","","","","","","","","","","","","","","","","","","0.000002215","","","","","","","2026-08-03T14:03:13.031Z","","","","","",""
"SOL","H7K33HXFrycRz9Wm61xCgaiLGiLUqE3onvY1EERupump","","","","","","","","","","","","","","","","","","","","","","","","","","","","","","","","","","","","","","","","","","","","","","","","3.038e-7","","","","","","2026-08-03T14:03:18.738Z",""
"cat-01","GwcB2TYpoDi3W4i3ADG4xtXTtGE7T4oLz227U5Zapump","88","20","","","","","","","","","","","","","","","","","","","","","","","","","","","","","","","","","","","","","","","","0.000009098","","","","","","","2026-08-03T14:03:18.777Z","","","","","",""
"ASSS","aUWjjMZiSh2EQCnvoUAXnh6ej2hwQRmFnvWwNQKpump","60","2.5","","","","","","","","","","","","","","","","","","","","","","","","","","","","","","","","","","","","","","","","0.000002052","","","","","","","2026-08-03T14:03:24.758Z","","","","","",""
"TOXCAN","GHbPwyhb4U6KSqv9WDhoKs7grTDa6suxdHVDAJ9Kpump","","","","","","","","","","","","","","","","","","","","","","","","","","","","","","","","","","","","","","","","","","","","","","","","3.765e-7","","","","","","2026-08-03T14:03:36.757Z",""
"SOL","EgufkXww12DvDtXQYsh5vbzMYAsNrV4N5zCSJKnqpump","","","","","","","","","","","","","","","","","","","","","","","","","","","","","","","","","","","","","","","","","","","","","","","","3.952e-7","","","","","","2026-08-03T14:04:00.913Z",""
"RICHGOAT","HpARe7kpnRDPRZ1kiqX9FV5JoRnTSjhMGgfXVnRDpump","75","6.913580245","","","","","","","","","","","","","","","","","","","","","","","","","","","","","","","","","","","","","","","","0.000009338","","","","","","","2026-08-03T14:04:00.925Z","","","","","",""
"ElonMusk","4SoBCpB6fV2EJCTgbuRg3Zft5XwsC3LR8o3US5KXpump","","","","","","","","","","","","","","","","","","","","","","","","","","","","","","","","","","","","","","","","","","","","","","","","2.57e-7","","","","","","2026-08-03T14:04:06.749Z",""
"CORGE","DhqAF1UrdhZsnx696TGHVXYxmX2xZ8cvGP3PR7ropump","63","3","","","","","","","","","","","","","","","","","","","","","","","","","","","","","","","","","","","","","","","","0.000002144","","","","","","","2026-08-03T14:04:42.765Z","","","","","",""
"💛🐈","YyNw8hz8z2wsv4aXrB5uLeUptCWdDTBrSfkc18Fpump","63","7","","","","","","","0","0","-6","","","0","0","901","7","0","9","0","0","0","2178.68","3","1922.26","1922.26","0.556","0.556","-30.02","","0","0","1","0","0","","","","","","","0.000002178","0.000002178","","","","","","2026-08-03T14:04:42.780Z","2026-08-03T14:05:55.024Z","","","","",""
"SOL","7eLHFrmcguDpvJEQjVWKK6nwGpoKAbiGM2Z9pxqJpump","57","0.870135958","","","","","","","","","","","","","","","0.870135958","0","22","1","0","0","6992.33","3","825.12","825.12","0.66","0.66","222","","0","0","1","0","0","","","","","","","0.000006992","0.000006992","","","","","","2026-08-03T14:04:54.804Z","2026-08-03T14:05:54.595Z","","","","",""
"Jax","4RhCdvLbgsrVSCMmQADHURVpzfZTW9MurzthHACXpump","57","2","","","","","","","","","","","","","","","","","","","","","","","","","","","","","","","","","","","","","","","","0.000002047","","","","","","","2026-08-03T14:04:54.827Z","","","","","",""
"TOTH","23x8TJXYVTbeZPZ22T4zFdiGCqjxouZfYVeFiJwBpump","","","","","","","","","","","","","","","","","","","","","","","","","","","","","","","","","","","","","","","","","","","","","","","","2.966e-7","","","","","","2026-08-03T14:05:12.753Z",""
"Menderist","Gvm2mg2i13dzdsXRQSLGbBe1MjTFQho6aLh2ifrRpump","57","1.97530864","","","","","","","","","","","","","","","","","","","","","","","","","","","","","","","","","","","","","","","","0.000002049","","","","","","","2026-08-03T14:05:24.753Z","","","","","",""
"HOMOCIDE","3iBwfUhCvwVySor8BoTa4KkBxruNoHRqRYeyPAGFpump","67","3.950617282","","","","","","","","","","","","","","","","","","","","","","","","","","","","","","","","","","","","","","","","0.00000205","","","","","","","2026-08-03T14:05:49.052Z","","","","","",""
"Randomcoin","2VZkQUqYqRJuRKj3CPYrun3HkJD3mSTWEJRQv6Pkpump","63","2.962962961","","","","","","","","","","","","","","","","","","","","","","","","","","","","","","","","","","","","","","","","0.000002767","","","","","","","2026-08-03T14:05:55.043Z","","","","","",""
"SOL","BZVxJceMyG3PeR3hJ37RfFdmFXx9wFeqHCjCp7iCpump","55","0.70010939","","","","","","","","","","","","","","","","","","","","","","","","","","","","","","","","","","","","","","","","0.000001878","","","","","","","2026-08-03T14:06:00.788Z","","","","","",""
"CORGI","6wEFGWGH9YxWqDhHP3RXBnCkA2RW9GhHpybnTDvZpump","58","3","","","","","","","","","","","","","","","","","","","","","","","","","","","","","","","","","","","","","","","","0.000002073","","","","","","","2026-08-03T14:06:06.776Z","","","","","",""
"E","3ndMcze6Zx77RuM9d28uuFVN8ZcQCPD7tRfAHfoDpump","67","3.950617282","","12.2","","","","","0.2","444","-55.7","","","-51.5","106.8","904","3.950617282","0","0","0","0","0","15786.16","3","32077.9","32077.9","0.585","0.585","502","","0","0","1","0","1","-21.926489226869457","","","","","","0.0000148","0.00001578","","","0.00001232","","","2026-08-03T14:06:42.757Z","2026-08-03T14:07:42.595Z","","","2026-08-03T14:07:54.795Z","",""
"SOL","DyKxNLZfeLn5UuyX7Vzoe6gnGWhRwRiYNihreJaApump","56","0.860134394","","","","","","","","","","","","","","","0.860134394","0","24","1","0","0","2797.62","3","451.32","451.32","0.571","0.571","29.09","","0","0","1","0","0","","","","","","","0.000002797","0.000002797","","","","","","2026-08-03T14:06:48.745Z","2026-08-03T14:07:54.565Z","","","","",""
"TOTH","23x8ysHBaFN5ANrNnH8zzyUGK2TLPkJsQ8zxWop5pump","56","0.09875","","","","","","","","","","","","","","","","","","","","","","","","","","","","","","","","","","","","","","","","0.000002877","","","","","","","2026-08-03T14:06:54.786Z","","","","","",""
"E","BKK6WbjE7TCjmr93ZRUukjPVv3xsLyKTHwwBVdG4pump","56","5","","","","","","","","","","","","","","","5","0","10","0","0","0","2049.17","3","3057.31","3057.31","0.6","0.6","-26.5","","0","0","1","0","0","","","","","","","0.000003103","0.000002049","","","","","","2026-08-03T14:07:00.812Z","2026-08-03T14:08:54.789Z","","","","",""
"bTF","6En5W1pAU2fZcdKASMMNPddaxuLnnULfcBCSsoZvpump","65","0.027680881","","","","","","","","","","","","","","","","","","","","","","","","","","","","","","","","","","","","","","","","0.00000752","","","","","","","2026-08-03T14:07:30.806Z","","","","","",""
"bull ","3swTc28XGfqSMuu2cK3JR478CmfqaUNWKZsbMBzcpump","76","2.000312547","","","","","","","","","","","","","","","","","","","","","","","","","","","","","","","","","","","","","","","","0.000002048","","","","","","7.405e-7","2026-08-03T14:07:36.792Z","","","","","2026-08-03T14:08:12.910Z",""
"SOL","cUkg7WrddKsVgDQkFCpUAW7VLEcriCYeEpbyeoKpump","","","","","","","","","","","","","","","","","","","","","","","","","","","","","","","","","","","","","","","","","","","","","","","","6.747e-7","","","","","","2026-08-03T14:07:42.834Z",""
"3","BZc8rbDHBazEejKMpBqCChirYyu7KaZ63gKzvJJqpump","","","","","","","","","","","","","","","","","","","","","","","","","","","","","","","","","","","","","","","","","","","","","","","","1.506e-7","","","","","","2026-08-03T14:07:48.815Z",""
"DOOGOL","DHMnapaCciyTLKsx3EyW19eSRRdrErD42x6D72U3pump","","","","","","","","","","","","","","","","","","","","","","","","","","","","","","","","","","","","","","","","","","","","","","","","3.784e-7","","","","","","2026-08-03T14:08:01.113Z",""
"TOTH","23x8zFxjZdgEUFAGUpDoysYXuwSWzYrMCrVX1S2Cpump","","","","","","","","","","","","","","","","","","","","","","","","","","","","","","","","","","","","","","","","","","","","","","","","3.355e-7","","","","","","2026-08-03T14:09:06.791Z",""
"SOL","BUWHiSe13GZG15HDzAy2skpHfVqtYJiwBAhHoVLppump","61","1.400218782","","","","","","","0","0","0","","","0","0","904","1.400218782","0","26","1","0","0","3845.05","3","420.13","420.13","0.75","0.75","71.28","","0","0","1","0","0","","","","","","","0.000003845","0.000003845","","","","","","2026-08-03T14:09:06.834Z","2026-08-03T14:10:12.596Z","","","","",""
"WAGMIOWAMG","AkBJbZCDkKBXPJFFuScrBWS5ZZRkNe9yWyyCU479pump","90","8.888888887","","","","","","","0","0","0","","","0","0","908","8.888888887","0","3","1","0","0","2738.14","3","3915.69","3915.69","0.703","0.703","-20.46","","0","0","1","0","0","","","","","","","0.000002738","0.000002738","","","","","","2026-08-03T14:09:18.776Z","2026-08-03T14:10:18.611Z","","","","",""
"BABYCATE","A5XWoH9Ewr21Lzk8bfCgafSpKk9ViG4XRf9qNmEuRsaW","69","8","","","","","","","","","","","","","","","","","","","","","","","","","","","","","","","","","","","","","","","","0.000002149","","","","","","","2026-08-03T14:09:31.147Z","","","","","",""
"BABYCATE","FF3zCbJT1TBYoQgnwoXvnfxrkk562XZooE3rLLr6pump","56","2.962962961","","","","","","","","","","","","","","","","","","","","","","","","","","","","","","","","","","","","","","","","0.000002046","","","","","","","2026-08-03T14:09:36.785Z","","","","","",""
"Büll","41LkQrWh6Uk7M4LoPT1Vk9tf7FszHxt35H7Cjpdbpump","","","","","","","","","","","","","","","","","","","","","","","","","","","","","","","","","","","","","","","","","","","","","","","","2.969e-7","","","","","","2026-08-03T14:09:42.933Z",""
"BABYCATE","G7ZiTFFP3oU9JgcCtTvhzJHDyPEfXXUqhp3HtdEbpump","68","10","","","","","","","","","","","","","","","","","","","","","","","","","","","","","","","","","","","","","","","","0.000002332","","","","","","0.000002052","2026-08-03T14:09:42.936Z","","","","","2026-08-03T14:11:12.751Z",""
"Trump","FNAr2hLnSU2DvwVCUYu21zQLGXNzFYS93fNT9Cuwpump","58","3.456790121","","","","","","","","","","","","","","","","","","","","","","","","","","","","","","","","","","","","","","","","0.000002149","","","","","","","2026-08-03T14:09:54.753Z","","","","","",""
"bull ","FoB6h1ghUVQXzv9QrUD19gRpmrh813AtKzVS7TFdpump","","","","","","","","","","","","","","","","","","","","","","","","","","","","","","","","","","","","","","","","","","","","","","","","9.784e-7","","","","","","2026-08-03T14:10:00.792Z",""
"CATE","4qno3yzAxFQ6ZQ4aEFUyRMTkkVcsHbv54gmQupw7pump","70","4.938271603","","18.269","","","","","0","0","-78.2","","","","","24","4.938271603","0","0","0","0","0","11359.11","3","13423.28","13423.28","0.673","0.673","309","","0","0","1","0","1","-78.20264317180616","","","","","","0.000008995","0.00001135","","","0.000002474","","","2026-08-03T14:10:06.775Z","2026-08-03T14:11:12.546Z","","","2026-08-03T14:11:30.815Z","",""
"Shoe","DKdNnw1FUUzjw1GwNnjkohHCdRxwyTQnx38oFnDMpump","80","9.876543208","","","","","","","","","","","","","","","","","","","","","","","","","","","","","","","","","","","","","","","","0.000002242","","","","","","0.000002092","2026-08-03T14:10:06.825Z","","","","","2026-08-03T14:11:30.774Z",""
"KYC","ide1QF62RKy3BUDwv5tfehW6k5xFDjN2of5tw4Hpump","56","3.901234566","","","","","","","","","","","","","","","","","","","","","","","","","","","","","","","","","","","","","","","","0.000002044","","","","","","","2026-08-03T14:10:12.817Z","","","","","",""
"SOL","DXpcDLnebPR1myHXkuA5VLzQ7MMCrpbogSkLLhVSpump","","","","","","","","","","","","","","","","","","","","","","","","","","","","","","","","","","","","","","","","","","","","","","","","4.035e-7","","","","","","2026-08-03T14:10:24.770Z",""
"RhOS","23XQSxWkSeKNvudwYE8u2z6WVoobFno7gMP2f5Gkpump","66","3.753086418","","","","","","","0","0","0","","","0","0","910","3.753086418","0","0","0","0","0","2748.07","3","430.24","430.24","0.7","0.7","6.05","","0","0","1","0","0","","","","","","","0.000002592","0.000002748","","","","","","2026-08-03T14:10:30.763Z","2026-08-03T14:11:36.629Z","","","","",""
"Tylo","9XD5yYkEFG3F4ADYqZofeY9bxwPJut2zLbkisLSTaSdz","63","3","","","","","","","0","0","-4.4","","","0","0","910","3","0","0","0","0","0","2146.67","3","1468.88","1468.88","0.65","0.65","-13.33","","0","0","1","0","0","","","","","","","0.000002146","0.000002146","","","","","","2026-08-03T14:10:36.801Z","2026-08-03T14:11:36.571Z","","","","",""
"Maido","8oeWtBmpQmstUaDiN8qMPnjt4BemesW5qEm7Yrfzpump","57","2","","","","","","","","","","","","","","","","","","","","","","","","","","","","","","","","","","","","","","","","0.000002102","","","","","","","2026-08-03T14:10:54.826Z","","","","","",""
"CATEFATHER","HWSizocZ283MEkicF2W2MYaR8DGXgsN6nhMqy1Swpump","58","3.950617282","","","","","","","","","","","","","","","","","","","","","","","","","","","","","","","","","","","","","","","","0.000002136","","","","","","","2026-08-03T14:11:06.804Z","","","","","",""
"Road to 1M","2bAckY9JMHqcaCbSGNyuLXqBThU5B8tk67nuZNmspump","","","","","","","","","","","","","","","","","","","","","","","","","","","","","","","","","","","","","","","","","","","","","","","","1.091e-7","","","","","","2026-08-03T14:11:06.825Z",""
"Ninja","DxCTTHTdHgSJrakPKkLJ5iQCb8VEioTvbvZpt2S1pump","63","3","","","","","","","","","","","","","","","","","","","","","","","","","","","","","","","","","","","","","","","","0.000002377","","","","","","","2026-08-03T14:11:06.866Z","","","","","",""
"CATEFATHER","2q3XSno888U3ZKSHKkeGmvNmEmUgdZm6ZqsiktTGLHtj","60","5","","","","","","","","","","","","","","","","","","","","","","","","","","","","","","","","","","","","","","","","0.000002043","","","","","","","2026-08-03T14:11:12.786Z","","","","","",""
"Kurumi Otake","6iJxkdpWDgvoHckKnweXGD4z7S5NzLcyfhjsoFwHpump","55","1.75","","","","","","","","","","","","","","","1.75","0","0","0","0","0","5104.44","3","4436.97","4436.97","0.594","0.594","123","","0","0","1","0","1","","","","","","","0.000005081","0.000005104","","","","","","2026-08-03T14:11:42.825Z","2026-08-03T14:12:48.557Z","","","","",""
"$Travelers","71f5hRdWCnHVkKefGVHauS6QDdDrhCfcm87ijLJNpump","55","0.059259258","","","","","","","","","","","","","","","","","","","","","","","","","","","","","","","","","","","","","","","","0.000002333","","","","","","0.000001101","2026-08-03T14:11:43.188Z","","","","","2026-08-03T14:12:18.850Z",""
"BILLY","8wXJPFTKvmhLkJkP27d32hW6KaG6R8tuM73S7EGrpump","57","4","","","","","","","","","","","","","","","","","","","","","","","","","","","","","","","","","","","","","","","","0.000002049","","","","","","","2026-08-03T14:11:48.915Z","","","","","",""
"3","6p7keE4qqEUuUbA5HzKvarzcTVqypKRR6ve6sRLbpump","60","0.63","","","","","","","","","","","","","","","","","","","","","","","","","","","","","","","","","","","","","","","","0.000006069","","","","","","","2026-08-03T14:11:54.750Z","","","","","",""
"TCAT","D7v9oF3rd3DDuLttd1ZGvjUQi9ofscwGEkujXErxpump","56","3","","","","","","","","","","","","","","","","","","","","","","","","","","","","","","","","","","","","","","","","0.000002149","","","","","","","2026-08-03T14:11:54.778Z","","","","","",""
"bull ","7UYE23sjKhkFyyiatk8dPdSdqJSop7W1VTYMar3Epump","","","","","","","","","","","","","","","","","","","","","","","","","","","","","","","","","","","","","","","","","","","","","","","","0.000001138","","","","","","2026-08-03T14:12:00.754Z",""
"CATE","CkQH37S9Zuzavwn4qjp5XwMsZw5FeD3qpeGWZx6vpump","65","3.5","","","","","","","","","","","","","","","","","","","","","","","","","","","","","","","","","","","","","","","","0.000002151","","","","","","","2026-08-03T14:12:12.795Z","","","","","",""
"SALARYCAT","HnDm5Hg4kZSH7Azgfu8yRYps9dEcbfrB3RqUEPdipump","63","2.962962961","","","","","","","0","0","-4.9","","","0","0","908","2.962962961","0","0","0","0","0","2151.24","3","631.67","631.67","0.6","0.6","-12.97","","0","0","1","0","0","","","","","","","0.000002151","0.000002151","","","","","","2026-08-03T14:12:12.834Z","2026-08-03T14:13:18.555Z","","","","",""
"Coon","6f2yJxD3Ja3FAB27BFZPRoFQDXT1PCwcMCCSDNKCpump","","","","","","","","","","","","","","","","","","","","","","","","","","","","","","","","","","","","","","","","","","","","","","","","1.487e-7","","","","","","2026-08-03T14:12:18.809Z",""
"Goonangutan","Cg6gggXyPmxxVe6X6y33kcqXoA3rLVLDzEbJH7Ptpump","58","2.093718843","","","","","","","","","","","","","","","2.093718843","0","0","0","0","0","6892.74","3","11049.48","11049.48","0.626","0.626","194","","0","0","1","0","1","","","","","","","0.000006059","0.000006892","","","","","","2026-08-03T14:12:42.842Z","2026-08-03T14:13:42.574Z","","","","",""
"Valeria","ARwEk8MRurn9GFoTGMcHbKyaVuL1JcybEBNyuC4Wpump","55","5","","","","","","","","","","","","","","","","","","","","","","","","","","","","","","","","","","","","","","","","0.000002152","","","","","","","2026-08-03T14:12:54.863Z","","","","","",""
"APE","Dx3jJPxRH6WnyeJ37u7bxZkTAoTCBEdoedsDHRp8pump","57","1.97530864","","","","","","","","","","","","","","","","","","","","","","","","","","","","","","","","","","","","","","","","0.000004373","","","","","","","2026-08-03T14:13:24.911Z","","","","","",""
"pump!?","DMMf9ijKMooYxyWRfueLQiHmq2EWzfH3QS35NANBpump","67","0.15002344","","","","","","","0","0","0","","","0","0","904","0.15002344","0","0","1","0","0","83322.54","3","1343.24","1343.24","0.6","0.6","3924","","0","0","1","0","0","","","","","","","0.00008332","0.00008332","","","","","","2026-08-03T14:13:36.781Z","2026-08-03T14:14:42.560Z","","","","",""
"Road to 1M","CA7XQBvHT9Hgvqta5pz72HFjeDHxBDphBExw99nApump","","","","","","","","","","","","","","","","","","","","","","","","","","","","","","","","","","","","","","","","","","","","","","","","8.899e-8","","","","","","2026-08-03T14:14:00.779Z",""
"LARPER","HGV79u6cVBv9MhWrWeNBw87mWxdFeuT5U2y9Uj34pump","56","3.456790121","","","","","","","","","","","","","","","","","","","","","","","","","","","","","","","","","","","","","","","","0.000002967","","","","","","","2026-08-03T14:14:00.835Z","","","","","",""
"CRAZE","HLRDsMT4iJeguSYwx1XVHV8HxAwCZSZkwhvFYPxLpump","64","3.300515703","","","","","","","","","","","","","","","","","","","","","","","","","","","","","","","","","","","","","","","","0.000002049","","","","","","","2026-08-03T14:14:00.837Z","","","","","",""
"Trexcapade","B91nY2xiB6Vd5dRLJf9ToR8TjoyKcjNEb9fmxMMipump","60","2.469135801","","","","","","","","","","","","","","","","","","","","","","","","","","","","","","","","","","","","","","","","0.000002047","","","","","","","2026-08-03T14:14:00.846Z","","","","","",""
"c@t","4bqzmKquZRqaqybG1JKxtY2trYt39JLEQ8gxP8GKTFzj","58","3","","","","","","","","","","","","","","","","","","","","","","","","","","","","","","","","","","","","","","","","0.000002047","","","","","","","2026-08-03T14:14:06.832Z","","","","","",""
"Alfred","EXZNJnFpG9qFQsC6aAxM13pFMEbDsbdiuqbnUjsLpump","57","2","","","","","","","","","","","","","","","","","","","","","","","","","","","","","","","","","","","","","","","","0.000004158","","","","","","","2026-08-03T14:14:18.909Z","","","","","",""
"Frog","6F97LMPLRorczFJpHuDsYqipNf5aXRRH8ZkKhuk4pump","63","2.962962961","","","","","","","","","","","","","","","","","","","","","","","","","","","","","","","","","","","","","","","","0.000002148","","","","","","","2026-08-03T14:14:48.870Z","","","","","",""
"WANJAN","HKQQSk56QpQVdWQz7GoK3eiYPvoVjWomgC9RwcySpump","57","1.97530864","","","","","","","","","","","","","","","","","","","","","","","","","","","","","","","","","","","","","","","","0.000002053","","","","","","","2026-08-03T14:14:54.873Z","","","","","",""
"Mnut","DDrttzn4TqE8pNL4Nh7oStRTg3Bj7BZ1g8agr9LHpump","56","3","","18.25","","","","","","","","","","","","","3","0","2","0","0","0","7853.06","3","11568.06","11568.06","0.672","0.672","217","","0","0","1","0","1","-68.4833821469502","","","","","","0.000007157","0.000007853","","","0.000002475","","","2026-08-03T14:15:01.004Z","2026-08-03T14:16:00.561Z","","","2026-08-03T14:16:18.811Z","",""
"OONA","CyDefdc4QanNMYqqNNEbqt5Sy7Ya8ikFqejahtC3pump","64","3.2","","","","","","","","","","","","","","","","","","","","","","","","","","","","","","","","","","","","","","","","0.000002309","","","","","","","2026-08-03T14:15:06.797Z","","","","","",""
"Froge","2w2Fpi38L3DfGWUZSPit2jLCMCMbF7rqJoEGmMzepump","58","0.060009374","","","","","","","","","","","","","","","0.060009374","0","2","1","0","0","3996.49","3","74.93","74.93","0.565","0.565","94.5","","0","0","1","0","0","","","","","","","0.000003479","0.000003996","","","","","","2026-08-03T14:15:12.792Z","2026-08-03T14:16:24.798Z","","","","",""
"CA","AvvfdWf6CY4SZRgjKRTmaAkmYikgd3QChGuRi2Utpump","75","6.913580246","","","","","","","0","0","-32.7","","","-0.2","0","920","6.913580246","0","0","0","0","0","3038.02","4","3566.29","3566.29","0.633","0.633","-1.97","","0","0","1","0","0","","","","","","","0.000002202","0.000003038","","","","","","2026-08-03T14:15:18.784Z","2026-08-03T14:17:36.583Z","","","","",""
"BABYCATE","9wwNAS6LByHvjosFtyUzFocdoocNDXRpThj7Cckjpump","","","","","","","","","","","","","","","","","","","","","","","","","","","","","","","","","","","","","","","","","","","","","","","","2.901e-7","","","","","","2026-08-03T14:15:30.803Z",""
"pump!?","8mUkLYTyFrrBPqZzWgJ6Tufg8qx5YTXToXK4fSqipump","","","","","","","","","","","","","","","","","","","","","","","","","","","","","","","","","","","","","","","","","","","","","","","","0.000001203","","","","","","2026-08-03T14:15:36.756Z",""
"Research","D8ayFciGmKJVBTsUKCBahhacSzGNh9Y6RiTBFCPbpump","55","5","","","","","","","","","","","","","","","","","","","","","","","","","","","","","","","","","","","","","","","","0.000002045","","","","","","","2026-08-03T14:15:42.786Z","","","","","",""
"Mnut","9oWFoaZAepZHMwuody7DMckzmyg2D4Txca5YY9VQpump","55","5","","","","","","","","","","","","","","","","","","","","","","","","","","","","","","","","","","","","","","","","0.000002323","","","","","","","2026-08-03T14:15:54.769Z","","","","","",""
"Duck","EZ3jN1kQwDb3is9VL2q1maxk82vcPk6ZSvuWZSDKpump","70","1.50023441","","","","","","","","","","","","","","","","","","","","","","","","","","","","","","","","","","","","","","","","0.000001963","","","","","","1.63e-7","2026-08-03T14:16:00.798Z","","","","","2026-08-03T14:16:42.800Z",""
"RelaxedGuy","3FJjs99kKitBmFipQvSRWiSRu7TMa5dMWwXdzVFVBNuh","66","4.938271603","","","","","","","","","","","","","","","","","","","","","","","","","","","","","","","","","","","","","","","","0.000002052","","","","","","","2026-08-03T14:16:12.771Z","","","","","",""
"SDOG","GC4quzT6dasZPBds77zFvgefR1iU7Pvk2aXHNbYepump","","","","","","","","","","","","","","","","","","","","","","","","","","","","","","","","","","","","","","","","","","","","","","","","4.395e-7","","","","","","2026-08-03T14:16:13.100Z",""
"SOL","5uf9ULwT5cj1fCXyNPsCrF3bn4rQ2cGZ2Je4JMUhpump","55","0.870135958","","","","","","","","","","","","","","","0.870135958","0","33","1","0","0","3885.54","3","253.63","253.63","0.667","0.667","79.4","","0","0","1","0","0","","","","","","","0.000003885","0.000003885","","","","","","2026-08-03T14:16:18.802Z","2026-08-03T14:17:30.765Z","","","","",""
"DECK","2ebC7pKekET14aHWagoUpoDCgFqZyzLs5pqWNqjrpump","","","","","","","","","","","","","","","","","","","","","","","","","","","","","","","","","","","","","","","","","","","","","","","","1.976e-7","","","","","","2026-08-03T14:16:42.779Z",""
"TCAT","iDMFuyvE87QJHYSZHJpe65FiAUijBMYq47Ggo9zpump","58","3","","","","","","","","","","","","","","","","","","","","","","","","","","","","","","","","","","","","","","","","0.000002146","","","","","","","2026-08-03T14:16:54.760Z","","","","","",""
"ZINC","AQHoKeL3KLDofNG3L5ujrLYR5MrkBqYANZJUowtBpump","59","2.271604937","","","","","","","","","","","","","","","","","","","","","","","","","","","","","","","","","","","","","","","","0.000002044","","","","","","","2026-08-03T14:16:54.967Z","","","","","",""
"Zara","B5hH2tYppphe6QPFDviWGPsNDcWhpx6r7KtVYhpQpump","75","7","","","","","","","","","","","","","","","","","","","","","","","","","","","","","","","","","","","","","","","","0.000004113","","","","","","","2026-08-03T14:17:24.767Z","","","","","",""
"SOL","G2LaPLwAMhcGd9ZojMNS3DMoz6U11Z4u6L7WS3Gdpump","55","0.910142209","","","","","","","","","","","","","","","0.910142209","0","34","1","0","0","2441.17","3","316.6","316.6","0.625","0.625","12.44","","0","0","1","0","0","","","","","","","0.000002441","0.000002441","","","","","","2026-08-03T14:17:36.837Z","2026-08-03T14:18:36.543Z","","","","",""
"pump!?","6bB1688foR4KTaLL9z6YgA4TqxizANJ48neu5vaMpump","","","","","","","","","","","","","","","","","","","","","","","","","","","","","","","","","","","","","","","","","","","","","","","","2.359e-7","","","","","","2026-08-03T14:17:42.756Z",""
"Ninja","djW8H2zuFXmKMXkQT3VcErvajJQyuKXNrnnrzo4pump","56","2.962962961","","","","","","","","","","","","","","","","","","","","","","","","","","","","","","","","","","","","","","","","0.000002146","","","","","","","2026-08-03T14:18:06.777Z","","","","","",""
"shit","D6t2op9eATJZnk1ME4UTz1N5HZk2xF8Lm9UX8PrApump","65","0.060009374","","","","","","","","","","","","","","","","","","","","","","","","","","","","","","","","","","","","","","","","0.000001492","","","","","","6.735e-7","2026-08-03T14:18:06.832Z","","","","","2026-08-03T14:19:18.776Z",""
"Duck","D59zZAmSZhgahBGxpdn8Z4niagW48jBsFf6J2KjWpump","","","","","","","","","","","","","","","","","","","","","","","","","","","","","","","","","","","","","","","","","","","","","","","","9.198e-7","","","","","","2026-08-03T14:18:12.768Z",""
"Road to 1M","22466q6ESeNDcCVBERWmRe1UAi91jtvsW7Gbm9Swpump","","","","","","","","","","","","","","","","","","","","","","","","","","","","","","","","","","","","","","","","","","","","","","","","9.741e-7","","","","","","2026-08-03T14:18:36.767Z",""
"YOTEYO","DFHzsmH2gfKA6KAUevYay6YXKgWyPQ3RPrmRgARhpump","","","","","","","","","","","","","","","","","","","","","","","","","","","","","","","","","","","","","","","","","","","","","","","","1.5e-7","","","","","","2026-08-03T14:19:12.778Z",""
"SLOWLANA","DoUvTJFwruzmyRYowyMhGnt14dpv7TdLLXEQH9Ycpump","57","3.950617282","","","","","","","","","","","","","","","","","","","","","","","","","","","","","","","","","","","","","","","","0.000002144","","","","","","","2026-08-03T14:19:18.779Z","","","","","",""
"SLOWLANA","6EQBHCt5B7yxmQNq2t9UoVjByhZc6j8TwkBQR7dfpump","","","","","","","","","","","","","","","","","","","","","","","","","","","","","","","","","","","","","","","","","","","","","","","","0.000002151","","","","","","2026-08-03T14:19:18.795Z",""
"pump!?","AixC69T1yyPwcR4iBpS4DGaCHLS8VyrUeqcVsnzipump","58","0.15002344","","","","","","","","","","","","","","","","","","","","","","","","","","","","","","","","","","","","","","","","0.000001748","","","","","","3.793e-7","2026-08-03T14:19:36.749Z","","","","","2026-08-03T14:20:12.751Z",""
"ARCANTIS","DLHpVzwt8FoBNRj47e9KJ7mDyR7w3DMWvRfx18cetaxm","57","1.97","","","","","","","","","","","","","","","","","","","","","","","","","","","","","","","","","","","","","","","","0.000001208","","","","","","","2026-08-03T14:19:48.738Z","","","","","",""
"dogs","A3QhpyLgJV7PyKXTy6deoG7VK1q1Vt323Ai8mrCXpump","71","5","","","","","","","","","","","","","","","","","","","","","","","","","","","","","","","","","","","","","","","","0.000005271","","","","","","","2026-08-03T14:19:54.750Z","","","","","",""
"shit","BDPyZgx6HrZoSk8Ks5r5jwYMqLKnoPcNMNTVmg8Bpump","","","","","","","","","","","","","","","","","","","","","","","","","","","","","","","","","","","","","","","","","","","","","","","","8.078e-7","","","","","","2026-08-03T14:20:00.758Z",""
"CoalMan","7qJui3ikyrZ4F3H8XEmciVdPH9Ea2zZ4ZN6Gw6tdpump","63","2.962962961","","","","","","","","","","","","","","","","","","","","","","","","","","","","","","","","","","","","","","","","0.000003121","","","","","","","2026-08-03T14:20:18.791Z","","","","","",""
"OONA","CBYQChze4gYLbTtyyx1tiXgp9Qj3APUrGfyZ2kb9pump","60","3.2","","","","","","","","","","","","","","","","","","","","","","","","","","","","","","","","","","","","","","","","0.00000215","","","","","","","2026-08-03T14:20:24.742Z","","","","","",""
"Penguin","9LFLt8zEigfoMD29Eh1fAk8rXQskX8LEegqb8krrpump","70","4.938271603","","","","","","","","","","","","","","","","","","","","","","","","","","","","","","","","","","","","","","","","0.000002048","","","","","","","2026-08-03T14:20:42.757Z","","","","","",""
"shit","C3Gmb6pfYqB2qsCAUi6eieBUbfmjVX68wigNE5NZpump","58","0.060009374","","","","","","","","","","","","","","","","","","","","","","","","","","","","","","","","","","","","","","","","0.000003783","","","","","","","2026-08-03T14:20:48.773Z","","","","","",""
"CHAD","2V2qGxqrLqK3dPJtM7VvJFC4mVXrK3wEe5ULrgaA76Wj","63","7","","","","","","","","","","","","","","","","","","","","","","","","","","","","","","","","","","","","","","","","0.000002334","","","","","","","2026-08-03T14:20:54.758Z","","","","","",""
"inconvenient","2SAzxTKghcyu8AWvCL5aZ5W72jxFNKpwBSW2ZNV4pump","55","3.901234566","","","","","","","","","","","","","","","","","","","","","","","","","","","","","","","","","","","","","","","","0.000002046","","","","","","","2026-08-03T14:21:00.738Z","","","","","",""
"pump!?","6HehwMBukRVCjGamH4cnbU2KLpxfBwX2aWYhfxZfpump","","","","","","","","","","","","","","","","","","","","","","","","","","","","","","","","","","","","","","","","","","","","","","","","1.604e-7","","","","","","2026-08-03T14:21:06.856Z",""
"CEO","AafBXEcw7dWuNwDJt7dsThstohA7eG5Ug3gGME73QZ93","64","4.938271603","","","","","","","","","","","","","","","","","","","","","","","","","","","","","","","","","","","","","","","","0.000002073","","","","","","","2026-08-03T14:21:12.797Z","","","","","",""
"FLOKI","Dq1CWhGWCB5e5CYc28tTxrsksXoDQiaZN8s9kUaYpump","67","10","","","","","","","","","","","","","","","","","","","","","","","","","","","","","","","","","","","","","","","","0.000002321","","","","","","0.000002079","2026-08-03T14:21:18.767Z","","","","","2026-08-03T14:22:00.764Z",""
"SOL","HRQ8Uouzzb2ZCkPDE2ZtkR4TABge2rMNutcDnADGpump","","","","","","","","","","","","","","","","","","","","","","","","","","","","","","","","","","","","","","","","","","","","","","","","0.000001093","","","","","","2026-08-03T14:21:24.797Z",""
"Chopa","6ZXu9k8yqBtGZmnyN9RVLD8Gq2SxV1DtygzEMjKbpump","63","3","","","","","","","","","","","","","","","","","","","","","","","","","","","","","","","","","","","","","","","","0.000002053","","","","","","","2026-08-03T14:21:30.759Z","","","","","",""
"FLOGE","HwapLQH7NQsbKqJ2MCkJv5Knve5PaAerE6WXY7Hapump","63","3","","","","","","","0","0","-4.8","","","-4.8","0","902","3","0","0","0","0","0","2147.74","3","808.34","808.34","0.556","0.556","-13.26","","0","0","1","0","0","","","","","","","0.000002147","0.000002147","","","","","","2026-08-03T14:21:42.770Z","2026-08-03T14:22:54.818Z","","","","",""
"FLOKI","AXNXM2P1eTT6P1RrmpUaqap7Yz42WeYTGWEcNFWWpump","57","1.97530864","","","","","","","","","","","","","","","1.97530864","0","0","0","0","0","2147.74","3","487.73","487.73","0.75","0.75","-7.57","","0","0","1","0","0","","","","","","","0.000002147","0.000002147","","","","","","2026-08-03T14:21:42.795Z","2026-08-03T14:22:42.529Z","","","","",""
"shit","5Xjy8DC2AnMtXMEQgQCpkbEHvuV3gwv8XUU12Vpmpump","","","","","","","","","","","","","","","","","","","","","","","","","","","","","","","","","","","","","","","","","","","","","","","","3.037e-7","","","","","","2026-08-03T14:21:42.818Z",""
"JEET","BQqfctJtrogXaFnCn6d8jsNNAc3QrZWXAAAWqkNqpump","63","3.950617282","","","","","","","","","","","","","","","","","","","","","","","","","","","","","","","","","","","","","","","","0.000002044","","","","","","","2026-08-03T14:21:48.789Z","","","","","",""
"Retail","Ava3z5c3QYLuyZJXjEdRGohA2c27apdX3eynQFKCpump","64","6","","","","","","","0","0","-4.7","","","-4.7","0","908","6","0","4","0","0","0","2146.55","3","952.21","952.21","0.571","0.571","-27.12","","0","0","1","0","0","","","","","","","0.000002146","0.000002146","","","","","","2026-08-03T14:22:00.747Z","2026-08-03T14:23:18.725Z","","","","",""
"Flōki","32yRpmHaeYiBCJt9Xv6n2GBjHnChB4oqsRJqqxfepump","61","5","","","","","","","","","","","","","","","","","","","","","","","","","","","","","","","","","","","","","","","","0.000002043","","","","","","","2026-08-03T14:22:06.742Z","","","","","",""
"GetSpiffy","2bdzct583vrLmMqtZ3nYjYuiuC9TFhCYr3cJ2yTypump","57","1.97530864","","","","","","","","","","","","","","","","","","","","","","","","","","","","","","","","","","","","","","","","0.000002049","","","","","","","2026-08-03T14:22:12.788Z","","","","","",""
"JEET","5aN1FcKXcawm7BYVFn3EGJLdjEcBcFutyouH7Y1Gpump","62","5","","","","","","","","","","","","","","","","","","","","","","","","","","","","","","","","","","","","","","","","0.000002135","","","","","","","2026-08-03T14:22:18.753Z","","","","","",""
"pump!?","3xHec947n243oDvwTY19ZKeGmuY4hEaBo6ExHBJ8pump","","","","","","","","","","","","","","","","","","","","","","","","","","","","","","","","","","","","","","","","","","","","","","","","1.681e-7","","","","","","2026-08-03T14:22:30.839Z",""
"Flōki","HLKH6PvGRfTQ1AtQowvZazcwVSqeaGE5uSfYMKP5pump","56","3","","","","","","","","","","","","","","","","","","","","","","","","","","","","","","","","","","","","","","","","0.000002044","","","","","","","2026-08-03T14:22:30.932Z","","","","","",""
"FWA⁠","25JRUC4Vn7VsVhDeeUnEPxMeBXVM63osrAeBaACwpump","60","5","","","","","","","","","","","","","","","","","","","","","","","","","","","","","","","","","","","","","","","","0.000002146","","","","","","","2026-08-03T14:22:36.740Z","","","","","",""
"FLOKI","3oovyiXAe12zs4qXtNxkaxVHXcotfVDunVGwCPPMpump","57","2","","","","","","","","","","","","","","","","","","","","","","","","","","","","","","","","","","","","","","","","0.000002059","","","","","","","2026-08-03T14:22:48.767Z","","","","","",""
"$Copycat","55iF8Kv57S4jRhcLtHXbMTWkeRTVHkUxPFvu2DWbpump","65","0.059259258","","","","","","","","","","","","","","","","","","","","","","","","","","","","","","","","","","","","","","","","0.000001383","","","","","","","2026-08-03T14:22:48.802Z","","","","","",""
"FLOKI","2L6X8rR6Jfk8MryHeYHKh5GtAFgM6ZBTSEGZT4xtpump","56","3","","","","","","","","","","","","","","","","","","","","","","","","","","","","","","","","","","","","","","","","0.000002122","","","","","","","2026-08-03T14:22:54.811Z","","","","","",""
"shit","DBXjKkTtWkyVomjVEyKJYHL4DUQ37neBRnmCHtqMpump","","","","","","","","","","","","","","","","","","","","","","","","","","","","","","","","","","","","","","","","","","","","","","","","5.095e-8","","","","","","2026-08-03T14:23:00.734Z",""
"Flōki","BPN7QtEidn8eMCejgNfwZyPCu19CPyyXBzwSVUwNpump","57","3.2","","","","","","","","","","","","","","","3.2","0","2","0","0","0","2057.43","3","2311.7","2311.7","0.637","0.637","-17.72","","0","0","1","0","0","","","","","","","0.000002057","0.000002057","","","","","","2026-08-03T14:23:06.743Z","2026-08-03T14:24:06.609Z","","","","",""
"FLOKE","e7o81MECkx7YG6AVDVuRRhtrDXyJPu6HKmtW1q8pump","67","5","","","","","","","","","","","","","","","","","","","","","","","","","","","","","","","","","","","","","","","","0.000002044","","","","","","","2026-08-03T14:23:06.773Z","","","","","",""
"pump!?","7RJegzSPw3BXJ5p9X5n7p4qQUzWXTWH8ZXu91Yz9pump","","","","","","","","","","","","","","","","","","","","","","","","","","","","","","","","","","","","","","","","","","","","","","","","2.937e-8","","","","","","2026-08-03T14:23:36.769Z",""
"PIJN","4a3vPDWbdZj4xqXyiNM9iAaBmNECNey3NFJeScTypump","60","7","","","","","","","","","","","","","","","","","","","","","","","","","","","","","","","","","","","","","","","","0.000002044","","","","","","","2026-08-03T14:23:42.822Z","","","","","",""
"FLOKI","D6Ga8EMtroQZCjQyyrcMt91kH5vVxtqmLFiy742vpump","77","4.938271603","","","","","","","","","","","","","","","","","","","","","","","","","","","","","","","","","","","","","","","","0.000002138","","","","","","","2026-08-03T14:23:48.749Z","","","","","",""
"Unstabull","6QMSa82gMUkjn3PuXemF2pk8ZiWbVYhicKJdgYTgpump","","","","","","","","","","","","","","","","","","","","","","","","","","","","","","","","","","","","","","","","","","","","","","","","5.21e-7","","","","","","2026-08-03T14:24:06.821Z",""
"RELIQUIA","rELiQ3ANaZHxqke4w4admhPKcCYdpobNZS96nwJh1pf","88","20.740740738","auto","201.638","30.012","8.202","165.9","yes","20.3","138","-83.6","no","","3.2","16.6","218","20.740740738","0","0","0","0","0","10455.15","3","3190.78","3190.78","0.805","0.805","78.68","","0","0","1","0","1","-80.2775119617225","13.622969851925443","-82.64216463979066","-79.05","5.87","STOP_LOSS","0.000009493","0.00001045","0.00001076","0.000011873600349526209","0.000002061","0.000002061","","2026-08-03T14:24:48.782Z","2026-08-03T14:25:48.544Z","2026-08-03T14:26:18.556Z","2026-08-03T14:26:26.758Z","2026-08-03T14:29:10.182Z","","2026-08-03T14:29:12.658Z"
"pump!?","6aPegSuNUpjfYuDaCtZFBuoLMcfm3Xa1s2ibc8Nfpump","","","","","","","","","","","","","","","","","","","","","","","","","","","","","","","","","","","","","","","","","","","","","","","","2.237e-7","","","","","","2026-08-03T14:25:12.825Z",""
"CHAAGE","5qh59tV8UPBxPuK7zVkTZ3JLQHBr2dzr38ftPyQMpump","58","0.15002344","","","","","","","","","","","","","","","0.15002344","0","3","1","0","0","2851.98","3","72.57","72.57","0.76","0.76","38.03","","0","0","1","0","0","","","","","","","0.000002429","0.000002851","","","","","","2026-08-03T14:25:36.744Z","2026-08-03T14:26:36.546Z","","","","",""
"SHIBU","5Lz91RHsyZaceeLwtwxhGGCaGNbNtRpwnEUzwrr5pump","64","5","","","","","","","","","","","","","","","","","","","","","","","","","","","","","","","","","","","","","","","","0.000002742","","","","","","","2026-08-03T14:26:06.769Z","","","","","",""
"SHIBU","qAf2PFQ7PNfSRo3WbrrxrGjUtx4LXBDt5m1g94Tpump","63","2.962962961","","","","","","","","","","","","","","","","","","","","","","","","","","","","","","","","","","","","","","","","0.000002051","","","","","","","2026-08-03T14:26:24.832Z","","","","","",""
"GOAT","5T5z9nTb2e3jpjgXTQoanPuvkbzpfYvprYvn2ck3pump","65","0.060009374","","","","","","","0","0","0","","","0","0","920","0.060009374","0","0","1","0","0","1765.79","3","114.45","114.45","0.6","0.6","-14.19","","0","0","1","0","0","","","","","","","0.000001765","0.000001765","","","","","","2026-08-03T14:27:00.752Z","2026-08-03T14:28:06.594Z","","","","",""
"WUT⁠","A5LSvsNhR25sgdPNkS8Gp2PnL3CajSrNPoGPiZbqpump","59","7","","30.219","","","","","","","","","","","","","7","0","16","0","0","0","2329.7","3","2001.55","2001.55","0.556","0.556","-25.34","","0","0","1","0","0","-11.9793902962645","","","","","","0.000002329","0.000002329","","","0.00000205","","","2026-08-03T14:27:12.748Z","2026-08-03T14:28:18.580Z","","","2026-08-03T14:28:48.799Z","",""
"wut","DrbVBdbk2QJEq1GNdPZuqRtpEDcDTKwUCHuE1YvyxHYB","","","","","","","","","","","","","","","","","","","","","","","","","","","","","","","","","","","","","","","","","","","","","","","","0.000002328","","","","","","2026-08-03T14:27:12.797Z",""
"Jo","EWSpBsoRhYAVMhriNSiyxWM7vPbEpRBfPQJEpU1ppump","56","2.962962961","","","","","","","","","","","","","","","","","","","","","","","","","","","","","","","","","","","","","","","","0.000002941","","","","","","","2026-08-03T14:27:12.801Z","","","","","",""
"WUT","EiN4yzupJVh7GHRJuuSvXxyF9ToMN2rPhQrTZmJ4pump","56","3.950617282","","","","","","","","","","","","","","","","","","","","","","","","","","","","","","","","","","","","","","","","0.000002057","","","","","","","2026-08-03T14:27:12.805Z","","","","","",""
"WUT⁠","GFaeGrr7Fiv8ssWbrdjnq16WgVK9W2ybRaYrVNbppump","60","5","","","","","","","0","0","-4.6","","","0","0","902","5","0","5","0","0","0","2153.01","3","1382.04","1382.04","0.556","0.556","-22.89","","0","0","1","0","0","","","","","","","0.000002153","0.000002153","","","","","","2026-08-03T14:27:18.804Z","2026-08-03T14:28:24.601Z","","","","",""
"KIDCATE","5yzhXXiWmHVjMEnRcAYbHcV8w9Ei5dWKA9JaKFHopump","91","29.629629628","","","","","","","110.2","628","-35.3","","","21.7","72.7","908","29.629629628","0","0","0","0","0","6052.3","3","16899.45","16899.45","0.622","0.622","-25.27","","0","0","1","0","0","","","","","","","0.000006","0.000006052","","","","","","2026-08-03T14:27:36.782Z","2026-08-03T14:28:48.814Z","","","","",""
"Road to 1M","2krvqFqsbS3utFBye4PqgWZ9Aoixv3rLxumUah3cpump","","","","","","","","","","","","","","","","","","","","","","","","","","","","","","","","","","","","","","","","","","","","","","","","5.951e-7","","","","","","2026-08-03T14:27:42.822Z",""
"GOAT","G8V2hPEvsma1MYUpCnEDJ6gL6U2jxbWnwxRBWVoVpump","61","0.060009374","","","","","","","0","0","0","","","0","0","908","0.060009374","0","1","1","0","0","3520.42","3","21.1","21.1","0.636","0.636","71.09","","0","0","1","0","0","","","","","","","0.00000352","0.00000352","","","","","","2026-08-03T14:27:42.825Z","2026-08-03T14:28:48.604Z","","","","",""
"SOL","BReS8ZtGc9uorPNFby1ZueiMgodzf9Ksbh3ZRhkLpump","55","1.120175026","","","","","","","","","","","","","","","1.120175026","0","46","1","0","0","3920.35","3","658.93","658.93","0.577","0.577","77.77","","0","0","1","0","0","","","","","","","0.00000392","0.00000392","","","","","","2026-08-03T14:27:48.765Z","2026-08-03T14:28:54.606Z","","","","",""
"Asteroid ","DnJs6tzSwDDdDNVWKEVwVJeGJZJUGf2KJ9WssA4Bpump","","","","","","","","","","","","","","","","","","","","","","","","","","","","","","","","","","","","","","","","","","","","","","","","0.000002051","","","","","","2026-08-03T14:28:36.836Z",""
"SLAP","8UQqeZWwSqhnyQRD39PvDJMbvG9VCxFk5xot5xC4pump","63","3.061728393","","","","","","","0.3","104","-2.1","","","0","0.3","904","3.061728393","0","0","0","0","0","10032.79","3","2246.43","2246.43","0.933","0.933","303","","0","0","1","0","1","","","","","","","0.00001003","0.00001003","","","","","","2026-08-03T14:28:36.840Z","2026-08-03T14:29:42.610Z","","","","",""
"SHIBU","4vapfCPwbNP6s7nsGhhiPHbcay5uvXJnvckUA7C7pump","58","3","","","","","","","","","","","","","","","","","","","","","","","","","","","","","","","","","","","","","","","","0.000002053","","","","","","","2026-08-03T14:28:42.764Z","","","","","",""
"GOAT","H8Lwow6XCd14RRPJeTU4X1fw9gwvFnraV3iu8Fk9pump","58","0.060009374","","","","","","","","","","","","","","","0.060009374","0","2","1","0","0","1886.15","3","120.97","120.97","0.6","0.6","-8.4","","0","0","1","0","0","","","","","","","0.000001997","0.000001886","","","","","","2026-08-03T14:29:12.752Z","2026-08-03T14:31:00.778Z","","","","",""
"APE","455afjUYRZztQWiFvhmJU61Hn4zppfoV1qTUqgYcpump","79","8.888888887","","","","","","","147.4","150","-73.7","","","10.6","123.6","910","8.888888887","0","0","0","0","0","3425.71","3","14202.81","14202.81","0.6","0.6","-0.59","","0","0","1","0","0","","","","","","","0.000005278","0.000003425","","","","","","2026-08-03T14:29:12.774Z","2026-08-03T14:31:06.834Z","","","","",""
"WIENERDOGE","FBDc8gg7Hx32xgrxDpyWGc9VpugoHKEeAzNDMfy5pump","57","1.97530864","","","","","","","","","","","","","","","1.97530864","0","0","0","0","0","2157.12","3","353.27","353.27","0.6","0.6","-7.49","","0","0","1","0","0","","","","","","","0.000002157","0.000002157","","","","","","2026-08-03T14:29:36.810Z","2026-08-03T14:30:42.600Z","","","","",""
"spider ","CL48AnfYvY6HT9GnWLRYBjzAjWJQNFCY3Sy3TikKpump","66","0.100015626","","","","","","","29.7","28","-62.4","","","29.7","0","908","0.100015626","0","0","1","0","0","2279.7","3","92.79","92.79","0.692","0.692","10.32","","0","0","1","0","0","","","","","","","0.000002279","0.000002279","","","","","","2026-08-03T14:29:48.788Z","2026-08-03T14:30:48.560Z","","","","",""
"ARI","D7EXtg1eNn6VfR4ascvuotowTE24pgsvbn38AyDWpump","","","","","","","","","","","","","","","","","","","","","","","","","","","","","","","","","","","","","","","","","","","","","","","","7.253e-7","","","","","","2026-08-03T14:29:54.770Z",""
"GIGACATE","3FBNFyQF6VK6PHKRFY7P3N9YjCRd3L38ZSG6eu5ypump","65","3.5","","","","","","","","","","","","","","","","","","","","","","","","","","","","","","","","","","","","","","","","0.000002342","","","","","","","2026-08-03T14:30:06.775Z","","","","","",""
"Frog","J7C7xdVU4WxaFfKXYuSUXECLd48WYYwP1zMvNN7Cpump","57","2.814814813","","","","","","","","","","","","","","","","","","","","","","","","","","","","","","","","","","","","","","","","0.000002082","","","","","","","2026-08-03T14:30:18.768Z","","","","","",""
"boss cate","J2KL2CC3DNxJSqyL4fieELyFf5PA8wrJpbaAkJ1Cpump","74","6.100953272","","","","","","","72.7","401","0","","","0","72.7","901","6.100953272","0","0","0","0","0","2986.37","3","452.21","452.21","0.75","0.75","0.21","","0","0","1","0","0","","","","","","","0.000002986","0.000002986","","","","","","2026-08-03T14:30:30.735Z","2026-08-03T14:31:55.101Z","","","","",""
"OGE","3RQoWUivXNkkDdpPcFmn5vrTRoPK5PXg4DRiJEaqpump","63","2.962962961","","","","","","","","","","","","","","","","","","","","","","","","","","","","","","","","","","","","","","","","0.000002083","","","","","","","2026-08-03T14:30:42.851Z","","","","","",""
"WUT⁠","EqVqSiCwtPC17hCTsPpojwDE7xbmQEqCDLjuSUrnpump","63","3","","","","","","","","","","","","","","","","","","","","","","","","","","","","","","","","","","","","","","","","0.00000216","","","","","","","2026-08-03T14:30:42.898Z","","","","","",""
"NEKA kayda","GL7za64L9hLyHJgh9a3znLaNGaENDZdCiDEyRcuNpump","72","8","","","","","","","0","0","-4.8","","","0","0","910","8","0","2","0","0","0","2160.35","3","2094.92","2094.92","0.571","0.571","-34.61","","0","0","1","0","0","","","","","","","0.00000216","0.00000216","","","","","","2026-08-03T14:31:18.804Z","2026-08-03T14:32:36.582Z","","","","",""
"GHOST⁠","7EeEFtCAg3mMDnS8ogpajnmY8CASRt6Qw39Dmpghpump","59","7","","","","","","","","","","","","","","","","","","","","","","","","","","","","","","","","","","","","","","","","0.000002335","","","","","","","2026-08-03T14:31:18.891Z","","","","","",""
"GHOST⁠","HuR6wqozdnB1XMaTgb5LPVjcqbe1tNwVGpQUatiepump","63","3","","","","","","","","","","","","","","","","","","","","","","","","","","","","","","","","","","","","","","","","0.000002163","","","","","","","2026-08-03T14:31:18.895Z","","","","","",""
"Tsunami","14UwBDnWSusb6Y2zHgGMY5FijnsNUAfeZFKJvfTukj6t","","","","","","","","","","","","","","","","","","","","","","","","","","","","","","","","","","","","","","","","","","","","","","","","0.000002118","","","","","","2026-08-03T14:31:24.764Z",""
"SAME","AiveZCGamH5xtMJoYYFC9Vbm2iuE7N7aCg1wih4cpump","57","5","","","","","","","","","","","","","","","","","","","","","","","","","","","","","","","","","","","","","","","","0.00000206","","","","","","","2026-08-03T14:31:24.810Z","","","","","",""
"chudlon","4UDQA5FprXaDh25fFgAZUofa1CVoYN3f7vBww6gfpump","59","7","","","","","","","","","","","","","","","7","0","18","0","0","0","2189.98","3","1854.85","1854.85","0.571","0.571","-30.12","","0","0","1","0","0","","","","","","","0.000002189","0.000002189","","","","","","2026-08-03T14:31:30.868Z","2026-08-03T14:32:42.529Z","","","","",""
"never","J4cBhGm3miMTx47NBZhrxWphNtbx9ytNPQ5yrHNLpump","63","3","","","","","","","","","","","","","","","","","","","","","","","","","","","","","","","","","","","","","","","","0.000002055","","","","","","","2026-08-03T14:31:36.817Z","","","","","",""
"JGS","CxGfymHfeyW8ypTWMNhjgP2tXgzuAn62c3Esbqhrpump","64","5","","","","","","","","","","","","","","","","","","","","","","","","","","","","","","","","","","","","","","","","0.000002161","","","","","","","2026-08-03T14:31:36.852Z","","","","","",""
"Over","B3hXb8QPcH6XCy3X9czARicRxZoDtXjsxbtxnAgrpump","56","2.962962961","","","","","","","","","","","","","","","","","","","","","","","","","","","","","","","","","","","","","","","","0.000002146","","","","","","","2026-08-03T14:31:42.748Z","","","","","",""
"chudlon","5ExjUjU215ZTJbEpZ7LEPVngvEMDCsBKrqrxGeMEpump","58","7","","","","","","","","","","","","","","","","","","","","","","","","","","","","","","","","","","","","","","","","0.000002058","","","","","","","2026-08-03T14:31:42.764Z","","","","","",""
"Neka","4ahHUH7xrgm6dh3wjhXRTfATSypka5dFe8odF2a8pump","64","5","","","","","","","","","","","","","","","","","","","","","","","","","","","","","","","","","","","","","","","","0.000002149","","","","","","","2026-08-03T14:31:48.760Z","","","","","",""
"NEVER","8ru7w4jiY4fN2wXrDjSf68aBjt7ZpUF12J4cRf7Fpump","55","3.950617282","","","","","","","","","","","","","","","","","","","","","","","","","","","","","","","","","","","","","","","","0.000002082","","","","","","","2026-08-03T14:31:54.947Z","","","","","",""
"SOLANA","7vE9hFHikpzD7vrq8ibmSFQ7thucee6r2R7J8akfpump","55","1.152180026","","","","","","","","","","","","","","","1.152180026","0","49","1","0","0","1901.38","3","433.91","433.91","0.633","0.633","-14.33","","0","0","1","0","0","","","","","","","0.000001901","0.000001901","","","","","","2026-08-03T14:32:06.795Z","2026-08-03T14:33:12.517Z","","","","",""
"MIKEMNG","BhSvNsJdGPjAAUg9pVR3gyqFswSd8MN1NqXRVxR6pump","60","2.469135801","","","","","","","0","0","-17","","","0","0","910","2.469135801","0","0","0","0","0","2475.23","3","1057.91","1057.91","0.667","0.667","2.69","","0","0","1","0","0","","","","","","","0.000002475","0.000002475","","","","","","2026-08-03T14:32:36.742Z","2026-08-03T14:33:36.517Z","","","","",""
"GOAT","3n1KjZhgtpDSL7AW3gBCex9eVSbMCx3ZhGAxuWU8pump","","","","","","","","","","","","","","","","","","","","","","","","","","","","","","","","","","","","","","","","","","","","","","","","9.016e-7","","","","","","2026-08-03T14:32:49.095Z",""
"GALYMZHAN","HQ6wmANsE2XxuXeDwBrE8oaBYLcfw7o5r7jcHjekpump","63","3","","","","","","","","","","","","","","","","","","","","","","","","","","","","","","","","","","","","","","","","0.0000025","","","","","","","2026-08-03T14:32:54.783Z","","","","","",""
"Daniel","382f1vLPg4DKsCRpPwaWX5gRs4R2RKFgwRwzXRFUpump","57","1.97530864","","","","","","","","","","","","","","","","","","","","","","","","","","","","","","","","","","","","","","","","0.000002058","","","","","","","2026-08-03T14:33:00.842Z","","","","","",""
"SMELLY","GHKMMjZeLwDdFUr9JfjkMUhgcwRyXE515foWYxWypump","67","4","","","","","","","","","","","","","","","","","","","","","","","","","","","","","","","","","","","","","","","","0.000002058","","","","","","","2026-08-03T14:33:00.883Z","","","","","",""
"pumpers","Ea4jSp41KcYE9y42gDdJJe4pRHCbD4RcU7JEys3qpump","60","2.4691358","","","","","","","","","","","","","","","","","","","","","","","","","","","","","","","","","","","","","","","","0.00000316","","","","","","","2026-08-03T14:33:06.749Z","","","","","",""
"CRIME","H3XPBt1cKe3o2F37swVDfdZty9BqFGwa1kRFCR9cpump","58","3","","","","","","","","","","","","","","","","","","","","","","","","","","","","","","","","","","","","","","","","0.000005047","","","","","","","2026-08-03T14:34:24.755Z","","","","","",""
"fdsfsdafds","H2VxMv9i3kx4magiHMiUTkNutnkgNM6PrBrzrkNWpump","","","","","","","","","","","","","","","","","","","","","","","","","","","","","","","","","","","","","","","","","","","","","","","","6.472e-7","","","","","","2026-08-03T14:34:42.746Z",""
"claudoge","CEoYngAKte1CYMMDtdRh9Hv1XasJHZzNuHLupiVApump","56","3","","","","","","","","","","","","","","","","","","","","","","","","","","","","","","","","","","","","","","","","0.000002159","","","","","","","2026-08-03T14:34:54.766Z","","","","","",""
"Shift","EzZwo9MLqdxe7wY8CiEKgMtPFT96V36tfQ68qRYwpump","63","3.083456788","","","","","","","","","","","","","","","","","","","","","","","","","","","","","","","","","","","","","","","","0.000002056","","","","","","","2026-08-03T14:35:00.754Z","","","","","",""
"KIRK","3iV92PH3sssFVpNczRHvkj5n8BVx9DZBU1LUrrWdpump","","","","","","","","","","","","","","","","","","","","","","","","","","","","","","","","","","","","","","","","","","","","","","","","6.407e-7","","","","","","2026-08-03T14:35:00.786Z",""
"fdsfsdafds","DJ7BRH72KKWZxCiFuUUDgkmmfbdS6FsLUx9UozwApump","","","","","","","","","","","","","","","","","","","","","","","","","","","","","","","","","","","","","","","","","","","","","","","","3.924e-7","","","","","","2026-08-03T14:35:12.764Z",""
"SOLANA","HtAc8pLL4BY17mdd71ScYisJrhMofBeBae7gP866pump","59","1.700265666","","","","","","","","","","","","","","","","","","","","","","","","","","","","","","","","","","","","","","","","0.000004846","","","","","","","2026-08-03T14:35:24.771Z","","","","","",""
"TIT","GjJrW5gFckLhr4udqiuMbtogFmgSizhq6sNHFpC7S38V","58","5","","","","","","","","","","","","","","","","","","","","","","","","","","","","","","","","","","","","","","","","0.000002058","","","","","","","2026-08-03T14:35:30.755Z","","","","","",""
"Waiting","A8nt63BZ1zvoWju5v7kucdkBtc98kVGQKEjpBfYdpump","61","0.060009374","","","","","","","","","","","","","","","","","","","","","","","","","","","","","","","","","","","","","","","","0.000002165","","","","","","","2026-08-03T14:35:30.782Z","","","","","",""
"NIH","FdV9GitAhP7XSEkhf1zZDmigf6VBGdHr2irLcv3Zpump","63","3","","","","","","","","","","","","","","","","","","","","","","","","","","","","","","","","","","","","","","","","0.00000211","","","","","","","2026-08-03T14:35:42.744Z","","","","","",""
"VANCE","BpnyKhRS5xqmr1bsUcfgYvJmMFNQiYpaTeDiD1Etpump","58","2.093718843","","","","","","","","","","","","","","","","","","","","","","","","","","","","","","","","","","","","","","","","0.000003054","","","","","","","2026-08-03T14:35:48.748Z","","","","","",""
"fdsfsdafds","JDGU9KADrRRoxHbQebhKfgJ6934NZfp8t2nDNUMMpump","","","","","","","","","","","","","","","","","","","","","","","","","","","","","","","","","","","","","","","","","","","","","","","","5.305e-7","","","","","","2026-08-03T14:35:48.789Z",""
"fdsfsdafds","EDgkoHrmBUkKVP55vuhXgGQkudNWnJ9vsw6VKjqJpump","73","1.48148148","","","","","","","","","","","","","","","","","","","","","","","","","","","","","","","","","","","","","","","","0.000001526","","","","","","","2026-08-03T14:36:18.800Z","","","","","",""
"foocoin","DFZZT4VQzKtRDksuu2BePU1XRkjbSK3rZEKWr9qipump","57","1.97530864","","","","","","","","","","","","","","","1.97530864","0","0","0","0","0","2158.88","3","359.74","359.74","0.6","0.6","-7.6","","0","0","1","0","0","","","","","","","0.000002158","0.000002158","","","","","","2026-08-03T14:36:24.790Z","2026-08-03T14:37:24.544Z","","","","",""
"PVP","GGMKY3YQsmsr9rdeuEDagVeTtiH1Qeex3zuThz6vpump","58","2.09312","","","","","","","","","","","","","","","","","","","","","","","","","","","","","","","","","","","","","","","","0.000004648","","","","","","","2026-08-03T14:36:30.783Z","","","","","",""
"E.T","3mnwmJBUu2Z2TvowkJCkLJmML5v7av2JCyRgyTFNpump","","","","","","","","","","","","","","","","","","","","","","","","","","","","","","","","","","","","","","","","","","","","","","","","2.815e-7","","","","","","2026-08-03T14:36:37.045Z",""
"MAYHEM","DmxSdwn3x5diNFxAs8Jpw1MU834w5EXPzVwkhCi7pump","73","0.628345677","","","","","","","","","","","","","","","","","","","","","","","","","","","","","","","","","","","","","","","","0.000001653","","","","","","","2026-08-03T14:36:48.780Z","","","","","",""
"SPCX","2E1vkyqgSTGckjoSQvEC1hezrGAVLmYFBxTKfvMHDAjL","56","5","","","","","","","","","","","","","","","","","","","","","","","","","","","","","","","","","","","","","","","","0.000002334","","","","","","","2026-08-03T14:36:48.815Z","","","","","",""
"fdsfsdafds","Gh3donkMiEVAMnx81brETA8P4bXJ1PPCynxU9T16pump","","","","","","","","","","","","","","","","","","","","","","","","","","","","","","","","","","","","","","","","","","","","","","","","4.407e-7","","","","","","2026-08-03T14:36:48.839Z",""
"CHEEMSE","585JmwrmheDnp3LZcVkbU5KTyfCeyJczQ7jqajC4bonk","57","1.975","","","","","","","","","","","","","","","","","","","","","","","","","","","","","","","","","","","","","","","","0.000004157","","","","","","","2026-08-03T14:37:12.737Z","","","","","",""
"ULTRBE","AhvSWAqJjKQjD94WchyHRC1SLXdrCkPWdbHH9K7Zpump","60","2.469135801","","","","","","","","","","","","","","","","","","","","","","","","","","","","","","","","","","","","","","","","0.000002081","","","","","","","2026-08-03T14:37:18.752Z","","","","","",""
"SOLANA","7ofVrLEbCaqWC2soGoBTJA3NmxBaqv1559ikU9B5pump","57","1.420221908","","","","","","","","","","","","","","","1.420221908","0","54","1","0","0","3007.89","3","355.09","355.09","0.667","0.667","33.46","","0","0","1","0","0","","","","","","","0.000003007","0.000003007","","","","","","2026-08-03T14:37:30.847Z","2026-08-03T14:38:36.778Z","","","","",""
"cuntcoin","2bdWosjQAsQ5BEKMQ6Z2pFwBiDnCtbBvrLf8tssMpump","56","4","","","","","","","","","","","","","","","4","0","5","0","0","0","18471.94","3","28285.43","28285.43","0.621","0.621","600","","1","1","1","0","1","","","","","","","0.00001366","0.00001847","","","","","","2026-08-03T14:37:30.858Z","2026-08-03T14:38:30.541Z","","","","",""
"costcoon ","E7fvF5f4M5Z3myLeJ8gkk4okpcUA4Wt7Qm7Squmipump","70","8","","","","","","","0","0","-4.6","","","-4.6","0","906","8","0","3","0","0","0","2158.89","3","2221.32","2221.32","0.571","0.571","-34.51","","0","0","1","0","0","","","","","","","0.000002158","0.000002158","","","","","","2026-08-03T14:37:30.873Z","2026-08-03T14:38:30.591Z","","","","",""
"MVRS","B48EP1D3BD6k1y3Hp4GTmJw8LrBswLxgtPRy4KrHpump","63","3.000468822","","","","","","","0","0","0","","","0","0","904","3.000468822","0","0","0","0","0","2503.55","3","256.97","256.97","0.8","0.8","0.63","","0","0","1","0","0","","","","","","","0.000002503","0.000002503","","","","","","2026-08-03T14:37:36.743Z","2026-08-03T14:38:42.586Z","","","","",""
"MUMDUMI","FdNQsC64R3S4fKCLFG5VhFkD6D4kU5bxFZLuLqXRQWBq","","","","","","","","","","","","","","","","","","","","","","","","","","","","","","","","","","","","","","","","","","","","","","","","0.000002334","","","","","","2026-08-03T14:37:36.782Z",""
"dsadasdsa","6ryvzZqMDfyTWYHAxy1MZ78prbWYD9aBZ9kZ6MBSpump","","","","","","","","","","","","","","","","","","","","","","","","","","","","","","","","","","","","","","","","","","","","","","","","6.855e-7","","","","","","2026-08-03T14:37:42.797Z",""
"BBQCOIN","4yFLnygxJ3naQWVVK4ytygQomaj3pB5ngKv1Um5Spump","68","0.250039066","","","","","","","0","0","0","","","0","0","906","0.250039066","0","0","1","0","0","1622.52","3","124.49","124.49","0.55","0.55","-22.41","","0","0","1","0","0","","","","","","","0.000001622","0.000001622","","","","","","2026-08-03T14:37:54.768Z","2026-08-03T14:39:00.621Z","","","","",""
"dsadasdsa","ESP4oUccgfmkhTSVTAggNwdZcPnaqFxn1vhar5njpump","","","","","","","","","","","","","","","","","","","","","","","","","","","","","","","","","","","","","","","","","","","","","","","","1.54e-7","","","","","","2026-08-03T14:38:12.820Z",""
"NTH","AqCJixmiESuT8QLVDot83mTaBHUCTAo1X2ARp5mDpump","57","1.97530864","","","","","","","","","","","","","","","","","","","","","","","","","","","","","","","","","","","","","","","","0.000002058","","","","","","","2026-08-03T14:38:18.758Z","","","","","",""
"SCRCAN","3Q2RYBQaP4SkLvFd7Pt2jEyN469kDcE91SxJWWb4pump","","","","","","","","","","","","","","","","","","","","","","","","","","","","","","","","","","","","","","","","","","","","","","","","3.3e-7","","","","","","2026-08-03T14:38:48.803Z",""
"dsadasdsa","74Bf1b1WbVfsCUYiWH9a7uT3bwSLFGtXLP78gbstpump","","","","","","","","","","","","","","","","","","","","","","","","","","","","","","","","","","","","","","","","","","","","","","","","7.664e-7","","","","","","2026-08-03T14:38:54.858Z",""
"Fapcoin","EsJuaPmwD9zHpuufRnHZ4HnSpKFFqs6LgWnZteL6pump","58","3","","","","","","","","","","","","","","","","","","","","","","","","","","","","","","","","","","","","","","","","0.000002754","","","","","","","2026-08-03T14:38:54.935Z","","","","","",""
"Fapcoin","HDsooq9iQ1SK9TavAAH7o8nMwUNzSLAcQtvmsXCwpump","63","3","","","","","","","","","","","","","","","","","","","","","","","","","","","","","","","","","","","","","","","","0.000002098","","","","","","","2026-08-03T14:39:00.824Z","","","","","",""
"Horse Up","Ai4xfeCTuvBpyXrB3uYDAYEvFCkSpHNAyA5vPwZ6pump","","","","","","","","","","","","","","","","","2.000312547","0","0","0","0","0","2340.07","3","147.14","147.14","1","1","0","","0","0","1","0","0","","","","","","","","0.00000234","","","","","","","2026-08-03T14:39:06.582Z","","","","",""
"PVECOIN","3d8NVXr8TcGGaxximpeWDJXjk73JVAQSuUDGUqhtxDA7","58","3.950617282","","","","","","","","","","","","","","","","","","","","","","","","","","","","","","","","","","","","","","","","0.00000219","","","","","","","2026-08-03T14:39:19.278Z","","","","","",""
"dsadasdsa","9YXNa9JAWRB6iA8heAYGDkQmPfUGVkEC6nAKnAcmpump","","","","","","","","","","","","","","","","","","","","","","","","","","","","","","","","","","","","","","","","","","","","","","","","4.186e-7","","","","","","2026-08-03T14:39:30.744Z",""
"c*nt","59nsDQcvL52MWgP4Qx3JmJwKm4EavGPXrohHmxG4pump","55","3.2","","","","","","","","","","","","","","","","","","","","","","","","","","","","","","","","","","","","","","","","0.000002189","","","","","","","2026-08-03T14:39:42.755Z","","","","","",""
"SUKI","Cts3DGR2gfeYt3jKXk1tjSLEGm7NnHp8kshTD7JV72WW","55","1.785392245","","","","","","","","","","","","","","","","","","","","","","","","","","","","","","","","","","","","","","","","0.000002059","","","","","","","2026-08-03T14:39:48.747Z","","","","","",""
"Caesar","7hMpGne3XpKkaYEiRRStUcThLosVkSyDucxSw56Fpump","85","14.814814813","","","","","","","10.2","36","-15.7","","","10.2","0","906","14.814814813","0","0","0","0","0","8847.48","3","28155.71","28155.71","0.619","0.619","92.49","","1","1","1","0","1","","","","","","","0.000008195","0.000008847","","","","","","2026-08-03T14:39:48.795Z","2026-08-03T14:41:00.774Z","","","","",""
"OGE","FBtwVEk962Z3JkWdTKXTHgrY95XLfcd6nBTWMGNXpump","57","5","","","","","","","","","","","","","","","","","","","","","","","","","","","","","","","","","","","","","","","","0.000002057","","","","","","","2026-08-03T14:39:54.728Z","","","","","",""
"SUKI","9HvNPgVtC92iUmvLXtNan6zoMvVXR8ahrR9nHbC4pump","70","4.938271603","","","","","","","","","","","","","","","","","","","","","","","","","","","","","","","","","","","","","","","","0.000005428","","","","","","","2026-08-03T14:39:54.773Z","","","","","",""
"BBQCOIN","2zWrFbXWtdKeUAsRxxwbcBwkDkdqxRaYM1BCebmhpump","","","","","","","","","","","","","","","","","","","","","","","","","","","","","","","","","","","","","","","","","","","","","","","","3.106e-8","","","","","","2026-08-03T14:40:00.759Z",""
"WHAYLOR","2co6DhU7K1EtEqYXE1KBN3BRN751vkGBF4fyaFoEJi3m","","","","","","","","","","","","","","","","","","","","","","","","","","","","","","","","","","","","","","","","","","","","","","","","0.000002058","","","","","","2026-08-03T14:40:12.787Z",""
"WHAYLOR","8VrKvwZ9Rzji3dPzSqvtcHkgKwjaPegFExqpGdWnvye8","","","","","","","","","","","","","","","","","","","","","","","","","","","","","","","","","","","","","","","","","","","","","","","","0.000002058","","","","","","2026-08-03T14:40:13.361Z",""
"WHAYLOR","GAFCiuv1xRgeSQ9ssbhoEuGbmDVCnnyPhU3KE4mmpio8","","","","","","","","","","","","","","","","","","","","","","","","","","","","","","","","","","","","","","","","","","","","","","","","0.000002336","","","","","","2026-08-03T14:40:18.782Z",""
"POLIVE","54Qche1EwTaSc851aXSEdCbi7z2k952uKKRitbr5pump","","","","","","","","","","","","","","","","","","","","","","","","","","","","","","","","","","","","","","","","","","","","","","","","0.000001027","","","","","","2026-08-03T14:40:19.221Z",""
"dsadasdsa","84A4s9V8vcSY5WR4gnHtWnJTAuMJqny312xVi9Pmpump","76","2.962962961","","","","","","","","","","","","","","","","","","","","","","","","","","","","","","","","","","","","","","","","0.00001628","","","","","","0.000001461","2026-08-03T14:40:24.763Z","","","","","2026-08-03T14:41:07.226Z",""
"MAYHEM","FXk5wqYr7tTSsCBqGF9pMvc8K4tcDNEgTNZzk2Ampump","","","","","","","","","","","","","","","","","","","","","","","","","","","","","","","","","","","","","","","","","","","","","","","","9.448e-7","","","","","","2026-08-03T14:40:24.807Z",""
"FCEO","AyLpfQc19r8xv378xR8GezXogxJBhhPvGxihfhcjpump","65","0.059259258","","","","","","","","","","","","","","","","","","","","","","","","","","","","","","","","","","","","","","","","0.000001295","","","","","","1.516e-7","2026-08-03T14:40:36.769Z","","","","","2026-08-03T14:41:24.767Z",""
"DOUSE","9QeVwLrj5UnY8H8o5ELyS8fm5uHH6HDWCNP4DoZApump","58","3","","","","","","","","","","","","","","","","","","","","","","","","","","","","","","","","","","","","","","","","0.00000216","","","","","","","2026-08-03T14:40:42.778Z","","","","","",""
"HUMERLUNE","23RxLFP4hdDhvFTVhDWNUBGbYPVqFL6or4ZzTWSCpump","","","","","","","","","","","","","","","","","","","","","","","","","","","","","","","","","","","","","","","","","","","","","","","","8.066e-7","","","","","","2026-08-03T14:40:48.805Z",""
"DOUSE","5NoGP2yTJgqucGWrp1pxikzE1YRjAAQrk9TMUrK1k3Y5","57","5","","","","","","","","","","","","","","","5","0","8","0","0","0","2058.06","3","4484.34","4484.34","0.575","0.575","-26.51","","0","0","1","0","0","","","","","","","0.000002058","0.000002058","","","","","","2026-08-03T14:40:54.813Z","2026-08-03T14:41:54.530Z","","","","",""
"CONSPIRACY","EyY5SkuZVUEqCkj8fSYjUAgJgXsKZLQbvPqPiHmmpump","56","1.856790122","","","","","","","","","","","","","","","","","","","","","","","","","","","","","","","","","","","","","","","","0.000002189","","","","","","","2026-08-03T14:41:12.791Z","","","","","",""
"SOLANA","GTkKkfbJrNV98G6vEo7VeMjHnJZGDSznkwtUvZfLpump","","","","","","","","","","","","","","","","","","","","","","","","","","","","","","","","","","","","","","","","","","","","","","","","7.338e-7","","","","","","2026-08-03T14:41:24.806Z",""
"MAYHEM ","2HiZTAJ6ezsRg34wQ83oMqKiUptLz7RwoXPUi5ZJpump","","","","","","","","","","","","","","","","","","","","","","","","","","","","","","","","","","","","","","","","","","","","","","","","3.971e-7","","","","","","2026-08-03T14:41:30.759Z",""
"MEHKK","GpYFntpXyYSF87FrZerPSSP9aFyJxwmq5Uys3aLtpump","","","","","","","","","","","","","","","","","","","","","","","","","","","","","","","","","","","","","","","","","","","","","","","","9.877e-7","","","","","","2026-08-03T14:41:37.314Z",""
"HUMERLUNE","5KYmk4GWtdyih1z2bY8pZzKnWus4ptpZMQrriy9ypump","","","","","","","","","","","","","","","","","","","","","","","","","","","","","","","","","","","","","","","","","","","","","","","","7.624e-7","","","","","","2026-08-03T14:41:42.764Z",""
"SOLANA","EcUvPsRRT5s6hUf4WWevbdTpisFiyiDbXEY3ShVcpump","","","","","","","","","","","","","","","","","","","","","","","","","","","","","","","","","","","","","","","","","","","","","","","","4.033e-7","","","","","","2026-08-03T14:42:06.784Z",""
"#Meme","okEdPwcioyPnV2qXrFv8R9LUBLz9wYgujMikj9zpump","63","3.950617282","","","","","","","","","","","","","","","","","","","","","","","","","","","","","","","","","","","","","","","","0.000007999","","","","","","","2026-08-03T14:42:06.800Z","","","","","",""
"MemeDoge","9zA2iH1Ro6RF62zHQjpH1FQyfdBsMzTkXu7MeDf1pump","56","3","","","","","","","","","","","","","","","","","","","","","","","","","","","","","","","","","","","","","","","","0.000002162","","","","","","","2026-08-03T14:42:31.120Z","","","","","",""
"dsadasdsa","D9AuFW33GKCYUx6jD4P8zAHMsae7CGYEZwjCJAPBpump","","","","","","","","","","","","","","","","","","","","","","","","","","","","","","","","","","","","","","","","","","","","","","","","0.00000107","","","","","","2026-08-03T14:42:48.761Z",""
"FIRED","8RZXTKBvYwEXKa9C9u1VoK3UKRC4365nX8jirqFZpump","65","0.060009374","","","","","","","","","","","","","","","","","","","","","","","","","","","","","","","","","","","","","","","","0.000001532","","","","","","0.000001168","2026-08-03T14:43:06.794Z","","","","","2026-08-03T14:43:48.886Z",""
"HUMERLUNE","HDY6dP2qQVz9qWACmhA3fntq2nrBJhSgb9tAq77ipump","","","","","","","","","","","","","","","","","","","","","","","","","","","","","","","","","","","","","","","","","","","","","","","","9.402e-7","","","","","","2026-08-03T14:43:12.765Z",""
"MEME","8cL3PKzxjXu4zpHsaUr4RtCoKPnycCovgk6fpMVPpump","63","4","","","","","","","","","","","","","","","","","","","","","","","","","","","","","","","","","","","","","","","","0.000002135","","","","","","","2026-08-03T14:43:19.067Z","","","","","",""
"dsadasdsa","CoNZdBhVLyF7gZFRLh344NnzBUSBsR7NkjogXR2bpump","63","0.98765432","","","","","","","","","","","","","","","","","","","","","","","","","","","","","","","","","","","","","","","","0.000002185","","","","","","","2026-08-03T14:43:36.798Z","","","","","",""
"#Meme","EwE8RL1LpEEt9bCyWy6i6gQB8BcvX4cX6iLAqj3Kpump","","","","","","","","","","","","","","","","","","","","","","","","","","","","","","","","","","","","","","","","","","","","","","","","","","","","","","",""
"FCEO","8559smNZR3zkx79DvK7ordAyqeRu6KyzSuts7E6Apump","","","","","","","","","","","","","","","","","","","","","","","","","","","","","","","","","","","","","","","","","","","","","","","","3.703e-7","","","","","","2026-08-03T14:44:12.748Z",""
"dsadasdsa","AGtMeDQux5bvZKUEK9dA11mpB64yhZRSPVqM6vAGpump","","","","","","","","","","","","","","","","","","","","","","","","","","","","","","","","","","","","","","","","","","","","","","","","7.426e-7","","","","","","2026-08-03T14:44:30.766Z",""
"SOLANA","Fwyd7e7bSP8uxbcV6Pj4iRZgCJVScppnwRxsM3X2pump","55","1.300203156","","","","","","","","","","","","","","","1.300203156","0","61","1","0","0","2269.4","3","273.23","273.23","0.571","0.571","1.35","","0","0","1","0","0","","","","","","","0.000002269","0.000002269","","","","","","2026-08-03T14:44:30.813Z","2026-08-03T14:45:30.507Z","","","","",""
"SOLANA","9KobPLDPZLUaXesmU8wwRyfVZp3311tkk2ZUJko2pump","56","1.470229721","","","","","","","","","","","","","","","","","","","","","","","","","","","","","","","","","","","","","","","","0.000001822","","","","","","","2026-08-03T14:45:00.783Z","","","","","",""
"dsadasdsa","7euLnn2PTvnVBNmvo6NeCShz32WpYriHwP3CzrJjpump","","","","","","","","","","","","","","","","","","","","","","","","","","","","","","","","","","","","","","","","","","","","","","","","5.352e-7","","","","","","2026-08-03T14:45:06.821Z",""
"DOG","7amsHmz6jWBEjQxGR8cq7ESrfYpvwJDJGUAdaUsqpump","67","4","","","","","","","","","","","","","","","","","","","","","","","","","","","","","","","","","","","","","","","","0.00000215","","","","","","","2026-08-03T14:45:24.754Z","","","","","",""
"dsadasdsa","DefJ8xzSwPd5riUjxvbqMZUYTe3LjuhHJP92Ss1bpump","","","","","","","","","","","","","","","","","","","","","","","","","","","","","","","","","","","","","","","","","","","","","","","","6.403e-7","","","","","","2026-08-03T14:45:42.740Z",""
"COINE","9rJuWm8KmG8tbH9VqFBRxDfTaPDv7pqH3e6tEYVspump","63","3","","","","","","","0","0","-6","","","-1.3","0","902","3","0","0","0","0","0","2188.5","3","1453.85","1453.85","0.565","0.565","-12.07","","0","0","1","0","0","","","","","","","0.000002188","0.000002188","","","","","","2026-08-03T14:45:54.792Z","2026-08-03T14:46:54.519Z","","","","",""
"dsadasdsa","EfvtjSL1zzhCCPhE4ifZpdD9GxJZjcse8odrGubFpump","","","","","","","","","","","","","","","","","","","","","","","","","","","","","","","","","","","","","","","","","","","","","","","","3.745e-7","","","","","","2026-08-03T14:46:06.754Z",""
"MAKI","B22fh4pKT3RFAXU1vYohNs7JCWgFPdjUhFoUphNbpump","63","3","","","","","","","","","","","","","","","","","","","","","","","","","","","","","","","","","","","","","","","","0.000002188","","","","","","","2026-08-03T14:46:06.787Z","","","","","",""
"FIRED","3CoY88uETRAkesrk8ZKr3ZeUDvPmiS6EwXQh2eKxpump","62","0.100015626","","","","","","","","","","","","","","","","","","","","","","","","","","","","","","","","","","","","","","","","0.000001266","","","","","","1.37e-7","2026-08-03T14:46:30.770Z","","","","","2026-08-03T14:47:06.816Z",""
"dsadasdsa","C3c1FoFMQLc8wtQfhSDo57v7jcbVMpbcN6W3pRsJpump","60","0.98765432","","","","","","","","","","","","","","","","","","","","","","","","","","","","","","","","","","","","","","","","0.00001385","","","","","","","2026-08-03T14:46:48.739Z","","","","","",""
"EGGE","RFs2HUQLFaiWHFmiVtpC15f8wxgQNJxVEV8KRkXpump","66","4.938271603","","","","","","","","","","","","","","","","","","","","","","","","","","","","","","","","","","","","","","","","0.000002055","","","","","","","2026-08-03T14:47:06.779Z","","","","","",""
"BASS","9XXA9TWn9QrgfeCf95CydFKKJL9GVZq3WrKAL14Dpump","62","0.12839506","","","","","","","","","","","","","","","","","","","","","","","","","","","","","","","","","","","","","","","","0.000001362","","","","","","3.541e-7","2026-08-03T14:47:06.820Z","","","","","2026-08-03T14:47:42.780Z",""
"GOAT","W2v2GfXGShnHafwc3cet4x2kqyubnu3ydJgCmdUN2nk","72","5.5","","","","","","","","","","","","","","","","","","","","","","","","","","","","","","","","","","","","","","","","0.000002055","","","","","","","2026-08-03T14:47:12.765Z","","","","","",""
"wlad l97a","2DWjet2qNpzREwN7JAiPEkbBxazUvurNrWFPqQf2pump","57","0.250039066","","","","","","","","","","","","","","","0.250039066","0","5","1","0","0","1769.74","3","84.7","84.7","0.563","0.563","-15.36","","0","0","1","0","0","","","","","","","0.000001769","0.000001769","","","","","","2026-08-03T14:47:18.775Z","2026-08-03T14:48:18.589Z","","","","",""
"MAKI","CFHme1mS8V1ACe7F2DPwPrJ7h9jfuHPtRaFMAEex2t39","70","4.938271603","","","","","","","","","","","","","","","","","","","","","","","","","","","","","","","","","","","","","","","","0.000002056","","","","","","","2026-08-03T14:47:24.761Z","","","","","",""
"FCEO","8j53dowo4rifohYgRDCFisPc9k6SRbjH7QjVQ5DHpump","58","0.059259258","","","","","","","","","","","","","","","","","","","","","","","","","","","","","","","","","","","","","","","","0.000002412","","","","","","","2026-08-03T14:47:24.812Z","","","","","",""
"BLAMON","72nzjFjCBrgESPRDpkzoHuE9uWCaaz9QpYPuw2vzpump","","","","","","","","","","","","","","","","","","","","","","","","","","","","","","","","","","","","","","","","","","","","","","","","7.121e-8","","","","","","2026-08-03T14:47:36.767Z",""
"FEDJA","FMjeu2BLKuUktsV34utBMYEMrmy1mspkjhs1agompump","60","2.469135801","","","","","","","","","","","","","","","","","","","","","","","","","","","","","","","","","","","","","","","","0.000002519","","","","","","","2026-08-03T14:48:00.752Z","","","","","",""
"Asscoin","HESD5WqKM9j5yonFsosLQSTtX6KgTbgh7soGpsDCpump","58","4.099999999","","","","","","","","","","","","","","","","","","","","","","","","","","","","","","","","","","","","","","","","0.000002054","","","","","","","2026-08-03T14:48:00.804Z","","","","","",""
"CUP","9jkx4L29vw3JmqouG1SCyYhJVwyALgt5eNa8ufi9pump","61","5.9","","","","","","","","","","","","","","","","","","","","","","","","","","","","","","","","","","","","","","","","0.000002064","","","","","","","2026-08-03T14:48:00.808Z","","","","","",""
"LaoLiu","C8vXGFNP76CraeLved7WxLi6SL5jXg6wE9RctWM5pump","71","5","","","","","","","","","","","","","","","","","","","","","","","","","","","","","","","","","","","","","","","","0.000002077","","","","","","","2026-08-03T14:48:00.811Z","","","","","",""
"DUNKIN","4p7FdWJnrvHrn9bCJxKvSrDczyCUHWSQGMhZqD7eyVqz","58","3.5","","","","","","","","","","","","","","","","","","","","","","","","","","","","","","","","","","","","","","","","0.000002186","","","","","","","2026-08-03T14:48:06.773Z","","","","","",""
"HOMERUN","Gv61d6nyxnWhCPPkeJFZCR2YXG3rgUsKPVvGvRvQpump","76","7.160493826","","","","","","","","","","","","","","","","","","","","","","","","","","","","","","","","","","","","","","","","0.000002756","","","","","","","2026-08-03T14:48:06.793Z","","","","","",""
"GOAT","5nUfepj1KWsjihzCKvdrDy8XcC1PCVFFvVyvN6JApump","63","3.950617282","","","","","","","","","","","","","","","","","","","","","","","","","","","","","","","","","","","","","","","","0.000002186","","","","","","","2026-08-03T14:48:06.815Z","","","","","",""
"GOAT","EWBMzgmtsPWpuXgosAjN9TuvFX7hYQoHrpk3CPz3pump","56","3","","","","","","","","","","","","","","","","","","","","","","","","","","","","","","","","","","","","","","","","0.000002055","","","","","","","2026-08-03T14:48:06.838Z","","","","","",""
"GOAT","8kspwAos5gLAMXQp53oofHwkr9BPBqwBbA9QrbQbpump","64","4.938271603","","","","","","","","","","","","","","","","","","","","","","","","","","","","","","","","","","","","","","","","0.000002056","","","","","","","2026-08-03T14:48:12.762Z","","","","","",""
"GOAT","5UhDv6ibMqZi2quR8T48B4BJuS8fMtkHRUAJ78VAhU9x","57","5","","","","","","","","","","","","","","","","","","","","","","","","","","","","","","","","","","","","","","","","0.000002055","","","","","","","2026-08-03T14:48:12.811Z","","","","","",""
"Dolphin","EufzrUFQUU7ZY8JmQ2VSmZrTjr4rRrqmSwJR36sepump","57","5","","","","","","","","","","","","","","","","","","","","","","","","","","","","","","","","","","","","","","","","0.00000207","","","","","","","2026-08-03T14:48:13.074Z","","","","","",""
"GOAT","DmiUj8vpJmBoaNRg7g7PivTF5rVeD1jLF49jPHYGwbA7","66","11.85185185","","","","","","","","","","","","","","","","","","","","","","","","","","","","","","","","","","","","","","","","0.000003373","","","","","","0.000002201","2026-08-03T14:48:13.188Z","","","","","2026-08-03T14:49:06.754Z",""
"Smudge","mvihS5EJxzg3zn2wxmjujdhRhtzisC45pm33CCZpump","60","2.500390684","","","","","","","","","","","","","","","","","","","","","","","","","","","","","","","","","","","","","","","","0.000003318","","","","","","","2026-08-03T14:48:18.760Z","","","","","",""
"GOAT","FwXufMoortRX9yH5HWU7Xd1bik2idLV4ZanK6n6pKH3K","56","5","","","","","","","","","","","","","","","","","","","","","","","","","","","","","","","","","","","","","","","","0.000002055","","","","","","","2026-08-03T14:48:30.754Z","","","","","",""
"GHOST","3amVxPBvdfobd2zmTMv4tg8MyQWq6VHx5aPA4kYxpump","58","2.172839505","","","","","","","","","","","","","","","","","","","","","","","","","","","","","","","","","","","","","","","","0.000002162","","","","","","","2026-08-03T14:48:42.760Z","","","","","",""
"RICH","5FRByk5amxVuG8eDSJUZk7ERCaprgKGUJJbC8xdjpump","70","8","","","","","","","","","","","","","","","","","","","","","","","","","","","","","","","","","","","","","","","","0.000002071","","","","","","","2026-08-03T14:48:54.761Z","","","","","",""
"MMGA","9JNnoSzZm2irBH24VgC8wvp4zaTvQbz9AcyjYC4dpump","","","","","","","","","","","","","","","","","","","","","","","","","","","","","","","","","","","","","","","","","","","","","","","","0.00000117","","","","","","2026-08-03T14:49:00.991Z",""
"RICH","Cn5qPxB8EGwpxSyhDd9ZtjcJ8bbDetmL2ZByYEMmpump","61","5","","","","","","","","","","","","","","","","","","","","","","","","","","","","","","","","","","","","","","","","0.000002096","","","","","","","2026-08-03T14:49:06.730Z","","","","","",""
"CHAT","2hNWjY66zEuDbyGPsHpKDP5ErguVbtn8MAVxEegJpump","60","5","","","","","","","0","0","-2.6","","","-2.6","0","908","5","0","5","0","0","0","2109.75","3","2337.87","2337.87","0.55","0.55","-24.61","","0","0","1","0","0","","","","","","","0.000002109","0.000002109","","","","","","2026-08-03T14:49:18.764Z","2026-08-03T14:50:18.584Z","","","","",""
"RICH","Ct31cQ7VMDnBmHXzjmptRbdW6uoxpdACr2RbZLXgpump","","","","","","","","","","","","","","","","","","","","","","","","","","","","","","","","","","","","","","","","","","","","","","","","0.000002055","","","","","","2026-08-03T14:49:18.813Z",""
"💛🐈","EMJSPNhWgn6nf39R2oLndVjcsXLFxCUmaDgBGSL226zt","57","3.950617282","","","","","","","","","","","","","","","","","","","","","","","","","","","","","","","","","","","","","","","","0.000002144","","","","","","","2026-08-03T14:49:30.749Z","","","","","",""
"Pug","EiUneoN1Y3x5HirumwhWu69cVug1HNjN5g7xTWdLpump","59","5","","","","","","","","","","","","","","","","","","","","","","","","","","","","","","","","","","","","","","","","0.000002149","","","","","","","2026-08-03T14:49:30.764Z","","","","","",""
"GOAT","95X7FBmx9huxGuFWafbkuoceRCnEZbLRrKcNH8dLpump","","","","","","","","","0","0","0","","","0","0","920","3","0","0","0","0","0","2094.23","3","470.14","470.14","0.667","0.667","-15.8","","0","0","1","0","0","","","","","","","","0.000002094","","","","","","","2026-08-03T14:49:36.557Z","","","","",""
"MAYHEM","8Gv6PuVyZUCBVUgf2ZpNg52X2EDmEnX7kj5wKJcEpump","68","0.250039066","","","","","","","0.2","200","0","","","0","0.2","910","0.250039066","0","0","1","0","0","2502.95","3","109.91","109.91","0.667","0.667","19.76","","0","0","1","0","0","","","","","","","0.000002502","0.000002502","","","","","","2026-08-03T14:49:36.853Z","2026-08-03T14:50:36.526Z","","","","",""
"RICH","FiCm5or8LbuRGMTi64sV6fnHWc9xr26SJGNQfe1cpump","64","5","","","","","","","","","","","","","","","","","","","","","","","","","","","","","","","","","","","","","","","","0.000002055","","","","","","","2026-08-03T14:49:37.242Z","","","","","",""
"STRONGBAD","FsoakgZcXnStDcbKhMXNMbmEt5xAitkG6FBQp9Sqpump","64","5","","","","","","","","","","","","","","","","","","","","","","","","","","","","","","","","","","","","","","","","0.000002159","","","","","","","2026-08-03T14:49:42.757Z","","","","","",""
"CUP","AX5VWBrPGhPzQxThvSABc7NPNjxSuS2XnAKgzXBvpump","58","3","","","","","","","","","","","","","","","","","","","","","","","","","","","","","","","","","","","","","","","","0.000002151","","","","","","","2026-08-03T14:49:54.742Z","","","","","",""
"FCEO","5oxBf2ZenPTxNDuN2nNaNtwuQ6r1AATwwE8EmHcfpump","","","","","","","","","","","","","","","","","","","","","","","","","","","","","","","","","","","","","","","","","","","","","","","","4.951e-8","","","","","","2026-08-03T14:49:54.777Z",""
"HOMERUN","4M3waateyimu3afYxNNoaxb6myFELUUEay62zDWSpump","63","3.083456788","","","","","","","","","","","","","","","","","","","","","","","","","","","","","","","","","","","","","","","","0.000003113","","","","","","","2026-08-03T14:50:00.716Z","","","","","",""
"PYGME","AsRqD6bgon8BdmzrH2oHAdipXhjGkqnz2qQvK5xKpump","60","3.950617282","","","","","","","","","","","","","","","","","","","","","","","","","","","","","","","","","","","","","","","","0.000002156","","","","","","","2026-08-03T14:50:06.763Z","","","","","",""
"RAINEORSHINE","3jGWwPpd8f52Wt5LTNAWzbV1a5iHW2wWKhthfXmWpump","75","4.938271603","","","","","","","","","","","","","","","","","","","","","","","","","","","","","","","","","","","","","","","","0.000002054","","","","","","","2026-08-03T14:50:18.776Z","","","","","",""
"RE/TARD","BFog3wugB9JumqacosR26T7fVTuBiKUzANM6UEBnpump","62","4.938271603","","","","","","","","","","","","","","","","","","","","","","","","","","","","","","","","","","","","","","","","0.000002054","","","","","","","2026-08-03T14:50:24.742Z","","","","","",""
"IZA","CdJatu8K93cwKbHvFBh4Xo8erDJ28qiHZ7FfdU3Apump","58","5","","","","","","","","","","","","","","","","","","","","","","","","","","","","","","","","","","","","","","","","0.000002184","","","","","","","2026-08-03T14:50:30.793Z","","","","","",""
"GOAT","GeWg3wwzKz6P1RveTKfrBeX1sfi3X1dSnnG71edpump","69","6.872852233","","","","","","","","","","","","","","","","","","","","","","","","","","","","","","","","","","","","","","","","0.000003023","","","","","","","2026-08-03T14:50:30.818Z","","","","","",""
"re/tard","4NPiG3hkY8exkdTqX7X9RKoYmGsBZPDRBjCHpn5Spump","67","4","","","","","","","","","","","","","","","","","","","","","","","","","","","","","","","","","","","","","","","","0.000002483","","","","","","","2026-08-03T14:50:30.828Z","","","","","",""
"Goat","9vVtNh7ZFjcj8NdqJyJLkuhQgrjL2oVrhAojogRtpump","57","0.06491014","","","","","","","","","","","","","","","","","","","","","","","","","","","","","","","","","","","","","","","","0.000001378","","","","","","6.437e-7","2026-08-03T14:50:42.749Z","","","","","2026-08-03T14:51:18.773Z",""
"re/tard","AUp8KjCpXPpb2PNjmQ3mo3ZDMi4PFqshYxWwqCWjpump","63","3","","","","","","","","","","","","","","","","","","","","","","","","","","","","","","","","","","","","","","","","0.000002147","","","","","","","2026-08-03T14:50:42.794Z","","","","","",""
"SOLANA","JDiPeC5kBTBaKyYVrx9hH73xBK4XnMwMGmVfK6qGpump","57","1.585247693","","","","","","","","","","","","","","","","","","","","","","","","","","","","","","","","","","","","","","","","0.000003269","","","","","","","2026-08-03T14:50:54.743Z","","","","","",""
"re/tard","82xLXt3j5nk4GuJsUGxTR2nf6U9cR4gyxcehn9htpump","58","2.2","","","","","","","","","","","","","","","","","","","","","","","","","","","","","","","","","","","","","","","","0.000002056","","","","","","","2026-08-03T14:51:00.764Z","","","","","",""
"re/tard","HUNfainStqJM6gZprqyY6whsjnMqnuvkCET9AuLdueGk","56","3.950617282","","","","","","","","","","","","","","","","","","","","","","","","","","","","","","","","","","","","","","","","0.00000379","","","","","","","2026-08-03T14:51:12.748Z","","","","","",""
"SOLANA","632TzaDxbFBaw6tKjTA2eMhbAbdXvwV7kcz9jSSmpump","","","","","","","","","","","","","","","","","","","","","","","","","","","","","","","","","","","","","","","","","","","","","","","","3.269e-7","","","","","","2026-08-03T14:51:24.751Z",""
"re/tard","ETDwqTYDDozERP7aMqN9Ah2J1jX1Ly6MkY8w6daBpump","60","2.416918429","","","","","","","","","","","","","","","","","","","","","","","","","","","","","","","","","","","","","","","","0.000002202","","","","","","","2026-08-03T14:51:36.759Z","","","","","",""
"LaoLiu","9MixbMJ1MUvgaTtN8VQKVNwPoDszckji3Dz89jHWpump","71","5","","","","","","","","","","","","","","","","","","","","","","","","","","","","","","","","","","","","","","","","0.000002377","","","","","","","2026-08-03T14:51:42.784Z","","","","","",""
"NewKol","ExVXfRP3rEQ7jB5zRTiGHeDvUHEGzyt29usbBBm6pump","57","1.97530864","","","","","","","","","","","","","","","","","","","","","","","","","","","","","","","","","","","","","","","","0.000002058","","","","","","","2026-08-03T14:51:42.876Z","","","","","",""
"ClippyDoge","5nRzYb9uYzPUhxd9KhnMmA5aXEXi9WQZRvqtYHbJpump","57","1.97530864","","","","","","","","","","","","","","","","","","","","","","","","","","","","","","","","","","","","","","","","0.000002056","","","","","","","2026-08-03T14:52:00.755Z","","","","","",""
"MAKI","Bk8EqZLRe4J4n6Z9BNRgwjhUyeZDrT8Et8j2AmBApump","57","2","","","","","","","","","","","","","","","","","","","","","","","","","","","","","","","","","","","","","","","","0.00000216","","","","","","","2026-08-03T14:52:06.751Z","","","","","",""
"Action","7gKhyj3sD1KvGgPMhYmvABowoQU6qYYc6k19tx1Lpump","55","0.065010156","","","","","","","","","","","","","","","","","","","","","","","","","","","","","","","","","","","","","","","","0.000008514","","","","","","","2026-08-03T14:52:12.731Z","","","","","",""
"CUP","ZyEhpAjYkM5SWPsB6v5YHrj6b17CUFkTynrEpW7pump","56","3","","","","","","","","","","","","","","","","","","","","","","","","","","","","","","","","","","","","","","","","0.000002164","","","","","","","2026-08-03T14:52:24.734Z","","","","","",""
"Marumoto","BmPifY1zVgiNJW82gjgds332EWAU3MS1Cfe3fGZjpump","79","2.000312547","","","","","","","","","","","","","","","","","","","","","","","","","","","","","","","","","","","","","","","","0.00001345","","","","","","","2026-08-03T14:52:30.906Z","","","","","",""
"BLAMON","8pYhGFBMPCVNSFabw73yhDPWK9R64Ejea1Wsv9c6pump","58","0.060009374","","","","","","","","","","","","","","","","","","","","","","","","","","","","","","","","","","","","","","","","0.000002618","","","","","","4.011e-7","2026-08-03T14:52:42.727Z","","","","","2026-08-03T14:53:18.757Z",""
"CATE","5mvbajtKHZwrrXDSFmvjsz9qAafvrMT5eiinp3nMpump","56","5","","","","","","","","","","","","","","","","","","","","","","","","","","","","","","","","","","","","","","","","0.00000206","","","","","","","2026-08-03T14:52:48.749Z","","","","","",""
"💛🐈","Fn9SyqDkxTuQaMEGipo73WCszqb7jjmyJeyNXAiCpump","56","5","","","","","","","","","","","","","","","","","","","","","","","","","","","","","","","","","","","","","","","","0.00000206","","","","","","","2026-08-03T14:52:54.806Z","","","","","",""
"FCEO","GfAQrmG6eT7H2SEitFjNyQ9t3ZXaWy7qBSZxQwqvpump","55","0.059259258","","","","","","","","","","","","","","","0.059259258","0","4","1","0","0","8872.29","3","148.31","148.31","0.578","0.578","329","","0","0","1","0","0","","","","","","","0.000008872","0.000008872","","","","","","2026-08-03T14:53:12.737Z","2026-08-03T14:54:12.557Z","","","","",""
"BLOOOOD","GAUG3V4yvdNfzEXGXT9fwxkQ1t8TqT1jBNUoNDEPpump","","","","","","","","","","","","","","","","","","","","","","","","","","","","","","","","","","","","","","","","","","","","","","","","1.813e-7","","","","","","2026-08-03T14:53:18.743Z",""
"BABYCATE","64kHQuC25KQdCsTfgC5XPPsa1wQvkqJHudkpCNkGpump","66","4.938271603","","","","","","","","","","","","","","","","","","","","","","","","","","","","","","","","","","","","","","","","0.000002845","","","","","","","2026-08-03T14:53:37.120Z","","","","","",""
"MOON","Ewn5nRrGUkP6EvXU991gNtbg81VdZc5mpLxJsVrNpump","61","5","","","","","","","","","","","","","","","","","","","","","","","","","","","","","","","","","","","","","","","","0.00001376","","","","","","","2026-08-03T14:53:42.801Z","","","","","",""
"vs","8hf8JcZTb4CrEJBPsLQQxWvegMvBpnwtdN4h1GfTpump","68","0.250039066","","","","","","","0","0","0","","","0","0","914","0.250039066","0","0","1","0","0","3102.08","3","96.45","96.45","0.571","0.571","48.11","","0","0","1","0","0","","","","","","","0.000003102","0.000003102","","","","","","2026-08-03T14:53:42.817Z","2026-08-03T14:54:42.516Z","","","","",""
"MOONE","GPNEWLDGpd4uGWqC7obdk6dEfzmBSKgqwDMTkWjQpump","61","5","","","","","","","","","","","","","","","","","","","","","","","","","","","","","","","","","","","","","","","","0.000002159","","","","","","","2026-08-03T14:54:00.750Z","","","","","",""
"MOON","2DSmqcBdUz7F2RS6zmPQcDrrMseuyvwV1PPBQDxYiZG4","55","5","","","","","","","","","","","","","","","","","","","","","","","","","","","","","","","","","","","","","","","","0.000002152","","","","","","","2026-08-03T14:54:12.768Z","","","","","",""
"SNOOPDOGE","Ghm4vL4cApRiVsrxF8KjaNRNmPmit21NRhE7W6Zmpump","71","5","","","","","","","","","","","","","","","","","","","","","","","","","","","","","","","","","","","","","","","","0.000002188","","","","","","","2026-08-03T14:54:30.791Z","","","","","",""
"Snoop ","DnWuQdK6o6sBx56bH4jrt4AUJXK4V64soXXhVd1Jpump","63","2.962962961","","","","","","","214.3","296","-84.2","","","-2","220.8","906","2.962962961","0","0","0","0","0","4196.36","3","7999.33","7999.33","0.569","0.569","68.98","","0","0","1","0","1","","","","","","","0.000003585","0.000004196","","","","","","2026-08-03T14:54:30.835Z","2026-08-03T14:55:30.537Z","","","","",""
"bzzz","GKtyczcHssfp4sP3Z4J6sfWk3BqEge2h2uV7hEchpump","80","10","","","","","","","0","0","-77.8","","","-27.4","4.5","210","10","0","0","0","0","0","9301.13","3","4348.54","4348.54","0.975","0.975","154","","0","0","1","0","1","","","","","","","0.000008883","0.000009301","","","","","","2026-08-03T14:54:49.132Z","2026-08-03T14:56:06.770Z","","","","",""
"friends","C73KQvqM7iBQ5VQeXDKFntgkmbz6n669oR3UW42Dpump","","","","","","","","","","","","","","","","","","","","","","","","","","","","","","","","","","","","","","","","","","","","","","","","","","","","","","",""
"IHero","GkuC7E4HkLfVdtS8SSuC7ZWtEnKYHCunZ1umYwGqpump","","","","","","","","","","","","","","","","","","","","","","","","","","","","","","","","","","","","","","","","","","","","","","","","3.482e-7","","","","","","2026-08-03T14:55:01.036Z",""
"MABA","GvvmZrwVrHLXwEBBau7JzCivTGkoteWBLFVDGPEVpump","58","5","","","","","","","","","","","","","","","","","","","","","","","","","","","","","","","","","","","","","","","","0.000002304","","","","","","","2026-08-03T14:55:18.985Z","","","","","",""
"Marumoto","DL7GuPtFz5zVMdhFJexNiBJeX1gURXeyF1TAJd7Epump","","","","","","","","","","","","","","","","","","","","","","","","","","","","","","","","","","","","","","","","","","","","","","","","4.929e-7","","","","","","2026-08-03T14:55:19.015Z",""
"Affirm","AGiEqYDc2pokg7bMfsQ9JVX9XrCS6MVdfaMW3vP4pump","59","5","","","","","","","","","","","","","","","5","0","6","0","0","0","2866.37","3","6575.45","6575.45","0.589","0.589","2.3","","0","0","1","0","0","","","","","","","0.000002228","0.000002866","","","","","","2026-08-03T14:55:48.744Z","2026-08-03T14:56:48.547Z","","","","",""
"Goonangutan","8iWnqtgPgJXVLJnVNXwX6rxczjddHSuDWLpakruSpump","58","2.093718843","","","","","","","","","","","","","","","","","","","","","","","","","","","","","","","","","","","","","","","","0.000002077","","","","","","","2026-08-03T14:56:00.727Z","","","","","",""
"DOGUE","F5NmmYWVUnonYcdiYSzzcVpuCNr46Gwb5WAMx3qapump","67","3.950617282","","","","","","","","","","","","","","","","","","","","","","","","","","","","","","","","","","","","","","","","0.000002228","","","","","","","2026-08-03T14:56:18.736Z","","","","","",""
"Cat","3JfwFJ3yV5htiud2EWeyLh3byA4HSiJ5oxrkA8Wepump","55","5","","","","","","","","","","","","","","","","","","","","","","","","","","","","","","","","","","","","","","","","0.000002061","","","","","","","2026-08-03T14:56:18.760Z","","","","","",""
"FRANKLIN","53JYjLgBVPSU6wR9a9jg7Sna77hETQZcevnTLFrND1jf","","","","","","","","","","","","","","","","","","","","","","","","","","","","","","","","","","","","","","","","","","","","","","","","0.000002189","","","","","","2026-08-03T14:56:24.727Z",""
"Mewlt","tQ3A86qDSVzQYPaXDQxTxW21snnQNGTUMG8BLHKpump","","","","","","","","","","","","","","","","","","","","","","","","","","","","","","","","","","","","","","","","","","","","","","","","1.674e-7","","","","","","2026-08-03T14:56:42.822Z",""
"Philly","2ieAZPNosF2MdnFtyijxbLHMsGaavWn31TGvfNQypump","67","5","","","","","","","","","","","","","","","","","","","","","","","","","","","","","","","","","","","","","","","","0.000002412","","","","","","","2026-08-03T14:56:42.869Z","","","","","",""
"PHACAN","D4TUteZsVDhC2DVTMiMP2CYN2gbsGsGDL9da2aETpump","","","","","","","","","","","","","","","","","","","","","","","","","","","","","","","","","","","","","","","","","","","","","","","","2.409e-7","","","","","","2026-08-03T14:56:48.762Z",""
"IMMORTAL","CMyxQJiFQPekNqgCgVEDGWK67mhYguXbaCS3jdg5iqu9","63","3","","","","","","","","","","","","","","","","","","","","","","","","","","","","","","","","","","","","","","","","0.000002061","","","","","","","2026-08-03T14:57:12.774Z","","","","","",""
"TTOF","HvHQUQudVPwR6DzpFV786eZnFdCeTz44iXW9MmPQfxmD","","","","","","","","","","","","","","","","","","","","","","","","","","","","","","","","","","","","","","","","","","","","","","","","0.000002061","","","","","","2026-08-03T14:57:24.741Z",""
"Subshibers","TDuT8xfDzXkn6kp67ssAo5xfcxUvnHeq3Adt7Lgpump","57","5","","","","","","","","","","","","","","","","","","","","","","","","","","","","","","","","","","","","","","","","0.000002164","","","","","","","2026-08-03T14:57:36.753Z","","","","","",""
"TIKTOKIFY","5tfTLQsxhTHbW5RUF1iwk3FWoRwy1AQesA427KQH5zEY","","","","","","","","","","","","","","","","","","","","","","","","","","","","","","","","","","","","","","","","","","","","","","","","0.000002192","","","","","","2026-08-03T14:57:36.807Z",""
"Subshibers","4W28jW8h2hX78A73N1kLSN2e4FrVgzfQZocBhmfGpump","64","5","","","","","","","0","0","-3.8","","","0","0","908","5","0","2","0","0","0","2166.76","3","6516.58","6516.58","0.629","0.629","-22.78","","0","0","1","0","0","","","","","","","0.000002166","0.000002166","","","","","","2026-08-03T14:57:48.773Z","2026-08-03T14:58:48.611Z","","","","",""
"Subshibers","CDTjVgGQ9SEScHVgsp8DpwNkG6za11bUKzHnr8EmGyPd","55","5","","","","","","","","","","","","","","","","","","","","","","","","","","","","","","","","","","","","","","","","0.000002192","","","","","","","2026-08-03T14:57:48.806Z","","","","","",""
"Subshibers","CwWsjX8m5diMwPzPEC4cjYQAQ2wfYeXm2pBG3DDLpump","61","3.5","","","","","","","","","","","","","","","","","","","","","","","","","","","","","","","","","","","","","","","","0.000002079","","","","","","","2026-08-03T14:57:54.742Z","","","","","",""
"Subshibers","6h8NGXw3kZDU7ddANh3CC36go6x1TkpNFPRREJECpump","60","2.5","","","","","","","","","","","","","","","","","","","","","","","","","","","","","","","","","","","","","","","","0.000002194","","","","","","","2026-08-03T14:57:54.807Z","","","","","",""
"FYC","8Eqxhq1M7hA4wXHbchhjVWSfVyvHb1Mh711k2Vq4qn5t","","","","","","","","","","","","","","","","","","","","","","","","","","","","","","","","","","","","","","","","","","","","","","","","0.000002193","","","","","","2026-08-03T14:58:00.784Z",""
"SHIBES","CN4os7JLBzhQa8m2zWnwT3uyadDBhWQnFeS9tquUpump","62","5","","","","","","","","","","","","","","","","","","","","","","","","","","","","","","","","","","","","","","","","0.00000206","","","","","","","2026-08-03T14:58:18.735Z","","","","","",""
"GRMLN","w21CN3JkN9kxuLQD1YezxYuLos1E4TaxMXXbtdtpump","","","","","","","","","","","","","","","","","","","","","","","","","","","","","","","","","","","","","","","","","","","","","","","","0.000001249","","","","","","2026-08-03T14:58:30.973Z",""
"BUZZ","7jKYGhfbdwuDbQ5MvFkVC8odmVQ4VQo95fijSGDdpump","57","2","","","","","","","","","","","","","","","","","","","","","","","","","","","","","","","","","","","","","","","","0.00000259","","","","","","","2026-08-03T14:58:31.000Z","","","","","",""
"SHIBES","Bb2nZ3CZCVePvzKdLSv9VYGtyLsjjN3gt12KR3j8pump","61","5","","","","","","","","","","","","","","","","","","","","","","","","","","","","","","","","","","","","","","","","0.00000219","","","","","","","2026-08-03T14:58:36.820Z","","","","","",""
"SOL","3XePhFTxsXT5637Uw9dM4GxKUbFf7Hsdc9Q33a4Dpump","57","1.800281293","","","","","","","","","","","","","","","1.800281293","0","80","1","0","0","1822.01","3","507.03","507.03","0.6","0.6","-21.3","","0","0","1","0","0","","","","","","","0.000001822","0.000001822","","","","","","2026-08-03T14:58:36.828Z","2026-08-03T14:59:42.529Z","","","","",""
"LIR","ADgug6pNssFZBNSzWabQSvDM3Ud1Pyi3rAGtadGSpump","76","0.98765432","","","","","","","0","0","0","","","0","0","902","0.98765432","0","0","1","0","0","2809.43","3","712.69","712.69","0.769","0.769","27.81","","0","0","1","0","0","","","","","","","0.000002809","0.000002809","","","","","","2026-08-03T14:58:42.750Z","2026-08-03T14:59:54.595Z","","","","",""
"sol","9WaAqgNXQVd39jGN6zABh4ZiFHS6iBkc3i24Jtz6pump","","","","","","","","","","","","","","","","","","","","","","","","","","","","","","","","","","","","","","","","","","","","","","","","4.407e-7","","","","","","2026-08-03T14:58:42.798Z",""
"SHIBES","DCqq6EN8HyntTemqrHxVcEQVFXWP7CCxv1ytsgk5pump","60","5","","","","","","","","","","","","","","","","","","","","","","","","","","","","","","","","","","","","","","","","0.000002163","","","","","","","2026-08-03T14:58:48.776Z","","","","","",""
"SUBSHIBERS","CMVbjJxSDwHaoP2HLv8YhXiW6cYj6sncLPTGyWNppump","70","4.938271603","","","","","","","","","","","","","","","","","","","","","","","","","","","","","","","","","","","","","","","","0.00000206","","","","","","","2026-08-03T14:58:54.785Z","","","","","",""
"NIGGER","CMCqA6jDa3icrV3ptaiQczSJRED2eLKuXf48rTwypump","","","","","","","","","","","","","","","","","","","","","","","","","","","","","","","","","","","","","","","","","","","","","","","","0.00000114","","","","","","2026-08-03T14:59:01.014Z",""
"SOL","CPo73FBoGEGYvoe6Y8Xo596xs6uuF6N3oc4iqTV3pump","56","1.590248475","","","","","","","","","","","","","","","","","","","","","","","","","","","","","","","","","","","","","","","","0.000001576","","","","","","0.000001032","2026-08-03T14:59:06.790Z","","","","","2026-08-03T14:59:54.938Z",""
"WATER","9xYVX8zp6SUgKiYqB8LSWih5W2cqaubk9MG2bg4Zpump","87","17.830609212","","","","","","","","","","","","","","","","","","","","","","","","","","","","","","","","","","","","","","","","0.000005469","","","","","","","2026-08-03T14:59:12.995Z","","","","","",""
"Chonk","XhAoYyMEXPERAeiJAY1qapv8m1ELp8uqYHPkN14pump","63","2.962370369","","","","","","","","","","","","","","","","","","","","","","","","","","","","","","","","","","","","","","","","0.000003241","","","","","","","2026-08-03T14:59:18.733Z","","","","","",""
"FLAREV","23xAPXsyPaejjqaUYCpVAmaU1GrAgEE1J9GaCD1Vpump","57","1.975","","","","","","","","","","","","","","","1.975","0","0","0","0","0","2191.47","3","470.49","470.49","0.6","0.6","-6.37","","0","0","1","0","0","","","","","","","0.000002191","0.000002191","","","","","","2026-08-03T14:59:24.732Z","2026-08-03T15:00:30.565Z","","","","",""
"Zap","CnNvn6t9hygH99ZePoagRDzQCxKRPEUydySJYpZXpump","56","4.099999999","","","","","","","","","","","","","","","","","","","","","","","","","","","","","","","","","","","","","","","","0.000002157","","","","","","","2026-08-03T14:59:36.743Z","","","","","",""
"EMPTY BAG","2crfcwSqi9TvBo39PMBzYHfEmRHgupXgU7rQiv9Ppump","66","0.098765431","","","","","","","","","","","","","","","","","","","","","","","","","","","","","","","","","","","","","","","","0.000002388","","","","","","","2026-08-03T14:59:48.784Z","","","","","",""
"KOL","2jN2bUBHeHXgjPYCzDU2QNGcsX1f5zKsZHDMbzsApump","59","5","","","","","","","","","","","","","","","","","","","","","","","","","","","","","","","","","","","","","","","","0.000002198","","","","","","","2026-08-03T14:59:48.833Z","","","","","",""
"Aimaxo","5wCDCo6TssrsjLe7d47q9ZKN9krErMkhnhBB8E4kpump","","","","","","","","","0","0","-14.6","","","0","0","906","2.469135801","0","0","0","0","0","2413.07","3","181.92","181.92","1","1","0","","0","0","1","0","0","","","","","","","","0.000002413","","","","","","","2026-08-03T15:00:00.517Z","","","","",""
"COIN","s4eL3DfxkHY5zn7TVdk5kUxw3czJCFkSZWk4pM1pump","55","4","","","","","","","","","","","","","","","","","","","","","","","","","","","","","","","","","","","","","","","","0.000002503","","","","","","","2026-08-03T15:00:00.720Z","","","","","",""
"MILO","51a4GGZMHAMWrJ812wA7nGhaiqoxqe2Dk3H9ux6gpump","57","5","","","","","","","","","","","","","","","","","","","","","","","","","","","","","","","","","","","","","","","","0.000002191","","","","","","","2026-08-03T15:00:06.830Z","","","","","",""
"DogeArmy","95iZrTH8JsTM64j2bRo5pgtZNXFfNVUnZE8GVxSYpump","71","5","","","","","","","","","","","","","","","","","","","","","","","","","","","","","","","","","","","","","","","","0.000002191","","","","","","","2026-08-03T15:00:12.816Z","","","","","",""
"COIN","GM9QDfT7Yejc2b8rM87pNnrSvv1fzaqxaTVyTyLDpump","66","4.938271603","","","","","","","","","","","","","","","","","","","","","","","","","","","","","","","","","","","","","","","","0.000002088","","","","","","","2026-08-03T15:00:18.843Z","","","","","",""
"haye","B2FneXpZvwzjFmb78xfioE6t8MDyaSdVXCDa6nc3pump","","","","","","","","","","","","","","","","","","","","","","","","","","","","","","","","","","","","","","","","","","","","","","","","2.711e-7","","","","","","2026-08-03T15:00:24.751Z",""
"idiot","8PjHMdxvE79WoaDkRBboS6jf4B8CiVGZWp9JdU5Apump","75","7","","","","","","","","","","","","","","","","","","","","","","","","","","","","","","","","","","","","","","","","0.000002063","","","","","","","2026-08-03T15:00:30.753Z","","","","","",""
"LOCK","BN48u2HuHiGdpqH8zEVcik63rM9bUZveGiVhKCZHpump","73","0.98765432","","","","","","","","","","","","","","","","","","","","","","","","","","","","","","","","","","","","","","","","0.000002296","","","","","","","2026-08-03T15:00:36.761Z","","","","","",""
"poorcat","6rk8Bih2mj3cYHfo1WCcbdGT8PFoDcvhFxUj6xXkpump","60","3.950617282","","","","","","","","","","","","","","","","","","","","","","","","","","","","","","","","","","","","","","","","0.000002063","","","","","","","2026-08-03T15:01:18.750Z","","","","","",""
"catbull","Esw2LzbMg2iBCgyyKtG3xWkMYVJT83Lk8ucHy7RKpump","58","3.5","","","","","","","","","","","","","","","","","","","","","","","","","","","","","","","","","","","","","","","","0.000002376","","","","","","","2026-08-03T15:01:24.783Z","","","","","",""
"RC","8KMu8Nr9N7W5K9zJWefQz43MM6JrHV2ft8b6YTaHpump","56","3","","","","","","","","","","","","","","","","","","","","","","","","","","","","","","","","","","","","","","","","0.000004364","","","","","","","2026-08-03T15:01:30.726Z","","","","","",""
"re/tard","99YaLUTT3rPJY2psffJ1LxWNAvRTM3aPYzvtJySjpump","58","5","","","","","","","","","","","","","","","","","","","","","","","","","","","","","","","","","","","","","","","","0.000002061","","","","","","","2026-08-03T15:01:30.766Z","","","","","",""
"RC","APcgLst1GfNKowSmdC4CUkhes7Z5FWjf3zBjraXXpump","63","4","","","","","","","","","","","","","","","","","","","","","","","","","","","","","","","","","","","","","","","","0.00000207","","","","","","","2026-08-03T15:01:30.799Z","","","","","",""
"Ochibi-san","CZdTyMTsjgckzoTi1VUarjeWiURmFs84tTC6JPx4pump","60","2.4691358","","","","","","","","","","","","","","","","","","","","","","","","","","","","","","","","","","","","","","","","0.000002656","","","","","","","2026-08-03T15:01:36.739Z","","","","","",""
"RC","Cz9X5Trpf3P6vMjekdU6uDDE55Y7RLFLjRNmUhqkpump","57","5","","","","","","","","","","","","","","","","","","","","","","","","","","","","","","","","","","","","","","","","0.000002063","","","","","","","2026-08-03T15:01:36.797Z","","","","","",""
"RC","EsCBBmWeL6N4MrKqzn3PQqjjiTGWnUdyc9rq8BHupump","61","4","","","","","","","","","","","","","","","","","","","","","","","","","","","","","","","","","","","","","","","","0.000002231","","","","","","","2026-08-03T15:01:42.977Z","","","","","",""
"Inject","9QQvnDBgDGRBHgc4ipnvrVLgmHGrVWodtE1hramMpump","71","0.98765432","","","","","","","0","0","0","","","0","0","910","0.98765432","0","2","1","0","0","2092.03","3","217.97","217.97","0.583","0.583","-4.98","","0","0","1","0","0","","","","","","","0.000002092","0.000002092","","","","","","2026-08-03T15:01:48.758Z","2026-08-03T15:03:06.566Z","","","","",""
"SHIBES","2pZykePF6k1aWwv7mXvftN6M98gnzb15JD2KU5m3pump","57","1.97530864","","","","","","","","","","","","","","","","","","","","","","","","","","","","","","","","","","","","","","","","0.000002061","","","","","","","2026-08-03T15:01:54.756Z","","","","","",""
"WTF","FhHHrWowTKds2W64KsrKm5DjFGXECsP35EDM5UePpump","","","","","","","","","","","","","","","","","","","","","","","","","","","","","","","","","","","","","","","","","","","","","","","","5.187e-7","","","","","","2026-08-03T15:02:00.725Z",""
"CLOGE","2dfFS3w4XUoG8m2w2iAuLKJbVMQSeiQ12a2xNJ3Dpump","63","2.962962961","","","","","","","","","","","","","","","","","","","","","","","","","","","","","","","","","","","","","","","","0.000002192","","","","","","","2026-08-03T15:02:06.807Z","","","","","",""
"DOGE⁠","2jr6QyTWqDF17XKcuENcWyLHaHg2ZdH6aKB1C3dHpump","62","5","","","","","","","","","","","","","","","","","","","","","","","","","","","","","","","","","","","","","","","","0.000002061","","","","","","","2026-08-03T15:02:06.828Z","","","","","",""
"GRMLN","J8SttrHcg44jGqSCUxSjok8fC1xvX7Vtiukcb95Npump","","","","","","","","","","","","","","","","","","","","","","","","","","","","","","","","","","","","","","","","","","","","","","","","0.00000108","","","","","","2026-08-03T15:02:12.784Z",""
"idiot","B7AHoaLU5VU7CFDuLsnvRB6qyLkxfqAuByF99PKjpump","55","4.099999999","","","","","","","","","","","","","","","","","","","","","","","","","","","","","","","","","","","","","","","","0.000002236","","","","","","","2026-08-03T15:02:18.781Z","","","","","",""
"spider ","33yhKTmpDXGYjrNEmTbxRHVmnqTwhV5UVN17MgwDpump","62","0.100015626","","","","","","","0","0","-8.1","","","0","0","902","0.100015626","0","1","1","0","0","6271.91","3","29.19","29.19","0.889","0.889","202","","0","0","1","0","0","","","","","","","0.000006271","0.000006271","","","","","","2026-08-03T15:02:24.758Z","2026-08-03T15:03:24.544Z","","","","",""
"RC","EPFFbQBig6xh1cwK6uzSjxQefsr1wUw8oiYRbQ59pump","56","5","","","","","","","","","","","","","","","","","","","","","","","","","","","","","","","","","","","","","","","","0.000002966","","","","","","","2026-08-03T15:02:24.825Z","","","","","",""
"Thrills","Bu24cp1LTWs5DK4CMNkVfkGLXCsoyWE5nyEuYztopump","69","0.98765432","","","","","","","0","0","0","","","0","0","910","0.98765432","0","3","1","0","0","4358.73","3","342.75","342.75","0.656","0.656","98.13","","0","0","1","0","0","","","","","","","0.000004358","0.000004358","","","","","","2026-08-03T15:02:30.740Z","2026-08-03T15:03:36.558Z","","","","",""
"RC","BgoK27iKGin5yEgqrG1XgUoGxtPXdME97apbAUrqpump","55","5","","","","","","","","","","","","","","","","","","","","","","","","","","","","","","","","","","","","","","","","0.000002164","","","","","","","2026-08-03T15:02:42.778Z","","","","","",""
"WTF","AVywo8ZZikdk3RKBbCgejxJWSGi69zDnnvpHBWacpump","69","0.98765432","","","","","","","","","","","","","","","","","","","","","","","","","","","","","","","","","","","","","","","","0.000001706","","","","","","4.394e-7","2026-08-03T15:02:42.790Z","","","","","2026-08-03T15:04:06.823Z",""
"SHIBES","3BKPGoKi5T8f5yjPPHdRiFdKa4Ae8yA2cV1ZMEhApump","61","5","","","","","","","0","0","-4.5","","","-4.2","0","906","5","0","4","0","0","0","2154.79","3","8743.74","8743.74","0.647","0.647","-23.19","","0","0","1","0","0","","","","","","","0.000002154","0.000002154","","","","","","2026-08-03T15:03:00.740Z","2026-08-03T15:04:00.617Z","","","","",""
"ART NAME","3VYDVBHTYmbzggmK44uGSFHbvhGg6tyGQU5mBe3Apump","","","","","","","","","","","","","","","","","","","","","","","","","","","","","","","","","","","","","","","","","","","","","","","","2.101e-7","","","","","","2026-08-03T15:03:00.771Z",""
"LOL","E9P1qHEBVci4T62oyiZWwWBqaXAcrPSq9d8nLRvBpump","","","","","","","","","","","","","","","","","","","","","","","","","","","","","","","","","","","","","","","","","","","","","","","","1.851e-7","","","","","","2026-08-03T15:03:30.745Z",""
"catebull","Df3Zxv9rJ2YKfPAq46i39sL1GGPrH5Ap3vjH37eMpump","60","5","","","","","","","","","","","","","","","","","","","","","","","","","","","","","","","","","","","","","","","","0.000009057","","","","","","","2026-08-03T15:03:36.759Z","","","","","",""
"MEIN NEGER","Hv9YuqykRrwJZp3cSQaVsWyqDEo1aKWa3pKnmp6Hpump","","","","","","","","","","","","","","","","","","","","","","","","","","","","","","","","","","","","","","","","","","","","","","","","3.683e-7","","","","","","2026-08-03T15:03:55.000Z",""
"Balls ","6fCw5dNE4hwNJ1yq1NtoGuCphMQwo4VYNbEWwbevhGhF","70","4.938271603","","","","","","","","","","","","","","","","","","","","","","","","","","","","","","","","","","","","","","","","0.000002166","","","","","","","2026-08-03T15:04:06.756Z","","","","","",""
"catebull","EXDFrvysGPTh4tR2yfMj6E3T6wKDdmi8cwTMCXq6pump","70","4.938271603","","","","","","","","","","","","","","","","","","","","","","","","","","","","","","","","","","","","","","","","0.000002713","","","","","","","2026-08-03T15:04:06.827Z","","","","","",""
"DOGGERS","8H7NJeGQgdK9HTZHoyQuuDJNFS3k6XYAKMv8Raffpump","58","2.962962961","","","","","","","","","","","","","","","","","","","","","","","","","","","","","","","","","","","","","","","","0.000002129","","","","","","","2026-08-03T15:04:18.770Z","","","","","",""
"CYBORG","3HYxLa4kF3gPenmP2o3yYawGQwEykeZWnHBTz6gipump","","","","","","","","","","","","","","","","","","","","","","","","","","","","","","","","","","","","","","","","","","","","","","","","4.085e-7","","","","","","2026-08-03T15:04:18.808Z",""
"catebull","29scwUe17oaFZW5oZpQ4Cvwak8HBpfXe7toXkdDgpump","71","5","","","","","","","","","","","","","","","","","","","","","","","","","","","","","","","","","","","","","","","","0.000002063","","","","","","","2026-08-03T15:04:30.742Z","","","","","",""
"RC","Bce15Ao5pjtZkzQDnRyEyU6vjdAAWv53vwMQ9Enbpump","57","2","","","","","","","","","","","","","","","","","","","","","","","","","","","","","","","","","","","","","","","","0.000002157","","","","","","","2026-08-03T15:04:30.782Z","","","","","",""
"catebull","3oNiHrXKhHijLmqbhV7rLwUpoUb455XwpbyJdJGUpump","67","5","","","","","","","","","","","","","","","","","","","","","","","","","","","","","","","","","","","","","","","","0.00000206","","","","","","","2026-08-03T15:04:36.866Z","","","","","",""
"VALIDATOR","9WXnaN9a3crwduYHjpAMfVe2nSW5SuTAeuTBYXHrpump","56","1.876543208","","","","","","","","","","","","","","","","","","","","","","","","","","","","","","","","","","","","","","","","0.000002059","","","","","","","2026-08-03T15:04:36.888Z","","","","","",""
"BALLS","85vKnqSj1BwWtwozXgLd1rfTekRoCjuGWhQv1nPEpump","64","5.925925924","","","","","","","","","","","","","","","","","","","","","","","","","","","","","","","","","","","","","","","","0.000002061","","","","","","","2026-08-03T15:04:49.028Z","","","","","",""
"CUP","63SoNPwYk6Tr1R3AKB7LSSshtD5SYu7enP6FhM4fpump","85","3","","","","","","","","","","","","","","","","","","","","","","","","","","","","","","","","","","","","","","","","0.000002069","","","","","","","2026-08-03T15:04:54.753Z","","","","","",""
"STAR","B171hLasAt8jvStt9maATtbDx2jaZoToj4vf1r41pump","92","35.140740739","auto","","47.98","","","","147","824","-91.6","","","48.8","66","864","35.140740739","0","0","0","0","0","10616.87","3","2815.97","2815.97","0.8","0.8","9.34","","0","0","1","0","0","","","","","","","0.000009713","0.00001061","0.00001579","","","","","2026-08-03T15:05:36.744Z","2026-08-03T15:06:42.587Z","2026-08-03T15:07:30.567Z","","","",""
"chillcat","2bPQR8GMVMnpDjZZe5oYEY76jwHxRWGSA3trBKSQpump","58","3","","","","","","","","","","","","","","","","","","","","","","","","","","","","","","","","","","","","","","","","0.000002162","","","","","","","2026-08-03T15:06:00.732Z","","","","","",""
"Kebab","F7qmtyQn5VkTiAQHmDXWHLmvPhAnyMQjJgBzyZD8pump","","","","","","","","","","","","","","","","","","","","","","","","","","","","","","","","","","","","","","","","","","","","","","","","3.004e-7","","","","","","2026-08-03T15:06:00.775Z",""
"Cerbero","AQTVwMQGqpmeVZPAUQrgAXtxA9X1bVq392bRUZYTpump","","","","","","","","","","","","","","","","","","","","","","","","","","","","","","","","","","","","","","","","","","","","","","","","6.409e-7","","","","","","2026-08-03T15:06:06.707Z",""
"PUMPY","E3XWkdb4Ri8P5BGqzzUqo5JAuDZwZEksuT6yG5kzpump","73","6.000937646","","","","","","","0","0","-30.6","","","0","0","902","6.000937646","0","0","0","0","0","2966.18","3","451.22","451.22","0.6","0.6","0","","0","0","1","0","0","","","","","","","0.000002966","0.000002966","","","","","","2026-08-03T15:06:18.758Z","2026-08-03T15:07:24.574Z","","","","",""
"Xoge","AVF9Fvrsi5oWmZmprGHxwq9g9LmsKh8MZeKGCxyjpump","","","","","","","","","","","","","","","","","","","","","","","","","","","","","","","","","","","","","","","","","","","","","","","","0.00000219","","","","","","2026-08-03T15:06:24.798Z",""
"Xoge","98Vk6diFN4TJECsqFHWMkTGHn1h4AEbuDyESUBXRpump","73","4.938271603","","","","","","","","","","","","","","","","","","","","","","","","","","","","","","","","","","","","","","","","0.000002232","","","","","","","2026-08-03T15:06:36.880Z","","","","","",""
"idiot","33bEcc3d69FfXwtmdtWStzDKTpu1Pfx5z2Gxcq22pump","72","7","","","","","","","","","","","","","","","","","","","","","","","","","","","","","","","","","","","","","","","","0.000002462","","","","","","","2026-08-03T15:06:42.732Z","","","","","",""
"XDoge","85QbdkkTLXSS48noCaRVprNhwiZHLvshWAWYQWuypump","63","3","","","","","","","","","","","","","","","","","","","","","","","","","","","","","","","","","","","","","","","","0.000002059","","","","","","","2026-08-03T15:06:54.793Z","","","","","",""
"RWAF","2WWmivR8dJ7bzNSDM6BdNNuZpTo6NVgtVHwLxCtcpump","","","","17.944","","","","","0","0","-17.8","","","-17.8","0","906","3.083247688","0","0","0","0","0","2504.87","3","227.14","227.14","1","1","0","","0","0","1","0","0","-17.811501597444092","","","","","","","0.000002504","","","0.000002058","","","","2026-08-03T15:07:00.587Z","","","2026-08-03T15:07:18.531Z","",""
"NET ","6hK38YtinUvhThVdnUtW1fAoLBxeavpWojqW79S5pump","70","4.938271603","","","","","","","","","","","","","","","","","","","","","","","","","","","","","","","","","","","","","","","","0.000002058","","","","","","","2026-08-03T15:07:06.983Z","","","","","",""
"💛🐈","F1tfHoYtpLU1wD4SpMgCd2VsFTfXLTRNZNWJs9Ybpump","67","4","","","","","","","","","","","","","","","","","","","","","","","","","","","","","","","","","","","","","","","","0.000002208","","","","","","","2026-08-03T15:07:18.740Z","","","","","",""
"Toby","AjyS4bPeG5QRmq9JbCQ6t2572ChjYFq17PVYqDgdpump","60","5","","","","","","","","","","","","","","","","","","","","","","","","","","","","","","","","","","","","","","","","0.000008528","","","","","","","2026-08-03T15:07:18.760Z","","","","","",""
"SOL","CCUBqwShPs25ibeJioiwqzW4FVjpqF9SXr4vQk59pump","","","","","","","","","","","","","","","","","","","","","","","","","","","","","","","","","","","","","","","","","","","","","","","","1.921e-7","","","","","","2026-08-03T15:07:18.784Z",""
"hip","8n7NqK2bAAdrmvUNJ522i1vTdRSAPQL5tmxuYvpZpump","97","0.400062509","","","","","","","0","0","0","","","0","0","902","0.400062509","1","3","1","0","0","2127.36","2","37.15","37.15","0.833","0.833","0.64","","0","0","1","0","0","","","","","","","0.000002113","0.000002127","","","","","","2026-08-03T15:07:30.785Z","2026-08-03T15:08:24.796Z","","","","",""
"MEIN NEGER","AppTj4uga6ZWYFjx7osjGFu4H8jeoFzcfCeNXEGwpump","76","0.098765431","","","","","","","","","","","","","","","","","","","","","","","","","","","","","","","","","","","","","","","","0.000004359","","","","","","","2026-08-03T15:07:42.744Z","","","","","",""
"$SIGMA","7qoNZxN77WcsHhxbWSZh56z6QAg4kuu1M92GsT5Gpump","","","","","","","","","","","","","","","","","","","","","","","","","","","","","","","","","","","","","","","","","","","","","","","","2.575e-9","","","","","","2026-08-03T15:08:06.796Z",""
"Toolman","4XXrujAzmKW8SoSFh6yHfVP23PXtyzVPvpugUiq4pump","67","4","","","","","","","","","","","","","","","","","","","","","","","","","","","","","","","","","","","","","","","","0.000002057","","","","","","","2026-08-03T15:08:12.750Z","","","","","",""
"lmeow","Cu1zWZbsHS83FU4DDm5mLa833SahEXMdZmUMNxHfpump","60","5","","","","","","","","","","","","","","","","","","","","","","","","","","","","","","","","","","","","","","","","0.000002535","","","","","","","2026-08-03T15:08:12.809Z","","","","","",""
"M&S","9RyisQSFotth4o5Xh2doxnS21PVgzA2SXMeL9Etxpump","56","3","","","","","","","","","","","","","","","","","","","","","","","","","","","","","","","","","","","","","","","","0.000002057","","","","","","","2026-08-03T15:08:18.820Z","","","","","",""
"Xcat","D5mwDnPVMGTwvCLMYAVpAhHxWeCMmMm7HCzZpxmapump","60","2.4691358","","","","","","","0","0","-4.9","","","-4.7","0","902","2.4691358","0","0","0","0","0","2165.63","3","2815.87","2815.87","0.554","0.554","-10.14","","0","0","1","0","0","","","","","","","0.000002165","0.000002165","","","","","","2026-08-03T15:08:18.838Z","2026-08-03T15:09:24.522Z","","","","",""
"MILLO","c6D9Zb2Mr3VCGHF3F1PAfhd4YnPuV48QQ71NL99pump","71","4.938271603","","","","","","","","","","","","","","","","","","","","","","","","","","","","","","","","","","","","","","","","0.000002058","","","","","","","2026-08-03T15:08:24.743Z","","","","","",""
"cow","9S6MFqXqVmnhFopvP9Ynfeh9mb3iTKUP3b9x62s2pump","74","8","","","","","","","","","","","","","","","","","","","","","","","","","","","","","","","","","","","","","","","","0.000002057","","","","","","","2026-08-03T15:09:01.667Z","","","","","",""
"MILLO","DQeLMpWyBAi5WZr5NEfpHpzhgrGatm36BwBmXjQwpump","","","","","","","","","","","","","","","","","3","0","1","0","0","0","2058.62","3","441.6","441.6","0.667","0.667","-17.33","","0","0","1","0","0","","","","","","","","0.000002058","","","","","","","2026-08-03T15:09:06.559Z","","","","",""
"Twimg","87cp1KSQyY2ZK43uoUQFgMie4VUZTB4J2L4K2GgXpump","60","3.950617282","","","","","","","","","","","","","","","","","","","","","","","","","","","","","","","","","","","","","","","","0.000002173","","","","","","","2026-08-03T15:09:12.792Z","","","","","",""
"KEN","9TPSKDCnmAKfKCNmnt2RF3nWWGu1iR8aJEM5MPmspump","67","3.950617282","","","","","","","","","","","","","","","","","","","","","","","","","","","","","","","","","","","","","","","","0.000002057","","","","","","","2026-08-03T15:09:18.785Z","","","","","",""
"crime?","kxboPfBy52WPMSSu1DrKARHueozjabeH9VrufNG6T9A","","","","","","","","","","","","","","","","","","","","","","","","","","","","","","","","","","","","","","","","","","","","","","","","0.000002334","","","","","","2026-08-03T15:09:18.832Z",""
"lmeow","2HwTVy1iA5N9sf7c3smWBNjAY1MzSTQUmJtT493Bpump","63","3","","","","","","","","","","","","","","","","","","","","","","","","","","","","","","","","","","","","","","","","0.000002058","","","","","","","2026-08-03T15:09:19.303Z","","","","","",""
"WATERMAX","HJYrNk45bESA9i2V5HBTWNCkX9yz1Fi2JLHSaStgpump","93","44.444444443","","","","","","","37.8","40","-88","","","37.8","0","160","44.444444443","0","0","0","0","0","14871.87","3","3728.19","3728.19","1","1","17.3","","0","0","1","0","0","","","","","","","0.00001271","0.00001487","","","","","","2026-08-03T15:09:24.733Z","2026-08-03T15:10:36.934Z","","","","",""
"lmeow","EYEPRzQYiFmgBD5GBzGzuJFvjpkxzV9iiBnDnqpTpump","58","5","","","","","","","","","","","","","","","","","","","","","","","","","","","","","","","","","","","","","","","","0.000002188","","","","","","","2026-08-03T15:09:30.768Z","","","","","",""
"lmeow","F58YDXbGvB31gdswz5fGygERh3yDDr9x6BmgT55Upump","57","2","","","","","","","","","","","","","","","","","","","","","","","","","","","","","","","","","","","","","","","","0.000002189","","","","","","","2026-08-03T15:09:31.037Z","","","","","",""
"DOGE","9zDsbJMtvT6EMYxRAZt1MQfrk8YpmH9ARwdZVnZ5pump","58","3","","","","","","","","","","","","","","","","","","","","","","","","","","","","","","","","","","","","","","","","0.00000224","","","","","","","2026-08-03T15:09:36.807Z","","","","","",""
"LMEOW","8c9oH6WYUowA2cNauXx3bBxtvtmczaSpyo3PdDwfpump","73","6","","","","","","","","","","","","","","","","","","","","","","","","","","","","","","","","","","","","","","","","0.000002057","","","","","","","2026-08-03T15:09:36.820Z","","","","","",""
"DAGE","BNEoi2Cp6DwZPiCs5rT4CYQjShFAf25EfjugBzG9V2q7","57","4.938271603","","","","","","","","","","","","","","","","","","","","","","","","","","","","","","","","","","","","","","","","0.000002058","","","","","","","2026-08-03T15:09:54.739Z","","","","","",""
"CRIGRE","AtywXw4fovrNBB5FqCaVqJkEf6j2uSRGXL8mVKfepump","59","0.250039066","","","","","","","","","","","","","","","0.250039066","0","4","1","0","0","2132.71","3","23.9","23.9","0.75","0.75","1.91","","0","0","1","0","0","","","","","","","0.000002132","0.000002132","","","","","","2026-08-03T15:09:54.797Z","2026-08-03T15:10:12.539Z","","","","",""
"Dojo","9qtaFJLfZUFwum4KQgyGyKfhADFxS6RU6dxScKbPpump","57","2","","","","","","","","","","","","","","","","","","","","","","","","","","","","","","","","","","","","","","","","0.000002812","","","","","","","2026-08-03T15:10:06.733Z","","","","","",""
"DOGE","C1RHt2xtTRPbaHrk1R7XxHsZRX5utkRPRaX9AMP9pump","55","5","","","","","","","","","","","","","","","","","","","","","","","","","","","","","","","","","","","","","","","","0.000002153","","","","","","","2026-08-03T15:10:18.905Z","","","","","",""
"lmeow","BvxYgBqCX62jSfUa79YWdQ1VtXGPh7JsetReas7Zpump","67","3.950617282","","","","","","","","","","","","","","","","","","","","","","","","","","","","","","","","","","","","","","","","0.000002291","","","","","","","2026-08-03T15:10:25.116Z","","","","","",""
"DOJO","8d2RQxXR55hJjDK4g9AxQskEhfqmm5yvPeV38RAwpump","57","5","","","","","","","","","","","","","","","","","","","","","","","","","","","","","","","","","","","","","","","","0.000002189","","","","","","","2026-08-03T15:10:25.139Z","","","","","",""
"CRICAN","CmC4GkzCELQvVtMA3DJJ9QyEnk3J2cTUQgMsC4cdpump","55","0.059259258","","","","","","","","","","","","","","","","","","","","","","","","","","","","","","","","","","","","","","","","0.000008244","","","","","","","2026-08-03T15:10:36.967Z","","","","","",""
"GOAT","7YSTjerUNV7cBKUdX4PKnG6cZaUn5mDokjQnAHBNpump","55","0.060009374","","","","","","","","","","","","","","","","","","","","","","","","","","","","","","","","","","","","","","","","0.00000206","","","","","","","2026-08-03T15:10:42.900Z","","","","","",""
"Dogenarii","DgPVjfW1F8yz1pXWTbp4SeWcB3pkXK2LfwVcKxf3pump","59","4","","","","","","","","","","","","","","","","","","","","","","","","","","","","","","","","","","","","","","","","0.000002058","","","","","","","2026-08-03T15:10:42.917Z","","","","","",""
"WEB","DVK49PE1FzkHENmKCAcUdNJb9arLyun3HYFteS4Hpump","","","","","","","","","","","","","","","","","","","","","","","","","","","","","","","","","","","","","","","","","","","","","","","","9.078e-8","","","","","","2026-08-03T15:10:43.084Z",""
"FORESKIN","Gpx9jXoN9rNSXMpEBJsgKubNNWsouBgUTeLiLVZDpump","60","5","","","","","","","","","","","","","","","","","","","","","","","","","","","","","","","","","","","","","","","","0.000002188","","","","","","","2026-08-03T15:10:48.758Z","","","","","",""
"Egod","Ce8TDcfxFotMRDrNHPYYRbDB3NJxSp5CSZECJytGpump","58","2.962962961","","","","","","","","","","","","","","","","","","","","","","","","","","","","","","","","","","","","","","","","0.00000308","","","","","","","2026-08-03T15:10:48.809Z","","","","","",""
"LMEOW","AZ8aaXy4QUq1KNZirkkaFf7sF8Z8BTbJx2ptmTQrpump","69","4.938271603","","","","","","","","","","","","","","","","","","","","","","","","","","","","","","","","","","","","","","","","0.000002188","","","","","","","2026-08-03T15:10:48.817Z","","","","","",""
"lmeow","K9qXj1cBSPBWjXeX623ALnqkQ7xfsso1xmS7Aqopump","60","3.950617282","","","","","","","","","","","","","","","","","","","","","","","","","","","","","","","","","","","","","","","","0.000006365","","","","","","","2026-08-03T15:10:54.737Z","","","","","",""
"ELON","3HpEBxjdrQbVE4kSvW7ATkt3gEiJPVTXApvYbjbipump","63","3","","","","","","","","","","","","","","","","","","","","","","","","","","","","","","","","","","","","","","","","0.000002161","","","","","","","2026-08-03T15:10:54.789Z","","","","","",""
"STRONGBAD","ARN3awSQyNF8zsjhKgQJkuyWGJKi5iLABtFmy24Wpump","67","3.950617282","","","","","","","","","","","","","","","","","","","","","","","","","","","","","","","","","","","","","","","","0.000002062","","","","","","","2026-08-03T15:11:00.830Z","","","","","",""
"EGOD","FEAyGc2xYgkxfSNyuwcCuZCJkkfDxfwB2MNM1fNMg8AW","66","4.938271603","","","","","","","","","","","","","","","","","","","","","","","","","","","","","","","","","","","","","","","","0.000002151","","","","","","","2026-08-03T15:11:06.759Z","","","","","",""
"bugshots","Q1XSAtoxfNfeTUDcmgRQFeiPUa7tLyyVoCQNQadpump","71","5","","","","","","","","","","","","","","","","","","","","","","","","","","","","","","","","","","","","","","","","0.000002151","","","","","","","2026-08-03T15:11:12.841Z","","","","","",""
"RELIQUIA","H7eg4MeZDwqudVs1AwYASoSwVu19cuEjDCMp5knZpump","63","3.083247688","","","","","","","","","","","","","","","","","","","","","","","","","","","","","","","","","","","","","","","","0.000002578","","","","","","","2026-08-03T15:11:18.777Z","","","","","",""
"crimecate","ATGMFKT7Gn27KR6yJcYzVKYNaCLr37KbkXbfv36Zpump","59","5","","","","","","","","","","","","","","","","","","","","","","","","","","","","","","","","","","","","","","","","0.000002138","","","","","","","2026-08-03T15:11:24.854Z","","","","","",""
"Bulldog","7whtd3nXXCNvQcncrGBmg2yxB9GCZ9aZEHEmS7ZLpump","81","3","","","","","","","","","","","","","","","","","","","","","","","","","","","","","","","","","","","","","","","","0.000002058","","","","","","","2026-08-03T15:11:24.937Z","","","","","",""
"boge","96tDxTaMACP1hKJhMsa4EWHfs1U1EqTtUXvG67Bqpump","56","3","","","","","","","","","","","","","","","","","","","","","","","","","","","","","","","","","","","","","","","","0.000002188","","","","","","","2026-08-03T15:11:25.217Z","","","","","",""
"DOGUE","49XcdmUaLjbR9sQu9o4tmt2PR1PKEz1QDKmFfsWwpump","58","5","","","","","","","","","","","","","","","","","","","","","","","","","","","","","","","","","","","","","","","","0.000002151","","","","","","","2026-08-03T15:11:31.142Z","","","","","",""
"crime","ABwXh6J8wWKxJwz71m2B8tSKQXELPaFQMYCU8LDpF6zv","56","4.938271603","","","","","","","","","","","","","","","","","","","","","","","","","","","","","","","","","","","","","","","","0.000002189","","","","","","","2026-08-03T15:11:36.708Z","","","","","",""
"Giko","4w9JA4Gp5JbMJotztK1JLmbeECAfK68rW3zrcj1vpump","55","2.469135801","","","","","","","","","","","","","","","","","","","","","","","","","","","","","","","","","","","","","","","","0.000002059","","","","","","","2026-08-03T15:11:42.725Z","","","","","",""
"GOATED","3JVsgGGRKAz26UnpnCeGQjE458N61hPeBYLuocUcpump","63","3","","","","","","","","","","","","","","","","","","","","","","","","","","","","","","","","","","","","","","","","0.000004365","","","","","","","2026-08-03T15:11:48.832Z","","","","","",""
"DOGUE","EgNwEPTzY2AhpQdYyGKdH3pnXo45y5hDMj63saq8pump","57","5","","","","","","","","","","","","","","","","","","","","","","","","","","","","","","","","","","","","","","","","0.00000219","","","","","","","2026-08-03T15:11:54.722Z","","","","","",""
"DOPE","5ztaKSLQTiACSMZ87S5KEq7b4w8eVV5bp4PBkvqnpump","57","5","","","","","","","","","","","","","","","","","","","","","","","","","","","","","","","","","","","","","","","","0.000002188","","","","","","","2026-08-03T15:11:54.739Z","","","","","",""
"ELON","3Eq4Tyi647JbzB6P1SZNKgT3Fg8KioiGS6dNHLYypump","58","3","","","","","","","","","","","","","","","","","","","","","","","","","","","","","","","","","","","","","","","","0.000002162","","","","","","","2026-08-03T15:12:00.768Z","","","","","",""
"dͨoͣgͭ","F6DeLVw53EYRQVjfeDGF9u5ArTHaZNSbj3gakpdmpump","68","4.938271603","","","","","","","","","","","","","","","","","","","","","","","","","","","","","","","","","","","","","","","","0.000002059","","","","","","","2026-08-03T15:12:06.789Z","","","","","",""
"DOGUE","25FFSYWGYL8hKrFEAzfsTi5JM2Ng96Qn1P4R9dsqpump","71","5","","","","","","","","","","","","","","","","","","","","","","","","","","","","","","","","","","","","","","","","0.00000206","","","","","","","2026-08-03T15:12:12.818Z","","","","","",""
"Rubio","FPx3CMuFkr9FYSK7YFwmcSgo36rBEyUuRgLY2JYFpump","55","4.099999999","","","","","","","","","","","","","","","","","","","","","","","","","","","","","","","","","","","","","","","","0.000002151","","","","","","","2026-08-03T15:12:19.116Z","","","","","",""
"dͨoͣgͭ","Dfjj5UtDbMGsJryhNeDoxPTHRT9sZ13keAEkKtvFpump","70","6","","","","","","","","","","","","","","","","","","","","","","","","","","","","","","","","","","","","","","","","0.00000219","","","","","","","2026-08-03T15:12:30.737Z","","","","","",""
"cat","5Qc25P9DBHugDdqHGA6QuN2isdwACfNGCqQ1a3Fnpump","57","5","","","","","","","","","","","","","","","","","","","","","","","","","","","","","","","","","","","","","","","","0.000002251","","","","","","","2026-08-03T15:12:48.726Z","","","","","",""
"NGY","Eqm7uruDi8Lige8nyenvBnofdm3ZBh3KKfuRnxrepump","","","","","","","","","","","","","","","","","","","","","","","","","","","","","","","","","","","","","","","","","","","","","","","","5.31e-8","","","","","","2026-08-03T15:13:06.784Z",""
"ATTENTION","JAw6Jop16ABu3AJdaTMP8raRuh3ZVybrB7oV2vwhpump","58","3.950617282","","","","","","","","","","","","","","","","","","","","","","","","","","","","","","","","","","","","","","","","0.00000211","","","","","","","2026-08-03T15:13:06.809Z","","","","","",""
"$3TUNG","Gh2c28xraaTmiscQBWFaRfLZzXbtH7AEp2oFA7tMpump","","","","","","","","","","","","","","","","","","","","","","","","","","","","","","","","","","","","","","","","","","","","","","","","3.597e-7","","","","","","2026-08-03T15:13:12.729Z",""
"UNOFFICIAL","7ZYSyAEogeM33aviJ5iokJXKHuM4aYfHou3Eadazpump","58","3","","","","","","","","","","","","","","","","","","","","","","","","","","","","","","","","","","","","","","","","0.000002073","","","","","","","2026-08-03T15:13:12.760Z","","","","","",""
"ELON","zN3VRzgAJUmA6W5QQgXRVofVD6NM5hSKChQxN3Mpump","59","4","","","","","","","","","","","","","","","4","0","3","0","0","0","2055.27","3","2593.85","2593.85","0.576","0.576","-22.34","","0","0","1","0","0","","","","","","","0.000002055","0.000002055","","","","","","2026-08-03T15:13:18.863Z","2026-08-03T15:14:18.523Z","","","","",""
"WATERMAX","4Gb41PxBDkDmg1bCFbpwHvazHxjjmXfrScnmSD4Wpump","93","54.320987653","","","","","","","","","","","","","","","","","","","","","","","","","","","","","","","","","","","","","","","","0.00001625","","","","","","","2026-08-03T15:14:18.853Z","","","","","",""
"PPM","DQzZwsd2vGYS4ZAtL5jU1b5EPGnzypiz8YAuMRyNpump","65","0.059259258","","","","","","","","","","","","","","","","","","","","","","","","","","","","","","","","","","","","","","","","0.000006392","","","","","","","2026-08-03T15:14:24.716Z","","","","","",""
"CTO","Heg5erRoLiECVTLe8UHmEPkV28Qvyd6poLfCexUrpump","56","3.5","","","","","","","","","","","","","","","","","","","","","","","","","","","","","","","","","","","","","","","","0.000002082","","","","","","","2026-08-03T15:14:30.812Z","","","","","",""
"RichGoat","9kgtTjGidLaHdWvBViNdtrHfdevioEyoAHdjitfpump","79","8.888888887","","","","","","","","","","","","","","","","","","","","","","","","","","","","","","","","","","","","","","","","0.000003318","","","","","","","2026-08-03T15:14:54.817Z","","","","","",""
"Alondeath","2M2ZjbbJeVvPaWcuN7tX1FRbjAJeiXufd1bqGn29pump","58","0.197530863","","","","","","","","","","","","","","","","","","","","","","","","","","","","","","","","","","","","","","","","0.000001301","","","","","","","2026-08-03T15:15:07.151Z","","","","","",""
"REESE","7kAc3HgcJ7njkWiG7dWp5AY4JQCjS5nDZa8jR1fgpump","63","2.962962961","","","","","","","","","","","","","","","","","","","","","","","","","","","","","","","","","","","","","","","","0.000002557","","","","","","","2026-08-03T15:15:12.874Z","","","","","",""
"CAT","wbpXjNzfPDTYNBMViNjwL3JbqFmjkkMANzFETyBpump","59","5","","","","","","","","","","","","","","","","","","","","","","","","","","","","","","","","","","","","","","","","0.000002064","","","","","","","2026-08-03T15:15:24.732Z","","","","","",""
"coinu","hSbf2RzV7w45RZ1HNDbyrCyRtiV6FK6siNeyChzpump","57","1.97530864","","","","","","","","","","","","","","","","","","","","","","","","","","","","","","","","","","","","","","","","0.000002188","","","","","","","2026-08-03T15:15:36.749Z","","","","","",""
"DOGUE","6fXsyX11Vsm6jTRMvD6pRg59GC6qranoPa6YCJ8SQvLS","55","3.950617282","","","","","","","","","","","","","","","","","","","","","","","","","","","","","","","","","","","","","","","","0.000002152","","","","","","","2026-08-03T15:16:00.725Z","","","","","",""
"crimecat","3KssaLBL268nMD1Rk7ss3a64NNQvqFtjZAg9JWKYpump","","","","","","","","","","","","","","","","","","","","","","","","","","","","","","","","","","","","","","","","","","","","","","","","0.000002062","","","","","","2026-08-03T15:16:06.719Z",""
"BINGUS","HUwW7pafUqd6i3HKjg7o3d3MCsbKufcrTwFzhog3pump","57","4","","","","","","","","","","","","","","","","","","","","","","","","","","","","","","","","","","","","","","","","0.000002057","","","","","","","2026-08-03T15:16:18.714Z","","","","","",""
"pumpdawgs","mGG5hT1bjfYrZE6pzvbg3MAfGDMpDkdtyJDui7Lpump","63","3.083247688","","","","","","","","","","","","","","","","","","","","","","","","","","","","","","","","","","","","","","","","0.000004026","","","","","","","2026-08-03T15:16:42.734Z","","","","","",""
"CATBAL","GC6yAESpuC5kA6ogaX8VTYRcVh25E4pJTGiiXhWKpump","59","2.32128","","","","","","","","","","","","","","","","","","","","","","","","","","","","","","","","","","","","","","","","0.000004175","","","","","","","2026-08-03T15:16:42.786Z","","","","","",""
"murder","GnYA2BjK9L2AfHFtWzvhWJEwS9hguXHtijQSYu6kpump","","","","","","","","","","","","","","","","","","","","","","","","","","","","","","","","","","","","","","","","","","","","","","","","2.176e-7","","","","","","2026-08-03T15:16:42.795Z",""
"Aimaxo ","6o4guY66Ff59VL5TdZaCXhUPy58Q7gk2n6wdy3ggpump","59","2.271604937","","","","","","","","","","","","","","","","","","","","","","","","","","","","","","","","","","","","","","","","0.000003326","","","","","","","2026-08-03T15:16:48.709Z","","","","","",""
"DOGENARII","8tMLLCdqYEB4Fg6HJnnXAKTiKk9izGDt2BcZrEFCpump","58","3","","","","","","","","","","","","","","","","","","","","","","","","","","","","","","","","","","","","","","","","0.000002149","","","","","","","2026-08-03T15:16:54.701Z","","","","","",""
"hddoge ","27PucpNB5n8fpLy9iMz8Zc7kW2Zv7j5mV3NbJZb2pump","","","","","","","","","","","","","","","","","","","","","","","","","","","","","","","","","","","","","","","","","","","","","","","","2.006e-7","","","","","","2026-08-03T15:17:18.712Z",""
"MM","4nsbh1maGgxELhb8c2tXoL3WW7gTz5HnyejRkv38pump","63","3","","","","","","","","","","","","","","","","","","","","","","","","","","","","","","","","","","","","","","","","0.00000219","","","","","","","2026-08-03T15:17:18.836Z","","","","","",""
"ANALYZE","9JmP8ogWifPFnhd4Bh77RwrwSMG5nunG9gSeKRUxpump","66","4.938271603","","","","","","","","","","","","","","","","","","","","","","","","","","","","","","","","","","","","","","","","0.000002442","","","","","","","2026-08-03T15:17:30.735Z","","","","","",""
"MeiMei","9JfTpBrJj9Xkce6hGLkzyEqZYwdESKmzsheKPQEfpump","63","3","","","","","","","","","","","","","","","3","0","0","0","0","0","2059.74","3","1179.58","1179.58","0.625","0.625","-17.34","","0","0","1","0","0","","","","","","","0.000002059","0.000002059","","","","","","2026-08-03T15:17:54.749Z","2026-08-03T15:19:00.508Z","","","","",""
"lmeow","7vdX1T9vwP5trxS2itQ9gbsQcvymQvw8KZqz4bsPpump","57","5","","","","","","","","","","","","","","","","","","","","","","","","","","","","","","","","","","","","","","","","0.000002056","","","","","","","2026-08-03T15:18:24.741Z","","","","","",""
"Dogue","E1Rt5Q8LQRmLJ7ijRuSP747YXMELYSKHdJg2d3cTpump","63","3.950617282","","","","","","","","","","","","","","","","","","","","","","","","","","","","","","","","","","","","","","","","0.00000236","","","","","","","2026-08-03T15:18:36.846Z","","","","","",""
"MM","4N5zaKJ6EoWFp5Wh37PpSfQ58RTFgtfZ6kr9FUB6pump","57","5","","","","","","","","","","","","","","","","","","","","","","","","","","","","","","","","","","","","","","","","0.000002122","","","","","","","2026-08-03T15:18:36.963Z","","","","","",""
"Bobcoin","F2vxLhYWgHtSeFmtWh6fZvCEZqCFuGXXzL3m8uLMpump","61","4.938271603","","","","","","","","","","","","","","","","","","","","","","","","","","","","","","","","","","","","","","","","0.00000216","","","","","","","2026-08-03T15:18:42.730Z","","","","","",""
"Boss","8MzFiqWLxaNPtRPbubV4zMATjNBxk431UDutQPDiB5KD","67","4","","","","","","","","","","","","","","","","","","","","","","","","","","","","","","","","","","","","","","","","0.000002076","","","","","","","2026-08-03T15:18:42.783Z","","","","","",""
"FANTOMEX","9LBLaAHB5jmFnXWGT6FmeRD1TQgFN3KFk4myWq9pump","","","","","","","","","","","","","","","","","","","","","","","","","","","","","","","","","","","","","","","","","","","","","","","","1.638e-7","","","","","","2026-08-03T15:18:42.788Z",""
"TNG","841BUuN2phFbFadxiMj6Br9EpmSQziPCdRcDpayTpump","","","","","","","","","","","","","","","","","","","","","","","","","","","","","","","","","","","","","","","","","","","","","","","","3.724e-8","","","","","","2026-08-03T15:18:48.750Z",""
"Bob","CHVW8ZzhM3NmUtyXQVMc64J6owZGFWQcdXAj4S4epump","56","4","","","","","","","","","","","","","","","","","","","","","","","","","","","","","","","","","","","","","","","","0.000002129","","","","","","","2026-08-03T15:18:48.761Z","","","","","",""
"WTDD","GFbTu4LzToYh1YtzZamEYRKNnDuALL39bcUypDy4pump","63","3","","","","","","","","","","","","","","","","","","","","","","","","","","","","","","","","","","","","","","","","0.000002056","","","","","","","2026-08-03T15:18:54.784Z","","","","","",""
"rinsor","5H63z7AjgSFvDQnZoke1X26KV1YYLkTi4AUXGzoxpump","60","4.938271603","","","","","","","","","","","","","","","","","","","","","","","","","","","","","","","","","","","","","","","","0.000002162","","","","","","","2026-08-03T15:19:12.722Z","","","","","",""
"😹","8oYAK4X1q26MfQdtbrVK6fNQ7E4v7myvNYKvTypuJSYd","67","4","","","","","","","","","","","","","","","","","","","","","","","","","","","","","","","","","","","","","","","","0.000002159","","","","","","","2026-08-03T15:19:18.765Z","","","","","",""
"WIF","FCMmJ3z4Tbn2vhXZVzuyD7iGoz2dokgNKdtNcx4Lpump","64","4.938271603","","","","","","","","","","","","","","","","","","","","","","","","","","","","","","","","","","","","","","","","0.000002097","","","","","","","2026-08-03T15:19:42.717Z","","","","","",""
"NEKO","4LX3uGqtpzrJAe9vBXcoPChDz7izr4FePcBkwGvxpump","57","1.97530864","","","","","","","","","","","","","","","","","","","","","","","","","","","","","","","","","","","","","","","","0.000002354","","","","","","","2026-08-03T15:19:42.771Z","","","","","",""
"BabyDoge","72EPkz6E4yCmDDVU687V7dfsv4xwZKsRWLtSh2z3pump","73","6","","","","","","","","","","","","","","","","","","","","","","","","","","","","","","","","","","","","","","","","0.000002057","","","","","","","2026-08-03T15:19:42.797Z","","","","","",""
"TNG","DqUEbvqS4agaWJSrGBQNtQUexBXn4WTSRP4rhfHqpump","61","0.060009374","","","","","","","","","","","","","","","0.060009374","0","1","1","0","0","2234.1","3","107.72","107.72","0.636","0.636","8.18","","0","0","1","0","0","","","","","","","0.000001768","0.000002234","","","","","","2026-08-03T15:20:00.899Z","2026-08-03T15:21:00.557Z","","","","",""
"PUMPBROKER","brokSo5vw5Xc8UAWH4uq9SCCB9CRwv9sudwEt9qffkw","88","20","","","","","","","","","","","","","","","","","","","","","","","","","","","","","","","","","","","","","","","","0.00001853","","","","","","","2026-08-03T15:20:06.869Z","","","","","",""
"Dogcoin","BMcYvdtG13k868mdNSScfK3vjXw1BwqBARHQV8Vepump","59","4.938271603","","","","","","","","","","","","","","","","","","","","","","","","","","","","","","","","","","","","","","","","0.00000215","","","","","","","2026-08-03T15:20:18.753Z","","","","","",""
"JNF","9xZy6LcSBdsbJefySXBo8TcXkCTVfq36wkhL6DJucfKK","","","","","","","","","","","","","","","","","","","","","","","","","","","","","","","","","","","","","","","","","","","","","","","","0.000002059","","","","","","2026-08-03T15:20:42.972Z",""
"CATE","7C31WFv21sQBkCj8sxQDa8aJAEXoTz7KUBuNopf1pump","57","1.97530864","","","","","","","","","","","","","","","","","","","","","","","","","","","","","","","","","","","","","","","","0.000002342","","","","","","","2026-08-03T15:20:54.768Z","","","","","",""
"JNF","CAZJzW9m7xxyEUe1cSfW69SVNtc3TEPGNqPsqbv2pump","55","4","","","","","","","","","","","","","","","","","","","","","","","","","","","","","","","","","","","","","","","","0.000002058","","","","","","","2026-08-03T15:21:00.791Z","","","","","",""
"JNF","7D1QtFKo3NYQzgcdkhveTb2BPdNsc1w4efr8Fu72pump","61","3.5","","","","","","","","","","","","","","","","","","","","","","","","","","","","","","","","","","","","","","","","0.000002189","","","","","","","2026-08-03T15:21:00.834Z","","","","","",""
"NEEGY","8FhUHzGoa491gBnw7EHXCdMBkeh5JK9pqpH5FQhqpump","71","5","","","","","","","","","","","","","","","","","","","","","","","","","","","","","","","","","","","","","","","","0.000002189","","","","","","","2026-08-03T15:21:00.903Z","","","","","",""
"PPM","9BGktC3KMTaFivY4fz8CEzurHA8nsdvJRueAVDZHpump","","","","","","","","","","","","","","","","","","","","","","","","","","","","","","","","","","","","","","","","","","","","","","","","6.437e-8","","","","","","2026-08-03T15:21:12.720Z",""
"CUM","Bdoc8WdLMBuGdNHuwLEbnZmmgMqSgN4CCTBXMbNbpump","","","","","","","","","","","","","","","","","2.962962961","0","1","0","0","0","2058.9","3","485.66","485.66","0.667","0.667","-17.1","","0","0","1","0","0","","","","","","","","0.000002058","","","","","","","2026-08-03T15:21:18.532Z","","","","",""
"EGOD","Ey3UVqRoMRCxnvQanHR9SJtD7bbbnWKyP3VqCjfHpump","57","1.97530864","","","","","","","","","","","","","","","","","","","","","","","","","","","","","","","","","","","","","","","","0.00000219","","","","","","","2026-08-03T15:21:30.756Z","","","","","",""
"ƎᴚIɔ","4APxnjw3XyCkgRRucsPoQrVVhX7kCGEYoNZt5TCRRG1f","","","","","","","","","","","","","","","","","","","","","","","","","","","","","","","","","","","","","","","","","","","","","","","","0.00000219","","","","","","2026-08-03T15:21:42.723Z",""
"LMEOW","9EoamyUVMFBxJ5sG16xBvvPC91tVbfFor34kbioMpump","71","5","","","","","","","","","","","","","","","5","0","0","0","0","0","2190.87","3","1787.96","1787.96","0.563","0.563","-21.85","","0","0","1","0","0","","","","","","","0.00000219","0.00000219","","","","","","2026-08-03T15:21:48.741Z","2026-08-03T15:22:54.507Z","","","","",""
"Bitfreaks","BukSuM5jYPibQ5LjbgdyFwBuwEE8oDwURghNpM8opump","59","2.254509018","","","","","","","","","","","","","","","","","","","","","","","","","","","","","","","","","","","","","","","","0.000002087","","","","","","","2026-08-03T15:21:54.724Z","","","","","",""
"LMEOW","97dFvHZKRvHTVZBzCJg2X4NkwBqZaxmtPuZ2KSCepump","67","5","","","","","","","","","","","","","","","","","","","","","","","","","","","","","","","","","","","","","","","","0.000002124","","","","","","","2026-08-03T15:22:36.776Z","","","","","",""
"RoKEtLEeG","FmEqCYsors4MRbDGMKkocfcPMhxLDaWZHwyT2S9bpump","57","1.97530864","","","","","","","","","","","","","","","","","","","","","","","","","","","","","","","","","","","","","","","","0.000003314","","","","","","","2026-08-03T15:22:42.729Z","","","","","",""
"Xcat","E8ChZczbX142HcK9oNMQUprq219vFTRJprdoiSjYpump","60","2.4691358","","","","","","","","","","","","","","","","","","","","","","","","","","","","","","","","","","","","","","","","0.000002099","","","","","","","2026-08-03T15:22:48.708Z","","","","","",""
"Metas","7xmTgtLxtt2kQgXbpo4tMi1qN9cfNHTEhGUvhYqdpump","56","3","","","","","","","","","","","","","","","","","","","","","","","","","","","","","","","","","","","","","","","","0.000002161","","","","","","","2026-08-03T15:22:48.751Z","","","","","",""
"Chair","2tPSDRLGruvT9ZU7LsH9zmRarSv2V8dyA3iFGZ85pump","57","5","","","","","","","","","","","","","","","","","","","","","","","","","","","","","","","","","","","","","","","","0.000002189","","","","","","","2026-08-03T15:23:00.741Z","","","","","",""
"Huey","2sX6pZF7c93fR6afAiNfnESn7DRURyeYJmKGQKBgpump","63","3","","","","","","","","","","","","","","","","","","","","","","","","","","","","","","","","","","","","","","","","0.000002196","","","","","","","2026-08-03T15:23:12.779Z","","","","","",""
"H3","HUKXwzgt9Ukk29SpwZRdkkpqc6CaVAb15QYZnzmpump","","","","","","","","","","","","","","","","","","","","","","","","","","","","","","","","","","","","","","","","","","","","","","","","","","","","","","",""
"queefcoin","Gtu1UAxmLrmQWzsDBFWZRey5u1C8cu12RkzWaBX5pump","57","1.97530864","","","","","","","","","","","","","","","","","","","","","","","","","","","","","","","","","","","","","","","","0.000002669","","","","","","","2026-08-03T15:23:36.727Z","","","","","",""
"MOMENT","F61f7FuSpUrG3CEQ2U7TxmNfnb4UKiqY3CJByJvopump","66","4.938271603","","","","","","","","","","","","","","","","","","","","","","","","","","","","","","","","","","","","","","","","0.000004395","","","","","","","2026-08-03T15:23:36.788Z","","","","","",""
"TWUMP","CvPBqHKD2Tqi4ARkXrnqSNtFFRUrZpbYEgN12ZT5UeM6","","","","","","","","","","","","","","","","","","","","","","","","","","","","","","","","","","","","","","","","","","","","","","","","0.00000217","","","","","","2026-08-03T15:23:42.769Z",""
"COR","GU4sdE7nMXUTFFMTV8f2b1GbgQ1bxpeuTn9oMgJepump","65","4.938271603","","","","","","","","","","","","","","","","","","","","","","","","","","","","","","","","","","","","","","","","0.000002057","","","","","","","2026-08-03T15:23:48.786Z","","","","","",""
"$WATCH","7Wgw23DHeJJZQkEug1448eRCPYwsoGEVWzDLokHYpump","68","0.197530863","","","","","","","","","","","","","","","0.197530863","0","0","1","0","0","2674.3","3","59.14","59.14","0.6","0.6","28.25","","0","0","1","0","0","","","","","","","0.000002674","0.000002674","","","","","","2026-08-03T15:24:06.979Z","2026-08-03T15:25:06.519Z","","","","",""
"lmeow","29BWwKii9BoYyjB8RwrpjsBWjqvPFFCYFoSnPZ73pump","68","6.872852233","","","","","","","","","","","","","","","","","","","","","","","","","","","","","","","","","","","","","","","","0.000003569","","","","","","","2026-08-03T15:24:12.767Z","","","","","",""
"FFG","EEDcEQLCkMg4r6aZ7YVjjEEDYRkcUZG2bVw3ih9ypump","67","3.950617282","","","","","","","","","","","","","","","","","","","","","","","","","","","","","","","","","","","","","","","","0.00000219","","","","","","","2026-08-03T15:24:12.813Z","","","","","",""
"Megga","GGzZVDoCLxGYtRJatNqaswdbe2CWvhRCtHF3XUCfpump","58","3.5","","","","","","","","","","","","","","","","","","","","","","","","","","","","","","","","","","","","","","","","0.000002265","","","","","","","2026-08-03T15:24:48.719Z","","","","","",""
"CATS","buwdMFzi6GGq3XYSEEwGodLQ356fFLZRW1G4Lj9pump","77","3","","","","","","","","","","","","","","","","","","","","","","","","","","","","","","","","","","","","","","","","0.000002161","","","","","","","2026-08-03T15:24:48.836Z","","","","","",""
"MEGGER","74Zao97nb9ZqqELUCQce453bRe1gwS8SgmRcESfakNW5","65","3.5","","","","","","","","","","","","","","","","","","","","","","","","","","","","","","","","","","","","","","","","0.000002058","","","","","","","2026-08-03T15:25:06.707Z","","","","","",""
"$WATCH","H9WRENVTXZt2HosagtN6RKE2RgeBMUCHrnTMcfH6pump","","","","","","","","","","","","","","","","","","","","","","","","","","","","","","","","","","","","","","","","","","","","","","","","0.000001212","","","","","","2026-08-03T15:25:06.733Z",""
"Pokemod","F9GTLgoMG38gPBCmzyHYWqSWCVAYBi9jbAfqpTPjpump","","","","","","","","","","","","","","","","","","","","","","","","","","","","","","","","","","","","","","","","","","","","","","","","3.208e-7","","","","","","2026-08-03T15:25:12.731Z",""
"CATS","AhNxLfCv2nSctVmnZJDfZ25EGRLqzbTQQmmiNvkQpump","73","3","","","","","","","","","","","","","","","","","","","","","","","","","","","","","","","","","","","","","","","","0.000002163","","","","","","","2026-08-03T15:25:12.758Z","","","","","",""
"CAGE","94uRrXYxJbyKL1P4umqE3jQ5HgtovjsCp7pfKNPApump","61","2.567901233","","","","","","","","","","","","","","","","","","","","","","","","","","","","","","","","","","","","","","","","0.000002191","","","","","","","2026-08-03T15:25:18.723Z","","","","","",""
"lnigger","2dTu34kzDy6geqAfa8HeLuJD2WnzJkDE3QFP9fz9pump","63","3","","","","","","","","","","","","","","","","","","","","","","","","","","","","","","","","","","","","","","","","0.0000021","","","","","","","2026-08-03T15:25:30.713Z","","","","","",""
"NyanDoge","BaW1zM8gh2Ln2mvQ9ex4CKSN2GJjXspkLhu3Cy2epump","56","3","","","","","","","","","","","","","","","","","","","","","","","","","","","","","","","","","","","","","","","","0.000002163","","","","","","","2026-08-03T15:25:42.726Z","","","","","",""
"SOL","J3uzBGc9xxqBJCsMHyBqBQu6q3SPrq7pmHn7UHfmpump","","","","","","","","","","","","","","","","","","","","","","","","","","","","","","","","","","","","","","","","","","","","","","","","0.000001368","","","","","","2026-08-03T15:25:42.764Z",""
"BINGUS","5hFWdJkd6ByvoExXvnSzW2kwjB3XmXugfhPzwsB3pump","58","3","","","","","","","","","","","","","","","","","","","","","","","","","","","","","","","","","","","","","","","","0.000002147","","","","","","","2026-08-03T15:26:00.730Z","","","","","",""
"TNG","GQ1nDqPXMEeus3afGUGNDwNHYx7vqkS6exFwraq8pump","","","","","","","","","","","","","","","","","","","","","","","","","","","","","","","","","","","","","","","","","","","","","","","","9.607e-7","","","","","","2026-08-03T15:26:06.758Z",""
"CHAINIX","3juA6Wm6GpNVbWagsUUNV7gr9Fb6S1PGwzcSfxj3eray","57","1.984","","","","","","","","","","","","","","","","","","","","","","","","","","","","","","","","","","","","","","","","0.000003241","","","","","","","2026-08-03T15:26:12.803Z","","","","","",""
"$WATCH","9A1ShR9UozZqR1D6iFXEStzhbCr9cbf98c5fvRTFpump","64","0.395061727","","","","","","","","","","","","","","","","","","","","","","","","","","","","","","","","","","","","","","","","0.000002373","","","","","","","2026-08-03T15:26:12.831Z","","","","","",""
"SOL","QQDAsaoWsU6VL6Tye3aP5npxyfeaqdnfY55H18gpump","58","2.123331769","","","","","","","","","","","","","","","","","","","","","","","","","","","","","","","","","","","","","","","","0.000002901","","","","","","","2026-08-03T15:26:48.726Z","","","","","",""
"ZAZU","9vV7XK4kT7TVE4xBBVpsYrcEcFouyFUTYRvCeE5ypump","71","5","","","","","","","","","","","","","","","","","","","","","","","","","","","","","","","","","","","","","","","","0.000002162","","","","","","","2026-08-03T15:26:54.877Z","","","","","",""
"$BACK","2SaEgNXEpWNeA449hzzGmYx9Eex58bixa6aF7R8Gpump","64","0.493827159","","","","","","","","","","","","","","","","","","","","","","","","","","","","","","","","","","","","","","","","0.000004204","","","","","","","2026-08-03T15:27:00.757Z","","","","","",""
"idiot","7BS7wx7FmoxxWhMPq43whf7ETfMfdT6fPsLaDP4rpump","70","7","","","","","","","","","","","","","","","","","","","","","","","","","","","","","","","","","","","","","","","","0.000002162","","","","","","","2026-08-03T15:27:06.692Z","","","","","",""
"100BTC","85etw3pecmwgypkGEusSrqqdXVVMDTTiDFg4rhC4pump","58","2.962962961","","","","","","","","","","","","","","","","","","","","","","","","","","","","","","","","","","","","","","","","0.00000212","","","","","","","2026-08-03T15:27:12.790Z","","","","","",""
"CATZ","21xFRve3LjamiGpvSKkTY7y1wnqU8nDVGNSds3mepump","70","3","","","","","","","","","","","","","","","","","","","","","","","","","","","","","","","","","","","","","","","","0.000002162","","","","","","","2026-08-03T15:27:19.134Z","","","","","",""
"WOS","8Cah2u96aexZonFMuu1EPncZqFCtvK5pKDcsesWXmKY8","","","","","","","","","","","","","","","","","","","","","","","","","","","","","","","","","","","","","","","","","","","","","","","","0.000002344","","","","","","2026-08-03T15:27:36.709Z",""
"MABA","5AM86BkiNaKmxxCGxc1YdgrwbMg4xQ2UuiaD6gmVpump","","","","","","","","","","","","","","","","","","","","","","","","","","","","","","","","","","","","","","","","","","","","","","","","0.000002206","","","","","","2026-08-03T15:27:36.760Z",""
"MUMDUMI","b1fmyHueDrWYd712QF5VjeXRuDqwjoEMkNMtm9CZvM4","60","7","","","","","","","","","","","","","","","","","","","","","","","","","","","","","","","","","","","","","","","","0.000002338","","","","","","","2026-08-03T15:27:54.702Z","","","","","",""
"Mamdani","F97p3nYVTg7RQjTWpwUMmBdFhuv1TsCHY3NALJ7Dpump","55","5","","","","","","","","","","","","","","","","","","","","","","","","","","","","","","","","","","","","","","","","0.000002058","","","","","","","2026-08-03T15:27:54.757Z","","","","","",""
"$WATCH","F4uw6qhhbfZgVrtBbttYjwHkCxqYrRNE6Sx3T4qppump","64","0.592592591","","","","","","","","","","","","","","","","","","","","","","","","","","","","","","","","","","","","","","","","0.000002423","","","","","","","2026-08-03T15:27:54.771Z","","","","","",""
"MUMDUMI","9YWfgdVDzmU53A3yS6fXz99CatSjAP4MeJQZ9dwqeYaZ","","","","","","","","","","","","","","","","","","","","","","","","","","","","","","","","","","","","","","","","","","","","","","","","0.000002184","","","","","","2026-08-03T15:27:54.816Z",""
"Mamdani","37wtMd4AeynzWUzjD8uFcCrYLKAtTsKAE63Y1mkX4c95","67","4.999999999","","","","","","","","","","","","","","","","","","","","","","","","","","","","","","","","","","","","","","","","0.000002189","","","","","","","2026-08-03T15:28:00.742Z","","","","","",""
"NUCPIL","EvobwDn6rU7jPqHwNAtdsxh8UsFGTsk2dmT2L6KQpump","66","0.09876543","","","","","","","","","","","","","","","","","","","","","","","","","","","","","","","","","","","","","","","","0.000001374","","","","","","","2026-08-03T15:28:12.696Z","","","","","",""
"ANONYMOUS","Ra1uKyXSjuwQRxuVJ1xrMG634ojEehDhcKGvSkspump","","","","","","","","","","","","","","","","","","","","","","","","","","","","","","","","","","","","","","","","","","","","","","","","1.269e-7","","","","","","2026-08-03T15:28:24.725Z",""
"TNG","2d5iKyzxrkLKRVgo1VdUJKTDEAeAeC43Jj5zDRhhpump","57","0.060009374","","","","","","","","","","","","","","","","","","","","","","","","","","","","","","","","","","","","","","","","0.000001241","","","","","","","2026-08-03T15:28:30.733Z","","","","","",""
"$LEGION","4GDhZ1wF77BbH7pExcTLbea4SpJD3c1FWHDTTqwdpump","","","","","","","","","","","","","","","","","","","","","","","","","","","","","","","","","","","","","","","","","","","","","","","","0.000001257","","","","","","2026-08-03T15:28:42.706Z",""
"UNI","6HKFangXTAFkq8W1wdVGNTRS83aJcQMKufDRATjgpump","63","2.962962961","","","","","","","","","","","","","","","","","","","","","","","","","","","","","","","","","","","","","","","","0.000002084","","","","","","","2026-08-03T15:29:06.740Z","","","","","",""
"Jim","HdZ6xGLjCGxKH6Cys4ogu73atYq4ZATN5zWrqAEApump","65","3.456790121","","","","","","","","","","","","","","","","","","","","","","","","","","","","","","","","","","","","","","","","0.00000206","","","","","","","2026-08-03T15:29:06.808Z","","","","","",""
"CATZ","7LyhAwAd3NS8DbF4LzxtRcNC1ww1jJ2ctG7xGEKKpump","68","3","","","","","","","","","","","","","","","","","","","","","","","","","","","","","","","","","","","","","","","","0.000002088","","","","","","","2026-08-03T15:29:12.708Z","","","","","",""
"JIM","AG1nkT2YLKGMQRWB1numBiGhV2c8DZNCSChB5V9C7UN4","56","3","","","","","","","","","","","","","","","","","","","","","","","","","","","","","","","","","","","","","","","","0.000002154","","","","","","","2026-08-03T15:29:12.790Z","","","","","",""
"PWB","HqexFipzZWDQ5Jn6gjiSyRVKPZ6wYMFDdYEjM69Bpump","57","0.060009374","","","","","","","","","","","","","","","","","","","","","","","","","","","","","","","","","","","","","","","","0.000003617","","","","","","","2026-08-03T15:29:12.794Z","","","","","",""
"Xcat","GUEuSS5AmYxRUD8vyxAuh1oSBEz3P4x3CMTTcaBApump","60","2.4691358","","","","","","","","","","","","","","","","","","","","","","","","","","","","","","","","","","","","","","","","0.000002338","","","","","","","2026-08-03T15:29:18.794Z","","","","","",""
"CATZ","3f7J97UHZiaKvz8nKbYfjPBqzBGX8ED6xB5B1xh7pump","65","3","","","","","","","","","","","","","","","","","","","","","","","","","","","","","","","","","","","","","","","","0.000002088","","","","","","","2026-08-03T15:29:24.708Z","","","","","",""
"POPCATE","DmqgYB4FoK9gGsEQttMMYzahofXUkDX319rnd3BADMRX","73","5.8","","","","","","","","","","","","","","","","","","","","","","","","","","","","","","","","","","","","","","","","0.000002468","","","","","","","2026-08-03T15:29:30.776Z","","","","","",""
"ETHEL","FmXo11tiroQhUtZ1BNSb7zghB63fixMgnr2Mxwn5pump","63","2.962962961","","","","","","","","","","","","","","","","","","","","","","","","","","","","","","","","","","","","","","","","0.000002192","","","","","","","2026-08-03T15:29:36.701Z","","","","","",""
"BTC","J4CthEjniMQBySMn8R3FLokJEHa1wag2j589ut2bpump","","","","","","","","","","","","","","","","","","","","","","","","","","","","","","","","","","","","","","","","","","","","","","","","2.547e-8","","","","","","2026-08-03T15:29:36.803Z",""
"$LEGION","3s4ASZRZNAC77Rf9LXvbF2PtJcG4m9yKeoZWKzJBpump","64","0.790123455","","","","","","","","","","","","","","","","","","","","","","","","","","","","","","","","","","","","","","","","0.000002362","","","","","","","2026-08-03T15:29:43.081Z","","","","","",""
"SOL","5H42dqcK86UEYud6qefRuNLFL1yjEwZgZXNWiJmipump","","","","","","","","","","","","","","","","","","","","","","","","","","","","","","","","","","","","","","","","","","","","","","","","1.046e-7","","","","","","2026-08-03T15:29:43.113Z",""
"BANANACOIN","67T1RiAbyyo2BCzBoCZehWJnknKm1Ba7DxmvQm88pump","67","5","","","","","","","","","","","","","","","","","","","","","","","","","","","","","","","","","","","","","","","","0.000002058","","","","","","","2026-08-03T15:29:48.724Z","","","","","",""
"EHH","3wTKPNttUCSw75DU2s3m6YrCVUsWUBKZpCGmLFPZpump","63","2.962962961","","","","","","","","","","","","","","","","","","","","","","","","","","","","","","","","","","","","","","","","0.000002187","","","","","","","2026-08-03T15:29:48.770Z","","","","","",""
"JIM","4oV4rzPkKP7J1NX3suCFN9bbVYySnjGQuhi4YWZcpump","64","4.938271603","","","","","","","","","","","","","","","","","","","","","","","","","","","","","","","","","","","","","","","","0.000002058","","","","","","","2026-08-03T15:29:48.965Z","","","","","",""
"TNG","4zmjreCSpKoyw3Yu8GSfRvKhqAeVLNwp5As9pSHgpump","62","0.500078135","","","","","","","","","","","","","","","","","","","","","","","","","","","","","","","","","","","","","","","","0.000001611","","","","","","","2026-08-03T15:30:06.710Z","","","","","",""