symbol,mint,score,devSol,source,window_s,decision_s,reaction_s,hold_s,inTime,upside_pct,time_to_peak_s,dd_after_peak,tracked_s,f_devSol,f_priorGrads,f_priorCount,f_isMayhem,f_liq,f_liqSol,f_fdv,f_ageMin,f_vol5m,f_volH1,f_buyRatio5m,f_buyRatioH1,f_pcH1,f_volLiq,f_hasSocials,f_hasWebsite,f_nPairs,f_boosts,f_passedFilter,move_window_pct,slip_to_buy_pct,after_buy_pct,pnlPct,peakPnlPct,exitReason,price_eligible,price_sustained,price_queued,price_bought,price_fading,price_sold,price_collapsed,t_eligible,t_sustained,t_queued,t_bought,t_fading,t_collapsed,t_sold
"mensa","ZFhzwE1q8sCtvTPYQgKxuwVw9EP7WMjVH7MQ1L8pump","62","0.100000001","","","","","","","0","0","0","916","0.100000001","0","1","1","0","0","2119.5","3","30.54","30.54","0.556","0.556","-2.91","","0","0","1","0","0","","","","","","","0.000002119","0.000002119","","","","","","2026-07-20T20:02:24.339Z","2026-07-20T20:03:54.356Z","","","","",""
"JACKIE","5CxpEp6Mt2GV6TjtthRPGc28bSKMJLG5WKQURj5cpump","63","3","","","","","","","","","","","","","","","","","","","","","","","","","","","","","","","","","","","","0.000002276","","","","","","","2026-07-20T20:02:24.359Z","","","","","",""
"JEWCAT","9GESsSPxD3CmF2fq83rn69neZafSkcPQ3CsUQo78pump","","","","","","","","","","","","","","","","","","","","","","","","","","","","","","","","","","","","","","","","","","","","0.000001502","","","","","","2026-07-20T20:02:30.305Z",""
"Sally","AgeEXhzNuxQi5hwBEbbKTjt77Frs11RzzeuM2kRJziSP","72","5.599999999","","","","","","","","","","","","","","","","","","","","","","","","","","","","","","","","","","","","0.000002168","","","","","","","2026-07-20T20:02:30.337Z","","","","","",""
"AURA","87Cc4fjYpthT9UdSceHzFhNwoCYozm7CYx5YXUMmpump","58","0.200000001","","","","","","","","","","","0.200000001","0","4","1","0","0","2815.97","3","53.48","53.48","0.667","0.667","28.14","","0","0","1","0","0","","","","","","","0.000002815","0.000002815","","","","","","2026-07-20T20:02:42.304Z","2026-07-20T20:04:12.310Z","","","","",""
"coinmaxxing","AhnvCTJ8hazH5vA2iK4Q13MeWvcaG1UMvXeo7ejPpump","67","5","","","","","","","11.1","396","-19.4","906","5","0","1","0","0","0","6106.8","3","7415.26","7415.26","0.61","0.61","107","","0","0","1","0","1","","","","","","","0.000004395","0.000006106","","","","","","2026-07-20T20:02:48.301Z","2026-07-20T20:04:24.381Z","","","","",""
"JACKIE","8Z7zDypCuSeDBdU6qSgMJFteZiSesstetMc6bPDNpump","57","1.97530864","","","","","","","","","","","","","","","","","","","","","","","","","","","","","","","","","","","","0.000006138","","","","","","","2026-07-20T20:02:48.320Z","","","","","",""
"mensa","CdzvzFJmft6T5rCq9en3BFTsvALdEcWhieVccUERpump","60","0.120000001","","","","","","","0","0","0","904","0.120000001","0","2","1","0","0","4080.26","3","59.84","59.84","0.615","0.615","86.66","","0","0","1","0","0","","","","","","","0.00000408","0.00000408","","","","","","2026-07-20T20:02:48.339Z","2026-07-20T20:04:36.331Z","","","","",""
"JEWCAT","5Ygr84puSBo2QCWkX14TUUeU5JXCp2DZEN23Aay7pump","85","5.925925924","","","","","","","","","","","","","","","","","","","","","","","","","","","","","","","","","","","","0.000004669","","","","","","","2026-07-20T20:02:54.324Z","","","","","",""
"sponge","EgYy4Q8GNmX474sLXUVKc2Y1Z2AWoX8UC8UTfHyhpump","57","0.098765431","","","","","","","","","","","0.098765431","0","3","1","0","0","4819.15","3","70.5","70.5","0.688","0.688","121","","0","0","1","0","0","","","","","","","0.000004819","0.000004819","","","","","","2026-07-20T20:02:54.351Z","2026-07-20T20:04:42.428Z","","","","",""
"CPCR","5bmWAw1D27x76b6qYXk87XktTyDLXotKiDoz4KF7pump","","","","","","","","","","","","","","","","","","","","","","","","","","","","","","","","","","","","","","","","","","","","0.000001144","","","","","","2026-07-20T20:03:06.304Z",""
"LDB","Fu7AD95CFbyFZP2WVYBUMoFRhwE1uRrCt8YqfjGUpump","72","0.500000001","","","","","","","","","","","","","","","","","","","","","","","","","","","","","","","","","","","","0.000004026","","","","","","","2026-07-20T20:03:12.316Z","","","","","",""
"mensa","HWahe16SSunpeZL5X26FCxYrT8c8c8Da9yYgGfpupump","57","0.100000001","","","","","","","","","","","","","","","","","","","","","","","","","","","","","","","","","","","","0.00001777","","","","","","","2026-07-20T20:03:12.346Z","","","","","",""
"Biberty","7cmSN2JTAJ7F7EKMPSPPGoPQp5YaLfYd3aK9VBWRpump","55","1.692543208","","","","","","","","","","","","","","","","","","","","","","","","","","","","","","","","","","","","0.000002168","","","","","","","2026-07-20T20:03:24.327Z","","","","","",""
"$LIQ 📉","239BUwLoWtqHsx8fmmqtBXhLDCsXWRgrNr1H6nnfpump","","","","","","","","","","","","","","","","","","","","","","","","","","","","","","","","","","","","","","","","","","","","5.142e-7","","","","","","2026-07-20T20:03:30.321Z",""
"SAVE","9VTEZsiSc8AcvrkQ9eRfjvABjUsfiQTJXEE7o937pump","56","0.200000001","","","","","","","","","","","0.200000001","0","6","1","0","0","4224.98","3","60.61","60.61","0.778","0.778","92.24","","0","0","1","0","0","","","","","","","0.000004224","0.000004224","","","","","","2026-07-20T20:03:36.361Z","2026-07-20T20:05:24.320Z","","","","",""
"AM","4ZAwM8D5NP223Entgy8ohckB3RGCwyLZpeDb6My2pump","60","0.148148147","","","","","","","","","","","","","","","","","","","","","","","","","","","","","","","","","","","","0.000001839","","","","","","","2026-07-20T20:03:48.368Z","","","","","",""
"po","FSqUJF8Zhz6TLCiHPLLDt8nx3tTcgKnXHXwnfofdpump","","","","","","","","","","","","","","","","","","","","","","","","","","","","","","","","","","","","","","","","","","","","0.000001138","","","","","","2026-07-20T20:03:48.380Z",""
"sponge","3JM9yZkzqC5xnAZRDcm7zGPHpYuuVQrwPDf7iXHBpump","56","0.098765431","","","","","","","","","","","","","","","","","","","","","","","","","","","","","","","","","","","","0.000002071","","","","","","","2026-07-20T20:03:54.295Z","","","","","",""
"MEMECOIN","hqQRuT2ZRaozhod3t13JRskJSo9PKJBtVfJo8Swpump","57","2","","","","","","","","","","","","","","","","","","","","","","","","","","","","","","","","","","","","0.000002168","","","","","","","2026-07-20T20:03:54.349Z","","","","","",""
"PLANEMAXXI","CFsPuYxLN2ecZJo2sXZCPEA71uiwBVaNJpzZck4pump","57","2","","","","","","","","","","","","","","","","","","","","","","","","","","","","","","","","","","","","0.000002168","","","","","","","2026-07-20T20:04:00.357Z","","","","","",""
"MM","3qKwZ3nxNNTmUTUbxtnP5HafWJayNeNuEAzyhVvjpump","","","","","","","","","","","","","","","","","","","","","","","","","","","","","","","","","","","","","","","","","","","","1.834e-7","","","","","","2026-07-20T20:04:00.363Z",""
"Cry","SjVbvZTvTCFnBbXD2xuGaTuvARy7YfgjUwjJ6FQpump","68","0.500000001","","","","","","","","","","","","","","","","","","","","","","","","","","","","","","","","","","","","0.000002483","","","","","","","2026-07-20T20:04:06.363Z","","","","","",""
" ","2eRfpr5bQFadZeA98mv9fBn8ecUSfui5BDpWPPd4pump","67","5","","","","","","","","","","","","","","","","","","","","","","","","","","","","","","","","","","","","0.000002284","","","","","","","2026-07-20T20:04:18.275Z","","","","","",""
"GROKATHON","Gkyt7A8yhGogGmxJZpEetJvcZAkThzHHMrABitFJpump","63","3","","","","","","","","","","","","","","","","","","","","","","","","","","","","","","","","","","","","0.000002277","","","","","","","2026-07-20T20:04:18.350Z","","","","","",""
"PVE","7fL2tZ3xY5o85r9rez1HSte5wggK56KMQ3vkJZdGpump","71","8.5","","","","","","","","","","","","","","","","","","","","","","","","","","","","","","","","","","","","0.000002277","","","","","","","2026-07-20T20:04:24.399Z","","","","","",""
"Memecoin™","862yAYZouRwGk5bkhDPNnpixvVhAJQeGCjBPfyZKpump","75","7","","","","","","","","","","","","","","","","","","","","","","","","","","","","","","","","","","","","0.000005265","","","","","","","2026-07-20T20:04:30.330Z","","","","","",""
"Bench","2xrtiqWyAXVyhYLvE8LuJ9g8nXyFYsKL5zKvBGeNpump","","","","","","","","","","","","","","","","","","","","","","","","","","","","","","","","","","","","","","","","","","","","2.415e-7","","","","","","2026-07-20T20:04:30.383Z",""
"ape","7FewtxpMxSVW1TDcyDuHfFYN92azDnES1zSXRWz5pump","57","1.97530864","","","","","","","","","","","","","","","","","","","","","","","","","","","","","","","","","","","","0.000002206","","","","","","","2026-07-20T20:04:36.317Z","","","","","",""
"BCT","2PXqXbY6511i2e8jQn5Qgo4tzR4JFMaeu7KR6SmTpump","56","0.100000001","","","","","","","","","","","","","","","","","","","","","","","","","","","","","","","","","","","","0.000005294","","","","","","0.000001144","2026-07-20T20:04:42.405Z","","","","","2026-07-20T20:05:24.313Z",""
"Nothing","DG7SEAoTxpMcDxZiJ3rzepqvKgq24qYzSZvnrBQUpump","63","3.084444442","","","","","","","","","","","","","","","","","","","","","","","","","","","","","","","","","","","","0.000002168","","","","","","","2026-07-20T20:04:42.411Z","","","","","",""
"sponge","AbfaefHaRDkAetdcqRXjaW5Vp8Nt9iE3JfuTt9NJpump","55","0.098765431","","","","","","","","","","","","","","","","","","","","","","","","","","","","","","","","","","","","0.000007999","","","","","","","2026-07-20T20:05:00.331Z","","","","","",""
"STOCKS","4s4ZTVbP7gGJoLH2ZPM5197JN9LM7Vo97CYNQccppump","","","","","","","","","","","","","","","","","","","","","","","","","","","","","","","","","","","","","","","","","","","","3.01e-7","","","","","","2026-07-20T20:05:00.344Z",""
"Worthless","4yw6uMj5XEcjRk2jvRxWLiVmPZRBhWw8gXaWs6wmpump","63","3","","","","","","","","","","","","","","","","","","","","","","","","","","","","","","","","","","","","0.000002282","","","","","","","2026-07-20T20:05:06.371Z","","","","","",""
"BTC","A1CWXTccUkUa9wDedY76FmshW3fTFDiP2bWVePUspump","","","","","","","","","","","","","","","","","","","","","","","","","","","","","","","","","","","","","","","","","","","","0.000002168","","","","","","2026-07-20T20:05:12.334Z",""
"STAR","EkQUNmK8Ddg8AR3N6jnKfuCf3B2a6jevJFZkjUigpump","67","5","","","","","","","","","","","","","","","","","","","","","","","","","","","","","","","","","","","","0.000002277","","","","","","","2026-07-20T20:05:18.321Z","","","","","",""
"STARTOKEN","CwvY5qc5uUBSaKiuagh2duGo1YVgDL24qh8ZtcTUpump","67","5","","","","","","","","","","","","","","","","","","","","","","","","","","","","","","","","","","","","0.000002277","","","","","","","2026-07-20T20:05:18.323Z","","","","","",""
"PVE","ALFjkK7v2eNtirEvofgsEvTNRkY4iDg2EgYdB2zUpump","71","5","","","","","","","","","","","","","","","","","","","","","","","","","","","","","","","","","","","","0.000002182","","","","","","","2026-07-20T20:05:18.349Z","","","","","",""
"BONKGUY","2j3MnrWpkTwcUipfAUE3WRZir6PE264xEt95T1Ygpump","57","1.97530864","","","","","","","","","","","","","","","","","","","","","","","","","","","","","","","","","","","","0.000002178","","","","","","","2026-07-20T20:05:30.319Z","","","","","",""
"RDOG","9Bb1VfxfdotTqQqFSnwURtEBvpkqVhG8eoT48ZMWpump","64","5","","","","","","","","","","","","","","","","","","","","","","","","","","","","","","","","","","","","0.000002961","","","","","","","2026-07-20T20:05:30.332Z","","","","","",""
"mensa","HEqSTZREBtPCTJLm8Dwb6gxbyUA3EtSFhpN2SutFpump","","","","","","","","","","","","","","","","","","","","","","","","","","","","","","","","","","","","","","","","","","","","0.000001012","","","","","","2026-07-20T20:05:36.312Z",""
"ROBODOG","AJkgn7KiMHc7Mu8ByQu5pLqHAF8qeuQydhq2qRH7pump","63","2.962962961","","","","","","","","","","","","","","","","","","","","","","","","","","","","","","","","","","","","0.000002277","","","","","","","2026-07-20T20:05:42.317Z","","","","","",""
"sh","8SBDu4ASaxreBTnTUpaEA5gFfiKiK8R1DMPxHjknpump","56","0.300000001","","","","","","","","","","","","","","","","","","","","","","","","","","","","","","","","","","","","0.000002095","","","","","","","2026-07-20T20:05:48.330Z","","","","","",""
"awd","DAufG39ug9WsSpVZAGf86CugzA656RgLfEQ6f6jfpump","","","","","","","","","","","","","","","","","","","","","","","","","","","","","","","","","","","","","","","","","","","","7.986e-7","","","","","","2026-07-20T20:05:48.374Z",""
"ELONBOT","Gjm3W2YWoEzTdmNwPU5PHfmW9Q4fX7RgEhot53nE9ugJ","69","11.85185185","","","","","","","","","","","","","","","","","","","","","","","","","","","","","","","","","","","","0.000005728","","","","","","","2026-07-20T20:05:54.349Z","","","","","",""
"po","C3oKCsBDeHuCPB1ihd4buGpUoSPBZFLeBXz5SWc1pump","80","3.950617282","","","","","","","0","0","0","906","3.950617282","0","7","1","0","0","3758.37","3","1074.4","1074.4","0.769","0.769","35.31","","0","0","1","0","0","","","","","","","0.000003758","0.000003758","","","","","","2026-07-20T20:05:54.367Z","2026-07-20T20:07:24.307Z","","","","",""
"CORGI","6KXkTG1WSy5Z3me5TQYw1nJKzMKnDPoaZTcNJDhQpump","57","3.3","","","","","","","","","","","","","","","","","","","","","","","","","","","","","","","","","","","","0.000002704","","","","","","","2026-07-20T20:06:00.309Z","","","","","",""
"spain","BWNuQcWRqK983XKZSZRxbEUVbNsAaEVVqbC3DW6ppump","61","0.200000001","","","","","","","0","0","0","902","0.200000001","0","2","1","0","0","3913.4","3","62.74","62.74","0.625","0.625","78.06","","0","0","1","0","0","","","","","","","0.000003913","0.000003913","","","","","","2026-07-20T20:06:00.362Z","2026-07-20T20:07:18.210Z","","","","",""
"7paw7","Go1KeKXtHkMsHhMXMVDnTtkaMbegFMxEUPL4KTjQpump","","","","","","","","","","","","","","","","","","","","","","","","","","","","","","","","","","","","","","","","","","","","0.000001049","","","","","","2026-07-20T20:06:00.391Z",""
"BONKGUY","9GDq6NR1szWNcaGBwdtDvDpen3wvN43pyZtPiQdbpump","57","1.97530864","","","","","","","","","","","1.97530864","0","0","0","0","0","2178.57","3","2111.79","2111.79","0.606","0.606","-11.58","","0","0","1","0","0","","","","","","","0.000002178","0.000002178","","","","","","2026-07-20T20:06:06.391Z","2026-07-20T20:07:24.149Z","","","","",""
"FI$H","Bu37rNAoMW8zwxmhjZGdhjc5dY4s7mRvxovhwH1Jpump","80","9.876543208","","","","","","","3.4","650","0","920","9.876543208","0","0","0","0","0","3834.03","3","849.38","849.38","0.667","0.667","0.06","","0","0","1","0","0","","","","","","","0.000003834","0.000003834","","","","","","2026-07-20T20:06:12.317Z","2026-07-20T20:07:30.181Z","","","","",""
"$LIQ 📉","239C1medeGaAqyYeTj4jmmF13SKdfZZ2EyTgzBLzpump","55","0.09875","","","","","","","","","","","0.09875","0","5","1","0","0","5401.58","4","2058.4","2058.4","0.697","0.697","147","","0","0","1","0","0","","","","","","","0.00001145","0.000005401","","","","","","2026-07-20T20:06:18.364Z","2026-07-20T20:08:48.165Z","","","","",""
"hsb","2pNjTMQKx39xksrgCm532K8a2W11MxhxinjPmH9vpump","55","0.300000001","","","","","","","","","","","0.300000001","0","9","1","0","0","20885.71","3","1987.6","1987.6","0.692","0.692","844","","0","0","1","0","0","","","","","","","0.00002088","0.00002088","","","","","","2026-07-20T20:06:24.324Z","2026-07-20T20:07:42.162Z","","","","",""
"ORSON","F2FAxULKcY3epWELLbzdKNpqReApHAooM19BprZKpump","59","3.703703701","","","","","","","","","","","","","","","","","","","","","","","","","","","","","","","","","","","","0.000003191","","","","","","","2026-07-20T20:06:42.305Z","","","","","",""
"TRUDY","FrAW5A3STu8snbgoG7gxDkdCrJTcFERpY4j6HafBpump","57","1.97530864","","","","","","","","","","","","","","","","","","","","","","","","","","","","","","","","","","","","0.000002178","","","","","","","2026-07-20T20:06:54.365Z","","","","","",""
"Catar","3W4z3828Aba7Zb254Sny3EScS12Y6KA8em1m8EC5pump","65","0.065000001","","","","","","","17.1","100","-87","220","0.065000001","0","0","1","0","0","3265.55","3","148.89","148.89","0.583","0.583","49.92","","0","0","1","0","0","","","","","","","0.000003265","0.000003265","","","","","","2026-07-20T20:07:00.294Z","2026-07-20T20:08:30.168Z","","","","",""
"Doglon","Ax7NF9XF6xVc1V8ghWu6VfS3T2387MF5MAx86JtVpump","57","2","","","","","","","","","","","","","","","","","","","","","","","","","","","","","","","","","","","","0.000002277","","","","","","","2026-07-20T20:07:06.303Z","","","","","",""
"ORSON","7sbo6umaxixhg7B1xbg8bSQRp8e4GPUTUYMweLk7pump","63","3","","","","","","","0","0","-67.1","904","3","0","0","0","0","0","6977.74","3","17836.96","17836.96","0.588","0.588","166","","0","0","1","0","1","","","","","","","0.000004422","0.000006977","","","","","","2026-07-20T20:07:06.343Z","2026-07-20T20:08:36.310Z","","","","",""
"ORSON","ZvrRNtjT5oCfsStCLm3bpe6E3ru2QZoqoLgZSH6pump","63","3.950617282","","","","","","","","","","","","","","","","","","","","","","","","","","","","","","","","","","","","0.000002277","","","","","","","2026-07-20T20:07:06.367Z","","","","","",""
"STAR","64pMdFX1nsPW8pb6S1kHCtnj2tyNeNYityoZQnzXpump","62","5","","","","","","","","","","","","","","","","","","","","","","","","","","","","","","","","","","","","0.000002182","","","","","","","2026-07-20T20:07:18.362Z","","","","","",""
"mensa","FDLn5JR1eUqpJHNZWyCmJA9y1rLSzkW82eyAws7apump","56","0.197530863","","","","","","","","","","","0.197530863","0","5","1","0","0","4910.72","3","123.93","123.93","0.611","0.611","123","","0","0","1","0","0","","","","","","","0.00000491","0.00000491","","","","","","2026-07-20T20:07:18.381Z","2026-07-20T20:08:54.318Z","","","","",""
"Trump","GZpUTwkSWvAi2PgzSsM3bYWQ4Y9TB2kPYSn7kaChpump","","","","","","","","","","","","","0.060000001","0","2","1","0","0","2177.46","3","4.65","4.65","1","1","0","","0","0","1","0","0","","","","","","","","0.000002177","","","","","","","2026-07-20T20:07:24.323Z","","","","",""
"TEEN","EVrY6cXqUpzJXGMyKfjmksH9DcudYfiJQo8Rf4rspump","90","5.925925924","","","","","","","0","0","0","902","5.925925924","0","0","1","0","0","3572.16","3","1542.16","1542.16","0.545","0.545","14.85","","0","0","1","0","0","","","","","","","0.000003571","0.000003572","","","","","","2026-07-20T20:07:36.361Z","2026-07-20T20:09:18.316Z","","","","",""
"Moon","9Bx6kGeYTwKq9owKN5g5awS8744YbMvPjCVUabeNpump","58","3","","","","","","","","","","","","","","","","","","","","","","","","","","","","","","","","","","","","0.000002197","","","","","","","2026-07-20T20:07:42.320Z","","","","","",""
"Doglon","GQbXrwwDqtuW7LuAA8wnaTbnCVPuzymgB3nw1JXXpump","57","1.97530864","","","","","","","","","","","1.97530864","0","0","0","0","0","2204.75","4","12815.11","12815.11","0.576","0.576","-10.51","","0","0","1","0","0","","","","","","","0.000006859","0.000002204","","","","","","2026-07-20T20:07:48.312Z","2026-07-20T20:09:54.330Z","","","","",""
"SAVECLAUDE","B1F8Tb1wGcddhpFNGhWsezWuYZ7toLUUduDeNLe4pump","63","2.962962961","","","","","","","0","0","-4.7","904","2.962962961","0","0","0","0","0","2277.18","3","536.99","536.99","0.571","0.571","-13.03","","0","0","1","0","0","","","","","","","0.000002277","0.000002277","","","","","","2026-07-20T20:07:54.353Z","2026-07-20T20:09:36.189Z","","","","",""
"prompt","HGwFdiiDFseFJuSFvjQD6yhfSX5JAi2AMRmjHZ3Epump","60","2.4691358","","","","","","","","","","","","","","","","","","","","","","","","","","","","","","","","","","","","0.000002168","","","","","","","2026-07-20T20:08:00.371Z","","","","","",""
"PEPE","zv7CnM82j54d78xSFyTjGfEYwHufbrfKnkgrKXopump","71","5.000000001","","","","","","","0","0","-1.9","904","5.000000001","0","0","0","0","0","2210.61","3","800.36","800.36","0.571","0.571","-25.11","","0","0","1","0","0","","","","","","","0.00000221","0.00000221","","","","","","2026-07-20T20:08:06.290Z","2026-07-20T20:09:36.178Z","","","","",""
"TCB","AYBKqaiR6F9411S9QSDY3B6c7P9gMxQ6kTsMGwatpump","","","","","","","","","","","","","","","","","","","","","","","","","","","","","","","","","","","","","","","","","","","","2.277e-7","","","","","","2026-07-20T20:08:06.295Z",""
"awd","CPzfYmiMMocmUEZyjtv5XpiPBeL6tCJ1NGRCfUuTpump","","","","","","","","","","","","","","","","","","","","","","","","","","","","","","","","","","","","","","","","","","","","3.674e-7","","","","","","2026-07-20T20:08:06.301Z",""
"mensa","C3PnecgfN83Vu6FtDoPNnDWPoPjRC4UUjMnx6AtGpump","55","0.197530863","","","","","","","","","","","0.197530863","0","6","1","0","0","3103.7","3","129.13","129.13","0.632","0.632","41.24","","0","0","1","0","0","","","","","","","0.000003103","0.000003103","","","","","","2026-07-20T20:08:18.358Z","2026-07-20T20:09:42.142Z","","","","",""
"up","CZRDvMomaEfsiCobt7Vcy5JKJaQr1jbM1fXSHZqUpump","62","5","","","","","","","","","","","","","","","","","","","","","","","","","","","","","","","","","","","","0.000002169","","","","","","","2026-07-20T20:08:36.322Z","","","","","",""
"mensa","FAXiyxF27VgLakbokZZN4QwL3mjkAgS6uJmBNej6pump","","","","","","","","","","","","","","","","","","","","","","","","","","","","","","","","","","","","","","","","","","","","9.537e-7","","","","","","2026-07-20T20:08:42.318Z",""
"NISSAN","AH6woKCMQ9U1vqxZBH6EdW4r7guKvaRvh6t1zY2Zpump","","","","","","","","","","","","","","","","","","","","","","","","","","","","","","","","","","","","","","","","","","","","5.148e-7","","","","","","2026-07-20T20:08:42.339Z",""
"GAC","HEukhiVX3pgaCRePAwdbMTmtE2iKLbukLVwPC6Vipump","","","","","","","","","","","","","","","","","","","","","","","","","","","","","","","","","","","","","","","","","","","","5.316e-7","","","","","","2026-07-20T20:09:06.321Z",""
"BGP","9aYQSpzKRGM11wtHkBG4mhrN1dEpPCoEgksY4bwHpump","","","","","","","","","","","","","","","","","","","","","","","","","","","","","","","","","","","","","","","","","","","","2.679e-7","","","","","","2026-07-20T20:09:12.290Z",""
"OPEN","DQTMLc1kNf2JS9MHJf2Bf49MophsJuVRXPVhySkApump","61","0.069135801","","","","","","","","","","","","","","","","","","","","","","","","","","","","","","","","","","","","0.000001381","","","","","","0.000001152","2026-07-20T20:09:12.348Z","","","","","2026-07-20T20:10:06.325Z",""
"SKIDCAT","3ZEsg5n9WPa6v8BcwokS1pNi9RK3kqdshfvVdJNkpump","","","","","","","","","","","","","","","","","","","","","","","","","","","","","","","","","","","","","","","","","","","","7.702e-7","","","","","","2026-07-20T20:09:12.350Z",""
"Cry","2z4Lp5xgwR3ZnEZYUJTs1hF84T1zaEcTouakL8u6pump","59","0.100000001","","","","","","","","","","","0.100000001","0","2","1","0","0","2023.05","3","203.48","203.48","0.551","0.551","-7.39","","0","0","1","0","0","","","","","","","0.000001563","0.000002023","","","","","","2026-07-20T20:09:30.295Z","2026-07-20T20:10:30.082Z","","","","",""
"STABLECAT","C3JjQy7PDTrcqiZgkSQVw7nUHxgosSsVtvbix8P3pump","61","2.598781838","","","","","","","","","","","","","","","","","","","","","","","","","","","","","","","","","","","","0.000004014","","","","","","","2026-07-20T20:09:36.328Z","","","","","",""
"LIT BULL","DjpSVkTJnZMDaZEqQS16CvMEspSwreN92Xurnc9Zpump","57","0.200000001","","","","","","","","","","","","","","","","","","","","","","","","","","","","","","","","","","","","0.000002708","","","","","","","2026-07-20T20:09:36.334Z","","","","","",""
"SERVED","5zTsz7Vs1WDmF2wdBN8RtY8MoXeQSeLFdJDHGJaopump","57","1.97530864","","","","","","","","","","","","","","","","","","","","","","","","","","","","","","","","","","","","0.000005829","","","","","","","2026-07-20T20:09:48.341Z","","","","","",""
"up","8ahq9HFKBTJLXdyMCvAg5z9Jz2wBKXVfXAZy3JxApump","57","1.97530864","","","","","","","","","","","1.97530864","0","0","0","0","0","2169.9","3","3795.5","3795.5","0.604","0.604","-11.97","","0","0","1","0","0","","","","","","","0.000002169","0.000002169","","","","","","2026-07-20T20:09:48.350Z","2026-07-20T20:10:48.080Z","","","","",""
"up","4BBGkjftXaHgL8z4N27zEnkHzhVGaGNQT1rX3Y5apump","63","3","","","","","","","","","","","","","","","","","","","","","","","","","","","","","","","","","","","","0.000002169","","","","","","","2026-07-20T20:10:12.349Z","","","","","",""
"Biberty","HrqszGDCmATiw1bMXz1HAPYFVqJorX2zR7yieKYXpump","61","3.5","","","","","","","","","","","","","","","","","","","","","","","","","","","","","","","","","","","","0.000002278","","","","","","","2026-07-20T20:10:24.296Z","","","","","",""
"Biberty","AdKfBVcxwXtnTMpywdy2BY67RM6CT62mSNuALcADpump","55","1.679012343","","","","","","","","","","","","","","","","","","","","","","","","","","","","","","","","","","","","0.000009104","","","","","","","2026-07-20T20:10:36.302Z","","","","","",""
"THUNDER","8BQBz9Rps8SAGhRL9itqmj7JMSk1njuJ51mtHKA4pump","","","","","","","","","","","","","","","","","","","","","","","","","","","","","","","","","","","","","","","","","","","","0.000001232","","","","","","2026-07-20T20:11:00.383Z",""
"Biberty","FFwDfyneYCJumDeyh561CsgzzeQTMWhwqZyaYiwSpump","57","1.97530864","","","","","","","","","","","","","","","","","","","","","","","","","","","","","","","","","","","","0.000002278","","","","","","","2026-07-20T20:11:06.330Z","","","","","",""
"pumpit","4NzshX8TbBPnyHSK1JR7x2RdsiAReVq7XwMWte5dpump","","","","","","","","","","","","","","","","","","","","","","","","","","","","","","","","","","","","","","","","","","","","4.409e-7","","","","","","2026-07-20T20:11:06.331Z",""
"US","gW3r8dEGDtWDa7ubTkctHTYNjvNP9cMKqytBCnzpump","63","3","","","","","","","","","","","","","","","","","","","","","","","","","","","","","","","","","","","","0.000002169","","","","","","","2026-07-20T20:11:12.341Z","","","","","",""
"CLUB","BjMF9uTYEenDvazejemUsc27dy7LZvGzytMTYpYipump","","","","","","","","","","","","","","","","","","","","","","","","","","","","","","","","","","","","","","","","","","","","2.555e-7","","","","","","2026-07-20T20:11:12.347Z",""
"duge","GQzyzWPZRYswe7FpDe4aygEFEesALawtHwvUrWD3pump","56","3.3","","","","","","","","","","","","","","","","","","","","","","","","","","","","","","","","","","","","0.000002278","","","","","","","2026-07-20T20:11:18.301Z","","","","","",""
"Marciana","2ZHpgqVbseyeBe93VaT9cScQhbH9dirh1mYdxpavpump","63","3","","","","","","","","","","","","","","","","","","","","","","","","","","","","","","","","","","","","0.000002285","","","","","","","2026-07-20T20:11:30.286Z","","","","","",""
"TTD","B1Fux9AaCNGTH6aYXhj2houwEAKamU4V33NUxbDyeaFq","67","11.85185185","","","","","","","","","","","","","","","","","","","","","","","","","","","","","","","","","","","","0.000002619","","","","","","","2026-07-20T20:11:36.296Z","","","","","",""
"DUCK","6wXdTJLSM3c5J11FxWJt5G3f36tGnszATwUNifWtpump","61","5","","","","","","","","","","","","","","","","","","","","","","","","","","","","","","","","","","","","0.000002169","","","","","","","2026-07-20T20:11:36.306Z","","","","","",""
"DUCK","6bmdph2YD94Q7EydFVvRDhDR4XVAC9saYpVYNbW5dFSv","66","7","","","","","","","","","","","","","","","","","","","","","","","","","","","","","","","","","","","","0.000002619","","","","","","","2026-07-20T20:11:36.307Z","","","","","",""
"DUCK","H77qMEDt7nRKjqNaUpeZe6oTmWuYPSBcm7RCKVHnoNFH","","","","","","","","","","","","","","","","","","","","","","","","","","","","","","","","","","","","","","","","","","","","0.000002169","","","","","","2026-07-20T20:11:36.313Z",""
"duck","Bw2yPiAtNFGkGfLQscpohLpVMBCS9heaGHdzATWqzMpU","67","11.85185185","","","","","","","","","","","","","","","","","","","","","","","","","","","","","","","","","","","","0.00000714","","","","","","","2026-07-20T20:11:42.310Z","","","","","",""
"FIFESOL","BaTpicK6ci6sX6Nyu8jphdHScG7MGi4ddryf9saYpump","93","1.500000001","","","","","","","","","","","","","","","","","","","","","","","","","","","","","","","","","","","","0.000002929","","","","","","","2026-07-20T20:11:42.334Z","","","","","",""
"DUCKY","9h3K85p3eCjVcqdb6b2Gth93w3WeDvHiUS6sDd6ipump","64","5","","","","","","","","","","","","","","","","","","","","","","","","","","","","","","","","","","","","0.000002278","","","","","","","2026-07-20T20:11:42.336Z","","","","","",""
"MOG","F125u1Vghk3xL5m1mSzp3MkY3vqGEbeVqot7qbGCpump","57","1.97530864","","","","","","","","","","","","","","","","","","","","","","","","","","","","","","","","","","","","0.000002169","","","","","","","2026-07-20T20:11:48.321Z","","","","","",""
"LAMESSI$","239CAfJbj5TyknuAvKhPvoJU4JqgUbqe4g9hwsRepump","66","0.128375","","","","","","","","","","","","","","","","","","","","","","","","","","","","","","","","","","","","0.00001486","","","","","","","2026-07-20T20:11:48.451Z","","","","","",""
"RUBBERDUCK","2UtvY4dTKy8byNCbgPUZbJwCYxLW1rpNh1fLAUioCS1k","68","5.599999999","","","","","","","","","","","","","","","","","","","","","","","","","","","","","","","","","","","","0.000002169","","","","","","","2026-07-20T20:11:48.459Z","","","","","",""
"CLUB","35GqWs5epZQtKhaUVbV3cedSkHqbAHhVwbAoc6tKpump","86","3.950617282","","","","","","","","","","","","","","","","","","","","","","","","","","","","","","","","","","","","0.000003409","","","","","","","2026-07-20T20:11:48.487Z","","","","","",""
"duck","25Q1kAaMPQjXFhipmwjs85XcD8odSFkwvyfoZf9kpump","60","5","","","","","","","","","","","","","","","","","","","","","","","","","","","","","","","","","","","","0.000002432","","","","","","","2026-07-20T20:12:00.390Z","","","","","",""
"LIT BULL","4VesXDwsPhbyHsiLjts7sRP4WRVYxhmA2RHkWdNBpump","56","0.200000001","","","","","","","","","","","","","","","","","","","","","","","","","","","","","","","","","","","","0.000003132","","","","","","","2026-07-20T20:12:12.283Z","","","","","",""
"Sunny","4pwFmdjHPKcNzhZTeH75Y5UoAMtNTTEvtxV7tN5Kpump","71","5","","","","","","","","","","","","","","","","","","","","","","","","","","","","","","","","","","","","0.000002278","","","","","","","2026-07-20T20:12:12.293Z","","","","","",""
"Marciana","Fy2JnNTtnEQFszhgVmzxKorW9SGGwCUyJjeV1zGXpump","57","1.97530864","","","","","","","","","","","","","","","","","","","","","","","","","","","","","","","","","","","","0.00000217","","","","","","","2026-07-20T20:12:18.293Z","","","","","",""
"SUBI","6qYbnvcn8upRg9FjBwPbNbhmEa19Wj1EEEofZuZDpump","56","4.099999999","","","","","","","","","","","","","","","","","","","","","","","","","","","","","","","","","","","","0.000002169","","","","","","","2026-07-20T20:12:24.286Z","","","","","",""
"DUCK","8vFS6FNjoXaEN26JuTr4XhKrEqcXp71q7aNzEH2oe2Wn","59","5","","","","","","","","","","","","","","","","","","","","","","","","","","","","","","","","","","","","0.000002169","","","","","","","2026-07-20T20:12:24.291Z","","","","","",""
"Badeente","5mqBQsJJ1hSBMV4ERTyCWaUYc5Ln4QLEXxbVwNSkpump","56","3","","","","","","","","","","","","","","","","","","","","","","","","","","","","","","","","","","","","0.000002278","","","","","","","2026-07-20T20:12:30.299Z","","","","","",""
"1","Cessj2EwHpQi54bXkabJU6ZDYL5QYmyaDQY3VvcTpump","64","5","","","","","","","","","","","","","","","","","","","","","","","","","","","","","","","","","","","","0.000002178","","","","","","","2026-07-20T20:12:30.307Z","","","","","",""
"subi","FCnNZ6h1R5t8gHSdSVhzrU7DP4wnxJnX6YJpb7dSpump","64","3.190123455","","","","","","","","","","","","","","","","","","","","","","","","","","","","","","","","","","","","0.000002278","","","","","","","2026-07-20T20:12:36.312Z","","","","","",""
"NILF","2x3UQ6hqmuHY1ybpJdsZvSwmmiETWkMqsRBvod5qpump","70","4.938271603","","","","","","","","","","","","","","","","","","","","","","","","","","","","","","","","","","","","0.000002325","","","","","","","2026-07-20T20:12:36.314Z","","","","","",""
"cyberduck","BTEzUvZndfiALgoECrHsGZ2YfdxTg2XMnmqtBXsQpump","71","5","","","","","","","","","","","","","","","","","","","","","","","","","","","","","","","","","","","","0.000002169","","","","","","","2026-07-20T20:12:36.315Z","","","","","",""
"NILF","7rcDQ78aCDzd8dRXEU45gduXMZ46cwEXFu13zXKXzRmx","64","7","","","","","","","","","","","","","","","","","","","","","","","","","","","","","","","","","","","","0.000002169","","","","","","","2026-07-20T20:12:36.336Z","","","","","",""
"JTC","GeW5gdhiHxHb2Toh9BQqwp9qjtrEs8eHm8ahTgupTske","","","","","","","","","","","","","","","","","","","","","","","","","","","","","","","","","","","","","","","","","","","","2.757e-7","","","","","","2026-07-20T20:12:42.358Z",""
"SUBI","8FVYXYRjy6HR7d3zC8s2mjo7yXXtAtV4UXw7K6Xzpump","60","5.432098763","","","","","","","","","","","","","","","","","","","","","","","","","","","","","","","","","","","","0.000002818","","","","","","","2026-07-20T20:12:42.360Z","","","","","",""
"NILF","4xVvZcw7YmY75xYfbuCG5zB2TH5PBnjCbESfb7o1pump","71","5","","","","","","","","","","","","","","","","","","","","","","","","","","","","","","","","","","","","0.000002187","","","","","","","2026-07-20T20:12:48.273Z","","","","","",""
"LAMESSI$","239CKcJET6Lp2tBMsoYNz9f3kygaSsAntTzzSbj7pump","","","","","","","","","","","","","","","","","","","","","","","","","","","","","","","","","","","","","","","","","","","","8.148e-7","","","","","","2026-07-20T20:12:48.342Z",""
"NILF","DqsYo5Fr7VbKBy5vberNvzHqUHMmsuyQWtoKD6Jnpump","60","5.432098763","","","","","","","","","","","","","","","","","","","","","","","","","","","","","","","","","","","","0.000002169","","","","","","","2026-07-20T20:12:54.295Z","","","","","",""
"duck","9k8FDpmaWrPvKNL45CW5VDq2oKCdZV9T38SMLeUwpump","57","1.97530864","","","","","","","","","","","","","","","","","","","","","","","","","","","","","","","","","","","","0.000002218","","","","","","","2026-07-20T20:12:54.309Z","","","","","",""
"GREMLINS","KVRnQSGjLn8hdqxdvYtC9YpdzxTJk1sG1pwFWqJpump","90","5.925925924","","","","","","","","","","","","","","","","","","","","","","","","","","","","","","","","","","","","0.000002067","","","","","","","2026-07-20T20:13:00.311Z","","","","","",""
"NILF","Gy532Bg72gadNMDP4Z77MA3Mk9NXku6sb3dVqTHypump","","","","","","","","","","","","","","","","","","","","","","","","","","","","","","","","","","","","","","","","","","","","0.000002278","","","","","","2026-07-20T20:13:00.334Z",""
"LIT BULL","6pLK7rJXet2SASfc8RcoXTGfT2ZeX1cwjBs1Lv1epump","","","","","","","","","","","","","","","","","","","","","","","","","","","","","","","","","","","","","","","","","","","","2.594e-7","","","","","","2026-07-20T20:13:06.411Z",""
"Furby","Grt14HbxCojgb9zFiwsySzWTrqgLjKPRRvc1BQSYpump","58","2.962962961","","","","","","","","","","","","","","","","","","","","","","","","","","","","","","","","","","","","0.000002278","","","","","","","2026-07-20T20:13:06.417Z","","","","","",""
"CAPY","G9j5ASyhYKzZ2rwFkcMNAevfSVqVuiV4kh5AVWkxpump","","","","","","","","","","","","","","","","","","","","","","","","","","","","","","","","","","","","","","","","","","","","8.063e-7","","","","","","2026-07-20T20:13:06.505Z",""
"NILF","CbrAZmfseM8pWpZFwFYVfyQQ622PLP23ucTy5MXYpump","59","3.190123455","","","","","","","","","","","","","","","","","","","","","","","","","","","","","","","","","","","","0.000002194","","","","","","","2026-07-20T20:13:18.299Z","","","","","",""
"NILF","FCLFpqjxhuoqq7ccCwQZhBNPUaRRqG1jS6SnFYKetFy1","58","5.234567899","","","","","","","","","","","","","","","","","","","","","","","","","","","","","","","","","","","","0.000002278","","","","","","","2026-07-20T20:13:24.308Z","","","","","",""
"NILF","7JNcwAkwbfKsNnoU4A229oKLZfDqW64jknZVJJugpump","63","3","","","","","","","","","","","","","","","","","","","","","","","","","","","","","","","","","","","","0.000002239","","","","","","","2026-07-20T20:13:24.321Z","","","","","",""
"GAC","GmyVGVBHPbacoSPBKs9TJivWkFETwSVurdAo3YpBpump","61","0.700000001","","","","","","","","","","","","","","","","","","","","","","","","","","","","","","","","","","","","0.000002943","","","","","","","2026-07-20T20:13:30.309Z","","","","","",""
"NILF","DcLSBQ8iL3Zotb2Yoqmd2wKU41U7UrweR9HosmPUpump","59","5.432098763","","","","","","","","","","","","","","","","","","","","","","","","","","","","","","","","","","","","0.000002168","","","","","","","2026-07-20T20:13:36.311Z","","","","","",""
"NILF","7hrfRsXqwcPX7XC1BSgtWKxpZ9TgM7361azQkUsipump","61","5","","","","","","","","","","","","","","","","","","","","","","","","","","","","","","","","","","","","0.000002617","","","","","","","2026-07-20T20:13:36.340Z","","","","","",""
"BOUT2019","6C27HZvxkb1nvW7TRo2oEWoHKjVPJjdAhkJb9GzrRBLS","69","10","","","","","","","","","","","","","","","","","","","","","","","","","","","","","","","","","","","","0.000002617","","","","","","0.000002168","2026-07-20T20:13:36.350Z","","","","","2026-07-20T20:14:12.326Z",""
"GREMLINS","7RTivQYPihDYwG8gWi4Zt8yFs9fqKWFuzbzyQr46pump","89","5.925925924","","","","","","","","","","","","","","","","","","","","","","","","","","","","","","","","","","","","0.000001988","","","","","","","2026-07-20T20:13:42.370Z","","","","","",""
"NILF","DcXX79NozcWJLsE69Gzn7XENTzyVBx5nPnVBz3Qopump","64","5","","","","","","","","","","","","","","","","","","","","","","","","","","","","","","","","","","","","0.000002168","","","","","","","2026-07-20T20:13:48.353Z","","","","","",""
"FIFESOL","BH7VJx9K6xvPQaRnhpEHwYPzyRN5K2zmF6wSBxmppump","91","1.550000001","","","","","","","","","","","","","","","","","","","","","","","","","","","","","","","","","","","","0.00001192","","","","","","","2026-07-20T20:13:48.354Z","","","","","",""
"ANSEM","Cuv6gT8MmZRTjY3SCGeYVbyTj7rBLRCDhr3WszPZpump","69","0.296296295","","","","","","","","","","","","","","","","","","","","","","","","","","","","","","","","","","","","0.000006919","","","","","","","2026-07-20T20:13:48.356Z","","","","","",""
"NILF","BthyJpxNx1NLjzXashAmyhs1ULfETNZUvikqaVsGBJPG","","","","","","","","","","","","","","","","","","","","","","","","","","","","","","","","","","","","","","","","","","","","0.000002168","","","","","","2026-07-20T20:13:54.295Z",""
"BC","BpWvukLdKNuM5NVbetCvcxfv8x9keMftUpqvxsBZpump","62","0.250000001","","","","","","","","","","","","","","","","","","","","","","","","","","","","","","","","","","","","0.00000227","","","","","","5.785e-7","2026-07-20T20:14:06.363Z","","","","","2026-07-20T20:14:42.351Z",""
"BULL","Dsas38wwLyzgKoCbb6ADaf4Eo4TyUgBndDm9perkpump","","","","","","","","","","","","","","","","","","","","","","","","","","","","","","","","","","","","","","","","","","","","6.363e-7","","","","","","2026-07-20T20:14:06.373Z",""
"NILF","257AG4QoB3Mu26Ay98foyu7Q47XKq7sk94r5xZodpump","63","3","","","","","","","","","","","","","","","","","","","","","","","","","","","","","","","","","","","","0.000002276","","","","","","","2026-07-20T20:14:12.319Z","","","","","",""
"GREMLINS","4H5UnXDPNwTMHuGxnLTC6QW1LRvynv4VgbJQBxEMpump","","","","","","","","","","","","","","","","","","","","","","","","","","","","","","","","","","","","","","","","","","","","0.000001482","","","","","","2026-07-20T20:14:24.321Z",""
"GENRO","CYA4RqahufYWwwB98Yb3yJErAe5CQuZBMD9FVxxapump","","","","","","","","","","","","","","","","","","","","","","","","","","","","","","","","","","","","","","","","","","","","3.28e-7","","","","","","2026-07-20T20:14:24.324Z",""
"ANSEM","9GqHQcavdYhnebsitp1kCYGBWWJG8EauoaSXzJnXpump","63","0.197530863","","","","","","","0","0","0","920","0.197530863","0","1","1","0","0","3958.31","3","79.4","79.4","0.692","0.692","80.18","","0","0","1","0","0","","","","","","","0.000003958","0.000003958","","","","","","2026-07-20T20:14:30.294Z","2026-07-20T20:15:30.095Z","","","","",""
"NILF","5SNvjxswJ3ohYPtGNwPbkGRrowXR5r6wZASg9onnpump","","","","","","","","","","","","","","","","","","","","","","","","","","","","","","","","","","","","","","","","","","","","0.000002276","","","","","","2026-07-20T20:14:36.300Z",""
"trump","BuBMjWKRseoDKw6dqtWDpXBduSPgPVvLnHmGDNVupump","55","0.060000001","","","","","","","","","","","","","","","","","","","","","","","","","","","","","","","","","","","","0.000001697","","","","","","5.604e-7","2026-07-20T20:14:36.368Z","","","","","2026-07-20T20:15:12.298Z",""
"NILF","EWbYYazNR4HSBCnzSoaWa8NQnmGGshNYHqewy8eQpump","71","5","","","","","","","","","","","","","","","","","","","","","","","","","","","","","","","","","","","","0.00000229","","","","","","","2026-07-20T20:14:42.299Z","","","","","",""
"LEMESSI$","239ChWvNRXZUgr4ciKQT5csGQoHLdNLV9Uc21dVDpump","","","","","","","","","","","","","","","","","","","","","","","","","","","","","","","","","","","","","","","","","","","","3.9e-7","","","","","","2026-07-20T20:14:48.359Z",""
"SILENCED","GU859opmBQ2j3HEu3ycGKgMSBSz3pB8usfCMezTgpump","57","1.97530864","","","","","","","","","","","1.97530864","0","0","0","0","0","2276.61","3","1062.48","1062.48","0.583","0.583","-7.57","","0","0","1","0","0","","","","","","","0.000002276","0.000002276","","","","","","2026-07-20T20:14:48.366Z","2026-07-20T20:15:54.084Z","","","","",""
"GREMLINS","8jwwh8dbZJwfvdDwA1LUadSc9eUSd9zwi3jdyTfcpump","80","2.962962961","","","","","","","","","","","","","","","","","","","","","","","","","","","","","","","","","","","","0.000002041","","","","","","","2026-07-20T20:14:54.352Z","","","","","",""
"gBTC","uLyZpjGgJkbTCS2tVuQQYjyt2WpRjiiR68xvSzhaNYk","67","11.85185185","","","","","","","","","","","","","","","","","","","","","","","","","","","","","","","","","","","","0.000002617","","","","","","0.000002168","2026-07-20T20:15:12.290Z","","","","","2026-07-20T20:16:00.313Z",""
"ANSEM","9VvXVctjRfGfvxZjYw3cQdPvHqMttnAbLcPJx6LRpump","","","","","","","","","","","","","","","","","","","","","","","","","","","","","","","","","","","","","","","","","","","","2.133e-7","","","","","","2026-07-20T20:15:12.315Z",""
"BTC","CvCWFhEQX7xAP5uwfupRYAWmUye8GztZRFYeFGTFpump","","","","","","","","","","","","","","","","","","","","","","","","","","","","","","","","","","","","","","","","","","","","0.000002276","","","","","","2026-07-20T20:15:18.359Z",""
"GONORO","F6649AZqbyxRJqCZjAMTbeyGcto4kTFw7agD5yYepump","57","1.97530864","","","","","","","","","","","","","","","","","","","","","","","","","","","","","","","","","","","","0.000002173","","","","","","","2026-07-20T20:15:18.361Z","","","","","",""
"SPICYCAT","Beim3MvETo14UBR1gNrBMgcDTqxmp6WzKFRS4QVbpump","59","0.200000001","","","","","","","","","","","","","","","","","","","","","","","","","","","","","","","","","","","","0.000006502","","","","","","8.976e-7","2026-07-20T20:15:36.353Z","","","","","2026-07-20T20:16:18.376Z",""
"Bitcoin","6JHwEyFc1AEYV6rNjJcpHqgVZGUKLpyThbgAx58ipump","","","","","","","","","","","","","","","","","","","","","","","","","","","","","","","","","","","","","","","","","","","","0.000002254","","","","","","2026-07-20T20:15:48.302Z",""
"WHITEWHALE","6TbdVu2NYRnHfpSjQeWK6bNAb5EaxsZBp7UCYxrrsqx6","","","","","","","","","","","","","","","","","","","","","","","","","","","","","","","","","","","","","","","","","","","","0.000002172","","","","","","2026-07-20T20:15:54.324Z",""
"BULL","EH3DdKeUY4MrC7oiVrKpR1qHTVnvsAQxtQEbtdCipump","","","","","","","","","","","","","","","","","","","","","","","","","","","","","","","","","","","","","","","","","","","","2.106e-7","","","","","","2026-07-20T20:15:54.332Z",""
"Ichigoman ","6CMcFPjuZh2ymeCVvveaiq2whp3yLR2cYKcXN47ypump","62","5","","","","","","","","","","","","","","","","","","","","","","","","","","","","","","","","","","","","0.000002187","","","","","","","2026-07-20T20:16:06.305Z","","","","","",""
"Bench","FJLPF287sTryHL7AUUxmjCWaqW4BxYsXVLqSZ9YKpump","","","","","","","","","","","","","","","","","","","","","","","","","","","","","","","","","","","","","","","","","","","","7.224e-7","","","","","","2026-07-20T20:16:12.292Z",""
"FS","zUDQJ3x8X7G4ZQ3iEEHdjG1k9i5vtTzpicEsZD8pump","","","","","","","","","","","","","","","","","","","","","","","","","","","","","","","","","","","","","","","","","","","","9.984e-7","","","","","","2026-07-20T20:16:12.312Z",""
"Ichigoman ","ERJ8fWxWQGA4tYVQkLuSae2HhoSAjb69nMSgssh6pump","57","1.97530864","","","","","","","","","","","","","","","","","","","","","","","","","","","","","","","","","","","","0.000002279","","","","","","","2026-07-20T20:16:18.372Z","","","","","",""
"SuperE","B8v6ZtrU3e8oiGXrETZR41R49RqvdJxy1HHL5Zztpump","","","","","","","","","","","","","","","","","","","","","","","","","","","","","","","","","","","","","","","","","","","","4.568e-7","","","","","","2026-07-20T20:16:30.286Z",""
"OCTO","EX3X9mnkZCArB6LNqWV4d4J5tJ87u2meVDErzcdWpump","90","5.925925924","","","","","","","0","0","0","914","5.925925924","0","0","1","0","0","2750.1","3","1467.98","1467.98","0.6","0.6","-11.56","","0","0","1","0","0","","","","","","","0.00000275","0.00000275","","","","","","2026-07-20T20:16:30.324Z","2026-07-20T20:17:36.151Z","","","","",""
"CAPY","8YQ1Q5JLeb4zHbTxQQUcTALLSrQvAJvwDSYufYF6pump","62","0.493827159","","","","","","","0","0","0","904","0.493827159","0","4","1","0","0","1454.21","3","107.11","107.11","0.571","0.571","-35.09","","0","0","1","0","0","","","","","","","0.000001454","0.000001454","","","","","","2026-07-20T20:16:30.336Z","2026-07-20T20:17:36.158Z","","","","",""
"WATERMELON","2A7wzoTHVzBEV9v6fTxnt52ASy8ryuWUa9C2e4Cv5sJn","62","7","","","","","","","","","","","","","","","","","","","","","","","","","","","","","","","","","","","","0.000002187","","","","","","","2026-07-20T20:16:36.286Z","","","","","",""
"awd","94xFS3CsVBfD1ihNg7AuPQERLELmHAqiPXdcyZN5pump","","","","","","","","","","","","","","","","","","","","","","","","","","","","","","","","","","","","","","","","","","","","6.36e-7","","","","","","2026-07-20T20:16:36.358Z",""
"WATERMELON","CZQg45UCSJPRmitk8KKuW6n9Dk8RXhX3zzEjBUuopump","97","7","","","","","","","","","","","","","","","","","","","","","","","","","","","","","","","","","","","","0.000002168","","","","","","","2026-07-20T20:16:48.354Z","","","","","",""
"WATERMELON","8cxdD5aucpnTsGmsZdV6WRVNhv6KF6ShDnZph1XHpump","56","3","","","","","","","","","","","","","","","","","","","","","","","","","","","","","","","","","","","","0.000002168","","","","","","","2026-07-20T20:16:54.318Z","","","","","",""
"FIFESOL","AE6xBkuG1SuLsnKRrRxW2LTKGeBdaKCaeACYSb6Wpump","","","","","","","","","","","","","","","","","","","","","","","","","","","","","","","","","","","","","","","","","","","","1.862e-7","","","","","","2026-07-20T20:17:06.283Z",""
"ANSEMEY","9xerdRu9mKY1gMM47DEguZkotKFDuDBjx4L41w9zpump","","","","","","","","","","","","","","","","","","","","","","","","","","","","","","","","","","","","","","","","","","","","0.000001458","","","","","","2026-07-20T20:17:18.314Z",""
"MOLY$","Gt11tLFFyPJr5pCKfRvUboipazEzsULF4h2DSer5pump","","","","","","","","","","","","","","","","","","","","","","","","","","","","","","","","","","","","","","","","","","","","8.431e-7","","","","","","2026-07-20T20:17:24.383Z",""
"Ball","2sgh6Di7bnnUsKoxw7qTdZgfUkV5Ws6cZC1H34Lzpump","58","0.060000001","","24.182","","","","","","","","","0.060000001","0","2","1","0","0","3110.49","3","800.19","800.19","0.583","0.583","42.89","","0","0","1","0","0","-82.64308681672026","","","","","","0.000001922","0.00000311","","","5.398e-7","","5.398e-7","2026-07-20T20:17:30.280Z","2026-07-20T20:18:30.125Z","","","2026-07-20T20:18:54.307Z","2026-07-20T20:18:54.305Z",""
"WATERMELON","3waUMJ2D3EmVkDcspwmVqpNv2nzaURKYeGCfBLrGpump","57","1.97530864","","","","","","","","","","","1.97530864","0","0","0","0","0","2276.61","3","1730.98","1730.98","0.632","0.632","-7.57","","0","0","1","0","0","","","","","","","0.000002276","0.000002276","","","","","","2026-07-20T20:17:42.341Z","2026-07-20T20:18:48.085Z","","","","",""
"ROBOT","7MtwWdVvAZdDT36NRJaBgiG7k7Tg4hFn9M4hKz2upump","62","5","","","","","","","","","","","","","","","","","","","","","","","","","","","","","","","","","","","","0.000002529","","","","","","","2026-07-20T20:17:48.290Z","","","","","",""
"BLINK","2xBen1CoB7UCUVDp6GHcdPRpPySKk58yXyxTFwpw4pRS","","","","","","","","","","","","","","","","","","","","","","","","","","","","","","","","","","","","","","","","","","","","0.000003872","","","","","","2026-07-20T20:17:54.286Z",""
"USOH","AnfBNcUPj3rKiasC7thvhcdn3nYmJaRopbACRDs8Ffva","","","","","","","","","","","","","","","","","","","","","","","","","","","","","","","","","","","","","","","","","","","","2.065e-7","","","","","","2026-07-20T20:17:54.307Z",""
"ANSEMEY","7F9S1ZWMwHncwsRKSK5qarnGrTriu4NHSmvQYwx3pump","92","11.85185185","","","","","","","","","","","","","","","","","","","","","","","","","","","","","","","","","","","","0.00000296","","","","","","","2026-07-20T20:17:54.312Z","","","","","",""
"LAMESSI$","239DJK5eyCCDo2PXNa72yXip3WVWmNuHtEAvJUdApump","","","","","","","","","","","","","","","","","","","","","","","","","","","","","","","","","","","","","","","","","","","","3.249e-7","","","","","","2026-07-20T20:18:12.376Z",""
"BOOSTER","BDMokWvyDrB1Lf1ccyn5mdeB2HUQE1rZowpBBYAPpump","70","4.938271603","","","","","","","1.7","36","-37.3","916","4.938271603","0","0","0","0","0","3406.12","3","1622.16","1622.16","0.75","0.75","15.82","","0","0","1","0","0","","","","","","","0.00000294","0.000003406","","","","","","2026-07-20T20:18:12.381Z","2026-07-20T20:19:24.077Z","","","","",""
"Ball","381qFCR3t578bmF9MgBBYw7NQB7NKU2dBWzcXFpHpump","57","0.060000001","","","","","","","","","","","","","","","","","","","","","","","","","","","","","","","","","","","","0.000001861","","","","","","","2026-07-20T20:18:18.307Z","","","","","",""
"pug","7dZPu54mtKVkR7BmUBEyPppU2y9hcZU9beLVcqPRpump","60","2.4691358","","","","","","","","","","","","","","","","","","","","","","","","","","","","","","","","","","","","0.00000217","","","","","","","2026-07-20T20:18:24.296Z","","","","","",""
"SuperE","9injSD2CAAEPwpHZCPUrUSivvQ4zV21wxL32f3Vepump","58","0.060000001","","","","","","","","","","","0.060000001","0","2","1","0","0","4151.14","3","24.58","24.58","0.556","0.556","90.69","","0","0","1","0","0","","","","","","","0.000004151","0.000004151","","","","","","2026-07-20T20:18:24.338Z","2026-07-20T20:19:42.146Z","","","","",""
"Nerpoder","4JGFRCgK4KsYi1XnH8mz7uu8Nfiybw3XYWtkRbbqpump","69","7.6","","","","","","","","","","","","","","","","","","","","","","","","","","","","","","","","","","","","0.000002335","","","","","","","2026-07-20T20:18:30.360Z","","","","","",""
"6ix7even","9bGY7U6mEVAcadqrYMdZhvYZo2fvSEZ8vLZhrhgepump","65","0.060000001","","","","","","","","","","","","","","","","","","","","","","","","","","","","","","","","","","","","0.000002167","","","","","","9.446e-7","2026-07-20T20:18:36.361Z","","","","","2026-07-20T20:19:30.318Z",""
"FIFESOL","DJc2VKwrdpv9hxDZhbF6LHZw4deQ9od1CCZGzMbnpump","88","2.000000001","","","","","","","0","0","0","902","2.000000001","1","8","1","0","0","4443.34","3","1077.38","1077.38","0.615","0.615","79.93","","0","0","1","0","0","","","","","","","0.000004443","0.000004443","","","","","","2026-07-20T20:18:36.375Z","2026-07-20T20:19:48.123Z","","","","",""
"AORP","HoKxgLaFbZ11dc8yh7aTbAXHat7nF6Jgtm1WX2URpump","82","12.000000001","","","","","","","0","0","-0.5","910","12.000000001","0","0","0","0","0","4282.46","3","947.77","947.77","0.714","0.714","0.67","","0","0","1","0","0","","","","","","","0.00000428","0.000004282","","","","","","2026-07-20T20:18:42.389Z","2026-07-20T20:20:00.095Z","","","","",""
"ESP","4TVgHAtsH7UFwr1uWDTMXp1i48QEWzoY8KzFL5xypump","61","0.493827159","","","","","","","0","0","0","912","0.493827159","0","5","1","0","0","4356.72","3","255.24","255.24","0.583","0.583","94.28","","0","0","1","0","0","","","","","","","0.000004356","0.000004356","","","","","","2026-07-20T20:18:42.400Z","2026-07-20T20:19:48.143Z","","","","",""
"ANSEM","9yJ6hU8W1gi9ifZ9XqJph79DrrSS2jMpYJUmMLoipump","","","","","","","","","","","","","","","","","","","","","","","","","","","","","","","","","","","","","","","","","","","","8.856e-7","","","","","","2026-07-20T20:18:48.306Z",""
"AM","AiZs2gcpXW1HXkrBQM6PGwcSakW9BDBNPywEQqdvpump","","","","","","","","","","","","","","","","","","","","","","","","","","","","","","","","","","","","","","","","","","","","0.00000105","","","","","","2026-07-20T20:18:48.321Z",""
"HEISTY","JfG1w7n4vyDAvVDD9LBQzTf7zxK57dHYMF778qhpump","65","0.060000001","","","","","","","","","","","","","","","","","","","","","","","","","","","","","","","","","","","","0.000002159","","","","","","0.000001099","2026-07-20T20:18:54.317Z","","","","","2026-07-20T20:19:42.302Z",""
"PUMPSEM","JbW44yeZ6kx9muVJzZZHX5xdDKjA1x8sG5KxpWbpump","57","1.980198018","","","","","","","","","","","1.980198018","0","0","0","0","0","2613.81","3","229.88","229.88","0.8","0.8","5.97","","0","0","1","0","0","","","","","","","0.000002613","0.000002613","","","","","","2026-07-20T20:19:24.288Z","2026-07-20T20:20:24.137Z","","","","",""
"$LEGION","DPQQi2MQq4wacd6hx7CqwgVBSeLZ6J6ge14Frpxipump","","","","","","","","","","","","","","","","","","","","","","","","","","","","","","","","","","","","","","","","","","","","7.094e-7","","","","","","2026-07-20T20:19:30.301Z",""
"ESP","44DFTshxZ9iokHCsqiQGzpxTNzL8nopgqPGYZPq1pump","60","0.493827159","","","","","","","0","0","0","908","0.493827159","0","6","1","0","0","3562.76","3","176.06","176.06","0.636","0.636","58.87","","0","0","1","0","0","","","","","","","0.000003562","0.000003562","","","","","","2026-07-20T20:19:36.298Z","2026-07-20T20:20:42.076Z","","","","",""
"$LEGION","EtcYigbky1GRGjpTXDJF9mz9g35Qpt6vrmTfUGwzpump","79","3.950617282","","","","","","","0","0","0","910","3.950617282","0","9","1","0","0","5702.72","3","1813.41","1813.41","0.857","0.857","105","","0","0","1","0","0","","","","","","","0.000005702","0.000005702","","","","","","2026-07-20T20:19:54.288Z","2026-07-20T20:21:00.138Z","","","","",""
"SuperE","4cDAKBF4TA4SXi4czgvtbC5WDiq5WP4sTwqQVobBpump","","","","","","","","","","","","","","","","","","","","","","","","","","","","","","","","","","","","","","","","","","","","0.000001256","","","","","","2026-07-20T20:20:18.280Z",""
"vin","5s81rv7y3FmbG66iMpeykEf6iePwzaBk189ABgiRpump","56","0.395061727","","","","","","","","","","","0.395061727","0","10","1","0","0","3860.91","3","109.12","109.12","0.75","0.75","73.29","","0","0","1","0","0","","","","","","","0.00000386","0.00000386","","","","","","2026-07-20T20:20:24.356Z","2026-07-20T20:21:30.173Z","","","","",""
"BDC","Hirgjcfxvf1v3zrffd1XR5N1ta8fNYxis8eDUXRwpump","63","3.084444442","","","","","","","","","","","","","","","","","","","","","","","","","","","","","","","","","","","","0.00000228","","","","","","","2026-07-20T20:20:36.291Z","","","","","",""
"TRANQUIL","5vRXVdprLkbuUdEpt1GQdskUEhUFv8BhigrvhxpRpump","67","5.000000001","","","","","","","","","","","","","","","","","","","","","","","","","","","","","","","","","","","","0.000002225","","","","","","","2026-07-20T20:20:36.297Z","","","","","",""
"ANSEM","FpWwro5iYHU7grMXiVxc9xPuoUZ5ain8AWSZwicDpump","","","","","","","","","","","","","","","","","","","","","","","","","","","","","","","","","","","","","","","","","","","","5.848e-8","","","","","","2026-07-20T20:20:36.300Z",""
"$TOMCASH","7tm2xUzKSriFudRJdwUCA4iniLai1EkGtkzc2PaZpump","57","1.97530864","","","","","","","","","","","","","","","","","","","","","","","","","","","","","","","","","","","","0.000002189","","","","","","","2026-07-20T20:20:54.349Z","","","","","",""
"MOONBULL","p9jS9guh2ErvRtSCcdfqD9c1ZZWqDjN4fkyLgtHpump","57","2","","","","","","","","","","","","","","","","","","","","","","","","","","","","","","","","","","","","0.00000217","","","","","","","2026-07-20T20:20:54.416Z","","","","","",""
"MOONBULL","CFoAVy58hdhx8DRZy1yj3pKFJKF5h9tk6u7zjeMvpump","70","4.938271603","","","","","","","","","","","","","","","","","","","","","","","","","","","","","","","","","","","","0.000003063","","","","","","","2026-07-20T20:21:06.322Z","","","","","",""
"BTC","EtQgDwbYnwrx3i62efx7Y6R3emjaoWRJ4W3zn4nCpump","","","","","","","","","","","","","","","","","","","","","","","","","","","","","","","","","","","","","","","","","","","","5.887e-7","","","","","","2026-07-20T20:21:12.306Z",""
"GIGAPIG","239Dm22fW1fKaE7skCRFMXJ3zikK5wif8kS47Zdypump","","","","","","","","","","","","","","","","","","","","","","","","","","","","","","","","","","","","","","","","","","","","5.136e-7","","","","","","2026-07-20T20:21:18.352Z",""
"AATF","88VUrb9TFv5AxPEr2KkTZJXaaeQ9paQF4DTwK9uBpump","57","1.97530864","","","","","","","","","","","1.97530864","0","0","0","0","0","2199.07","3","1044.94","1044.94","0.6","0.6","-10.81","","0","0","1","0","0","","","","","","","0.000002199","0.000002199","","","","","","2026-07-20T20:21:24.376Z","2026-07-20T20:22:24.075Z","","","","",""
"PEOPLE","Gbwa2ySazDuj6vbGt7uUoDTk7xCbyvau55Tg3MHpump","57","1.97530864","","","","","","","","","","","","","","","","","","","","","","","","","","","","","","","","","","","","0.000002182","","","","","","","2026-07-20T20:21:48.287Z","","","","","",""
"MBGA","A2cgAb9GZveTNoyq1ckLMV9cii9KZ4yeaY6uhuPCbonk","57","1.975","","","","","","","","","","","","","","","","","","","","","","","","","","","","","","","","","","","","0.000002196","","","","","","","2026-07-20T20:21:48.294Z","","","","","",""
"ANSEM","6CiV37ptUcprrwUMzPC29C9rXfbanNGsbRuJUqPqpump","","","","","","","","","","","","","","","","","","","","","","","","","","","","","","","","","","","","","","","","","","","","8.164e-7","","","","","","2026-07-20T20:21:48.343Z",""
"CoT","DRkuMrG6WGPriUV5BtdvocZJbt4jg8WTMfdTtSR1pump","67","3.901234566","","","","","","","","","","","","","","","","","","","","","","","","","","","","","","","","","","","","0.00000217","","","","","","","2026-07-20T20:21:54.292Z","","","","","",""
"Catar","Gtd74TRDJDiaKvp7mQ8pc5LV8bxbg88LFkUNrXgwpump","99","0.060000001","","","","","","","","","","","","","","","","","","","","","","","","","","","","","","","","","","","","0.000002362","","","","","","","2026-07-20T20:22:12.305Z","","","","","",""
"Spine","FM6YBWQFUmbr2E6AhgDoVNSF82mahKCgFujbBupPpump","94","7","","","","","","","","","","","","","","","","","","","","","","","","","","","","","","","","","","","","0.000005771","","","","","","","2026-07-20T20:22:36.299Z","","","","","",""
"SHORTINGSPINE","DiSA1EdL8en2eGXC4m98PnYJT5s7waHLVW5qf7oeyXbJ","","","","","","","","","","","","","","","","","","","","","","","","","","","","","","","","","","","","","","","","","","","","0.000002211","","","","","","2026-07-20T20:22:36.305Z",""
"Spines","DR8ZGG5WVmEbRCjLa8sGCEs9GxYrotQV13sGEUTwE8pC","62","4.999999999","","","","","","","","","","","","","","","","","","","","","","","","","","","","","","","","","","","","0.000002172","","","","","","","2026-07-20T20:22:36.330Z","","","","","",""
"IRAN","DHUBd7cUBqm5F3qNWP7zt9KNgLVBkyzmrLGZnmdvpump","57","1.97530864","","","","","","","","","","","","","","","","","","","","","","","","","","","","","","","","","","","","0.000002278","","","","","","","2026-07-20T20:22:42.304Z","","","","","",""
"NONBINARY","FGGWPaZY3PjZeK5bf7MxoASQJ4UaAQE5bPTfkV9spump","59","4","","","","","","","","","","","","","","","","","","","","","","","","","","","","","","","","","","","","0.000002278","","","","","","","2026-07-20T20:22:42.341Z","","","","","",""
"URGENTCAT","9qWpAHR6Zq1zJNgibgxqJXgV1Q9LtHZ8pS6qoJxWpump","","","","","","","","","","","","","","","","","","","","","","","","","","","","","","","","","","","","","","","","","","","","0.00000108","","","","","","2026-07-20T20:22:42.364Z",""
"SSS","7bYvRi47Ve5hZJeznKyhZrw9qvSSKoDxsxAYwQYJpump","82","5","","","","","","","","","","","","","","","","","","","","","","","","","","","","","","","","","","","","0.000002619","","","","","","","2026-07-20T20:22:42.375Z","","","","","",""
"SSS","7W19caJDyfpvk8buaUv5M2kzJwMJqQUpZWbUWknopump","63","4","","","","","","","","","","","","","","","","","","","","","","","","","","","","","","","","","","","","0.00000262","","","","","","","2026-07-20T20:22:48.336Z","","","","","",""
"Spine","78BseMe3PsrPPeq94V3EnEucdM2YjEX19j7mD6T6pump","60","5","","","","","","","","","","","","","","","","","","","","","","","","","","","","","","","","","","","","0.000002621","","","","","","","2026-07-20T20:22:48.352Z","","","","","",""
"SSS","8YUtKk8dSk6M3eivLigBMFGKgC2S9iNC36yuLqfppump","61","5","","","","","","","","","","","","","","","","","","","","","","","","","","","","","","","","","","","","0.000002211","","","","","","","2026-07-20T20:22:48.358Z","","","","","",""
"SSS","5jjMqMd6DvJgoWM73qBG7PQoPza6EuW7nn3G4ABFpump","60","5","","","","","","","","","","","","","","","","","","","","","","","","","","","","","","","","","","","","0.000002172","","","","","","","2026-07-20T20:22:54.301Z","","","","","",""
"Coin","7g8PsCZRDQnbPT5MqAbVKcwYRbZHcYyJVLWpCxTYpump","63","3","","","","","","","","","","","","","","","","","","","","","","","","","","","","","","","","","","","","0.000002172","","","","","","","2026-07-20T20:22:54.309Z","","","","","",""
"SPINE","BBu7XCjBypbFu1FfwMsGdC5J2GYTe8YdEfdmjpb1pump","56","1.8211358","","","","","","","","","","","1.8211358","0","0","0","0","0","9106.98","4","6381.59","6381.59","0.75","0.75","273","","0","0","1","0","1","","","","","","","0.00000836","0.000009106","","","","","","2026-07-20T20:22:54.332Z","2026-07-20T20:25:42.315Z","","","","",""
"Jimothy","FP1aMqv1Knfcumue6sgowswKWDCY7ANZUPSd8Qqhjjew","57","5.234567899","","","","","","","","","","","","","","","","","","","","","","","","","","","","","","","","","","","","0.000002211","","","","","","","2026-07-20T20:22:54.338Z","","","","","",""
"TripleS","3QXPe7f6ers77VsMRdT2cmNnsT9PCQLB29ULReVMpsE7","","","","","","","","","","","","","","","","","","","","","","","","","","","","","","","","","","","","","","","","","","","","0.000002308","","","","","","2026-07-20T20:23:00.314Z",""
"TripleS","CXkiVctejeMJjJN8aNDW1Lp9bSc9eUWoGdqbduY2mFme","65","11.85185185","","","","","","","","","","","","","","","","","","","","","","","","","","","","","","","","","","","","0.000002696","","","","","","0.000002172","2026-07-20T20:23:00.325Z","","","","","2026-07-20T20:24:06.369Z",""
"SSS","DkNWZ6kTskAgiSAMfQ5JDHk8MNiWXFjrwBdiv6nzpump","59","5","","","","","","","","","","","","","","","","","","","","","","","","","","","","","","","","","","","","0.00000217","","","","","","","2026-07-20T20:23:00.353Z","","","","","",""
"cuin","AVph3aggx1ocs8e14kX6zfVR2aXwcS7MaBNcs34Dpump","67","3.950617282","","","","","","","","","","","","","","","","","","","","","","","","","","","","","","","","","","","","0.000002229","","","","","","","2026-07-20T20:23:06.288Z","","","","","",""
"Long","Deo4TV9UVpsyVbw8FzYrnFZhCydaKjmpKYMyZkLrpump","58","2.962962961","","","","","","","","","","","","","","","","","","","","","","","","","","","","","","","","","","","","0.00000217","","","","","","","2026-07-20T20:23:06.304Z","","","","","",""
"alooong","5oUFc96AHUKVxeiimjtDH9FNyhHjdW1vuiYVgHRYpump","63","3","","","","","","","","","","","","","","","","","","","","","","","","","","","","","","","","","","","","0.000003538","","","","","","","2026-07-20T20:23:06.349Z","","","","","",""
"KAD","26HbdtDhJTwuCuTPScpG31PLYhoyCuxUwBXVDrD4pump","","","","","","","","","","","","","","","","","","","","","","","","","","","","","","","","","","","","","","","","","","","","0.000001594","","","","","","2026-07-20T20:23:06.358Z",""
"Spine","8qUGVLRJnC8hfvKmxjjzrBqg4BVnzPHM3FSzMCcapump","","","","","","","","","","","","","","","","","","","","","","","","","","","","","","","","","","","","","","","","","","","","0.00000217","","","","","","2026-07-20T20:23:12.291Z",""
"TripleS","Bc97qSRbth6PrKKmiQuRCUBeaFhXi7XRsUR1U2mNdKpv","","","","","","","","","","","","","","","","","","","","","","","","","","","","","","","","","","","","","","","","","","","","0.0000022","","","","","","2026-07-20T20:23:12.304Z",""
"SSS","79wAZDMDw7kTusRQ6JWwi4ULRMzXSSVLHHGntCsMpump","96","4","","","","","","","","","","","","","","","","","","","","","","","","","","","","","","","","","","","","0.000002278","","","","","","","2026-07-20T20:23:12.306Z","","","","","",""
"TripleS","AdbcHsUA8buckS7HUgoyEoVYyixDN9c3X9fQoeHSspjL","63","5.599999999","","","","","","","","","","","","","","","","","","","","","","","","","","","","","","","","","","","","0.000002172","","","","","","","2026-07-20T20:23:12.308Z","","","","","",""
"Spines","HufGSd35kuzZ6TwUncQduGXRcpRzXfxC66ug5oU1bbLC","70","6.999999999","","","","","","","","","","","","","","","","","","","","","","","","","","","","","","","","","","","","0.00000217","","","","","","","2026-07-20T20:23:18.294Z","","","","","",""
"SSS","BKYrjMT2CZTC8qVKWzDPv2LHgQcqNBVTogqutxvPpump","57","1.97530864","","","","","","","","","","","1.97530864","0","0","0","0","0","2181.91","4","2486.32","2486.32","0.614","0.614","-11.51","","0","0","1","0","0","","","","","","","0.000002181","0.000002181","","","","","","2026-07-20T20:23:18.304Z","2026-07-20T20:25:54.316Z","","","","",""
"SSS","Gyk8Evf1X1uVWfaMogJh2Dx3B8WtY1UzR8JtzSDfpump","64","4.938271603","","","","","","","","","","","","","","","","","","","","","","","","","","","","","","","","","","","","0.00000217","","","","","","","2026-07-20T20:23:18.307Z","","","","","",""
"SPINES","3h1q9xtV3hoCw3hsRwqN97r3t2UV2VNqwL9FtT4tNwrM","","","","","","","","","","","","","","","","","","","","","","","","","","","","","","","","","","","","","","","","","","","","0.00000217","","","","","","2026-07-20T20:23:18.342Z",""
"SSS","Bmaugia9M49rdAZSxjgTw7gkXgGnRPcYUMtBSUxpKjH7","55","5","","","","","","","","","","","","","","","","","","","","","","","","","","","","","","","","","","","","0.000002308","","","","","","","2026-07-20T20:23:24.276Z","","","","","",""
"KAD","CDWfUbJFNp5JJcN1UyKVmsu1VWgqVyXxRsmbYYNHpump","86","3.950617282","","","","","","","","","","","","","","","","","","","","","","","","","","","","","","","","","","","","0.000003266","","","","","","","2026-07-20T20:23:24.303Z","","","","","",""
"alooooooooong","2m39WBdNAv1bm8WWGNnSbMEuBLwp9JJHyxpfXSPKpump","92","4","","","","","","","","","","","","","","","","","","","","","","","","","","","","","","","","","","","","0.000002292","","","","","","","2026-07-20T20:23:24.313Z","","","","","",""
"bitdoge","FVMuLNkcg3LwFT1V4Eb4ndfUKfLESSPHFhrViadUpump","63","2.962962961","","","","","","","","","","","","","","","","","","","","","","","","","","","","","","","","","","","","0.000002214","","","","","","","2026-07-20T20:23:24.316Z","","","","","",""
"ashort","EL3PRqSkYhiN9ciHhquMUvEisAPqrSDVZrnMCjwDpump","58","5","","","","","","","","","","","","","","","","","","","","","","","","","","","","","","","","","","","","0.000002213","","","","","","","2026-07-20T20:23:30.309Z","","","","","",""
"BTC","4DQkbZYnvBpKcnt6xDzdHg8Py9tT1sb2BWuT46CYEBYk","66","0.079012344","","","","","","","","","","","","","","","","","","","","","","","","","","","","","","","","","","","","0.000002706","","","","","","","2026-07-20T20:23:30.315Z","","","","","",""
"ᵃˡᵒⁿ","7ZrMtFd1eJrEveSCWyH7qZtQevEJ9Ewdw4MBsSiSFUUf","65","11.85185185","","","","","","","","","","","","","","","","","","","","","","","","","","","","","","","","","","","","0.000002621","","","","","","0.000002172","2026-07-20T20:23:30.319Z","","","","","2026-07-20T20:24:30.311Z",""
"Bts ","HZYJKhN2fBUyCL1wsLrwNZFZcLXigXRakLN9wzVPpump","57","0.100000001","","","","","","","","","","","0.100000001","0","3","1","0","0","3455.84","4","83.23","83.23","0.6","0.6","58.17","","0","0","1","0","0","","","","","","","0.000003455","0.000003455","","","","","","2026-07-20T20:23:30.389Z","2026-07-20T20:26:00.312Z","","","","",""
"prurpleC","DY9NFEYPTcn7oYr514eK3vi3VSn7Zy6oJjB1dGd4pump","","","","","","","","","","","","","","","","","","","","","","","","","","","","","","","","","","","","","","","","","","","","3.403e-7","","","","","","2026-07-20T20:23:36.332Z",""
"TripleS","B2WDueaY4KcfucYowYE4nLyhGWrSX9bD5U8CXKmppump","64","7","","","","","","","","","","","","","","","","","","","","","","","","","","","","","","","","","","","","0.000002216","","","","","","","2026-07-20T20:23:36.349Z","","","","","",""
"SSS","13W1pKiq5CjTsPNGQgXkz99RAP6ERnVmWvSsMiQhpump","71","5","","","","","","","","","","","","","","","","","","","","","","","","","","","","","","","","","","","","0.000002172","","","","","","","2026-07-20T20:23:36.356Z","","","","","",""
"SPINE","7qm2oiKmJsZYVhfCiNY9kG75B8YwL538jbvVm5n4pump","71","5","","","","","","","","","","","","","","","","","","","","","","","","","","","","","","","","","","","","0.000002172","","","","","","","2026-07-20T20:23:42.301Z","","","","","",""
"KAD","EGu2nRTNd9BBrrMawHcFH4GuoCCAu4TxD1XoVUTTpump","","","","","","","","","","","","","","","","","","","","","","","","","","","","","","","","","","","","","","","","","","","","4.169e-7","","","","","","2026-07-20T20:23:54.333Z",""
"SSS","GfSk3bmPTrnFsHNd5XAtdn8uxaWWdCJWyXktziNmpump","57","1.97530864","","","","","","","","","","","1.97530864","0","0","0","0","0","2384.69","5","15648.46","15648.46","0.584","0.584","-3.4","","0","0","1","0","0","","","","","","","0.000005988","0.000002384","","","","","","2026-07-20T20:23:54.335Z","2026-07-20T20:27:06.331Z","","","","",""
"AIC","Dcpn6JGNcSUwHeQVKHHpCGCy4MnW6xy5WM7uHca5pump","63","3","","","","","","","","","","","","","","","","","","","","","","","","","","","","","","","","","","","","0.000002194","","","","","","","2026-07-20T20:24:00.354Z","","","","","",""
"SSS","FYpAG95EwACqeNm5ibpJ4ScP7jo5bjgbAavbYK8Bpump","59","5","","","","","","","","","","","","","","","","","","","","","","","","","","","","","","","","","","","","0.000002199","","","","","","","2026-07-20T20:24:06.347Z","","","","","",""
"POKE30","9afgN8qQtAUuGxmo68TiRWS2py6RwgvEHxxVQhnEpump","66","4.938271603","","","","","","","134.5","896","0","906","4.938271603","0","1","0","0","0","3927.48","4","833.15","833.15","0.889","0.889","33.41","","0","0","1","0","0","","","","","","","0.000003165","0.000003927","","","","","","2026-07-20T20:24:12.324Z","2026-07-20T20:25:54.302Z","","","","",""
"HOLYSPIT","7D58VvrZo6HGbFsvucH3yKxPmHNGXYWfeEUv3vfGpump","","","","","","","","","","","","","","","","","","","","","","","","","","","","","","","","","","","","","","","","","","","","1.576e-7","","","","","","2026-07-20T20:24:24.310Z",""
"KAD","FKP4eFZqTdNT99ZnM2XgKaVS83NsNL8pKh3NFsbopump","","","","","","","","","","","","","","","","","","","","","","","","","","","","","","","","","","","","","","","","","","","","2.43e-7","","","","","","2026-07-20T20:24:24.312Z",""
"KAD","G469xkyMgP8cTnKw1qotVWCCnaDCkJgQkJehmF3spump","","","","","","","","","","","","","","","","","","","","","","","","","","","","","","","","","","","","","","","","","","","","5.354e-7","","","","","","2026-07-20T20:24:48.332Z",""
"おなら","4y9gCXF1rrNj7M7rXZfnVtiCQhNxxKP8VjXvFYSzpump","67","4","","17.942","","","","","0","0","-80.2","58","4","0","0","0","0","0","12113.61","3","16240.4","16240.4","0.598","0.598","334","","0","0","1","0","1","-13.377374071015687","","","","","","0.000007626","0.00001211","","","0.00001049","","","2026-07-20T20:24:54.292Z","2026-07-20T20:26:42.134Z","","","2026-07-20T20:27:00.076Z","",""
"think","96wUk17agszJr2ZJBKsVbunfSELTwTX2cGoseWoTpump","","","","","","","","","","","","","","","","","","","","","","","","","","","","","","","","","","","","","","","","","","","","0.000001136","","","","","","2026-07-20T20:25:06.298Z",""
"ESP","DzSPwdavp1Q3U8zphACr6yjy2LJPsUhY6Sqb5WJbpump","","","","","","","","","","","","","","","","","","","","","","","","","","","","","","","","","","","","","","","","","","","","1.938e-7","","","","","","2026-07-20T20:25:12.302Z",""
"おなら","48kwRQvLCvkr5zCJC9XywWbR4Dg2kNe7AZQwbYsnpump","58","5","","","","","","","","","","","","","","","","","","","","","","","","","","","","","","","","","","","","0.000002177","","","","","","","2026-07-20T20:25:48.362Z","","","","","",""
"KAD","GYxiBpTeK4Bv15nTLQJxfc2z7vUYg8YNxdMQKnFXpump","90","9.876543208","","","","","","","0","0","0","908","9.876543208","0","5","1","0","0","2803.33","3","2683.92","2683.92","0.625","0.625","-26.98","","0","0","1","0","0","","","","","","","0.000002803","0.000002803","","","","","","2026-07-20T20:25:48.376Z","2026-07-20T20:27:12.303Z","","","","",""
"KAD","9grJdnzZcVHBckLCgAm3Ha2VEJoupA51J3P3M4Dopump","81","3.950617282","","","","","","","0.1","192","0","912","3.950617282","0","6","1","0","0","3450.26","3","982.04","982.04","0.857","0.857","23.98","","0","0","1","0","0","","","","","","","0.00000345","0.00000345","","","","","","2026-07-20T20:26:06.380Z","2026-07-20T20:27:18.214Z","","","","",""
"BULLS","HQrxxrd6zkpMgsWxmMsE56Wy9yFqx2qMPhwfGTCApump","","","","","","","","","","","","","","","","","","","","","","","","","","","","","","","","","","","","","","","","","","","","5.657e-8","","","","","","2026-07-20T20:26:18.318Z",""
"NORIBULL","DCcoUrXruD6w2EHQfDbAWU3fX9mxLwVRpoC2c2wWpump","","","","","","","","","","","","","","","","","","","","","","","","","","","","","","","","","","","","","","","","","","","","0.000001198","","","","","","2026-07-20T20:26:30.277Z",""
"LESS","97ZwwJNYyKtVbPBFNaWYGabuDT6vVxVr7nSueiq9pump","","","","","","","","","","","","","","","","","","","","","","","","","","","","","","","","","","","","","","","","","","","","3.588e-7","","","","","","2026-07-20T20:26:42.398Z",""
"HST","BsPEueyeRbQ1ehBYo9DCM1jvo8G1ujAhcvH8kTeopump","","","","","","","","","","","","","","","","","","","","","","","","","","","","","","","","","","","","","","","","","","","","2.215e-7","","","","","","2026-07-20T20:26:54.289Z",""
"おなら","Cv8WD9kBhZb7HtRATz8AFBLR7moydrS2EKS57Wspump","58","3","","","","","","","","","","","","","","","","","","","","","","","","","","","","","","","","","","","","0.000002281","","","","","","","2026-07-20T20:27:18.298Z","","","","","",""
"Valuable","CnRbowtm6w6Nu7ko3VfdkqsVA67jfjufG7ryGmdipump","57","1.97530864","","","","","","","","","","","1.97530864","0","0","0","0","0","2282.6","3","1069.35","1069.35","0.6","0.6","-7.53","","0","0","1","0","0","","","","","","","0.000002282","0.000002282","","","","","","2026-07-20T20:27:18.378Z","2026-07-20T20:28:24.079Z","","","","",""
"26Champs","D8CCKxiAToEKxwNtfhDNFMGAVyWw8hegr7JtW2HLpump","65","0.059259258","","17.993","","","","","99.7","100","-88.2","330","0.059259258","0","0","1","0","0","2753.48","3","16.5","16.5","0.65","0.65","26.22","","0","0","1","0","0","-44.387940428623324","","","","","","0.000001727","0.000002753","","","0.000001531","","","2026-07-20T20:27:24.298Z","2026-07-20T20:28:30.081Z","","","2026-07-20T20:28:48.074Z","",""
"WORLDCOIN","C7LdXEmM7XpDpvezmHSvMoD5BZ3XfomzX4yYZxYSpump","62","5","","","","","","","","","","","","","","","","","","","","","","","","","","","","","","","","","","","","0.000002281","","","","","","","2026-07-20T20:27:24.301Z","","","","","",""
"go","KeYwEuXYz6ZjrygXGtTurkeXiH8SLhLFSDPKDTTpump","","","","","","","","","","","","","","","","","","","","","","","","","","","","","","","","","","","","","","","","","","","","2.559e-7","","","","","","2026-07-20T20:27:24.312Z",""
"lifemaxx","Av2PYAaejX8XiMKLhmsNbgNF7Lk4E9cZUr27gyNbeE3W","","","","","","","","","","","","","","","","","","","","","","","","","","","","","","","","","","","","","","","","","","","","3.323e-7","","","","","","2026-07-20T20:27:30.378Z",""
"Things","2vS8CqDyBdL26wJQ8TYDnfXcCkAc3v7zLR78eZUDpump","63","3","","","","","","","21.7","64","-18.3","904","3","0","0","0","0","0","5224.07","3","3175.56","3175.56","0.625","0.625","98.69","","0","0","1","0","1","","","","","","","0.000005063","0.000005224","","","","","","2026-07-20T20:27:36.288Z","2026-07-20T20:28:36.155Z","","","","",""
"yamals ","31i391S94GeK4HSXYiMCagaEwkD4F3Zrtd48q19Vpump","","","","","","","","","","","","","","","","","","","","","","","","","","","","","","","","","","","","","","","","","","","","9.302e-8","","","","","","2026-07-20T20:27:36.306Z",""
"SFG","8Yyu4tUYf5WfDyXyucs2W9VVLR1qBpBgYnQe4ZKTpump","60","2.4691358","","","","","","","0","0","-4.6","908","2.4691358","0","0","0","0","0","2281.59","3","519.21","519.21","0.571","0.571","-10.36","","0","0","1","0","0","","","","","","","0.000002281","0.000002281","","","","","","2026-07-20T20:27:42.379Z","2026-07-20T20:28:42.074Z","","","","",""
"SFG","4uwd8whsg7Xudis3LkYCye7hobGdVJweVGNfsNCwpump","57","1.97530864","","","","","","","","","","","","","","","","","","","","","","","","","","","","","","","","","","","","0.0000031","","","","","","","2026-07-20T20:28:00.346Z","","","","","",""
"SFG","EFcjwWh9AXUwbg8uirFx6nP8PkAZ8yaJbU3BP88Kpump","60","2.4691358","","","","","","","28.8","40","-62.2","910","2.4691358","0","0","0","0","0","4702.72","3","9302.1","9302.1","0.568","0.568","84.75","","0","0","1","0","1","","","","","","","0.000004173","0.000004702","","","","","","2026-07-20T20:28:12.299Z","2026-07-20T20:29:30.298Z","","","","",""
"BULLS","AKpNNzsN4J4uXVK4AhwGXE4hFhtqMyTakgN7tUpHpump","62","0.100000001","","18.22","","","","","0","0","-99.7","272","0.100000001","0","1","1","0","0","19340.15","3","1281.22","1281.22","0.549","0.549","784","","0","0","1","0","0","-31.695966907962774","","","","","","0.00001932","0.00001934","","","0.00001321","","","2026-07-20T20:28:12.348Z","2026-07-20T20:29:18.071Z","","","2026-07-20T20:29:36.291Z","",""
"left","8Rts8ucAwu4zyWhQtaxFn25xhdTThg6KHf3LSxDkpump","","","","","","","","","","","","","","","","","","","","","","","","","","","","","","","","","","","","","","","","","","","","4.892e-7","","","","","","2026-07-20T20:28:18.359Z",""
"4444","HddkZQyHjnMxN87cgUC8NuHwYfoMThrpedK94pLupump","","","","","","","","","","","","","","","","","","","","","","","","","","","","","","","","","","","","","","","","","","","","1.157e-7","","","","","","2026-07-20T20:28:18.378Z",""
"Solana","SZYxYtC3ZYPYUCQQj5av9MHedVXHS5am63nEtNGpump","","","","","","","","","","","","","","","","","","","","","","","","","","","","","","","","","","","","","","","","","","","","2.275e-8","","","","","","2026-07-20T20:28:24.290Z",""
"NORIBULL","5JrG2uwxHV7x5q31i8GUL79NYy3ApvRXbjD6pKzCpump","73","0.98765432","","","","","","","","","","","","","","","","","","","","","","","","","","","","","","","","","","","","0.000002425","","","","","","7.879e-7","2026-07-20T20:28:36.365Z","","","","","2026-07-20T20:29:12.294Z",""
"USELESS","Ge7xg3c3qkYaJfpGVb7KDbqTveJTF9LNn8TgEQRepump","57","2","","","","","","","","","","","","","","","","","","","","","","","","","","","","","","","","","","","","0.000008698","","","","","","","2026-07-20T20:28:48.308Z","","","","","",""
"GERUK","EvntVBpgRRmRAXwMMFAHDNHangHEjqVL7zjHHzwaCtis","57","1.97530864","","","","","","","","","","","1.97530864","0","0","0","0","0","2471.41","3","1629.66","1629.66","0.556","0.556","0","","0","0","1","0","0","","","","","","","0.000002471","0.000002471","","","","","","2026-07-20T20:29:24.298Z","2026-07-20T20:30:30.144Z","","","","",""
"Biberty","93hGPyAQPQBhvN98rikeZkA465DAU5Tv7cAidPeqpump","55","1.701432097","","","","","","","","","","","","","","","","","","","","","","","","","","","","","","","","","","","","0.00001237","","","","","","","2026-07-20T20:29:30.315Z","","","","","",""
"ABSTHE","3hXdEM9REitqg1eDcrxq8ptP9v12sD9utzjqvpdApump","62","0.400000001","","","","","","","0","0","-87","66","0.400000001","0","3","1","0","0","3405.63","3","259.44","259.44","0.625","0.625","52.45","","0","0","1","0","0","","","","","","","0.000001379","0.000003405","","","","","","2026-07-20T20:29:42.287Z","2026-07-20T20:30:54.295Z","","","","",""
"DAN","C9dpS7AHwojsoXrBB5BycUYX64ehHRvqbL3XLg8Ppump","75","7","","","","","","","","","","","","","","","","","","","","","","","","","","","","","","","","","","","","0.000002176","","","","","","","2026-07-20T20:29:42.339Z","","","","","",""
"Biberty","Dk3D35aDH798SioHD6cY5yXfMuNQHvMTyhkQVqgpump","57","1.97530864","","","","","","","","","","","","","","","","","","","","","","","","","","","","","","","","","","","","0.000003071","","","","","","","2026-07-20T20:29:54.298Z","","","","","",""
"MAGA PENG","EdawLnA77fQqnpjKXxxL1hb2f7rjKHYWxAnYm7hwpump","","","","","","","","","","","","","","","","","","","","","","","","","","","","","","","","","","","","","","","","","","","","0.000001272","","","","","","2026-07-20T20:30:00.301Z",""
"BULLS","B4NUVM5AEfRbtoMGV2UNe7Z2cCWDyaMoEni5tXiapump","","","","","","","","","","","","","","","","","","","","","","","","","","","","","","","","","","","","","","","","","","","","2.007e-7","","","","","","2026-07-20T20:30:06.345Z",""
"LB","32RFJoeZkDyknh4YgivjfxNfkU3KQ5HrHS37qNQApump","58","3","","","","","","","","","","","","","","","","","","","","","","","","","","","","","","","","","","","","0.000002978","","","","","","","2026-07-20T20:30:12.344Z","","","","","",""
"go","EsLxJSQszZpGbYeKjr8YGY7bhMyQxsxfWrNYtSkEpump","","","","","","","","","","","","","","","","","","","","","","","","","","","","","","","","","","","","","","","","","","","","2.552e-7","","","","","","2026-07-20T20:30:12.355Z",""
"TARJETAGRIS","64xXjYnC3rsHCMWsLTrvqHXPXVjxXfuLN3L8c59Hpump","57","1.97530864","","","","","","","","","","","","","","","","","","","","","","","","","","","","","","","","","","","","0.000002238","","","","","","","2026-07-20T20:30:42.291Z","","","","","",""
"Bzma","Az4vtzfZNXuUwctxmyjkHWdiWYRXnmxsFo45XEBopump","","","","","","","","","","","","","","","","","","","","","","","","","","","","","","","","","","","","","","","","","","","","6.114e-7","","","","","","2026-07-20T20:30:42.295Z",""
"Paki","7oMSnKe33V14BiyuZbiYqbtTQLyAmvozarLUQEdnpump","65","0.062260033","","","","","","","","","","","","","","","","","","","","","","","","","","","","","","","","","","","","0.00000659","","","","","","7.441e-7","2026-07-20T20:30:42.306Z","","","","","2026-07-20T20:31:18.346Z",""
"fanclub","4b1SEqgLkJfNQfrbB1LbkYVcS6skULnkYszfn1Hvpump","58","3","","","","","","","","","","","","","","","","","","","","","","","","","","","","","","","","","","","","0.000002175","","","","","","","2026-07-20T20:30:42.310Z","","","","","",""
"НЕРПОД","8TPJAkn8j8qG7jyd2hgPhF1GPozwyJuRQwsbSM3Dpump","55","2.4691358","","","","","","","","","","","","","","","","","","","","","","","","","","","","","","","","","","","","0.000002361","","","","","","","2026-07-20T20:30:54.310Z","","","","","",""
"nfts","e2HznXTbDhBgPiJnPtaRojMxXZdEkPiWX75gJ46pump","","","","","","","","","","","","","","","","","","","","","","","","","","","","","","","","","","","","","","","","","","","","8.053e-8","","","","","","2026-07-20T20:31:24.293Z",""
"theapache64","GCm1GW9RENwNVJvxejicGKmFBdEwuRkTrjcnfRkcpump","57","1.97530864","","","","","","","","","","","","","","","","","","","","","","","","","","","","","","","","","","","","0.00001285","","","","","","","2026-07-20T20:31:24.299Z","","","","","",""
"NORIBULL","5xeqAeKMvNLRTki6B9QeCevxsEshBeASnSXegprRpump","71","1.000000001","","","","","","","0","0","0","910","1.000000001","0","2","1","0","0","4158.04","4","385.1","385.1","0.706","0.706","79","","0","0","1","0","0","","","","","","","0.000004168","0.000004158","","","","","","2026-07-20T20:32:24.280Z","2026-07-20T20:34:30.291Z","","","","",""
"小小","AqV238Bou5w6mVnk6TKNXBaa9yR7Xqg8PQdY3mLBpump","63","3","","","","","","","","","","","","","","","","","","","","","","","","","","","","","","","","","","","","0.000002284","","","","","","","2026-07-20T20:32:42.296Z","","","","","",""
"PRODUCT","Fm9sX8iWmk97LMC5xmKPctV9d2SWsQR7ADy6r2B5pump","57","1.97530864","","","","","","","","","","","","","","","","","","","","","","","","","","","","","","","","","","","","0.00000291","","","","","","","2026-07-20T20:32:42.297Z","","","","","",""
"CFG","GGFWFtVcKm1QZ9rPxJkgR5sPZiLkBmShBn2VidTEpump","57","2","","","","","","","","","","","","","","","","","","","","","","","","","","","","","","","","","","","","0.000002941","","","","","","","2026-07-20T20:32:48.283Z","","","","","",""
"go","5WJ2piNnSFhFkm1dnCimFMrR54UoZ1iZjeE4zqZYpump","55","0.15802469","","","","","","","","","","","0.15802469","1","24","1","0","0","1719.1","3","392.54","392.54","0.605","0.605","-21.8","","0","0","1","0","0","","","","","","","0.000001719","0.000001719","","","","","","2026-07-20T20:32:48.286Z","2026-07-20T20:33:48.125Z","","","","",""
"NORIBULL","69m4uBgjkT6oBqbe9QkxeAD16cNsHRA9xbUAmABSpump","69","1.000000001","","","","","","","","","","","","","","","","","","","","","","","","","","","","","","","","","","","","0.000001928","","","","","","0.000001359","2026-07-20T20:32:54.298Z","","","","","2026-07-20T20:33:42.328Z",""
"Stuart","6yFxefLfKsya8v8nZrW8fVwx9zUTP87AiTr9GjDGpump","57","5","","","","","","","","","","","","","","","","","","","","","","","","","","","","","","","","","","","","0.000002486","","","","","","","2026-07-20T20:33:00.308Z","","","","","",""
"1","2SN2CsqbxMBneSUwNFADt4XCxkuPsxr82YEsRcfzpump","62","5","","","","","","","","","","","","","","","","","","","","","","","","","","","","","","","","","","","","0.000002509","","","","","","","2026-07-20T20:33:12.299Z","","","","","",""
"BRAIN","456KGFAYWvhXQMfYNn7Rkw7JbBoprztPxQX88X43pump","","","","","","","","","","","","","","","","","","","","","","","","","","","","","","","","","","","","","","","","","","","","3.78e-7","","","","","","2026-07-20T20:33:18.326Z",""
"GINGER","FiXT28WUbBDZ3Zyc9qYWqvhi7HTJYVRA6Ue93Mdspump","","","","","","","","","","","","","","","","","","","","","","","","","","","","","","","","","","","","","","","","","","","","0.000002594","","","","","","2026-07-20T20:33:18.369Z",""
"Believe","FhaMKvcs3bRW1PpPfaQsjhipvnPns9dpgrTYGpbd24Nm","56","5.234567899","","","","","","","","","","","5.234567899","0","11","0","0","0","2284.25","3","1486.72","1486.72","0.556","0.556","-23.88","","0","0","1","0","0","","","","","","","0.000002284","0.000002284","","","","","","2026-07-20T20:33:24.297Z","2026-07-20T20:34:30.076Z","","","","",""
"believe","9cgxx7Tzso584BNwt4piApqrKCwF6miuZ6QKoeYGpump","56","3","","","","","","","","","","","","","","","","","","","","","","","","","","","","","","","","","","","","0.00000251","","","","","","","2026-07-20T20:33:30.297Z","","","","","",""
"example","4ZfqJP25mhpZVCsrhTLZxPzBwfSMRLVH13QD2cgepump","66","0.100000001","","","","","","","","","","","","","","","","","","","","","","","","","","","","","","","","","","","","0.000001756","","","","","","3.58e-7","2026-07-20T20:33:30.299Z","","","","","2026-07-20T20:34:48.330Z",""
"never","4kLzVJqXQ4R2kNfTUrvLowLhPBaqeGxVVKysmT7apump","57","3.190123455","","","","","","","","","","","","","","","","","","","","","","","","","","","","","","","","","","","","0.000002283","","","","","","","2026-07-20T20:33:36.295Z","","","","","",""
"Pocky","GyeTZLKC6BUwTByGHFR8rZAPJCD79suRHhYpjSneFLe4","","","","","","","","","","","","","","","","","","","","","","","","","","","","","","","","","","","","","","","","","","","","0.000002175","","","","","","2026-07-20T20:33:42.303Z",""
"FIC","A8PrDZZfssrj7oGWiRyhFRgQ8K5QBARLmoxigTZQpump","63","3.950617282","","","","","","","","","","","","","","","","","","","","","","","","","","","","","","","","","","","","0.000002175","","","","","","","2026-07-20T20:33:42.311Z","","","","","",""
"KARENCAT","77WFHgAYSPP37FWCt5914LkWGzFcWAZggQPMDNWKpump","","","","","","","","","","","","","","","","","","","","","","","","","","","","","","","","","","","","","","","","","","","","1.928e-7","","","","","","2026-07-20T20:33:48.341Z",""
"Believe","9QdDPrrYSkGX54AcfXpRyrg6bpEdX7xonUSmBZfpump","57","1.97530864","","","","","","","","","","","1.97530864","0","0","0","0","0","2182.53","5","9871.19","9871.19","0.551","0.551","-11.68","","0","0","1","0","0","","","","","","","0.000006145","0.000002182","","","","","","2026-07-20T20:33:48.352Z","2026-07-20T20:37:00.163Z","","","","",""
"MBBA","8FY7Rp71grAZiVGNDFg2aYTSTEpeVMVfBPFQfvWfpump","56","3","","","","","","","","","","","","","","","","","","","","","","","","","","","","","","","","","","","","0.000002283","","","","","","","2026-07-20T20:34:12.299Z","","","","","",""
"POCKY","FwT4UQF4FxPm5mGEMtSjNAhq4kPsGrfkHqyh5FE9pump","57","4","","","","","","","","","","","4","0","4","0","0","0","2283.94","3","756.09","756.09","0.6","0.6","-18.25","","0","0","1","0","0","","","","","","","0.000002283","0.000002283","","","","","","2026-07-20T20:34:30.334Z","2026-07-20T20:35:48.206Z","","","","",""
"Pocky","Aybsv8pEpPb8ZTAARVtexgAnCfyEhfXywKoeGJbWNjMu","61","7","","","","","","","","","","","","","","","","","","","","","","","","","","","","","","","","","","","","0.000002175","","","","","","","2026-07-20T20:34:36.303Z","","","","","",""
"POCKY","7AmoLCe4aN9jnzaQNxWdcEYUMHZHQzGGDwafNk3Apump","","","","","","","","","","","","","","","","","","","","","","","","","","","","","","","","","","","","","","","","","","","","0.000002283","","","","","","2026-07-20T20:34:36.358Z",""
"pocky","9uRb2XeXP6wKMjeizzD3xy5Jr8CJ5SwUowNa19APCbb5","56","5.234567899","","","","","","","","","","","","","","","","","","","","","","","","","","","","","","","","","","","","0.000002175","","","","","","","2026-07-20T20:34:36.360Z","","","","","",""
"Pocky","rACKfsvn463V6jwfmQpDSMy4Ze4EAbd37YV8Qydpump","79","5","","","","","","","4","284","-0.2","904","5","1","8","0","0","0","2731.19","4","4356.06","4356.06","0.62","0.62","-7.75","","0","0","1","0","0","","","","","","","0.000002579","0.000002731","","","","","","2026-07-20T20:34:36.369Z","2026-07-20T20:36:36.315Z","","","","",""
"MBBA","DvztbU9aVaXxyWqN91STLVrQp5rEnBsQ5wknGMjFpump","57","5","","","","","","","","","","","","","","","","","","","","","","","","","","","","","","","","","","","","0.00000436","","","","","","","2026-07-20T20:34:42.336Z","","","","","",""
"España","Hn3wXC8o5Eh6jMcKsv74KB9VU7byDhQmCtAQAABDpump","71","1.000000001","","","","","","","","","","","","","","","","","","","","","","","","","","","","","","","","","","","","0.000001891","","","","","","","2026-07-20T20:34:48.309Z","","","","","",""
"NoRug","3Gov7xBqqEfQ18kfPmxfMSDiFUoMEPyTLQxQRc7zpump","","","","","","","","","","","","","","","","","","","","","","","","","","","","","","","","","","","","","","","","","","","","1.589e-7","","","","","","2026-07-20T20:34:48.323Z",""
"TIT","G7NuxgfKxs9vWkFbq9hsGo9d5gfMHbUtkQTTeph8pump","56","2.962962961","","","","","","","","","","","","","","","","","","","","","","","","","","","","","","","","","","","","0.000002408","","","","","","","2026-07-20T20:35:12.305Z","","","","","",""
"go","EJhsY2TRdGPEYkUgcremxQnkVSfVP1rwd2PsSSrRpump","55","0.197530863","","","","","","","","","","","","","","","","","","","","","","","","","","","","","","","","","","","","0.00001117","","","","","","","2026-07-20T20:35:12.329Z","","","","","",""
"Teleportation","otxB1CUrwrKBfJ3mn8edFqaM2X9RLumyHG8hZvJpump","82","11.641481479","","","","","","","","","","","","","","","","","","","","","","","","","","","","","","","","","","","","0.00001342","","","","","","","2026-07-20T20:35:18.288Z","","","","","",""
"MBBA","CKCHbdwDeqp2TPc9a1o7PrhGTLDoNZYRtQDEuDJ4pump","63","3","","","","","","","","","","","","","","","","","","","","","","","","","","","","","","","","","","","","0.000002283","","","","","","","2026-07-20T20:35:42.297Z","","","","","",""
"TIT","2kbupSzqPnYZvm34fS3xsPgHP191vk9vUgEWDHv6pump","57","1.97530864","","","","","","","","","","","","","","","","","","","","","","","","","","","","","","","","","","","","0.0000102","","","","","","","2026-07-20T20:35:48.354Z","","","","","",""
"HIDE","6Cx3dCdStUdKGF6v542h3rBVKspYe1WyKbFpDVubpump","","","","","","","","","","","","","","","","","","","","","","","","","","","","","","","","","","","","","","","","","","","","7.851e-7","","","","","","2026-07-20T20:35:48.362Z",""
"Teleportation","2UYMTSsyw14o3o9Z9JVtJHzFYb5qrbKE6MZ5nUsKpump","60","2.4691358","","","","","","","","","","","","","","","","","","","","","","","","","","","","","","","","","","","","0.000002283","","","","","","","2026-07-20T20:36:06.298Z","","","","","",""
"ANSEM","3XorTUxXESzNf2qQzxg2Zax3FnrUsPrNYHovYJUqpump","","","","","","","","","","","","","","","","","","","","","","","","","","","","","","","","","","","","","","","","","","","","6.617e-7","","","","","","2026-07-20T20:36:06.305Z",""
"Teleportation","BankLpNcEoinVHP1AoxyL8dTz9PQDeCrY3RXQEDdpump","61","4","","","","","","","","","","","","","","","","","","","","","","","","","","","","","","","","","","","","0.000002175","","","","","","","2026-07-20T20:36:12.298Z","","","","","",""
"APM","32VMYk4uzmRhvnoA6ZnmQn8k1iJmmzKpYUgJTyUEpump","","","","","","","","","","","","","","","","","","","","","","","","","","","","","","","","","","","","","","","","","","","","0.000001065","","","","","","2026-07-20T20:36:18.382Z",""
"Teleportation","DAvh2g1s9pXLysMVRuRhkFA1MyKaAAV8xFujcJEgpump","57","2","","","","","","","","","","","","","","","","","","","","","","","","","","","","","","","","","","","","0.000004135","","","","","","","2026-07-20T20:36:18.386Z","","","","","",""
"HIDE","CdLuQikiBrgbcjsmWt5p8sUopvYwkeqHNW2zjxT7pump","79","3.950617282","","","","","","","","","","","","","","","","","","","","","","","","","","","","","","","","","","","","0.000001703","","","","","","","2026-07-20T20:36:18.399Z","","","","","",""
"lamine","8QeFqZzLDpYeqZ3g8j71e6PaVNki33xu8yDpMqiepump","","","","","","","","","","","","","","","","","","","","","","","","","","","","","","","","","","","","","","","","","","","","6.887e-7","","","","","","2026-07-20T20:36:30.375Z",""
"FRAM2","E8AWZJEXXStddJtnn1tJufEHDf64tAhpLCzLNZ7wpump","63","2.962962961","","","","","","","0","666","0","906","2.962962961","0","0","0","0","0","2175.45","3","468.99","468.99","0.667","0.667","-17.16","","0","0","1","0","0","","","","","","","0.000002175","0.000002175","","","","","","2026-07-20T20:36:36.331Z","2026-07-20T20:37:54.162Z","","","","",""
"Teleportation","EHYLtdBHDMsLvrcfqdQLUDZJCkn9Tc2qLVex13TRpump","61","3.5","","","","","","","","","","","","","","","","","","","","","","","","","","","","","","","","","","","","0.000002283","","","","","","","2026-07-20T20:37:18.352Z","","","","","",""
"$THALUS","w41w9trWhqDn4Zr8Jp6HmWmiEwCUZtTbwHAdhSVpump","57","1.97530864","","","","","","","","","","","1.97530864","0","0","0","0","0","2216.33","3","4640.38","4640.38","0.705","0.705","-10.31","","0","0","1","0","0","","","","","","","0.000002216","0.000002216","","","","","","2026-07-20T20:37:36.295Z","2026-07-20T20:38:48.068Z","","","","",""
"Reaper","95hnbHYDR1NoitwciAc1JXuoYJttzxW6DhM1CCRVpump","56","1.925925924","","","","","","","","","","","","","","","","","","","","","","","","","","","","","","","","","","","","0.000002361","","","","","","","2026-07-20T20:37:42.280Z","","","","","",""
"CHANGED","6k91xQrvocsTY7kpugTuBFmXsoy4RkCW9bnu4ZWcpump","","","","","","","","","","","","","","","","","","","","","","","","","","","","","","","","","","","","","","","","","","","","0.000001424","","","","","","2026-07-20T20:37:42.315Z",""
"SAYCAT","BLxV9fUyNfNsxaPK9kv6RJrP9b85e4LMtTf11nHjpump","56","0.200000001","","","","","","","","","","","","","","","","","","","","","","","","","","","","","","","","","","","","0.000004076","","","","","","7.647e-7","2026-07-20T20:37:48.289Z","","","","","2026-07-20T20:38:42.472Z",""
"POUR","299rw8DS5ACyATzm3TfqbzmaUcQjbFuw7xpNY94fdAXs","62","5.599999999","","","","","","","","","","","","","","","","","","","","","","","","","","","","","","","","","","","","0.000002179","","","","","","","2026-07-20T20:37:54.314Z","","","","","",""
"LETITPOUR","3Ex8LUUv95F7UN8SSVSeUHkkZ5pqpCYcXHAufLvV8DLN","56","4.938271603","","","","","","","","","","","","","","","","","","","","","","","","","","","","","","","","","","","","0.000002216","","","","","","","2026-07-20T20:38:00.295Z","","","","","",""
"pour","9HfeUNwzrTA6mwtQkNE1UwTJtZed28C5vkwiTdeYpump","77","5","","","","","","","","","","","","","","","","","","","","","","","","","","","","","","","","","","","","0.000002179","","","","","","","2026-07-20T20:38:00.305Z","","","","","",""
"HASKELL ","8ZV7645rvypmFjQbxMoznz14CpoxF1zZypfuBgNrpump","63","2.962962961","","","","","","","","","","","","","","","","","","","","","","","","","","","","","","","","","","","","0.00000298","","","","","","","2026-07-20T20:38:06.297Z","","","","","",""
"lizard","JqvMtKC1mDu4n2WX3pLz6wbPVDgkQ39W6LjX3Etpump","75","5","","","","","","","","","","","","","","","","","","","","","","","","","","","","","","","","","","","","0.000002179","","","","","","","2026-07-20T20:38:12.325Z","","","","","",""
"CHANGED","3EjqdjTVRsiD6LacC1mDpUjYhgXUCKctHUHauemspump","69","1.97530864","","","","","","","","","","","","","","","","","","","","","","","","","","","","","","","","","","","","0.00000234","","","","","","","2026-07-20T20:38:24.284Z","","","","","",""
"PAW","ZRDRx1UMKRCxvJd1xtzH22WxvTARcFSMjhGtAbUpump","84","13.827160492","","","","","","","","","","","","","","","","","","","","","","","","","","","","","","","","","","","","0.000006376","","","","","","","2026-07-20T20:38:24.303Z","","","","","",""
"Teleportation","DunsXqHtt7uWVsbSTkbJHWqz295TD3rxdLEaWiJnpump","57","1.97530864","","","","","","","","","","","","","","","","","","","","","","","","","","","","","","","","","","","","0.000002312","","","","","","","2026-07-20T20:38:54.358Z","","","","","",""
"CHANGED","8TMxkaJeyMvFzo6ykHRFBiie1FchvHbKafDBFYATpump","","","","","","","","","","","","","","","","","","","","","","","","","","","","","","","","","","","","","","","","","","","","7.598e-7","","","","","","2026-07-20T20:39:00.316Z",""
"Nice","Hvv1xP7s4vRzU1tkEmgdb7vGekk4Kvrj7rbewyTPAMtM","60","7","","","","","","","","","","","","","","","","","","","","","","","","","","","","","","","","","","","","0.000002631","","","","","","","2026-07-20T20:39:06.363Z","","","","","",""
"Sally","GrpgGRq9UmzVMxSCx9hM7BxPoHjAYNoDGPbQzX7PhM8B","","","","","","","","","","","","","","","","","","","","","","","","","","","","","","","","","","","","","","","","","","","","0.000002317","","","","","","2026-07-20T20:39:06.365Z",""
"GainzAI","HCbiE9AG2SwRMpGgxqMDKpWqfeaZp93BRfFxDQFdpump","","","","","","","","","","","","","","","","","","","","","","","","","","","","","","","","","","","","","","","","","","","","8.757e-7","","","","","","2026-07-20T20:39:12.369Z",""
"think","5ceeNmWiSMNkUqzghgHBxJ6d2wA7xZNHb4RF3rmgpump","","","","","","","","","","","","","","","","","","","","","","","","","","","","","","","","","","","","","","","","","","","","2.976e-7","","","","","","2026-07-20T20:39:30.334Z",""
"NORIBULL","6fkqetN38Pic6n1TXQnd3axEH7ZtJ8LD6rxxg2ecpump","68","1.000000001","","","","","","","0","0","0","920","1.000000001","0","4","1","0","0","2688.23","3","320.2","320.2","0.583","0.583","15.52","","0","0","1","0","0","","","","","","","0.000002688","0.000002688","","","","","","2026-07-20T20:39:30.346Z","2026-07-20T20:40:30.295Z","","","","",""
"Spainify","CuUwVj8n7oVoNe6f5c2Rnf2bBGphxvnLf9iTuwxQpump","61","5","","","","","","","","","","","","","","","","","","","","","","","","","","","","","","","","","","","","0.000002288","","","","","","","2026-07-20T20:39:36.302Z","","","","","",""
"Fanify","AB5Cx7ieKHkomZ77y9Vh8sae2t4x5aDksqCJdtPDpump","68","9","","","","","","","","","","","","","","","","","","","","","","","","","","","","","","","","","","","","0.000002339","","","","","","","2026-07-20T20:39:36.376Z","","","","","",""
"CHANGED","ATgGMdkGt4VpDw6vfGaqZGhTAnZvNR4QXcUpwu3qpump","","","","","","","","","","","","","","","","","","","","","","","","","","","","","","","","","","","","","","","","","","","","2.786e-7","","","","","","2026-07-20T20:39:36.378Z",""
"Teleportation","ZCBDUJgMQnjLujUFc9PbjThTSNfyjacjEfSExJ4pump","63","3","","","","","","","","","","","","","","","","","","","","","","","","","","","","","","","","","","","","0.000002288","","","","","","","2026-07-20T20:39:42.282Z","","","","","",""
"Fani","2wfa7nQtHxBCajjFvk31TkJPwVqq2pMtoik63tpnpump","58","3","","","","","","","","","","","","","","","","","","","","","","","","","","","","","","","","","","","","0.000002288","","","","","","","2026-07-20T20:39:42.299Z","","","","","",""
"AC","2AVZPvysnee51qbpXrU6XbfKLpzmeMy9hmk4Vc8kpump","","","","","","","","","","","","","","","","","","","","","","","","","","","","","","","","","","","","","","","","","","","","2.536e-8","","","","","","2026-07-20T20:39:54.296Z",""
"Sally","5TMeHmqaqRGgZdHTE7cXoP99Y712dRDQiiqxrYH5pump","58","3","","","","","","","","","","","","","","","","","","","","","","","","","","","","","","","","","","","","0.000002181","","","","","","","2026-07-20T20:40:06.304Z","","","","","",""
"Teleportation","GVjZMVPAEFvdE8HSnuT5btccpAkD9iS3nWtr2ZnCpump","58","3.5","","","","","","","","","","","","","","","","","","","","","","","","","","","","","","","","","","","","0.000002288","","","","","","","2026-07-20T20:40:06.311Z","","","","","",""
"CHANGED","2RhviwxYPhzfpZsXyTS7Ao5k74yF5mCTB3qATYqjpump","","","","","","","","","","","","","","","","","","","","","","","","","","","","","","","","","","","","","","","","","","","","0.00000148","","","","","","2026-07-20T20:40:12.280Z",""
"CHAMPIONS","ErMbJxM9XJQpsSa4MigdtaDJTk2ULPazewtfFqZZpump","63","3","","","","","","","","","","","","","","","","","","","","","","","","","","","","","","","","","","","","0.000002288","","","","","","","2026-07-20T20:40:12.288Z","","","","","",""
"Kermit","HCwSEcqFazXyzXkAr6yoCohP3Lk8ExGPd3doYdijpump","63","3","","","","","","","","","","","","","","","","","","","","","","","","","","","","","","","","","","","","0.000002288","","","","","","","2026-07-20T20:40:12.294Z","","","","","",""
"Fanify","FCVXQ85bHKs2CRs2NUmRdZfDQqAvQoj3cvFA4zcMpump","85","4.938271603","","","","","","","","","","","","","","","","","","","","","","","","","","","","","","","","","","","","0.000002288","","","","","","","2026-07-20T20:40:18.295Z","","","","","",""
"Sally","8AJzXUWoaiKPfADMpZWnPFfBzCp1ViXo6LvFuBuypump","57","1.97530864","","","","","","","","","","","1.97530864","0","0","0","0","0","2289.36","3","1121.78","1121.78","0.576","0.576","-7.53","","0","0","1","0","0","","","","","","","0.000002289","0.000002289","","","","","","2026-07-20T20:40:18.302Z","2026-07-20T20:41:36.138Z","","","","",""
"TOC","2GK1v2N9Z8vViDRV9DpzKvAjmw7ApjviBtGk6kgXpump","65","0.060000001","","","","","","","","","","","","","","","","","","","","","","","","","","","","","","","","","","","","0.000002283","","","","","","","2026-07-20T20:40:24.374Z","","","","","",""
"DUNKIN","6PRS8XZ1B7zmWLkpedcE3GreTnUzubFz4otdT4zhpump","73","5","","","","","","","","","","","","","","","","","","","","","","","","","","","","","","","","","","","","0.000002179","","","","","","","2026-07-20T20:40:30.313Z","","","","","",""
"binki","ByPCw5RSs7eN7KecYJR5BjkgfTYaf8nPPhbeUTCSpump","57","1.97530864","","","","","","","","","","","","","","","","","","","","","","","","","","","","","","","","","","","","0.000002179","","","","","","","2026-07-20T20:40:54.284Z","","","","","",""
"WOMANLET","7ToLnLibFsMfUVBg6VmobEybS2vJgptX85W7GB89pump","","","","","","","","","","","","","","","","","","","","","","","","","","","","","","","","","","","","","","","","","","","","2.053e-7","","","","","","2026-07-20T20:40:54.298Z",""
"CHANGED","AqtyU2HYkULhxCyCdbWDMu9wXgNQXGVFtn6GkyRBpump","77","3.950617282","","","","","","","0","0","0","912","3.950617282","0","17","1","0","0","5307.78","3","1522.89","1522.89","0.833","0.833","90.16","","0","0","1","0","0","","","","","","","0.000005307","0.000005307","","","","","","2026-07-20T20:40:54.310Z","2026-07-20T20:42:18.174Z","","","","",""
"churlie","FKPwHAMgCMqSHA6EWVkXSvGzP2yHnWMoabyw4HVVpump","71","5","","","","","","","","","","","","","","","","","","","","","","","","","","","","","","","","","","","","0.000002632","","","","","","","2026-07-20T20:41:18.291Z","","","","","",""
"Obeso","5wagyBkbZADxNXkM5TnNBbiNmtdTat1xWLgSQD4Kpump","58","3","","","","","","","","","","","","","","","","","","","","","","","","","","","","","","","","","","","","0.000002179","","","","","","","2026-07-20T20:41:24.323Z","","","","","",""
"binki","G7DvxUkMB2KHg6et1FQ4nrBePAv5eSF1NNDvv5Bnpump","57","1.97530864","","","","","","","","","","","","","","","","","","","","","","","","","","","","","","","","","","","","0.000002242","","","","","","","2026-07-20T20:41:24.336Z","","","","","",""
"GOATINGO","BjVThiNtLr5FsgkGVFgpJMohcPHKxk1absXJwqvkpump","","","","","","","","","0","0","-17.3","914","2.962962961","0","0","0","0","0","2642.1","3","236.29","236.29","1","1","0.42","","0","0","1","0","0","","","","","","","","0.000002642","","","","","","","2026-07-20T20:41:36.065Z","","","","",""
"STUART","D2FEV564KMTZyGfoWsK2ksvDc4LuiM4S896kTLkEpump","56","3","","","","","","","","","","","","","","","","","","","","","","","","","","","","","","","","","","","","0.00000251","","","","","","","2026-07-20T20:41:48.301Z","","","","","",""
"Dream","FNgXY53WAPYQCXXM2aCvREtH3hz4aetqawqRvc2epump","75","6.913580245","","","","","","","","","","","","","","","","","","","","","","","","","","","","","","","","","","","","0.000008343","","","","","","","2026-07-20T20:42:06.299Z","","","","","",""
"pig pen","FqbqC5YFtDuvh4ZsW9V2ayMGrYdteBMbyoNQDYCNpump","","","","","","","","","","","","","","","","","","","","","","","","","","","","","","","","","","","","","","","","","","","","3.969e-7","","","","","","2026-07-20T20:42:12.290Z",""
"MORFIUS","DyPYUMYdd1dAtJni8kfJja17rZ9LdXFDpi7foUcDpump","56","3","","","","","","","","","","","","","","","","","","","","","","","","","","","","","","","","","","","","0.000002288","","","","","","","2026-07-20T20:42:36.296Z","","","","","",""
"BIG26","5vDPGUvjGXTJPHqbAiRQw9He5zREu4ff2LDak4qVpump","","","","","","","","","","","","","","","","","","","","","","","","","","","","","","","","","","","","","","","","","","","","0.000001448","","","","","","2026-07-20T20:43:00.330Z",""
"BIG26","4isnqd5KF1X2JCXoQupvWSiPqzShwGTjw8UwabFzpump","","","","","","","","","","","","","","","","","","","","","","","","","","","","","","","","","","","","","","","","","","","","0.000001325","","","","","","2026-07-20T20:43:42.307Z",""
"WCE","7yFFFMmVCxqNgghf3bF1Xy9H4CJo25phJwNxRx3Qpump","56","5","","","","","","","","","","","","","","","","","","","","","","","","","","","","","","","","","","","","0.000002298","","","","","","","2026-07-20T20:43:48.287Z","","","","","",""
"BIG26","EtuM3iytTzWGS7hNaD9NxGznetBefPiMR8Vef8kPpump","81","5.925925924","","","","","","","0","0","0","920","5.925925924","0","20","1","0","0","2697.81","3","1636.37","1636.37","0.615","0.615","-13.59","","0","0","1","0","0","","","","","","","0.000002697","0.000002697","","","","","","2026-07-20T20:44:12.533Z","2026-07-20T20:45:30.156Z","","","","",""
"BOOBS","T7oBirgZLpdYq9HTQ6izFBGGdWKcXALs2Lyh4oSpump","","","","","","","","","","","","","","","","","","","","","","","","","","","","","","","","","","","","","","","","","","","","3.27e-8","","","","","","2026-07-20T20:44:18.291Z",""
"DOGESHIT","9pYNaGVjwihT5jX5oguf75asfYGbKqYPjjx6Z5fcnQbd","63","11.85185185","","","","","","","","","","","","","","","","","","","","","","","","","","","","","","","","","","","","0.000004467","","","","","","0.000002195","2026-07-20T20:44:24.290Z","","","","","2026-07-20T20:45:12.324Z",""
"DOGESHIT","G5UtjTnfXtSfmRMdWykGNiYcXRTWH7Jcht8JbaDXpump","69","4.5","","","","","","","22.4","84","-7.4","904","4.5","0","0","0","0","0","19745.61","3","48507.97","48507.97","0.565","0.565","586","","0","0","1","0","1","","","","","","","0.00001131","0.00001974","","","","","","2026-07-20T20:44:30.302Z","2026-07-20T20:45:36.198Z","","","","",""
"SAE","8vStff4ELNhwdjnyLUJiJQnLECcqBVwwV3TH2Xgmpump","55","0.059259258","","","","","","","","","","","","","","","","","","","","","","","","","","","","","","","","","","","","0.0000017","","","","","","","2026-07-20T20:44:42.317Z","","","","","",""
"Dogeshit","DarPvS6QYDaWEMZ9QVDPAAF2XaLxWn33S2Kt4T44pump","60","3.950617282","","","","","","","","","","","","","","","","","","","","","","","","","","","","","","","","","","","","0.000002285","","","","","","","2026-07-20T20:44:48.294Z","","","","","",""
"BIG26","7TkkKYywHgFXhxwEB9y3iSUS8v92n9Vs72NxVayopump","","","","","","","","","","","","","","","","","","","","","","","","","","","","","","","","","","","","","","","","","","","","0.000001254","","","","","","2026-07-20T20:44:48.305Z",""
"DOGESHIT","3hE1iyyXefatokUcA591bXhrAxKTLkpETfYNDbHYpump","87","4","","","","","","","","","","","","","","","","","","","","","","","","","","","","","","","","","","","","0.000002286","","","","","","","2026-07-20T20:44:48.361Z","","","","","",""
"BT","EHqNJ8DtyMG97WADidgx9E2XeFA8H5wu11P5HbpApump","","","","","","","","","","","","","","","","","","","","","","","","","","","","","","","","","","","","","","","","","","","","1.785e-7","","","","","","2026-07-20T20:44:48.365Z",""
"$DOGESHIT","CtpLnMKqTprWsXA7UurN9eEMeBm8vWYS38zhqMKipump","59","2.370370368","","","","","","","","","","","","","","","","","","","","","","","","","","","","","","","","","","","","0.000002225","","","","","","","2026-07-20T20:44:54.410Z","","","","","",""
"DOGE$HIT","ErfPxNApLy9DebCPyqtLnbMyDRNTB8WPYcMEEzFtpump","71","5","","","","","","","","","","","","","","","","","","","","","","","","","","","","","","","","","","","","0.000002285","","","","","","","2026-07-20T20:45:12.277Z","","","","","",""
"PAW","EtsgWoC29h1jRKUUZPQxJSukp3Ndq9ALywKpNCMMpump","72","0.493827158","","","","","","","","","","","","","","","","","","","","","","","","","","","","","","","","","","","","0.000001474","","","","","","","2026-07-20T20:45:12.336Z","","","","","",""
"DOGESHIT","9nx5r9ges48bK1rYR39NKFB7YEuxodxLSUTWQCnkpump","59","4","","","","","","","","","","","","","","","","","","","","","","","","","","","","","","","","","","","","0.000002177","","","","","","","2026-07-20T20:45:18.275Z","","","","","",""
"BIG26","EajWkmRPoVCFxkS39NLDxUb21kgauSPkfD5FRNTMpump","","","","","","","","","","","","","","","","","","","","","","","","","","","","","","","","","","","","","","","","","","","","0.000001009","","","","","","2026-07-20T20:45:18.293Z",""
"Dreamcore","DjYcpr49efAUnZYYa5XC9stZcLLYBvyTxk8kfhsPpump","63","3","","","","","","","","","","","","","","","","","","","","","","","","","","","","","","","","","","","","0.000002286","","","","","","","2026-07-20T20:45:18.300Z","","","","","",""
"SAVE","6LiurZCd44q7U1NVBuvxo5tX1GFmMqaTM2NLBZrzpump","57","1.97530864","","","","","","","","","","","","","","","","","","","","","","","","","","","","","","","","","","","","0.000002236","","","","","","","2026-07-20T20:45:18.306Z","","","","","",""
"DOGE$HIT","G68GbVBFCPtcyjqZ9z1PgA8gfX8A6k4TT9D44G6Fpump","58","3","","","","","","","","","","","","","","","","","","","","","","","","","","","","","","","","","","","","0.000002275","","","","","","","2026-07-20T20:45:24.318Z","","","","","",""
"DOGESHIT","58wUV5hK2T4q4yYhfbNdJ3CUEQK2W1mCt4iV1dtupump","83","4","","","","","","","","","","","","","","","","","","","","","","","","","","","","","","","","","","","","0.000002245","","","","","","","2026-07-20T20:45:24.337Z","","","","","",""
"DOGESHIT","HrKbVLfq2qMQ7Q9LikJnU16xGkjvnjp6E7Bj2Tmbpump","55","1.688888887","","","","","","","","","","","","","","","","","","","","","","","","","","","","","","","","","","","","0.00001322","","","","","","","2026-07-20T20:45:24.348Z","","","","","",""
"DOGE$HIT","A4C3ohQQLhgeRXgSrqVxK7g4C8vBChJXwRbKDSJipump","55","5","","","","","","","","","","","","","","","","","","","","","","","","","","","","","","","","","","","","0.000003001","","","","","","","2026-07-20T20:45:36.286Z","","","","","",""
"TOC","GukQAxA4QqGMS1mqvMo4j48XHiQyEKFxE1nae4Vtpump","","","","","","","","","","","","","","","","","","","","","","","","","","","","","","","","","","","","","","","","","","","","2.98e-7","","","","","","2026-07-20T20:45:42.281Z",""
"DOGE$$IT","ACHwB1hud6m6eDWRCWvWjknfDW7dhp6zpA8mZ22Zpump","56","3","","","","","","","","","","","3","0","2","0","0","0","2286.01","3","1337.84","1337.84","0.6","0.6","-13.22","","0","0","1","0","0","","","","","","","0.000002286","0.000002286","","","","","","2026-07-20T20:45:42.335Z","2026-07-20T20:46:42.095Z","","","","",""
"Rent","HkrcUKHFBvjcRaKwuxt57Y1p7j6YaRoYzE3V2oRspump","56","2.962962961","","","","","","","","","","","","","","","","","","","","","","","","","","","","","","","","","","","","0.000002291","","","","","","","2026-07-20T20:45:48.368Z","","","","","",""
"BIG26","A4USwEkRBsTfyQNeXi6XhHVZPgTmFoeAZwg1wYYYpump","","","","","","","","","","","","","","","","","","","","","","","","","","","","","","","","","","","","","","","","","","","","4.418e-7","","","","","","2026-07-20T20:45:48.386Z",""
"BOOBS","FPFsxKL35bU5DaBwp4yS24gP7VdPKY7UVbJfaB7Lpump","","","","","","","","","","","","","","","","","","","","","","","","","","","","","","","","","","","","","","","","","","","","2.93e-7","","","","","","2026-07-20T20:45:48.412Z",""
"MOONICAN","DkEKMWf8Pm5wXWmHKMzNdnoFvwrfS7F61VQKABT4pump","76","1.000000001","","","","","","","0","0","0","906","1.000000001","0","0","1","0","0","3352.84","3","239.95","239.95","0.8","0.8","44.22","","0","0","1","0","0","","","","","","","0.000003352","0.000003352","","","","","","2026-07-20T20:45:54.276Z","2026-07-20T20:46:54.068Z","","","","",""
"$GBULL","Hc4cu7BL8dbTLyyWuKgv1g7n4zphmVt1QzNXh4L7pump","80","9.876543208","","","","","","","","","","","","","","","","","","","","","","","","","","","","","","","","","","","","0.000003922","","","","","","","2026-07-20T20:45:54.325Z","","","","","",""
"SPACE","FNeBdF33rJEcLMnDBoFCjSKok4DctTjQEhLF6qx8pump","","","","","","","","","","","","","","","","","","","","","","","","","","","","","","","","","","","","","","","","","","","","4.466e-8","","","","","","2026-07-20T20:46:06.299Z",""
"MOONICAN","FPiDxktWfTtkTZCz6a9pDvMAuUkLDdz8dfQKkuw7pump","73","1.000000001","","","","","","","","","","","","","","","","","","","","","","","","","","","","","","","","","","","","0.000002185","","","","","","","2026-07-20T20:46:30.318Z","","","","","",""
"go","DndxtGJsPbrupdZYQkkKmjmgYGfnEUGC2wWsV93Kpump","","","","","","","","","","","","","","","","","","","","","","","","","","","","","","","","","","","","","","","","","","","","2.54e-7","","","","","","2026-07-20T20:46:48.282Z",""
"MOONICAN","FxZrAyNwJ1Mhw1SiRzH4A1eaE9D1EEMQK2xVMR5rpump","71","1.000000001","","","","","","","","","","","","","","","","","","","","","","","","","","","","","","","","","","","","0.000002421","","","","","","1.943e-7","2026-07-20T20:46:48.290Z","","","","","2026-07-20T20:47:24.339Z",""
"DOGE$HIT","APdUBW28X4AmDAbND7RVf5uH4VamcSHj7xtbSSF8pump","56","3","","","","","","","","","","","","","","","","","","","","","","","","","","","","","","","","","","","","0.000002288","","","","","","","2026-07-20T20:46:54.289Z","","","","","",""
"BIG26","8DFccukCGeYWaHGeUdR8HxpHK7Mn9JeqnXnt6rpRpump","","","","","","","","","","","","","","","","","","","","","","","","","","","","","","","","","","","","","","","","","","","","4.441e-7","","","","","","2026-07-20T20:47:00.289Z",""
"NILF","5xF1KGD85taFK5jDSCJcPJs4Mz4eUxX9HvGg3KVbpump","","","","","","","","","","","","","","","","","","","","","","","","","","","","","","","","","","","","","","","","","","","","3.465e-7","","","","","","2026-07-20T20:47:30.286Z",""
"SPICYCAT","rERA1t5i4eegi4Do1ragVZHiH6bt4U8YRKVjtnhpump","55","0.200000001","","","","","","","","","","","","","","","","","","","","","","","","","","","","","","","","","","","","0.000002199","","","","","","","2026-07-20T20:47:36.312Z","","","","","",""
"Undecidable","5rT1Zba3zynNfCuad1FfJ5ZMbPQViEsYEdJaQmDypump","63","3.901234566","","","","","","","","","","","","","","","","","","","","","","","","","","","","","","","","","","","","0.00000218","","","","","","","2026-07-20T20:47:54.304Z","","","","","",""
"Just trust","6p73dsD9Q1r3EMthZ5fRXNB1Zp974EwxcgY5L7Anpump","65","0.059259258","","","","","","","","","","","","","","","","","","","","","","","","","","","","","","","","","","","","0.000002197","","","","","","1.504e-7","2026-07-20T20:48:00.304Z","","","","","2026-07-20T20:48:36.267Z",""
"MOONICAN","G3iFDBEx7Bu3kKDGLe2t61MwND1C44JL3WCVp8Lxpump","69","1.000000001","","","","","","","0","0","0","914","1.000000001","0","3","1","0","0","4105.62","3","401.17","401.17","0.714","0.714","76.63","","0","0","1","0","0","","","","","","","0.000004105","0.000004105","","","","","","2026-07-20T20:48:36.293Z","2026-07-20T20:49:36.086Z","","","","",""
"SPACE","BsDU32M45ySkM3MQVjt7orQst67G3P9e74Cs3a9fpump","","","","","","","","","","","","","","","","","","","","","","","","","","","","","","","","","","","","","","","","","","","","1.242e-8","","","","","","2026-07-20T20:48:36.297Z",""
"muep","8RX9D8x6cF4GYeq6B8xBBM79UXQctLzxNBDzKsawpump","65","0.060000001","","","","","","","","","","","","","","","","","","","","","","","","","","","","","","","","","","","","0.00000145","","","","","","5.105e-7","2026-07-20T20:48:48.433Z","","","","","2026-07-20T20:49:30.292Z",""
"go","52QmggdgBsPB4UZkgBUFsWGKfK7RtpzsTjC393WBpump","","","","","","","","","","","","","","","","","","","","","","","","","","","","","","","","","","","","","","","","","","","","6.091e-7","","","","","","2026-07-20T20:48:54.471Z",""
"MOONICAN","FcYdzmsKn2Goc4Q53wwuCh7o2sZ1EedrMDibGUGwpump","68","1.000000001","","","","","","","0","0","0","912","1.000000001","0","4","1","0","0","2299.41","3","243.8","243.8","0.778","0.778","-1.08","","0","0","1","0","0","","","","","","","0.000002277","0.000002299","","","","","","2026-07-20T20:49:18.285Z","2026-07-20T20:50:18.065Z","","","","",""
"ANSEM","7YTCsqzbwjqjDuSwvMfutAJsfVmM2aQYfixfwKy7pump","66","11.85185185","","","","","","","","","","","","","","","","","","","","","","","","","","","","","","","","","","","","0.000004367","","","","","","0.000002176","2026-07-20T20:49:24.289Z","","","","","2026-07-20T20:50:00.300Z",""
"BTC","9fWvstqCiEPAhPFLqrQT2ep8SNowj6E38161Bb2vpump","91","7","","","","","","","","","","","","","","","","","","","","","","","","","","","","","","","","","","","","0.000002248","","","","","","","2026-07-20T20:49:24.299Z","","","","","",""
"go","DMfQid65Ki8Q56wEVsMT8RhdEy8NZcFee3XHmfy2pump","","","","","","","","","","","","","","","","","","","","","","","","","","","","","","","","","","","","","","","","","","","","2.851e-7","","","","","","2026-07-20T20:50:06.309Z",""
"Kyle","HRT6HZy2hwed1W2AQUyjMML5VRVqKFo95JjVtEWApump","63","3.083247687","","","","","","","","","","","","","","","","","","","","","","","","","","","","","","","","","","","","0.000002439","","","","","","","2026-07-20T20:50:12.295Z","","","","","",""
"TRFR","AxrGY2zup8Qs1q7BNLaNpAwB4MQQ9xPxx2gNewJZpump","","","","","","","","","","","","","","","","","","","","","","","","","","","","","","","","","","","","","","","","","","","","3.426e-7","","","","","","2026-07-20T20:50:30.274Z",""
"Ansem2","6k1AtLB4iDijeNUifqV6GfDkGJPULKcMNobTxvskpump","58","0.059259258","","","","","","","","","","","","","","","","","","","","","","","","","","","","","","","","","","","","0.000001389","","","","","","6.728e-7","2026-07-20T20:50:30.319Z","","","","","2026-07-20T20:51:06.346Z",""
"unny","6mCjm44ymgmkQ15FE9qn88Ypm4QtUfnyZHLZuhnentcx","61","5.599999999","","","","","","","","","","","","","","","","","","","","","","","","","","","","","","","","","","","","0.000002176","","","","","","","2026-07-20T20:50:42.333Z","","","","","",""
"CUTE","HPjBfHejbkjG8si72cSN43JmdNpDtsmgst98sgzMpump","70","5","","65.779","","","","","0","0","-6.1","920","5","1","13","0","0","0","2318.7","3","2593.34","2593.34","0.55","0.55","-21.74","","0","0","1","0","0","-6.125970664365836","","","","","","0.000002318","0.000002318","","","0.000002176","","","2026-07-20T20:50:42.339Z","2026-07-20T20:52:00.289Z","","","2026-07-20T20:53:06.068Z","",""
"Funny","9BqScAM5rfdvoHkJxTszL7BtADAwnWEBawEQEup7pump","57","4","","","","","","","","","","","","","","","","","","","","","","","","","","","","","","","","","","","","0.000002176","","","","","","","2026-07-20T20:50:48.285Z","","","","","",""
"MILLY","BiHxwsgNRRW5pqKiMW6zjcRSGXdsfLqjJqsvNn6vfomo","60","5","","","","","","","","","","","","","","","","","","","","","","","","","","","","","","","","","","","","0.000002176","","","","","","","2026-07-20T20:50:54.274Z","","","","","",""
"MILLY","Bp3KpsriuyHd1Pq7Z6dJC8bvGEa81BjbdnvYyA89pump","88","7","auto","","78.21","","","","81.1","146","-87.3","206","7","1","6","0","0","0","10797.95","3","15483.15","15483.15","0.582","0.582","226","","0","0","1","0","1","","","","","","","0.000009402","0.00001079","0.00001679","","","","","2026-07-20T20:50:54.420Z","2026-07-20T20:51:54.064Z","2026-07-20T20:53:12.274Z","","","",""
"MILLY","2ywm6gjtcZUm2Dn9fP5zv5NNaEQwqCe1GQgFPaM8pump","55","5","","","","","","","","","","","","","","","","","","","","","","","","","","","","","","","","","","","","0.000002176","","","","","","","2026-07-20T20:51:00.321Z","","","","","",""
"lily","GSrMVcD5jWixWjnQW9cxFTuLHJh3T94rBmtFpzpRpump","60","3.950617282","","","","","","","","","","","","","","","","","","","","","","","","","","","","","","","","","","","","0.00000229","","","","","","","2026-07-20T20:51:00.338Z","","","","","",""
"bob","FafctZ8N7eVrQtALVY96BvUhkpPt55a6FVZEEuUepump","67","5","","","","","","","","","","","","","","","","","","","","","","","","","","","","","","","","","","","","0.000002285","","","","","","","2026-07-20T20:51:06.340Z","","","","","",""
"fred","BvAtjteJ3aQhEdjvuT9SazjZEdkjvdgXbMTM7xZmpump","56","4","","","","","","","","","","","","","","","","","","","","","","","","","","","","","","","","","","","","0.000002627","","","","","","","2026-07-20T20:51:06.368Z","","","","","",""
"go","G2i2Y2sPdjiGVDpb6w5tpZD7T9KsATtGkDcmgicSpump","55","0.098765431","","","","","","","","","","","0.098765431","2","35","1","0","0","4322.34","3","64.34","64.34","0.667","0.667","97.26","","0","0","1","0","0","","","","","","","0.000004322","0.000004322","","","","","","2026-07-20T20:51:36.283Z","2026-07-20T20:53:24.310Z","","","","",""
"cat","6mNddrE5R74NBN9GkeTuqiwk5KTwW4Di6Njwk4JFpump","86","7","","","","","","","","","","","","","","","","","","","","","","","","","","","","","","","","","","","","0.000002176","","","","","","","2026-07-20T20:51:42.265Z","","","","","",""
"cute","EpavCzWRnPL1J2yGb9TMzFqku4YzNXZmsdDhHqrSpump","57","2","","","","","","","","","","","","","","","","","","","","","","","","","","","","","","","","","","","","0.000002176","","","","","","","2026-07-20T20:51:42.281Z","","","","","",""
"cat","CTHFzaAYxeAN83ddGPULX66wMDtC7FLGL5g4KzoUpump","80","4","","","","","","","","","","","","","","","","","","","","","","","","","","","","","","","","","","","","0.000002285","","","","","","","2026-07-20T20:51:42.347Z","","","","","",""
"pig pen","54p6J8sLSbXLn9qVJ1zVm63UAAe25QnwYVktxGdApump","68","0.500000001","","","","","","","","","","","","","","","","","","","","","","","","","","","","","","","","","","","","0.000001505","","","","","","","2026-07-20T20:51:48.295Z","","","","","",""
"ANSEM","5yR6KPcdD6bu22yNGa7zT22y3pfVduShKRJh9cMDpump","","","","","","","","","","","","","","","","","","","","","","","","","","","","","","","","","","","","","","","","","","","","1.788e-7","","","","","","2026-07-20T20:51:48.349Z",""
"GINGER","5m2EtdmSa7jK2iPaaVoyjyYsyB5TC2VphquyC13Fpump","85","19.753086418","","","","","","","4.5","420","-2.8","910","19.753086418","0","1","0","0","0","8085.07","3","2403.61","2403.61","0.8","0.8","35.04","","0","0","1","0","0","","","","","","","0.000007414","0.000008085","","","","","","2026-07-20T20:51:48.363Z","2026-07-20T20:53:30.354Z","","","","",""
"cat","Bry6YHm6jbJs8JemUQ5XA3UAZM8opnwDEttCdo4Hpump","83","7","","","","","","","","","","","","","","","","","","","","","","","","","","","","","","","","","","","","0.00000219","","","","","","","2026-07-20T20:52:06.269Z","","","","","",""
"gatito","7XRwrpwhFG9iycubr5AqmuTd131jGLaoWkge1Haepump","60","5","","","","","","","","","","","","","","","","","","","","","","","","","","","","","","","","","","","","0.000002284","","","","","","","2026-07-20T20:52:06.300Z","","","","","",""
"Benji","H9c2nQot1BhC2Qq8wigdNgbJaUatRpv13bVfwePWpump","57","2","","","","","","","","","","","","","","","","","","","","","","","","","","","","","","","","","","","","0.000002285","","","","","","","2026-07-20T20:52:06.312Z","","","","","",""
"MOONICAN","FEZfYS8vTNCVdMw2tQ93gTTJoPoEGrSBLdhk3MNGpump","61","0.500000001","","","","","","","","","","","","","","","","","","","","","","","","","","","","","","","","","","","","0.000001737","","","","","","","2026-07-20T20:52:12.333Z","","","","","",""
"Vyron","wgWoz65W9oFmoKC31Fv1W7YTQXXqQSkqD7pi1mXpump","92","37.530864196","","","","","","","42.5","698","0","918","37.530864196","0","0","0","0","0","11143.21","4","2984.99","2984.99","0.909","0.909","1.02","","0","0","1","0","0","","","","","","","0.00001113","0.00001114","","","","","","2026-07-20T20:52:24.295Z","2026-07-20T20:54:12.147Z","","","","",""
"1sol","CgCknXeQou51iczwNUewJKsLshR8Ht2ZyzTjGa5Tpump","88","24.691358023","","","","","","","","","","","","","","","","","","","","","","","","","","","","","","","","","","","","0.000006979","","","","","","","2026-07-20T20:52:30.292Z","","","","","",""
"MOONICAN","8S27ysmvp5oXrKoCo2ziCqFUBX4dpJCA4vopaTjBpump","60","0.500000001","","","","","","","0","0","0","902","0.500000001","0","6","1","0","0","2690.24","3","125.83","125.83","0.571","0.571","19.56","","0","0","1","0","0","","","","","","","0.00000269","0.00000269","","","","","","2026-07-20T20:52:36.347Z","2026-07-20T20:54:18.153Z","","","","",""
"REX","HUXWFd4g9eCAtqNbA2gzb5QunEw7afwtN4cnkyeypump","64","0.395061727","","","","","","","","","","","","","","","","","","","","","","","","","","","","","","","","","","","","0.000001396","","","","","","3.953e-7","2026-07-20T20:52:48.374Z","","","","","2026-07-20T20:55:00.314Z",""
"cat","CBm1hTYjVjLo7aiLRCn6f3Mvju45L8T2YcTzMCifpump","70","3","","","","","","","","","","","","","","","","","","","","","","","","","","","","","","","","","","","","0.000002217","","","","","","","2026-07-20T20:52:54.313Z","","","","","",""
"MOONICAN","4fBC8CsPNhZzaw87cP2Fa9HGSfD7AgGY5bsqeNzKpump","","","","","","","","","","","","","","","","","","","","","","","","","","","","","","","","","","","","","","","","","","","","7.711e-7","","","","","","2026-07-20T20:53:00.326Z",""
"LARRY","78stKy9qtfJpZVdVa5nSTLsZn4zjUcJwnAjCiXHSpump","58","3","","","","","","","","","","","3","0","1","0","0","0","2285.7","3","540.2","540.2","0.6","0.6","-13.22","","0","0","1","0","0","","","","","","","0.000002285","0.000002285","","","","","","2026-07-20T20:53:06.305Z","2026-07-20T20:54:42.299Z","","","","",""
"ANSEM","CHzG1n8UJ7FofZaXG5nKY16DcrvWeVintopWBwjJpump","","","","","","","","","","","","","","","","","","","","","","","","","","","","","","","","","","","","","","","","","","","","3.601e-7","","","","","","2026-07-20T20:53:24.334Z",""
"USOH","FuL61qLS3AxbJnv8nLCEQ1Qitk2Q8LXCEvwHYHUQpump","71","5.000000001","","","","","","","44.8","248","-49","908","5.000000001","0","0","0","0","0","3029.47","3","1405.43","1405.43","0.667","0.667","2.28","","0","0","1","0","0","","","","","","","0.000002961","0.000003029","","","","","","2026-07-20T20:53:54.371Z","2026-07-20T20:55:12.069Z","","","","",""
"JIMBAGWORK","DfATfCW4kEq2NyfqehY43vCZNyiV3WeThPEzTDThpump","62","0.246913579","","","","","","","0","0","0","910","0.246913579","0","2","1","0","0","3178.43","3","81.71","81.71","0.727","0.727","43.69","","0","0","1","0","0","","","","","","","0.000003178","0.000003178","","","","","","2026-07-20T20:54:24.341Z","2026-07-20T20:55:30.136Z","","","","",""
"SFG","BV1m5aBfQFK9cqQSiy5ENjhR98StjJzfCXCvz8JPpump","57","1.97530864","","","","","","","","","","","","","","","","","","","","","","","","","","","","","","","","","","","","0.000002225","","","","","","","2026-07-20T20:54:36.284Z","","","","","",""
"DRDO","7GCggT3ShigumF6JFAGE6bLh7mPSuiA5obVjM7o4pump","58","0.060000001","","","","","","","","","","","","","","","","","","","","","","","","","","","","","","","","","","","","0.000009218","","","","","","4.927e-8","2026-07-20T20:54:36.288Z","","","","","2026-07-20T20:55:18.303Z",""
"MOONICAN","FCdeJgJD3qawRhxCH2YDK6R6PNkzd9Ha9S8gEPFCpump","59","0.500000001","","","","","","","","","","","","","","","","","","","","","","","","","","","","","","","","","","","","0.0000116","","","","","","","2026-07-20T20:55:24.280Z","","","","","",""
"ChangeLives","9CWRqct6CnU4CZB1w4n6biUwHnXREKU6cHL8bA3Qpump","75","6.872852233","","","","","","","","","","","","","","","","","","","","","","","","","","","","","","","","","","","","0.000002202","","","","","","","2026-07-20T20:55:36.370Z","","","","","",""
"LETTUCE","5onLE6t5zxafvMU2i723ECt9pW6zhLev9FLJTynqpump","69","8","","","","","","","","","","","","","","","","","","","","","","","","","","","","","","","","","","","","0.000002917","","","","","","","2026-07-20T20:55:42.325Z","","","","","",""
"POCAHONTAS","Afz2WNe8wjWwbJQZHioHhhRwSrWU8AmzRYo6vewdpump","55","2.864197529","","","","","","","","","","","2.864197529","0","2","0","0","0","2284.82","3","518.85","518.85","0.6","0.6","-12.51","","0","0","1","0","0","","","","","","","0.000002284","0.000002284","","","","","","2026-07-20T20:55:42.366Z","2026-07-20T20:56:42.082Z","","","","",""
"GIULIO","73ZDhbRmL8GfNjKadfV4RK4cuBqoQCRhCxAfrJXLpump","","","","","","","","","","","","","","","","","","","","","","","","","","","","","","","","","","","","","","","","","","","","8.986e-7","","","","","","2026-07-20T20:55:48.357Z",""
"MOONICAN","7gFCPABy9SqWrJxjnyFZGZSazAi1sYyfwAUHhFsnpump","58","0.500000001","","","","","","","","","","","0.500000001","0","9","1","0","0","2758.2","3","182.29","182.29","0.727","0.727","22.63","","0","0","1","0","0","","","","","","","0.000002758","0.000002758","","","","","","2026-07-20T20:55:54.283Z","2026-07-20T20:56:54.064Z","","","","",""
"FANCLUB","ERmr7XZ654Kaajwx82YuwJ3RVTzQR3zLtsAS2Etdpump","61","5","","","","","","","0","0","-4.7","916","5","0","4","0","0","0","2284.4","3","933.73","933.73","0.556","0.556","-22.87","","0","0","1","0","0","","","","","","","0.000002284","0.000002284","","","","","","2026-07-20T20:55:54.304Z","2026-07-20T20:56:54.089Z","","","","",""
"light","9iuRCNbjd4EMZtdDfd2ezp16mtoVvgq3aTBf4r4Tpump","68","5","","","","","","","","","","","","","","","","","","","","","","","","","","","","","","","","","","","","0.000002199","","","","","","","2026-07-20T20:56:06.338Z","","","","","",""
"BULLY","3i9Dmg8J9dusFKMfDEx1VPoVN6g4VnBM3qw44XVypump","","","","","","","","","","","","","","","","","","","","","","","","","","","","","","","","","","","","","","","","","","","","3.281e-7","","","","","","2026-07-20T20:56:18.288Z",""
"CIRCUS","ELgta8xMFs1Yg5fXQgAnY3UMJtm1sD5rokhiCBuPbonk","67","4.9375","","","","","","","","","","","","","","","","","","","","","","","","","","","","","","","","","","","","0.000003301","","","","","","","2026-07-20T20:56:24.303Z","","","","","",""
"CIRCUS","4ke72jbdQrSq5sopfcjBCpXsfRHTfqXRNZzFDZgebonk","78","11.85","","","","","","","","","","","","","","","","","","","","","","","","","","","","","","","","","","","","0.000005645","","","","","","","2026-07-20T20:56:24.327Z","","","","","",""
"MOONICAN","GxAvghMzf8kpXiUCK16cyomxBm2mHTACuptXgGL1pump","","","","","","","","","","","","","","","","","","","","","","","","","","","","","","","","","","","","","","","","","","","","5.532e-7","","","","","","2026-07-20T20:56:24.333Z",""
"Borg","EYQwKRbdugzeaikGWZQDSR55JodGKP2L3Hxn9rxvpump","","","","","","","","","","","","","","","","","","","","","","","","","","","","","","","","","","","","","","","","","","","","5.704e-8","","","","","","2026-07-20T20:56:30.262Z",""
"CIRCUS","5DgL5srnkABTFXCTzrZGf88UtzcAuGnNes6sTE1Hbonk","67","8.8875","","","","","","","","","","","","","","","","","","","","","","","","","","","","","","","","","","","","0.000003315","","","","","","","2026-07-20T20:56:48.338Z","","","","","",""
"BULLY","8gZTYBamgkBw8EJbDpU4nBN4cd3Z1LxGMjdwrxH7pump","","","","","","","","","","","","","","","","","","","","","","","","","","","","","","","","","","","","","","","","","","","","6.382e-7","","","","","","2026-07-20T20:57:24.360Z",""
"KERMIT","AyjHfhMrGGEF2fjf4fUESyc39XfpigXz9zAuNTRvpump","57","2","","","","","","","","","","","","","","","","","","","","","","","","","","","","","","","","","","","","0.000004212","","","","","","","2026-07-20T20:57:30.330Z","","","","","",""
"MOONICAN","CQzum2CMjJ5UK2DPu9XMk9adSbk2qqQCbKMdaoLnpump","57","0.500000001","","","","","","","","","","","","","","","","","","","","","","","","","","","","","","","","","","","","0.000002867","","","","","","","2026-07-20T20:57:30.350Z","","","","","",""
"LASTCHANCE","9L1BkbTFTF29cnY15zKjfxtbEy8XE98bDJiVN7cUpump","","","","","","","","","","","","","","","","","","","","","","","","","","","","","","","","","","","","","","","","","","","","2.662e-7","","","","","","2026-07-20T20:57:42.296Z",""
"Robinhood","GGVqcthiWBusqE2txejQPRS3u86UG7BgkQTg1mZBpump","94","49.750000001","","","","","","","0","0","-1.8","920","49.750000001","0","0","0","0","0","15701.02","3","3936.77","3936.77","0.857","0.857","2.1","","0","0","1","0","0","","","","","","","0.00001569","0.0000157","","","","","","2026-07-20T20:57:48.268Z","2026-07-20T20:59:00.279Z","","","","",""
"MOON","BjMdSe5b2hhafBPqkqaPxD4MrLruooJQH8xbL8gGpump","63","3.083247688","","","","","","","7.1","68","-72.3","398","3.083247688","0","0","0","0","0","8085.83","3","13856.93","13856.93","0.595","0.595","206","","0","0","1","0","1","","","","","","","0.000007103","0.000008085","","","","","","2026-07-20T20:58:00.287Z","2026-07-20T20:59:12.299Z","","","","",""
"Hieromojis","5C9qsH7Jnfzwh7gyymsoNmRKa5eug8ykkxPnsF8hpump","60","3.901234566","","","","","","","","","","","","","","","","","","","","","","","","","","","","","","","","","","","","0.000002176","","","","","","","2026-07-20T20:58:06.305Z","","","","","",""
"LAM","8hhWDV8ViAZNVKqbRvKTPFPb6QpTvRsm6L49tmUgpump","","","","","","","","","1.1","518","0","918","0.115000001","1","1","0","0","0","2192.76","3","8.95","8.95","1","1","0","","0","0","1","0","0","","","","","","","","0.000002192","","","","","","","2026-07-20T20:58:12.065Z","","","","",""
"$JIMSPAIN","9ivV1yLHjkZ2xZnhggh6141efE86VbHw2jNftGJdpump","65","3.456250686","","","","","","","0","0","-0.6","910","3.456250686","0","0","0","0","0","2191.77","3","1400.37","1400.37","0.571","0.571","-19.01","","0","0","1","0","0","","","","","","","0.000002191","0.000002191","","","","","","2026-07-20T20:58:24.286Z","2026-07-20T20:59:30.124Z","","","","",""
"Starcoin","B7iDc1QcNb6nbfP9UdySxXQkRsKb7eAyMhJ99sLHpump","61","3.456790121","","","","","","","","","","","","","","","","","","","","","","","","","","","","","","","","","","","","0.000002204","","","","","","","2026-07-20T20:58:42.255Z","","","","","",""
"MOONICAN","B3S3aZHBoNo1umad98GYFWeYFdDioXE7S9YduuUWpump","56","0.500000001","","","","","","","","","","","","","","","","","","","","","","","","","","","","","","","","","","","","0.000002404","","","","","","","2026-07-20T20:58:48.292Z","","","","","",""
"MOONICAN","AsBi3C8bpiWKZmR5gVbDctxqStePCQvoUVMb7wbZpump","56","0.500000001","","","","","","","","","","","0.500000001","0","13","1","0","0","4112.21","3","162.48","162.48","0.7","0.7","82.81","","0","0","1","0","0","","","","","","","0.000004112","0.000004112","","","","","","2026-07-20T20:59:12.309Z","2026-07-20T21:00:18.131Z","","","","",""
"TYSON","4yEpATH8NgXuHbc99B8JgdM47msQm76ZTh5smDCRpump","63","2.962962961","","","","","","","","","","","","","","","","","","","","","","","","","","","","","","","","","","","","0.000002194","","","","","","","2026-07-20T20:59:24.339Z","","","","","",""
"MOONICAN","7Em1w1aMcYJTzGgrnZKp3yPJomJN87Gko92v6QXspump","55","0.500000001","","","","","","","","","","","","","","","","","","","","","","","","","","","","","","","","","","","","0.000003118","","","","","","","2026-07-20T20:59:48.346Z","","","","","",""
"thick","88E6ZHT74miAyKZ7EUNsuvUhA5r1ZEaNJRXftqqDpump","62","0.600000001","","","","","","","0","0","0","916","0.600000001","0","6","1","0","0","2156.51","3","161.19","161.19","0.563","0.563","-4.76","","0","0","1","0","0","","","","","","","0.000002156","0.000002156","","","","","","2026-07-20T21:00:12.288Z","2026-07-20T21:01:24.157Z","","","","",""
".01","EkF2Ly7TsBQzAzEuTevpNTYfzwUz1nQ4cBN5ZdbCpump","","","","","","","","","","","","","","","","","","","","","","","","","","","","","","","","","","","","","","","","","","","","2.288e-7","","","","","","2026-07-20T21:00:18.295Z",""
"MOONICAN","HaHwPQrn9F4xmBe9nL9TVpWTq71YyDsmfvh3p1mGpump","55","0.500000001","","","","","","","","","","","0.500000001","0","15","1","0","0","9144.34","3","2477.25","2477.25","0.602","0.602","307","","0","0","1","0","0","","","","","","","0.000007585","0.000009144","","","","","","2026-07-20T21:00:24.296Z","2026-07-20T21:01:30.160Z","","","","",""
"MF6","3txFcQBShiwfa4gmaFzPpocmx1eWWXzvscQkNfsypump","65","0.070000001","","","","","","","","","","","","","","","","","","","","","","","","","","","","","","","","","","","","0.000002005","","","","","","2.977e-7","2026-07-20T21:00:54.292Z","","","","","2026-07-20T21:01:36.383Z",""
"dino","9PPQ5wqDNF1UyuQ8KV5W8DWpuoTzwaGnUyegwwwJpump","63","3","","","","","","","","","","","","","","","","","","","","","","","","","","","","","","","","","","","","0.000003974","","","","","","","2026-07-20T21:00:54.313Z","","","","","",""
"ESP","9Jc2pzt9sG16VaxGewcrdBETnpWK7BQHmRDmjwjZpump","57","0.493827159","","","","","","","","","","","","","","","","","","","","","","","","","","","","","","","","","","","","0.000001803","","","","","","","2026-07-20T21:00:54.329Z","","","","","",""
"go","FDJr1kXg5AUrfsTv39uVNv2EaYtwZAQsG3ezgRHnpump","","","","","","","","","","","","","","","","","","","","","","","","","","","","","","","","","","","","","","","","","","","","2.341e-7","","","","","","2026-07-20T21:01:00.275Z",""
"ANSEM","Gmjc6divx8KJ5HE5LsHocAhGKLSjtbLzHd1nbVsspump","","","","","","","","","","","","","","","","","","","","","","","","","","","","","","","","","","","","","","","","","","","","9.848e-7","","","","","","2026-07-20T21:01:36.347Z",""
"onlyup","BXyykz6qR6W89cMQASNu6FJQVESeQFRABznmHq86pump","63","3.03","","","","","","","","","","","","","","","","","","","","","","","","","","","","","","","","","","","","0.000007281","","","","","","","2026-07-20T21:01:36.364Z","","","","","",""
"HENRY","5mQz1jakcNWwrGZTNXr6gWsRZLrFRSS34vELJtGkpump","","","","","","","","","","","","","","","","","","","","","","","","","","","","","","","","","","","","","","","","","","","","0.000002176","","","","","","2026-07-20T21:01:54.296Z",""
"Rises","2iCfH3NRRXBxXq1reAAS1P8c9gZSBYDmctHbyy8qpump","","","","","","","","","","","","","","","","","","","","","","","","","","","","","","","","","","","","","","","","","","","","2.38e-7","","","","","","2026-07-20T21:01:54.301Z",""
"ANSEM","MYYsZsJDVncka2yvMw5HwZ5YmtXAW48LD8URz5kpump","","","","","","","","","","","","","","","","","","","","","","","","","","","","","","","","","","","","","","","","","","","","2.135e-8","","","","","","2026-07-20T21:02:00.299Z",""
"MOONICAN","Bpgbw4zf3Rmz16V46DB7Wh3fFzSEzNJCn7HEV5r8pump","","","","","","","","","","","","","","","","","","","","","","","","","","","","","","","","","","","","","","","","","","","","1.332e-7","","","","","","2026-07-20T21:02:06.288Z",""
"Mann O'Taur","DmT3mTWJsYmN1icgrAccL8kwbebPB4nNxxjbjqsqpump","58","3","","","","","","","","","","","","","","","","","","","","","","","","","","","","","","","","","","","","0.000002285","","","","","","","2026-07-20T21:02:30.357Z","","","","","",""
"Paki","4rW5SnqkJV3WAJX6DSAr87UqTBFcXhy7kvxqmYBipump","61","0.062260033","","41.757","","","","","0","0","-96.7","68","0.062260033","0","1","1","0","0","6422.27","3","4839.01","4839.01","0.584","0.584","194","","0","0","1","0","0","-40.79725942074119","","","","","","0.000002052","0.000006422","","","0.000003802","","","2026-07-20T21:02:30.364Z","2026-07-20T21:03:42.307Z","","","2026-07-20T21:04:24.064Z","",""
"PSU","58itJnkxxeS8g8aEjv4mzs15oYrXzuzkMKZva7cCpump","75","6.872852233","","","","","","","","","","","","","","","","","","","","","","","","","","","","","","","","","","","","0.000002184","","","","","","","2026-07-20T21:02:36.300Z","","","","","",""
"SYDNEY","6d9KHZdaTcnVKWe15ZW6AJiKKCXM5BsQuSPxxH9Rpump","68","8","","","","","","","","","","","","","","","","","","","","","","","","","","","","","","","","","","","","0.000002284","","","","","","","2026-07-20T21:02:36.326Z","","","","","",""
"ESP","Ga2Ey78aw5m3FBxyeGJaMV9CNr9buidYQ8kzv2Tzpump","","","","","","","","","","","","","","","","","","","","","","","","","","","","","","","","","","","","","","","","","","","","2.646e-7","","","","","","2026-07-20T21:02:42.331Z",""
"MOONICAN","82E3tYqqaKkzqVdZEehwo78yk4FRyuuPvw6xzLehpump","","","","","","","","","","","","","","","","","","","","","","","","","","","","","","","","","","","","","","","","","","","","2.189e-7","","","","","","2026-07-20T21:02:42.336Z",""
"Grokathon","Ao7Mz3mTpr9MKmfc9WwkhpjUFhpkFKkz3mur8VYApump","58","3","","","","","","","","","","","","","","","","","","","","","","","","","","","","","","","","","","","","0.000002256","","","","","","","2026-07-20T21:03:00.308Z","","","","","",""
"go","9FvB9m3CuX15oiifX3VfSYBQCmZNoFGRnmyLS3yipump","59","0.197530863","","","","","","","","","","","","","","","","","","","","","","","","","","","","","","","","","","","","0.000002101","","","","","","","2026-07-20T21:03:00.341Z","","","","","",""
"NILF","2pXGv8c7WYe56UmpFx3nU9Mt8oA7Ge8uN7kW1EcWpump","57","2","","","","","","","","","","","","","","","","","","","","","","","","","","","","","","","","","","","","0.000002217","","","","","","","2026-07-20T21:03:00.366Z","","","","","",""
"LION","5BQTQg1KQi7PzPwUqKt34mkzxRuVHGuueo2Jg2s4bonk","60","4.9375","","","","","","","","","","","","","","","","","","","","","","","","","","","","","","","","","","","","0.000003299","","","","","","","2026-07-20T21:03:06.295Z","","","","","",""
"MEOW","BBgTSGuDT6z6T46yaXAEMCpAm3WpGbDE4JC9ivE9pump","71","5.000000001","","","","","","","0","0","-26.6","920","5.000000001","0","0","0","0","0","2981.56","3","1234.37","1234.37","0.56","0.56","0.7","","0","0","1","0","0","","","","","","","0.000003019","0.000002981","","","","","","2026-07-20T21:03:36.270Z","2026-07-20T21:05:30.136Z","","","","",""
"ANSEM","9ZYo6yz1tseAnZPWgXTLu3fAhjNVuvpP9wmpHZsKpump","","","","","","","","","","","","","","","","","","","","","","","","","","","","","","","","","","","","","","","","","","","","0.000001061","","","","","","2026-07-20T21:03:36.281Z",""
"Dog","582Kf3f6usFqwUfPzM7hc8oEn6Qjvo4TzM3USMd9bonk","63","2.9625","","","","","","","","","","","","","","","","","","","","","","","","","","","","","","","","","","","","0.000003299","","","","","","","2026-07-20T21:03:42.276Z","","","","","",""
"123","3sVrLRKeUo36zmbnVet6LTfrSPT43KTsXYNCEKzupump","68","0.197530863","","","","","","","0","0","0","914","0.197530863","0","0","1","0","0","2728.87","3","48.53","48.53","0.714","0.714","23.82","","0","0","1","0","0","","","","","","","0.000002728","0.000002728","","","","","","2026-07-20T21:03:54.327Z","2026-07-20T21:05:06.118Z","","","","",""
"BTFSUP","AmZtYW8rCuQrzY1WLxLUkEnuxL1xfxTZJJ4JuyPJpump","","","","","","","","","","","","","","","","","","","","","","","","","","","","","","","","","","","","","","","","","","","","6.003e-7","","","","","","2026-07-20T21:04:00.332Z",""
"TRASH","A5iJh97VZXt1mb32Na4jM1QLUEnNpmo2SVocNoMjpump","76","0.98765432","","","","","","","","","","","","","","","","","","","","","","","","","","","","","","","","","","","","0.000003557","","","","","","0.000001021","2026-07-20T21:04:06.285Z","","","","","2026-07-20T21:06:12.326Z",""
"Hani","GL8eFYce1LnfiSQaLpjsXtEJzrY1aSNpAaHu4EKXpump","58","3.901234566","","","","","","","","","","","","","","","","","","","","","","","","","","","","","","","","","","","","0.000002175","","","","","","","2026-07-20T21:04:06.310Z","","","","","",""
"Advisor","F9BJ8D6mUt8jxmPmmHEbFEcu3phhMWQGm24NcZwppump","71","5","","","","","","","","","","","","","","","","","","","","","","","","","","","","","","","","","","","","0.000002246","","","","","","","2026-07-20T21:04:30.295Z","","","","","",""
"CAR","6a1PQ5SrRvMXCXbmApoNJAH8VGRhXe8NP8wtYuztpump","57","2","","","","","","","","","","","","","","","","","","","","","","","","","","","","","","","","","","","","0.000002175","","","","","","","2026-07-20T21:04:30.302Z","","","","","",""
"MONEY","6GiumDNS3o1TcmaTTX2g3pvyntWMgPKa3DrLQ5vbpump","92","35","","","","","","","151.5","378","-12.6","918","35","0","0","0","0","0","10676.58","3","36728.91","36728.91","0.606","0.606","4.56","","0","0","1","0","0","","","","","","","0.0000104","0.00001067","","","","","","2026-07-20T21:04:36.275Z","2026-07-20T21:05:42.060Z","","","","",""
"TYSON","uGJR9Kur351jjGkvU454gMfMTFo7cNxinLLP4o8pump","58","2.962962961","","","","","","","","","","","","","","","","","","","","","","","","","","","","","","","","","","","","0.000002175","","","","","","","2026-07-20T21:04:36.289Z","","","","","",""
"NTFS","4tzcRyxDuFJR8zPocUiVVcXwV1hwqAHp9h8TZzCDpump","","","","","","","","","","","","","","","","","","","","","","","","","","","","","","","","","","","","","","","","","","","","8.089e-8","","","","","","2026-07-20T21:04:42.272Z",""
"LION","BbYjSQqDmuxukg3gev9dYZtbkFmPf6UU9mPp8xn3bonk","58","2.9625","","18.216","","","","","","","","","2.9625","0","1","0","0","0","5460.37","3","20009.9","20009.9","0.556","0.556","47.15","","0","0","1","0","1","-22.61904761904762","","","","","","0.000004847","0.00000546","","","0.000004225","","","2026-07-20T21:05:06.324Z","2026-07-20T21:06:06.064Z","","","2026-07-20T21:06:24.280Z","",""
"123","Dtg2Ykb4yoqpT9qfoKx6VuLHmnG2t69m7YLKDxEupump","63","0.197530863","","","","","","","","","","","","","","","","","","","","","","","","","","","","","","","","","","","","0.000003844","","","","","","","2026-07-20T21:05:12.269Z","","","","","",""
"LION","B3yXjAzGpdUrb5GvvaZTmwGg32P35xBhQJg4gsNRpump","64","5","","","","","","","","","","","","","","","","","","","","","","","","","","","","","","","","","","","","0.000002596","","","","","","","2026-07-20T21:05:24.312Z","","","","","",""
"GODCANDLES","3NJ6vcdV2876RjJpQtoLDqe462ToDRCQW48B2CPypump","","","","","","","","","","","","","","","","","","","","","","","","","","","","","","","","","","","","","","","","","","","","7.613e-7","","","","","","2026-07-20T21:05:36.279Z",""
"MESSI","GubDLDv2WyzgzWH6YAAWGsfJqASXyjuR3iJiYL3Bpump","","","","","","","","","","","","","","","","","","","","","","","","","","","","","","","","","","","","","","","","","","","","9.915e-8","","","","","","2026-07-20T21:05:42.284Z",""
"$SKITLZ","Fw79kmTsTmnjg8MPJHerFkgVeQA9DRgtse4t5cL2pump","65","3.555000708","","","","","","","","","","","","","","","","","","","","","","","","","","","","","","","","","","","","0.000003714","","","","","","","2026-07-20T21:05:48.280Z","","","","","",""
"ANSEM","7mRVvpbRTciAN5Wbcs6tkvo6CftUVwPajxWb49iKpump","","","","","","","","","","","","","","","","","","","","","","","","","","","","","","","","","","","","","","","","","","","","0.000001357","","","","","","2026-07-20T21:06:12.347Z",""
"BUBU","Egv1ve2CGPj2ybhwhwFvjvajPmRFmyt7hJwCa8uTpump","","","","","","","","","","","","","","","","","","","","","","","","","","","","","","","","","","","","","","","","","","","","4.67e-7","","","","","","2026-07-20T21:06:24.300Z",""
"MESSI","qzfe5CiNJjz6AtFyKnB8PKsvcfjVRik4Nfv7qYMpump","","","","","","","","","","","","","","","","","","","","","","","","","","","","","","","","","","","","","","","","","","","","6.056e-7","","","","","","2026-07-20T21:06:48.278Z",""
"Worthless","AfSnA5teZM8BvZkF9qgktiGRtiT45waqWhLeLFxEpump","56","3","","","","","","","","","","","","","","","","","","","","","","","","","","","","","","","","","","","","0.000002189","","","","","","","2026-07-20T21:07:42.279Z","","","","","",""
"pig pen","6D1hA2njVig712NXhwDponTqHUzyoRcLsAbSr4Mppump","62","0.250000001","","","","","","","","","","","","","","","","","","","","","","","","","","","","","","","","","","","","0.000004665","","","","","","6.937e-7","2026-07-20T21:07:54.300Z","","","","","2026-07-20T21:08:30.302Z",""
"FLOPPERS","3vAZVZDDpiVp5KGZ5pd21dkDXxgdDc89KvF6xsMKpump","80","9.876543208","","","","","","","66.7","102","-74.3","902","9.876543208","0","0","0","0","0","5081.99","3","1261.61","1261.61","0.857","0.857","32.23","","0","0","1","0","0","","","","","","","0.000004865","0.000005081","","","","","","2026-07-20T21:08:18.352Z","2026-07-20T21:09:18.060Z","","","","",""
"PONY","2z83x3fTrHtZQTfJkhAkfgKp2shi62XLeVbzWqA6pump","","","","","","","","","","","","","","","","","","","","","","","","","","","","","","","","","","","","","","","","","","","","0.000002463","","","","","","2026-07-20T21:08:18.356Z",""
"MOCHI","ESm2EynTyY6ut6jDLXyeCooWfHhrzLtpVEj8VL9apump","56","3","","","","","","","","","","","","","","","","","","","","","","","","","","","","","","","","","","","","0.000002288","","","","","","","2026-07-20T21:08:18.359Z","","","","","",""
"BULLDOG","89Dy5a172j6H5FtDQaxSE8fVEAcd5C6VksWo4yNppump","82","11.85185185","","","","","","","","","","","","","","","","","","","","","","","","","","","","","","","","","","","","0.000009862","","","","","","","2026-07-20T21:08:24.266Z","","","","","",""
"tete","HxBtusqHfq5KJ6PsbdnoAEhsNhnvbbTNDg6owsmbpump","59","5","","","","","","","","","","","","","","","","","","","","","","","","","","","","","","","","","","","","0.000002288","","","","","","","2026-07-20T21:08:30.295Z","","","","","",""
"pig pen","8fbxJ6v3WR4Yhf5kK6hpd2hPvXapu75b4AomYhSDpump","","","","","","","","","","","","","","","","","","","","","","","","","","","","","","","","","","","","","","","","","","","","4.872e-7","","","","","","2026-07-20T21:08:36.314Z",""
"PONY","uTwV3B6mdW55CymiS2nsHzsu6pP5M8oG8cmdwaNpump","","","","","","","","","","","","","","","","","","","","","","","","","","","","","","","","","","","","","","","","","","","","3.5e-7","","","","","","2026-07-20T21:08:48.284Z",""
"SCG","9fDUkCVwLemR1EeF3UNa2WpLnKGYvoEwJ4NJ94BHpump","57","5","","","","","","","","","","","","","","","","","","","","","","","","","","","","","","","","","","","","0.000002276","","","","","","","2026-07-20T21:09:12.284Z","","","","","",""
"neetpilled","JAy5LMg2ryA3fv7eo4ftigwjdxoxv7mjf2fnN9yTpump","70","4.839506171","","","","","","","2.9","366","-37.7","906","4.839506171","0","0","0","0","0","3441.67","3","797","797","0.714","0.714","17.11","","0","0","1","0","0","","","","","","","0.000003422","0.000003441","","","","","","2026-07-20T21:09:18.277Z","2026-07-20T21:10:24.062Z","","","","",""
"BTFSUPFFS","9n7nPKgnz99CKhcn9ZM8LtTRG9zL6Be9o2W2HHiFpump","58","0.059259258","","","","","","","","","","","0.059259258","0","2","1","0","0","1443.53","3","978.22","978.22","0.912","0.912","-34.02","","0","0","1","0","0","","","","","","","0.000002188","0.000001443","","","","","","2026-07-20T21:09:30.282Z","2026-07-20T21:11:24.273Z","","","","",""
"PONY","4BobkCEcqEovrynZPWPUYrEGk1E81BmtL5gHQidopump","","","","","","","","","","","","","","","","","","","","","","","","","","","","","","","","","","","","","","","","","","","","0.000002999","","","","","","2026-07-20T21:09:48.327Z",""
"s","46mS4oM23USwuqKhDAVBoBkQLGDcThTcQxfGGKuspump","","","","","","","","","","","","","","","","","","","","","","","","","","","","","","","","","","","","","","","","","","","","0.000001491","","","","","","2026-07-20T21:09:48.349Z",""
"pig pen","EPWFC9XpebjHdc21QAAxJUrr4qy52skXRzaWv2Qpump","62","0.500000001","","","","","","","0","0","0","902","0.500000001","0","4","1","0","0","3672.46","3","249.91","249.91","0.611","0.611","63.05","","0","0","1","0","0","","","","","","","0.000003672","0.000003672","","","","","","2026-07-20T21:09:48.354Z","2026-07-20T21:10:48.118Z","","","","",""
"LDYDK","EW2GgYCAkyyRGRPFj95aFnfuF3AwKzhkDxkSA3ttpump","66","0.098765431","","","","","","","","","","","","","","","","","","","","","","","","","","","","","","","","","","","","0.000004977","","","","","","5.763e-8","2026-07-20T21:10:00.286Z","","","","","2026-07-20T21:10:42.328Z",""
"Greatest","EVwwNb4TiVfk9z13uQDuJmj3yEPTWvd9hKBbYRZGjtLv","59","5.43125","","","","","","","","","","","","","","","","","","","","","","","","","","","","","","","","","","","","0.000002178","","","","","","","2026-07-20T21:10:06.343Z","","","","","",""
"SEED","25FYmyUnQvRQTAVkid2aKC9kHiKVHFzgjbNr6UUvbonk","62","4.9375","","18.177","","","","","0","0","-57.1","902","4.9375","0","3","0","0","0","7757.33","3","20791.51","20791.51","0.568","0.568","93.95","","0","0","1","0","1","-52.675003222895455","","","","","","0.000007447","0.000007757","","","0.000003671","","","2026-07-20T21:10:12.266Z","2026-07-20T21:11:18.118Z","","","2026-07-20T21:11:36.295Z","",""
"Show","Cm5NKmfZRdTeYUVr7fePSpG33ZvwdsbNwuJN9xhVbonk","56","4.9375","","","","","","","","","","","","","","","","","","","","","","","","","","","","","","","","","","","","0.000003299","","","","","","","2026-07-20T21:10:12.271Z","","","","","",""
"go","6Kee6QceiP8gRyDws4Uk15UPo6w871traCTwQMBJpump","57","0.098765431","","","","","","","","","","","0.098765431","3","42","1","0","0","1800.93","3","1710.59","1710.59","0.565","0.565","-17.9","","0","0","1","0","0","","","","","","","0.000001369","0.0000018","","","","","","2026-07-20T21:10:30.275Z","2026-07-20T21:11:36.058Z","","","","",""
"PONY","5eSnqVGT4TAcevd631r8TjqMCcFC5z4gBSffKhQzpump","","","","","","","","","","","","","","","","","","","","","","","","","","","","","","","","","","","","","","","","","","","","0.000001145","","","","","","2026-07-20T21:10:36.284Z",""
"d","7GeiGZc3sWqxVq8e9XocHuGpkrJHsEE9YHziGfjWpump","","","","","","","","","","","","","","","","","","","","","","","","","","","","","","","","","","","","","","","","","","","","5.806e-7","","","","","","2026-07-20T21:10:48.340Z",""
"감자","AivpoMryMgTgqR7oQYNPXN6m2ngT9zgoRrLzMohApump","66","0.098765431","","","","","","","","","","","","","","","","","","","","","","","","","","","","","","","","","","","","0.000001453","","","","","","0.000001143","2026-07-20T21:10:54.340Z","","","","","2026-07-20T21:12:06.280Z",""
"PONY","HEuzhAVEqr1DY33jUrjfKbLzz3thfVVgZSswwm1Lpump","","","","","","","","","","","","","","","","","","","","","","","","","","","","","","","","","","","","","","","","","","","","9.115e-7","","","","","","2026-07-20T21:11:00.291Z",""
"NORIBULL","A2bBGiEBcGrxEsrDJxWJJe1XgfNXqGPrhj7wEm5ypump","","","","","","","","","","","","","","","","","","","","","","","","","","","","","","","","","","","","","","","","","","","","0.000001206","","","","","","2026-07-20T21:11:06.274Z",""
"SEED","CsqaU6ckWGTPy65D96ppAvf3wJazNKdsBYbL7tahbonk","62","4.9375","","","","","","","","","","","","","","","","","","","","","","","","","","","","","","","","","","","","0.000003301","","","","","","","2026-07-20T21:11:18.386Z","","","","","",""
"ANSEM","7aYaAiFJrSoaAnCN18F5oCKgMJNAxipN8jRVWoSVpump","59","0.98765432","","","","","","","","","","","","","","","","","","","","","","","","","","","","","","","","","","","","0.00000266","","","","","","","2026-07-20T21:11:30.289Z","","","","","",""
"PONY","5YBUcU1bQsc53LYEhifJvNDgakzrUcJrKvg2apYopump","85","5.925925924","","","","","","","0","0","0","910","5.925925924","0","5","1","0","0","2134.26","3","1497.81","1497.81","0.571","0.571","-31.7","","0","0","1","0","0","","","","","","","0.000002134","0.000002134","","","","","","2026-07-20T21:11:30.351Z","2026-07-20T21:12:30.067Z","","","","",""
"d","F586bDDbcxzb4mpzqzQWD8NvtELbP4WfbydJetoKpump","","","","","","","","","","","","","","","","","","","","","","","","","","","","","","","","","","","","","","","","","","","","8.035e-7","","","","","","2026-07-20T21:11:36.310Z",""
"ANSEM","5wt3BHTPS6keMNXKs2yFs66vqZ8tZ2HT6CqCKxafpump","55","0.059259258","","","","","","","","","","","","","","","","","","","","","","","","","","","","","","","","","","","","0.000002004","","","","","","","2026-07-20T21:11:42.298Z","","","","","",""
"PONY","419JdmZhVxVy2rUDWqHkQAWtrzovwr2f4HS6dHHSpump","","","","","","","","","","","","","","","","","","","","","","","","","","","","","","","","","","","","","","","","","","","","6.523e-7","","","","","","2026-07-20T21:12:00.289Z",""
"go","6ujPq9VQgSS2xdPAVq9FYC7JmpKitqYg337H3Zxfpump","","","","","","","","","","","","","","","","","","","","","","","","","","","","","","","","","","","","","","","","","","","","3.711e-8","","","","","","2026-07-20T21:12:06.300Z",""
"r","J94TVjcH8FJ815vn2aBwDGxK4omEEbgtnniRiAr8pump","","","","","","","","","","","","","","","","","","","","","","","","","","","","","","","","","","","","","","","","","","","","3.869e-7","","","","","","2026-07-20T21:12:18.279Z",""
"BUBU","42JDLr9KcwsMEjnvubTSfeRGjcuSok6cLrvgiEkCpump","","","","","","","","","","","","","","","","","","","","","","","","","","","","","","","","","","","","","","","","","","","","1.4e-7","","","","","","2026-07-20T21:12:18.285Z",""
"ANSEM","DNrpPykQ339eTv2WpaP1PRTR84U2sWec9aePBLFBpump","59","0.98765432","","","","","","","","","","","","","","","","","","","","","","","","","","","","","","","","","","","","0.000002158","","","","","","","2026-07-20T21:12:24.278Z","","","","","",""
"Jeremy","3TVGtkKJe7XvUnzHUHS4bduiEXnRTA5yULqidEHdpump","57","1.97530864","","","","","","","","","","","","","","","","","","","","","","","","","","","","","","","","","","","","0.000002178","","","","","","","2026-07-20T21:12:36.275Z","","","","","",""
"test","LadNbtFrVCqskBdkegtxtjcQ6LxdaZiFhonfy11pump","62","0.100000001","","","","","","","","","","","","","","","","","","","","","","","","","","","","","","","","","","","","0.000003062","","","","","","","2026-07-20T21:12:42.282Z","","","","","",""
"PONY","42F3Fkgg8EEPSammqUgjSvZwT2dXs4PqQodXr3nWpump","85","5.925925924","","","","","","","0","0","-0.2","904","5.925925924","0","7","1","0","0","3501.96","3","1568.87","1568.87","0.75","0.75","12.06","","0","0","1","0","0","","","","","","","0.000003495","0.000003501","","","","","","2026-07-20T21:12:54.271Z","2026-07-20T21:14:06.116Z","","","","",""
"KYLE","3DvKyEMPKTNQfH4soxGFVGAi9c4ZrBtMaL25Q12hpump","71","5","","","","","","","","","","","","","","","","","","","","","","","","","","","","","","","","","","","","0.000005345","","","","","","","2026-07-20T21:13:00.338Z","","","","","",""
"pig pen","3r6HAnA8eJVtMjWPnRehZUSwg18nFwZSTUfDmkjipump","","","","","","","","","","","","","","","","","","","","","","","","","","","","","","","","","","","","","","","","","","","","3.576e-7","","","","","","2026-07-20T21:13:06.346Z",""
"Adrian","6A317zcha8uLKpCJRZ5WTdcuB51JxJPkZen34BWQpump","56","5","","","","","","","","","","","5","0","10","0","0","0","2287.17","3","1532.51","1532.51","0.556","0.556","-22.89","","0","0","1","0","0","","","","","","","0.000002287","0.000002287","","","","","","2026-07-20T21:13:12.276Z","2026-07-20T21:14:18.064Z","","","","",""
"XJAK","AojdAjUroqwhUSLrvPiM5vRhVsBh4Ce9y3RmD7Zppump","67","5","","","","","","","","","","","","","","","","","","","","","","","","","","","","","","","","","","","","0.000002287","","","","","","","2026-07-20T21:13:30.290Z","","","","","",""
"CATCHEF","24SEYrjhrFnmc68M28jxKitbj5VhgvbzcePr3n5qpump","64","1.000000001","","","","","","","34.6","8","-30.5","918","1.000000001","0","8","1","0","0","6030.83","3","479.04","479.04","0.696","0.696","159","","0","0","1","0","0","","","","","","","0.000003587","0.00000603","","","","","","2026-07-20T21:13:30.299Z","2026-07-20T21:14:42.060Z","","","","",""
"ANSEM","4etUCdaf6uMpDvmToQJW9EDDx2rwhT2ECtiVdY3jpump","58","0.98765432","","","","","","","","","","","0.98765432","1","47","1","0","0","3717.07","3","541.85","541.85","0.727","0.727","59.88","","0","0","1","0","0","","","","","","","0.000003717","0.000003717","","","","","","2026-07-20T21:13:30.312Z","2026-07-20T21:14:42.080Z","","","","",""
"Indian","HDGR3sfhxqEtjiJCrN6YH8aLXDd3aQRQTMQLHtbUpump","58","0.062260033","","","","","","","","","","","","","","","","","","","","","","","","","","","","","","","","","","","","0.000001441","","","","","","4.96e-8","2026-07-20T21:13:36.262Z","","","","","2026-07-20T21:14:24.278Z",""
"go","BPwzDrcFQSoecxVHzvGQ2qRiNGZYKSDUu48DpLp2pump","","","","","","","","","","","","","","","","","","","","","","","","","","","","","","","","","","","","","","","","","","","","6.328e-9","","","","","","2026-07-20T21:13:36.280Z",""
"Comms","4UarXU4SNn5k3hN12dxM6Ru8ZcEGzvtAmhZbt9yRpump","63","3","","","","","","","","","","","","","","","","","","","","","","","","","","","","","","","","","","","","0.000002178","","","","","","","2026-07-20T21:13:48.329Z","","","","","",""
"s","HMTNGUfBTY3Yh8pERo9feKA5Z8ecfKP7htw2CbyLpump","","","","","","","","","","","","","","","","","","","","","","","","","","","","","","","","","","","","","","","","","","","","2.829e-7","","","","","","2026-07-20T21:13:48.353Z",""
"BUBU","5Dmgw1jkYSeA7qM1L86n6Wfr34iCBwX1c3Yi5bFCpump","","","","","","","","","","","","","","","","","","","","","","","","","","","","","","","","","","","","","","","","","","","","1.404e-7","","","","","","2026-07-20T21:13:48.360Z",""
"ANSEM","5HcMyq5pcL1SY5BQDq38HUJYhFSaNqKmLojSwHcupump","58","0.98765432","","","","","","","","","","","","","","","","","","","","","","","","","","","","","","","","","","","","0.00000231","","","","","","","2026-07-20T21:13:48.364Z","","","","","",""
"BIG26","DJ7bJQ4GwMi5cz2cVn5xXdahCM3MevP9Wz1mXHcpump","","","","","","","","","","","","","","","","","","","","","","","","","","","","","","","","","","","","","","","","","","","","6.556e-7","","","","","","2026-07-20T21:14:06.263Z",""
"ANSEM","BCGE5vASSYuuvdkevZAM5QsTeopnjKfC8EzKtYvbpump","58","0.98765432","","","","","","","","","","","0.98765432","1","49","1","0","0","2225.53","3","790.86","790.86","0.714","0.714","-4.24","","0","0","1","0","0","","","","","","","0.000002225","0.000002225","","","","","","2026-07-20T21:14:06.335Z","2026-07-20T21:15:30.314Z","","","","",""
"NORIBULL","8EsYdrfVj8Ec5GYuX3hkZuvY7HgVho4D3Hsxf2Vjpump","64","1.000000001","","","","","","","","","","","","","","","","","","","","","","","","","","","","","","","","","","","","0.000002178","","","","","","","2026-07-20T21:14:12.307Z","","","","","",""
"QUASI","zpZN7JDNi2c588X3Hoa2FMmJNZxKEDcGqbmd2cspump","63","3.000000001","","","","","","","68.6","192","-67.7","902","3.000000001","0","0","0","0","0","6750.98","3","24250.09","24250.09","0.558","0.558","156","","0","0","1","0","1","","","","","","","0.000004493","0.00000675","","","","","","2026-07-20T21:14:18.330Z","2026-07-20T21:15:48.133Z","","","","",""
"NILF","7vKL7ia1MxNnhpcyW3JGcN7gMDWwma3u9whtyXiCpump","56","3","","","","","","","","","","","","","","","","","","","","","","","","","","","","","","","","","","","","0.000002287","","","","","","","2026-07-20T21:14:36.276Z","","","","","",""
"FLOP","BtPTYhVgCGbGcGUH6rFnLvu68CzACw32M2gQvo2Kpump","66","4.938271603","","","","","","","","","","","","","","","","","","","","","","","","","","","","","","","","","","","","0.00000366","","","","","","","2026-07-20T21:14:42.269Z","","","","","",""
"ANSEM","9Ghzwr2nG5WgEop1rMSqYt4HqYnxFXYZP5EiMx7Vpump","57","0.98765432","","","","","","","","","","","0.98765432","1","50","1","0","0","7592.74","3","704.86","704.86","0.619","0.619","227","","0","0","1","0","0","","","","","","","0.000007592","0.000007592","","","","","","2026-07-20T21:14:48.288Z","2026-07-20T21:16:12.283Z","","","","",""
"lizard","72qWWVML7fkYDwrEgoSjwsCxB1cWezahuQ9rAjL5pump","66","5","","","","","","","","","","","","","","","","","","","","","","","","","","","","","","","","","","","","0.000002178","","","","","","","2026-07-20T21:14:48.294Z","","","","","",""
"bpro","9pAXv5TDGGiCkB4cNXUT7qmFN1Q8YuwZPT6GvXgupump","","","","","","","","","","","","","","","","","","","","","","","","","","","","","","","","","","","","","","","","","","","","8.111e-7","","","","","","2026-07-20T21:14:48.312Z",""
"s","JAqw5edwaaVVTzoyUDBNzVuhS83U88iYsqBnvhvspump","85","5.925925924","","","","","","","","","","","","","","","","","","","","","","","","","","","","","","","","","","","","0.00001258","","","","","","","2026-07-20T21:14:54.303Z","","","","","",""
"go","5nkHEETkrZJaTqGoBoTdsvNU8p8yHQEGpmBHsNStpump","","","","","","","","","","","","","","","","","","","","","","","","","","","","","","","","","","","","","","","","","","","","4.448e-7","","","","","","2026-07-20T21:14:54.316Z",""
"RiskBull","2vJLozspBAoV2iAev93ghWjW56U8W48NgpCBMKVppump","66","0.395061727","","","","","","","0","0","0","906","0.395061727","0","1","1","0","0","4123.52","3","155.81","155.81","0.696","0.696","84.41","","0","0","1","0","0","","","","","","","0.000004123","0.000004123","","","","","","2026-07-20T21:15:00.290Z","2026-07-20T21:16:24.119Z","","","","",""
"EMOJI","3ZJgXe9NwqTqSG8DEPpmcL7jePvnwcTDC83FNNRKpump","","","","","","","","","","","","","","","","","","","","","","","","","","","","","","","","","","","","","","","","","","","","0.000001133","","","","","","2026-07-20T21:15:06.254Z",""
"ANSEM","4fMhTrZRhVKXg7LKaxXYspHdR5A382Xzo17mLxa3pump","57","0.98765432","","","","","","","","","","","","","","","","","","","","","","","","","","","","","","","","","","","","0.000002485","","","","","","","2026-07-20T21:15:06.313Z","","","","","",""
"BOW","Hdyg6LYkHQa31tGGw7Y5t1iHzqUDMTyY6ibQrcHgpump","57","2","","35.866","","","","","","","","","2","0","0","0","0","0","3099.68","3","2712","2712","0.583","0.583","25.07","","0","0","1","0","0","-26.524685382381413","","","","","","0.000002733","0.000003099","","","0.000002277","","","2026-07-20T21:15:12.305Z","2026-07-20T21:16:48.417Z","","","2026-07-20T21:17:24.283Z","",""
"ANSEM","BbwYZkWkceKpGMUcLNFKKLUcjQWvGvpwh27ucWoipump","","","","","","","","","","","","","","","","","","","","","","","","","","","","","","","","","","","","","","","","","","","","0.000001168","","","","","","2026-07-20T21:15:18.348Z",""
"ANSEM","J2JEEF4d68JSYmusLDv6Coy6buVQTx8fzf7UVFAgpump","","","","","","","","","","","","","","","","","","","","","","","","","","","","","","","","","","","","","","","","","","","","3.624e-8","","","","","","2026-07-20T21:15:24.296Z",""
"Changecoin","9Yf3o9LAi8JapsCG9Kdjmtarx8hwRJH231QTeCGjpump","74","6.455266137","","","","","","","","","","","","","","","","","","","","","","","","","","","","","","","","","","","","0.000002178","","","","","","","2026-07-20T21:15:30.298Z","","","","","",""
"$REDBULL","CyBH62DFvSz2RJb9ToTZucLWxzBjNTu3JbhThaLYpump","65","3.456250686","","","","","","","0","0","0","902","3.456250686","0","0","0","0","0","2178.29","4","1433.54","1433.54","0.571","0.571","-19.59","","0","0","1","0","0","","","","","","","0.000002835","0.000002178","","","","","","2026-07-20T21:15:42.286Z","2026-07-20T21:18:18.054Z","","","","",""
"MOON","CdBPKmbktXXL7VTDTdVRTSy2yiQyrnec5rbHzJEmkVVa","67","3.950617282","","","","","","","","","","","","","","","","","","","","","","","","","","","","","","","","","","","","0.0000126","","","","","","","2026-07-20T21:16:00.317Z","","","","","",""
"NILF","Aj1nUF7hh3RFpXLtPhfuM7s9ubiVtFUKs8JcLqJMpump","57","2","","","","","","","","","","","","","","","","","","","","","","","","","","","","","","","","","","","","0.000002286","","","","","","","2026-07-20T21:16:00.334Z","","","","","",""
"LIZARD","CvWDB93kgGeCwAadEFbt4Vjg8rYchXMBBfTAUq3Fpump","69","0.300000001","","","","","","","","","","","","","","","","","","","","","","","","","","","","","","","","","","","","0.000004486","","","","","","6.739e-7","2026-07-20T21:16:12.270Z","","","","","2026-07-20T21:17:48.277Z",""
"MONDAY","EpFN165D7y5Dw3m2Bo7WA875BW6GcqzvXWJYa3s4pump","","","","","","","","","","","","","","","","","","","","","","","","","","","","","","","","","","","","","","","","","","","","4.366e-7","","","","","","2026-07-20T21:16:18.286Z",""
"space","Fa9Ar5xZLNMJzzKwU6Kw9J2F8s9NFtKmjdSxmMC5pump","59","0.500000001","","","","","","","","","","","0.500000001","0","7","1","0","0","1699.05","3","201.3","201.3","0.588","0.588","-24.54","","0","0","1","0","0","","","","","","","0.000001699","0.000001699","","","","","","2026-07-20T21:16:36.310Z","2026-07-20T21:18:06.286Z","","","","",""
"BUBU","26zjnZeT6yBMNVNjnFQHu9YR2xuLZRfkQfmmbZqUpump","61","0.296296295","","","","","","","0","0","0","908","0.296296295","0","3","1","0","0","10786.78","3","342.86","342.86","0.667","0.667","386","","0","0","1","0","0","","","","","","","0.00001078","0.00001078","","","","","","2026-07-20T21:16:48.282Z","2026-07-20T21:18:12.129Z","","","","",""
"CSG","2X7Gj5HERHWHBPNcpNEX6Tsp1Nzv8eteZu7KvBqjpump","58","3","","42.031","","","","","","","","","3","0","1","0","0","0","10301.63","4","19013.97","19013.97","0.581","0.581","291","","0","0","1","0","1","-24.407766990291265","","","","","","0.000009679","0.0000103","","","0.000007786","","","2026-07-20T21:16:48.290Z","2026-07-20T21:18:48.275Z","","","2026-07-20T21:19:30.306Z","",""
"MESSI","7pMLkfhrsi5cqYhmP8bnVUQP4Zc3zvecW7x5ioPgpump","","","","","","","","","","","","","","","","","","","","","","","","","","","","","","","","","","","","","","","","","","","","8.777e-8","","","","","","2026-07-20T21:16:54.302Z",""
"CONJECT","2AyaUFvw1ePztfgnTR6LxBzpMpWZFNuhJCGH2ay9pump","68","0.5","","","","","","","0","0","0","908","0.5","0","1","1","0","0","5990.15","3","991.79","991.79","0.542","0.542","166","","0","0","1","0","0","","","","","","","0.000005831","0.00000599","","","","","","2026-07-20T21:17:18.335Z","2026-07-20T21:18:42.272Z","","","","",""
"go","HyNK4mkcrByBv6Akyn4JEJSUxJSDvkHSSfrTVAF2pump","","","","","","","","","","","","","","","","","","","","","","","","","","","","","","","","","","","","","","","","","","","","4.632e-7","","","","","","2026-07-20T21:17:24.300Z",""
"cypwar","HZ95xz9zAQwgaZYdXfQcVGDDYruyRTnyQZK2a7Nipump","","","","","","","","","","","","","","","","","","","","","","","","","","","","","","","","","","","","","","","","","","","","0.00000121","","","","","","2026-07-20T21:17:30.340Z",""
"BUBU","GYerEjjadLu8gh9dwxV6bdqgz6biqGpwck1X1pyHpump","59","0.296296295","","","","","","","","","","","","","","","","","","","","","","","","","","","","","","","","","","","","0.000001428","","","","","","","2026-07-20T21:17:30.353Z","","","","","",""
"MOON","71uEeeahfkg8tvdaLLDWndv4XU2tbYS7pqbys2uWpump","86","16.790123455","","","","","","","","","","","","","","","","","","","","","","","","","","","","","","","","","","","","0.00000677","","","","","","","2026-07-20T21:17:36.285Z","","","","","",""
"INU","FJMuJi98Jf6A88io75eag7z5FJvitJstCzhuHADDbonk","55","2.46875","","","","","","","","","","","2.46875","0","1","0","0","0","3302.82","3","1061.99","1061.99","0.625","0.625","-9.36","","0","0","1","0","0","","","","","","","0.000003302","0.000003302","","","","","","2026-07-20T21:17:42.261Z","2026-07-20T21:18:54.147Z","","","","",""
"MESSI","2gYDfpzhevxrgTgFvjwiidnfJCaGerakecms96UVpump","57","0.100000001","","","","","","","","","","","0.100000001","0","3","1","0","0","9906.47","3","96.65","96.65","0.649","0.649","352","","0","0","1","0","0","","","","","","","0.000009906","0.000009906","","","","","","2026-07-20T21:17:42.279Z","2026-07-20T21:19:00.157Z","","","","",""
"Mayhem","56amxeBELrrQvDXDaMWJcCvhB3kfaXVXgEakya8kpump","","","","","","","","","","","","","","","","","","","","","","","","","","","","","","","","","","","","","","","","","","","","2.544e-7","","","","","","2026-07-20T21:17:54.302Z",""
"MOOMOO","CxtXQcYWx7rx6kacdSjXcY6Mn7mBvUgigN6kpmCgpump","75","9.876543208","","","","","","","","","","","","","","","","","","","","","","","","","","","","","","","","","","","","0.000004338","","","","","","0.000002177","2026-07-20T21:18:18.288Z","","","","","2026-07-20T21:19:00.309Z",""
"BUBU","AAabTKBoSZrTodbCs1wvLC6W1deksGdbDvx9rdL4pump","58","0.296296295","","","","","","","","","","","","","","","","","","","","","","","","","","","","","","","","","","","","0.000002202","","","","","","","2026-07-20T21:18:24.282Z","","","","","",""
"KRONK","BQGFjZbY555Gx4oAANC5FXXAFLZm9pNtzuWeGCE1pump","55","5","","","","","","","","","","","","","","","","","","","","","","","","","","","","","","","","","","","","0.000004972","","","","","","","2026-07-20T21:18:36.296Z","","","","","",""
"NORIBULL","A267vBvFasw2ztjEBtGCitsb3skrnbhXpWqZU31Epump","","","","","","","","","","","","","","","","","","","","","","","","","","","","","","","","","","","","","","","","","","","","7.694e-7","","","","","","2026-07-20T21:18:36.318Z",""
"MESSI","29hNAx2Qwwb2hcD5zSH6aCAMgHASfZFKnHcWu7WApump","","","","","","","","","","","","","","","","","","","","","","","","","","","","","","","","","","","","","","","","","","","","6.34e-7","","","","","","2026-07-20T21:18:42.254Z",""
"NanoGPT","HVDYCCyEmqvWMZuBYxpeGH4AyB9393P2ULqMscGBpump","56","3","","","","","","","","","","","","","","","","","","","","","","","","","","","","","","","","","","","","0.000002253","","","","","","","2026-07-20T21:18:54.302Z","","","","","",""
"MESSI","GvXgQ8ji3jmydoCdho2LAkvTVNdH4fFnrPRJ7hMUpump","55","0.100000001","","","","","","","","","","","","","","","","","","","","","","","","","","","","","","","","","","","","0.000001521","","","","","","","2026-07-20T21:19:06.334Z","","","","","",""
"Mayhem","9QAvTcMaxobS76yYRkhtiVq59xMD69Zgkx93QE74pump","68","0.500000001","","","","","","","","","","","","","","","","","","","","","","","","","","","","","","","","","","","","0.000001853","","","","","","","2026-07-20T21:19:06.350Z","","","","","",""
"broke","HyG1zBP4nQLhuznmoBCsahwg1Mw5RAtzTH6CZDbtpump","","","","","","","","","","","","","","","","","","","","","","","","","","","","","","","","","","","","","","","","","","","","5.012e-7","","","","","","2026-07-20T21:19:18.298Z",""
"FCG","Dp5CjrS96wAw3NhhhBhSKUt9M6xtWv5gQA7qfMAepump","","","","","","","","","","","","","","","","","","","","","","","","","","","","","","","","","","","","","","","","","","","","8.33e-7","","","","","","2026-07-20T21:19:36.288Z",""
"SNACKCAT","BDTZgaCu7xUK6UEBcTwwcjxsgpf24AnJzxrvQRXnpump","58","0.500000001","","","","","","","","","","","0.500000001","0","9","1","0","0","13753.35","3","1213.82","1213.82","0.621","0.621","511","","0","0","1","0","0","","","","","","","0.00001375","0.00001375","","","","","","2026-07-20T21:19:48.317Z","2026-07-20T21:21:06.307Z","","","","",""
"$UGLY","H6d4jVpETipMfpEcS2VJeVbSJumo22JPinhrdi6gpump","70","0.68148148","","","","","","","13.1","32","-91.1","92","0.68148148","0","1","1","0","0","8637.2","4","1931.1","1931.1","0.563","0.563","279","","0","0","1","0","0","","","","","","","0.000009067","0.000008637","","","","","","2026-07-20T21:19:48.353Z","2026-07-20T21:21:48.319Z","","","","",""
"MOON","42cyHvpbhy2CVGiqK27ttMhXoEQRfvQQPt19QJMnpump","75","9.876543208","","","","","","","34.2","376","-42.5","916","9.876543208","0","2","0","0","0","12569.5","4","9917.77","9917.77","0.584","0.584","227","","0","0","1","0","1","","","","","","","0.00000585","0.00001256","","","","","","2026-07-20T21:20:06.265Z","2026-07-20T21:22:54.136Z","","","","",""
"BUBU","BudV7tXLgTTJ7dsdyTaMit7cpTNKLdMtCLGY2ynTpump","57","0.296296295","","","","","","","","","","","0.296296295","0","6","1","0","0","5554.38","3","254.38","254.38","0.6","0.6","150","","0","0","1","0","0","","","","","","","0.000004324","0.000005554","","","","","","2026-07-20T21:20:12.307Z","2026-07-20T21:21:24.075Z","","","","",""
"Mayhem","J5CfrnCFKAfAERCV5qhgPbU1pKTGCjATwjSLzGCpump","65","0.500000001","","","","","","","","","","","","","","","","","","","","","","","","","","","","","","","","","","","","0.000002435","","","","","","","2026-07-20T21:20:18.275Z","","","","","",""
"SBOOKYPOW","AuEn9JCkhwU5N2uQuQ69KbnbGpHXAmg6g4174tQbpump","70","0.350000001","","","","","","","","","","","","","","","","","","","","","","","","","","","","","","","","","","","","0.000005841","","","","","","","2026-07-20T21:20:30.310Z","","","","","",""
"broke","G3jjRMUxdLBkeEWPb3CPr5EDSo4w8CDgux83iRNRpump","61","0.060000001","","","","","","","","","","","","","","","","","","","","","","","","","","","","","","","","","","","","0.000003729","","","","","","7.932e-7","2026-07-20T21:20:36.310Z","","","","","2026-07-20T21:21:18.308Z",""
"Mayhem","gaagRyjzCdYymiMtrcQhNJaKiNyL8BoWbr3k6pCpump","","","","","","","","","","","","","","","","","","","","","","","","","","","","","","","","","","","","","","","","","","","","0.00000127","","","","","","2026-07-20T21:20:42.303Z",""
"BIH","SemDF1Zv2AoNTbMmtSrUn7K8niNT5yw7GytYRz9pump","63","3","","","","","","","","","","","","","","","","","","","","","","","","","","","","","","","","","","","","0.000002286","","","","","","","2026-07-20T21:20:48.361Z","","","","","",""
"NORIBULL","HibFZB76tvASP9d3Q1ufm5CB8DsumuVBAajq8pBZpump","","","","","","","","","","","","","","","","","","","","","","","","","","","","","","","","","","","","","","","","","","","","7.287e-7","","","","","","2026-07-20T21:21:18.292Z",""
"Mayhem","GsLwBPJNAk2dWxeMUga7jwnnkzXVCHgS1km3gJjbpump","66","0.800000001","","","","","","","","","","","","","","","","","","","","","","","","","","","","","","","","","","","","0.000001679","","","","","","","2026-07-20T21:21:24.278Z","","","","","",""
"Xmoney","DfCD4DzrChozoGnZxPCUYWGwoHrUmV77p5WPCR75pump","57","5","","","","","","","","","","","","","","","","","","","","","","","","","","","","","","","","","","","","0.000002188","","","","","","","2026-07-20T21:21:36.285Z","","","","","",""
"Mayhem","FYVUPVzKhZe6RC3rowBaCAq89DVerEMLuaWyHtzZpump","62","0.600000001","","","","","","","0","0","0","914","0.600000001","0","5","1","0","0","3925.78","3","178.82","178.82","0.667","0.667","73.27","","0","0","1","0","0","","","","","","","0.000003925","0.000003925","","","","","","2026-07-20T21:21:42.256Z","2026-07-20T21:23:06.147Z","","","","",""
"Xmoney","957msbQpHeWk8YK8nMwVk5d79QUwGZZAbvVvxx4kpump","55","5","","","","","","","","","","","5","0","12","0","0","0","2286.6","3","1531.84","1531.84","0.556","0.556","-22.86","","0","0","1","0","0","","","","","","","0.000002286","0.000002286","","","","","","2026-07-20T21:21:54.284Z","2026-07-20T21:23:18.149Z","","","","",""
"go","5ri27rPQH9aooKW1bh1YFe6LkcrD2PkimZ1NYe9Apump","58","0.098765431","","","","","","","","","","","","","","","","","","","","","","","","","","","","","","","","","","","","0.0000105","","","","","","","2026-07-20T21:21:54.291Z","","","","","",""
"FAANG ","8UjD6eMS3H74TUfF2Ye4ijtR3oE92MZw1cJvdXVJpump","57","1.97530864","","","","","","","","","","","","","","","","","","","","","","","","","","","","","","","","","","","","0.000002206","","","","","","","2026-07-20T21:21:54.307Z","","","","","",""
"Xmoney","6zAc8uX8DWpKLsGja2t2ZXFZCTMCHcxFrCwJqxX9xim9","77","8","","","","","","","0","0","-1.8","916","8","0","0","0","0","0","2218.56","3","1268.05","1268.05","0.6","0.6","-36.5","","0","0","1","0","0","","","","","","","0.000002218","0.000002218","","","","","","2026-07-20T21:22:00.312Z","2026-07-20T21:23:24.130Z","","","","",""
"Mayhem","5B1erKD1A347avE166FF1qW7xVbsajadNhxCfut2pump","66","1.000000001","","","","","","","","","","","","","","","","","","","","","","","","","","","","","","","","","","","","0.000001953","","","","","","","2026-07-20T21:22:06.270Z","","","","","",""
"COPYCAT","CZdsHLoEUbdfgEAkSVmy4fhwtbcAWviRZPC5NfLDpump","63","3.03","","","","","","","","","","","","","","","","","","","","","","","","","","","","","","","","","","","","0.000002187","","","","","","","2026-07-20T21:22:24.283Z","","","","","",""
"go","CM5Kt4VKjoMkvRTikj46tRJXxFdmc7z9BuvvhuwUpump","","","","","","","","","","","","","","","","","","","","","","","","","","","","","","","","","","","","","","","","","","","","2.22e-7","","","","","","2026-07-20T21:22:30.291Z",""
"Mayhem","69PDmAtooYijyerWwWMawhqPADJdxgZC5e1C4xropump","64","0.900000001","","","","","","","0","0","0","912","0.900000001","0","7","1","0","0","2362.62","3","222.55","222.55","0.636","0.636","2.26","","0","0","1","0","0","","","","","","","0.000002362","0.000002362","","","","","","2026-07-20T21:22:36.273Z","2026-07-20T21:23:48.125Z","","","","",""
"$25","7ZX3fzNBeGNELZxAxmkHYpLRjhAQMnkHbRNthuWs8A3c","59","5.599999999","","","","","","","","","","","","","","","","","","","","","","","","","","","","","","","","","","","","0.000002177","","","","","","","2026-07-20T21:22:48.277Z","","","","","",""
"Mayhem","AooU2EtnhUEaw3o87GMaq9W55fFUffi3vNiBBoTipump","","","","","","","","","","","","","","","","","","","","","","","","","","","","","","","","","","","","","","","","","","","","3.013e-7","","","","","","2026-07-20T21:23:00.277Z",""
"BUBU","8zpPDjanmfEENRrUxg552o4VHiroL3sAEkEatcGKpump","","","","","","","","","","","","","","","","","","","","","","","","","","","","","","","","","","","","","","","","","","","","0.000001218","","","","","","2026-07-20T21:23:18.278Z",""
"broke","9jiBGAMZi9TqeU7Kn3vW9WDu2d8aobfnCQBXrwrppump","","","","","","","","","","","","","","","","","","","","","","","","","","","","","","","","","","","","","","","","","","","","5.045e-7","","","","","","2026-07-20T21:23:30.267Z",""
"ANSEM","3iCTa8dWfDNx9cPQSuvbA1PFJe4LBUXvQ2dVHZPvpump","56","0.98765432","","","","","","","","","","","0.98765432","1","56","1","0","0","1991.1","3","436.62","436.62","0.571","0.571","-14.37","","0","0","1","0","0","","","","","","","0.000001991","0.000001991","","","","","","2026-07-20T21:23:42.316Z","2026-07-20T21:24:42.064Z","","","","",""
"go","Dx7Kxxtzqhm6XrEq1emGD7d2Lcghg7P7hvuLwWbRpump","","","","","","","","","","","","","","","","","","","","","","","","","","","","","","","","","","","","","","","","","","","","2.21e-8","","","","","","2026-07-20T21:23:42.322Z",""
"USOH","tj5wBvwk2wvYC6A6D5GDdcEm6J4Maugug64CWvnpump","82","14.000000001","","","","","","","0.9","122","-55","912","14.000000001","0","1","0","0","0","4793.97","3","1162.83","1162.83","0.714","0.714","2.26","","0","0","1","0","0","","","","","","","0.000004733","0.000004793","","","","","","2026-07-20T21:24:00.278Z","2026-07-20T21:25:18.277Z","","","","",""
"ANSEM","BWxbSYXhb84Dci5o1Zi8jNWbXkKicURJaWwCiiFtpump","","","","","","","","","","","","","","","","","","","","","","","","","","","","","","","","","","","","","","","","","","","","2.17e-7","","","","","","2026-07-20T21:24:24.275Z",""
"ANSEM","Gm12Uwbfmf1ia9TvxnbH52TzeD1HBoyr1Qym3HBSpump","56","0.98765432","","","","","","","","","","","0.98765432","1","58","1","0","0","2200.62","4","443.84","443.84","0.583","0.583","-5.36","","0","0","1","0","0","","","","","","","0.000002205","0.0000022","","","","","","2026-07-20T21:25:12.278Z","2026-07-20T21:27:24.268Z","","","","",""
"go","8nx8sjnVp2Ufo9BPY74GGhKEaaBa1XFcgSaiff5Gpump","57","0.098765431","","","","","","","","","","","","","","","","","","","","","","","","","","","","","","","","","","","","0.000007775","","","","","","","2026-07-20T21:25:12.338Z","","","","","",""
"ARCRUNNERS","5QwJ4Lh2KPWhYop6ciVStZrfjkPSQEsKefwLoraRpump","","","","48.246","","","","","","","","","1.97530864","0","0","0","0","0","2483.51","3","157.82","157.82","1","1","0.31","","0","0","1","0","0","-12.001610954490548","","","","","","","0.000002483","","","0.000002185","","","","2026-07-20T21:25:18.048Z","","","2026-07-20T21:26:06.294Z","",""
"dih","27w59nNnBFNmb28Qt79XTfA6b1UMcYeHe4nR7gSabonk","61","4.9375","","","","","","","","","","","","","","","","","","","","","","","","","","","","","","","","","","","","0.000003419","","","","","","","2026-07-20T21:25:36.293Z","","","","","",""
"Perchi","8S9X3YZUdPsxUcYZiU8q7jvrSYsgkidmhYMMwd7Zpump","62","2.8","","84.005","","","","","0","0","-57.9","908","2.8","0","0","0","0","0","8684.33","3","9933.02","9933.02","0.617","0.617","233","","0","0","1","0","1","-13.208198986642103","","","","","","0.000006531","0.000008684","","","0.000007537","","","2026-07-20T21:26:00.296Z","2026-07-20T21:27:12.279Z","","","2026-07-20T21:28:36.284Z","",""
"go","HGQAa7GiKT7ZJdmRogSVsyaKgqaBqHCADtrhiJnhpump","","","","","","","","","","","","","","","","","","","","","","","","","","","","","","","","","","","","","","","","","","","","9.282e-8","","","","","","2026-07-20T21:26:00.305Z",""
"b0x test","6Hqa8miJKgQ8wNFBXVD9ayEv91xcBCdBvcvoBUcipump","65","0.060000001","","","","","","","","","","","","","","","","","","","","","","","","","","","","","","","","","","","","0.000002904","","","","","","","2026-07-20T21:26:06.315Z","","","","","",""
"QUASI","2umzeKSY9jJhcothgEfioLrNtHfnfncZPLUivfhypump","68","1","","","","","","","","","","","","","","","","","","","","","","","","","","","","","","","","","","","","0.000002058","","","","","","0.000001073","2026-07-20T21:26:12.270Z","","","","","2026-07-20T21:27:00.283Z",""
"ALPUN","9RX85zvw1gS8YKab9g2dVeWkwBDJVkCdg8qajnFhrray","","","","","","","","","0","0","0","910","2.61758048","0","0","0","0","0","2472.28","3","205.89","205.89","1","1","0","","0","0","1","0","0","","","","","","","","0.000002472","","","","","","","2026-07-20T21:26:30.130Z","","","","",""
"IShowOdyssey","AkMaWp9qWHKNiQV7nY2V9JWUMh7i1FMqSZhZ32wkpump","63","3","","","","","","","","","","","","","","","","","","","","","","","","","","","","","","","","","","","","0.000004255","","","","","","","2026-07-20T21:26:30.302Z","","","","","",""
"GUA","JCBKbkWsxcWbCzcXQroZeo6fNjQdm7pPpAEtETt3pump","66","0.098765431","","35.984","","","","","0","0","-90.8","68","0.098765431","0","0","1","0","0","2523.16","4","6724.99","6724.99","0.572","0.572","15.01","","0","0","1","0","0","-38.049940546967896","","","","","","0.00003715","0.000002523","","","0.000001563","","","2026-07-20T21:26:48.324Z","2026-07-20T21:29:12.275Z","","","2026-07-20T21:29:48.259Z","",""
"Akhil","3eXwznxYTNv3JUXSpQVbSv32Uj4AqTkeABm88Bbrpump","63","3","","","","","","","","","","","","","","","","","","","","","","","","","","","","","","","","","","","","0.000002207","","","","","","","2026-07-20T21:27:00.265Z","","","","","",""
"BILALO","8EDDRSHN37ESbYJWSDmEifGSJ5SyRcVqLxLyWnbZpump","","","","","","","","","","","","","","","","","","","","","","","","","","","","","","","","","","","","","","","","","","","","4.661e-7","","","","","","2026-07-20T21:27:06.272Z",""
"M44","5va6LDah8Yv3vkUc8BFmokbeTZd3Gyi5LNxrSCJgpump","","","","","","","","","","","","","","","","","","","","","","","","","","","","","","","","","","","","","","","","","","","","3.836e-8","","","","","","2026-07-20T21:27:24.298Z",""
"paki","AibURSaVS1Un72m1UttGHbZjeSoaJkMh1fM8hsZvpump","","","","","","","","","","","","","","","","","","","","","","","","","","","","","","","","","","","","","","","","","","","","0.00000113","","","","","","2026-07-20T21:27:54.263Z",""
"STATue ","9Gf7P1ViXTBCAgjj59EU8RDcWw1LL3dHuyGoyeA5pump","","","","","","","","","","","","","","","","","","","","","","","","","","","","","","","","","","","","","","","","","","","","1.488e-7","","","","","","2026-07-20T21:27:54.285Z",""
"ACHR","AxftaMPr1o1aaUkJWLb5QQYdvND7qpdDqcRMj8oZpump","61","0.059259258","","","","","","","13.3","146","-60.6","906","0.059259258","0","1","1","0","0","2909.82","4","22.45","22.45","0.667","0.667","32.99","","0","0","1","0","0","","","","","","","0.000004011","0.000002909","","","","","","2026-07-20T21:27:54.348Z","2026-07-20T21:30:24.248Z","","","","",""
"SC","DQdnkuyW1Thq62ASpFd7Gwn5CWir7CtNNioY3Lbhpump","","","","","","","","","","","","","","","","","","","","","","","","","","","","","","","","","","","","","","","","","","","","7.818e-7","","","","","","2026-07-20T21:28:00.277Z",""
"MAROWNC","3JEvAYLyGwRbvXe4FGoP78nTPWexvBFeJApbLbffpump","","","","","","","","","","","","","","","","","","","","","","","","","","","","","","","","","","","","","","","","","","","","1.626e-7","","","","","","2026-07-20T21:28:06.308Z",""
"go","FqED7oZzQ6bjB2nFdiYReyVRaPhUw9ZXc3GVN7STpump","56","0.098765431","","","","","","","","","","","","","","","","","","","","","","","","","","","","","","","","","","","","0.000004207","","","","","","0.000001242","2026-07-20T21:28:06.316Z","","","","","2026-07-20T21:28:42.286Z",""
"QASI","GCJYyzfWK9WkhQkvXUohXr9GGpw76EAvw3VtsfkGpump","","","","","","","","","","","","","","","","","","","","","","","","","","","","","","","","","","","","","","","","","","","","6.267e-7","","","","","","2026-07-20T21:28:42.269Z",""
"AgentScan","QzTxi6soM369pqZLd8MGYm6GQuus4wEwr8igSoKpump","75","6.913580245","","","","","","","","","","","","","","","","","","","","","","","","","","","","","","","","","","","","0.000003302","","","","","","","2026-07-20T21:28:54.263Z","","","","","",""
"ANSEM","CY1L8xT9ogLJ4WmWSKtB3BGUozKBvSeVXteJJiTbpump","","","","","","","","","","","","","","","","","","","","","","","","","","","","","","","","","","","","","","","","","","","","1.417e-7","","","","","","2026-07-20T21:28:54.282Z",""
"Dream","F9VEhNfjBnGHP6eRo1zqfu72jB6JNDEzpxqNckbhF3Ja","63","2.962962961","","","","","","","","","","","","","","","","","","","","","","","","","","","","","","","","","","","","0.000009214","","","","","","","2026-07-20T21:29:00.319Z","","","","","",""
"EMOJI","4LfAe3QFtqSTGMPMYXoJh3UgEgR2UffFwErsMtsfpump","55","0.493827159","","","","","","","","","","","0.493827159","0","15","1","0","0","2972","3","1337.24","1337.24","0.604","0.604","32.04","","0","0","1","0","0","","","","","","","0.000001595","0.000002972","","","","","","2026-07-20T21:29:06.291Z","2026-07-20T21:30:18.281Z","","","","",""
"MNPRINT","sr6Kb7au68gjHnobczn4ZQmmcHbcqMiPxMCEoeSpump","65","0.059259258","","","","","","","0.3","124","-0.7","914","0.059259258","0","0","1","0","0","2187.18","3","96.2","96.2","0.6","0.6","-0.04","","0","0","1","0","0","","","","","","","0.000002187","0.000002187","","","","","","2026-07-20T21:29:18.259Z","2026-07-20T21:29:36.054Z","","","","",""
"go","63fKLSGuchY8TkW4xqJkLUtdGdKHEPCvsxGFRqHSpump","56","0.098765431","","","","","","","","","","","0.098765431","4","54","1","0","0","2498.57","3","67.48","67.48","0.605","0.605","13.94","","0","0","1","0","0","","","","","","","0.000001535","0.000002498","","","","","","2026-07-20T21:29:18.297Z","2026-07-20T21:30:18.054Z","","","","",""
"P055UM","EvwdPdRL47ZpBbwe7FmTKw27sgoTuoN6E4TABzoopump","63","3","","","","","","","","","","","","","","","","","","","","","","","","","","","","","","","","","","","","0.000002178","","","","","","","2026-07-20T21:29:24.274Z","","","","","",""
"BUBU","EJ3sVNJdNJriAY2Syh4h4KUCFatLpGEYCvhWhzV9pump","","","","","","","","","","","","","","","","","","","","","","","","","","","","","","","","","","","","","","","","","","","","4.13e-7","","","","","","2026-07-20T21:29:24.279Z",""
"b0x test","8V1MRguMCqCLTyXB8GKoC6TJJ4ZKmn6VT1o2YLMipump","61","0.062000001","","","","","","","","","","","","","","","","","","","","","","","","","","","","","","","","","","","","0.000001373","","","","","","4.906e-7","2026-07-20T21:29:36.272Z","","","","","2026-07-20T21:30:12.270Z",""
"MONEY","1g4n5wguxFmKtCXP54B7N8YPuGNYpozAvDkntAEpump","","","","","","","","","","","","","","","","","","","","","","","","","","","","","","","","","","","","","","","","","","","","0.000001155","","","","","","2026-07-20T21:30:06.305Z",""
"X","81b4vMm32YqtPDmX8Dad4FDSF6Kvrw8Eb4heYSh2pump","57","1.97530864","","","","","","","","","","","1.97530864","0","0","0","0","0","2324.69","3","416.11","416.11","0.6","0.6","-6.07","","0","0","1","0","0","","","","","","","0.000002294","0.000002324","","","","","","2026-07-20T21:30:06.314Z","2026-07-20T21:31:30.288Z","","","","",""
"SL","X8qnMr8eVxXF5uZ1QDLM8keY3sDKRdXy4XLmrSPpump","65","0.049382714","","","","","","","0","0","0","916","0.049382714","0","0","1","0","0","3824.72","3","30.64","30.64","0.615","0.615","74.98","","0","0","1","0","0","","","","","","","0.000003824","0.000003824","","","","","","2026-07-20T21:30:12.276Z","2026-07-20T21:31:24.124Z","","","","",""
"BUBU","5rggdJci6veYTa4L655VXCrC967ckEsyDWZJyXRfpump","56","0.395061727","","","","","","","","","","","0.395061727","0","9","1","0","0","3389.95","3","250.4","250.4","0.552","0.552","51.59","","0","0","1","0","0","","","","","","","0.000003389","0.000003389","","","","","","2026-07-20T21:30:42.271Z","2026-07-20T21:31:54.055Z","","","","",""
"tu","Be6F2bHV88PAL4aEwoLtB521WFVaRfoWiDjvmFBTpump","69","1.000000001","","","","","","","40.3","36","-89.7","126","1.000000001","0","3","1","0","0","11722.34","3","785.85","785.85","0.727","0.727","404","","0","0","1","0","0","","","","","","","0.000005828","0.00001172","","","","","","2026-07-20T21:30:48.272Z","2026-07-20T21:32:24.281Z","","","","",""
"EMOJI","8jhv4SSt9m4dJFyKNkxWNAMXmb4gUmgLy7JaCQLGpump","56","0.592592591","","","","","","","","","","","","","","","","","","","","","","","","","","","","","","","","","","","","0.000001711","","","","","","7.347e-7","2026-07-20T21:30:54.304Z","","","","","2026-07-20T21:31:42.296Z",""
"go","EqTrss1s9rmhFkDrzPCwY3xwcabKm4FAtBkSkPKapump","55","0.098765431","","","","","","","","","","","0.098765431","4","55","1","0","0","2612.39","4","767.45","767.45","0.592","0.592","19.13","","0","0","1","0","0","","","","","","","0.000003406","0.000002612","","","","","","2026-07-20T21:30:54.320Z","2026-07-20T21:33:12.113Z","","","","",""
"MSGA","3xhuj4oPBLnu9Zuhupp54mLMVEPXVgeXaFY6Nj2Hpump","65","5","","","","","","","","","","","","","","","","","","","","","","","","","","","","","","","","","","","","0.000002178","","","","","","","2026-07-20T21:31:00.264Z","","","","","",""
"MSGA","FokkHTFdP6cBJwce33FhXPgg8s3xDDxojpVUrCbDUx19","","","","","","","","","","","","","","","","","","","","","","","","","","","","","","","","","","","","","","","","","","","","0.000002182","","","","","","2026-07-20T21:31:00.296Z",""
"Nerpoder","C7cdgZRWsjAu7AkS6AhYTkxKijqEA35a3pCCUZ9apump","63","3","","53.959","","","","","0","0","-60.4","918","3","0","0","0","0","0","5537.8","3","9431.58","9431.58","0.611","0.611","110","","0","0","1","0","1","-55.75221238938053","","","","","","0.000004727","0.000005537","","","0.00000245","","","2026-07-20T21:31:06.274Z","2026-07-20T21:32:12.093Z","","","2026-07-20T21:33:06.052Z","",""
"BOW","BHEXfs1ik93VCLYEbzaHgK7CudnN91EptxR1nVyVbonk","57","1.975","","","","","","","","","","","","","","","","","","","","","","","","","","","","","","","","","","","","0.000003312","","","","","","","2026-07-20T21:31:12.331Z","","","","","",""
"MSGA","88mtYikEsrUjUQDinvzLw7yBdvBeHDd2V2iSJuWuEfpm","63","4","","","","","","","0","0","-0.1","916","4","0","1","0","0","0","2181.33","3","779.01","779.01","0.571","0.571","-22.05","","0","0","1","0","0","","","","","","","0.000002181","0.000002181","","","","","","2026-07-20T21:31:12.341Z","2026-07-20T21:32:24.062Z","","","","",""
"STONK","899mTzsyg2cNyZQxmdnLhTakidcCcAPvqbeaVXz2pump","","","","","","","","","","","","","","","","","","","","","","","","","","","","","","","","","","","","","","","","","","","","","","","","","","",""
"XCard","DmWiNHsaP48Q7yFiwdAL6giTti5P6ioP5MiJULYnpump","63","3","","","","","","","","","","","","","","","","","","","","","","","","","","","","","","","","","","","","0.000003384","","","","","","","2026-07-20T21:31:18.275Z","","","","","",""
"X","5veKkgZ6Pz5NscDgAJ1TMuxuPn4tshFmRwACggkLpump","","","","","","","","","","","","","","","","","","","","","","","","","","","","","","","","","","","","","","","","","","","","5.596e-7","","","","","","2026-07-20T21:32:00.297Z",""
"BUBU","FY65QFpWXnQVB55okGy6zz72hvvc7eqAZT8agqffpump","","","","","","","","","","","","","","","","","","","","","","","","","","","","","","","","","","","","","","","","","","","","3.281e-7","","","","","","2026-07-20T21:32:00.311Z",""
"M44","B3ZUa3SaMkBkUbcfEXyQyndYvD9YCX8vpo1Ch7Eqpump","","","","","","","","","","","","","","","","","","","","","","","","","","","","","","","","","","","","","","","","","","","","1.322e-7","","","","","","2026-07-20T21:32:06.273Z",""
"CleanShit","J8Vi55PordMW61vVD5NUZRf9EchiriLS1SH8urBVpump","82","1.97530864","","48.098","","","","","3.3","4","-95.7","64","1.97530864","0","0","1","0","0","6919.26","3","1168.42","1168.42","0.667","0.667","180","","0","0","1","0","0","-95.59184853302501","","","","","","0.000002601","0.000006919","","","3.05e-7","","3.05e-7","2026-07-20T21:32:12.256Z","2026-07-20T21:33:36.183Z","","","2026-07-20T21:34:24.281Z","2026-07-20T21:34:24.270Z",""
"Meow ","F17R9MGuPr3Go3Q918gzADFAb8NMPhX5HWH86cWKpump","65","0.060000001","","","","","","","956.6","274","0","914","0.060000001","0","0","1","0","0","8475.1","3","2159.87","2159.87","0.559","0.559","287","","0","0","1","0","0","","","","","","","0.000004912","0.000008475","","","","","","2026-07-20T21:32:18.299Z","2026-07-20T21:33:36.146Z","","","","",""
"Rico","7pG75triNHWdpzMKqSA82RR1TAPm6VViDcPssqRWpump","63","3","","","","","","","","","","","","","","","","","","","","","","","","","","","","","","","","","","","","0.000002178","","","","","","","2026-07-20T21:32:24.359Z","","","","","",""
"b0x test","3khs37Bf5opfNcosMMx9Y3MzEgXxYj4TKKgq8NMxpump","58","0.060100001","","","","","","","","","","","","","","","","","","","","","","","","","","","","","","","","","","","","0.000002618","","","","","","","2026-07-20T21:32:30.279Z","","","","","",""
"MAYHEM","2mqcLQMtfh5JX99JAWy2yi6LqnHZ7v2KMhEG2rPepump","64","0.250000001","","","","","","","","","","","","","","","","","","","","","","","","","","","","","","","","","","","","0.000005264","","","","","","7.311e-7","2026-07-20T21:32:30.299Z","","","","","2026-07-20T21:33:24.261Z",""
"SPINELESS","ARmNnDSKXfN5m6SMGE322vbnZc7jVwcTKArm79Utpump","","","","","","","","","","","","","","","","","","","","","","","","","","","","","","","","","","","","","","","","","","","","5.963e-7","","","","","","2026-07-20T21:32:30.308Z",""
"CSG","FYm6E4JPZHY8BuJsGE1Sk7aRWLaRv9vqeEF2xNf8pump","","","","","","","","","","","","","","","","","","","","","","","","","","","","","","","","","","","","","","","","","","","","8.002e-8","","","","","","2026-07-20T21:32:54.264Z",""
"SOL67","7HrR3hvjTxMFFhyuXNqpgwdeWe5EUsryVB5sn1aypump","63","2.962962961","","","","","","","0","0","-4.8","904","2.962962961","0","0","0","0","0","2287.46","3","534.84","534.84","0.6","0.6","-13.03","","0","0","1","0","0","","","","","","","0.000002287","0.000002287","","","","","","2026-07-20T21:32:54.275Z","2026-07-20T21:34:06.083Z","","","","",""
"purr","2VuUtXiz2jtaMXsk3tbsgJudWqM31cpBZWcYKTaRpump","82","2.000000001","","","","","","","46.4","842","0","902","2.000000001","0","0","1","0","0","3046.85","3","206.38","206.38","0.8","0.8","22.92","","0","0","1","0","0","","","","","","","0.000003042","0.000003046","","","","","","2026-07-20T21:32:54.289Z","2026-07-20T21:34:18.154Z","","","","",""
"SOL67","6HQtPksrUNwcVsgLRuemAEicYKj9aCiXL4A9yR4Nbonk","58","2.9625","","","","","","","","","","","2.9625","0","1","0","0","0","3329.49","3","552.95","552.95","0.667","0.667","-10.33","","0","0","1","0","0","","","","","","","0.000003301","0.000003329","","","","","","2026-07-20T21:33:00.293Z","2026-07-20T21:34:24.143Z","","","","",""
"BABYJIM","pUJWL2nc5Lu8jA1YmxJUoxUpwV62M76JrXrjcMLpump","63","2.962962961","","60.23","","","","","27.9","214","-24","914","2.962962961","0","0","0","0","0","4106.25","3","10071.52","10071.52","0.602","0.602","56.12","","0","0","1","0","1","-6.40526059425231","","","","","","0.000003722","0.000004106","","","0.000003843","","","2026-07-20T21:33:18.262Z","2026-07-20T21:34:36.077Z","","","2026-07-20T21:35:36.307Z","",""
"go","EtMyoB2CxZqcdN7fXBpJJATxLXHmkytAfC37T7Nhpump","","","","","","","","","","","","","","","","","","","","","","","","","","","","","","","","","","","","","","","","","","","","6.203e-8","","","","","","2026-07-20T21:33:24.280Z",""
"ANSEM","3AJFvPqptywbjhrhfuSDLSu6RjrZsmaZn8QNZhHMpump","55","0.98765432","","","","","","","","","","","0.98765432","1","66","1","0","0","2464.48","3","577.81","577.81","0.545","0.545","6.03","","0","0","1","0","0","","","","","","","0.000002464","0.000002464","","","","","","2026-07-20T21:33:36.306Z","2026-07-20T21:34:48.073Z","","","","",""
"BUBU","7xLzh82d89LnPqF6xZ7ECJk5Qja3t5fNAHD76BEGpump","","","","","","","","","","","","","","","","","","","","","","","","","","","","","","","","","","","","","","","","","","","","5.033e-7","","","","","","2026-07-20T21:33:36.334Z",""
"TPF","4ujBBYNQBbXoE8gJ1yscXqHnus6e4vo4CiRTgbLapump","69","0.297326042","","","","","","","","","","","","","","","","","","","","","","","","","","","","","","","","","","","","0.000002474","","","","","","","2026-07-20T21:34:00.284Z","","","","","",""
"Sepe","4bwUsFDRvAjBY7jp6W6XogP5EADsgtPWxPFnUKiYpump","87","17.876543208","","65.823","","","","","0","0","-87.4","182","17.876543208","0","0","0","0","0","19469.15","3","12411.93","12411.93","0.639","0.639","251","","0","0","1","0","1","-29.136690647482016","","","","","","0.00001448","0.00001946","","","0.00001379","","","2026-07-20T21:34:06.283Z","2026-07-20T21:35:18.269Z","","","2026-07-20T21:36:24.092Z","",""
"1jimothy","qCfondeDq2VmQot9MpzRfVwu7eEFdf7wYhsTTVJpump","59","0.088888887","","","","","","","","","","","","","","","","","","","","","","","","","","","","","","","","","","","","0.000005737","","","","","","","2026-07-20T21:34:12.253Z","","","","","",""
"b0x test","bv2nqq5jvmAxGrKJ73mLRSi3Zo39AuDfNVTFXC9pump","","","","","","","","","","","","","","","","","","","","","","","","","","","","","","","","","","","","","","","","","","","","2.162e-7","","","","","","2026-07-20T21:34:18.329Z",""
"Driver","J2wouiet6Htq114XVMtwKLdB8AaPYrGzwcQaLHsopump","71","5.000000001","","","","","","","","","","","","","","","","","","","","","","","","","","","","","","","","","","","","0.000002344","","","","","","","2026-07-20T21:35:00.315Z","","","","","",""
"RIMOTHY","FmaTTypKBEMrQQisSe1YAyLQnB9Xjuq9U9N9toc4pump","62","2.765432097","","","","","","","","","","","","","","","","","","","","","","","","","","","","","","","","","","","","0.000003413","","","","","","","2026-07-20T21:35:12.267Z","","","","","",""
"M44","BwAtcTdWUVTkTMXTopeSpsKJPeRVUHQSURwevQ9xpump","","","","","","","","","","","","","","","","","","","","","","","","","","","","","","","","","","","","","","","","","","","","2.682e-8","","","","","","2026-07-20T21:35:18.285Z",""
"s","6NuqjCtVBVuKQSYqYbdxe4ZcBSrW8xruMVNZ7ZEapump","","","","","","","","","","","","","","","","","","","","","","","","","","","","","","","","","","","","","","","","","","","","9.18e-7","","","","","","2026-07-20T21:35:18.306Z",""
"s","DgtGm2PEFdsZu1yuKNHtwM4wShArzvBGZKYntPg5pump","72","1.97530864","","","","","","","","","","","","","","","","","","","","","","","","","","","","","","","","","","","","0.00001393","","","","","","","2026-07-20T21:35:48.249Z","","","","","",""
"SCG","4VCvQEPMuou3fxTtUTGvhEJ2z7QrWReiWwb7RMBGpump","","","","","","","","","","","","","","","","","","","","","","","","","","","","","","","","","","","","","","","","","","","","3.132e-7","","","","","","2026-07-20T21:35:54.265Z",""
"b0x test","GziqTWEgcwRoY6N5rXSjSwPa3bGfX2nU3yjdcLbcpump","","","","","","","","","","","","","","","","","","","","","","","","","","","","","","","","","","","","","","","","","","","","2.096e-7","","","","","","2026-07-20T21:35:54.318Z",""
"MONEY","EYVi3JHybkMvXGQfza53dJPr2pkzZ9GJknT9fGc3pump","","","","","","","","","","","","","","","","","","","","","","","","","","","","","","","","","","","","","","","","","","","","8.073e-7","","","","","","2026-07-20T21:36:00.285Z",""
"spacecat","BvhBTKyereXpT9hnugJnrFqxmDvVw3gfy4WpHyZepump","58","3","","","","","","","","","","","","","","","","","","","","","","","","","","","","","","","","","","","","0.000002177","","","","","","","2026-07-20T21:36:24.287Z","","","","","",""
"s","6eXScJrKMC2GU8GacivquNyfhEYJHLW37X19RYqApump","58","0.13","","","","","","","","","","","","","","","","","","","","","","","","","","","","","","","","","","","","0.000002268","","","","","","1.286e-7","2026-07-20T21:36:30.268Z","","","","","2026-07-20T21:37:06.273Z",""
"radar","EwzBjSSJ5fUT7EdgURQXR49Cx3tkDXU1CFiXcwjv9Afa","77","7.901234566","","","","","","","0.3","558","0","908","7.901234566","0","0","0","0","0","2204.42","5","30202.32","30202.32","0.56","0.56","-36.56","","0","0","1","0","0","","","","","","","0.000002334","0.000002204","","","","","","2026-07-20T21:36:36.467Z","2026-07-20T21:39:42.069Z","","","","",""
"go","HFLrrwVb4fNoQ54hF24bd9d7GHM2D76C1J9y7ueZpump","60","0.197530863","","","","","","","0","0","0","906","0.197530863","5","58","1","0","0","4567.62","3","250.93","250.93","0.591","0.591","107","","0","0","1","0","0","","","","","","","0.000004567","0.000004567","","","","","","2026-07-20T21:36:48.278Z","2026-07-20T21:37:54.202Z","","","","",""
"Dashan","C6XvbWup8zY7VjscsnMsowyzuzShfCZ75JaqG33KVHh6","58","3","","","","","","","","","","","","","","","","","","","","","","","","","","","","","","","","","","","","0.000002177","","","","","","","2026-07-20T21:37:12.384Z","","","","","",""
"TH","FGTvxbKrXApExdmw5Av46KHbH8fNxR1msxSTbFchpump","66","0.100000001","","","","","","","0","0","0","918","0.100000001","0","0","1","0","0","7151.25","4","83.63","83.63","0.593","0.593","226","","0","0","1","0","0","","","","","","","0.000007175","0.000007151","","","","","","2026-07-20T21:37:24.264Z","2026-07-20T21:39:42.279Z","","","","",""
"go","FLSgT74jykMRTddCeWLjMtGkj3nyJvbhYYEsH4Mhpump","57","0.098765431","","","","","","","","","","","0.098765431","5","59","1","0","0","3554.98","3","1048.76","1048.76","0.618","0.618","62.21","","0","0","1","0","0","","","","","","","0.000003554","0.000003554","","","","","","2026-07-20T21:37:24.275Z","2026-07-20T21:38:36.118Z","","","","",""
"VIDEO26","239GP7ZHfGj1Kec3oEyeqoxGKusABo6mx8WQNPzspump","69","0.29625","","","","","","","","","","","","","","","","","","","","","","","","","","","","","","","","","","","","0.000007066","","","","","","","2026-07-20T21:37:36.311Z","","","","","",""
"$FOMO","239GgPvNmH8hSu8w6JHsDnaqvxt6U9NUDnaGc7K8pump","","","","","","","","","","","","","","","","","","","","","","","","","","","","","","","","","","","","","","","","","","","","6.793e-8","","","","","","2026-07-20T21:37:42.264Z",""
"Speed","EB8i3JP2heqSSeCp89Cer1mXeZbJgi3GjRJLSc1Rpump","55","0.079012344","","","","","","","","","","","","","","","","","","","","","","","","","","","","","","","","","","","","0.000001848","","","","","","4.377e-7","2026-07-20T21:38:00.480Z","","","","","2026-07-20T21:39:30.276Z",""
"Vazя","KJxwSHBREwqMK4TX4FyVCgxTUqEsB3dTe66rYCypump","63","3","","","","","","","","","","","","","","","","","","","","","","","","","","","","","","","","","","","","0.000005426","","","","","","","2026-07-20T21:38:00.726Z","","","","","",""
"1 mode","8EVH7hWKQGo5J234jimdsMdEpf81mU33E8p7rLshpump","","","","","","","","","","","","","","","","","","","","","","","","","","","","","","","","","","","","","","","","","","","","5.443e-7","","","","","","2026-07-20T21:38:12.278Z",""
"CYCLOSPORA","3duNuni1tSobkGJaGMzXJwo9J23Xmi3djYFbs5pBpump","","","","","","","","","","","","","","","","","","","","","","","","","","","","","","","","","","","","","","","","","","","","5.942e-7","","","","","","2026-07-20T21:38:12.316Z",""
"Stack-chan","GN2AdkWt8FnjS9UA41gGiRaax4afScwxwbqMbjQfhPKc","","","","","","","","","","","","","","","","","","","","","","","","","","","","","","","","","","","","","","","","","","","","0.000002182","","","","","","2026-07-20T21:38:24.585Z",""
"Michael","BKrFaBt8Xhfpu5PXMy8YKMVKQ2ddcmfvPRzLctkupump","63","2.962962961","","","","","","","","","","","","","","","","","","","","","","","","","","","","","","","","","","","","0.000002287","","","","","","","2026-07-20T21:38:30.444Z","","","","","",""
"SPINE","2DFS6ARSzUUu9msmxKknyR54hb5hCV8u7bTGuCATpump","","","","","","","","","","","","","","","","","","","","","","","","","","","","","","","","","","","","","","","","","","","","4.123e-7","","","","","","2026-07-20T21:38:42.404Z",""
"CCC","EYMVoPEiK2iFXyH3YVtDhNkeT3YVds6AmQeFQRRppump","58","0.059259258","","","","","","","","","","","","","","","","","","","","","","","","","","","","","","","","","","","","0.000002274","","","","","","0.000001039","2026-07-20T21:38:49.846Z","","","","","2026-07-20T21:40:12.253Z",""
"MO00ON","DHUAKu1mPfqi3EtEwGSdjNmV1D5HjhzZvNR8X4L8pump","","","","","","","","","","","","","","","","","","","","","","","","","","","","","","","","","","","","","","","","","","","","9.314e-8","","","","","","2026-07-20T21:38:54.677Z",""
"go","6nMQSgadrpycxrX2SxETtNG3Uf214BcdofHMeFGnpump","57","0.098765431","","","","","","","","","","","0.098765431","5","60","1","0","0","17169.43","3","560.43","560.43","0.568","0.568","683","","0","0","1","0","0","","","","","","","0.00001416","0.00001716","","","","","","2026-07-20T21:39:06.583Z","2026-07-20T21:40:12.049Z","","","","",""
"landbau","9NKB91RUmUKg2WUkZDGPnffTp4Mwo9rXjPMYrriopump","70","0.650000001","","23.926","","","","","0","0","-5","918","0.650000001","0","1","1","0","0","2272.53","3","50.61","50.61","1","1","0","","0","0","1","0","0","-9.771126760563387","","","","","","0.000002252","0.000002272","","","0.00000205","","","2026-07-20T21:39:54.093Z","2026-07-20T21:39:12.117Z","","","2026-07-20T21:39:36.043Z","",""
"TH","aTu5Bq67XxnNhKTXndoGhpA1oYudWEQjQXxcVoJpump","","","","","","","","","","","","","","","","","","","","","","","","","","","","","","","","","","","","","","","","","","","","3.713e-7","","","","","","2026-07-20T21:39:12.330Z",""
"BABYJIM","5nU3A5m4uyBQ28ofNLwT5473ZEa7g6EpntHRrrPZpump","72","6.913580245","","36.02","","","","","0","0","-54.4","902","6.913580245","0","1","0","0","0","4853.43","3","6280.69","6280.69","0.645","0.645","47.16","","0","0","1","0","1","-19.59612610756233","","","","","","0.000004843","0.000004853","","","0.000003902","","","2026-07-20T21:39:18.259Z","2026-07-20T21:40:18.054Z","","","2026-07-20T21:40:54.074Z","",""
"BOWLOO","EbD8tTPqrHmXvwEAkkMdvSRsVr6oH1fLx7uokKfNpump","","","","","","","","","","","","","","","","","","","","","","","","","","","","","","","","","","","","","","","","","","","","5.53e-7","","","","","","2026-07-20T21:39:18.448Z",""
"Welcome","9DW3HdxMy2uiRkBAk6bWiipFHRq9H5wik5oNGTvJpump","57","2","","","","","","","","","","","","","","","","","","","","","","","","","","","","","","","","","","","","0.000002178","","","","","","","2026-07-20T21:39:30.256Z","","","","","",""
"PUMPBOT","Dger7dShX3TxNT7MQhtHdyjqMq53bopAe3ejZjNipump","58","3","","","","","","","","","","","","","","","","","","","","","","","","","","","","","","","","","","","","0.000002212","","","","","","","2026-07-20T21:39:48.255Z","","","","","",""
"go","EShok9Z3XeJ8aArhgKTusHxSiyd8oUdWtBhUtbqNpump","57","0.098765431","","","","","","","","","","","","","","","","","","","","","","","","","","","","","","","","","","","","0.000003966","","","","","","","2026-07-20T21:39:54.312Z","","","","","",""
"100WEEK","239HzDanWUxH1mWVuUrckxodsxfBJoL3vsPF7rMJpump","","","","","","","","","","","","","","","","","","","","","","","","","","","","","","","","","","","","","","","","","","","","4.219e-7","","","","","","2026-07-20T21:40:00.332Z",""
"MONEY","hRacg7K8URMcUth9RQT86iVS9TtueQ8Ki5tT8AEpump","","","","","","","","","","","","","","","","","","","","","","","","","","","","","","","","","","","","","","","","","","","","4.595e-7","","","","","","2026-07-20T21:40:24.269Z",""
"CASHCOIO","E4csQN1fiWXQkRp1HKRgTSaRfd7CbboQFA6TJpWBpump","66","9","","","","","","","","","","","","","","","","","","","","","","","","","","","","","","","","","","","","0.000002287","","","","","","","2026-07-20T21:40:24.340Z","","","","","",""
"NMOOND","CroqQWyPoS5NTMfEYLACh6t5misT2i6YvZah5Sppump","","","","","","","","","","","","","","","","","","","","","","","","","","","","","","","","","","","","","","","","","","","","4.414e-7","","","","","","2026-07-20T21:40:24.349Z",""
"SWAMP","9WBWMmzaQNtpbt2VWPm6ZMt1sGCRFjk4Eg7f6Ynspump","62","2.765432097","","","","","","","","","","","","","","","","","","","","","","","","","","","","","","","","","","","","0.00000218","","","","","","","2026-07-20T21:40:24.468Z","","","","","",""
"CASH","GzndR5p46S3ibSH45oSttaFd683DycEqRYViikyXpump","","","","","","","","","","","","","","","","","","","","","","","","","","","","","","","","","","","","","","","","","","","","0.000002294","","","","","","2026-07-20T21:40:30.270Z",""
"CASH","DJQsSMCYDY6WVG4JEoSVSN6FAQ5ks5jmamGF66XJpump","65","9","","","","","","","","","","","","","","","","","","","","","","","","","","","","","","","","","","","","0.000002287","","","","","","","2026-07-20T21:40:30.349Z","","","","","",""
"CASH","4JUk9QYYEJTWNy33P41a1vK4dBQTGHUrievPGvQp84pL","62","11.85185185","","","","","","","","","","","","","","","","","","","","","","","","","","","","","","","","","","","","0.000002629","","","","","","0.000002178","2026-07-20T21:40:30.357Z","","","","","2026-07-20T21:41:06.297Z",""
"CASH","547h7UkKW8AhVfbwXYh4HYPt34q4aZkbMATH7ER5pump","66","9","","","","","","","","","","","","","","","","","","","","","","","","","","","","","","","","","","","","0.000002295","","","","","","","2026-07-20T21:40:30.569Z","","","","","",""
"cwash","FHWJjdAmSKt75zcNEc3k5Txdinh9yXFN9uwrPPHxpump","58","5","","","","","","","","","","","5","0","7","0","0","0","2287.17","3","1607.26","1607.26","0.556","0.556","-22.86","","0","0","1","0","0","","","","","","","0.000002287","0.000002287","","","","","","2026-07-20T21:40:36.297Z","2026-07-20T21:41:42.112Z","","","","",""
"DEGE","HN6bw1cX6dp3zuGfxwwUHHJNYqthBS8A3ejmba9dpump","63","3","","","","","","","","","","","","","","","","","","","","","","","","","","","","","","","","","","","","0.000002287","","","","","","","2026-07-20T21:40:36.309Z","","","","","",""
"WORTHLESS","EahPBHf4FAPsA69X3yeHBG7vUiPZf6nNSB5Tqdwhpump","60","5","","","","","","","","","","","","","","","","","","","","","","","","","","","","","","","","","","","","0.000002283","","","","","","","2026-07-20T21:40:36.331Z","","","","","",""
"s","3B8PonZrfLdDXXtwWnZFSBAoDwiM4ZMhoGYWGoEGpump","","","","","","","","","","","","","","","","","","","","","","","","","","","","","","","","","","","","","","","","","","","","0.000001026","","","","","","2026-07-20T21:40:36.361Z",""
"go","cRg8NcMgGqXqsD1J1MuXyZ3z7krXK1MaGDZfP5spump","56","0.098765431","","","","","","","","","","","0.098765431","5","62","1","0","0","1328.72","3","404.35","404.35","0.621","0.621","-39.4","","0","0","1","0","0","","","","","","","0.000001328","0.000001328","","","","","","2026-07-20T21:40:42.276Z","2026-07-20T21:41:42.149Z","","","","",""
"SOGE","8iHvgmucfSomwChkL43SafS9qjeqEfBfs6U8gCVMpump","63","3","","","","","","","","","","","","","","","","","","","","","","","","","","","","","","","","","","","","0.000002189","","","","","","","2026-07-20T21:40:42.291Z","","","","","",""
"Ballerina","C2T1CBTjajVGnHvVz5sFbw2JBq7ZtqUD63HGq4Cwpump","70","4.938271603","","","","","","","","","","","","","","","","","","","","","","","","","","","","","","","","","","","","0.00001216","","","","","","","2026-07-20T21:40:42.310Z","","","","","",""
"SILF","CJE6afu8EJK8HFF78EbiFRNXUFjS2MF4GYRrQPrLpump","67","3.950617282","","","","","","","","","","","","","","","","","","","","","","","","","","","","","","","","","","","","0.000002497","","","","","","","2026-07-20T21:40:42.324Z","","","","","",""
"LIFEADVICE","239JuK2zan62wAdfuxoqsQQM8rnrbGhZA1mPYjanpump","68","0.1975","","","","","","","","","","","","","","","","","","","","","","","","","","","","","","","","","","","","0.000002178","","","","","","","2026-07-20T21:40:48.274Z","","","","","",""
"TRADE","ECbJddBBpaCHg2kugRQXqXiXMX2rUDSKVdeC249vpump","","","","","","","","","","","","","","","","","","","","","","","","","","","","","","","","","","","","","","","","","","","","0.000002215","","","","","","2026-07-20T21:40:54.281Z",""
"jimothy ","EW5LEoHWWcnCcYE2dy9xqGake4oJRDZYHhaf3epopump","65","0.060000001","","","","","","","","","","","","","","","","","","","","","","","","","","","","","","","","","","","","0.000001454","","","","","","9.508e-7","2026-07-20T21:41:00.345Z","","","","","2026-07-20T21:41:42.265Z",""
"60","239KJpu3f7P7zWxX32cXRkaF7kuVNsXqJ4P2etyEpump","","","","","","","","","","","","","","","","","","","","","","","","","","","","","","","","","","","","","","","","","","","","8.397e-8","","","","","","2026-07-20T21:41:12.280Z",""
"$FOMO","239Kfis9EmHfirBiwHfZXsLgse1b4Qp2bk9qEPNspump","","","","","","","","","","","","","","","","","","","","","","","","","","","","","","","","","","","","","","","","","","","","0.000001263","","","","","","2026-07-20T21:41:24.253Z",""
"BABY-JIM","682rANnRDKGyGZxHkHvYonH6NfQMwkxngevFzsoqpump","58","0.5","","","","","","","","","","","","","","","","","","","","","","","","","","","","","","","","","","","","0.000002026","","","","","","","2026-07-20T21:41:36.314Z","","","","","",""
"BABYJIM","8vpDqifDd1T5ha34AXukpiJgJZbZCkcrDSMvJcs5pump","70","6.913580245","","","","","","","12.4","40","-41","920","6.913580245","0","2","0","0","0","3281.24","3","2656.7","2656.7","0.704","0.704","-0.51","","0","0","1","0","0","","","","","","","0.000003176","0.000003281","","","","","","2026-07-20T21:41:54.312Z","2026-07-20T21:43:00.078Z","","","","",""
"richicoin","9EM4epinbxXmNw4GfSxPSo6DS2nStyxM4jh157empump","68","0.250000001","","","","","","","","","","","","","","","","","","","","","","","","","","","","","","","","","","","","0.000002611","","","","","","","2026-07-20T21:41:54.324Z","","","","","",""
"go","DNYivGnZ1xZR7yruywMRAP1CZcvYjttkXshQopsJpump","","","","","","","","","","","","","","","","","","","","","","","","","","","","","","","","","","","","","","","","","","","","0.000001236","","","","","","2026-07-20T21:41:54.340Z",""
"s","8niwVpMzgaNP9Qz24Utjj4dvmNrZ2bTdXg7hmxs9pump","","","","","","","","","","","","","","","","","","","","","","","","","","","","","","","","","","","","","","","","","","","","9.503e-7","","","","","","2026-07-20T21:41:54.354Z",""
"OREO","C5b7qaWEXFK2mECSfdKdnm7FvsBy9aWmnhpuhPFYWgig","","","","","","","","","","","","","","","","","","","","","","","","","","","","","","","","","","","","","","","","","","","","0.000002361","","","","","","2026-07-20T21:42:30.249Z",""
"s","5wLUrBVAve2goN1KcD6t3PmQnBLFn1LepyappVAZpump","","","","","","","","","","","","","","","","","","","","","","","","","","","","","","","","","","","","","","","","","","","","0.000001354","","","","","","2026-07-20T21:42:30.313Z",""
"BLADE19","239Kim8bpVHBCdY9tqQ4nDjcn5B7RRtRSkQ1Bhk9pump","61","0.29625","","","","","","","","","","","","","","","","","","","","","","","","","","","","","","","","","","","","0.000001578","","","","","","","2026-07-20T21:42:36.290Z","","","","","",""
"DONATE","8WG1D6kHHRYEotWRS8GnGdgeWyKWyyMDDxGQY3sHpump","","","","","","","","","","","","","","","","","","","","","","","","","","","","","","","","","","","","","","","","","","","","5.755e-7","","","","","","2026-07-20T21:42:42.272Z",""
"go","BZ5qGrTgzcRxy6hRNYceqAQKStmhUELHwWxmWsJWpump","55","0.098765431","","","","","","","","","","","0.098765431","5","64","1","0","0","31735.83","3","3401.25","3401.25","0.551","0.551","1347","","0","0","1","0","0","","","","","","","0.00001503","0.00003173","","","","","","2026-07-20T21:42:42.282Z","2026-07-20T21:43:54.112Z","","","","",""
"landbau","Fx172W9mYZBGs2bH67r4XtkxkZUnRCKPtYaPGM93pump","","","","","","","","","0","0","0","910","0.650000001","0","2","1","0","0","2472.2","3","114.95","114.95","0.667","0.667","8.73","","0","0","1","0","0","","","","","","","","0.000002472","","","","","","","2026-07-20T21:43:00.096Z","","","","",""
"richicoin","877kfT6rUZj2AaSag5tmbkhFGpmCXSaCeYDJK38xpump","64","0.250000001","","","","","","","","","","","","","","","","","","","","","","","","","","","","","","","","","","","","0.000003341","","","","","","","2026-07-20T21:43:12.269Z","","","","","",""
"d","2XDwuaownK4xVqwDSyRjB3qtos27MQpRVn6UEgsqpump","","","","","","","","","","","","","","","","","","","","","","","","","","","","","","","","","","","","","","","","","","","","7.777e-7","","","","","","2026-07-20T21:43:18.315Z",""
"TMNT","239KmQFm1sKUu5Qam65ytTQTLk3E24FZz99k4LZjpump","59","0.29625","","","","","","","","","","","","","","","","","","","","","","","","","","","","","","","","","","","","0.000001652","","","","","","","2026-07-20T21:43:24.289Z","","","","","",""
"s","7uMYkD3kvZYtPQSfKJJg1JefqPdF3Edf5C6iFri9pump","69","1.97530864","","","","","","","","","","","","","","","","","","","","","","","","","","","","","","","","","","","","0.000006038","","","","","","","2026-07-20T21:43:42.342Z","","","","","",""
"BABYJIM","e25tFJDFFvtrZgr36aZF163tjJ5zUuuzFzrnSyrpump","70","7.901234566","","","","","","","","","","","","","","","","","","","","","","","","","","","","","","","","","","","","0.000003873","","","","","","","2026-07-20T21:43:42.350Z","","","","","",""
"CSGrass","8WG4KZspHFgkKDxmvQzLMxaDiReEbhixWVsojH1npump","55","0.333","","","","","","","","","","","","","","","","","","","","","","","","","","","","","","","","","","","","0.000007109","","","","","","3.868e-7","2026-07-20T21:43:48.270Z","","","","","2026-07-20T21:45:24.248Z",""
"SIRDOGE","239KmiZYLGP1okvqRu7f6F9wn2bMT26YTNXe8mutpump","62","0.09875","","","","","","","","","","","","","","","","","","","","","","","","","","","","","","","","","","","","0.00000219","","","","","","","2026-07-20T21:44:00.286Z","","","","","",""
"MOBSTER","239KwqGduaC3wj9xm2nmzCT7rPmTimGjtbrbSqp1pump","","","","","","","","","","","","","","","","","","","","","","","","","","","","","","","","","","","","","","","","","","","","1.531e-7","","","","","","2026-07-20T21:44:12.254Z",""
"richicoin","GPQSuqrRNJ1WxHi9zQzmkaseDDdBZRy1gHca5uANpump","62","0.250000001","","","","","","","0","0","0","906","0.250000001","0","2","1","0","0","3169.18","3","88.47","88.47","0.579","0.579","43.1","","0","0","1","0","0","","","","","","","0.000003169","0.000003169","","","","","","2026-07-20T21:44:12.272Z","2026-07-20T21:45:24.046Z","","","","",""
"DEGEN","2FoFxtReAaPFbQSLKnXxJpwcgdXJB43Ab63Gf8TG84zs","56","3","","","","","","","","","","","3","0","2","0","0","0","2290.96","3","1201.15","1201.15","0.55","0.55","-13.08","","0","0","1","0","0","","","","","","","0.00000229","0.00000229","","","","","","2026-07-20T21:44:24.266Z","2026-07-20T21:45:30.055Z","","","","",""
"CSGO","ErJ3ePvgHnJvVC5YoktX1B1sCLVw8L981WgZaYRfpump","","","","","","","","","","","","","","","","","","","","","","","","","","","","","","","","","","","","","","","","","","","","6.875e-7","","","","","","2026-07-20T21:44:42.245Z",""
"GO7000","239Kwr2ZE7gmswT3FohYic2ArAnHHYnX7eM7u6DNpump","57","0.29625","","","","","","","","","","","","","","","","","","","","","","","","","","","","","","","","","","","","0.000001704","","","","","","","2026-07-20T21:44:48.324Z","","","","","",""
"DONATE","DmDPifQQR4tBWvgULH3P9Yrb7j1kjzpVL55f2M2jpump","","","","","","","","","","","","","","","","","","","","","","","","","","","","","","","","","","","","","","","","","","","","7.647e-8","","","","","","2026-07-20T21:44:48.339Z",""
"LELU COIN","5wcz8XqAhmRMs5LT8T9ddU1mLBgdzvhLfZJzR6tvpump","","","","","","","","","","","","","","","","","","","","","","","","","","","","","","","","","","","","","","","","","","","","0.000001153","","","","","","2026-07-20T21:44:54.241Z",""
"Tralala","7gW4XNKU1xWg5LaruB4EwytmcTmL2crC647TxgeLpump","","","","","","","","","","","","","","","","","","","","","","","","","","","","","","","","","","","","","","","","","","","","8.69e-8","","","","","","2026-07-20T21:44:54.297Z",""
"DROPAIR","3fzv2fdQSgzLizx1q174qqaApTbSubnht4ckQCuCpump","","","","","","","","","","","","","","","","","","","","","","","","","","","","","","","","","","","","","","","","","","","","1.387e-7","","","","","","2026-07-20T21:45:06.285Z",""
"LMEOW","6v8qaVFpNpvP1cikj3vXkGewtTqD4rTPNdXc8swWtDBs","","","","","","","","","0","0","0","908","6","0","0","0","0","0","3136.73","3","467.46","467.46","1","1","0","","0","0","1","0","0","","","","","","","","0.000003136","","","","","","","2026-07-20T21:45:12.154Z","","","","",""
"go","6Snum8bCJWXijwt3A425gHVxWCE58V5uotoK3tK3pump","","","","","","","","","","","","","","","","","","","","","","","","","","","","","","","","","","","","","","","","","","","","7.905e-9","","","","","","2026-07-20T21:45:12.308Z",""
"NIC10","239KxjhjHSmXPFtGUwcA9qogquvoRXnGRusbn9rkpump","56","0.29625","","","","","","","","","","","0.29625","0","7","1","0","0","5286.7","3","246.42","246.42","0.654","0.654","138","","0","0","1","0","0","","","","","","","0.000005286","0.000005286","","","","","","2026-07-20T21:45:18.286Z","2026-07-20T21:46:18.044Z","","","","",""
"e","sdgreLZaq53WQzN1CmZ44scHXw1Ers6ssGiCjUZpump","","","","","","","","","","","","","","","","","","","","","","","","","","","","","","","","","","","","","","","","","","","","3.653e-7","","","","","","2026-07-20T21:45:36.302Z",""
"richicoin","HyyRWRryFhzaRrSaCmqu5TEW48WAbKcCDmhMxLk7pump","","","","","","","","","","","","","","","","","","","","","","","","","","","","","","","","","","","","","","","","","","","","4.287e-7","","","","","","2026-07-20T21:45:54.258Z",""
"BUBU","GgjfhVT3ThU5a7bHTEn2Z7jtTdB5naR7E6RXL2Hdpump","55","0.493827159","","","","","","","","","","","0.493827159","0","14","1","0","0","1867.23","3","236.42","236.42","0.586","0.586","-17.03","","0","0","1","0","0","","","","","","","0.000001592","0.000001867","","","","","","2026-07-20T21:46:00.295Z","2026-07-20T21:47:06.045Z","","","","",""
"AnsemPunks","5xNJaNxMVXJ8HVeNBoimV6bgf9jfocX83YAuEp9tpump","58","3","","","","","","","","","","","","","","","","","","","","","","","","","","","","","","","","","","","","0.000002197","","","","","","","2026-07-20T21:46:00.303Z","","","","","",""
"BULLET","239KzvqmBDZxBpdjqrr8SWU87pVpGhKns9ahXtYJpump","55","0.29625","","","","","","","","","","","","","","","","","","","","","","","","","","","","","","","","","","","","0.00000157","","","","","","7.496e-7","2026-07-20T21:46:06.277Z","","","","","2026-07-20T21:46:48.267Z",""
"e","G1DfTcqgkH4YCeWcZcJ5MSAjpC5WPqT1KR6xAowapump","","","","","","","","","","","","","","","","","","","","","","","","","","","","","","","","","","","","","","","","","","","","1.786e-7","","","","","","2026-07-20T21:46:12.262Z",""
"ITSOVER","239LT9UDCex8NYGHph2cSxkWr5jnwcKQhym5XK9Kpump","59","0.09875","","","","","","","","","","","0.09875","0","2","1","0","0","2178.29","3","45.93","45.93","0.556","0.556","-0.66","","0","0","1","0","0","","","","","","","0.000002178","0.000002178","","","","","","2026-07-20T21:46:12.275Z","2026-07-20T21:47:12.045Z","","","","",""
"MAYHEM","Ep2wcniJT7WoHZw6U28ePxUJNbKs3z48pscvTRM9pump","","","","","","","","","","","","","","","","","","","","","","","","","","","","","","","","","","","","","","","","","","","","1.155e-7","","","","","","2026-07-20T21:46:30.310Z",""
"Pepe ","BcNRQgSgcoo5TjTE57iFTXUf5gtwPBCJLVtFiVXjpump","68","1.000000001","","","","","","","","","","","","","","","","","","","","","","","","","","","","","","","","","","","","0.00000322","","","","","","","2026-07-20T21:46:36.474Z","","","","","",""
"$FOMO","239MEtd1Jc2or5izEmttrRfcfvmzWvTjM2r9ca3cpump","62","0.09875","","","","","","","0","0","0","904","0.09875","1","15","1","0","0","22399.12","3","456.53","456.53","0.6","0.6","922","","0","0","1","0","0","","","","","","","0.00002239","0.00002239","","","","","","2026-07-20T21:46:36.484Z","2026-07-20T21:47:36.079Z","","","","",""
"s","4HzvRF7tD6toC9YWxJQH5zLnoLA9vzGhmxv6dyfnpump","","","","","","","","","","","","","","","","","","","","","","","","","","","","","","","","","","","","","","","","","","","","9.111e-7","","","","","","2026-07-20T21:46:42.329Z",""
"go","P3kvNu8iBZKdDHb6tzMC6mzgRDSCpdfDMbUG1f3pump","58","0.296296295","","","","","","","","","","","0.296296295","5","66","1","0","0","2346.54","3","635.19","635.19","0.575","0.575","5.63","","0","0","1","0","0","","","","","","","0.000002346","0.000002346","","","","","","2026-07-20T21:46:42.353Z","2026-07-20T21:47:48.146Z","","","","",""
"DONATE","EHzvmV21TkmiYm1y58vBToLRrJoVofPpJfL6gqShpump","","","","","","","","","","","","","","","","","","","","","","","","","","","","","","","","","","","","","","","","","","","","2.423e-8","","","","","","2026-07-20T21:46:54.249Z",""
"CHEFCAT","B1Z3RQgLAXvRdKsDGuVL4aP3zVJqkMNn34Q6pFaRpump","","","","","","","","","","","","","","","","","","","","","","","","","","","","","","","","","","","","","","","","","","","","5.785e-7","","","","","","2026-07-20T21:47:24.282Z",""
"PAPERHANDS","239NKFddgpRiJgyfV6EGNqEALwtCsKjeo8vKedELpump","55","0.29625","","","","","","","","","","","","","","","","","","","","","","","","","","","","","","","","","","","","0.000002172","","","","","","","2026-07-20T21:47:24.290Z","","","","","",""
"richicoin","6RPMRvjNAv3Y1BjewPe7UTe4jkUh5UB4PHiWZnkEpump","59","0.250000001","","","","","","","","","","","","","","","","","","","","","","","","","","","","","","","","","","","","0.000003428","","","","","","","2026-07-20T21:47:30.254Z","","","","","",""
"e","9gHLK8eiE4NVzauDwBpUecouiHBE2UM9PfKhxBbGpump","","","","","","","","","","","","","","","","","","","","","","","","","","","","","","","","","","","","","","","","","","","","6.869e-7","","","","","","2026-07-20T21:47:36.274Z",""
"SILF","8xhiB5UnrWSiM2DvpatD9S9GybFp9XhoEeAR5vuDpump","63","3.950617282","","","","","","","26","710","-6.3","910","3.950617282","0","1","0","0","0","9086.47","3","13576.46","13576.46","0.587","0.587","226","","0","0","1","0","1","","","","","","","0.000007978","0.000009086","","","","","","2026-07-20T21:47:42.272Z","2026-07-20T21:49:00.321Z","","","","",""
"おなら","9DEouymcbCLU4nfBpCRVVEnR4qYFrfUe4vih8LCPpump","63","2.962962961","","","","","","","","","","","","","","","","","","","","","","","","","","","","","","","","","","","","0.000002928","","","","","","","2026-07-20T21:47:48.289Z","","","","","",""
"s","3U27DxYdATEgPXcuYbdB2dNFiM1eHjQiLcgGwPyLpump","73","2.962962961","","","","","","","0","0","0","904","2.962962961","0","19","1","0","0","2237.91","3","658.83","658.83","0.6","0.6","-14.9","","0","0","1","0","0","","","","","","","0.000002237","0.000002237","","","","","","2026-07-20T21:48:00.248Z","2026-07-20T21:49:06.058Z","","","","",""
"JimBull","4S4UJn7731LLpbHDMnwgrBqpCRJaQA2hBvaf9cqDpump","","","","","","","","","","","","","","","","","","","","","","","","","","","","","","","","","","","","","","","","","","","","2.686e-7","","","","","","2026-07-20T21:48:00.295Z",""
"BUBU","6Y6Lw3HA7iZpokGk7q9Tx7k9q2N2Eh2xCJT1BUA3pump","56","0.592592591","","","","","","","","","","","","","","","","","","","","","","","","","","","","","","","","","","","","0.000002849","","","","","","","2026-07-20T21:48:06.256Z","","","","","",""
"DONATE","FWucSQ7xMEDWFbWN4zZ8FUyaZpqZwhNM15nJQHUMpump","91","0.1","","","","","","","0","0","-0.1","902","0.1","1","4","1","0","0","3337.24","3","164.33","164.33","0.654","0.654","52.19","","0","0","1","0","0","","","","","","","0.000003337","0.000003337","","","","","","2026-07-20T21:48:12.302Z","2026-07-20T21:49:18.116Z","","","","",""
"MLOP","4TkCpQEPBfNr6jCP12wsR89dX9trPSNVC43Lm1Yvpump","57","0.200000001","","","","","","","","","","","0.200000001","0","5","1","0","0","4756.01","3","125.76","125.76","0.6","0.6","115","","0","0","1","0","0","","","","","","","0.000003794","0.000004756","","","","","","2026-07-20T21:48:12.309Z","2026-07-20T21:49:54.258Z","","","","",""
"ALPHA","9kHZsWrtcZ2YKsTMVNPNX1Ck7tj6eTqov73cRxQtpump","65","0.025","","","","","","","","","","","","","","","","","","","","","","","","","","","","","","","","","","","","0.00001222","","","","","","3.534e-7","2026-07-20T21:48:18.276Z","","","","","2026-07-20T21:49:12.306Z",""
"Test","98AkZuYLm9mNgQ8R7PAKo4PzpLfQtLwfqL64dXt4pump","","","","","","","","","","","","","","","","","","","","","","","","","","","","","","","","","","","","","","","","","","","","1.062e-7","","","","","","2026-07-20T21:48:24.260Z",""
"$YAMAL","wkVL6caGRwrampm1T8ofPzj4j3qc3XKktsrMtxWpump","65","0.060000001","","","","","","","","","","","","","","","","","","","","","","","","","","","","","","","","","","","","0.00000172","","","","","","","2026-07-20T21:48:36.309Z","","","","","",""
"d","8x5T3P8kAdLCvgV5AeQDAqJKQpmHfo15MuYEwefLpump","72","2.962962961","","","","","","","","","","","","","","","","","","","","","","","","","","","","","","","","","","","","0.000003208","","","","","","","2026-07-20T21:48:48.311Z","","","","","",""
"BUBU","2CvseX18RSGFEdE2YH9VsZWMtg39WbQjByQeg7Bspump","","","","","","","","","","","","","","","","","","","","","","","","","","","","","","","","","","","","","","","","","","","","0.000001209","","","","","","2026-07-20T21:48:54.334Z",""
"awdawdawed","4yTtzAoyzn9PxmBR67w6jjFSG8HTMPPY8w5Zt2tNpump","","","","","","","","","","","","","","","","","","","","","","","","","","","","","","","","","","","","","","","","","","","","4.801e-7","","","","","","2026-07-20T21:49:00.265Z",""
"$UGWN","8kP7krdPdSCAkS9jKuVwNbDioK2xAfZJFwXAEBZSpump","","","","","","","","","","","","","","","","","","","","","","","","","","","","","","","","","","","","","","","","","","","","1.837e-7","","","","","","2026-07-20T21:49:00.293Z",""
"richicoin","CWU5NYRxcndd9jHSx4WX6NuTxaW4eL552FhtwTm1pump","","","","","","","","","","","","","","","","","","","","","","","","","","","","","","","","","","","","","","","","","","","","6.465e-8","","","","","","2026-07-20T21:49:06.265Z",""
"GLUE","FJpBvQKqD7wq8dgcuWXtpoUwZhZyKECCh4aJEAuLpump","57","1.97530864","","","","","","","","","","","","","","","","","","","","","","","","","","","","","","","","","","","","0.000002566","","","","","","","2026-07-20T21:49:06.291Z","","","","","",""
"🧠🪱","Bucwbx3gwWN2rJaZj4pKTfyeTMSCwEs5S4m64Ubtpump","63","3","","","","","","","","","","","","","","","","","","","","","","","","","","","","","","","","","","","","0.00000849","","","","","","","2026-07-20T21:49:30.254Z","","","","","",""
"f","Da2uepRv4ErLqY5WET3TFfj56RoYQBxxgKUh4yTzpump","","","","","","","","","","","","","","","","","","","","","","","","","","","","","","","","","","","","","","","","","","","","5.265e-7","","","","","","2026-07-20T21:49:30.265Z",""
"BABYJIM","ES6tAANN7c91FQ8Z98TKc31DesB2euJBKDsotzuBpump","71","8.888888887","","","","","","","","","","","","","","","","","","","","","","","","","","","","","","","","","","","","0.00000496","","","","","","","2026-07-20T21:49:36.263Z","","","","","",""
"shrekfly","CcdK7KRUZiuMGkXwaYdMmbqFtyj462Zn3rrAAgujpump","","","","","","","","","","","","","","","","","","","","","","","","","","","","","","","","","","","","","","","","","","","","0.000001214","","","","","","2026-07-20T21:49:48.257Z",""
"🧠🪱","63xVdtmfMnEdfN37K1hmsubjyouCT7KPqtJm4pXvpump","65","5","","","","","","","","","","","","","","","","","","","","","","","","","","","","","","","","","","","","0.000002237","","","","","","","2026-07-20T21:50:12.295Z","","","","","",""
"JimBull","AfWUbTPHQ8CK4bXP1DdGfDNGeMK287oapgSFADdEpump","70","0.700000001","","","","","","","","","","","","","","","","","","","","","","","","","","","","","","","","","","","","0.00001836","","","","","","","2026-07-20T21:50:18.256Z","","","","","",""
"bonktard","H9Wowb48hohJm3p2oc1oPd9rwUyS7WZ8Pz8A9LAWpump","74","6.320987653","","","","","","","","","","","","","","","","","","","","","","","","","","","","","","","","","","","","0.000002493","","","","","","","2026-07-20T21:50:36.248Z","","","","","",""
"PAPI","DQFFwxourEfZSwDu4GkwuRNmdW4qFjjpTysnQuEppump","78","0.059259258","","","","","","","","","","","","","","","","","","","","","","","","","","","","","","","","","","","","0.000007513","","","","","","","2026-07-20T21:50:48.293Z","","","","","",""
"e","8uY6vs7RuxggGPxAA2dgHkwMYLvqQeGfKLy9Vvcnpump","","","","","","","","","","","","","","","","","","","","","","","","","","","","","","","","","","","","","","","","","","","","4.857e-7","","","","","","2026-07-20T21:50:54.363Z",""
"JimBull","FzWzPFZZSucAqUhvJZDYTHHhKWyST1HmQfGSPvaKpump","72","1.100000001","","","","","","","0","0","0","910","1.100000001","0","2","1","0","0","3835.68","3","667.21","667.21","0.552","0.552","63.89","","0","0","1","0","0","","","","","","","0.000003835","0.000003835","","","","","","2026-07-20T21:50:54.385Z","2026-07-20T21:52:00.137Z","","","","",""
"🧠🪱","AftoeTD9dkMJwnrK2SABRUfG6ZJm6uCWnUrVvKNhpump","60","2.5","","","","","","","","","","","","","","","","","","","","","","","","","","","","","","","","","","","","0.00000225","","","","","","","2026-07-20T21:51:00.288Z","","","","","",""
"2girls1cup","2jZUJsKMjJQkxpZ5FTXcFJFhk6WryjyDH9qYnJjTpump","","","","","","","","","","","","","","","","","","","","","","","","","","","","","","","","","","","","","","","","","","","","1.919e-8","","","","","","2026-07-20T21:51:00.320Z",""
"25","DbtAGK9DedBomSDKCkTstqEej7tu3pDnz7motWtbpump","55","1.720352356","","","","","","","","","","","","","","","","","","","","","","","","","","","","","","","","","","","","0.000004","","","","","","","2026-07-20T21:51:06.276Z","","","","","",""
"SCC","2gbvgkbtFSSbZ42VTdwZRcz4L9spykACAkdTMkJopump","63","3","","95.989","","","","","33.7","8","-57.5","908","3","0","0","0","0","0","6777.48","3","10388.53","10388.53","0.577","0.577","157","","0","0","1","0","1","12.616201859229765","","","","","","0.000005798","0.000006777","","","0.000007632","","","2026-07-20T21:51:30.273Z","2026-07-20T21:52:42.101Z","","","2026-07-20T21:54:18.090Z","",""
"2girls1cup","88b869RW82EV5wVXEqKBbQcMYAKWuiuBugAX4ZGppump","","","","","","","","","","","","","","","","","","","","","","","","","","","","","","","","","","","","","","","","","","","","1.495e-7","","","","","","2026-07-20T21:51:42.328Z",""
"$FOMO","239RSPfw3SpLzHDnVdsMtT6AXRdxdSbfkRvPnDdJpump","61","0.09875","","","","","","","","","","","","","","","","","","","","","","","","","","","","","","","","","","","","0.00000144","","","","","","0.000001241","2026-07-20T21:51:48.284Z","","","","","2026-07-20T21:52:36.279Z",""
"JimBull","DQFNLxyYxcKAc59wa6ubsAQi272n2hfnd3EBJ9Dhpump","69","1.000000001","","","","","","","","","","","","","","","","","","","","","","","","","","","","","","","","","","","","0.000001636","","","","","","","2026-07-20T21:52:06.234Z","","","","","",""
"s","9QeNbQTrpghXML7LfibPHnRjdHYBNxzfV4rzhTF5pump","63","1.48148148","","","","","","","","","","","","","","","","","","","","","","","","","","","","","","","","","","","","0.000004592","","","","","","0.00000115","2026-07-20T21:52:06.245Z","","","","","2026-07-20T21:52:54.304Z",""
"richicoin","5HKDqycYsZhSACCpJr6M5ThsV3Vr4Lz7PhwgywWhpump","56","0.250000001","","","","","","","","","","","0.250000001","0","6","1","0","0","4058.89","3","133.87","133.87","0.611","0.611","83.31","","0","0","1","0","0","","","","","","","0.000004058","0.000004058","","","","","","2026-07-20T21:52:12.240Z","2026-07-20T21:53:24.044Z","","","","",""
"$GCHAD","JCf9XaDYdC4CxycxxWH78pGXLbBHunFGHs467zu5pump","73","5.925925924","","54.273","","","","","6.2","34","-43.7","904","5.925925924","0","0","0","0","0","3663.5","3","796.03","796.03","0.64","0.64","17.31","","0","0","1","0","0","-37.26453726453727","","","","","","0.000003663","0.000003663","","","0.000002298","","","2026-07-20T21:52:18.350Z","2026-07-20T21:53:36.069Z","","","2026-07-20T21:54:30.342Z","",""
"2girls1cup","5Jgdjyu1qVvdFYBUrawoKvnStndcmbXs1nPNVXUxpump","","","","","","","","","","","","","","","","","","","","","","","","","","","","","","","","","","","","","","","","","","","","1.774e-7","","","","","","2026-07-20T21:52:24.241Z",""
"Telep0rtation","4D9ZWyVCMmKWpYPQ1ixTuknmouoNs7HJ52X8HoTEpump","61","1","","","","","","","","","","","","","","","","","","","","","","","","","","","","","","","","","","","","0.0000028","","","","","","","2026-07-20T21:52:36.332Z","","","","","",""
"richicoin","7HnYZ1ZyaR5brSACWxRPwkFoZe7bCU1pGHecHtJ9pump","55","0.250000001","","","","","","","","","","","","","","","","","","","","","","","","","","","","","","","","","","","","0.000002639","","","","","","2.37e-7","2026-07-20T21:53:12.291Z","","","","","2026-07-20T21:53:54.282Z",""
"Claws","9Vrv6TnBabCRRYff55XaHrXsAayRktTwRVTduqYaMSsY","61","11.85185185","","","","","","","","","","","","","","","","","","","","","","","","","","","","","","","","","","","","0.000002629","","","","","","0.000002173","2026-07-20T21:53:12.304Z","","","","","2026-07-20T21:53:54.343Z",""
"MOO00N","3xQjEDwTyQF5PgvNsqUfqrpJpHXbEN4USRgvsYLypump","55","0.5","","","","","","","","","","","","","","","","","","","","","","","","","","","","","","","","","","","","0.00001107","","","","","","6.475e-7","2026-07-20T21:53:18.246Z","","","","","2026-07-20T21:54:00.273Z",""
"2girls1cup","6rqqAFKTaJcSetQigRGx2MK3qfUBFix5iK4Wjcvipump","","","","","","","","","","","","","","","","","","","","","","","","","","","","","","","","","","","","","","","","","","","","1.208e-7","","","","","","2026-07-20T21:53:48.254Z",""
"JimBull","9kAcDUYV5kcaJdwWBVp6qfWANKqSVAXLQ9dxKUEpump","","","","","","","","","","","","","","","","","","","","","","","","","","","","","","","","","","","","","","","","","","","","5.265e-7","","","","","","2026-07-20T21:53:54.271Z",""
"$FOMO","239Rp6sCRW8aTEqfktdAef9dqayu6UgVKcuhXYSwpump","","","","","","","","","","","","","","","","","","","","","","","","","","","","","","","","","","","","","","","","","","","","0.000001007","","","","","","2026-07-20T21:54:00.299Z",""
"Parabolic","BHRUrBWreiD9tiyedEKpAdi9Mx14MgV1LAq4sguapump","73","6.000000001","","","","","","","5.6","36","-5.3","906","6.000000001","0","0","0","0","0","3130.29","3","637.66","637.66","0.6","0.6","-0.18","","0","0","1","0","0","","","","","","","0.00000313","0.00000313","","","","","","2026-07-20T21:54:06.270Z","2026-07-20T21:54:24.054Z","","","","",""
"NUGGET","8LtpsBQtvHSah4xLgRMXtjeqDTLrTsWhkJSYmriPpump","","","","","","","","","","","","","","","","","","","","","","","","","","","","","","","","","","","","","","","","","","","","7.767e-7","","","","","","2026-07-20T21:54:06.288Z",""
"BUBU","8gawtqhupoNqLZWxirMURst9JM6HYfbpsf12unkrpump","","","","","","","","","","","","","","","","","","","","","","","","","","","","","","","","","","","","","","","","","","","","2.756e-7","","","","","","2026-07-20T21:54:30.311Z",""
"JimBull","H2KWB5GYXCgrFNkzJJKW9rvzEwXUtLJgAS6hTJEWpump","","","","","","","","","","","","","","","","","","","","","","","","","","","","","","","","","","","","","","","","","","","","4.51e-7","","","","","","2026-07-20T21:54:30.323Z",""
"JimBull","CtjQYh4sQk4XvtNdUz2JXNxF8K96Q56eezH7JYXApump","63","0.750000001","","","","","","","","","","","","","","","","","","","","","","","","","","","","","","","","","","","","0.000001415","","","","","","","2026-07-20T21:54:54.245Z","","","","","",""
"meatcat","7u3du5eMD3eZ8bmDvRaCPXYQntXcHahDbjJRPMFtpump","67","3.950617282","","","","","","","","","","","","","","","","","","","","","","","","","","","","","","","","","","","","0.000003729","","","","","","","2026-07-20T21:54:54.308Z","","","","","",""
"SHEEPMAN","ACZYeu4jjgCtTzuodJ8nGauiV4XwnVAJmxRBg8sNpump","","","","","","","","","","","","","","","","","","","","","","","","","","","","","","","","","","","","","","","","","","","","4.866e-7","","","","","","2026-07-20T21:54:54.316Z",""
"OREO","FfV5RzJEPwi6ksvNLE7CQuuR3K5fvAmnT9yGD6z2pump","55","4","","","","","","","","","","","","","","","","","","","","","","","","","","","","","","","","","","","","0.000002624","","","","","","","2026-07-20T21:55:00.269Z","","","","","",""
"BWAM","5z9RmQQBbLP8Qb4wX5fCvUBCckt4NhqzMqtwS6h5pump","57","1.97530864","","","","","","","","","","","","","","","","","","","","","","","","","","","","","","","","","","","","0.000002186","","","","","","","2026-07-20T21:55:06.293Z","","","","","",""
"HELPOTHER","F2yBrJpMB7kszTjAodyvWYkWo8tseEZwkW2Am8egpump","","","","","","","","","","","","","","","","","","","","","","","","","","","","","","","","","","","","","","","","","","","","0.000001242","","","","","","2026-07-20T21:55:24.291Z",""
"OREO","vx38Kb9MhnmTcrvdJv6YSX1uEZpgu5Z7PFvYgpepump","61","3.5","","","","","","","","","","","","","","","","","","","","","","","","","","","","","","","","","","","","0.000002282","","","","","","","2026-07-20T21:55:30.241Z","","","","","",""
"OMOGAND","DkAbj8mTT1abSYDuCEUmAx7csxVprBd84kzYAmsPpump","85","19.753086418","","","","","","","","","","","","","","","","","","","","","","","","","","","","","","","","","","","","0.000008604","","","","","","0.000003479","2026-07-20T21:55:54.251Z","","","","","2026-07-20T21:57:42.262Z",""
"s","CZSKtrLY4LYUqarRR2sq6SNmpgiF6aUodU7HiCsopump","","","","","","","","","","","","","","","","","","","","","","","","","","","","","","","","","","","","","","","","","","","","4.391e-7","","","","","","2026-07-20T21:56:06.250Z",""
".01","6oxzD8q1KnqXQ797amidQN27K4RkueY3q3YFTJBupump","55","0.13","","","","","","","","","","","","","","","","","","","","","","","","","","","","","","","","","","","","0.000005845","","","","","","","2026-07-20T21:56:24.344Z","","","","","",""
"JimBull","DwyduEckUNyDy7khR3c1mLQDYHi5yrBo1PdtVrtTpump","","","","","","","","","","","","","","","","","","","","","","","","","","","","","","","","","","","","","","","","","","","","7.455e-7","","","","","","2026-07-20T21:57:06.307Z",""
"م","4Kj4cGBZcW1fawsetpwNSC9TWjphCAj5G3qzKnMTpump","57","1.97530864","","","","","","","","","","","1.97530864","0","0","0","0","0","2285.01","3","1581.16","1581.16","0.596","0.596","-7.47","","0","0","1","0","0","","","","","","","0.000002285","0.000002285","","","","","","2026-07-20T21:57:54.265Z","2026-07-20T21:58:54.103Z","","","","",""
"CleanShit","wrZqUp5vHhj3s7M7C2PDceTBkNtnnfmwQ4HvHjgpump","","","","","","","","","","","","","","","","","","","","","","","","","","","","","","","","","","","","","","","","","","","","0.000001175","","","","","","2026-07-20T21:57:54.292Z",""
"Sapphire","J6u2GTuXUoLwGFqyDjcP8qUseUyGQj9hqkMJ9DH7pump","58","2.093718843","","","","","","","","","","","","","","","","","","","","","","","","","","","","","","","","","","","","0.0000244","","","","","","","2026-07-20T21:58:18.303Z","","","","","",""
"Sapphire","J3Xq3xhi3yQiL4kg4LVURHETJREhyg6TwWgaAKKYXJfd","","","","","","","","","","","","","","","","","","","","","","","","","","","","","","","","","","","","","","","","","","","","0.000002214","","","","","","2026-07-20T21:58:30.260Z",""
"$FOMO","239SjPKeZmEicukG6pbwQApHgNtf3aLAU5VhMH87pump","","","","","","","","","","","","","","","","","","","","","","","","","","","","","","","","","","","","","","","","","","","","1.252e-7","","","","","","2026-07-20T21:58:30.298Z",""
"JimBull","G4C8zQLER9XD8mStigMPPa5Ap2FTpqnGC4oo13MBpump","62","0.760000001","","","","","","","","","","","","","","","","","","","","","","","","","","","","","","","","","","","","0.00000199","","","","","","","2026-07-20T21:58:54.352Z","","","","","",""
"Sapphire","8rn6kv2efpZjTAVAhqUjAUrWP39v5nT8UUydWGKitjE","62","5","","","","","","","","","","","","","","","","","","","","","","","","","","","","","","","","","","","","0.000002275","","","","","","","2026-07-20T21:59:06.309Z","","","","","",""
"JimBull","2RjoCf8XYro96PxLGUvK4wF4rdFLixcJtwLvWiEXpump","","","","","","","","","","","","","","","","","","","","","","","","","","","","","","","","","","","","","","","","","","","","9.276e-7","","","","","","2026-07-20T21:59:18.246Z",""
"Sapphire","AMW5U84vppSEYnPxDswzCH6GaBycF9MX7BXZtXLipump","64","5","","","","","","","","","","","","","","","","","","","","","","","","","","","","","","","","","","","","0.000002174","","","","","","","2026-07-20T21:59:24.329Z","","","","","",""
"JimBull","Ajx8wj58vts1iA8v5DraD3KdHGNfYJNVC7VSXqrWpump","63","1.000000001","","","","","","","","","","","","","","","","","","","","","","","","","","","","","","","","","","","","0.000001843","","","","","","","2026-07-20T21:59:42.311Z","","","","","",""
"$FOMO","239TCWV8vLAGEA2pkXidEh96X6YrFB4ZY67C7R6wpump","58","0.09875","","","","","","","","","","","","","","","","","","","","","","","","","","","","","","","","","","","","0.000004147","","","","","","4.233e-7","2026-07-20T21:59:42.322Z","","","","","2026-07-20T22:00:24.251Z",""
"Jimothy","DU7Y9QdFcTQSVXSfHCPke3sHBgzWdJBcy83gsJ5ypump","","","","","","","","","","","","","","","","","","","","","","","","","","","","","","","","","","","","","","","","","","","","1.535e-8","","","","","","2026-07-20T21:59:48.334Z",""
"MAYHEM","2qSJpJeUJLzfHpapKvcfB2afLLRp2LsNyDJoYXTNpump","","","","","","","","","","","","","","","","","","","","","","","","","","","","","","","","","","","","","","","","","","","","0.000001192","","","","","","2026-07-20T21:59:48.353Z",""
"BULLSHIT","JAe1S2SPhmnAKdTnouH9Thh2Hxa4JsKmnmfzLJQfpump","71","9.876543208","","","","","","","","","","","","","","","","","","","","","","","","","","","","","","","","","","","","0.000004897","","","","","","","2026-07-20T21:59:48.369Z","","","","","",""
"richicoin","H8yELyoYr6FRVwP3PXCqTkpCSUhoowuCSioaoPWDpump","55","0.250000001","","","","","","","","","","","","","","","","","","","","","","","","","","","","","","","","","","","","0.000003979","","","","","","","2026-07-20T21:59:54.280Z","","","","","",""
"SPANIARD","E9MfyHYfVVjZiLZfzjyGGXmmyp7RUhDyWbFGXg4jpump","","","","","","","","","","","","","","","","","","","","","","","","","","","","","","","","","","","","","","","","","","","","1.641e-7","","","","","","2026-07-20T22:00:18.272Z",""
"Jimothy","CgPGx6VCFPD7qfG5wScEz2cTXMfi2TJmQjGfZYSppump","","","","","","","","","","","","","","","","","","","","","","","","","","","","","","","","","","","","","","","","","","","","3.877e-7","","","","","","2026-07-20T22:00:42.278Z",""
"OREO","CavCPn8XedZtQjAapx2FLsYXexXYChaCaghBEpqHpump","58","3","","","","","","","","","","","","","","","","","","","","","","","","","","","","","","","","","","","","0.000002245","","","","","","","2026-07-20T22:01:12.306Z","","","","","",""
"Jimothy","82mhZKYJAmsreBHLRAJmFKmNUPXJsA2B82WmMKkppump","68","0.1","","","","","","","","","","","","","","","","","","","","","","","","","","","","","","","","","","","","0.0001406","","","","","","","2026-07-20T22:01:12.314Z","","","","","",""
"TRUMPOTHY","2AjLJzdqRDvMd9UUACUiJjTvdBYL3mynHdSLEwGEpump","63","3","","","","","","","","","","","","","","","","","","","","","","","","","","","","","","","","","","","","0.000006449","","","","","","","2026-07-20T22:01:42.248Z","","","","","",""
"JimBull","2KerZKs6A3Ycb3ADfDXc7GtMHTyjrjVVNJDmUxhEpump","","","","","","","","","","","","","","","","","","","","","","","","","","","","","","","","","","","","","","","","","","","","0.000001","","","","","","2026-07-20T22:01:48.273Z",""
"$FOMO","239UDYzccrsC1tePazb8qtPQBkF9QpiJ2JL5mJH3pump","57","0.09875","","","","","","","","","","","","","","","","","","","","","","","","","","","","","","","","","","","","0.000002458","","","","","","","2026-07-20T22:01:54.251Z","","","","","",""
"WILDROOT","7EzUyrspfe7guqZUEWqrqjVfGdnffU5ySCTidUsYpump","55","1.74703272","","","","","","","","","","","","","","","","","","","","","","","","","","","","","","","","","","","","0.000002619","","","","","","","2026-07-20T22:02:00.261Z","","","","","",""
"Coin","5a4DXHtugJDp4ZDkqtF9MM3E14VBrZq91frTvZZVpump","63","3.03","","","","","","","","","","","","","","","","","","","","","","","","","","","","","","","","","","","","0.000002174","","","","","","","2026-07-20T22:02:24.238Z","","","","","",""
"JimBull","6L36twkkofNTJw9BVuTjUioAm7WK7W4w5iCyhSrTpump","","","","","","","","","","","","","","","","","","","","","","","","","","","","","","","","","","","","","","","","","","","","8.658e-8","","","","","","2026-07-20T22:02:24.247Z",""
"TRUMPOTHY","6XVjCMV42dtXinhMK6tZxQy2WPNmLEJEzPm6ypPxpump","57","1.97530864","","","","","","","","","","","","","","","","","","","","","","","","","","","","","","","","","","","","0.000002174","","","","","","","2026-07-20T22:02:54.307Z","","","","","",""
"3 sol","9qsvbKUNLaVAfZgyHTAEH9JDmSPvyYVonPkZkceipump","","","","","","","","","","","","","","","","","","","","","","","","","","","","","","","","","","","","","","","","","","","","9.638e-7","","","","","","2026-07-20T22:03:00.296Z",""
"TRUMPOTHY","AwpVPeoviSEWiTK6KfH9LSyMb8W2raCERBVJZ9Lqvw2a","63","2.962962961","","","","","","","0","0","-4.8","920","2.962962961","0","0","0","0","0","2279.24","3","2895.26","2895.26","0.559","0.559","-13.16","","0","0","1","0","0","","","","","","","0.000002279","0.000002279","","","","","","2026-07-20T22:03:30.284Z","2026-07-20T22:04:30.093Z","","","","",""
"$PVEGOD","BXnaCHxvyZqwnUfUNevFVRhWaoApjkAJcvWawBNCpump","61","0.059259258","","","","","","","0","0","0","908","0.059259258","0","1","1","0","0","5953.81","3","32.71","32.71","0.647","0.647","173","","0","0","1","0","0","","","","","","","0.000005953","0.000005953","","","","","","2026-07-20T22:04:12.255Z","2026-07-20T22:05:12.056Z","","","","",""
"TRUMPOTHY","GdeRxbYT1ESp8XR8htjuebT3L77QiUi3KrR2hCjspBAa","63","2.962962961","","","","","","","","","","","","","","","","","","","","","","","","","","","","","","","","","","","","0.000002183","","","","","","","2026-07-20T22:04:12.323Z","","","","","",""
"e","8FsU7gvhAc3WdcpDhEbrTjWqWyeYPxKXyDtVaGyipump","","","","","","","","","","","","","","","","","","","","","","","","","","","","","","","","","","","","","","","","","","","","3.798e-7","","","","","","2026-07-20T22:04:12.334Z",""
"PILLOW","AGEiqAmc66euf385CjTUkNyVKzw4BcXLDu6yDv3Spump","","","","","","","","","","","","","","","","","","","","","","","","","","","","","","","","","","","","","","","","","","","","1.902e-7","","","","","","2026-07-20T22:04:36.303Z",""
"ANSEM","28F765qjJ2yfQdAnBSLE3HJcerQMgVDfqhkaNieRpump","","","","","","","","","","","","","","","","","","","","","","","","","","","","","","","","","","","","","","","","","","","","2.638e-8","","","","","","2026-07-20T22:04:42.267Z",""
"Clean","SwU1F8mwxuc8UgDvSQ4MsRowTka7EUkztq45gBqpump","76","1.97530864","","","","","","","","","","","","","","","","","","","","","","","","","","","","","","","","","","","","0.000004065","","","","","","6.811e-7","2026-07-20T22:04:42.279Z","","","","","2026-07-20T22:05:18.281Z",""
"d","nbxpWXmThtiSDzBjjvw2bx8TujcLFvDvy4bpmy9pump","","","","","","","","","","","","","","","","","","","","","","","","","","","","","","","","","","","","","","","","","","","","3.877e-7","","","","","","2026-07-20T22:04:48.300Z",""
"BDSM ","9qdWPy1C3sydoEX5GSjdpNWdKqeHs75A1AcXo75epump","","","","","","","","","","","","","","","","","","","","","","","","","","","","","","","","","","","","","","","","","","","","3.843e-7","","","","","","2026-07-20T22:04:54.318Z",""
"ANSEM2","8rmiCT3e5KzR9cWF1WynHbXDEPapthzwgCL21Aq5pump","66","0.15","","","","","","","","","","","","","","","","","","","","","","","","","","","","","","","","","","","","0.00001656","","","","","","","2026-07-20T22:05:12.257Z","","","","","",""
"Mars","3aGr4BhH74h936dzBKCBZ4XSDJgsPT8zZJ4e5pE9pump","63","3","","","","","","","","","","","","","","","","","","","","","","","","","","","","","","","","","","","","0.000006146","","","","","","","2026-07-20T22:05:24.254Z","","","","","",""
"ANSEM2","BmCmwyarmEc1oWRBYYz6H71MgHJkZis2eSLnhCPupump","","","","","","","","","","","","","","","","","","","","","","","","","","","","","","","","","","","","","","","","","","","","9.698e-7","","","","","","2026-07-20T22:05:54.317Z",""
"d","84wgMDZhLwRZgsyividaERxvCddRXcQDxn9bHBijpump","56","0.098765431","","","","","","","","","","","","","","","","","","","","","","","","","","","","","","","","","","","","0.000001658","","","","","","3.814e-7","2026-07-20T22:06:36.244Z","","","","","2026-07-20T22:07:12.271Z",""
"ANSEM3","3BrX3Qr5tCxuUKTNcHveAN8prGRZvrss2uu67mjFpump","63","0.15","","","","","","","0","0","0","914","0.15","1","15","1","0","0","4279.57","3","377.18","377.18","0.552","0.552","95.19","","0","0","1","0","0","","","","","","","0.000004231","0.000004279","","","","","","2026-07-20T22:07:06.261Z","2026-07-20T22:08:06.065Z","","","","",""
"JOE","D4sYMPu4q6tANTjqVg6FYoTb5675aeek3DkJsk7Hpump","","","","","","","","","","","","","","","","","","","","","","","","","","","","","","","","","","","","","","","","","","","","2.298e-7","","","","","","2026-07-20T22:07:12.309Z",""
"$FOMO","239Vdm4cjLTj6j8NNGKHYwnsHaZukUM4ywhU23urpump","","","","","","","","","","","","","","","","","","","","","","","","","","","","","","","","","","","","","","","","","","","","9.778e-8","","","","","","2026-07-20T22:07:12.315Z",""
"Shit","6A8sHpGXxDu2s1wTdwti5zzMorHBZdpLs4hbHkxkpump","75","1.97530864","","","","","","","0","0","-4.3","910","1.97530864","0","4","1","0","0","9469.53","3","2668.17","2668.17","0.644","0.644","284","","0","0","1","0","0","","","","","","","0.000006729","0.000009469","","","","","","2026-07-20T22:07:30.242Z","2026-07-20T22:08:30.091Z","","","","",""
"MAYHEM","FummvN1iYS5d8QHwPEKB9qMVpW3i5X1A5KD6BCPspump","","","","","","","","","","","","","","","","","","","","","","","","","","","","","","","","","","","","","","","","","","","","1.975e-7","","","","","","2026-07-20T22:07:36.315Z",""
"jjl","C6pQRZmxZ1L5TVoM71KC86oNeGurfoUNsXUkuM9opump","66","0.100000001","","","","","","","","","","","","","","","","","","","","","","","","","","","","","","","","","","","","0.000003231","","","","","","","2026-07-20T22:07:42.292Z","","","","","",""
"BABYJIM","E2S5tBb2KmctecjFcoip4Tnvex1U76FKBPqShDTipump","66","0.98765432","","","","","","","","","","","","","","","","","","","","","","","","","","","","","","","","","","","","0.000003957","","","","","","0.000001196","2026-07-20T22:08:00.285Z","","","","","2026-07-20T22:08:42.246Z",""
"$FOMO","239Wp83S7bui5ufPq295V7twjzCpvFkJ5Vv11Zy9pump","","","","","","","","","","","","","","","","","","","","","","","","","","","","","","","","","","","","","","","","","","","","2.552e-7","","","","","","2026-07-20T22:08:12.253Z",""
"ANSEM4","4PXT8uYQKADm3nEoXSmushKaLVwHWLjWMEe727Bcpump","","","","","","","","","","","","","","","","","","","","","","","","","","","","","","","","","","","","","","","","","","","","1.571e-8","","","","","","2026-07-20T22:08:12.275Z",""
"PLENTYRN","FhYEtxV86dcT2BFqVF2sfTSYoBjAVoFZKT1Cj94Lpump","","","","","","","","","","","","","","","","","","","","","","","","","","","","","","","","","","","","","","","","","","","","3.809e-7","","","","","","2026-07-20T22:08:30.300Z",""
"Bridgetard","4QtwTYRd6uU5LPF2VYwT7Hr5mNRkk8RNEURoEWVvpump","63","3","","","","","","","","","","","","","","","","","","","","","","","","","","","","","","","","","","","","0.000002239","","","","","","","2026-07-20T22:08:36.271Z","","","","","",""
"ANSEM5","Dz1tdG6wrCEcZAtZL2SCvv6wcrTpb9V4TjEpzNKVpump","","","","","","","","","","","","","","","","","","","","","","","","","","","","","","","","","","","","","","","","","","","","0.000001157","","","","","","2026-07-20T22:08:36.288Z",""
"Time","5SCLxHWHAeJG2dGkRrUoKWLpSZTNx43aNv78QsW1pump","77","4","","","","","","","","","","","","","","","","","","","","","","","","","","","","","","","","","","","","0.000002237","","","","","","","2026-07-20T22:08:42.259Z","","","","","",""
"anon","5sHaLzezyaxxPrp4zcmyiC4eFpYPTDvn8XHZcVbDpump","68","0.079012344","","","","","","","","","","","","","","","","","","","","","","","","","","","","","","","","","","","","0.000001515","","","","","","0.000001183","2026-07-20T22:08:48.254Z","","","","","2026-07-20T22:09:30.268Z",""
"Sapphire","FgUZuUV5NEJXf3xrg3fvdMPrcScSamRGYhnGd5ZyqAt4","68","5.5","","","","","","","","","","","","","","","","","","","","","","","","","","","","","","","","","","","","0.000002208","","","","","","","2026-07-20T22:08:48.263Z","","","","","",""
"jkl","DmHo2nCDKRBFmpuAfGrkdqCmiYZX3RQFaAADdpFfpump","","","","","","","","","","","","","","","","","","","","","","","","","","","","","","","","","","","","","","","","","","","","2.779e-7","","","","","","2026-07-20T22:08:54.299Z",""
"Sapphire","89c8eG2ZkhtnMMYJgqaA8Z9MAHM8Br5qZ9LqnEnzkgga","66","5.5","","","","","","","","","","","","","","","","","","","","","","","","","","","","","","","","","","","","0.000002169","","","","","","","2026-07-20T22:09:00.263Z","","","","","",""
"PIKACHU","BzmAW8sCAWBnHCdLj9BtbaAd9W8hvh6idu1SADkfpump","71","5","","","","","","","","","","","","","","","","","","","","","","","","","","","","","","","","","","","","0.000002734","","","","","","","2026-07-20T22:09:00.325Z","","","","","",""
"GAY","BTEayXX7xQVeqw2JNo7cTSRhC5CwzPhoKBdntCsmpump","72","0.493827159","","66.014","","","","","28.4","22","-83.2","92","0.493827159","0","0","1","0","0","3946.21","3","140.07","140.07","0.692","0.692","76.06","","0","0","1","0","0","-9.249873289406992","","","","","","0.000002277","0.000003946","","","0.000003581","","8.489e-7","2026-07-20T22:09:18.292Z","2026-07-20T22:10:18.048Z","","","2026-07-20T22:11:24.062Z","2026-07-20T22:11:42.240Z",""
"M","DPBxt1Fa4ZsMGfwuPNXdXKQATPMR1qU977zKEWh8pump","64","3.160493825","","41.951","","","","","0","0","-44.7","920","3.160493825","0","0","0","0","0","3932.58","3","2533.9","2533.9","0.704","0.704","48.37","","0","0","1","0","1","-8.570701932858595","","","","","","0.000003799","0.000003932","","","0.000003595","","","2026-07-20T22:09:24.311Z","2026-07-20T22:10:30.104Z","","","2026-07-20T22:11:12.055Z","",""
"$FOMO","239XVQGiAg577VAG33oEjucQE2Wcd15uSfye35Mkpump","","","","","","","","","","","","","","","","","","","","","","","","","","","","","","","","","","","","","","","","","","","","5.074e-7","","","","","","2026-07-20T22:09:42.285Z",""
"ANSEM6","HkMuSzqEnZ7WUvejxBNFiu1FCXBeHPNSpc837DJgpump","","","","","","","","","","","","","","","","","","","","","","","","","","","","","","","","","","","","","","","","","","","","9.619e-7","","","","","","2026-07-20T22:09:54.293Z",""
"kkl","3brJNh7xDs1jsGPfY9jh9zMaYvYzhrWkTY2YWmvApump","","","","","","","","","","","","","","","","","","","","","","","","","","","","","","","","","","","","","","","","","","","","8.454e-7","","","","","","2026-07-20T22:09:54.302Z",""
"MAYHEM","55zoWLCHFn2qga2BLz8Xtpqh9c88fA6DqZP3rJ9upump","","","","","","","","","","","","","","","","","","","","","","","","","","","","","","","","","","","","","","","","","","","","2.211e-7","","","","","","2026-07-20T22:10:12.343Z",""
"BABYJIM","Er7SmXALpdYNRnEhMv2vArzBJskDH9doTSfkFnKbpump","65","0.98765432","","35.909","","","","","1.2","4","-27.4","904","0.98765432","0","7","1","0","0","2279.92","3","443.28","443.28","0.8","0.8","-1.5","","0","0","1","0","0","-26.32733655111892","","","","","","0.000002169","0.000002279","","","0.000001679","","","2026-07-20T22:10:30.258Z","2026-07-20T22:11:36.126Z","","","2026-07-20T22:12:12.035Z","",""
"ANSEM7","FVqxfMwViFfDjhwUHKBhyui8nxdyqoEerjWFGrLipump","","","","","","","","","","","","","","","","","","","","","","","","","","","","","","","","","","","","","","","","","","","","2.911e-7","","","","","","2026-07-20T22:10:36.304Z",""
"ni ok","7m9Yc2QjZRWzqdYpfBMsVf4RQJMqNgZtQTBf52Dcpump","","","","","","","","","","","","","","","","","","","","","","","","","","","","","","","","","","","","","","","","","","","","9.398e-7","","","","","","2026-07-20T22:10:36.313Z",""
"CleanShit","HsinYLYooLL5aEU5bvvwJfqsb94Rnkpi8V5LEx6Vpump","","","","","","","","","","","","","","","","","","","","","","","","","","","","","","","","","","","","","","","","","","","","3.702e-8","","","","","","2026-07-20T22:10:54.294Z",""
"$FOMO","239YwRjcFSc4mTLfBrKPUsT8z374zGrawvXChqkMpump","60","0.49375","","","","","","","","","","","","","","","","","","","","","","","","","","","","","","","","","","","","0.000002637","","","","","","","2026-07-20T22:11:18.243Z","","","","","",""
"ANSEM8","9f6AxaAQqPGB9NHXruaEHnqwvuVGH8LanLm8TAagpump","58","0.15","","","","","","","","","","","","","","","","","","","","","","","","","","","","","","","","","","","","0.000003766","","","","","","","2026-07-20T22:11:18.277Z","","","","","",""
"clown","FXMeXJisnqN4MTc7UzbXM8DZfiysvxMTP6jriwNhMsra","63","2.962962961","","","","","","","0","0","0","920","2.962962961","0","0","0","0","0","2187.87","3","4757.86","4757.86","0.638","0.638","-16.46","","0","0","1","0","0","","","","","","","0.000002169","0.000002187","","","","","","2026-07-20T22:11:30.308Z","2026-07-20T22:12:30.100Z","","","","",""
"clown","C7KW4zmRTQaXhbp7br54tjZ5vCvt9M2yz78xfoYGbonk","58","3.45625","","","","","","","","","","","","","","","","","","","","","","","","","","","","","","","","","","","","0.000003295","","","","","","","2026-07-20T22:11:30.319Z","","","","","",""
"Ballerina","2mb7HBP538WqPFRPvSgfj6h9kFuaZ7GUEzVyHPZEpump","","","","","","","","","","","","","","","","","","","","","","","","","","","","","","","","","","","","","","","","","","","","7.011e-8","","","","","","2026-07-20T22:11:36.269Z",""
"clowninu","D1hq5G1PPzMQwux26quFY4AsDEnJTC2hz3sGf6WEpump","63","3","","","","","","","","","","","","","","","","","","","","","","","","","","","","","","","","","","","","0.000002277","","","","","","","2026-07-20T22:11:48.225Z","","","","","",""
"Esha","32jL2ZRy8Rscz7vbKQjNLosu9Ennww3erQy7TJZKHDDs","57","2","","","","","","","","","","","","","","","","","","","","","","","","","","","","","","","","","","","","0.000002277","","","","","","","2026-07-20T22:12:00.280Z","","","","","",""
"clown","6TYTt8s41qcbPk3fFnG5gRSMqU7pyK3DDewyVa2mWjo","61","5","","","","","","","","","","","","","","","","","","","","","","","","","","","","","","","","","","","","0.000002277","","","","","","","2026-07-20T22:12:00.367Z","","","","","",""
"ANSEM9","8P5VJxv59T8WKkpGz7f9ceht3gdAQmte4QoWCzEMpump","","","","","","","","","","","","","","","","","","","","","","","","","","","","","","","","","","","","","","","","","","","","2.099e-7","","","","","","2026-07-20T22:12:06.324Z",""
"0.1","HH9ZBgBQMUzUCEXHdjpHbctgL7f9mqfnKc2wxfahpump","","","","","","","","","","","","","","","","","","","","","","","","","","","","","","","","","","","","","","","","","","","","3.769e-7","","","","","","2026-07-20T22:12:12.262Z",""
"nf jf","9xtHoSMFrw3AchUBTH7TcF9sdXB3nmzQaXpFo73kpump","59","0.250000001","","","","","","","","","","","","","","","","","","","","","","","","","","","","","","","","","","","","0.000001363","","","","","","","2026-07-20T22:12:18.286Z","","","","","",""
"Cheems","Gwj6e9Hf1N8XUY8279kSnLRzUAXuiCXTtBVsTQCxGVsa","63","2.962962961","","","","","","","","","","","","","","","","","","","","","","","","","","","","","","","","","","","","0.00001685","","","","","","","2026-07-20T22:12:24.272Z","","","","","",""
"ANSEM10","7S51CDJC4yvNaohfbEnyuWbmoPSBFYX8X4rgNEoNpump","56","0.15","","","","","","","","","","","","","","","","","","","","","","","","","","","","","","","","","","","","0.000005825","","","","","","","2026-07-20T22:12:30.490Z","","","","","",""
"Wait","3YvhuaHr4ijxza2JaYcaqHsnhkuMYazPzrUUS3bPpump","57","5","","","","","","","","","","","","","","","","","","","","","","","","","","","","","","","","","","","","0.000002277","","","","","","","2026-07-20T22:12:36.308Z","","","","","",""
"clown","5oZBmaqjDNcHwg7yMWyEGAyg3RPCddiaDifwPTbzpump","56","3","","","","","","","","","","","","","","","","","","","","","","","","","","","","","","","","","","","","0.000002696","","","","","","","2026-07-20T22:12:54.257Z","","","","","",""
"ROBINLESS","G54o9s6KkPdJkoNwFykLSLUNkjP6UGRFnYRzGniwpump","57","2","","","","","","","","","","","","","","","","","","","","","","","","","","","","","","","","","","","","0.000002198","","","","","","","2026-07-20T22:13:00.295Z","","","","","",""
"jkk","9KPJ4VPMQz5CyQ2smQWY4ab1b87KF83tM7wZGmcepump","57","0.250000001","","","","","","","","","","","0.250000001","0","5","1","0","0","6308.94","3","1031.91","1031.91","0.604","0.604","186","","0","0","1","0","0","","","","","","","0.000003172","0.000006308","","","","","","2026-07-20T22:13:18.265Z","2026-07-20T22:14:18.085Z","","","","",""
"USEFUL","2eNcvnFJzGTWLADNybgteyhWUSxBPhooenibSNoCpump","64","5","","","","","","","","","","","","","","","","","","","","","","","","","","","","","","","","","","","","0.0000042","","","","","","","2026-07-20T22:13:36.261Z","","","","","",""
"clown","6q2exFNubv8e6fq2VrKh9xGvF9xAR1TTppbT9AGspump","","","","","","","","","","","","","","","","","","","","","","","","","","","","","","","","","","","","","","","","","","","","6.185e-7","","","","","","2026-07-20T22:13:42.312Z",""
"taco","2jwJHXvtHiNWdqtYN53ucAizF4XnHwt9bjxNmKenpump","","","","","","","","","","","","","","","","","","","","","","","","","","","","","","","","","","","","","","","","","","","","1.941e-7","","","","","","2026-07-20T22:13:42.324Z",""
"$FOMO","239b6r4LFWFLcDxE73rSUwFR7zeQKNib8zb7AgtVpump","60","0.49375","","","","","","","","","","","","","","","","","","","","","","","","","","","","","","","","","","","","0.000005701","","","","","","","2026-07-20T22:13:42.344Z","","","","","",""
"Pill","5jwPT2R1J4xxV4PwAmDUN4c16a2zbLtYaU2yqf24pump","58","3","","","","","","","","","","","","","","","","","","","","","","","","","","","","","","","","","","","","0.000002242","","","","","","","2026-07-20T22:13:48.309Z","","","","","",""
"GME","QFE74dCdKGtqo5GHgV5DDvZKSMtQp9YpKfQyXjWpump","57","4.938271603","","","","","","","","","","","","","","","","","","","","","","","","","","","","","","","","","","","","0.000002178","","","","","","","2026-07-20T22:13:54.291Z","","","","","",""
"ANSEM11","96sA99ohweaKVwC2xuEyM6qSdtVbM5da8gZ9rhMhpump","","","","","","","","","","","","","","","","","","","","","","","","","","","","","","","","","","","","","","","","","","","","1.653e-7","","","","","","2026-07-20T22:13:54.316Z",""
"Pill","ArPwxuQLy4Y3jtqQ9pHLppuUSHm49YEoN6xXyNofpump","57","5","","","","","","","","","","","","","","","","","","","","","","","","","","","","","","","","","","","","0.000002282","","","","","","","2026-07-20T22:14:18.295Z","","","","","",""
"TENDIES","4dQ3aqjdvTLxA6F4WEBtoKws3Ninvw3aLqQ9zDPipump","","","","","","","","","","","","","","","","","","","","","","","","","","","","","","","","","","","","","","","","","","","","0.00000333","","","","","","2026-07-20T22:14:24.316Z",""
"ANSEM12","7zAzgjUrcTqWSxCSpWceKCruVS5DishtXpHrACnMpump","","","","","","","","","","","","","","","","","","","","","","","","","","","","","","","","","","","","","","","","","","","","3.922e-8","","","","","","2026-07-20T22:14:30.370Z",""
"$FOMO","239bqvaPVQvWmFGEC3hBXTUqd56bw3WSSscdHjb6pump","","","","","","","","","","","","","","","","","","","","","","","","","","","","","","","","","","","","","","","","","","","","7.522e-8","","","","","","2026-07-20T22:14:54.248Z",""
"Cheems","76gfJLH3vyZ5GzPZ1oHrDJRNbHUNieoqHswZdtrwpump","","","","","","","","","","","","","","","","","","","","","","","","","","","","","","","","","","","","","","","","","","","","1.048e-7","","","","","","2026-07-20T22:14:54.366Z",""
"Change","CLeVRcp1PVJWqswJPSsgwDGBWz3UUyDnk1oi61c6pump","70","4.875406283","","","","","","","","","","","","","","","","","","","","","","","","","","","","","","","","","","","","0.000002214","","","","","","","2026-07-20T22:15:36.244Z","","","","","",""
"ESCAPE","BE4GvgkDH86JRBXHvMii7MpReSYjBvASiN7unhMnnYxx","60","5","","","","","","","","","","","","","","","","","","","","","","","","","","","","","","","","","","","","0.000003926","","","","","","","2026-07-20T22:15:36.313Z","","","","","",""
"Agent","955BSGSsz5oZZHD42dH2p55LzuohEvhFkEKJYhFNpump","56","3.5","","","","","","","","","","","","","","","","","","","","","","","","","","","","","","","","","","","","0.00001082","","","","","","","2026-07-20T22:15:42.240Z","","","","","",""
"$GPOOP","9posF4jFmSj3vZ5sX8Ybp6y6onazLPX4HXM2y3ampump","","","","","","","","","","","","","","","","","","","","","","","","","","","","","","","","","","","","","","","","","","","","0.000001059","","","","","","2026-07-20T22:15:48.237Z",""
"ESCAPE","EpNHMevbtFFwZzT9meuvsJhLxktQyYyEmPGzLEq5pump","74","4","","","","","","","","","","","","","","","","","","","","","","","","","","","","","","","","","","","","0.000002282","","","","","","","2026-07-20T22:15:48.277Z","","","","","",""
"SOL","3khczNuzVU8FTr8SeoZ1hKXHMmaai9yrmpdTvz7epump","63","3","","","","","","","","","","","","","","","","","","","","","","","","","","","","","","","","","","","","0.000002173","","","","","","","2026-07-20T22:16:00.281Z","","","","","",""
"JIM2","9KDcVA7YjQfytLxb58AQHTtmLiNY13h2MfZsW17npump","65","0.059259258","","","","","","","0","0","-0.2","912","0.059259258","0","0","1","0","0","16426.4","3","659.76","659.76","0.575","0.575","653","","0","0","1","0","0","","","","","","","0.00001779","0.00001642","","","","","","2026-07-20T22:16:00.297Z","2026-07-20T22:17:48.131Z","","","","",""
"NANOGPT","8s7SNGUqKi3CThghjSrBcPHNy3vYRDAWU6crQMDFcgQJ","","","","","","","","","","","","","","","","","","","","","","","","","","","","","","","","","","","","","","","","","","","","0.000002311","","","","","","2026-07-20T22:16:00.324Z",""
"$FOMO","239chVXs6WSuJZ128N34e8PuNMfvNiYc6QkWB8U6pump","","","","","","","","","","","","","","","","","","","","","","","","","","","","","","","","","","","","","","","","","","","","3.248e-7","","","","","","2026-07-20T22:16:06.294Z",""
"NANOGPT","5Ga5pDRxCkMiXBtpgfwirgHvE7ZT5tAdGVpJKnerpump","67","5","","","","","","","","","","","","","","","","","","","","","","","","","","","","","","","","","","","","0.000002244","","","","","","","2026-07-20T22:16:12.297Z","","","","","",""
"AI","6E8rGkhTjZVUXLwCookN1Dq4FWBrNaijphq2qhu9xZ9y","","","","","","","","","","","","","","","","","","","","","","","","","","","","","","","","","","","","","","","","","","","","0.000002251","","","","","","2026-07-20T22:16:18.247Z",""
"Slack ","2TMBLHrT97pgi9aAYhzLoLVwgXPFGeKHJVWEtwVvpump","58","2.962962961","","","","","","","","","","","","","","","","","","","","","","","","","","","","","","","","","","","","0.000002176","","","","","","","2026-07-20T22:16:18.280Z","","","","","",""
"NANOGPT","4qGNzs3wRm2bTFqaegsz2ZtDBxaDmmQwi1ioLEBjpump","72","4","","","","","","","","","","","","","","","","","","","","","","","","","","","","","","","","","","","","0.00000237","","","","","","","2026-07-20T22:16:24.263Z","","","","","",""
"bjk","F5mkGaQ3QjMzm5NFgmpCvEXuwZWvm6kwDV4Naavcpump","","","","","","","","","","","","","","","","","","","","","","","","","","","","","","","","","","","","","","","","","","","","8.666e-7","","","","","","2026-07-20T22:16:24.287Z",""
"SOL","A1fLp5qRcDAej5QsQZHyDvjaxxanMhu8TxMnKe1kpump","58","3","","","","","","","","","","","3","0","1","0","0","0","2282.08","3","1853.25","1853.25","0.556","0.556","-13.23","","0","0","1","0","0","","","","","","","0.000002282","0.000002282","","","","","","2026-07-20T22:16:30.237Z","2026-07-20T22:17:30.093Z","","","","",""
"Rug Pull","HLqeBx1YTGKEiMnZJnwHC5dj1vE7in1wyGaP7Bc8pump","67","0.148148147","","29.956","","","","","0","0","-70.2","92","0.148148147","0","0","1","0","0","2294.33","3","115.26","115.26","0.667","0.667","4.52","","0","0","1","0","0","-28.683522231909325","","","","","","0.000002235","0.000002294","","","0.000001636","","0.000001195","2026-07-20T22:16:36.299Z","2026-07-20T22:17:48.096Z","","","2026-07-20T22:18:18.052Z","2026-07-20T22:18:42.063Z",""
"PARABOLIC","BdNP25NAZ39M1UtBYNB8SzuepTKv3qERceiKtTSXpump","69","9.876543208","","","","","","","2.7","24","-39.4","904","9.876543208","0","9","0","0","0","3959.22","3","846.17","846.17","0.833","0.833","3.1","","0","0","1","0","0","","","","","","","0.000003959","0.000003959","","","","","","2026-07-20T22:16:42.250Z","2026-07-20T22:17:06.038Z","","","","",""
"NANOGPT","8i4VFBLDPE8e4eSzJfcPWrR55kXz5nGTNVN8NLyw8tQ2","","","","","","","","","","","","","","","","","","","","","","","","","","","","","","","","","","","","","","","","","","","","0.000002173","","","","","","2026-07-20T22:16:42.270Z",""
"FRIEND","AJwXsCXRUGCgARpGivVhdhw1qKM39n4JWmJ3zRo3pump","84","0.009876542","","","","","","","0","0","0","910","0.009876542","2","6","0","0","0","2231.18","3","32.24","32.24","1","1","2.58","","0","0","1","0","0","","","","","","","0.000002218","0.000002231","","","","","","2026-07-20T22:16:48.309Z","2026-07-20T22:18:00.349Z","","","","",""
"$FOMO","239chg9BhQirhGC1huv4bvAgGxGMR9YgjkaBP4Dkpump","58","0.49375","","","","","","","","","","","","","","","","","","","","","","","","","","","","","","","","","","","","0.000001874","","","","","","","2026-07-20T22:16:48.352Z","","","","","",""
"NANOGPT","AytySg4hvEy3t4HPgQNxFoTdnF5cqHevuQM235QTLFHh","60","11.85185185","","18.244","","","","","0","0","-63","914","11.85185185","0","69","0","0","0","6015.42","3","9306.5","9306.5","0.575","0.575","42.2","","0","0","1","0","1","-50.57356608478803","","","","","","0.000004147","0.000006015","","","0.000002973","","","2026-07-20T22:16:54.277Z","2026-07-20T22:18:36.038Z","","","2026-07-20T22:18:54.282Z","",""
"AIXBT","Gj7pVtdFnUfmX9j2s3xx4XF2xXFNWMm4Bo7Veyprpump","62","2.765432097","","","","","","","6.6","164","-12.2","904","2.765432097","0","0","0","0","0","3874.38","3","2384.7","2384.7","0.708","0.708","49.43","","0","0","1","0","1","","","","","","","0.000003839","0.000003874","","","","","","2026-07-20T22:16:54.290Z","2026-07-20T22:18:36.254Z","","","","",""
"NANOGPT","3jwcKNWmReksLJkNmZsPgwAc87yAoGz4xCfetJUqw5oe","59","5","","","","","","","","","","","","","","","","","","","","","","","","","","","","","","","","","","","","0.000002282","","","","","","","2026-07-20T22:16:54.309Z","","","","","",""
"NANOGPT","BZgby8k6V8Mgmob4cZnD5qReXLJdad4uX41X63Abpump","63","5","","","","","","","","","","","","","","","","","","","","","","","","","","","","","","","","","","","","0.000002624","","","","","","","2026-07-20T22:17:24.265Z","","","","","",""
"SOL","9tV9TggsaVuUvCF8C4GqbookUKggmKQugifSLvThpump","56","3","","","","","","","","","","","","","","","","","","","","","","","","","","","","","","","","","","","","0.000002173","","","","","","","2026-07-20T22:17:30.301Z","","","","","",""
"$Lock","61SF7G4sNFVMFAGBG8Z7HiBrxdydu2YiSxp1TKxKpump","","","","","","","","","","","","","","","","","","","","","","","","","","","","","","","","","","","","","","","","","","","","1.001e-7","","","","","","2026-07-20T22:17:36.312Z",""
"jkk","DhFH8YN7358XawJBQb6By5EeWCougbcH1ZuFttSwpump","55","0.250000001","","","","","","","","","","","","","","","","","","","","","","","","","","","","","","","","","","","","0.000001537","","","","","","","2026-07-20T22:17:36.329Z","","","","","",""
"NanoGPT","2ymh1VQ69EEPvYAydWNevjg4K1ry9MDNe9rsEBj9rPu3","58","5","","","","","","","","","","","5","0","7","0","0","0","2282.19","3","980.28","980.28","0.571","0.571","-22.86","","0","0","1","0","0","","","","","","","0.000002282","0.000002282","","","","","","2026-07-20T22:17:36.352Z","2026-07-20T22:18:48.104Z","","","","",""
"GPT-6","YB6z4oLoyfuicNbswbHxVE6srnJa3CjU9tANZZCpump","71","5","","","","","","","360.3","250","-60.1","920","5","0","0","0","0","0","5853.66","3","14494.48","14494.48","0.582","0.582","97.86","","0","0","1","0","1","","","","","","","0.000005541","0.000005853","","","","","","2026-07-20T22:17:42.301Z","2026-07-20T22:19:00.069Z","","","","",""
"$FOMO","239dTT8FDos7yCrAHSU3KZ94PLW8GmBewtqd1gC3pump","","","","","","","","","","","","","","","","","","","","","","","","","","","","","","","","","","","","","","","","","","","","3.483e-7","","","","","","2026-07-20T22:17:48.245Z",""
"GODCANDLE","GBHjzPHt5hD512iUqHyNCntdjc1gu4YpsxukTWa8pump","","","","","","","","","","","","","","","","","","","","","","","","","","","","","","","","","","","","","","","","","","","","4.854e-7","","","","","","2026-07-20T22:17:54.291Z",""
"go","HEVAXpXgChwDs687LdZJDFcxHgbgXVeYShM3Dor1pump","","","","","","","","","","","","","","","","","","","","","","","","","","","","","","","","","","","","","","","","","","","","1.367e-7","","","","","","2026-07-20T22:18:00.320Z",""
"njk","EcsW9aARBEkefSAmQkd47T8fE9x8Jr6T91i8edWrpump","","","","","","","","","","","","","","","","","","","","","","","","","","","","","","","","","","","","","","","","","","","","1.842e-7","","","","","","2026-07-20T22:18:18.280Z",""
"moon","DDhWJqXHf8iKCKus2xZya5iqyeRLjMfshFgPAeBqpump","","","","","","","","","","","","","","","","","","","","","","","","","","","","","","","","","","","","","","","","","","","","3.524e-7","","","","","","2026-07-20T22:18:30.276Z",""
"$FOMO","239e7CpXSPp9t3B1zuEFroSZqzE7GEr3rAX4iX2vpump","57","0.49375","","","","","","","","","","","","","","","","","","","","","","","","","","","","","","","","","","","","0.000003366","","","","","","7.724e-7","2026-07-20T22:18:30.286Z","","","","","2026-07-20T22:19:12.261Z",""
"GPT-6","6kPqLMH1v2FgfybSVFPpFsbHRc9KRKMZEsH7WXVjpump","57","1.97530864","","","","","","","","","","","1.97530864","0","0","0","0","0","2180.35","3","1058.09","1058.09","0.571","0.571","-11.7","","0","0","1","0","0","","","","","","","0.00000218","0.00000218","","","","","","2026-07-20T22:18:42.289Z","2026-07-20T22:19:48.118Z","","","","",""
"MAYHEM","855jr16y941iykSnb1VaDqSxyVE5eGZcjnGbnByBpump","","","","","","","","","","","","","","","","","","","","","","","","","","","","","","","","","","","","","","","","","","","","4.61e-7","","","","","","2026-07-20T22:18:54.247Z",""
"RANDY","4obmyhxALENBu5mTsrhQxbZgwYi21C2BU7bmHZ3bpump","","","","","","","","","","","","","","","","","","","","","","","","","","","","","","","","","","","","","","","","","","","","5.141e-7","","","","","","2026-07-20T22:19:00.262Z",""
"NORIBULL","DH3Eyaghuf2Y1m1nXmAjbAqFjRZk4Axn99DdsPVapump","","","","","","","","","","","","","","","","","","","","","","","","","","","","","","","","","","","","","","","","","","","","4.014e-7","","","","","","2026-07-20T22:19:00.274Z",""
"POA","FBvqUJtctpCCVWtFTCqEvsmkP54sCReP6fwcXh2Hpump","57","1","","","","","","","","","","","1","0","29","1","0","0","4315.4","3","740.87","740.87","0.556","0.556","86.18","","0","0","1","0","0","","","","","","","0.000004313","0.000004315","","","","","","2026-07-20T22:19:18.251Z","2026-07-20T22:21:06.046Z","","","","",""
"$GOBLIN","5HSTFEkURirUamTvejDRh6stRGy8s5BUKprBCZWwpump","72","1.97530864","","","","","","","0","0","0","910","1.97530864","0","7","1","0","0","4567.89","3","647.65","647.65","0.8","0.8","85.23","","0","0","1","0","0","","","","","","","0.000004567","0.000004567","","","","","","2026-07-20T22:19:24.245Z","2026-07-20T22:20:30.084Z","","","","",""
"GPT-6","54uTvH9XBgP5LhVGKeAYytF5caMX1CZtDDKAWCiypump","57","1.97530864","","","","","","","","","","","1.97530864","0","0","0","0","0","2279.24","3","2517.59","2517.59","0.613","0.613","-7.57","","0","0","1","0","0","","","","","","","0.000002279","0.000002279","","","","","","2026-07-20T22:19:30.268Z","2026-07-20T22:20:30.139Z","","","","",""
"moon","4pg1Bp5CxLJ6Cq4jzV2GAnZwtaxGi4uaT8FP1oBGpump","61","0.079012344","","","","","","","","","","","","","","","","","","","","","","","","","","","","","","","","","","","","0.000002141","","","","","","2.639e-7","2026-07-20T22:19:36.259Z","","","","","2026-07-20T22:20:18.270Z",""
"Erdős","61p4zKdWgm9PUffHqp999u2xEakRQy1o6TtZFfmWpump","71","5","","","","","","","","","","","","","","","","","","","","","","","","","","","","","","","","","","","","0.000002246","","","","","","","2026-07-20T22:19:42.263Z","","","","","",""
"go","E4ZNQFFAUt6W7rGknXZaBvqmRJFPELTopFHp2Zbvpump","","","","","","","","","","","","","","","","","","","","","","","","","","","","","","","","","","","","","","","","","","","","3.329e-7","","","","","","2026-07-20T22:19:42.289Z",""
"USEFUL","5YSYbCU7YE2aKkodvcR9eX41hEXR5GXiAyXYS3Lipump","67","3.950617282","","","","","","","","","","","","","","","","","","","","","","","","","","","","","","","","","","","","0.00000218","","","","","","","2026-07-20T22:19:48.257Z","","","","","",""
"audi","CL83uXdcMXv8isH6iz6kdiM839sRZ2zZ2EneSqncpump","97","0.200000001","","","","","","","3.3","32","-7.6","902","0.200000001","1","2","0","0","0","2276.66","3","207.97","207.97","0.857","0.857","3.49","","0","0","1","0","0","","","","","","","0.000002235","0.000002276","","","","","","2026-07-20T22:20:06.272Z","2026-07-20T22:21:18.275Z","","","","",""
"PRIETA","2YhxYFDrP12aYEE8rfgVhGj1Ct7bgwCPtgbvPnCCpump","57","1.97530864","","","","","","","","","","","1.97530864","0","0","0","0","0","2181.58","3","1019.81","1019.81","0.619","0.619","-11.53","","0","0","1","0","0","","","","","","","0.000002181","0.000002181","","","","","","2026-07-20T22:20:12.261Z","2026-07-20T22:21:12.035Z","","","","",""
"$FOMO","239h3MXYjkXz69B56fJUM8RwzDeghDqKB55ELmK2pump","","","","","","","","","","","","","","","","","","","","","","","","","","","","","","","","","","","","","","","","","","","","4.303e-7","","","","","","2026-07-20T22:20:24.230Z",""
"ANDY","gPzbPPRqmfPW4CvXEf8YBQZNJXiragepGPSge9L1bcQ","57","5","","","","","","","","","","","5","0","8","0","0","0","2185.31","3","837.11","837.11","0.556","0.556","-26.04","","0","0","1","0","0","","","","","","","0.000002185","0.000002185","","","","","","2026-07-20T22:20:30.293Z","2026-07-20T22:21:36.075Z","","","","",""
"godspeed","BSsFGoZUbSzMnsfnTwxvvePkuPHz2yC4qZMuB9FcfFRM","58","5.599999999","","","","","","","","","","","5.599999999","0","10","0","0","0","2280.72","3","1472.27","1472.27","0.6","0.6","-25.39","","0","0","1","0","0","","","","","","","0.00000228","0.00000228","","","","","","2026-07-20T22:20:36.267Z","2026-07-20T22:21:36.033Z","","","","",""
"Camel ","efrh4EiSKrkCekXd38DVdSEXvXCj2KfHkieEQq7pump","70","4.875406284","","","","","","","","","","","","","","","","","","","","","","","","","","","","","","","","","","","","0.000007344","","","","","","","2026-07-20T22:20:36.315Z","","","","","",""
"godspeed","9rMXWfrUH1gLycPcFERQQekWfZV21jFZNvyKsfoWpump","57","1.97530864","","","","","","","","","","","1.97530864","0","0","0","0","0","2188.7","3","7628.51","7628.51","0.639","0.639","-11.24","","0","0","1","0","0","","","","","","","0.000002213","0.000002188","","","","","","2026-07-20T22:20:48.250Z","2026-07-20T22:22:42.095Z","","","","",""
"YES","84Y263XWEyhP44QJYcMwoEPcZovtjevA8r25x5rXTj15","57","5","","","","","","","","","","","","","","","","","","","","","","","","","","","","","","","","","","","","0.00000217","","","","","","","2026-07-20T22:21:06.252Z","","","","","",""
"$FOMO","239hotNijYo8KzAi4meYrRQt8LVLs1Tqb8t64Lbnpump","","","","","","","","","","","","","","","","","","","","","","","","","","","","","","","","","","","","","","","","","","","","4.366e-7","","","","","","2026-07-20T22:21:18.249Z",""
"$GOBLIN","4s6CVcPWS5TdhbgB5yqoaggpppDFAC9PgGVJFe2hpump","","","","","","","","","","","","","","","","","","","","","","","","","","","","","","","","","","","","","","","","","","","","1.786e-7","","","","","","2026-07-20T22:21:30.304Z",""
"GODSPEED","B6yZaK72rfjkMvcZKurW5Tzea98T8eVGLJkiJ1TJYNdi","59","5.925925924","","","","","","","","","","","5.925925924","0","10","0","0","0","2211.44","3","941.91","941.91","0.667","0.667","-28.96","","0","0","1","0","0","","","","","","","0.00000217","0.000002211","","","","","","2026-07-20T22:22:42.237Z","2026-07-20T22:21:36.098Z","","","","",""
"BIH","DHFxVjRtr1Y6Kc3RgoiVGA3KJMMBcWbnLwULyge4bonk","70","4.9375","","","","","","","","","","","","","","","","","","","","","","","","","","","","","","","","","","","","0.00000329","","","","","","","2026-07-20T22:21:42.334Z","","","","","",""
"Вазя","6FpL6VfkwbAcn8Bs35ekPfuMM51tBfGdXn93epnxtYsa","70","4.938271603","","","","","","","","","","","","","","","","","","","","","","","","","","","","","","","","","","","","0.00001693","","","","","","","2026-07-20T22:21:42.340Z","","","","","",""
"go","CMPMP1djKQieFXhNAQjh8VH8p9READk26NXifZpPpump","","","","","","","","","","","","","","","","","","","","","","","","","","","","","","","","","","","","","","","","","","","","3.322e-7","","","","","","2026-07-20T22:22:00.259Z",""
"$FOMO","239iikJSSwVcHU7Zc3dYJrgjEHvocj8qHLteud3Tpump","","","","","","","","","","","","","","","","","","","","","","","","","","","","","","","","","","","","","","","","","","","","0.000001193","","","","","","2026-07-20T22:22:18.238Z",""
"CATSKETTY","2Exc3SSL2dvJLy3h1w5EG5y3iAakeywM9Q5AXXJLpump","","","","","","","","","","","","","","","","","","","","","","","","","","","","","","","","","","","","","","","","","","","","3.137e-7","","","","","","2026-07-20T22:22:18.254Z",""
"Вазя","A5VZYrQPCTZjr6FV8SLcT6iRkdeQMSq3Po23pwmbpump","57","1.97530864","","","","","","","","","","","1.97530864","0","0","0","0","0","2170.74","3","2371.95","2371.95","0.679","0.679","-11.97","","0","0","1","0","0","","","","","","","0.00000217","0.00000217","","","","","","2026-07-20T22:22:36.244Z","2026-07-20T22:23:36.043Z","","","","",""
"$PUNCH","31iYyKQNxQiLHDSFzFicZ5fsdZLPgWKfVwybDxL6pump","","","","","","","","","","","","","","","","","","","","","","","","","","","","","","","","","","","","","","","","","","","","4.336e-7","","","","","","2026-07-20T22:22:36.316Z",""
"TH","5yMCAmQ135rQFFSFLQufzcytsr9DrAXf6XpYffPWpump","60","0.150000001","","","","","","","343.7","128","-69.9","908","0.150000001","0","2","1","0","0","6511.62","3","108.36","108.36","0.714","0.714","197","","0","0","1","0","0","","","","","","","0.000004859","0.000006511","","","","","","2026-07-20T22:22:54.312Z","2026-07-20T22:24:12.278Z","","","","",""
"Solana ","D7TAXuo8wudiemWRLrvF6nSG3RgndujQzkSvvng1pump","","","","","","","","","","","","","","","","","","","","","","","","","","","","","","","","","","","","","","","","","","","","1.039e-7","","","","","","2026-07-20T22:23:00.305Z",""
"🖕","4atS4aSns5s8ZBJJMMaNxChQDN6Z9KwTwGXUpoJGpump","74","6.3","","","","","","","","","","","","","","","","","","","","","","","","","","","","","","","","","","","","0.000002268","","","","","","","2026-07-20T22:23:30.248Z","","","","","",""
"Solana ","7qR3YkPxynmgiQSiR7LQUyxZ2t556Y1pJ4m89m1Qpump","62","0.100000001","","","","","","","0","0","-0.3","904","0.100000001","0","1","1","0","0","34604.77","3","531.19","531.19","0.617","0.617","1483","","0","0","1","0","0","","","","","","","0.000004736","0.0000346","","","","","","2026-07-20T22:24:00.252Z","2026-07-20T22:25:06.148Z","","","","",""
"HOURGLASS","FaVubLuVAzf28aV83qzhGUEjUBicUjXTFzfKW7vPxS5x","58","5.925925924","","","","","","","","","","","","","","","","","","","","","","","","","","","","","","","","","","","","0.000002171","","","","","","","2026-07-20T22:24:12.237Z","","","","","",""
"$HoodCat","C9QKzr6CQ6UhVtGRrDcx239RCG3yHZNF2duLsYZvpump","","","","","","","","","","","","","","","","","","","","","","","","","","","","","","","","","","","","","","","","","","","","1.77e-7","","","","","","2026-07-20T22:24:12.249Z",""
"$FOMO","239mtxCJQF5FnqhFFJmHw6j6bzc2GtrntKgDiNrGpump","","","","","","","","","","","","","","","","","","","","","","","","","","","","","","","","","","","","","","","","","","","","6.827e-7","","","","","","2026-07-20T22:24:18.271Z",""
"MTIC","5bu8NUiJiLLXnVzSyHtRwkyxz827EKjAaMWGpyPQpump","56","1.876543208","","","","","","","","","","","1.876543208","0","0","0","0","0","2459.02","3","226.39","226.39","0.833","0.833","0.32","","0","0","1","0","0","","","","","","","0.000002455","0.000002459","","","","","","2026-07-20T22:24:30.266Z","2026-07-20T22:25:36.091Z","","","","",""
"SCG","FSKwU4EWQXUw8T1T1AYXXrxUiEuKov2MRJ9MjG6spump","","","","","","","","","","","","","","","","","","","","","","","","","","","","","","","","","","","","","","","","","","","","3.66e-7","","","","","","2026-07-20T22:24:30.272Z",""
"jjk","4BH771BXMEM76nSzcpsrxCF3KBuTQVoHBhjoBfmQpump","","","","","","","","","","","","","","","","","","","","","","","","","","","","","","","","","","","","","","","","","","","","0.000001107","","","","","","2026-07-20T22:24:30.302Z",""
".01","2w1AJVcpsGnywsDkuME72mrBSTxGNmCrn2bb29cypump","","","","","","","","","","","","","","","","","","","","","","","","","","","","","","","","","","","","","","","","","","","","3.594e-8","","","","","","2026-07-20T22:24:48.263Z",""
"$FOMO","239nUhyPTtkJNy3C8xLc2JN7WQJeUSjANFZkNt2Ypump","","","","","","","","","","","","","","","","","","","","","","","","","","","","","","","","","","","","","","","","","","","","4.162e-7","","","","","","2026-07-20T22:25:06.290Z",""
"moon","F8GYqNj7KDXBFrtQQ2M4WARBrfXiu4aYLg53memxpump","59","0.069135801","","30.27","","","","","","","","","0.069135801","0","2","1","0","0","3706.55","3","10.61","10.61","0.8","0.8","69.94","","0","0","1","0","0","-22.63896384241771","","","","","","0.000003706","0.000003706","","","0.000002867","","","2026-07-20T22:25:12.296Z","2026-07-20T22:25:30.053Z","","","2026-07-20T22:26:00.323Z","",""
"115000","DX4g6pxTW7rVTqs9ufCtBHokQ1mP5uw59T6Ywrj1pump","57","1.97530864","","","","","","","","","","","1.97530864","0","0","0","0","0","2207.85","3","2507.07","2507.07","0.623","0.623","-10.48","","0","0","1","0","0","","","","","","","0.000002207","0.000002207","","","","","","2026-07-20T22:25:12.338Z","2026-07-20T22:26:18.084Z","","","","",""
"kgk","55YmgxwN6P9WeBWL9dwwkz9zioX8As1uyWfkZaQzpump","","","","","","","","","","","","","","","","","","","","","","","","","","","","","","","","","","","","","","","","","","","","4.749e-7","","","","","","2026-07-20T22:25:18.243Z",""
"Flipper","2q99WLRiL9Ydg3QudMTHpHHHan7tXSofdSRNLYQipump","62","7","","12.327","","","","","0","0","-78.4","646","7","0","10","0","0","0","12677.28","3","28193.95","28193.95","0.598","0.598","284","","0","0","1","0","1","-12.312549329123916","","","","","","0.00001248","0.00001267","","","0.00001111","","","2026-07-20T22:25:24.279Z","2026-07-20T22:26:24.036Z","","","2026-07-20T22:26:36.363Z","",""
"Flipper","2rZYeL8syJkinW3q6aKy9PgosYCTUiYG42T3ePvTZ5pw","56","5","","","","","","","","","","","","","","","","","","","","","","","","","","","","","","","","","","","","0.00000279","","","","","","","2026-07-20T22:25:36.309Z","","","","","",""
"$FOMO","239oZq4HTa6yrrm8jeLBBt8HdzM4iJiUeK25dWKcpump","","","","","","","","","","","","","","","","","","","","","","","","","","","","","","","","","","","","","","","","","","","","8.469e-7","","","","","","2026-07-20T22:25:48.276Z",""
"kfk","9CeLJ7GZHvxT67DYUHcYqgn2sRSGWjyiNLHeXWbTpump","","","","","","","","","","","","","","","","","","","","","","","","","","","","","","","","","","","","","","","","","","","","7.35e-7","","","","","","2026-07-20T22:26:12.259Z",""
".01","6XLR26r2kmQZ7rkuXhRed6LQxTSFk6UzMB74Cz6Dpump","","","","","","","","","","","","","","","","","","","","","","","","","","","","","","","","","","","","","","","","","","","","9.647e-7","","","","","","2026-07-20T22:26:36.303Z",""
"Тюле","AaC9FZta3yb7U696manooT8C9BTT4pM49NcZ7U6tpump","","","","","","","","","","","","","","","","","","","","","","","","","","","","","","","","","","","","","","","","","","","","","","","","","","",""
"jık","9aLngZoo5jChCG9R2xxjk9Wf3Pv6Tc2wP2hcwoG3pump","","","","","","","","","","","","","","","","","","","","","","","","","","","","","","","","","","","","","","","","","","","","4.069e-7","","","","","","2026-07-20T22:26:48.286Z",""
"BLUE","AeswP6wvGXko76w8VmTh2J33eMfWkavtaPReCFenpump","67","5","","","","","","","68.9","500","-73.2","910","5","0","1","0","0","0","12803.85","4","28387.59","28387.59","0.552","0.552","333","","0","0","1","0","1","","","","","","","0.000006752","0.0000128","","","","","","2026-07-20T22:27:06.283Z","2026-07-20T22:29:00.296Z","","","","",""
"Printer","6dJAwaGWx9QqNkxaxdoAPuf2MYpG3DkdqkiFhxU4pump","","","","","","","","","25.6","186","-34.1","906","2.469135801","0","0","0","0","0","2621.04","3","230.07","230.07","1","1","3.06","","0","0","1","0","0","","","","","","","","0.000002621","","","","","","","2026-07-20T22:27:24.106Z","","","","",""
"jdj","8bPcgduf97Ka3wPrXHFMVA6WkhEaoiHqgVV1EZ3fpump","","","","","","","","","","","","","","","","","","","","","","","","","","","","","","","","","","","","","","","","","","","","1.514e-7","","","","","","2026-07-20T22:27:36.229Z",""
"Solana ","Gyr3puBDnuhWyDcQ3LTunku2WgX78f45ehXnSFMNpump","59","0.100000001","","","","","","","","","","","","","","","","","","","","","","","","","","","","","","","","","","","","0.000001523","","","","","","8.714e-7","2026-07-20T22:27:36.243Z","","","","","2026-07-20T22:28:18.238Z",""
"audi","HyAEBHfe9mNta162U6WozCdhPUoBKethmFGrBunFpump","","","","","","","","","0","0","0","908","0.600000001","1","3","0","0","0","2258.72","3","46.59","46.59","1","1","0","","0","0","1","0","0","","","","","","","","0.000002258","","","","","","","2026-07-20T22:27:42.162Z","","","","",""
"$FOMO","239qPPhFmc3YpQLgnKDVczgGdDwDVcMFxuU6QS9Spump","60","0.49375","","","","","","","0","0","0","902","0.49375","2","37","1","0","0","7207.51","3","465.58","465.58","0.714","0.714","221","","0","0","1","0","0","","","","","","","0.000007207","0.000007207","","","","","","2026-07-20T22:27:42.305Z","2026-07-20T22:28:48.042Z","","","","",""
"ChangeLives","9go9SyMQbciXbWN7osqRittjxtddgMeNrp7ovhxjpump","75","6.872852233","","","","","","","","","","","","","","","","","","","","","","","","","","","","","","","","","","","","0.000002242","","","","","","","2026-07-20T22:27:48.273Z","","","","","",""
"POV","2XVCJP65QYEu3xLyNuAJPJzVgzgnKB7HqEo8MiRApump","63","3","","","","","","","","","","","","","","","","","","","","","","","","","","","","","","","","","","","","0.000002279","","","","","","","2026-07-20T22:27:48.297Z","","","","","",""
"JADA","9FycbaMWA4HU1beEXjPP76VyZk83rxqNd2dQ5XGapump","","","","","","","","","","","","","","","","","","","","","","","","","","","","","","","","","","","","","","","","","","","","0.000002627","","","","","","2026-07-20T22:28:12.312Z",""
"moon","HCE1QHDvvBuT7hmFQNMsaaZCJU1qKYFeVnmmvTHUpump","57","0.069135801","","","","","","","","","","","","","","","","","","","","","","","","","","","","","","","","","","","","0.000001984","","","","","","8.169e-7","2026-07-20T22:28:24.262Z","","","","","2026-07-20T22:29:06.300Z",""
"$BRAINROT","EYMVg4zmuXzCrgLNGckQAp2gU2Jh2kPxhiE399tfpump","71","2.000000001","","","","","","","","","","","","","","","","","","","","","","","","","","","","","","","","","","","","0.000004974","","","","","","","2026-07-20T22:28:24.289Z","","","","","",""
".01","2AgaJsvnur5BVJzWsU7GBfzgZ259f17fJeSBgafKpump","","","","","","","","","","","","","","","","","","","","","","","","","","","","","","","","","","","","","","","","","","","","1.723e-8","","","","","","2026-07-20T22:28:30.292Z",""
"420","ALjLkgAm4g7mVDd7dggHkVPFUTztrr2MRH1QiE8Jpump","73","6.000000001","","","","","","","25.9","770","-9.3","910","6.000000001","0","0","0","0","0","3265.03","3","694.68","694.68","0.75","0.75","4.44","","0","0","1","0","0","","","","","","","0.000003265","0.000003265","","","","","","2026-07-20T22:28:30.303Z","2026-07-20T22:29:30.070Z","","","","",""
"$Odyssey","4sZ9et4f6jMV2gbam3FcCdYMwV3NHuec2WrAxdjJpump","","","","","","","","","","","","","","","","","","","","","","","","","","","","","","","","","","","","","","","","","","","","7.011e-7","","","","","","2026-07-20T22:28:36.293Z",""
"bdj","nBPbPVn8QcyU5pCdCs7dAEAzqE4gr7Kq4t99ANFpump","61","0.500000001","","","","","","","0","0","0","908","0.500000001","0","5","1","0","0","11263.34","3","610.9","610.9","0.68","0.68","402","","0","0","1","0","0","","","","","","","0.00001126","0.00001126","","","","","","2026-07-20T22:28:42.282Z","2026-07-20T22:29:42.044Z","","","","",""
"BUBU","9PtJjBLcmxkMGNNvvoinHDsuoj7Xn2Ft1Vtqqh3Xpump","","","","","","","","","","","","","","","","","","","","","","","","","","","","","","","","","","","","","","","","","","","","1.279e-8","","","","","","2026-07-20T22:29:06.284Z",""
".01","61ZZnZ3YNMsHWuVQLRqeYZHaPxNAEy3yUKrLaq7Zpump","69","0.13","","","","","","","","","","","","","","","","","","","","","","","","","","","","","","","","","","","","0.00001579","","","","","","0.000001195","2026-07-20T22:29:18.263Z","","","","","2026-07-20T22:30:00.236Z",""
"420","ESo4xZBs27PybPyAnYy83KJxXFsbRTYfC9wmddccpump","57","1.97530864","","","","","","","","","","","1.97530864","0","0","0","0","0","2193.93","3","1132.02","1132.02","0.593","0.593","-11.01","","0","0","1","0","0","","","","","","","0.000002193","0.000002193","","","","","","2026-07-20T22:29:36.287Z","2026-07-20T22:30:42.058Z","","","","",""
"SSS","FHZ5HzG8mfuTr7SD9CxDfr3zgEvaAUv8H6r4Rmg2pump","67","3.950617282","","","","","","","","","","","","","","","","","","","","","","","","","","","","","","","","","","","","0.00000217","","","","","","","2026-07-20T22:29:42.232Z","","","","","",""
"guj","9kPh7mZnnx2yW8oiTgcXV6eRN5DD7V4X5GVPS1RUpump","56","0.250000001","","","","","","","","","","","","","","","","","","","","","","","","","","","","","","","","","","","","0.000001547","","","","","","","2026-07-20T22:29:48.242Z","","","","","",""
"JMYJR","AFpHpnbGJL74RQ4an85WEWgRxetENyuP1h9hETpfpump","","","","","","","","","","","","","","","","","","","","","","","","","","","","","","","","","","","","","","","","","","","","5.725e-7","","","","","","2026-07-20T22:29:54.253Z",""
"Solana ","4GrKn2gLWAhTfS1c5satwRuSms7hZ2L6u5gTSKZKpump","","","","","","","","","","","","","","","","","","","","","","","","","","","","","","","","","","","","","","","","","","","","8.092e-7","","","","","","2026-07-20T22:30:06.226Z",""
"HEAVENS","4onEHSExXneJuByPqfvpuaTfUU8npVebXibNc6bypump","99","0.063580441","","","","","","","","","","","","","","","","","","","","","","","","","","","","","","","","","","","","0.000006694","","","","","","","2026-07-20T22:30:12.241Z","","","","","",""
"GENNYNARRA","C3AW1582ZTmf6yfxi1pa9jMJ6Xz5LCZC89Vxtgenpump","57","1.97530864","","","","","","","","","","","","","","","","","","","","","","","","","","","","","","","","","","","","0.000002205","","","","","","","2026-07-20T22:30:12.326Z","","","","","",""
"mm","4uPd9Dsy9XuDWuQ4LVAyBbcjVWaKTv6dtYe3xeqApump","","","","","","","","","","","","","","","","","","","","","","","","","","","","","","","","","","","","","","","","","","","","0.000001261","","","","","","2026-07-20T22:30:36.306Z",""
"BUBU","2aGeLvvZwqCFuLgsZHbNgxRdkrk7rYueANdhKQBBpump","","","","","","","","","","","","","","","","","","","","","","","","","","","","","","","","","","","","","","","","","","","","9.323e-7","","","","","","2026-07-20T22:30:36.320Z",""
"hjj","BxETRJEiTXAQjsjZceG6QGbHabxr4qDkmeg9KYEWpump","55","0.250000001","","","","","","","","","","","","","","","","","","","","","","","","","","","","","","","","","","","","0.000002302","","","","","","","2026-07-20T22:30:42.281Z","","","","","",""
"airhorse","3MxZwBBbpCRGd4mXGNT4Mh9ff8c7gxzSnZQR5g5Npump","65","0.060000001","","","","","","","","","","","","","","","","","","","","","","","","","","","","","","","","","","","","0.000004629","","","","","","","2026-07-20T22:30:54.224Z","","","","","",""
"Goof","GmU8pdbeLozRt36MrKX7mRoXJATWHSF24JeHs3QDpump","65","0.060000001","","","","","","","","","","","","","","","","","","","","","","","","","","","","","","","","","","","","0.00000529","","","","","","","2026-07-20T22:30:54.314Z","","","","","",""
"Chuck","EEXE6gLvLsJ1dJhasX3h5aoC9dAVXc7zR4TAXLnMpump","66","3.75","","","","","","","","","","","","","","","","","","","","","","","","","","","","","","","","","","","","0.000007265","","","","","","","2026-07-20T22:31:06.296Z","","","","","",""
".01","iJpj3BNBkDj2FemFVhw9WLwMyZuhDhBLEiFhZffpump","","","","","","","","","","","","","","","","","","","","","","","","","","","","","","","","","","","","","","","","","","","","6.084e-7","","","","","","2026-07-20T22:31:12.232Z",""
"moon","JC6DJeCEwZjufkBYTGRSQ4843uKx5KnGpXNQMLCApump","55","0.069135801","","","","","","","","","","","","","","","","","","","","","","","","","","","","","","","","","","","","0.000003164","","","","","","","2026-07-20T22:31:12.312Z","","","","","",""
"WSB","q6NvUqhEnWvEbH9Pw3JhK84EiHgVCsjeKZYTLSGpump","63","3","","","","","","","","","","","","","","","","","","","","","","","","","","","","","","","","","","","","0.00000224","","","","","","","2026-07-20T22:31:18.246Z","","","","","",""
"WSB","HcM7XXiWqCmiCTDZZp9WRFDQgd4q4yqDYq5qbghXpump","57","1.97530864","","","","","","","","","","","","","","","","","","","","","","","","","","","","","","","","","","","","0.00000217","","","","","","","2026-07-20T22:31:24.249Z","","","","","",""
"$LIQ 📉","239ukpks621GRRUF3gUPwok6rPy3NvkCpBgMKRhQpump","","","","","","","","","","","","","","","","","","","","","","","","","","","","","","","","","","","","","","","","","","","","8.222e-7","","","","","","2026-07-20T22:31:24.272Z",""
"Чак","5Rm8L6trymyeVshGm93VnxXmjxfVZ6PCpXK5GgytWrat","55","5","","","","","","","","","","","","","","","","","","","","","","","","","","","","","","","","","","","","0.000002209","","","","","","","2026-07-20T22:31:24.288Z","","","","","",""
"Solana ","HpQNqEWm7veGqsAgynw1ipFj6ADPd7veSXAYVmaCpump","","","","","","","","","","","","","","","","","","","","","","","","","","","","","","","","","","","","","","","","","","","","3.703e-7","","","","","","2026-07-20T22:31:36.228Z",""
"JAHD","6iz8jUt4HrhTpRhSaGJXyuiqLumDKuUFdXgmaZtBpump","58","0.150000001","","","","","","","","","","","","","","","","","","","","","","","","","","","","","","","","","","","","0.000003064","","","","","","","2026-07-20T22:31:36.249Z","","","","","",""
"hfj","Dpns2noY6D84rLiqsyHgzzbgyfUaTDxagk34GWFrpump","","","","","","","","","","","","","","","","","","","","","","","","","","","","","","","","","","","","","","","","","","","","8.394e-7","","","","","","2026-07-20T22:31:48.280Z",""
"SMR","FXsHPUeYSqpCoGguUctuwitvjAyGEqAEESmdjdD6pump","57","1.97530864","","","","","","","","","","","","","","","","","","","","","","","","","","","","","","","","","","","","0.000002287","","","","","","","2026-07-20T22:32:12.254Z","","","","","",""
"$LIQ 📉","239vH8SoBiGmJve2jV21QZ4hXhkaKfF6ikgNgPkapump","","","","","","","","","","","","","","","","","","","","","","","","","","","","","","","","","","","","","","","","","","","","2.372e-7","","","","","","2026-07-20T22:32:24.243Z",""
"mm","63Rc89vrp4v4BKMEajaTmCn1UZdijpRTEKJDyFidpump","61","0.080000001","","","","","","","","","","","","","","","","","","","","","","","","","","","","","","","","","","","","0.000001505","","","","","","0.000001148","2026-07-20T22:32:36.311Z","","","","","2026-07-20T22:33:12.223Z",""
"Pati","CGfDkByfh5DcGSdiv3MWkreE9GpvkP1JsYv7crN1pump","58","3","","","","","","","","","","","","","","","","","","","","","","","","","","","","","","","","","","","","0.000002772","","","","","","","2026-07-20T22:32:42.250Z","","","","","",""
"MUNCH","CzAmn2YHmKth4AahDQoCenKgzjaWr8Wv6Lt7551zpump","","","","","","","","","","","","","","","","","","","","","","","","","","","","","","","","","","","","","","","","","","","","5.635e-7","","","","","","2026-07-20T22:32:42.264Z",""
"DEAMAN","DT7FShsuCx6RAvtb4GCKVRbWdRteYfETRMbs4Upspump","57","1.97530864","","","","","","","","","","","1.97530864","0","0","0","0","0","2195.83","3","1036.32","1036.32","0.625","0.625","-10.93","","0","0","1","0","0","","","","","","","0.000002195","0.000002195","","","","","","2026-07-20T22:32:48.237Z","2026-07-20T22:33:48.032Z","","","","",""
"$LIQ 📉","239vxyM6feCU8jQTV5eYNYeMKzKch4he61R2zMRtpump","59","0.49375","","","","","","","","","","","","","","","","","","","","","","","","","","","","","","","","","","","","0.000001611","","","","","","","2026-07-20T22:33:18.257Z","","","","","",""
"DOGE","DmwJ2fTbBx5kK2sVn8LEMiGxTt3CBMkCFmHLnJdypump","","","","","","","","","","","","","","","","","","","","","","","","","","","","","","","","","","","","","","","","","","","","6.451e-7","","","","","","2026-07-20T22:33:18.301Z",""
"DEAMAN","5U5T3RpDdgKZbyJ3Q9nq8vRuGi4t4hZBbdGVMeyypump","57","1.97530864","","","","","","","","","","","","","","","","","","","","","","","","","","","","","","","","","","","","0.000002182","","","","","","","2026-07-20T22:33:48.226Z","","","","","",""
"NIGGER","EgRkMuR3kUfNEv4p8PLBUphLJPy9MSaiCvTYuVvipump","57","0.060000001","","","","","","","","","","","","","","","","","","","","","","","","","","","","","","","","","","","","0.00006439","","","","","","","2026-07-20T22:34:06.247Z","","","","","",""
"BUBU","7VWQ8soDYGjDuqguGt6bgCNYtQTAiayyuKAAemPTpump","","","","","","","","","","","","","","","","","","","","","","","","","","","","","","","","","","","","","","","","","","","","6.418e-7","","","","","","2026-07-20T22:34:12.239Z",""
"$MUNCH","8Bz8X4H3Y55HhLcEfv5HH1CD7nEswFcMJL63HEYTpump","","","","","","","","","","","","","","","","","","","","","","","","","","","","","","","","","","","","","","","","","","","","0.000001374","","","","","","2026-07-20T22:34:12.255Z",""
"2028","F84P4fBm7bhdSDqPTrxSgxKf48Sbaf7Yhq9BJd7Dpump","92","0.059259258","","","","","","","","","","","","","","","","","","","","","","","","","","","","","","","","","","","","0.000001914","","","","","","","2026-07-20T22:34:12.273Z","","","","","",""
"DOGE$HIT","9rSBZebD22dDYzDJ8fVcV1jY6hKZ4fsiQGqA7gEcpump","57","1.97530864","","","","","","","","","","","","","","","","","","","","","","","","","","","","","","","","","","","","0.000002337","","","","","","","2026-07-20T22:34:18.214Z","","","","","",""
"$LIQ 📉","239xrdX5FXYp9zHKbRbKAtMpizc17KJ74B1paAF5pump","","","","","","","","","","","","","","","","","","","","","","","","","","","","","","","","","","","","","","","","","","","","7.996e-7","","","","","","2026-07-20T22:34:30.354Z",""
"SCG","G4pcgB4aomDmg1f9QT2UeyCoWvRmDevxuu5neTntpump","100","0.059259258","","","","","","","","","","","","","","","","","","","","","","","","","","","","","","","","","","","","0.00002697","","","","","","","2026-07-20T22:34:36.311Z","","","","","",""
"HackedFace","9tbcirGb1roiKsAB9u8BsrKTueGQohWwHAue9q4Apump","63","3","","","","","","","","","","","","","","","","","","","","","","","","","","","","","","","","","","","","0.000002279","","","","","","","2026-07-20T22:35:06.236Z","","","","","",""
"NORIBULL","7u9dSxCDFbsEcK3ucZhbVn9RCwZo5wvFpxN6LRjhpump","59","1.000000001","","","","","","","","","","","","","","","","","","","","","","","","","","","","","","","","","","","","0.000002762","","","","","","","2026-07-20T22:35:06.292Z","","","","","",""
"$LIQ 📉","239zTY3GCRxAdgueuueLojUBzmpxRbtJi1cdtECcpump","","","","","","","","","","","","","","","","","","","","","","","","","","","","","","","","","","","","","","","","","","","","5.37e-7","","","","","","2026-07-20T22:35:24.228Z",""
"JimGod","7Zt9EbWNzNoowNimjcwGWJV4j6NijU1spKsZFTyjpump","","","","","","","","","","","","","","","","","","","","","","","","","","","","","","","","","","","","","","","","","","","","3.428e-7","","","","","","2026-07-20T22:35:30.291Z",""
"NORIBULL","GcYUsk663ihr92JNyVNtSi8XcNV6kDPhpVe4CUz3pump","59","1.000000001","","","","","","","","","","","","","","","","","","","","","","","","","","","","","","","","","","","","0.000002171","","","","","","","2026-07-20T22:35:36.246Z","","","","","",""
"asd","DZPkpaknJ41Q1gVCyj7QcNFYGwGmcTkh1pwbQqZ1pump","66","0.118518517","","","","","","","","","","","","","","","","","","","","","","","","","","","","","","","","","","","","0.000002513","","","","","","","2026-07-20T22:36:00.277Z","","","","","",""
"CleanShit","GyJVQpQ1C1ySmP15MgohiEppBYdD5tz3sFW1Xbezpump","70","2.000000001","","","","","","","","","","","","","","","","","","","","","","","","","","","","","","","","","","","","0.00000192","","","","","","","2026-07-20T22:36:00.314Z","","","","","",""
"NORIBULL","GyuFmfvvP1QCo9mHB9xTbuB2isQyMKzW9gUsbABSpump","","","","","","","","","","","","","","","","","","","","","","","","","","","","","","","","","","","","","","","","","","","","3.989e-7","","","","","","2026-07-20T22:36:06.235Z",""
"$LIQ 📉","23A285wXYmViUGJuVvMVJokGz1ymGhk7KVZWGdSkpump","","","","","","","","","","","","","","","","","","","","","","","","","","","","","","","","","","","","","","","","","","","","5.856e-7","","","","","","2026-07-20T22:36:18.238Z",""
"2028","J8SdHJojiJJzST557wx24rCqESCa6qLyFpyxx9adpump","","","","","","","","","","","","","","","","","","","","","","","","","","","","","","","","","","","","","","","","","","","","3.109e-8","","","","","","2026-07-20T22:36:18.250Z",""
"Reed Fat","3gs1jbwepP15oGTYFgBLRpzah9V6zoM39mD7mpjfpump","63","0.148148147","","24.234","","","","","0","0","-72.2","28","0.148148147","0","1","1","0","0","2450.92","3","123.15","123.15","0.778","0.778","11.77","","0","0","1","0","0","-72.20816326530611","","","","","","0.000002214","0.00000245","","","6.809e-7","","6.809e-7","2026-07-20T22:36:42.253Z","2026-07-20T22:37:42.041Z","","","2026-07-20T22:38:06.275Z","2026-07-20T22:38:06.262Z",""
".01","597dmwG9Gv81KGWEDkuzW4M92546gMzz4HK9917Fpump","","","","","","","","","","","","","","","","","","","","","","","","","","","","","","","","","","","","","","","","","","","","2.658e-7","","","","","","2026-07-20T22:36:48.225Z",""
"POW","gpLiQnxvgxXkjBWgDJJGVLSdrmFjWeFzBnV4gg3oZ1X","63","7.9","","","","","","","","","","","","","","","","","","","","","","","","","","","","","","","","","","","","0.000002168","","","","","","","2026-07-20T22:36:54.236Z","","","","","",""
"LMIKWADA","3PVssDT1kYuMFxJbYQb6xiMhgMtp1owDXdxWA2zFpump","","","","","","","","","","","","","","","","","","","","","","","","","","","","","","","","","","","","","","","","","","","","4.789e-7","","","","","","2026-07-20T22:36:54.281Z",""
"$LIQ 📉","23A2TUMUPgtL7GqHbHmBDmcvgRGxkfLbMLbGycrypump","","","","","","","","","","","","","","","","","","","","","","","","","","","","","","","","","","","","","","","","","","","","0.000001141","","","","","","2026-07-20T22:36:54.296Z",""
"NFT","3mJjmqZW1tMre4vF3DANvCc6XmQyey6yaQ2b7N8upump","58","3","","","","","","","","","","","","","","","","","","","","","","","","","","","","","","","","","","","","0.00000363","","","","","","","2026-07-20T22:37:12.247Z","","","","","",""
"CleanShit","DydauejcwGYaJhaXmQ44ZjJgpKzLg45YGkYmnQRGpump","","","","","","","","","","","","","","","","","","","","","","","","","","","","","","","","","","","","","","","","","","","","3.805e-7","","","","","","2026-07-20T22:37:36.237Z",""
"Mago","7GfC5zsBcAS9Ssfu12aECWMUGzxYniKsureqQtwQpump","","","","","","","","","","","","","","","","","","","","","","","","","","","","","","","","","","","","","","","","","","","","9.35e-8","","","","","","2026-07-20T22:37:48.288Z",""
".01","ELLoM7ooUBqRVcSMHMEGc5wb152DfAuR1QFSFTRupump","","","","","","","","","","","","","","","","","","","","","","","","","","","","","","","","","","","","","","","","","","","","1.254e-7","","","","","","2026-07-20T22:37:48.304Z",""
"sad","AL2G2W81Z6repmCzfKsPtqPt8qZuMWr1YUF3fwB7pump","62","0.088888887","","","","","","","0","0","0","904","0.088888887","0","1","1","0","0","4668.63","3","29.84","29.84","0.75","0.75","114","","0","0","1","0","0","","","","","","","0.000004668","0.000004668","","","","","","2026-07-20T22:38:00.271Z","2026-07-20T22:39:06.074Z","","","","",""
"mm","Do61vL8Knqu2M46TAw6RzMNx3pjSPHudgbcXsGCppump","","","","","","","","","","","","","","","","","","","","","","","","","","","","","","","","","","","","","","","","","","","","4.01e-7","","","","","","2026-07-20T22:38:00.322Z",""
"CNTRLBNK","E2LRyzZaRdgNvJ59hqM94XCSyZr7JtUEmz5AHTwYpump","60","2.469135801","","","","","","","","","","","","","","","","","","","","","","","","","","","","","","","","","","","","0.000002207","","","","","","","2026-07-20T22:38:06.242Z","","","","","",""
"ワニサ","EGk1F8S5MkPMUySmW4dNe9u2KYad3XAJAxPuP4KTpump","57","1.97530864","","","","","","","","","","","1.97530864","0","0","0","0","0","2177.99","3","1048.06","1048.06","0.577","0.577","-11.7","","0","0","1","0","0","","","","","","","0.000002177","0.000002177","","","","","","2026-07-20T22:38:06.249Z","2026-07-20T22:39:06.027Z","","","","",""
"Seal","D8nVTB5DcSkqJ55i4aFwEvvAkhFnts4ao9e9tGVpump","","","","","","","","","","","","","","","","","","","","","","","","","","","","","","","","","","","","","","","","","","","","0.000001205","","","","","","2026-07-20T22:38:12.227Z",""
"2028","Co6zLDRb9zSGRxLP7AT5Yg69BkYMLEYGdexHTtVrpump","","","","","","","","","","","","","","","","","","","","","","","","","","","","","","","","","","","","","","","","","","","","4.604e-7","","","","","","2026-07-20T22:38:12.261Z",""
".01","GwzGv1A3ZyvtLUAL17J3Tz3Rf5QosrEySE3JsEu1pump","","","","","","","","","","","","","","","","","","","","","","","","","","","","","","","","","","","","","","","","","","","","1.255e-7","","","","","","2026-07-20T22:38:18.228Z",""
"$LIQ 📉","23A4C2fkqKkPAEGzETNWppxUjtyJDR71Cii8Uh9Hpump","57","0.49375","","","","","","","","","","","0.49375","2","45","1","0","0","3898.06","3","319.08","319.08","0.615","0.615","73.76","","0","0","1","0","0","","","","","","","0.000003898","0.000003898","","","","","","2026-07-20T22:38:24.228Z","2026-07-20T22:39:30.079Z","","","","",""
"moon","NKGZcSvNTaccXPFhe4EZPQebFbKQ1syb7Vaqbp5pump","55","0.118518517","","","","","","","","","","","","","","","","","","","","","","","","","","","","","","","","","","","","0.000001901","","","","","","8.349e-7","2026-07-20T22:38:30.240Z","","","","","2026-07-20T22:39:42.275Z",""
"ワニサ","EVA97tjhRpYmUEtMBXPHyQFkuqyAamzSr43xHdC7pump","57","1.97530864","","","","","","","","","","","1.97530864","0","0","0","0","0","2201.79","3","4552.72","4552.72","0.659","0.659","-10.74","","0","0","1","0","0","","","","","","","0.000002201","0.000002201","","","","","","2026-07-20T22:38:36.283Z","2026-07-20T22:39:36.081Z","","","","",""
".01","2D3kbxY7cmknydfNRkhXQefr5euKjmDSh8QMqmwZpump","","","","","","","","","","","","","","","","","","","","","","","","","","","","","","","","","","","","","","","","","","","","9.903e-8","","","","","","2026-07-20T22:39:00.277Z",""
"BRUCE","4sqRcyUz9u7pjDfWgmK3n3Xwk77NEHCk6GpZTzYxpump","70","4","","","","","","","","","","","","","","","","","","","","","","","","","","","","","","","","","","","","0.000002168","","","","","","","2026-07-20T22:39:12.241Z","","","","","",""
"savemepls","2b2HK6F8BxdiwByygZQhLoGPsRFnPWhqT6tMAW7qpump","","","","","","","","","","","","","","","","","","","","","","","","","","","","","","","","","","","","","","","","","","","","2.882e-7","","","","","","2026-07-20T22:39:30.294Z",""
"POW","8bXoszcHLN6DRBCWCmDHfhAxttteQtysgY3XzrsUbonk","62","4.9375","","","","","","","","","","","","","","","","","","","","","","","","","","","","","","","","","","","","0.000003285","","","","","","","2026-07-20T22:39:30.309Z","","","","","",""
"GREEN","BCaAY2bqur8Zn4HrCheSKeKwmnMPtP7UxyAZ1YAVbonk","56","2.9625","","","","","","","","","","","","","","","","","","","","","","","","","","","","","","","","","","","","0.000003287","","","","","","","2026-07-20T22:39:30.327Z","","","","","",""
"jimothy","8TB9ZevrGqpjbfSdqEm6vomLN4UvzhkfD1mc82bvpump","","","","","","","","","0.1","264","-2.9","904","0.400000001","1","4","0","0","0","2226.42","3","34.89","34.89","0.667","0.667","-0.14","","0","0","1","0","0","","","","","","","","0.000002226","","","","","","","2026-07-20T22:39:36.126Z","","","","",""
"cate","9kPAiBYJ3BmsiB14N8dzof4XxAcd3e1nw1yV4kcTbonk","62","4.9375","","","","","","","","","","","","","","","","","","","","","","","","","","","","","","","","","","","","0.000002168","","","","","","","2026-07-20T22:39:36.283Z","","","","","",""
"conk","9PiJNBVtFEj7L2hGvgC96s3YAVKkd38Rd3xLjkJ3bonk","61","4.9375","","","","","","","","","","","","","","","","","","","","","","","","","","","","","","","","","","","","0.000002168","","","","","","","2026-07-20T22:39:42.235Z","","","","","",""
"$LIQ 📉","23A4wYPGMLSiRnVGwp8p3oExk88dZcvQsnSEWDwzpump","57","0.49375","","","","","","","","","","","","","","","","","","","","","","","","","","","","","","","","","","","","0.000004497","","","","","","","2026-07-20T22:39:42.298Z","","","","","",""
"HOODLESS","7odxGdsjJq7UMMnQggM7bTdZFkikEdnoga8bUduYpump","72","6.872852234","","17.975","","","","","44.7","400","-68.9","910","6.872852234","0","1","0","0","0","9638.46","3","19884.68","19884.68","0.59","0.59","194","","0","0","1","0","1","-16.486822992322054","","","","","","0.000008848","0.000009638","","","0.000008049","","","2026-07-20T22:40:00.245Z","2026-07-20T22:41:00.054Z","","","2026-07-20T22:41:18.029Z","",""
"Sidelined","6Cg8VLrZvH8piXjNvo4RBVw6qxD7E9DBDTryebqjpump","60","0.246913579","","18.213","","","","","0","0","-71.7","28","0.246913579","0","3","1","0","0","4777.92","3","1129.37","1129.37","0.575","0.575","117","","0","0","1","0","0","-71.71865187356082","","","","","","0.00000183","0.000004777","","","0.000001351","","","2026-07-20T22:40:12.260Z","2026-07-20T22:41:12.028Z","","","2026-07-20T22:41:30.241Z","",""
".01","4HsmQUPvQ8mEfeV6rpHZq22Yd2xxBURWvKvPonxgpump","","","","","","","","","","","","","","","","","","","","","","","","","","","","","","","","","","","","","","","","","","","","2.101e-7","","","","","","2026-07-20T22:40:18.251Z",""
"Goof","5zX8yKq9zbzciigJqJES3r3ofJa7JAudMGEfutajpump","","","","","","","","","","","","","","","","","","","","","","","","","","","","","","","","","","","","","","","","","","","","5.319e-7","","","","","","2026-07-20T22:40:24.242Z",""
"BRUCE","DY9QT5N31z8nzKFmYfGzth5AqrzskTNF5adcT1JBpump","63","3","","","","","","","","","","","","","","","","","","","","","","","","","","","","","","","","","","","","0.000002168","","","","","","","2026-07-20T22:40:24.257Z","","","","","",""
"NIGHER","E9zM1xiTnJZybzNveBoHHGk9SpiBryfoc6KR7ZCypump","","","","","","","","","","","","","","","","","","","","","","","","","","","","","","","","","","","","","","","","","","","","8.95e-7","","","","","","2026-07-20T22:40:24.267Z",""
"ANSEM","7dLjSTK4hArQoa21vn6jgjxPMh4GyHAkYusd85xjpump","","","","","","","","","","","","","","","","","","","","","","","","","","","","","","","","","","","","","","","","","","","","2.482e-7","","","","","","2026-07-20T22:40:30.315Z",""
"BRUCE","5Q25YvG7eXYasWoWhB45zvLAdcjB47jEEhK2W4nVpump","74","10","","","","","","","","","","","","","","","","","","","","","","","","","","","","","","","","","","","","0.00001245","","","","","","","2026-07-20T22:40:30.327Z","","","","","",""
"do","DjfWE7eYiF9XtptiAMtKAEE5dGAosk7SLPKYNwPuz2s6","58","7","","","","","","","","","","","","","","","","","","","","","","","","","","","","","","","","","","","","0.000002168","","","","","","","2026-07-20T22:40:42.241Z","","","","","",""
"GIGAPIG","22XGqcvoJotRnJLeK2hpKVVE2jDmkaMpxbckQ93vpump","57","1.97530864","","","","","","","","","","","1.97530864","0","0","0","0","0","2168.22","3","5334","5334","0.655","0.655","-11.97","","0","0","1","0","0","","","","","","","0.000002168","0.000002168","","","","","","2026-07-20T22:40:42.252Z","2026-07-20T22:41:42.023Z","","","","",""
"ZenPepe","437JXXzHByFaBuSwkERq9LzbUb6Bkni4Uyr1NUzFpump","","","","","","","","","","","","","","","","","","","","","","","","","","","","","","","","","","","","","","","","","","","","0.000001221","","","","","","2026-07-20T22:40:54.281Z",""
"ANSEM","HtNTeS1hrXaV579HoPvQ52kqNTHBxWCJLVX64R4ypump","","","","","","","","","","","","","","","","","","","","","","","","","","","","","","","","","","","","","","","","","","","","1.872e-7","","","","","","2026-07-20T22:41:06.296Z",""
"BRUCE","4gkcN9xDhxg33j8QgXMU4Dm6UsPa1jS7H1p7XBecpump","57","2","","","","","","","","","","","","","","","","","","","","","","","","","","","","","","","","","","","","0.000002284","","","","","","","2026-07-20T22:41:24.254Z","","","","","",""
"рль","4hS9jdYasofxyRUCetRAt2BGLWXpjtaHqu38YbkNpump","","","","","","","","","","","","","","","","","","","","","","","","","","","","","","","","","","","","","","","","","","","","4.215e-7","","","","","","2026-07-20T22:41:36.256Z",""
"Jimmy2","FxWhHWhnwvmrguLME9EPkoMwTAHXMHJGcbPd6RBYpump","","","","","","","","","","","","","","","","","","","","","","","","","","","","","","","","","","","","","","","","","","","","3.884e-7","","","","","","2026-07-20T22:41:48.238Z",""
"BRUCE","DrJha2QLABkdr5eFPTr8vpeM9hdodZkqtcKyvG2Hpump","57","1.97530864","","","","","","","","","","","1.97530864","0","0","0","0","0","2171.94","4","5342.17","5342.17","0.618","0.618","-11.82","","0","0","1","0","0","","","","","","","0.000002172","0.000002171","","","","","","2026-07-20T22:41:48.260Z","2026-07-20T22:43:54.235Z","","","","",""
"CHILLPILLS","ADvAJo7GFj825JGFpPGFamMJMWgJeuLfLrgV35xQpump","96","0.060591329","","","","","","","","","","","","","","","","","","","","","","","","","","","","","","","","","","","","0.000003478","","","","","","","2026-07-20T22:42:06.299Z","","","","","",""
"олд","E59oahLTE4vv9khTBUvnVPPRzND1KkJGyHjgXPvypump","62","0.100000001","","","","","","","","","","","","","","","","","","","","","","","","","","","","","","","","","","","","0.000005923","","","","","","0.000001245","2026-07-20T22:42:12.231Z","","","","","2026-07-20T22:42:48.267Z",""
".01","F2iJjLzasu7d5a3S3XNQrgVmEMmNWb7AMmWvNYJ4pump","","","","","","","","","","","","","","","","","","","","","","","","","","","","","","","","","","","","","","","","","","","","2.303e-7","","","","","","2026-07-20T22:42:24.248Z",""
"Septim","9MmpVHyNrnGLZrjJ1wCcTMyjsvmidYk8aWR8V2GKpump","58","3","","","","","","","","","","","","","","","","","","","","","","","","","","","","","","","","","","","","0.000002168","","","","","","","2026-07-20T22:42:36.250Z","","","","","",""
"ZVX","6QqNA4LmyRi3jVeacfYGXuJKjmJESKDyJDsmEFiFpump","67","0.148148147","","","","","","","128.8","178","-95.2","648","0.148148147","0","0","1","0","0","13248.74","4","1680.78","1680.78","0.587","0.587","505","","0","0","1","0","0","","","","","","","0.000006658","0.00001324","","","","","","2026-07-20T22:42:36.262Z","2026-07-20T22:44:42.272Z","","","","",""
"SCD","4T1afJJZcH4EaSPnoVCfedNQSKfUxqxHJMVb8Wxupump","57","1.97530864","","","","","","","","","","","1.97530864","0","0","0","0","0","2201.19","3","3888.66","3888.66","0.663","0.663","-10.64","","0","0","1","0","0","","","","","","","0.000002201","0.000002201","","","","","","2026-07-20T22:42:42.277Z","2026-07-20T22:43:42.059Z","","","","",""
"A16Z","84NacegTBnSnFmENMApzJ1HmroKssqJtM78XNKyn5GHk","57","5.599999999","","","","","","","","","","","","","","","","","","","","","","","","","","","","","","","","","","","","0.000002238","","","","","","","2026-07-20T22:42:42.291Z","","","","","",""
"$LIQ 📉","23A6G9GfX4XBuuGyJU3sq2mN6WyqPFwgCsx6wFF8pump","56","0.49375","","","","","","","","","","","","","","","","","","","","","","","","","","","","","","","","","","","","0.000001534","","","","","","","2026-07-20T22:43:00.266Z","","","","","",""
"Bruce","HYgJTuDTunQD3q12RKHg2vReJ2GMbfGc4RQwNEhEpump","57","2","","","","","","","","","","","","","","","","","","","","","","","","","","","","","","","","","","","","0.000002164","","","","","","","2026-07-20T22:43:12.237Z","","","","","",""
"ANSEM","FqGqRnsrbFCAjbuWG7LCQ8YgL2tdoyGuits7eo9vpump","56","1.97530864","","","","","","","","","","","1.97530864","1","144","1","0","0","3213.64","3","583.29","583.29","0.615","0.615","30.47","","0","0","1","0","0","","","","","","","0.000003213","0.000003213","","","","","","2026-07-20T22:43:12.269Z","2026-07-20T22:44:12.105Z","","","","",""
"$LIQ 📉","23A88gmRUYigCtLUTKMgjsNitXWsoPZwqi94pd9Kpump","","","","","","","","","","","","","","","","","","","","","","","","","","","","","","","","","","","","","","","","","","","","5.488e-7","","","","","","2026-07-20T22:44:00.263Z",""
"POW","J2JSHQ8xBU15NZe3c4nAyHbT3X3G7LXNid2FQ2vHEn4t","56","5.43125","","","","","","","","","","","","","","","","","","","","","","","","","","","","","","","","","","","","0.000002165","","","","","","","2026-07-20T22:44:00.297Z","","","","","",""
"Pooh","8pBKVVxJT5oBuQ9PzTiN1sVuLP4DZr2d7KhuPjcfpump","57","1.97530864","","","","","","","","","","","1.97530864","0","0","0","0","0","2173.96","3","1334.86","1334.86","0.611","0.611","-11.58","","0","0","1","0","0","","","","","","","0.000002173","0.000002173","","","","","","2026-07-20T22:44:18.233Z","2026-07-20T22:45:24.085Z","","","","",""
"7witoni","B57Rw64WpXFHM7NVhrM8rQy2CEzKFtkZEf6zGffrpump","66","0.060000001","","","","","","","","","","","","","","","","","","","","","","","","","","","","","","","","","","","","0.000002771","","","","","","9.316e-7","2026-07-20T22:44:30.255Z","","","","","2026-07-20T22:45:48.250Z",""
"COONMOON","D3LnQhXPQAwDTg888Y8RjVjEVfwS1XEtFKkqPcNrpump","66","0.090000001","","","","","","","","","","","","","","","","","","","","","","","","","","","","","","","","","","","","0.000005147","","","","","","0.000001123","2026-07-20T22:44:30.326Z","","","","","2026-07-20T22:45:06.256Z",""
"lm","23Jh5PEgHDJE8AzPxKHAKEzRmsrk63Y8DB7P1Bhspump","","","","","","","","","","","","","","","","","","","","","","","","","","","","","","","","","","","","","","","","","","","","7.042e-7","","","","","","2026-07-20T22:44:36.242Z",""
"$FOMO","23A8Dum8mwsrF6JZ59wJuNqpErHk5CRcQsmGUBDspump","56","0.49375","","","","","","","","","","","","","","","","","","","","","","","","","","","","","","","","","","","","0.000002267","","","","","","9.871e-7","2026-07-20T22:44:36.249Z","","","","","2026-07-20T22:46:00.238Z",""
"BRUCE","HqWpynXPct2mA3LPMwKJeo1kxjcJ5Qxk3UNcVduSpump","62","0.098765431","","","","","","","","","","","","","","","","","","","","","","","","","","","","","","","","","","","","0.000002066","","","","","","","2026-07-20T22:44:48.326Z","","","","","",""
"Sidelined","79j4xVFhUDbMjEmzkqba75knkZh2N6YWiUbakj7Apump","","","","","","","","","","","","","","","","","","","","","","","","","","","","","","","","","","","","","","","","","","","","0.000001014","","","","","","2026-07-20T22:45:00.289Z",""
"JimGod","5cCNvtrdJvyAMJtdkjAaWjsLc59kEKcwrpvcVx7rpump","60","0.138271603","","","","","","","0","0","0","914","0.138271603","0","2","1","0","0","6106.39","3","187.97","187.97","0.594","0.594","180","","0","0","1","0","0","","","","","","","0.000006106","0.000006106","","","","","","2026-07-20T22:45:00.348Z","2026-07-20T22:46:06.085Z","","","","",""
"TEGBOTPAD","8y3TgV7e6yY8xMCySTaoD6SBzZp1wzxqmheF9bVCpump","95","61.2345679","","","","","","","6.7","404","0","914","61.2345679","0","0","0","0","0","20064.57","3","4756.52","4756.52","0.714","0.714","0.24","","0","0","1","0","0","","","","","","","0.00002006","0.00002006","","","","","","2026-07-20T22:45:06.267Z","2026-07-20T22:46:06.137Z","","","","",""
"TAYLOR","4kzmWXTbVbeAErpv2u18GZnk3664RCLgP9KyVprVpump","57","1.97530864","","","","","","","","","","","1.97530864","0","0","0","0","0","2173.01","3","3599.76","3599.76","0.648","0.648","-11.62","","0","0","1","0","0","","","","","","","0.000002173","0.000002173","","","","","","2026-07-20T22:45:24.267Z","2026-07-20T22:46:36.024Z","","","","",""
"VIPE","3zWWi3HcUGSi4WQEcUkGF4aNZoQADq4cr7dcDkKgpump","","","","","","","","","","","","","","","","","","","","","","","","","","","","","","","","","","","","","","","","","","","","8.283e-7","","","","","","2026-07-20T22:45:30.283Z",""
"MOMS","8u11oAC4DGYGjEUFUgz1SyLHn4D9pJkeGqWEkRybpump","84","0.059259258","","18.2","","","","","0","0","-70.9","102","0.059259258","2","10","1","0","0","10949.12","3","1544.65","1544.65","0.59","0.59","404","","0","0","1","0","0","-31.40767824497258","","","","","","0.00001027","0.00001094","","","0.000007504","","","2026-07-20T22:45:42.274Z","2026-07-20T22:46:48.041Z","","","2026-07-20T22:47:06.241Z","",""
"BULLRUN","3Q56ySCvxFDAu6H7TamFL5EZYHhMBnatsJW9fEGKpump","77","7.88148148","","","","","","","0","0","-74.4","366","7.88148148","0","0","0","0","0","14302.45","3","10802.17","10802.17","0.725","0.725","314","","0","0","1","0","1","","","","","","","0.000005181","0.0000143","","","","","","2026-07-20T22:45:42.314Z","2026-07-20T22:46:54.249Z","","","","",""
"CANDY","FGmdMhDYkz1tdfjwow7mwVQB71WKUsPraXNcyayJpump","62","5","","","","","","","","","","","","","","","","","","","","","","","","","","","","","","","","","","","","0.000002421","","","","","","","2026-07-20T22:45:48.233Z","","","","","",""
"PILLGUYS","DvhFp77Xisz7THEeMRm25Mh7SURy3geSxtNZxmUppump","91","0.069013868","","","","","","","","","","","","","","","","","","","","","","","","","","","","","","","","","","","","0.000006892","","","","","","0.000001089","2026-07-20T22:46:00.252Z","","","","","2026-07-20T22:47:24.278Z",""
"VIPE","36MitBqbVFK9UzgVr1T44L6A3XY56jVdWqywupdNpump","56","1.97530864","","","","","","","","","","","1.97530864","1","149","1","0","0","3417.25","3","607.83","607.83","0.571","0.571","38.99","","0","0","1","0","0","","","","","","","0.000003417","0.000003417","","","","","","2026-07-20T22:46:06.236Z","2026-07-20T22:47:06.043Z","","","","",""
"VIPE","FTJB6qgAKZ22GKYtidARHguutWieoNVzpXBu3Kkzpump","","","","","","","","","","","","","","","","","","","","","","","","","","","","","","","","","","","","","","","","","","","","3.52e-7","","","","","","2026-07-20T22:46:18.248Z",""
"Mist","ArChL9MucEwfjHvTwGqKsk2pEmyBXbrfQrJU177Rpump","67","4","","","","","","","","","","","","","","","","","","","","","","","","","","","","","","","","","","","","0.000002164","","","","","","","2026-07-20T22:46:24.237Z","","","","","",""
"Bruce","7M7TSUb4FmJKqtvWm8Z8HCaZbYTZur3sPSXusqUVpump","67","5","","","","","","","","","","","","","","","","","","","","","","","","","","","","","","","","","","","","0.000002234","","","","","","","2026-07-20T22:46:24.281Z","","","","","",""
"BULLPEN","sYuqk9X48EamErj9q1GnmQU2BH9w9wfpRj9NBiApump","57","3.950617282","","","","","","","","","","","","","","","","","","","","","","","","","","","","","","","","","","","","0.000002208","","","","","","","2026-07-20T22:46:30.236Z","","","","","",""
"APEPE","DHD2dxn2END3JEF4E1A7ktY4P6Tp5TyvbSrFFafQpump","58","0.060000001","","","","","","","","","","","","","","","","","","","","","","","","","","","","","","","","","","","","0.000001419","","","","","","5.569e-7","2026-07-20T22:46:42.227Z","","","","","2026-07-20T22:47:18.251Z",""
"FEET","J9MPCvnNSA2RiC9XG372K5iztoS4WCwKdvppyq82pump","57","1.97530864","","","","","","","","","","","","","","","","","","","","","","","","","","","","","","","","","","","","0.000002806","","","","","","","2026-07-20T22:46:42.239Z","","","","","",""
"KFPR","Cmtaf41RuFXkdWoyZNUfc99cAPUDzPCARyXkFQeHpump","","","","","","","","","","","","","","","","","","","","","","","","","","","","","","","","","","","","","","","","","","","","3.563e-7","","","","","","2026-07-20T22:46:48.379Z",""
"JimGod","EhDQaigugUKaynZoPPcUgfKrSzpCtvYPR216wDdepump","","","","","","","","","","","","","","","","","","","","","","","","","","","","","","","","","","","","","","","","","","","","8.618e-7","","","","","","2026-07-20T22:47:00.281Z",""
"CLAYNOSAURZ","3JKzZYxoB9urwcjFrrfsRSAaizLQEvj1eLEMv82zpump","57","1.97530864","","","","","","","","","","","1.97530864","0","0","0","0","0","2183.28","3","1483.71","1483.71","0.639","0.639","-11.2","","0","0","1","0","0","","","","","","","0.000002183","0.000002183","","","","","","2026-07-20T22:47:12.233Z","2026-07-20T22:48:18.108Z","","","","",""
"doggy","9ZFPxCKhSPV2oReeWuQhivZ6rieY9uyZCmm9dQFGpump","","","","","","","","","","","","","","","","","","","","","","","","","","","","","","","","","","","","","","","","","","","","2.807e-7","","","","","","2026-07-20T22:47:18.231Z",""
"VIPE","3ueLVwa2o6GEMNdFtsQELnpYYdpac23Qg5aNuXHCpump","62","2.962962961","","","","","","","","","","","","","","","","","","","","","","","","","","","","","","","","","","","","0.000003667","","","","","","","2026-07-20T22:47:18.238Z","","","","","",""
"ReedySkinn","6wGxNwYxmqRwVsFRZbjCLGQgUMhzWt6Q7KeqgbjXpump","60","0.148148147","","","","","","","","","","","","","","","","","","","","","","","","","","","","","","","","","","","","0.000003109","","","","","","","2026-07-20T22:47:24.247Z","","","","","",""
"ICU","9zNCYjtMwuMXsgVwRwew8VG1ERzsaKctXNHPDrFKpump","82","0.059259258","","","","","","","","","","","","","","","","","","","","","","","","","","","","","","","","","","","","0.000006101","","","","","","4.755e-7","2026-07-20T22:47:30.273Z","","","","","2026-07-20T22:48:12.260Z",""
"$FOMO","23AAkyu9uUinq4e5AVsNFAAnUfTwvztn9SLRW4X4pump","","","","","","","","","","","","","","","","","","","","","","","","","","","","","","","","","","","","","","","","","","","","3.185e-7","","","","","","2026-07-20T22:47:54.230Z",""
"GOD","5aZ3jjz96Hw7Y7ywY8bQcEdRNNbLH99nFCxFfWeCpump","","","","","","","","","","","","","","","","","","","","","","","","","","","","","","","","","","","","","","","","","","","","4.235e-8","","","","","","2026-07-20T22:48:12.223Z",""
"$GMEBULL","74uhkTpw28gg65ahuQAWdw81PXxEMusbfoPLJkR6pump","57","1.97530864","","","","","","","","","","","1.97530864","0","0","0","0","0","2246.67","3","3791.75","3791.75","0.687","0.687","-8.62","","0","0","1","0","0","","","","","","","0.000002246","0.000002246","","","","","","2026-07-20T22:48:12.239Z","2026-07-20T22:49:12.032Z","","","","",""
"SMIRNIGO","CqqijtqWKBauqwL9iJUpwCyL8tYQfE9i3uXNCTeRpump","63","0.060000001","","","","","","","35.7","90","-39.1","920","0.060000001","1","14","1","0","0","5631.49","3","35.38","35.38","0.636","0.636","159","","0","0","1","0","0","","","","","","","0.000004505","0.000005631","","","","","","2026-07-20T22:48:30.280Z","2026-07-20T22:49:30.050Z","","","","",""
"$FOMO","23ABtY9CEu527ipRZgG6n2DoJr6WQNw8cqZsaZXhpump","","","","","","","","","","","","","","","","","","","","","","","","","","","","","","","","","","","","","","","","","","","","1.4e-7","","","","","","2026-07-20T22:48:30.297Z",""
"COINFESSIONS","7P5qt1a2jso8wujEpVaKe2UpK2kFtFJHqosUYscapump","71","5.003","","","","","","","","","","","","","","","","","","","","","","","","","","","","","","","","","","","","0.000002165","","","","","","","2026-07-20T22:48:36.293Z","","","","","",""
"JimGod","2XKfaZUsUgh5hFMcN5ChrB5Lt9FNe4F8Qj5MqrU4pump","","","","","","","","","","","","","","","","","","","","","","","","","","","","","","","","","","","","","","","","","","","","2.135e-7","","","","","","2026-07-20T22:48:42.278Z",""
"BUBU","HztTtWz9ooWaqF8zTQoGcW7gWCWK8hhyoKEwkjZFpump","69","0.296296295","","","","","","","","","","","","","","","","","","","","","","","","","","","","","","","","","","","","0.000004183","","","","","","","2026-07-20T22:48:48.232Z","","","","","",""
"$FOMO","23ACNXACfyA66AmhZhRGSdeqKkXVg1B2Co7s96o5pump","","","","","","","","","","","","","","","","","","","","","","","","","","","","","","","","","","","","","","","","","","","","1.403e-7","","","","","","2026-07-20T22:49:00.232Z",""
"GROKINI ","5Ju7wjUfSaYYmQNms3iqUjJ5HJH1ofEkogtNLU8mpump","57","1.97530864","","","","","","","","","","","1.97530864","0","0","0","0","0","2177.01","3","2700.14","2700.14","0.679","0.679","-11.49","","0","0","1","0","0","","","","","","","0.000002174","0.000002177","","","","","","2026-07-20T22:49:06.274Z","2026-07-20T22:50:18.090Z","","","","",""
"GETLAID","D8mYXkfoepR31CM9f9RoenMEvuA91pvgRCzDWKMZpump","100","0.059259258","","","","","","","1463.3","130","-99.9","250","0.059259258","2","3","1","0","0","3153.68","3","1401.43","1401.43","0.583","0.583","45.08","","0","0","1","0","0","","","","","","","0.000001344","0.000003153","","","","","","2026-07-20T22:49:24.223Z","2026-07-20T22:50:30.028Z","","","","",""
" Shakira","8izH4dY8PX9pUnRjDsVBeRiatxpypiQRBw12zHbEpump","59","5","","","","","","","","","","","","","","","","","","","","","","","","","","","","","","","","","","","","0.000002243","","","","","","","2026-07-20T22:49:48.239Z","","","","","",""
"$FOMO","23ADAiQu1wLUAp7jxLrBvTwHJn4GpcC61C4qPFx4pump","55","0.49375","","30.22","","","","","","","","","0.49375","2","53","1","0","0","4253.18","3","911.69","911.69","0.581","0.581","90.13","","0","0","1","0","0","-87.97789795438514","","","","","","0.000002323","0.000004253","","","5.113e-7","","5.113e-7","2026-07-20T22:50:00.235Z","2026-07-20T22:51:00.070Z","","","2026-07-20T22:51:30.290Z","2026-07-20T22:51:30.276Z",""
"GPT-6","Py8Eze6vRgzV2tXj7YQcSphkd9YRLHL6on3LU92pump","80","9.876543208","","","","","","","13.6","44","-59.6","914","9.876543208","0","0","0","0","0","7489.46","4","16685.21","16685.21","0.653","0.653","95.78","","0","0","1","0","1","","","","","","","0.000007208","0.000007489","","","","","","2026-07-20T22:50:06.239Z","2026-07-20T22:52:06.328Z","","","","",""
" Аladdin","3MovfiKrD5RuxbszDxB1baRMuFoeqA7EaCczsBVCpump","57","1.97530864","","","","","","","","","","","1.97530864","0","0","0","0","0","2165.14","3","10034.91","10034.91","0.674","0.674","-11.97","","0","0","1","0","0","","","","","","","0.000002177","0.000002165","","","","","","2026-07-20T22:50:06.246Z","2026-07-20T22:52:00.244Z","","","","",""
"PARTYBULL","HFhVqTAYnuuD2rwi9TDpKpASGKeuMeLA3qhrKzWupump","","","","","","","","","","","","","","","","","","","","","","","","","","","","","","","","","","","","","","","","","","","","5.654e-7","","","","","","2026-07-20T22:50:12.259Z",""
"BULLRUN","5x1PqQDeZ3EwZoE1ZNL7x41fTXs9kBkJ3TuYvphupump","77","7.88148148","auto","102.057","77.789","","","","41.2","210","-72.5","920","7.88148148","0","0","0","0","0","7190.54","3","3171.07","3171.07","0.759","0.759","108","","0","0","1","0","1","-25.048678720445057","","","","","","0.000006497","0.00000719","0.000009033","","0.000005389","","","2026-07-20T22:50:12.271Z","2026-07-20T22:51:30.235Z","2026-07-20T22:52:48.024Z","","2026-07-20T22:53:12.292Z","",""
"SSDC","FHjyfNVL9QimzeqVrR2UEKHDBN5G66ZM9ez6s14Cpump","82","4.938271603","","","","","","","","","","","","","","","","","","","","","","","","","","","","","","","","","","","","0.000002273","","","","","","","2026-07-20T22:50:30.255Z","","","","","",""
"VIPE","BQNyiJRC56FmsSdfzQbTUKCjiZzofeNqmDPPZM8Jpump","","","","","","","","","","","","","","","","","","","","","","","","","","","","","","","","","","","","","","","","","","","","3.394e-7","","","","","","2026-07-20T22:50:54.234Z",""
"SOCKS","HvoYFeau9gtFt1255LH1q4oVZpxCt8eTi7Hbk8dypump","63","1.250000001","","","","","","","0","0","-0.2","904","1.250000001","0","15","1","0","0","4394.05","3","517.63","517.63","0.667","0.667","87.03","","0","0","1","0","0","","","","","","","0.000002353","0.000004394","","","","","","2026-07-20T22:51:24.236Z","2026-07-20T22:52:36.303Z","","","","",""
"Goongod","4JBvsXm9AYUyuUi7sin2kW3Bgfy1DJLhhYd4aPrYpump","56","3","","","","","","","","","","","","","","","","","","","","","","","","","","","","","","","","","","","","0.000002274","","","","","","","2026-07-20T22:51:24.247Z","","","","","",""
"NIGGAJIM","DhGX4vW1h8C9j2HvGYJzsmLiP8FV3ZdMtyJwiLDDpump","61","0.070000001","","","","","","","","","","","","","","","","","","","","","","","","","","","","","","","","","","","","0.000002584","","","","","","5.122e-7","2026-07-20T22:51:42.245Z","","","","","2026-07-20T22:52:18.247Z",""
"KINGMAKING","5uSg67DfUMv1eWdhjUpPFNnXV5TcAB8XAdCNPuKF6mLU","56","5.599999999","","","","","","","","","","","","","","","","","","","","","","","","","","","","","","","","","","","","0.000002165","","","","","","","2026-07-20T22:51:48.225Z","","","","","",""
"VIPE","AVJJGNPejCD1muQP7Z4WF3HNaaksmEiC9pBMKgU1pump","62","2.962962961","","","","","","","","","","","","","","","","","","","","","","","","","","","","","","","","","","","","0.000001617","","","","","","","2026-07-20T22:51:48.240Z","","","","","",""
"looong","Dv9jhUCCyMRuXEXd7Kvxcm6LAuQweSd37zTsFkXbpump","70","4.938271603","","","","","","","","","","","","","","","","","","","","","","","","","","","","","","","","","","","","0.00001357","","","","","","","2026-07-20T22:52:06.306Z","","","","","",""
"FTM6900","25WJ8vmLLwWtwUw4RQfZtPQQk4biqMa5PfJx8yqepump","71","5","","","","","","","","","","","","","","","","","","","","","","","","","","","","","","","","","","","","0.0000029","","","","","","","2026-07-20T22:52:36.349Z","","","","","",""
"GMEBULL","3jS4biecLu6hyhngkRB3KJJhdkB1CDnmA5BfZ4mApump","","","","","","","","","","","","","","","","","","","","","","","","","","","","","","","","","","","","","","","","","","","","1.494e-7","","","","","","2026-07-20T22:52:54.271Z",""
"MUPA","BMFp9CLgZXcsPg9Gosj8PLCVaJVTfV78pR2PL3Yxpump","","","","","","","","","","","","","","","","","","","","","","","","","","","","","","","","","","","","","","","","","","","","4.021e-7","","","","","","2026-07-20T22:53:00.277Z",""
"Dream","59ZhKF9Sc93rywkXShS8poZ6j57JBVkxDmtq5vSmpump","63","3","","","","","","","","","","","","","","","","","","","","","","","","","","","","","","","","","","","","0.000003778","","","","","","","2026-07-20T22:53:06.304Z","","","","","",""
"NIG","9vmTLurck49hbKXvuszYDHvMuwPRFyVD26b4pFZxpump","58","0.200000001","","12.186","","","","","","","","","0.200000001","0","4","1","0","0","2082.98","3","371.12","371.12","0.6","0.6","-5.06","","0","0","1","0","0","-25.888568683957736","","","","","","0.000002078","0.000002082","","","0.000001543","","","2026-07-20T22:53:18.240Z","2026-07-20T22:54:18.050Z","","","2026-07-20T22:54:30.236Z","",""
"mi bro","2MqSeVoKFA3BtTeH1t9cW87cniqaxwM1Mzb4hGsbpump","59","0.500000001","","","","","","","","","","","","","","","","","","","","","","","","","","","","","","","","","","","","0.000003845","","","","","","4.633e-8","2026-07-20T22:53:48.289Z","","","","","2026-07-20T22:54:30.296Z",""
"CHARITY","7QByKRzbUmNGtqSViLX8ive3KvM9uHZhibfx43J9pump","77","0.059259258","","","","","","","0","0","0","920","0.059259258","2","13","1","0","0","3104.62","3","727.82","727.82","0.63","0.63","42.83","","0","0","1","0","0","","","","","","","0.000003104","0.000003104","","","","","","2026-07-20T22:54:00.236Z","2026-07-20T22:55:00.060Z","","","","",""
"GROK","4vduV3RArw6zAW57bnYQA4njxKWWSwibMmzpxyzaha3t","56","5.925925924","","","","","","","","","","","","","","","","","","","","","","","","","","","","","","","","","","","","0.000002165","","","","","","","2026-07-20T22:54:12.229Z","","","","","",""
"MDNRL","2kbx9MXhKd84eengmBbef5KXqohSSMa8rtfnwtGwpump","60","0.060000001","","","","","","","0","0","-70.4","186","0.060000001","1","16","1","0","0","24009.4","3","832.4","832.4","0.642","0.642","1004","","0","0","1","0","0","","","","","","","0.00001392","0.000024","","","","","","2026-07-20T22:54:24.226Z","2026-07-20T22:55:24.021Z","","","","",""
"mensa","2hytRfejsM9WykdAJQDFxZm8uKo9UNY1D35YGE6Vpump","","","","","","","","","","","","","","","","","","","","","","","","","","","","","","","","","","","","","","","","","","","","7.74e-7","","","","","","2026-07-20T22:54:30.250Z",""
"VIPE","5vGpFqzgaxJJU4ka1tbvjkjfRjkX17fb6EYuAEpspump","","","","","","","","","","","","","","","","","","","","","","","","","","","","","","","","","","","","","","","","","","","","8.656e-7","","","","","","2026-07-20T22:54:36.232Z",""
"mensa","ErwYbAy4mH1DZzSp3Lf6uQWCiWVhLGjgcyhpoJH3pump","66","1.580246912","","","","","","","","","","","","","","","","","","","","","","","","","","","","","","","","","","","","0.000001588","","","","","","","2026-07-20T22:55:36.302Z","","","","","",""
"xiao","E8hfKNsKJWhaaEbDrRUVvZuU8bukTkSNciffzVKGpump","67","3.950617282","","","","","","","","","","","","","","","","","","","","","","","","","","","","","","","","","","","","0.000005173","","","","","","","2026-07-20T22:56:00.227Z","","","","","",""
"VIPE","FNUZw67qwMfMS9sS3gDxy1VyWdtHBeU9JXPTGQUbpump","","","","","","","","","","","","","","","","","","","","","","","","","","","","","","","","","","","","","","","","","","","","2.831e-7","","","","","","2026-07-20T22:56:18.240Z",""
"ALLEARS","AuRcAsL1dmKWv4kVSrjfF1kL5UzWDTT5zP3zjEFwpump","","","","","","","","","","","","","","","","","","","","","","","","","","","","","","","","","","","","","","","","","","","","2.438e-7","","","","","","2026-07-20T22:56:18.254Z",""
"FUN","5xh7oAcUfxFJ7WWAvAZDeZYh3uZQF2rtuu3wYsgzpump","57","1.975308641","","","","","","","","","","","1.975308641","0","0","0","0","0","5164.28","3","5001.64","5001.64","0.605","0.605","110","","0","0","1","0","1","","","","","","","0.000004702","0.000005164","","","","","","2026-07-20T22:56:36.232Z","2026-07-20T22:57:36.035Z","","","","",""
"WIFI","H2GSaP41HXwHCg3tg51LZDrmLWSQ67TvCtDmjgMXpump","65","1.500000001","","","","","","","","","","","","","","","","","","","","","","","","","","","","","","","","","","","","0.000001617","","","","","","3.796e-7","2026-07-20T22:56:54.322Z","","","","","2026-07-20T22:57:36.234Z",""
"CHIMPINOUT","8UPGXvLXBJjRXBZVNf4Rw6akX4D3aorU9KDyZoURpump","66","4.938271603","","","","","","","","","","","","","","","","","","","","","","","","","","","","","","","","","","","","0.000002165","","","","","","","2026-07-20T22:57:00.233Z","","","","","",""
"GOON","Gfcmzm2Vbi3W3agPJAthggmR3FnMUVBtYJiyJifypump","61","5","","","","","","","","","","","","","","","","","","","","","","","","","","","","","","","","","","","","0.000002447","","","","","","","2026-07-20T22:57:06.299Z","","","","","",""
"BULLPEN","Bkeeht7YE9DV7yoZhDZJroijqEeYsbMk1gUEmXoCpump","55","5","","","","","","","","","","","","","","","","","","","","","","","","","","","","","","","","","","","","0.000003368","","","","","","","2026-07-20T22:57:18.275Z","","","","","",""
"5","4DoKERRShxuF42PTktEi6mCvWie9cpD4bySfkJeBpump","57","1.97530864","","","","","","","","","","","1.97530864","0","0","0","0","0","2230.25","3","7320.09","7320.09","0.636","0.636","-9.33","","0","0","1","0","0","","","","","","","0.00000223","0.00000223","","","","","","2026-07-20T22:57:48.207Z","2026-07-20T22:58:48.021Z","","","","",""
"BULLPEN","3Jv51FUMDG6QSBY63dYbyYyfuaxfHEdSieDTL8c9pump","63","3","","","","","","","","","","","","","","","","","","","","","","","","","","","","","","","","","","","","0.000002163","","","","","","","2026-07-20T22:57:48.286Z","","","","","",""
"VIPE","DqGGD9PPqi3BC1xQiN2GavviKH79XVYK4KsyDkfzpump","61","2.962962961","","","","","","","0","0","0","920","2.962962961","1","165","1","0","0","3798.1","3","1188.91","1188.91","0.667","0.667","45.3","","0","0","1","0","0","","","","","","","0.000003798","0.000003798","","","","","","2026-07-20T22:57:54.325Z","2026-07-20T22:59:00.096Z","","","","",""
"BULLPEN","G2BLam3hfx53WzZRLM8fznFWj6fAmV1Yu3wCFL1Fpump","60","7","","","","","","","0","0","-1.9","904","7","0","14","0","0","0","2204.28","3","1112.89","1112.89","0.6","0.6","-33.07","","0","0","1","0","0","","","","","","","0.000002204","0.000002204","","","","","","2026-07-20T22:58:00.247Z","2026-07-20T22:59:06.137Z","","","","",""
"VIPE","4iQR1Qk1AVdCjhBj7Y2VjyjDWgTacpkfDSiDAMnipump","69","4.938271603","","","","","","","0","0","0","920","4.938271603","1","166","1","0","0","2765.7","3","2763.45","2763.45","0.565","0.565","-5.82","","0","0","1","0","0","","","","","","","0.000002765","0.000002765","","","","","","2026-07-20T22:58:18.270Z","2026-07-20T22:59:30.274Z","","","","",""
"ZYN","5aF2Z8hXecD2YDL5k1SiskRgZz6F8JAK8j7ecx97pump","57","2","","","","","","","","","","","","","","","","","","","","","","","","","","","","","","","","","","","","0.000002271","","","","","","","2026-07-20T22:58:18.305Z","","","","","",""
"iceburg","Fot2ydmxibj8EPfTGJEbxL5gc4VyiRNdyAyuKCNypump","","","","","","","","","","","","","","","","","","","","","","","","","","","","","","","","","","","","","","","","","","","","1.914e-7","","","","","","2026-07-20T22:58:36.231Z",""
"BULLRUN","9TYEHm9uAhMYsMbaaK69nsYMfwMh9pgMafR5wtoMpump","77","7.88148148","","","","","","","76.1","42","-66.9","902","7.88148148","0","0","0","0","0","6163.2","3","3481.24","3481.24","0.77","0.77","78.53","","0","0","1","0","1","","","","","","","0.000005408","0.000006163","","","","","","2026-07-20T22:58:42.298Z","2026-07-20T22:59:48.156Z","","","","",""
"JIMSOL","2WYeUYH9ySpQ7JH49mvwMfrUPLWrz2uMVRbhapKTpump","","","","","","","","","","","","","","","","","","","","","","","","","","","","","","","","","","","","","","","","","","","","2.124e-7","","","","","","2026-07-20T22:58:42.314Z",""
"Pique","pG8XuK1xvzQobSBHsm95WTRwiSjV2eJ9Xb6CH5tpump","56","3","","","","","","","","","","","","","","","","","","","","","","","","","","","","","","","","","","","","0.000002271","","","","","","","2026-07-20T22:59:06.297Z","","","","","",""
"Pique","79sLdAFsmpcS6PU8qT9BiH7YZddb3gfx4stSG3dhpump","57","1.97530864","","","","","","","","","","","1.97530864","0","0","0","0","0","2187.88","3","8146.16","8146.16","0.655","0.655","-10.98","","0","0","1","0","0","","","","","","","0.000002186","0.000002187","","","","","","2026-07-20T22:59:24.223Z","2026-07-20T23:00:24.023Z","","","","",""
"NILF","HcmA2CVZErMcEakEeF6gnjjedWy6C3wnhorM321pump","","","","","","","","","","","","","","","","","","","","","","","","","","","","","","","","","","","","","","","","","","","","1.932e-8","","","","","","2026-07-20T22:59:30.312Z",""
"BPSTR","Ge4ua32H4yDUCjrPYcEegLkdPzwMNcWChVFkg4vGpump","80","10","","","","","","","","","","","","","","","","","","","","","","","","","","","","","","","","","","","","0.000002698","","","","","","0.000002296","2026-07-20T22:59:42.225Z","","","","","2026-07-20T23:00:18.259Z",""
"RISE","2hjxSzHZRokwgPDD8VVL8WWHGyoAJiNYJdUPvtUKpump","89","35.229629628","","","","","","","18.4","918","0","918","35.229629628","0","2","0","0","0","10681.06","3","2844.34","2844.34","0.923","0.923","4.43","","0","0","1","0","0","","","","","","","0.00001066","0.00001068","","","","","","2026-07-20T22:59:42.267Z","2026-07-20T23:00:42.066Z","","","","",""
"Chloe","CmRK2PA91g2xZLW5Xy8CzVVt8ELhuZMAXecyyPQ1pump","63","3","","","","","","","","","","","","","","","","","","","","","","","","","","","","","","","","","","","","0.000002233","","","","","","","2026-07-20T23:00:30.219Z","","","","","",""
"ICEMAN","Fuiur5ZHjgmuBq8iHP5cVu8eKrNTpxciNrQnVCvYpump","63","0.197530863","","","","","","","","","","","","","","","","","","","","","","","","","","","","","","","","","","","","0.000001736","","","","","","1.026e-7","2026-07-20T23:00:30.268Z","","","","","2026-07-20T23:01:24.211Z",""
"Chloe","3pasQWFWVvAZ3zZUofFCEAGPrUtSpwhd52HGaYitpump","62","5","","","","","","","0","0","-4.8","906","5","0","3","0","0","0","2272.36","3","1317.03","1317.03","0.571","0.571","-22.83","","0","0","1","0","0","","","","","","","0.000002272","0.000002272","","","","","","2026-07-20T23:00:48.248Z","2026-07-20T23:01:54.178Z","","","","",""
"RAGE","5bA94H1CRjYHpouRvvUmfjkPsnvAgo4dp8e5XjGYpump","","","","","","","","","","","","","","","","","","","","","","","","","","","","","","","","","","","","","","","","","","","","8.665e-7","","","","","","2026-07-20T23:00:54.227Z",""
"Theridion","Fb76EPg5GYcHJxsgK7jNZMMfYmoThLLNNnZkK2ixpump","57","1.97530864","","","","","","","","","","","1.97530864","0","0","0","0","0","2301.73","3","6479.77","6479.77","0.655","0.655","-6.35","","0","0","1","0","0","","","","","","","0.000002301","0.000002301","","","","","","2026-07-20T23:00:54.242Z","2026-07-20T23:01:54.048Z","","","","",""
"ansem","8u1LwEbYEVmwxoPhfvFTU2WDkVvhYsAHgb5vqvGKpump","56","0.197530863","","","","","","","","","","","","","","","","","","","","","","","","","","","","","","","","","","","","0.000003776","","","","","","","2026-07-20T23:01:00.259Z","","","","","",""
"POW","6mHEEipMnUV8jp3JcWVPAv5rxUGF6iEUDJrmZ7XMbonk","70","4.9375","","","","","","","","","","","","","","","","","","","","","","","","","","","","","","","","","","","","0.000003606","","","","","","","2026-07-20T23:01:06.213Z","","","","","",""
"GMEBULL","aHQbKLg4CresMxwYXzMd4qBF5vaE8VQ7zZ1iaPXpump","","","","","","","","","","","","","","","","","","","","","","","","","","","","","","","","","","","","","","","","","","","","4.848e-7","","","","","","2026-07-20T23:01:06.259Z",""
"BPSTR","E3bzfqYSA5YVaq6Xoc89aD9X8VCSkgt6nv6KknFepump","","","","","","","","","","","","","","","","","","","","","","","","","","","","","","","","","","","","","","","","","","","","0.000002165","","","","","","2026-07-20T23:01:12.271Z",""
"QUILL","GCfi4bj8H5rvj2LG4kKajHGftY7zMxi5RbvY1FEpump","58","2.962962961","","","","","","","","","","","2.962962961","0","1","0","0","0","2639.81","3","282.39","282.39","0.714","0.714","1.07","","0","0","1","0","0","","","","","","","0.000002639","0.000002639","","","","","","2026-07-20T23:01:12.302Z","2026-07-20T23:02:12.026Z","","","","",""
"NEIN","FFz4vmvzxLhGaBPx3QXjmWSrmupe4FAdXCvVCswhpump","65","0.060000001","","48.2","","","","","0","0","-11","908","0.060000001","0","0","1","0","0","15344.23","3","88.6","88.6","0.684","0.684","606","","0","0","1","0","0","-10.756192959582787","","","","","","0.000005477","0.00001534","","","0.00001369","","","2026-07-20T23:01:12.326Z","2026-07-20T23:02:12.116Z","","","2026-07-20T23:03:00.316Z","",""
"dsadsa","CF5YnFKdqwmoJD5Fkqr2pTYAi1oAtuTujDZ4F1eipump","59","0.108641974","","","","","","","","","","","","","","","","","","","","","","","","","","","","","","","","","","","","0.000003114","","","","","","1.916e-7","2026-07-20T23:01:12.341Z","","","","","2026-07-20T23:01:48.324Z",""
"JIMO","88aSv6tJo2igQVeRa8jCv1pfnaqTeYD93punZdnApump","","","","","","","","","","","","","","","","","","","","","","","","","","","","","","","","","","","","","","","","","","","","3.402e-7","","","","","","2026-07-20T23:01:18.231Z",""
"VIPE","7Sa1BwnK4fvgSN8vHPxDJcgFSZsXcv4PfYLRwaczpump","","","","","","","","","","","","","","","","","","","","","","","","","","","","","","","","","","","","","","","","","","","","7.537e-7","","","","","","2026-07-20T23:01:30.238Z",""
"1","3X4pRsnSE2F6ob7LNMJUgiafW5EAkDkcmQ96ChScpump","58","3","","","","","","","","","","","3","0","1","0","0","0","2279.22","3","1293.2","1293.2","0.677","0.677","-12.93","","0","0","1","0","0","","","","","","","0.000002279","0.000002279","","","","","","2026-07-20T23:01:36.226Z","2026-07-20T23:02:42.021Z","","","","",""
"COCK","BPAufE5hR3S7WZ4phMocz9uBGmg4Vb1TQAsZwydupump","58","3","","","","","","","","","","","","","","","","","","","","","","","","","","","","","","","","","","","","0.000004909","","","","","","","2026-07-20T23:01:42.238Z","","","","","",""
"World","8pjbJ5cBDw3cCGJ3nFWPgs8A9ZJLnPFjUEBvEPdypump","62","2.864197529","","","","","","","","","","","","","","","","","","","","","","","","","","","","","","","","","","","","0.000004559","","","","","","","2026-07-20T23:02:06.264Z","","","","","",""
"VIPE","Eu4UmU9zZ8VjeRwVi9xUQH43BEWEm5TFa5LVLQeXpump","","","","","","","","","","","","","","","","","","","","","","","","","","","","","","","","","","","","","","","","","","","","4.339e-7","","","","","","2026-07-20T23:02:30.334Z",""
"Marigold","3NbK4tFnLdWzCanov8aYFMAQA7aND6FJYQ5rhnjPpump","61","5","","","","","","","","","","","","","","","","","","","","","","","","","","","","","","","","","","","","0.000002163","","","","","","","2026-07-20T23:02:36.300Z","","","","","",""
"Swift","FxftaEKvySrjJEGFWfvcmt1aV6TxqPQP1PrB2q3tpump","57","1.97530864","","","","","","","","","","","","","","","","","","","","","","","","","","","","","","","","","","","","0.000008587","","","","","","","2026-07-20T23:02:42.231Z","","","","","",""
"LIFE","5uSfYCbwsSqfVLwPParq5ikKxTKDKugZaPyBYPYWpump","60","0.138271603","","","","","","","0","0","0","910","0.138271603","0","2","1","0","0","14694.38","3","2146.14","2146.14","0.615","0.615","573","","0","0","1","0","0","","","","","","","0.00001469","0.00001469","","","","","","2026-07-20T23:03:24.236Z","2026-07-20T23:04:30.116Z","","","","",""
"POW","59QK5KCa7DYH3EMa1UVEPR8LNsJQLVDpErHrvqywpump","100","0.09876543","","","","","","","","","","","","","","","","","","","","","","","","","","","","","","","","","","","","0.000002708","","","","","","6.645e-7","2026-07-20T23:03:42.264Z","","","","","2026-07-20T23:04:54.253Z",""
"MAYHEM","PyMfAcy5Q5CR3KExSjE1kdt5zVPReNCjab7uVbUpump","","","","","","","","","","","","","","","","","","","","","","","","","","","","","","","","","","","","","","","","","","","","4.868e-8","","","","","","2026-07-20T23:03:48.212Z",""
"Bankcoin","5fucHQrPDb8KVZKoDgEkKVpd162mDhyEh2BF7pA9pump","61","5","","","","","","","","","","","","","","","","","","","","","","","","","","","","","","","","","","","","0.000002199","","","","","","","2026-07-20T23:03:48.270Z","","","","","",""
"$southwai","EtsPZahJfxz8RWfoK7tF7DvJFCviy7AphK1bypGxpump","66","0.100000001","","","","","","","","","","","","","","","","","","","","","","","","","","","","","","","","","","","","0.000008264","","","","","","","2026-07-20T23:04:00.223Z","","","","","",""
"Sidelined","6c9WWCoFPmPXhSn3vsuoHNVDvtCHerXFT4RqNUVYpump","55","0.197530863","","","","","","","","","","","","","","","","","","","","","","","","","","","","","","","","","","","","0.000006773","","","","","","4.714e-7","2026-07-20T23:04:06.402Z","","","","","2026-07-20T23:04:42.251Z",""
"MAGA PENG","D5vuHoCKRwmC9JfexLjd4LbmpZhrHHjT8bbMYTCBpump","","","","","","","","","","","","","","","","","","","","","","","","","","","","","","","","","","","","","","","","","","","","2.249e-7","","","","","","2026-07-20T23:04:30.345Z",""
"KITSU","EGnA6934YPkKP4KUtDfkPm1SnLGiU2UPLzcw8vrzpump","57","1.97530864","","","","","","","","","","","1.97530864","0","0","0","0","0","2173.19","3","1049.91","1049.91","0.567","0.567","-11.58","","0","0","1","0","0","","","","","","","0.000002173","0.000002173","","","","","","2026-07-20T23:04:48.200Z","2026-07-20T23:05:54.076Z","","","","",""
"GROKLAND","CkipVG7sRdJTSXZrPxf3KaiYR7qwLLSHNS1kZkxipump","67","5","","","","","","","0.2","260","0","910","5","0","1","0","0","0","3393.18","3","1956.33","1956.33","0.88","0.88","15.23","","0","0","1","0","0","","","","","","","0.000003199","0.000003393","","","","","","2026-07-20T23:04:54.267Z","2026-07-20T23:06:00.103Z","","","","",""
"Larp","jQgbTcb1FVEp5MkNEDTPUAdQCUFzP3ZhjXSkBhCpump","75","7","","","","","","","0","0","0","910","7","0","0","0","0","0","2163.47","4","5401.62","5401.62","0.585","0.585","-34.26","","0","0","1","0","0","","","","","","","0.000002174","0.000002163","","","","","","2026-07-20T23:05:00.236Z","2026-07-20T23:07:00.369Z","","","","",""
"NEIN","9rA5A2Ff8UTrrScLEVxj56MZpP8VuCDk1nUeEKMVpump","","","","","","","","","","","","","","","","","","","","","","","","","","","","","","","","","","","","","","","","","","","","1.955e-7","","","","","","2026-07-20T23:05:00.292Z",""
"solana","85LvEiQ4gW2rB69uu4WizzD2pGmunqHogoB6zQ29pump","68","0.250000001","","24.197","","","","","0","0","-72","66","0.250000001","0","0","1","0","0","2716.2","3","39.17","39.17","0.75","0.75","23.48","","0","0","1","0","0","-48.85861561119293","","","","","","0.000002716","0.000002716","","","0.000001389","","7.605e-7","2026-07-20T23:05:06.233Z","2026-07-20T23:05:24.075Z","","","2026-07-20T23:05:48.272Z","2026-07-20T23:06:36.009Z",""
"KITSU","7MhZFRBM4f4bqEJt4numNXSbLRPyBdNFiqhToeZvpump","57","1.97530864","","","","","","","","","","","1.97530864","0","0","0","0","0","2173.07","3","1078.27","1078.27","0.563","0.563","-11.58","","0","0","1","0","0","","","","","","","0.000002173","0.000002173","","","","","","2026-07-20T23:05:12.232Z","2026-07-20T23:06:18.177Z","","","","",""
"Aodyssey","4hgnsBxxgvjScWipU6DAKxDpJnPHStRsayXXBAXKpump","70","4.938271603","","","","","","","73.7","702","-1.6","902","4.938271603","0","0","0","0","0","2730.42","4","964.72","964.72","0.714","0.714","-6.95","","0","0","1","0","0","","","","","","","0.000002934","0.00000273","","","","","","2026-07-20T23:05:12.311Z","2026-07-20T23:07:48.189Z","","","","",""
"MAGA PENG","HiC626k7Kaqwdrswpp2WQFhf5QmDCUsaqYsiACrypump","","","","","","","","","","","","","","","","","","","","","","","","","","","","","","","","","","","","","","","","","","","","1.344e-7","","","","","","2026-07-20T23:05:24.270Z",""
"KITSU","DAfrfdaZmKjRTnU2zxXbS8px5yY3wmyuovAAs6Qppump","57","1.97530864","","","","","","","","","","","1.97530864","0","0","0","0","0","2170.98","3","2697.5","2697.5","0.632","0.632","-11.67","","0","0","1","0","0","","","","","","","0.00000217","0.00000217","","","","","","2026-07-20T23:05:42.239Z","2026-07-20T23:06:42.108Z","","","","",""
"SEN","DbiXDPMEx9eteCTbLrLMJey7KmdQWwjQeQvS7Ew6pump","","","","","","","","","","","","","","","","","","","","","","","","","","","","","","","","","","","","","","","","","","","","0.000001158","","","","","","2026-07-20T23:05:48.236Z",""
"MAGA PENG","97RQVxjUpsmDMEjM5VaZppA76MgFVAEEZD6w1GxWpump","","","","","","","","","","","","","","","","","","","","","","","","","","","","","","","","","","","","","","","","","","","","4.496e-7","","","","","","2026-07-20T23:05:54.213Z",""
"NEIN","4dvrm4cgu7ZyxaCPirwSQXZtJkAgMh5Vyu4cQYpqpump","","","","","","","","","","","","","","","","","","","","","","","","","","","","","","","","","","","","","","","","","","","","1.69e-7","","","","","","2026-07-20T23:06:06.234Z",""
"coin","4Zpzrsw8ae2edRWX6jvB1VFHdvdvDY1QW8WWE9HmA823","56","5.599999999","","","","","","","","","","","5.599999999","0","15","0","0","0","2271.61","3","1152.47","1152.47","0.571","0.571","-25.44","","0","0","1","0","0","","","","","","","0.000002271","0.000002271","","","","","","2026-07-20T23:06:12.264Z","2026-07-20T23:07:24.276Z","","","","",""
"BULLPEN","8RsVoUoeZD7B4DEEoFm4sVNyLuzaaUruVxpymc8wpump","","","","","","","","","","","","","","","","","","","","","","","","","","","","","","","","","","","","","","","","","","","","1.571e-7","","","","","","2026-07-20T23:06:18.279Z",""
"CATS","CDoEMnX1bzzcy5k3USz5R5SxTLoXmoUK8iLV3APppump","57","0.098765431","","60.21","","","","","","","","","0.098765431","0","3","1","0","0","4363.34","3","61.27","61.27","0.652","0.652","100","","0","0","1","0","0","-81.9000687600275","","","","","","0.000001307","0.000004363","","","7.897e-7","","7.897e-7","2026-07-20T23:06:24.256Z","2026-07-20T23:07:36.027Z","","","2026-07-20T23:08:36.237Z","2026-07-20T23:08:36.224Z",""
"Juan","FYkrB2tucVAZEn4gmGutvDqUGu5N1riecVuS6yr4pump","","","","","","","","","","","","","","","","","","","","","","","","","","","","","","","","","","","","","","","","","","","","1.687e-7","","","","","","2026-07-20T23:06:30.277Z",""
"mensa","HAuhX5Zme1AEvap9uDTs6daqrK5VqyPYzNXcRXthpump","","","","","","","","","","","","","","","","","","","","","","","","","","","","","","","","","","","","","","","","","","","","1.954e-7","","","","","","2026-07-20T23:06:36.266Z",""
"LIFE","7jAusGkmL125sP59QnCEFiPVGHa7NaU39MceQCNcpump","","","","","","","","","","","","","","","","","","","","","","","","","","","","","","","","","","","","","","","","","","","","1.217e-7","","","","","","2026-07-20T23:06:36.288Z",""
"2Jimothy","9pqLvuJvu9g946QDM1N9zqz3u5qHGFNR7eVsvkrepump","57","1.97530864","","","","","","","","","","","1.97530864","0","0","0","0","0","2240.27","3","5143.62","5143.62","0.663","0.663","-8.85","","0","0","1","0","0","","","","","","","0.000002221","0.00000224","","","","","","2026-07-20T23:06:48.270Z","2026-07-20T23:07:48.067Z","","","","",""
" ","H6m99EGv4RJ7g4i84pnwpkhYSp7tVMNpQzECb8qrMKeA","61","7","","","","","","","","","","","","","","","","","","","","","","","","","","","","","","","","","","","","0.000002179","","","","","","","2026-07-20T23:06:54.212Z","","","","","",""
"Grokathon","EKsP5A58HbbQnQRbDDHtT3sJ7jrsrxHZT7fD2TEHxGdT","56","5.925925924","","","","","","","","","","","","","","","","","","","","","","","","","","","","","","","","","","","","0.000002163","","","","","","","2026-07-20T23:06:54.304Z","","","","","",""
"GROKATHON","5CDmWpGFoJ4YHhx5V5KvJz78EMhXuSU7KFkm6hxA2aFh","62","8","","","","","","","","","","","","","","","","","","","","","","","","","","","","","","","","","","","","0.000002208","","","","","","","2026-07-20T23:07:00.280Z","","","","","",""
" ","5Z27xveEdrTR1584n7egm85x2xTuK13WuevwScm8pump","56","3","","","","","","","","","","","","","","","","","","","","","","","","","","","","","","","","","","","","0.000002281","","","","","","","2026-07-20T23:07:18.205Z","","","","","",""
"BULLPEN","AmtKGhazTRoAVuzpGgwRqc7vzYLB3Hu39g9ztMVYpump","","","","","","","","","","","","","","","","","","","","","","","","","","","","","","","","","","","","","","","","","","","","5.584e-8","","","","","","2026-07-20T23:07:24.232Z",""
"ROSTER","GvE8xVkBPk6vjjVpwQeXQPdEFxA3ydb2b573Zgc8pump","57","1.97530864","","","","","","","","","","","","","","","","","","","","","","","","","","","","","","","","","","","","0.000002163","","","","","","","2026-07-20T23:07:30.376Z","","","","","",""
"STAR","82SkYksusnCPCo5H2xQnsD2rbJGxq3XvdaPK69p9pump","60","5","","","","","","","","","","","","","","","","","","","","","","","","","","","","","","","","","","","","0.000002168","","","","","","","2026-07-20T23:07:36.238Z","","","","","",""
"MOMMY","CabKfCpGQYzE2MBtfnFWfVL8TVbWnDCtr5DxZrF1pump","67","5","","","","","","","","","","","","","","","","","","","","","","","","","","","","","","","","","","","","0.000004293","","","","","","","2026-07-20T23:07:42.256Z","","","","","",""
"mensa","GKTtQTiHnDDZFUw3y6b8aPXQHevtX3uHz2Dbfv3Ypump","","","","","","","","","","","","","","","","","","","","","","","","","","","","","","","","","","","","","","","","","","","","2.306e-7","","","","","","2026-07-20T23:07:42.272Z",""
"NEIN","6U7g5km3YYdQ8b9yhYBY3Rf9HZKxwexpeFsqjWDEpump","","","","","","","","","","","","","","","","","","","","","","","","","","","","","","","","","","","","","","","","","","","","7.114e-7","","","","","","2026-07-20T23:07:54.273Z",""
"1%","H1GuYvBPRbXTfboSVbUWzyB2pcDQnTsgzRhW6uTqpump","79","4.938271603","","","","","","","","","","","","","","","","","","","","","","","","","","","","","","","","","","","","0.000002271","","","","","","","2026-07-20T23:08:00.290Z","","","","","",""
"MOMMY","DNPNH5FNhWzvsEVWtQWWUnrAGiVtPgksVLsNTUvapump","57","1.97530864","","","","","","","","","","","","","","","","","","","","","","","","","","","","","","","","","","","","0.000002218","","","","","","","2026-07-20T23:08:06.259Z","","","","","",""
"SOL","DCi2dfThVzeSauRkFPtuk9oE8JAXgtjAZmVjyVvXpump","59","0.250000001","","","","","","","","","","","","","","","","","","","","","","","","","","","","","","","","","","","","0.00002325","","","","","","7.178e-7","2026-07-20T23:08:06.277Z","","","","","2026-07-20T23:09:36.226Z",""
"CHOOD","FqyLhKok7qpWuvbT6ujLr9Qk33Lr4nxke3JVeyY3pump","58","0.197530863","","","","","","","","","","","0.197530863","0","4","1","0","0","2044.98","3","188.83","188.83","0.565","0.565","-6.71","","0","0","1","0","0","","","","","","","0.000002044","0.000002044","","","","","","2026-07-20T23:08:30.276Z","2026-07-20T23:09:42.042Z","","","","",""
"BULLPEN","CPNgYTi3hB7mRQYeY1uDx8QrvFFFTpz6iZ3hBxbQpump","","","","","","","","","","","","","","","","","","","","","","","","","","","","","","","","","","","","","","","","","","","","1.105e-7","","","","","","2026-07-20T23:08:54.279Z",""
"1%","AHj44m8WRWs3EdkNx7PQ9dB7i4gWytBij4K1VkVKpump","57","1.97530864","","","","","","","","","","","1.97530864","0","0","0","0","0","2180.48","3","1123.55","1123.55","0.563","0.563","-11.42","","0","0","1","0","0","","","","","","","0.00000218","0.00000218","","","","","","2026-07-20T23:09:06.235Z","2026-07-20T23:10:06.022Z","","","","",""
"NEIN","ESLgvoyiZdWgVG8PU5QyUSC7kg9sqNHaaRZxumi2pump","55","0.060000001","","","","","","","","","","","0.060000001","0","4","1","0","0","2024.07","3","13.01","13.01","0.571","0.571","-6.96","","0","0","1","0","0","","","","","","","0.000002024","0.000002024","","","","","","2026-07-20T23:09:12.229Z","2026-07-20T23:10:12.071Z","","","","",""
"VIPE","8sWLSXgbMG49igdMUiZkYAQUVd8KiFx5efps4yHZpump","55","1.97530864","","","","","","","","","","","1.97530864","1","172","1","0","0","8199.42","3","1280.39","1280.39","0.654","0.654","233","","0","0","1","0","0","","","","","","","0.000008199","0.000008199","","","","","","2026-07-20T23:09:12.246Z","2026-07-20T23:10:18.097Z","","","","",""
"JUAN.","GYZmi7LuBWxaRsM4wLRPLwHWE5mQ1pUbJJ6JCw3xpump","65","0.300000001","","","","","","","","","","","","","","","","","","","","","","","","","","","","","","","","","","","","0.00001138","","","","","","","2026-07-20T23:09:12.265Z","","","","","",""
"mensa","7U5CuHbhe4LinLBg9wmS6A6ig1TXSmP78uFTC2DVpump","69","1.97530864","","","","","","","","","","","","","","","","","","","","","","","","","","","","","","","","","","","","0.000003702","","","","","","","2026-07-20T23:09:18.281Z","","","","","",""
"$bag","Dcdmr2fNXSSuq1ADQ1KwnMNPWAV3Ny3kEshLaFUWpump","","","","","","","","","","","","","","","","","","","","","","","","","","","","","","","","","","","","","","","","","","","","3.228e-7","","","","","","2026-07-20T23:09:18.343Z",""
"1%","794zKruHE51NtFpzVbZW4H5agVtCEfZzXkGv9U52pump","57","1.97530864","","","","","","","","","","","1.97530864","0","0","0","0","0","2176.41","3","1299.33","1299.33","0.553","0.553","-11.58","","0","0","1","0","0","","","","","","","0.000002176","0.000002176","","","","","","2026-07-20T23:09:30.235Z","2026-07-20T23:10:36.015Z","","","","",""
"$CTSV","6JFjunN9AK1Ez2n83k62EQzXVZcJaK7mPvqD2jFppump","69","0.3","","","","","","","0","0","0","902","0.3","0","0","1","0","0","3953.48","3","350.29","350.29","0.556","0.556","78.86","","0","0","1","0","0","","","","","","","0.000003953","0.000003953","","","","","","2026-07-20T23:09:42.232Z","2026-07-20T23:10:48.101Z","","","","",""
"Cancel","FKPp2fRRvC3qujoo8J56zgtpCjU5hj8KBj8XPBGCpump","57","1.97530864","","","","","","","","","","","","","","","","","","","","","","","","","","","","","","","","","","","","0.000007385","","","","","","","2026-07-20T23:10:12.272Z","","","","","",""
"$CTSV","7RM9H3SonxZ8t4gNmr4Jau7vidwX3JqZyABWzkmFpump","65","0.3","","","","","","","0","396","0","906","0.3","0","1","1","0","0","6376.89","3","1668.11","1668.11","0.595","0.595","188","","0","0","1","0","0","","","","","","","0.000006376","0.000006376","","","","","","2026-07-20T23:10:12.293Z","2026-07-20T23:11:24.020Z","","","","",""
"BTF","CSqBo1Z12zAFtiB2bqhKfx4MPiraZfm8ue3zLRFuL3Aa","58","11.85185185","","","","","","","","","","","","","","","","","","","","","","","","","","","","","","","","","","","","0.000003463","","","","","","0.00000232","2026-07-20T23:10:42.228Z","","","","","2026-07-20T23:11:18.295Z",""
"GROKATHON","2FywPVTebTNCD7uP3ySeUfS9tWhbWsbPgNRMYkXvpump","63","2.962962961","","","","","","","","","","","","","","","","","","","","","","","","","","","","","","","","","","","","0.000002573","","","","","","","2026-07-20T23:10:48.294Z","","","","","",""
"GREED 3","39XEQv41oG2Bmygo83KzY5vrAD4znFAK8TDTm2Jmpump","60","3.3","","","","","","","0","0","-1.8","908","3.3","0","1","0","0","0","2208.07","3","890.02","890.02","0.571","0.571","-17.29","","0","0","1","0","0","","","","","","","0.000002208","0.000002208","","","","","","2026-07-20T23:11:12.212Z","2026-07-20T23:12:12.017Z","","","","",""
"BTF","65aCJqz7ViNvWBKfMT8co15uMDfYM9GgbpRN5ca3pump","68","4","","","","","","","","","","","","","","","","","","","","","","","","","","","","","","","","","","","","0.000002166","","","","","","","2026-07-20T23:11:12.233Z","","","","","",""
"sol","DqzVR1jo1D7y61QW5h13oT99aQByUF9doBrgTSADpump","68","0.250000001","","","","","","","","","","","","","","","","","","","","","","","","","","","","","","","","","","","","0.000001579","","","","","","1.928e-7","2026-07-20T23:11:18.275Z","","","","","2026-07-20T23:12:00.227Z",""
"$CTSV","D6XYxpu4NkVN7tuZiHCFvoc46vwo7ELSyidHeS1Qpump","","","","","","","","","","","","","","","","","","","","","","","","","","","","","","","","","","","","","","","","","","","","2.438e-7","","","","","","2026-07-20T23:11:18.317Z",""
"P0B","49bva4XQ12EDTB88paWNHnKeCbysiBZJ4FrrRURQpump","66","0.13","","","","","","","","","","","","","","","","","","","","","","","","","","","","","","","","","","","","0.0000141","","","","","","","2026-07-20T23:11:36.237Z","","","","","",""
"BTF","H6hGHCcizwaLArkgXKcnACn5PX432HPorMSioSKspump","55","5","","","","","","","","","","","","","","","","","","","","","","","","","","","","","","","","","","","","0.000002275","","","","","","","2026-07-20T23:11:42.221Z","","","","","",""
"POW","APLKGnNcZbTi3uvHFUcr3dwLajD2ko1QphpVoTXrYrga","62","4.9375","","","","","","","","","","","","","","","","","","","","","","","","","","","","","","","","","","","","0.000002169","","","","","","","2026-07-20T23:11:54.284Z","","","","","",""
"GROKATHON","BTN2Pd26QfoFEkDkLzprkFUfvGSEqscXwKWvCJH5UgKc","71","5","","","","","","","","","","","","","","","","","","","","","","","","","","","","","","","","","","","","0.000002275","","","","","","","2026-07-20T23:12:00.247Z","","","","","",""
"GROKATHON","3gxV2MB54FhAsh3qFyHcZVyX8GkB4UeHujW41tArpump","66","4","","","","","","","","","","","","","","","","","","","","","","","","","","","","","","","","","","","","0.000002275","","","","","","","2026-07-20T23:12:18.344Z","","","","","",""
"GROKATHON","D42WycncXLnSCcwRyrXxvfNUopwpFZnRpykHumkLpump","58","3","","","","","","","","","","","","","","","","","","","","","","","","","","","","","","","","","","","","0.000002237","","","","","","","2026-07-20T23:12:24.236Z","","","","","",""
"JUAN.","H1QNGibx8fitsqiota8zQ4H5VDZH3rXbV3aRgwB1pump","64","0.400000001","","","","","","","19.9","38","-35","908","0.400000001","0","2","1","0","0","3079.36","3","227.67","227.67","0.56","0.56","38.4","","0","0","1","0","0","","","","","","","0.000003079","0.000003079","","","","","","2026-07-20T23:12:30.234Z","2026-07-20T23:13:42.223Z","","","","",""
"$CTSV","7EUyhnomx5nY4ERSw2BEkddiDL5B4zNsGbfq3aHepump","73","1.5","","","","","","","0","0","0","902","1.5","0","3","1","0","0","2632.41","3","1390.76","1390.76","0.564","0.564","10.19","","0","0","1","0","0","","","","","","","0.000002632","0.000002632","","","","","","2026-07-20T23:12:36.250Z","2026-07-20T23:13:48.288Z","","","","",""
"mensa","DxKybCHnL5aurmi9XX4HdQMY45885KfDtQiuSKekpump","56","0.592592591","","","","","","","","","","","","","","","","","","","","","","","","","","","","","","","","","","","","0.000002044","","","","","","","2026-07-20T23:12:42.219Z","","","","","",""
"P0B","5fW7Qv6i4Nef2EXRNz1sG1BRmCEJ3jm4hgSMwVphpump","","","","","","","","","","","","","","","","","","","","","","","","","","","","","","","","","","","","","","","","","","","","1.331e-7","","","","","","2026-07-20T23:12:54.229Z",""
"BUBU","CmbgXM7qxRn5wduxnHKHseMUbefjnozvnsH9fL8apump","65","0.098765431","","","","","","","","","","","","","","","","","","","","","","","","","","","","","","","","","","","","0.000003938","","","","","","2.314e-7","2026-07-20T23:13:06.251Z","","","","","2026-07-20T23:14:30.237Z",""
"$CTSV","CC8gHUyhJXK1f2cK1Yr37A43q523rAV7KrERiv42pump","","","","","","","","","","","","","","","","","","","","","","","","","","","","","","","","","","","","","","","","","","","","2.769e-7","","","","","","2026-07-20T23:13:06.275Z",""
"GROKATHON","Et5qRKcmxJzwRuTJB3aRe6S8JnofKTZ5Nbsuj4kUpump","57","1.97530864","","","","","","","","","","","","","","","","","","","","","","","","","","","","","","","","","","","","0.000009066","","","","","","","2026-07-20T23:13:12.239Z","","","","","",""
"P0B","GbYcc8dYTio8LSeJXQrc676dcFDDgmEYAEdq4Uizpump","64","0.13","","11.948","","","","","0","0","-96.1","10","0.13","2","23","1","0","0","4929.83","3","2677.75","2677.75","0.647","0.647","126","","0","0","1","0","0","-96.08642726719415","","","","","","0.000004859","0.000004929","","","1.929e-7","","1.929e-7","2026-07-20T23:13:24.227Z","2026-07-20T23:14:30.126Z","","","2026-07-20T23:14:42.074Z","2026-07-20T23:14:42.059Z",""
"jimothy","3H334yjgMRnyEnpkrLwz6QQAZJnRQeLNoLCYmJTYpump","","","","","","","","","0","0","-4.6","904","0.111000001","1","5","0","0","0","2272.87","3","55.46","55.46","1","1","4.12","","0","0","1","0","0","","","","","","","","0.000002272","","","","","","","2026-07-20T23:13:36.079Z","","","","",""
"$CRYBULL","2jAjyignM2SMcGLUZEZz8PyxG682aXWFK4kwnxwapump","62","0.120000001","","","","","","","0","0","0","904","0.120000001","0","1","1","0","0","4428.74","4","955.78","955.78","0.553","0.553","103","","0","0","1","0","0","","","","","","","0.000005471","0.000004428","","","","","","2026-07-20T23:13:36.220Z","2026-07-20T23:15:36.047Z","","","","",""
"LRLY","DWpaY8JKt1cXeyuxuJZs9geMXFiaVvb368n1SCzapump","","","","","","","","","","","","","","","","","","","","","","","","","","","","","","","","","","","","","","","","","","","","2.283e-7","","","","","","2026-07-20T23:13:42.294Z",""
"PORK ","5zdPKw27RfA7NrwJUzPJuQdwCzWstyMDJXFWqNprpump","","","","","","","","","","","","","","","","","","","","","","","","","","","","","","","","","","","","","","","","","","","","1.131e-7","","","","","","2026-07-20T23:13:48.202Z",""
"mensa","EpY9JHDBYANbE3pTc3yVdhPBo83H2YRTpnYm3tbspump","","","","","","","","","","","","","","","","","","","","","","","","","","","","","","","","","","","","","","","","","","","","2.762e-8","","","","","","2026-07-20T23:13:48.221Z",""
"MINION","3FDmKWsyyBW49B1uiGK2eZ7bXeUj8iQuFLXtDx6Bpump","58","5","","","","","","","","","","","","","","","","","","","","","","","","","","","","","","","","","","","","0.000002276","","","","","","","2026-07-20T23:14:00.213Z","","","","","",""
"BUBU","G5j4acsJnYn5xU8BbwnydDaKt6z4xB3FknU6ZWy2pump","","","","","","","","","","","","","","","","","","","","","","","","","","","","","","","","","","","","","","","","","","","","8.479e-7","","","","","","2026-07-20T23:14:12.306Z",""
"GROKATHON","3irjuyQaS8RtAx7dqwtqgAEmkgmFpwpnUitXebG9pump","64","5","","","","","","","","","","","","","","","","","","","","","","","","","","","","","","","","","","","","0.000002247","","","","","","","2026-07-20T23:14:36.275Z","","","","","",""
"RUINED","2o6NznG3muSGWWoh9yFwtQebGG3mF4XLRiKCbFvBpump","84","0.246913579","","","","","","","","","","","","","","","","","","","","","","","","","","","","","","","","","","","","0.000001417","","","","","","6.225e-7","2026-07-20T23:14:42.321Z","","","","","2026-07-20T23:15:24.225Z",""
"$bag","6PNNNnwuSvFq3xmqxgMzo4rYzj5AscYbvidU3Mfipump","","","","","","","","","","","","","","","","","","","","","","","","","","","","","","","","","","","","","","","","","","","","9.656e-8","","","","","","2026-07-20T23:15:00.213Z",""
"mensa","25aLtTvQDbuRkNEVwLMZHAg1urbVXPv3KSp9CNczpump","","","","","","","","","","","","","","","","","","","","","","","","","","","","","","","","","","","","","","","","","","","","7.949e-7","","","","","","2026-07-20T23:15:00.233Z",""
"$CRYBULL","5g2vAmpAw95vuEiQiMmNARhmVJuLQ3r9gF5b6R82pump","","","","","","","","","","","","","","","","","","","","","","","","","","","","","","","","","","","","","","","","","","","","3.527e-7","","","","","","2026-07-20T23:15:12.217Z",""
"VIPE","8eGQaM7RXPucU76hqHnYKvLfhedkHm2g4ntuaVaGpump","55","1.97530864","","","","","","","","","","","1.97530864","1","180","1","0","0","3867.18","3","604.13","604.13","0.714","0.714","57","","0","0","1","0","0","","","","","","","0.000003867","0.000003867","","","","","","2026-07-20T23:15:24.242Z","2026-07-20T23:16:24.039Z","","","","",""
"$CRYBULL","9JSbsACzksLVx4cfdy95yqiwCjoU6a5PPp3HfUQEpump","","","","","","","","","","","","","","","","","","","","","","","","","","","","","","","","","","","","","","","","","","","","5.115e-8","","","","","","2026-07-20T23:15:30.228Z",""
"WAGMI","125LuneFxSL6nmMQrLRTPvbxAMq8wc5nAirUwWsapump","57","1.97530864","","","","","","","","","","","1.97530864","0","0","0","0","0","2236.14","3","3753.78","3753.78","0.576","0.576","-9.22","","0","0","1","0","0","","","","","","","0.000002332","0.000002236","","","","","","2026-07-20T23:15:54.225Z","2026-07-20T23:17:48.273Z","","","","",""
"GROKLAND","9NRsEB7GWzG4R9wwpzMvWaCwxxK5mBn3oya4AHGWpump","64","5","","","","","","","41.3","102","-80.9","302","5","0","2","0","0","0","11450.23","3","33019.34","33019.34","0.553","0.553","288","","0","0","1","0","1","","","","","","","0.000007042","0.00001145","","","","","","2026-07-20T23:16:06.213Z","2026-07-20T23:17:18.226Z","","","","",""
"Nigaholic","7oPKLijmTyG6SocMkWdq1q8zhey4mibHP9McN2zWpump","57","2","","","","","","","","","","","2","0","0","0","0","0","2276.6","3","1083.88","1083.88","0.6","0.6","-7.72","","0","0","1","0","0","","","","","","","0.000002276","0.000002276","","","","","","2026-07-20T23:16:06.232Z","2026-07-20T23:17:12.142Z","","","","",""
"mensa","3T854CeAvCdxhW8caWHVNUYcrAdMQy8pfUK3BoKzpump","55","0.592592591","","","","","","","","","","","0.592592591","8","130","1","0","0","1406.41","3","1665","1665","0.552","0.552","-37.62","","0","0","1","0","0","","","","","","","0.000001406","0.000001406","","","","","","2026-07-20T23:16:48.224Z","2026-07-20T23:17:54.021Z","","","","",""
"Skylands","2p5bQEnfTaVm76ih2jpq3DMCFhUNK8frCaWvBFBGpump","66","0.395061727","","","","","","","","","","","","","","","","","","","","","","","","","","","","","","","","","","","","0.000002945","","","","","","","2026-07-20T23:16:54.221Z","","","","","",""
"JUAN.","CsaxA9vx747FiMU2jPVb3peM7e2PzSKLtR7kyaQPpump","60","0.250000001","","","","","","","","","","","","","","","","","","","","","","","","","","","","","","","","","","","","0.000001871","","","","","","","2026-07-20T23:17:06.227Z","","","","","",""
"CREWS","ESegwLaUVFhvBxbBYzhbprms82DVZNRd5nJkG6SGpump","","","","","","","","","","","","","","","","","","","","","","","","","","","","","","","","","","","","","","","","","","","","4.906e-7","","","","","","2026-07-20T23:17:12.276Z",""
"GAINZ","HYCDQFj4d5KRLkiuqbk7tTd2dK8f7UWdEGX7TTsipump","","","","","","","","","","","","","","","","","","","","","","","","","","","","","","","","","","","","","","","","","","","","2.593e-7","","","","","","2026-07-20T23:17:12.294Z",""
"TESSERA","GifyunQrv8BaQThuQNSRYJrhjFTAFigKie8CDPhKpump","57","1.97530864","","","","","","","","","","","1.97530864","0","0","0","0","0","2187.07","3","1120.35","1120.35","0.568","0.568","-11.21","","0","0","1","0","0","","","","","","","0.000002187","0.000002187","","","","","","2026-07-20T23:17:24.205Z","2026-07-20T23:18:30.045Z","","","","",""
"mensa","88sNyJuhACuJT6PhSXUkcPPqnBv6Sk3bUoUTvVvRpump","","","","","","","","","","","","","","","","","","","","","","","","","","","","","","","","","","","","","","","","","","","","7.26e-7","","","","","","2026-07-20T23:17:36.203Z",""
"PORK ","GD3SUx2BsxL8i6xY8yRMWMHVJ3sCgzesUSiP7jspump","","","","","","","","","","","","","","","","","","","","","","","","","","","","","","","","","","","","","","","","","","","","0.000001008","","","","","","2026-07-20T23:17:48.234Z",""
"MBAG","BaCUhiwzMcSUcMZ9GaSPqBhs21PyY65YHZtRQgfjpump","56","0.098765431","","60.232","","","","","","","","","0.098765431","0","4","1","0","0","3980.44","3","191.41","191.41","0.733","0.733","82.38","","0","0","1","0","0","-26.557788944723626","","","","","","0.000003397","0.00000398","","","0.000002923","","","2026-07-20T23:17:54.218Z","2026-07-20T23:18:54.022Z","","","2026-07-20T23:19:54.254Z","",""
"CREWS","3ptBFP5vQwU383vwBFQPhM672yPuLqW9xog9bCQhpump","","","","","","","","","","","","","","","","","","","","","","","","","","","","","","","","","","","","","","","","","","","","3.585e-7","","","","","","2026-07-20T23:18:06.265Z",""
"Robotdog","8BgsSuiURawpneBCXdSbyua4akGnxWcRUW4fSQy8pump","57","1.97530864","","","","","","","","","","","1.97530864","0","0","0","0","0","2177.76","3","1089.15","1089.15","0.556","0.556","-11.59","","0","0","1","0","0","","","","","","","0.000002177","0.000002177","","","","","","2026-07-20T23:18:12.226Z","2026-07-20T23:19:18.040Z","","","","",""
"DRUNKCAT","eRjg7XK9xpgj6ZxLzgMa8T5MZGrHLjkqmqxbSjtpump","","","","","","","","","","","","","","","","","","","","","","","","","","","","","","","","","","","","","","","","","","","","3.93e-7","","","","","","2026-07-20T23:18:12.247Z",""
"VIPE","GadD6CpQKm1jPAqmULhQBBfBFpC77e8P29evwLd8pump","","","","","","","","","","","","","","","","","","","","","","","","","","","","","","","","","","","","","","","","","","","","1.859e-7","","","","","","2026-07-20T23:18:24.206Z",""
"JUAN.","DQS4ez95f2aQC9x3kec9m1X3fbAkcm7SbrxvXMKApump","","","","","","","","","","","","","","","","","","","","","","","","","","","","","","","","","","","","","","","","","","","","0.000001084","","","","","","2026-07-20T23:18:42.217Z",""
"hh","6XKdV8VUEGsyH9GXZeLsenT9U1Jjv5JsK4VVdtVSpump","","","","","","","","","","","","","","","","","","","","","","","","","","","","","","","","","","","","","","","","","","","","0.000001003","","","","","","2026-07-20T23:18:42.237Z",""
"Robotinu","CPKKMkZsfJ6hvVpVbGSX24tPc6bUb9bMBFex2aerpump","65","4","","","","","","","","","","","","","","","","","","","","","","","","","","","","","","","","","","","","0.000003233","","","","","","","2026-07-20T23:18:48.217Z","","","","","",""
"mensa","GRuLrpxK2robmzYnXjqByJicgYSqynHLLqH96vAmpump","","","","","","","","","","","","","","","","","","","","","","","","","","","","","","","","","","","","","","","","","","","","3.029e-8","","","","","","2026-07-20T23:18:48.253Z",""
"Fedora","GgrtEtzQEZw8yVARYmcGVUFxxB9g2GaG9pDrui3spump","58","3","","","","","","","","","","","","","","","","","","","","","","","","","","","","","","","","","","","","0.000009637","","","","","","","2026-07-20T23:19:06.267Z","","","","","",""
"CRICKET","BEnKRuRT6vP83f9jG2DRymiELUD71sePy3r4WVqQpump","57","1.97530864","","","","","","","","","","","1.97530864","0","0","0","0","0","2178.05","3","1095.88","1095.88","0.564","0.564","-11.59","","0","0","1","0","0","","","","","","","0.000002178","0.000002178","","","","","","2026-07-20T23:19:06.292Z","2026-07-20T23:20:06.017Z","","","","",""
"mayhamnigga","Hq56R7HDNEpNtSbNYfm4R6PAZU9eUXtDdUHn1o56pump","","","","","","","","","","","","","","","","","","","","","","","","","","","","","","","","","","","","","","","","","","","","4.926e-8","","","","","","2026-07-20T23:19:12.259Z",""
"hh","8EQDYKPkHZmN2ipvW7rE529ud4HQ4PR48XkPTjhkpump","","","","","","","","","","","","","","","","","","","","","","","","","","","","","","","","","","","","","","","","","","","","5.09e-7","","","","","","2026-07-20T23:19:18.213Z",""
"Fedora","3NYpDoWDpjNCo7JyLYc73wHsNvtJ3LD9HZ22z31Qpump","63","4","","","","","","","","","","","","","","","","","","","","","","","","","","","","","","","","","","","","0.000002218","","","","","","","2026-07-20T23:19:42.236Z","","","","","",""
"mensa","3rAuhSEKwsi5E66Qe1yCeD4AcrBv5sSZYZngxNrcpump","","","","","","","","","","","","","","","","","","","","","","","","","","","","","","","","","","","","","","","","","","","","5.987e-7","","","","","","2026-07-20T23:19:48.197Z",""
"PEPEYAHU","UdTifPjz2MVmSx9uNwtrUwfQW8K5hLLKvCL59ebpump","66","0.098765431","","","","","","","","","","","","","","","","","","","","","","","","","","","","","","","","","","","","0.00004197","","","","","","","2026-07-20T23:19:54.214Z","","","","","",""
"CRICKET","8q344itwcVJhFNt9BiUmP44sCaEz1y2zsdDbNwrNpump","57","1.97530864","","","","","","","","","","","1.97530864","0","0","0","0","0","2178.16","3","1049.53","1049.53","0.571","0.571","-11.58","","0","0","1","0","0","","","","","","","0.000002178","0.000002178","","","","","","2026-07-20T23:20:00.293Z","2026-07-20T23:21:06.087Z","","","","",""
"DRUNKCAT","CVaYEoYA4unr77oxvwL6ETmKeG5Z4rAQMZuWzNpBpump","","","","","","","","","","","","","","","","","","","","","","","","","","","","","","","","","","","","","","","","","","","","8.039e-7","","","","","","2026-07-20T23:20:00.317Z",""
"mayhamnigga","73thY8TZGBTUWSr5gVWxFk3rPL3Q3NfsjgUdtUr9pump","","","","","","","","","","","","","","","","","","","","","","","","","","","","","","","","","","","","","","","","","","","","1.594e-7","","","","","","2026-07-20T23:20:06.227Z",""
"culture","hZtRZ3YtuusTFbR35KinwHYrrxf7wSNhitsfppmbonk","75","6.9125","","","","","","","","","","","","","","","","","","","","","","","","","","","","","","","","","","","","0.000007203","","","","","","","2026-07-20T23:20:18.237Z","","","","","",""
"mayhamnigga","y6xzKkHTyvrd5JABLFGS1AjpXEZTw4weWBotYVApump","","","","","","","","","","","","","","","","","","","","","","","","","","","","","","","","","","","","","","","","","","","","6.114e-8","","","","","","2026-07-20T23:20:24.210Z",""
"SCUM","3WSf8LH56jbsXaFvUoEkx55X2nMaLDHFtFSXN6CFpump","74","0.059259258","","","","","","","","","","","","","","","","","","","","","","","","","","","","","","","","","","","","0.000001442","","","","","","5.431e-7","2026-07-20T23:20:24.266Z","","","","","2026-07-20T23:21:00.244Z",""
"Pow","7tJJthQ9ckyLsLLoZqNyQXZKiES5P79LPzVLdy6pump","56","0.300000001","","","","","","","","","","","","","","","","","","","","","","","","","","","","","","","","","","","","0.000004246","","","","","","","2026-07-20T23:20:30.222Z","","","","","",""
"fuckmeme","52o5EcAyxdrSvDY7kLzJoN8nwGm4bzxezPqGnq3Zpump","65","0.059259258","","","","","","","","","","","","","","","","","","","","","","","","","","","","","","","","","","","","0.000003408","","","","","","","2026-07-20T23:20:30.241Z","","","","","",""
"TRDS","9bd6WeJ2d4pRqAQ7Fi7WAxHVUndmp5nB9wbvJXvSpump","78","1.250000001","","","","","","","","","","","","","","","","","","","","","","","","","","","","","","","","","","","","0.000001565","","","","","","0.000001397","2026-07-20T23:20:42.256Z","","","","","2026-07-20T23:21:18.243Z",""
"Fedora","Cab7GCvXwvfk8eiGBkd8jRzo1MKZrXtnqjrSKA41pump","57","1.97530864","","","","","","","","","","","1.97530864","0","0","0","0","0","2178.99","3","1098.66","1098.66","0.568","0.568","-11.55","","0","0","1","0","0","","","","","","","0.000002178","0.000002178","","","","","","2026-07-20T23:20:48.285Z","2026-07-20T23:22:00.027Z","","","","",""
"PEPEYAHU","5u7a3any9rUVYV3CmG9eXApe3pUuaLaYzWrQKes6pump","55","0.246913579","","","","","","","","","","","","","","","","","","","","","","","","","","","","","","","","","","","","0.000003389","","","","","","1.12e-7","2026-07-20T23:21:12.194Z","","","","","2026-07-20T23:22:00.288Z",""
"airhorse","6AvJEgN1HF1KVqxFRkHfe1WgdHoQ7jkDxkh2hBpcpump","61","0.060000001","","","","","","","1.6","302","-1.9","902","0.060000001","0","1","1","0","0","3761.62","3","105.92","105.92","0.586","0.586","72.77","","0","0","1","0","0","","","","","","","0.000003761","0.000003761","","","","","","2026-07-20T23:21:12.212Z","2026-07-20T23:22:18.014Z","","","","",""
"Fedora","9L9UQ8GRF4UPbQTD5ndMsqJJPRpbyQAPpqwQckpppump","57","1.97530864","","","","","","","","","","","","","","","","","","","","","","","","","","","","","","","","","","","","0.000002178","","","","","","","2026-07-20T23:21:18.223Z","","","","","",""
"COCK","Fgw9VqGyDwokqrC32aDy4sQBycgRiGEVTBZTaQvtpump","57","1.97530864","","","","","","","","","","","1.97530864","0","0","0","0","0","2178.11","3","1054.23","1054.23","0.563","0.563","-11.58","","0","0","1","0","0","","","","","","","0.000002178","0.000002178","","","","","","2026-07-20T23:21:48.210Z","2026-07-20T23:22:48.103Z","","","","",""
"PEPEYAHU","9xYkvc7WRJmyU6iSX82d7haLpqLfRFbt2UCuHbJ4pump","","","","","","","","","","","","","","","","","","","","","","","","","","","","","","","","","","","","","","","","","","","","8.091e-7","","","","","","2026-07-20T23:21:48.229Z",""
"Pow","GQYr7NoDigmN1GD4oYv4aZwZ6MN4MNe658b7Lp5Jpump","56","0.300000001","","","","","","","","","","","0.300000001","0","8","1","0","0","4647.59","3","138.62","138.62","0.556","0.556","110","","0","0","1","0","0","","","","","","","0.000004647","0.000004647","","","","","","2026-07-20T23:21:54.245Z","2026-07-20T23:23:00.077Z","","","","",""
"mensa","G8Dd8Gx6QnUJ3uoJcVvvHmH4kCMRZThRy8YK27v8pump","55","0.592592591","","","","","","","","","","","0.592592591","8","134","1","0","0","5089.9","3","2361.9","2361.9","0.625","0.625","126","","0","0","1","0","0","","","","","","","0.000003867","0.000005089","","","","","","2026-07-20T23:22:00.246Z","2026-07-20T23:23:06.013Z","","","","",""
"mayhamnigga","9jyRr96uTE2FFWdiHY2zTvFJRvU8C1QmosuFsr5fpump","","","","","","","","","","","","","","","","","","","","","","","","","","","","","","","","","","","","","","","","","","","","2.75e-7","","","","","","2026-07-20T23:22:12.229Z",""
"Robotinu","CZnodYfqY8uPXT2mxKjsW8iWNNHgt15PC8P6872gpump","57","1.97530864","","","","","","","","","","","1.97530864","0","0","0","0","0","2178.24","3","1077.8","1077.8","0.553","0.553","-11.58","","0","0","1","0","0","","","","","","","0.000002178","0.000002178","","","","","","2026-07-20T23:22:24.224Z","2026-07-20T23:23:24.014Z","","","","",""
"Robotinu","8eduDNidpwpR7TB3hWdFt8M2cTMjsmkGfQS23sttpump","57","1.97530864","","","","","","","","","","","1.97530864","0","0","0","0","0","2276.91","3","1260.17","1260.17","0.577","0.577","-7.57","","0","0","1","0","0","","","","","","","0.000002276","0.000002276","","","","","","2026-07-20T23:22:48.233Z","2026-07-20T23:23:48.051Z","","","","",""
"mayhamnigga","GZit4w4RmTwJ1wxsYfKw5AVhgoQEvZ9FZNJ9iaBKpump","","","","","","","","","","","","","","","","","","","","","","","","","","","","","","","","","","","","","","","","","","","","2.516e-7","","","","","","2026-07-20T23:23:00.253Z",""
"$mentality","DXvb4UvZMguVsWxvakoBCWwWHhaqFq3jB5tiFs9Ppump","","","","","","","","","","","","","","","","","","","","","","","","","","","","","","","","","","","","","","","","","","","","4.587e-7","","","","","","2026-07-20T23:23:00.273Z",""
"$JIMOTHYA","CWTmdaKmjiUSsotrutktE5aJZRbG29U3eWrAbxKhpump","64","3.20000063","","","","","","","","","","","","","","","","","","","","","","","","","","","","","","","","","","","","0.000003415","","","","","","","2026-07-20T23:23:30.276Z","","","","","",""
"LEADGUY","8xQmeM3WrvPVpmVcNrNdqyP5rSiUEuNT5iSQuNtWpump","77","7.901234566","","","","","","","","","","","","","","","","","","","","","","","","","","","","","","","","","","","","0.000002854","","","","","","","2026-07-20T23:23:36.206Z","","","","","",""
"BB","4hBYRTTVceEcJGkMS8vLxkYyo95PkQW2gksQn3xzpump","","","","","","","","","","","","","","","","","","","","","","","","","","","","","","","","","","","","","","","","","","","","0.000001132","","","","","","2026-07-20T23:23:54.315Z",""
"$JUAN","5cE1DzPCsjm4CPewZBbfLtqWgMcpmuXDLiLgUkJKpump","","","","","","","","","","","","","","","","","","","","","","","","","","","","","","","","","","","","","","","","","","","","1.841e-7","","","","","","2026-07-20T23:23:54.367Z",""
"mayhamnigga","Cj65A4dkd44rCwZmQm1tMG2HmTKM1kYJd2MrvsC6pump","58","0.13","","","","","","","","","","","","","","","","","","","","","","","","","","","","","","","","","","","","0.000002305","","","","","","8.506e-7","2026-07-20T23:23:54.387Z","","","","","2026-07-20T23:25:06.233Z",""
"mensa","D84TXKw6DZW1TJCW3zv9x9Wfacr9RBXJ8E5s1sK1pump","","","","","","","","","","","","","","","","","","","","","","","","","","","","","","","","","","","","","","","","","","","","4.59e-7","","","","","","2026-07-20T23:24:12.213Z",""
"airhorse","F4GQfD3oVrqFP7EXvHAaoQkdyceSBHj5fXw93rETpump","","","","","","","","","","","","","","","","","","","","","","","","","","","","","","","","","","","","","","","","","","","","8.325e-7","","","","","","2026-07-20T23:24:12.289Z",""
"Elon","94DJgVzNeGJdCrRtd72Dv2DV5n93W7jJ5sYKHiZZrW5t","68","11.999999999","","","","","","","","","","","","","","","","","","","","","","","","","","","","","","","","","","","","0.000002621","","","","","","0.000002171","2026-07-20T23:24:24.265Z","","","","","2026-07-20T23:25:06.256Z",""
"Nevermind","7KHeGfPywhp5Zxbs3ZNuhJ7mN41gfi5kaQXLbwaNhUMn","69","11.999999999","","","","","","","","","","","","","","","","","","","","","","","","","","","","","","","","","","","","0.000002596","","","","","","0.000002294","2026-07-20T23:24:24.286Z","","","","","2026-07-20T23:25:06.214Z",""
"Hurglet","7fPP7EX6iqoXNp4Gx3KNFVJ4BqDgb8Gccy6PA1napump","57","1.97530864","","","","","","","","","","","1.97530864","0","0","0","0","0","2180.64","3","1054.6","1054.6","0.563","0.563","-11.58","","0","0","1","0","0","","","","","","","0.00000218","0.00000218","","","","","","2026-07-20T23:24:24.368Z","2026-07-20T23:25:30.015Z","","","","",""
"SCUM","9SNMkuWLk2XdKaiMN97GcXX2xcd2RfF2u3h81tA8pump","","","","","","","","","","","","","","","","","","","","","","","","","","","","","","","","","","","","","","","","","","","","1.78e-8","","","","","","2026-07-20T23:24:30.261Z",""
"not nice","HogxD9JZAZvZVadN4M8NQLC3seChG8pujXR19UrK85WJ","55","5.925925924","","","","","","","","","","","","","","","","","","","","","","","","","","","","","","","","","","","","0.000002238","","","","","","","2026-07-20T23:24:30.280Z","","","","","",""
"mean","Hu2Qhn4nt5ARZJJy4f3wmoYommBTYsP94hFRR8o7bajc","","","","","","","","","","","","","","","","","","","","","","","","","","","","","","","","","","","","","","","","","","","","0.000002301","","","","","","2026-07-20T23:24:36.217Z",""
"$bag","4YRPy8ZT5oyJreK61pT8HxZEUqL5CtHoiowetpoupump","99","0.098765431","","","","","","","0","0","0","909","0.098765431","3","5","1","0","0","4149.59","3","91.08","91.08","0.593","0.593","89.88","","0","0","1","0","0","","","","","","","0.000004149","0.000004149","","","","","","2026-07-20T23:24:42.274Z","2026-07-20T23:25:42.063Z","","","","",""
"Nevermind","7iNEs3SATMye1jLCfEY8WhnmpMpG8zNg47FAt5sqpump","56","3","","","","","","","","","","","3","0","2","0","0","0","2279.53","3","635.12","635.12","0.6","0.6","-13.22","","0","0","1","0","0","","","","","","","0.000002279","0.000002279","","","","","","2026-07-20T23:24:54.217Z","2026-07-20T23:26:00.100Z","","","","",""
"COLA","2BZhZU7aBDbjM273MqCj1yTMp3YBXWdKHZB5h5Pjpump","62","4","","","","","","","","","","","","","","","","","","","","","","","","","","","","","","","","","","","","0.000002279","","","","","","","2026-07-20T23:25:00.220Z","","","","","",""
"GAMMA","3G4XxF8m4Jyc8s6XUyiJ8bWeEKxgPBicXVnE9JYDpump","57","1.97530864","","","","","","","","","","","","","","","","","","","","","","","","","","","","","","","","","","","","0.000002171","","","","","","","2026-07-20T23:25:00.245Z","","","","","",""
"SOL","JDv8FTyfEiSJpp2o8m5sDmGXNrRmZZkxky8HtQuLpump","57","1.97530864","","","","","","","","","","","","","","","","","","","","","","","","","","","","","","","","","","","","0.0000022","","","","","","","2026-07-20T23:25:12.200Z","","","","","",""
"airhorse","5vyVJ6aTSQwoGkrqH5zshhv7vA1QhTJkdQUwKy76pump","57","0.060000001","","","","","","","","","","","","","","","","","","","","","","","","","","","","","","","","","","","","0.000002327","","","","","","","2026-07-20T23:25:18.215Z","","","","","",""
"SCC","DAzF1rWqKrne8VYUVs1dHwCzdGa2cbExjTVyb7jhpump","63","3.950617282","","","","","","","","","","","","","","","","","","","","","","","","","","","","","","","","","","","","0.000006311","","","","","","","2026-07-20T23:25:24.211Z","","","","","",""
"COLA","C1BhJMB6vrQTRTUQgn1k9GYYsRrEAxUExfpjMRxqpump","61","4","","","","","","","","","","","","","","","","","","","","","","","","","","","","","","","","","","","","0.000002279","","","","","","","2026-07-20T23:25:24.251Z","","","","","",""
"PEPEYAHU","4omgFSZzMdu3QVV5QnQqEzot7jgDAzxZwHURin3Dpump","","","","","","","","","","","","","","","","","","","","","","","","","","","","","","","","","","","","","","","","","","","","3.569e-7","","","","","","2026-07-20T23:25:36.216Z",""
"EGG","3V3J5Uf9dsbcKY4bSRQmswYqzZ4ZjC3whQvHsWagpump","57","5","","","","","","","","","","","","","","","","","","","","","","","","","","","","","","","","","","","","0.000003117","","","","","","","2026-07-20T23:25:36.234Z","","","","","",""
"SCC","A9g23Xh1Bfj2K6QJsWqashiEdTboiCoQzGFEM85tpump","57","1.97530864","","","","","","","","","","","1.97530864","0","0","0","0","0","2171.02","4","5121.89","5121.89","0.627","0.627","-11.97","","0","0","1","0","0","","","","","","","0.000002214","0.000002171","","","","","","2026-07-20T23:25:48.216Z","2026-07-20T23:28:18.284Z","","","","",""
"SCD","8nd3LdBtEGsqBexSmrM7pzJUyrb8KZRwsxen3yN5pump","57","2.000000001","","96.188","","","","","","","","","2.000000001","0","0","0","0","0","2735.08","3","1954.81","1954.81","0.564","0.564","10.73","","0","0","1","0","0","-15.539305301645342","","","","","","0.000002733","0.000002735","","","0.00000231","","","2026-07-20T23:26:12.213Z","2026-07-20T23:27:12.033Z","","","2026-07-20T23:28:48.221Z","",""
"luna","J9PfuGjg8kBKtUPk62TzwoD52WmmL5ggdECw3vVCpump","","","","","","","","","","","","","","","","","","","","","","","","","","","","","","","","","","","","","","","","","","","","4.805e-7","","","","","","2026-07-20T23:26:18.209Z",""
"PEPEYAHU","CDXi2qsCtfCeMRxpfRj2mQppoQFFAESdH7iR8JJNpump","","","","","","","","","","","","","","","","","","","","","","","","","","","","","","","","","","","","","","","","","","","","6.768e-8","","","","","","2026-07-20T23:26:30.231Z",""
"mensa","HjSnPrhhyyktv6khnHzdgWcVbSdA8tXgDvQ4YMADpump","","","","","","","","","","","","","","","","","","","","","","","","","","","","","","","","","","","","","","","","","","","","1.765e-8","","","","","","2026-07-20T23:26:42.272Z",""
"guts","2yiEQhUT8i3u6dsf58zF1RiHNvFs5ZjDQ99HVJ7Zd7wg","57","7","","","","","","","","","","","","","","","","","","","","","","","","","","","","","","","","","","","","0.000002171","","","","","","","2026-07-20T23:26:48.230Z","","","","","",""
"Cola","HGUnwxyhx2u5d8fkwyRqVt3cjvQq4CLuQbVwKVJJpump","57","1.97530864","","","","","","","","","","","1.97530864","0","0","0","0","0","2280.64","3","1079.07","1079.07","0.6","0.6","-7.53","","0","0","1","0","0","","","","","","","0.00000228","0.00000228","","","","","","2026-07-20T23:26:54.231Z","2026-07-20T23:28:00.052Z","","","","",""
"$confused","6fUNYzCPqgRVcsi9mKTTnYVCaC1yv2Me24MshJ2ppump","","","","","","","","","","","","","","","","","","","","","","","","","","","","","","","","","","","","","","","","","","","","9.886e-8","","","","","","2026-07-20T23:27:00.299Z",""
"Skylands","EKaGGYoRZYDjGxq5jH1NTRmzr2B62JBRSH5NpMg5pump","","","","","","","","","","","","","","","","","","","","","","","","","","","","","","","","","","","","","","","","","","","","3.191e-7","","","","","","2026-07-20T23:27:06.278Z",""
"RABBITFOOT","5PpsQNTQCYjvm8ctTUbnQZMAySZA7czbM7xdh79hpump","57","1.97530864","","","","","","","","","","","1.97530864","0","0","0","0","0","2170.18","3","2596.04","2596.04","0.621","0.621","-12.01","","0","0","1","0","0","","","","","","","0.000002239","0.00000217","","","","","","2026-07-20T23:28:12.244Z","2026-07-20T23:30:00.255Z","","","","",""
"guts","4CQi5tCtuPzD2B6vamS8vSHVxFvj9g1ksdRrK2Cxpump","56","3","","","","","","","","","","","","","","","","","","","","","","","","","","","","","","","","","","","","0.000002296","","","","","","","2026-07-20T23:28:18.383Z","","","","","",""
"$JUAN","F5CfhjMTj9CaYikLeTbUgU13x6Aotn39yzbNaGggpump","57","0.300000001","","54.139","","","","","","","","","0.300000001","0","6","1","0","0","7763.85","3","189.55","189.55","0.625","0.625","251","","0","0","1","0","0","-56.29267035939714","","","","","","0.000004336","0.000007763","","","0.000003393","","","2026-07-20T23:28:42.234Z","2026-07-20T23:29:42.108Z","","","2026-07-20T23:30:36.247Z","",""
"CTD","xHu6ZDh52gPgJkEUsngwzB3r1nzAbHbnApSnfjkpump","63","2.962962961","","","","","","","","","","","","","","","","","","","","","","","","","","","","","","","","","","","","0.000002239","","","","","","","2026-07-20T23:28:42.286Z","","","","","",""
"Vampsolx","E8a4w2bNwrAMcA8EBJMNWpFeFHUusgQiLywBkHv7pump","57","1.97530864","","","","","","","","","","","","","","","","","","","","","","","","","","","","","","","","","","","","0.000002278","","","","","","","2026-07-20T23:29:06.223Z","","","","","",""
"nothing","BkBq3eVfpEMao5GT84hypk2V21so4KcjuZUweW5Ypump","60","5","","","","","","","","","","","","","","","","","","","","","","","","","","","","","","","","","","","","0.000002339","","","","","","","2026-07-20T23:29:12.236Z","","","","","",""
"Skylands","Gjqqwtix9bkBrQeGz6wqq1n378qoMzvaNueqQrxZpump","66","0.691358023","","","","","","","0","0","0","940","0.691358023","0","3","1","0","0","3420.08","3","194.4","194.4","0.714","0.714","50.57","","0","0","1","0","0","","","","","","","0.00000342","0.00000342","","","","","","2026-07-20T23:29:24.218Z","2026-07-20T23:30:30.088Z","","","","",""
"mensa","6yBvxgv4uhCovJTXu1KUZY5XgxuKU13zQDPBiDD6pump","","","","","","","","","","","","","","","","","","","","","","","","","","","","","","","","","","","","","","","","","","","","4.87e-8","","","","","","2026-07-20T23:29:24.270Z",""
"CRYCAT","9oMb5YU4BhYyEfkzuzNFy8WKLhyKoN6T6t4RCfwYpump","56","0.197530863","","","","","","","","","","","0.197530863","0","5","1","0","0","2956.87","3","42.1","42.1","0.6","0.6","34.47","","0","0","1","0","0","","","","","","","0.00000208","0.000002956","","","","","","2026-07-20T23:30:00.306Z","2026-07-20T23:31:00.053Z","","","","",""
"nothing","3nv5SV1M2JKCJoVXKzyG9v15zWsnVeGLUPrFsG58pump","59","5","","","","","","","","","","","","","","","","","","","","","","","","","","","","","","","","","","","","0.000002196","","","","","","","2026-07-20T23:30:30.270Z","","","","","",""
"LAURA","HimzNayY7PDh89LvkMSLyEBzAznF8FsdchEMoQ7Rpump","58","2.962962961","","","","","","","","","","","","","","","","","","","","","","","","","","","","","","","","","","","","0.000002573","","","","","","","2026-07-20T23:30:30.294Z","","","","","",""
"GMEBULL","2NdFivaCsHpJRitNDsHLgKYpqifQGv8ZMxebNy31pump","","","","","","","","","","","","","","","","","","","","","","","","","","","","","","","","","","","","","","","","","","","","7.61e-7","","","","","","2026-07-20T23:30:42.208Z",""
"FA","8T5nRaXRDPGg8fgeP6YNGo9UE5S7TLCrQxP97prZpump","58","0.060000001","","","","","","","","","","","","","","","","","","","","","","","","","","","","","","","","","","","","0.000006461","","","","","","","2026-07-20T23:30:42.259Z","","","","","",""
"$BALD","88n3sS2F2UPQbGo6NvNxoiGRB5u4UB5VHEH7QwBhpump","58","0.060000001","","","","","","","","","","","","","","","","","","","","","","","","","","","","","","","","","","","","0.000001562","","","","","","","2026-07-20T23:30:54.258Z","","","","","",""
"nothing","7vrSNSczyLwx5JJpGW2YNM2U2QwhZpSLcQE3HQbMpump","56","3","","","","","","","","","","","","","","","","","","","","","","","","","","","","","","","","","","","","0.000002278","","","","","","","2026-07-20T23:31:00.197Z","","","","","",""
"win","7tfLvQ1BCSFn6F69sKWRMj1cX6C7NDTRaDk2A4Mbpump","73","3","","","","","","","","","","","","","","","","","","","","","","","","","","","","","","","","","","","","0.000002278","","","","","","","2026-07-20T23:31:00.263Z","","","","","",""
"win","CuAD4zyd74MjXi4JCyCjcqegQzjBiNMrCbv6kUGypump","70","3","","","","","","","","","","","","","","","","","","","","","","","","","","","","","","","","","","","","0.000002278","","","","","","","2026-07-20T23:31:18.213Z","","","","","",""
"BOOBS","Ffo7RJaVFZbxoJA1Qd4Dv2RqSC9VDTqW7iMqz8tSpump","","","","","","","","","","","","","","","","","","","","","","","","","","","","","","","","","","","","","","","","","","","","7.664e-7","","","","","","2026-07-20T23:31:36.274Z",""
"hector","82vpkH6oviX4XdjPuqhVaU1aSCwXkNVL6cn7kammpump","68","0.500000001","","","","","","","0.8","308","-7.2","958","0.500000001","0","1","1","0","0","2368.56","3","104.1","104.1","1","1","5.59","","0","0","1","0","0","","","","","","","0.000002367","0.000002368","","","","","","2026-07-20T23:32:12.231Z","2026-07-20T23:33:12.038Z","","","","",""
"$bag","3QLxzeT9m4ysDgWMZDGjj8BjsrucivsTRq9ii4MNpump","","","","","","","","","","","","","","","","","","","","","","","","","","","","","","","","","","","","","","","","","","","","8.273e-7","","","","","","2026-07-20T23:32:18.268Z",""
"Cinema","GYi9wMARmwAbUG4vzLojJP8SJBXeDn8vpGnvtZxMpump","57","1.97530864","","","","","","","","","","","1.97530864","0","0","0","0","0","2182.07","4","2328.77","2328.77","0.643","0.643","-11.49","","0","0","1","0","0","","","","","","","0.000002188","0.000002182","","","","","","2026-07-20T23:32:30.258Z","2026-07-20T23:34:24.319Z","","","","",""
"Bertha","5UZWGQtY7bq7dtShCMZRdjWR7jSR3VHCzEdeG6pSpump","70","4.938271603","","17.993","","","","","0","0","-75.3","240","4.938271603","0","0","0","0","0","14869.4","3","31488.49","31488.49","0.585","0.585","405","","0","0","1","0","1","-26.648721399730817","","","","","","0.00001248","0.00001486","","","0.0000109","","","2026-07-20T23:32:30.278Z","2026-07-20T23:33:30.019Z","","","2026-07-20T23:33:48.012Z","",""
"Droydstein","FAHNHEsLNgrCEyxwNJasqodei2fBvxVbBVRq1vg9pump","57","1.97530864","","","","","","","","","","","","","","","","","","","","","","","","","","","","","","","","","","","","0.00000218","","","","","","","2026-07-20T23:32:36.232Z","","","","","",""
"Yank","eckuExhcthiKKt6n6bNxAyCdvAjDmGzqkn9Rxa7pump","71","5","","","","","","","","","","","","","","","","","","","","","","","","","","","","","","","","","","","","0.000002285","","","","","","","2026-07-20T23:32:48.273Z","","","","","",""
"Bertha","DaxriyveWoqGm4r1TNEDgq7cJNbp4JF58nQ7xo28pump","58","2.962962961","","","","","","","","","","","","","","","","","","","","","","","","","","","","","","","","","","","","0.000002204","","","","","","","2026-07-20T23:33:18.245Z","","","","","",""
"GBrain","GTsNCpWApSGnXvCbYyxyr6BSpwF2gQGeu2Z1E5Zcpump","63","3","","","","","","","","","","","","","","","","","","","","","","","","","","","","","","","","","","","","0.000002243","","","","","","","2026-07-20T23:33:48.235Z","","","","","",""
"FA","FFLqbU9TJdh2U3U3ut3zw8v4yzEimm94yfNSLYSXpump","","","","","","","","","","","","","","","","","","","","","","","","","","","","","","","","","","","","","","","","","","","","1.84e-7","","","","","","2026-07-20T23:33:54.211Z",""
"Bertha","4ueeiVqSkbVTTA9gCExygjoaN9J96b5HjC3wR5gYpump","59","5","","","","","","","","","","","","","","","","","","","","","","","","","","","","","","","","","","","","0.000002306","","","","","","","2026-07-20T23:34:12.243Z","","","","","",""
"Bertha","41NPUHso1cha7iAj1W8CS2ekWqkgqw5rh1juvT89pump","63","3.950617282","","","","","","","","","","","","","","","","","","","","","","","","","","","","","","","","","","","","0.000002234","","","","","","","2026-07-20T23:34:24.270Z","","","","","",""
"Panopticon","57pCkoVG7x3PWyNyNaMdqMA4gp4ir6ijPeKANR6Upump","57","1.97530864","","","","","","","","","","","1.97530864","0","0","0","0","0","2356.06","3","9413.86","9413.86","0.587","0.587","-4.53","","0","0","1","0","0","","","","","","","0.000002185","0.000002356","","","","","","2026-07-20T23:34:36.273Z","2026-07-20T23:35:36.051Z","","","","",""
".01","E4PL2sBchwJKUpHSsNaSC96nXcsowkZ93Q5FHXtGpump","","","","","","","","","","","","","","","","","","","","","","","","","","","","","","","","","","","","","","","","","","","","3.369e-7","","","","","","2026-07-20T23:35:30.303Z",""
"$bag","6sdAHCoaa52ojzKm7gnPJ2UnakiXwUN9LvSGMor6pump","98","0.059259258","","","","","","","","","","","","","","","","","","","","","","","","","","","","","","","","","","","","0.000009191","","","","","","","2026-07-20T23:35:48.193Z","","","","","",""
"opencod","G5hmv2krRDiXVJMML4ao7qrqr6Y6w1exJ6FLyKAJpump","57","1.97530864","","","","","","","","","","","1.97530864","0","0","0","0","0","2208.31","3","1133.3","1133.3","0.576","0.576","-10.52","","0","0","1","0","0","","","","","","","0.000002208","0.000002208","","","","","","2026-07-20T23:36:36.215Z","2026-07-20T23:37:36.013Z","","","","",""
"ELONIUS","Gnh9CdLUi1KT62mQ7XaAFXVRFyFt8j5pHK4ENW9uJYXk","57","11.85185185","","","","","","","","","","","11.85185185","0","108","0","0","0","14914.23","3","31323.02","31323.02","0.6","0.6","253","","0","0","1","0","1","","","","","","","0.000009008","0.00001491","","","","","","2026-07-20T23:36:54.208Z","2026-07-20T23:38:12.226Z","","","","",""
"GFUEL","CNhqCzQYs3A7pM3DpaGUAtVRdRdiyPFEEc86vbwTpump","","","","","","","","","","","","","","","","","","","","","","","","","","","","","","","","","","","","","","","","","","","","6.297e-8","","","","","","2026-07-20T23:37:00.224Z",""
"CHILL","JEefvsiBWRpfTZsjk9cXVqwYvRwnhPrAhd5VXafpump","","","","","","","","","","","","","","","","","","","","","","","","","","","","","","","","","","","","","","","","","","","","3.216e-7","","","","","","2026-07-20T23:37:06.220Z",""
"Nala","AKXyAFpg7jBXLf2c3NGoarkaDHsvz4A11YLFiLgapump","","","","","","","","","","","","","","","","","","","","","","","","","","","","","","","","","","","","","","","","","","","","3.799e-7","","","","","","2026-07-20T23:37:24.202Z",""
"Dipsem","2hJVKbdU8vLnRGi1Z7DBaaTUk7gh3j19eR8dg4dMpump","57","1.97530864","","","","","","","","","","","","","","","","","","","","","","","","","","","","","","","","","","","","0.000006896","","","","","","","2026-07-20T23:37:30.287Z","","","","","",""
"Dipsem","B2fVvASEQHP9UYPLCSnrTRR6ovWDPXKvjAYqrF5Npump","58","3","","","","","","","","","","","","","","","","","","","","","","","","","","","","","","","","","","","","0.000002172","","","","","","","2026-07-20T23:37:42.214Z","","","","","",""
"DIPSEM","A2mnct69Vjy56zGPcqq1hr7ytf7x3gAhQh2EXVRypump","63","3","","","","","","","","","","","","","","","","","","","","","","","","","","","","","","","","","","","","0.000002776","","","","","","","2026-07-20T23:37:42.241Z","","","","","",""
"ANSEMIFY","EiKPqXoMnSyuTiS9dhBytTAtjJw9YPc4iKyCYKd2pump","57","1.97530864","","","","","","","","","","","","","","","","","","","","","","","","","","","","","","","","","","","","0.000002281","","","","","","","2026-07-20T23:37:48.418Z","","","","","",""
"BULLIE","ChU65SNrFjkNYnK1QK5jnQ2ZZTqYdXZpRPx3xNEZpump","78","0.059259258","","18.012","","","","","0","0","-79.6","12","0.059259258","3","18","1","0","0","79185.45","3","4823.1","4823.1","0.544","0.544","3531","","0","0","1","0","0","-79.6413235665572","","","","","","0.00005143","0.00007918","","","0.00001612","","3.557e-7","2026-07-20T23:38:12.294Z","2026-07-20T23:39:18.032Z","","","2026-07-20T23:39:36.044Z","2026-07-20T23:40:18.224Z",""
"Mexico","WVEtpDQzhTKRnX2jq8rxSjC1PHLVYRooh4eZRGrpump","70","6.3","","","","","","","","","","","","","","","","","","","","","","","","","","","","","","","","","","","","0.000002301","","","","","","","2026-07-20T23:38:18.258Z","","","","","",""
"Pdog","AUvpFT4xQ9uprpVzLsUmFeuEF1iC3V6gYHcPJJY1pump","57","1.97530864","","60.272","","","","","","","","","1.97530864","0","0","0","0","0","3258.23","3","3526.93","3526.93","0.573","0.573","32.02","","0","0","1","0","0","-21.823204419889507","","","","","","0.000002172","0.000003258","","","0.000002547","","","2026-07-20T23:38:24.238Z","2026-07-20T23:39:24.010Z","","","2026-07-20T23:40:24.282Z","",""
"Mexico","JATgmPWbTx5q2wtVnvB3mDnsLN2hueEJkZ7iXwzzpump","79","7","","","","","","","","","","","","","","","","","","","","","","","","","","","","","","","","","","","","0.000002287","","","","","","","2026-07-20T23:38:30.209Z","","","","","",""
"$bag","C19JUXMDNgdFvQELhYPJTmRrGofV83khBj69AkYkpump","","","","","","","","","","","","","","","","","","","","","","","","","","","","","","","","","","","","","","","","","","","","4.466e-7","","","","","","2026-07-20T23:38:36.209Z",""
"Bartolo","4y64KYCqGUkFmPgUwrbTCfb4A4bjakC6fyRCsrSHpump","64","1.000000001","","","","","","","70.8","7","-0.2","946","1.000000001","0","9","1","0","0","23948.8","3","5322.19","5322.19","0.61","0.61","933","","0","0","1","0","0","","","","","","","0.00001835","0.00002394","","","","","","2026-07-20T23:39:18.215Z","2026-07-20T23:40:24.013Z","","","","",""
"CASPER","5H9G9ZCgPJsFsrZMgfxiyi7LA1GfUqLqE1v6faWEpump","73","5","","","","","","","","","","","","","","","","","","","","","","","","","","","","","","","","","","","","0.000002229","","","","","","","2026-07-20T23:39:24.205Z","","","","","",""
"USA","j9bnrWqUBfGn3LLbP2hCie89mwRcQCZLxjvmhgupump","56","2.962962961","","","","","","","","","","","","","","","","","","","","","","","","","","","","","","","","","","","","0.000002172","","","","","","","2026-07-20T23:39:30.222Z","","","","","",""
"BUBU","DB8npmCoF5cqQfR6HXzvm5uE1HpwdbKwb6yEUyDxpump","","","","","","","","","","","","","","","","","","","","","","","","","","","","","","","","","","","","","","","","","","","","9.978e-7","","","","","","2026-07-20T23:39:30.260Z",""
"PONSM","8563D7huhL5mPF67Fk61vX5bjP7EGyMD73fKkW4Ypump","55","0.197530863","","","","","","","","","","","0.197530863","0","6","1","0","0","3061.72","3","54.46","54.46","0.556","0.556","39.12","","0","0","1","0","0","","","","","","","0.000002093","0.000003061","","","","","","2026-07-20T23:39:42.204Z","2026-07-20T23:40:42.930Z","","","","",""
"BTC","7n96JFDUfSG7g6qTd18pwmsJwhLF8YggAAF3C3E2pump","68","3","","","","","","","","","","","","","","","","","","","","","","","","","","","","","","","","","","","","0.000005772","","","","","","","2026-07-20T23:39:42.227Z","","","","","",""
"BTC","7imAtYSKkUy369H6yvtb4Fx25pVNcnKksJLZ9PzSVT3a","70","4.938271603","","","","","","","0","0","-0.5","909","4.938271603","0","0","0","0","0","2183.17","2","2932.01","2932.01","0.588","0.588","-25.9","","0","0","1","0","0","","","","","","","0.000002183","0.000002183","","","","","","2026-07-20T23:40:06.222Z","2026-07-20T23:41:00.901Z","","","","",""
"진똥개","BQtYsMJsEhrFsdDsEFzWioJUc8yYBm9Ab5jXUy2apump","57","1.97530864","","","","","","","","","","","","","","","","","","","","","","","","","","","","","","","","","","","","0.000002414","","","","","","","2026-07-20T23:40:06.282Z","","","","","",""
"$JUAN. ","w7umT7j6A7XujzSCx5JhMBjdeNW5B2WXCT3ML1Zpump","","","","","","","","","","","","","","","","","","","","","","","","","","","","","","","","","","","","","","","","","","","","9.57e-7","","","","","","2026-07-20T23:40:12.221Z",""
"WATERMELON","93kQ2oU9t6MKeeiJT6kiRbYaDabYoJZXGaYHMVz1pump","71","5","","","","","","","","","","","","","","","","","","","","","","","","","","","","","","","","","","","","0.00000228","","","","","","","2026-07-20T23:40:18.314Z","","","","","",""
"진똥개","5RwUSVKyDeAsPKYSAqaWyzFqMfXTF4fucxbbcUxFy93a","70","4.938271603","","","","","","","","","","","","","","","","","","","","","","","","","","","","","","","","","","","","0.00002088","","","","","","","2026-07-20T23:40:37.086Z","","","","","",""
"Tucker","6csTeMRVGMobmK27y6HE6hYaAKvy15axwbCYWnyQpump","70","5","","","","","","","","","","","","","","","","","","","","","","","","","","","","","","","","","","","","0.000002212","","","","","","","2026-07-20T23:40:43.097Z","","","","","",""
"$WetDog","EhLs9X9DfSJqDK4B5ofgkayWavPU2ph8GTCyRagWpump","65","0.060000001","","","","","","","","","","","","","","","","","","","","","","","","","","","","","","","","","","","","0.000001378","","","","","","","2026-07-20T23:41:19.077Z","","","","","",""
"ETHEREUM","2cNMYtBsTnw35EfHMi6oTkntJtzjyWJzLs2tKa8wpump","59","5","","","","","","","","","","","","","","","","","","","","","","","","","","","","","","","","","","","","0.000002288","","","","","","","2026-07-20T23:41:19.143Z","","","","","",""
"$Juan","AVMrQ8MWC9o6V2SejMH6bDog7jzPVuKYoofR5iGypump","","","","","","","","","","","","","","","","","","","","","","","","","","","","","","","","","","","","","","","","","","","","3.925e-7","","","","","","2026-07-20T23:42:10.186Z",""
"ETHEREUM","ACsZGqFgQptc3HQrvvikrTuaCm1GvxGUCRPutcsXpump","57","1.97530864","","","","","","","","","","","","","","","","","","","","","","","","","","","","","","","","","","","","0.000002177","","","","","","","2026-07-20T23:42:10.205Z","","","","","",""
"AFC","ESnFuFpYoxZib9GY6AYRJX61pyjaU6LkvxEdPWztpump","57","1.97530864","","","","","","","","","","","","","","","","","","","","","","","","","","","","","","","","","","","","0.000003944","","","","","","","2026-07-20T23:42:10.242Z","","","","","",""
"COIN","BZmoRFEyk6yQ4BLGMHgN92Jz8y3PwT12XFvqjDkpump","57","1.97530864","","","","","","","","","","","","","","","","","","","","","","","","","","","","","","","","","","","","0.00000217","","","","","","","2026-07-20T23:43:10.136Z","","","","","",""
"Bertha","7nUETtk5KmdAQbfNtvgDKSUNWqoELAnpYKkwScKVpump","58","5","","","","","","","","","","","","","","","","","","","","","","","","","","","","","","","","","","","","0.000002294","","","","","","","2026-07-20T23:43:10.163Z","","","","","",""
"TRDS","4jAowGhYLTEaxBg2xd9UoqWphveupiw5CoLaxJWQpump","100","0.500000001","","","","","","","","","","","","","","","","","","","","","","","","","","","","","","","","","","","","0.000002688","","","","","","","2026-07-20T23:43:10.189Z","","","","","",""
"FL","3KRQLoCXa1R2LmphaEsk6H1KQr9uBbAgYFTg5c13pump","96","10","","","","","","","","","","","","","","","","","","","","","","","","","","","","","","","","","","","","0.000002971","","","","","","","2026-07-20T23:43:10.213Z","","","","","",""
"NAUGHTIUS","HFTbLFmLiH9EDn8tY7shcSXdyaf84FPzNd9zF2jQpump","65","3","","","","","","","","","","","","","","","","","","","","","","","","","","","","","","","","","","","","0.000002948","","","","","","","2026-07-20T23:44:10.146Z","","","","","",""
"BULLIE","2KBCkY9J4YhqZzJft4TnpmHyLCxnME57QV9ReEHKpump","76","0.059259258","","","","","","","","","","","","","","","","","","","","","","","","","","","","","","","","","","","","0.000002643","","","","","","","2026-07-20T23:44:10.184Z","","","","","",""
"NTFS","5wVvnmrZPYgEuPvzuDJ7htqqW1yPtyHyRf2rnmrepump","60","2.469135801","","","","","","","","","","","","","","","","","","","","","","","","","","","","","","","","","","","","0.000003165","","","","","","","2026-07-20T23:44:10.210Z","","","","","",""
"$PEPE","9u6vrebx8WMuegXPY38HRQCF2ZApurm3LrZNyPZ1pump","","","","","","","","","","","","","","","","","","","","","","","","","","","","","","","","","","","","","","","","","","","","4.022e-8","","","","","","2026-07-20T23:44:10.228Z",""
"CHILL","7u3uq1f5V9Z8yS3azgx7HtkAUveXUi1G8wUdtbx5pump","55","0.197530863","","","","","","","","","","","","","","","","","","","","","","","","","","","","","","","","","","","","0.000001832","","","","","","","2026-07-20T23:45:10.152Z","","","","","",""
"nl","J2SWrjbnXwejVDXM8WE6WZrnHJ7Sqg9uTdhWKCpmpump","","","","","","","","","","","","","","","","","","","","","","","","","","","","","","","","","","","","","","","","","","","","6.121e-7","","","","","","2026-07-20T23:45:10.182Z",""
"RETARD","CZw5XCajogXbNzt2E2WeYedHu7yfFJisWHsBjGTDpump","57","1.97530864","","","","","","","","","","","","","","","","","","","","","","","","","","","","","","","","","","","","0.00000218","","","","","","","2026-07-20T23:45:10.211Z","","","","","",""
"ket","ket5CSGAW41mRdxM2tj8Yh2wP9foNmHu2jtKxW1Cirr","57","1.975308641","","","","","","","","","","","","","","","","","","","","","","","","","","","","","","","","","","","","0.00000579","","","","","","","2026-07-20T23:46:10.068Z","","","","","",""
"$PEPE","77J6XermMgvmPWjqJ95WRFXzB4KVD1TxsV3T44P3pump","56","0.100000001","","","","","","","","","","","","","","","","","","","","","","","","","","","","","","","","","","","","0.000003822","","","","","","","2026-07-20T23:46:10.085Z","","","","","",""
"BLUE","EjaZtQ6zXB6tdCQNAMhTYxmo7h8HpJ6rBZfAtFMJpump","","","","","","","","","","","","","","","","","","","","","","","","","","","","","","","","","","","","","","","","","","","","0.000002279","","","","","","2026-07-20T23:46:10.153Z",""
"bruv","3FfjcX1r9HkKp7fXP5N5ekUN97kPUwRr1vsH5nFNpump","58","3","","","","","","","","","","","","","","","","","","","","","","","","","","","","","","","","","","","","0.000004492","","","","","","","2026-07-20T23:48:10.197Z","","","","","",""
"PUP","ANFKkVtYyZWYW7zG1wBmGFRZ5b3RNPGFF9G5TryQpump","60","5","","","","","","","","","","","","","","","","","","","","","","","","","","","","","","","","","","","","0.000002279","","","","","","","2026-07-20T23:48:10.241Z","","","","","",""
"Humanoid","F8ESZahRc4EY1CFsRrGSaJyrEHJNS8FJ3qhAfNT1pump","57","1.97530864","","","","","","","","","","","","","","","","","","","","","","","","","","","","","","","","","","","","0.00000218","","","","","","","2026-07-20T23:48:10.274Z","","","","","",""
"What?$","7ZPKvnkYm2ZunTqEMufDdciGXZsuPsGHPeoQBaabpump","58","0.060000001","","","","","","","","","","","","","","","","","","","","","","","","","","","","","","","","","","","","0.00000297","","","","","","","2026-07-20T23:48:10.299Z","","","","","",""
"BLING","3GytxqwiiKFSsggYWXvJfSWgwmEr58wyioNsioaupump","76","7.042400001","","","","","","","","","","","","","","","","","","","","","","","","","","","","","","","","","","","","0.000004739","","","","","","","2026-07-20T23:49:10.135Z","","","","","",""
"TUFF","8eAF4gjCc64yNDTT4wtTHLKzR2rSZchujZLUaKGZpump","89","22.71604938","","","","","","","","","","","","","","","","","","","","","","","","","","","","","","","","","","","","0.00001248","","","","","","","2026-07-20T23:49:10.160Z","","","","","",""
"Eva","GuN6Bu69u9ztM5HscfYjHkDYna51WawAjutEk1i7pump","","","","","","","","","","","","","","","","","","","","","","","","","","","","","","","","","","","","","","","","","","","","7.166e-7","","","","","","2026-07-20T23:49:10.186Z",""
"REUNITEDPUPPY","9SkAW9foDruTUw2eqMjonxpH8uozFTr2p8bJBKRdpump","57","1.97530864","","","","","","","","","","","","","","","","","","","","","","","","","","","","","","","","","","","","0.000002198","","","","","","","2026-07-20T23:49:10.208Z","","","","","",""
"$PEPE","CXBjLZLiX4bdWxMhp57Bc1K1pSNWv1KTNCUUvcMepump","","","","","","","","","","","","","","","","","","","","","","","","","","","","","","","","","","","","","","","","","","","","2.32e-8","","","","","","2026-07-20T23:50:10.147Z",""
"$ANSEM","sYJpxWWwPQAxbeyJFgfvRqGusoBuGCQaDH1pJqMpump","95","0.069135801","","","","","","","","","","","","","","","","","","","","","","","","","","","","","","","","","","","","0.000009473","","","","","","","2026-07-20T23:50:10.174Z","","","","","",""
"TRDS","FPnnA8e6Qdp16FtfbKXebXheCccQN52vdbJ21MXDpump","","","","","","","","","","","","","","","","","","","","","","","","","","","","","","","","","","","","","","","","","","","","1.052e-7","","","","","","2026-07-20T23:50:10.198Z",""
"DUCKCAT","8ujvkFzDXWEcJyHt8v45y1XYt4qqcDwr8EZ9RTTBpump","57","1.97530864","","","","","","","","","","","","","","","","","","","","","","","","","","","","","","","","","","","","0.000002182","","","","","","","2026-07-20T23:51:10.096Z","","","","","",""
"Thread","GWsvWUTy2REogggaPDgd7cmkUvJV26AraDTjEZN5pump","63","3","","","","","","","","","","","","","","","","","","","","","","","","","","","","","","","","","","","","0.000002254","","","","","","","2026-07-20T23:51:10.134Z","","","","","",""
"Eva","28AwqfpFUR5QadKBcSB8yVLMmJwhWyS7NzRc2rf3pump","","","","","","","","","","","","","","","","","","","","","","","","","","","","","","","","","","","","","","","","","","","","1.275e-8","","","","","","2026-07-20T23:51:10.179Z",""
"$ANSEM","2jZsQ829bpKCkUxeitDxuToLBLkidMFZVGwz5au1pump","","","","","","","","","","","","","","","","","","","","","","","","","","","","","","","","","","","","","","","","","","","","7.088e-8","","","","","","2026-07-20T23:52:10.091Z",""
"COMMUNITY","7RLJac2n6EExDfqcRadP48hKPf5M7YMR5FpfPWU4pump","57","1.97530864","","","","","","","","","","","","","","","","","","","","","","","","","","","","","","","","","","","","0.0000022","","","","","","","2026-07-20T23:52:10.117Z","","","","","",""
"TRDS","BoN1rMABJgbfSVqjHyhZYiWGiHA9k616Hi14PFu1pump","","","","","","","","","","","","","","","","","","","","","","","","","","","","","","","","","","","","","","","","","","","","8.848e-7","","","","","","2026-07-20T23:52:10.142Z",""
"Celeris","GrF6pYdaLY6xtVWZn2Yps4WdEF3DaLAVHuRQfeZhpump","60","2.469135801","","","","","","","","","","","","","","","","","","","","","","","","","","","","","","","","","","","","0.0000026","","","","","","","2026-07-20T23:53:10.067Z","","","","","",""
"PRIETA","GwKrPRGbxn7J68fvi92c4Nn7LerW6h5c5fhqrmYmpump","63","3","","","","","","","","","","","","","","","","","","","","","","","","","","","","","","","","","","","","0.000002291","","","","","","","2026-07-20T23:53:10.086Z","","","","","",""
"GROW","347Qgu5oHhWSWQf12HFwoA4EXbGrNgNbaxUu2sxDpump","57","1.97530864","","","","","","","","","","","","","","","","","","","","","","","","","","","","","","","","","","","","0.000002195","","","","","","","2026-07-20T23:53:10.122Z","","","","","",""
"USWR","MQ8TVPCSvUaraBE2HsGDVYqVgAepAJABCqVtmmjpump","58","2.962962961","","","","","","","","","","","","","","","","","","","","","","","","","","","","","","","","","","","","0.000003089","","","","","","","2026-07-20T23:53:10.141Z","","","","","",""
"Maximus","99RP3S1J3CrJvjLCtmwbhadDeztaVYoby6RcVsgkpump","83","19.753086418","","","","","","","","","","","","","","","","","","","","","","","","","","","","","","","","","","","","0.000006737","","","","","","","2026-07-20T23:54:10.134Z","","","","","",""
"BULLRUN","M3RVEwSxhFkQ6cK69mVMmz83UgU1VW4xqEbxjNhpump","77","7.88148148","","","","","","","","","","","","","","","","","","","","","","","","","","","","","","","","","","","","0.000005613","","","","","","","2026-07-20T23:54:10.163Z","","","","","",""
"Eva","DvZDrVbPhD3wkGXuWLtFo4bgxxjQbFiS6FRdDJNXpump","93","0.078890411","","","","","","","","","","","","","","","","","","","","","","","","","","","","","","","","","","","","0.000009887","","","","","","","2026-07-20T23:54:10.186Z","","","","","",""
"UP JUAN","5nSKABraptJRGozPBdnw3dXJNqdkmprQsTqcto77pump","","","","","","","","","","","","","","","","","","","","","","","","","","","","","","","","","","","","","","","","","","","","1.571e-8","","","","","","2026-07-20T23:54:10.215Z",""
"TRDS","9baEC1VMfyQ9QMYp9MqifqaPhMSVMzHpQvfAJf4Spump","","","","","","","","","","","","","","","","","","","","","","","","","","","","","","","","","","","","","","","","","","","","1.027e-8","","","","","","2026-07-20T23:55:10.101Z",""
"TRENCHER","H4YHP8bU1q3c6kANzZDKisrKkzUDKSXQZxnpAksZpump","68","5","","","","","","","","","","","","","","","","","","","","","","","","","","","","","","","","","","","","0.000002248","","","","","","","2026-07-20T23:55:10.121Z","","","","","",""
"$ANSEM","GekMkY3GhCz5SA37fedyQ5xhWZbo2KPCcQcxJt2qpump","","","","","","","","","","","","","","","","","","","","","","","","","","","","","","","","","","","","","","","","","","","","2.94e-7","","","","","","2026-07-20T23:55:10.141Z",""
"5","BVCAQY5VwMhDYGkHmvFepyj86hqpNCzej1qwdJGugLWa","70","4.938271603","","","","","","","","","","","","","","","","","","","","","","","","","","","","","","","","","","","","0.00000221","","","","","","","2026-07-20T23:55:10.187Z","","","","","",""
"Rigby","AfG78wQCjbGEAZ24zHFHEjWhmg8Q3CgyCqxFGwfPpump","70","4.938271603","","","","","","","","","","","","","","","","","","","","","","","","","","","","","","","","","","","","0.000004064","","","","","","","2026-07-20T23:56:10.109Z","","","","","",""
"Siegfried","GacvaoviMh71YCz1xs2wtaafvjyDeScqefDNHLdCpump","58","5","","","","","","","","","","","","","","","","","","","","","","","","","","","","","","","","","","","","0.000002173","","","","","","","2026-07-20T23:56:10.154Z","","","","","",""
"Maestro ","5FaZtSEz3zGM7E4g33MamadoT54B3eRYCHvvN8Ffpump","","","","","","","","","","","","","","","","","","","","","","","","","","","","","","","","","","","","","","","","","","","","2.436e-7","","","","","","2026-07-20T23:56:10.191Z",""
"INUFFICIENT","5VdGu4To1TXMfk7RUFEA7EJb6EkEmsqJSxmF3vV3pump","57","1.97530864","","","","","","","","","","","","","","","","","","","","","","","","","","","","","","","","","","","","0.000002327","","","","","","","2026-07-20T23:56:10.242Z","","","","","",""
"go","2mdVLryvwLRjdf2nH7yP2ybCVQX3y5GcDxYmNcu2pump","","","","","","","","","","","","","","","","","","","","","","","","","","","","","","","","","","","","","","","","","","","","2.222e-7","","","","","","2026-07-20T23:57:10.087Z",""
"LILY","3utFTrnHqzB9hewwwFJitqdmjFxk4scMTV3exeT1pump","59","3.555555554","","","","","","","","","","","","","","","","","","","","","","","","","","","","","","","","","","","","0.000002718","","","","","","","2026-07-20T23:57:10.124Z","","","","","",""
"Orangie","34NxpG9NwGhWWmNo3SWuUsx1SUCi3CVgbs9zuLscpump","57","1.97530864","","","","","","","","","","","","","","","","","","","","","","","","","","","","","","","","","","","","0.000002181","","","","","","","2026-07-20T23:57:10.150Z","","","","","",""
"BULLIE","3W7gNxon9Xu3JNYsjN4QsG15umbdMq743ew6pomVpump","","","","","","","","","","","","","","","","","","","","","","","","","","","","","","","","","","","","","","","","","","","","6.216e-7","","","","","","2026-07-20T23:57:10.216Z",""
"go","4PMWbGdSfXqEYEvA76376cuqZPNwacU52dYmELzNpump","71","2.962962961","","","","","","","","","","","","","","","","","","","","","","","","","","","","","","","","","","","","0.000003284","","","","","","","2026-07-20T23:58:10.062Z","","","","","",""
"ARKNET","w1aQHrthYJcuSy9qRzsUegWByUPkai242RYcQDGpump","57","1.97530864","","","","","","","","","","","","","","","","","","","","","","","","","","","","","","","","","","","","0.000002211","","","","","","","2026-07-20T23:58:10.081Z","","","","","",""
"LILY","ExvGyjcZr3n6t5MzfaTW1YAZEetefknUvbF5ZirZpump","57","1.97530864","","","","","","","","","","","","","","","","","","","","","","","","","","","","","","","","","","","","0.000002369","","","","","","","2026-07-20T23:58:10.117Z","","","","","",""
"neegy","2H5TbqZSrsbBzbst8cXDKnE3bgW9Boy46do9J9ZZpump","","","","","","","","","","","","","","","","","","","","","","","","","","","","","","","","","","","","","","","","","","","","1.744e-7","","","","","","2026-07-20T23:58:10.140Z",""
"go","EkCA8fjpaDwsPsTXmFC34RHfEKRNM5gien7edP7Lpump","","","","","","","","","","","","","","","","","","","","","","","","","","","","","","","","","","","","","","","","","","","","2.067e-7","","","","","","2026-07-20T23:59:10.071Z",""
"TRDS","GctmC1T4EK3JcxiyGRDwvmMWfRRQ1egLdaSL6meYpump","97","1.000000001","","","","","","","","","","","","","","","","","","","","","","","","","","","","","","","","","","","","0.000004058","","","","","","","2026-07-20T23:59:10.099Z","","","","","",""
"EGGSKI","DB3tT4wJN2Rwo6uHiCXS1Gyyu7rpGgDJ9En41BmMc6Fs","70","4.938271603","","","","","","","","","","","","","","","","","","","","","","","","","","","","","","","","","","","","0.000002283","","","","","","","2026-07-20T23:59:10.132Z","","","","","",""
"PURPLE","GE2QVy5x5QznyF35UbmFPLosBxJF8BSYqCqW92e1pump","64","3.160493825","","","","","","","","","","","","","","","","","","","","","","","","","","","","","","","","","","","","0.000002293","","","","","","","2026-07-21T00:00:10.142Z","","","","","",""
"Fightsbear","23AXquMPCF1yBvM2FCGt27qxZjE9VDXjAiY5S7XGpump","","","","","","","","","","","","","","","","","","","","","","","","","","","","","","","","","","","","","","","","","","","","1.68e-7","","","","","","2026-07-21T00:00:10.176Z",""
"Bella","AiFLNePLpsMFJe41Ybu3kgCLE1SdhK6FbXXRZdCApump","57","1.97530864","","","","","","","","","","","","","","","","","","","","","","","","","","","","","","","","","","","","0.000002209","","","","","","","2026-07-21T00:00:10.217Z","","","","","",""
"FRIEDZONE","HDe5ZkLLyYYRBZxmCkENHp3zHRJwMzbnnXSpJ8pTpump","","","","","","","","","","","","","","","","","","","","","","","","","","","","","","","","","","","","","","","","","","","","1.854e-8","","","","","","2026-07-21T00:01:10.076Z",""
"DEVIL","BtpB4VJap4fkSTAhaXt6LVUT6USwYYvKCfBLHtWapump","60","2.4691358","","","","","","","","","","","","","","","","","","","","","","","","","","","","","","","","","","","","0.000004058","","","","","","","2026-07-21T00:01:10.102Z","","","","","",""
"BUBB","7GVwQyfe7F1F8tbjAnNyfbkuS3CJcK9q37XeEyBWpump","76","0.197530863","","","","","","","","","","","","","","","","","","","","","","","","","","","","","","","","","","","","0.000001604","","","","","","","2026-07-21T00:01:10.133Z","","","","","",""
"go","3rEDvkk6aJvQRXJshJtWD8yehLGYWvbuPLZsNwSBpump","","","","","","","","","","","","","","","","","","","","","","","","","","","","","","","","","","","","","","","","","","","","3.361e-7","","","","","","2026-07-21T00:01:10.157Z",""
"Bella","9Q8oVtdKRabMtY73yKzT1QXzmnYoy8qpgE1kKgnzpump","57","5","","","","","","","","","","","","","","","","","","","","","","","","","","","","","","","","","","","","0.000002198","","","","","","","2026-07-21T00:02:10.153Z","","","","","",""
"Meowpin","3yL4ig3YMp7X67G3Qh9od27oJCAXS26GRnkLSPrfpump","62","3.75","","","","","","","","","","","","","","","","","","","","","","","","","","","","","","","","","","","","0.000002175","","","","","","","2026-07-21T00:02:10.174Z","","","","","",""
"Patrick","BX9x5EAxXJYPGmvftvN4mdaa8GiZf9Vxy7q3iZ49pump","58","3","","","","","","","","","","","","","","","","","","","","","","","","","","","","","","","","","","","","0.000002175","","","","","","","2026-07-21T00:02:10.193Z","","","","","",""
"ALPHA","2FdmrBJatDATWGUAAbsHR3ZdEyjDrACKduPBW4DSd4QY","64","4.938271603","","","","","","","","","","","","","","","","","","","","","","","","","","","","","","","","","","","","0.000002175","","","","","","","2026-07-21T00:02:10.213Z","","","","","",""
"TRDS","yQtLbuzdLxx8viZtq9wPyoruw9U1aT5LHikJeKupump","","","","","","","","","","","","","","","","","","","","","","","","","","","","","","","","","","","","","","","","","","","","4.725e-8","","","","","","2026-07-21T00:03:10.113Z",""
"TRDS","Fz3N9op18YYu1b2yWSZ7KP1a6f8skciAAJ3SHkY4pump","","","","","","","","","","","","","","","","","","","","","","","","","","","","","","","","","","","","","","","","","","","","8.643e-9","","","","","","2026-07-21T00:03:10.138Z",""
"Vazя","BdQDeLRpZx2RdxML6jDXXA9uhUa5MvuuGeYhjjFHZMBa","67","3.950617282","","","","","","","","","","","","","","","","","","","","","","","","","","","","","","","","","","","","0.00002186","","","","","","","2026-07-21T00:03:10.178Z","","","","","",""
"SKYSAIL","6Vp9esnBf6krLDPFste3fkR7DpLvw8gV4EGsSp6hpump","90","0.059259258","","","","","","","","","","","","","","","","","","","","","","","","","","","","","","","","","","","","0.000007594","","","","","","","2026-07-21T00:03:10.201Z","","","","","",""
"Cat ","FrqfHwCVGfciRRoy9h955c4Lxq1hJJtFc9xMPBYupump","","","","","","","","","","","","","","","","","","","","","","","","","","","","","","","","","","","","","","","","","","","","7.641e-7","","","","","","2026-07-21T00:04:10.079Z",""
"RISE","GWy69ZMfovm2auepn6xA1a2aeotAgE1uwGdj6qaapump","89","35.229629628","","","","","","","","","","","","","","","","","","","","","","","","","","","","","","","","","","","","0.00001126","","","","","","","2026-07-21T00:04:10.132Z","","","","","",""
"TRDS","iY8FHynqyhK3MxC6h3HMxjnZCkFVmDAYzHy3uJEpump","","","","","","","","","","","","","","","","","","","","","","","","","","","","","","","","","","","","","","","","","","","","2.29e-7","","","","","","2026-07-21T00:04:10.147Z",""
"Thread","FtXQpUufbodjQz1cGL8dpTZUEgn5CdwVPGpRLU8xpump","63","3","","","","","","","","","","","","","","","","","","","","","","","","","","","","","","","","","","","","0.000003733","","","","","","","2026-07-21T00:05:10.112Z","","","","","",""
"TripleZ","2J5BPMrswJKUh8oDeDzPKLqKhsZqHNZ5tdt14Ri2pump","66","3.597591307","","","","","","","","","","","","","","","","","","","","","","","","","","","","","","","","","","","","0.000002213","","","","","","","2026-07-21T00:05:10.138Z","","","","","",""
"LeHeat","8hEpG3NuAdCoMa8SSJVfk55NxAdZKWbCyhiGGF29pump","57","1.97530864","","","","","","","","","","","","","","","","","","","","","","","","","","","","","","","","","","","","0.000002282","","","","","","","2026-07-21T00:05:10.159Z","","","","","",""
"zach","k3WtJFFkE3y9tqf5EP9MgeDse9bcXwgNXD6s8bepump","63","2.962962961","","","","","","","","","","","","","","","","","","","","","","","","","","","","","","","","","","","","0.000002173","","","","","","","2026-07-21T00:05:10.216Z","","","","","",""
"TRDS","BXqoF28TbCd2u7sL4J7RnmzXT1DR6HPL5KZhZHz6pump","88","0.500000001","","","","","","","","","","","","","","","","","","","","","","","","","","","","","","","","","","","","0.000001939","","","","","","","2026-07-21T00:06:10.139Z","","","","","",""
"dim","6i3ifmY3uWuDHN9y2vykU7nyB8tkaKEhgEbStKU5pump","63","3","","","","","","","","","","","","","","","","","","","","","","","","","","","","","","","","","","","","0.000002282","","","","","","","2026-07-21T00:06:10.167Z","","","","","",""
"france","JB4BQnT1c58T92NNzDMA1mKoXtj6GJtwFsbN7Nw2pump","83","0.500000001","","","","","","","","","","","","","","","","","","","","","","","","","","","","","","","","","","","","0.000003816","","","","","","","2026-07-21T00:06:10.249Z","","","","","",""
"Homecoon","GYfysZ3JSM1LTt41uUDdyLfD7dTfArtRhUmsDWSipump","","","","","","","","","","","","","","","","","","","","","","","","","","","","","","","","","","","","","","","","","","","","2.287e-7","","","","","","2026-07-21T00:07:10.068Z",""
"FRED","GGmYPYMfrWtSnNbBGhP76gpYzMgRVFoF7HGbS5VHpump","63","2.962962961","","","","","","","","","","","","","","","","","","","","","","","","","","","","","","","","","","","","0.000003167","","","","","","","2026-07-21T00:07:10.094Z","","","","","",""
"TRDS","A9N7Fk1Jhe7dYuspYvtXT6BahQzENRrQ8f3ETa9zpump","86","0.500000001","","","","","","","","","","","","","","","","","","","","","","","","","","","","","","","","","","","","0.000003509","","","","","","","2026-07-21T00:07:10.118Z","","","","","",""
"shroominu","8NV4BjnV7wVCeN48nqdgug1FZ3rwcbyFNgqBDu9mZqJa","67","3.950617282","","","","","","","","","","","","","","","","","","","","","","","","","","","","","","","","","","","","0.000002192","","","","","","","2026-07-21T00:07:10.175Z","","","","","",""
"BUBB","BDJBGmPH6T5ExmxfVsj7cXM4vsaJt3gb6v7wb58Cpump","","","","","","","","","","","","","","","","","","","","","","","","","","","","","","","","","","","","","","","","","","","","5.297e-7","","","","","","2026-07-21T00:08:10.113Z",""
"TARIFF","FDoGdhmj4bSjjE5YeaCVhJCt4teqP8uuNYiPNYvFpump","","","","","","","","","","","","","","","","","","","","","","","","","","","","","","","","","","","","","","","","","","","","4.074e-7","","","","","","2026-07-21T00:08:10.128Z",""
"TRIPLEZ ","5LURag5F1d5S9dTT7PnPa4mq5pHg8jCeiuytUzyGpump","93","9.876543208","","","","","","","","","","","","","","","","","","","","","","","","","","","","","","","","","","","","0.000005609","","","","","","","2026-07-21T00:08:10.174Z","","","","","",""
"$bag","3cxBroBxEfPUYMoLuzaCGj72pByWYvcLa6qxRv6Hpump","87","0.059259258","","","","","","","","","","","","","","","","","","","","","","","","","","","","","","","","","","","","0.00001273","","","","","","","2026-07-21T00:09:10.058Z","","","","","",""
"🔥","EMhPAb9WKNiRNmfV2JVvd7pest7J7sdiHtJ8rRW1pump","88","19.753086418","","","","","","","","","","","","","","","","","","","","","","","","","","","","","","","","","","","","0.00000599","","","","","","","2026-07-21T00:09:10.149Z","","","","","",""
"TRDS","9jyXhKsnpjNvAfXpXFu3i82ARUqtw4XLGChRXEZ9pump","","","","","","","","","","","","","","","","","","","","","","","","","","","","","","","","","","","","","","","","","","","","7.493e-7","","","","","","2026-07-21T00:09:10.218Z",""
"SKYSAIL","AvpttYK6xPnySiNAFnaDYQSboyoDoV8sCN8gx7dTpump","","","","","","","","","","","","","","","","","","","","","","","","","","","","","","","","","","","","","","","","","","","","6.753e-7","","","","","","2026-07-21T00:09:10.241Z",""
"What?$","9aNiNrGiE973QSZx4oS3Hiz323Z9TRQGALF7F1ygpump","","","","","","","","","","","","","","","","","","","","","","","","","","","","","","","","","","","","","","","","","","","","1.933e-7","","","","","","2026-07-21T00:10:10.069Z",""
"MANIA!!","8YAQQMeT777S4tX31VYQL2aT9eC6FFd4PQLKyFNcpump","72","0.490000001","","","","","","","","","","","","","","","","","","","","","","","","","","","","","","","","","","","","0.000002413","","","","","","","2026-07-21T00:10:10.147Z","","","","","",""
"BUBB","iLFXfdHTrPmZUr1WXKDyeAhpoQ7pY12AabKPcyTpump","","","","","","","","","","","","","","","","","","","","","","","","","","","","","","","","","","","","","","","","","","","","0.000001004","","","","","","2026-07-21T00:10:10.184Z",""
"BUBB","5Nthg7bxFXF8Uk6oofVzqvJu5vHLbHxXhqqQQdtkpump","","","","","","","","","","","","","","","","","","","","","","","","","","","","","","","","","","","","","","","","","","","","4.857e-7","","","","","","2026-07-21T00:11:10.084Z",""
"france","7Zvw9e24PQdy7ydTbQhVRbgNxx4KfAyAYk5UGdS2pump","80","0.500000001","","","","","","","","","","","","","","","","","","","","","","","","","","","","","","","","","","","","0.00000419","","","","","","","2026-07-21T00:11:10.114Z","","","","","",""
"TRDS","GDgytar3FqAtabo87nrAvDUKB3yYAHanpzmM6x5Mpump","","","","","","","","","","","","","","","","","","","","","","","","","","","","","","","","","","","","","","","","","","","","2.074e-7","","","","","","2026-07-21T00:11:10.142Z",""
"FRED","HEZTzupnyVebcpJ2PZem4DkStCdpdZCAENy7aUexpump","63","2.962962961","","","","","","","","","","","","","","","","","","","","","","","","","","","","","","","","","","","","0.00001116","","","","","","","2026-07-21T00:12:10.216Z","","","","","",""
"TYGR","Df1DiNR1DDo93Po2PDBGSEjmCsm2rapWPQkajsaCpump","63","2.962962961","","","","","","","","","","","","","","","","","","","","","","","","","","","","","","","","","","","","0.000002195","","","","","","","2026-07-21T00:12:10.235Z","","","","","",""
"TRDS","5rGezHKm737rw8PLZsMCwB9veQoQPpvxruBrv8sipump","","","","","","","","","","","","","","","","","","","","","","","","","","","","","","","","","","","","","","","","","","","","5.056e-7","","","","","","2026-07-21T00:12:10.292Z",""
"TRDS","GAFvGuaqECJwqnrjGxX4brzXw7DAPbRkfXEjScmWpump","","","","","","","","","","","","","","","","","","","","","","","","","","","","","","","","","","","","","","","","","","","","0.000001162","","","","","","2026-07-21T00:12:10.312Z",""
"FIRSTSTEPS","23AeEqpJS9ompxvgbse4zgkJ2RrhuA3XBwmGE4wSpump","55","0.1975","","","","","","","","","","","","","","","","","","","","","","","","","","","","","","","","","","","","0.000004081","","","","","","","2026-07-21T00:13:10.065Z","","","","","",""
"DANNYPUTER","4YPckfFdP7oRyD6q8c4ZJMjcbDGTSZ1QxAKYc3ESpump","","","","","","","","","","","","","","","","","","","","","","","","","","","","","","","","","","","","","","","","","","","","2.34e-7","","","","","","2026-07-21T00:13:10.111Z",""
"brot ","6RmVQ7TxjJUJ8jtgBurFd9fAcxkv76hhbAVLYMbjpump","65","0.060000001","","","","","","","","","","","","","","","","","","","","","","","","","","","","","","","","","","","","0.000001714","","","","","","","2026-07-21T00:13:10.153Z","","","","","",""
"shh","9excLyT3DYM2a7X76AMCtNAmAVfswvPNZkEeMn7jpump","91","0.100000001","","","","","","","","","","","","","","","","","","","","","","","","","","","","","","","","","","","","0.000002442","","","","","","","2026-07-21T00:14:10.085Z","","","","","",""
"TRDS","FrYzq3LdW6bUwnKnySC4FB8apUqX7EgoEpF21g7Kpump","78","0.500000001","","","","","","","","","","","","","","","","","","","","","","","","","","","","","","","","","","","","0.000001435","","","","","","","2026-07-21T00:14:10.112Z","","","","","",""
"$bag","8hGjC5GbGKJcCVjHG1p5H2TPcHnGoRk78mvSgx8zpump","","","","","","","","","","","","","","","","","","","","","","","","","","","","","","","","","","","","","","","","","","","","0.000001006","","","","","","2026-07-21T00:14:10.141Z",""
"DANNYPUTER","2nmW28BF1VnH8F3sraasGnZs3e1tjUkmF1ZWjUxNpump","","","","","","","","","","","","","","","","","","","","","","","","","","","","","","","","","","","","","","","","","","","","2.017e-8","","","","","","2026-07-21T00:14:10.173Z",""
"TRDS","C7AsPmKrGJbj3gMXJATzxeaHkucVW3cgTwFJ7ovnpump","75","0.500000001","","","","","","","","","","","","","","","","","","","","","","","","","","","","","","","","","","","","0.000003546","","","","","","","2026-07-21T00:15:10.075Z","","","","","",""
"france","BAsKyVQew1tMY7JB1BUQdqC6dZJfo2XYdkGMGUbcpump","","","","","","","","","","","","","","","","","","","","","","","","","","","","","","","","","","","","","","","","","","","","7.184e-7","","","","","","2026-07-21T00:15:10.113Z",""
"MEOWTCH","9LuZzmYiYzp2FBS8wETEpJXuLLA1jU3QVF1TEnRDpump","58","3.950617282","","","","","","","","","","","","","","","","","","","","","","","","","","","","","","","","","","","","0.000002182","","","","","","","2026-07-21T00:15:10.156Z","","","","","",""
"mony ","3VDUnB36GFzG4ypJ5Lfx4sM3qfXfPWnDSMwhegSkpump","","","","","","","","","","","","","","","","","","","","","","","","","","","","","","","","","","","","","","","","","","","","1.627e-8","","","","","","2026-07-21T00:15:10.181Z",""
"TRDS","2uszXXJwcgnqKGvvMna6ExGgbK2HMW6235d4NmPBpump","","","","","","","","","","","","","","","","","","","","","","","","","","","","","","","","","","","","","","","","","","","","7.438e-8","","","","","","2026-07-21T00:16:10.053Z",""
"$bag","ERq3vQfSAhLMmvA1S9JpDEUk8HJxxrB4rTxR9H1Qpump","","","","","","","","","","","","","","","","","","","","","","","","","","","","","","","","","","","","","","","","","","","","1.37e-7","","","","","","2026-07-21T00:16:10.086Z",""
"TRDS","BaDeUMFariDRGfrknu8VSFg8PPcqM6KPyu2GVp4pump","","","","","","","","","","","","","","","","","","","","","","","","","","","","","","","","","","","","","","","","","","","","5.443e-7","","","","","","2026-07-21T00:16:10.111Z",""
"Mikasa","GSkM79yPoy6xXQHzUeWjcRVPcuEJQ5WrVu6ubzTqpump","58","5","","","","","","","","","","","","","","","","","","","","","","","","","","","","","","","","","","","","0.000002298","","","","","","","2026-07-21T00:16:10.139Z","","","","","",""
"TRDS","6JexoPischQbL66zPv2gKLD56QWnbWRbAKhCtEYapump","","","","","","","","","","","","","","","","","","","","","","","","","","","","","","","","","","","","","","","","","","","","3.501e-7","","","","","","2026-07-21T00:17:10.069Z",""
"NET","vXEbfRkPj1hGxkDup1VSNmxm84QBXBmDvFJWdqRpump","","","","","","","","","","","","","","","","","","","","","","","","","","","","","","","","","","","","","","","","","","","","6.847e-9","","","","","","2026-07-21T00:17:10.096Z",""
"USOX","CRkmvXcfds4Vo1X8QrApf7CB7zTBYs1agV8nD8F8pump","88","19.753086418","","","","","","","","","","","","","","","","","","","","","","","","","","","","","","","","","","","","0.000005978","","","","","","","2026-07-21T00:17:10.171Z","","","","","",""
"tung ","84GRUVjLiJdufAmrpuH5ZXx5GdTuYoqhsV6eBT5epump","","","","","","","","","","","","","","","","","","","","","","","","","","","","","","","","","","","","","","","","","","","","7.967e-7","","","","","","2026-07-21T00:18:10.148Z",""
"BUBB","7rmey43haRuCsvHEjxn1vSNcE78gLVLydogaAnPpump","70","0.059259258","","","","","","","","","","","","","","","","","","","","","","","","","","","","","","","","","","","","0.000006738","","","","","","","2026-07-21T00:18:10.174Z","","","","","",""
"NINEDEAD","23Ag1ZQQiLnx9ostuUmNGWqu8CRVubXaD5vTPE5Tpump","","","","","","","","","","","","","","","","","","","","","","","","","","","","","","","","","","","","","","","","","","","","3.321e-7","","","","","","2026-07-21T00:18:10.214Z",""
"BetMore","4qM8uHZCbFuFeS8nT4j6wLLpGkP9Vt5hstFVxXAUpump","70","4.938271603","","","","","","","","","","","","","","","","","","","","","","","","","","","","","","","","","","","","0.000009539","","","","","","","2026-07-21T00:18:10.258Z","","","","","",""
"BOOYAH","2x71Wo5wpfkXEFmTRnZAjdbjUsEHZ44FgoWoHMQapump","60","2.5","","","","","","","","","","","","","","","","","","","","","","","","","","","","","","","","","","","","0.000002192","","","","","","","2026-07-21T00:19:10.092Z","","","","","",""
"france","BfzrnQnMEBeV2fRUTJx6zTyKkkCfcdVUnyXzi8Etpump","76","0.500000001","","","","","","","","","","","","","","","","","","","","","","","","","","","","","","","","","","","","0.000003351","","","","","","","2026-07-21T00:19:10.124Z","","","","","",""
"PFP","He9TAMUMmWmHcBaNK6FekYLuZg9pNXqJn3bHC3jUpump","","","","","","","","","","","","","","","","","","","","","","","","","","","","","","","","","","","","","","","","","","","","7.539e-8","","","","","","2026-07-21T00:19:10.148Z",""
"FORGOT","E3cr49nxu5gv5pidrSzMhnZV2qR3UV9qTpHhby9wpump","","","","","","","","","","","","","","","","","","","","","","","","","","","","","","","","","","","","","","","","","","","","5.642e-7","","","","","","2026-07-21T00:19:10.171Z",""
"PDOG","ESwoZFQXo1ri9Qs73fCXC3HBTLdi3rDQYixBJPqgpump","67","3.950617282","","","","","","","","","","","","","","","","","","","","","","","","","","","","","","","","","","","","0.0000028","","","","","","","2026-07-21T00:20:10.077Z","","","","","",""
"BUBB","Eo7F4N7YT6tuDsLyUMpyDUTcY7oi4YQESi1iFU2npump","","","","","","","","","","","","","","","","","","","","","","","","","","","","","","","","","","","","","","","","","","","","2.511e-7","","","","","","2026-07-21T00:20:10.118Z",""
"green","AonSDtQYzoGcicZez9yfsnhTwabuzRNRtD1nfryppump","","","","","","","","","","","","","","","","","","","","","","","","","","","","","","","","","","","","","","","","","","","","0.000001181","","","","","","2026-07-21T00:20:10.134Z",""
"france","HDbPtTMiX1VPzmCGHdspQbRg93W4RqWi5XbaoAexpump","74","0.500000001","","","","","","","","","","","","","","","","","","","","","","","","","","","","","","","","","","","","0.000003728","","","","","","","2026-07-21T00:20:10.166Z","","","","","",""
"france","Db7DkJJVHNAnC7CN17PedLLpsspKddCCfwUG2Ernpump","","","","","","","","","","","","","","","","","","","","","","","","","","","","","","","","","","","","","","","","","","","","3.811e-7","","","","","","2026-07-21T00:21:10.067Z",""
"green","D6zdZBoEjTLoAhLTSRS6dcHuJ24BLKZciy7CsAoVpump","59","0.100000001","","","","","","","","","","","","","","","","","","","","","","","","","","","","","","","","","","","","0.000001499","","","","","","","2026-07-21T00:21:10.087Z","","","","","",""
"go","85XnmaodrpvBiGM3e85gcxuNuYjgCVPoHA34b6Wypump","","","","","","","","","","","","","","","","","","","","","","","","","","","","","","","","","","","","","","","","","","","","6.208e-8","","","","","","2026-07-21T00:21:10.126Z",""
"FPM","88VNZhaE822zaySF8KAqeLaKYANryfuSqgkusu9qN1No","67","5","","","","","","","","","","","","","","","","","","","","","","","","","","","","","","","","","","","","0.000002214","","","","","","","2026-07-21T00:21:10.159Z","","","","","",""
"go","5B4B9LFsuvkzgjLpXxaLoz9WRDW3c31LVBivCKMpump","","","","","","","","","","","","","","","","","","","","","","","","","","","","","","","","","","","","","","","","","","","","5.021e-8","","","","","","2026-07-21T00:22:10.056Z",""
"go","EcKP8G2DHwYxd1bJRJYKY9NdpMjnjdbUwutLwNUSpump","74","3.950617282","","","","","","","","","","","","","","","","","","","","","","","","","","","","","","","","","","","","0.000005218","","","","","","","2026-07-21T00:22:10.113Z","","","","","",""
"NPC","GcAHeBibyhMAkzc81LefAvtz9h6PQEHrJZ2iynwnnEtr","68","0.1980198","","","","","","","","","","","","","","","","","","","","","","","","","","","","","","","","","","","","0.000002235","","","","","","","2026-07-21T00:22:10.132Z","","","","","",""
"france","FvAkgxuBon87gsrE4RVmY8BfsGqYNA9EtXi1dfTpump","71","0.500000001","","","","","","","","","","","","","","","","","","","","","","","","","","","","","","","","","","","","0.000002897","","","","","","","2026-07-21T00:23:10.064Z","","","","","",""
"$bag","vwHkJPspuVpRBz9WudU2uk3nDAAPKUHxuRqroQXpump","81","0.059259258","","","","","","","","","","","","","","","","","","","","","","","","","","","","","","","","","","","","0.000001996","","","","","","","2026-07-21T00:23:10.084Z","","","","","",""
"Kaioh","7gLAq6SLZWgw68YbRBKGz3nmopv2et6XYYbwdJWhpump","63","3","","","","","","","","","","","","","","","","","","","","","","","","","","","","","","","","","","","","0.000002746","","","","","","","2026-07-21T00:23:10.110Z","","","","","",""
"jpmorgan","6XS4RNthNsggagyD5Ny3PyKnqe88re1FZ8EGjcoJpump","","","","","","","","","","","","","","","","","","","","","","","","","","","","","","","","","","","","","","","","","","","","2.189e-7","","","","","","2026-07-21T00:23:10.146Z",""
"go","GbaHfJ7e9XLaxQ33sPrzLNd5SHSsfJw8Eg2AGkgapump","","","","","","","","","","","","","","","","","","","","","","","","","","","","","","","","","","","","","","","","","","","","0.000001342","","","","","","2026-07-21T00:24:10.120Z",""
"go","45g4UEC5RsVeHCcXRvmrmpTKGHzCB3Q2z1PMxxPNpump","64","1.97530864","","","","","","","","","","","","","","","","","","","","","","","","","","","","","","","","","","","","0.000005725","","","","","","","2026-07-21T00:24:10.176Z","","","","","",""
"france","DwTz35fuFr2UrUtXuxLVWobNmvyoBvE95266Lopppump","66","0.250000001","","","","","","","","","","","","","","","","","","","","","","","","","","","","","","","","","","","","0.000004508","","","","","","","2026-07-21T00:24:10.195Z","","","","","",""
"Medusa","2ppGH3msowgWqYD7YMPkfsLcyW8E1fVMbGoymBUTpump","","","","","","","","","","","","","","","","","","","","","","","","","","","","","","","","","","","","","","","","","","","","6.187e-8","","","","","","2026-07-21T00:25:10.100Z",""
"Rogby","Bwzq8HUJ7nGpthukmbLJ2DT4vXDjq4szPiceN8G3pump","","","","","","","","","","","","","","","","","","","","","","","","","","","","","","","","","","","","","","","","","","","","3.405e-8","","","","","","2026-07-21T00:25:10.125Z",""
"france","Ee8LgyAt2YK7KoKuKHWU6RFaQje85WHnTL3EgtQkpump","68","0.500000001","","","","","","","","","","","","","","","","","","","","","","","","","","","","","","","","","","","","0.000004082","","","","","","","2026-07-21T00:25:10.149Z","","","","","",""
"go","9oR7NzksLShypWeJZch6sZTw2AhRRpbGgMrtLj4Wpump","74","3.950617282","","","","","","","","","","","","","","","","","","","","","","","","","","","","","","","","","","","","0.000001817","","","","","","6.987e-7","2026-07-21T00:25:10.177Z","","","","","2026-07-21T00:26:10.198Z",""
"BUCKET","3PKk38cMrPQ1HR5HH96gWYTsH3TgEn78eC8x6uqSpump","63","3.11111111","","","","","","","","","","","","","","","","","","","","","","","","","","","","","","","","","","","","0.00000508","","","","","","","2026-07-21T00:26:10.141Z","","","","","",""
"go","cKTP5Cef217kCF4CJ7p97oWeBWyX1fkwfsjWyg1pump","","","","","","","","","","","","","","","","","","","","","","","","","","","","","","","","","","","","","","","","","","","","2.918e-7","","","","","","2026-07-21T00:26:10.166Z",""
"MEOWTERFLY","tZYXXb7mnmaisYMQdwQkYz28MhZ6ruAyHxEMV6spump","56","3.950617282","","","","","","","","","","","","","","","","","","","","","","","","","","","","","","","","","","","","0.000002179","","","","","","","2026-07-21T00:26:10.222Z","","","","","",""
"BUCKET","2kJU3L2fQnDbFKHnkkbEi3BMeTvHnszpMofb1W4bpump","57","1.97530864","","","","","","","","","","","","","","","","","","","","","","","","","","","","","","","","","","","","0.000002219","","","","","","","2026-07-21T00:27:10.113Z","","","","","",""
"go","3cUhUUbtyrXardD2McKXtryGDM68BgaY8dVm1m7epump","","","","","","","","","","","","","","","","","","","","","","","","","","","","","","","","","","","","","","","","","","","","7.906e-8","","","","","","2026-07-21T00:27:10.144Z",""
"france","Bfbe65iryRAqdBHTVWxBe2ovhtL6S9b71UasLmrUpump","","","","","","","","","","","","","","","","","","","","","","","","","","","","","","","","","","","","","","","","","","","","1.589e-7","","","","","","2026-07-21T00:27:10.171Z",""
"PNL","8fiCyQDc4UqZxTZxwfk5pGs1vy3WymMkWAnwYGiYpump","56","3","","","","","","","","","","","","","","","","","","","","","","","","","","","","","","","","","","","","0.000002193","","","","","","","2026-07-21T00:27:10.202Z","","","","","",""
"go","GZPqsLKDzXQYLEyMUxuZwKFGfHgc1GraZZDiy81qpump","","","","","","","","","","","","","","","","","","","","","","","","","","","","","","","","","","","","","","","","","","","","4.872e-7","","","","","","2026-07-21T00:28:10.197Z",""
"BETMORE","6uEUevNpjaZyXqGxWhESbFHWnz8ZBbHqcEEkfG3tpump","57","2","","","","","","","","","","","","","","","","","","","","","","","","","","","","","","","","","","","","0.00000218","","","","","","","2026-07-21T00:28:10.222Z","","","","","",""
"france","2M7PmvXwfbuwdVyeCT7FcdFMLvzAiZE7cfr1jdZ6pump","67","0.558000001","","","","","","","","","","","","","","","","","","","","","","","","","","","","","","","","","","","","0.00000474","","","","","","","2026-07-21T00:28:10.436Z","","","","","",""
"POPEPE","DJbbiyaaF5T4rjKrjnFjGoa6enmsxgCStWtzMUkGpump","60","3.950617282","","","","","","","","","","","","","","","","","","","","","","","","","","","","","","","","","","","","0.00000218","","","","","","","2026-07-21T00:29:10.108Z","","","","","",""
"$bag","Ehyw2apHtCtcuzxgzuYasmQFnduUoqfWCBAwPJhmpump","80","0.059259258","","","","","","","","","","","","","","","","","","","","","","","","","","","","","","","","","","","","0.000006514","","","","","","","2026-07-21T00:29:10.131Z","","","","","",""
"PVE","AfRjKpU6F1275MXXVz87EY1BD6CZfZFor7ezY9zYpump","79","9.160583942","","","","","","","","","","","","","","","","","","","","","","","","","","","","","","","","","","","","0.00001784","","","","","","","2026-07-21T00:29:10.165Z","","","","","",""
"business","3DjdyZNqNJptNc1UHuFf6EhHLLhsQqsHpLg5DTJVpump","57","3.3","","","","","","","","","","","","","","","","","","","","","","","","","","","","","","","","","","","","0.000002289","","","","","","","2026-07-21T00:30:10.156Z","","","","","",""
"Thread","4Cp2z9D16oQQZYjJSxzuthmGDmhgYSGkda2Jvxfcpump","63","2.976","","","","","","","","","","","","","","","","","","","","","","","","","","","","","","","","","","","","0.000005323","","","","","","","2026-07-21T00:30:10.181Z","","","","","",""
"purr","2oscpsphxKGRFxMjWy4DN3RwMMcGTwA3sCJj6ttipump","62","0.090000001","","","","","","","","","","","","","","","","","","","","","","","","","","","","","","","","","","","","0.000002826","","","","","","","2026-07-21T00:30:10.208Z","","","","","",""
"TIPSYCAT","5A8qYhuMT6V9t4C3p4hEB3mMsyxCEjEFU1XfLQfUpump","","","","","","","","","","","","","","","","","","","","","","","","","","","","","","","","","","","","","","","","","","","","8.462e-7","","","","","","2026-07-21T00:30:10.268Z",""
"BUBB","6H5xp4vhxhLb4N5LVYKBp7BwAQyvFYEmT1YqF29wpump","","","","","","","","","","","","","","","","","","","","","","","","","","","","","","","","","","","","","","","","","","","","7.497e-8","","","","","","2026-07-21T00:31:10.117Z",""
"BlackDoge","5Pg7znvPxB1YREPrymLxJ5hvb6vw3CtdPvwzSfa7pump","72","5.432098763","","","","","","","","","","","","","","","","","","","","","","","","","","","","","","","","","","","","0.000005145","","","","","","","2026-07-21T00:31:10.140Z","","","","","",""
"RAMEN","GW6JF7TGiU4dTDnZVFchRZzbECgrKrsKiwidcT6wpump","57","1.97530864","","","","","","","","","","","","","","","","","","","","","","","","","","","","","","","","","","","","0.00000218","","","","","","","2026-07-21T00:31:10.164Z","","","","","",""
"OBOL","7fYKbMBad573WVyLLvTNpvdpokz2y5tFPRysJaetpump","60","2.469135801","","","","","","","","","","","","","","","","","","","","","","","","","","","","","","","","","","","","0.000002575","","","","","","","2026-07-21T00:32:10.133Z","","","","","",""
"TRUMP","A3yH7yuZqYGFoGnVbJ4MkLLPycp43skEgvHWjhcCpump","","","","","","","","","","","","","","","","","","","","","","","","","","","","","","","","","","","","","","","","","","","","4.655e-8","","","","","","2026-07-21T00:32:10.189Z",""
"france","GUrDMxcskszDTvT3KmppCcEbRmmiUaWU2aYtd8xMpump","68","0.750000001","","","","","","","","","","","","","","","","","","","","","","","","","","","","","","","","","","","","0.000001571","","","","","","","2026-07-21T00:32:10.216Z","","","","","",""
"God","CMicSQkQAH39WpnRTuue6KBjfAa7vqt4Pgx2ymnLpump","","","","","","","","","","","","","","","","","","","","","","","","","","","","","","","","","","","","","","","","","","","","4.695e-7","","","","","","2026-07-21T00:34:10.052Z",""
"zest","GEQG9GF54n4C1VTRnYEKskkCNiGWZY9hbzC9hDW8pump","","","","","","","","","","","","","","","","","","","","","","","","","","","","","","","","","","","","","","","","","","","","3.855e-8","","","","","","2026-07-21T00:34:10.077Z",""
"spain","23MoofTA4w1kZeQSaxcJUWqT7Rb6ZFuFTkCoyJyWpump","","","","","","","","","","","","","","","","","","","","","","","","","","","","","","","","","","","","","","","","","","","","5.201e-7","","","","","","2026-07-21T00:34:10.102Z",""
"SIDEi","Bb8xJkr5HT2tN4xfouEBu3r13bx85tNNdVriSCWLpump","","","","","","","","","","","","","","","","","","","","","","","","","","","","","","","","","","","","","","","","","","","","3.93e-7","","","","","","2026-07-21T00:34:10.127Z",""
"france","E2rnRQQb2TbEXbsPtFaeGmTJxZB6M9QuD2Ga7R9vpump","64","0.500000001","","","","","","","","","","","","","","","","","","","","","","","","","","","","","","","","","","","","0.000002661","","","","","","","2026-07-21T00:35:10.130Z","","","","","",""
"go","CL1aciPj9yvH9vBR5jRfbX29NGYzfZ32kWxBzhWMpump","","","","","","","","","","","","","","","","","","","","","","","","","","","","","","","","","","","","","","","","","","","","1.415e-7","","","","","","2026-07-21T00:35:10.229Z",""
"BULLISH","AtRr4MYK7p6DLQMfbYxZRkEVRh4RMuoDzuRAQExZpump","64","5","","","","","","","","","","","","","","","","","","","","","","","","","","","","","","","","","","","","0.00000218","","","","","","","2026-07-21T00:35:10.263Z","","","","","",""
"france","nvpirSxUvbTEBKnMevWnor7VnKKUWZyjmx8Vz4xpump","63","0.500000001","","","","","","","","","","","","","","","","","","","","","","","","","","","","","","","","","","","","0.000003121","","","","","","","2026-07-21T00:36:10.193Z","","","","","",""
"TRDS","9Dp4C9BxQaosUw4FBniKma4vZJeNNZKceaCe8gyppump","","","","","","","","","","","","","","","","","","","","","","","","","","","","","","","","","","","","","","","","","","","","1.754e-7","","","","","","2026-07-21T00:36:10.223Z",""
"Rigby","BRuypyy1bfQnEgjEyjYKwKBJAC9wCH2YqwVqZoVgpump","","","","","","","","","","","","","","","","","","","","","","","","","","","","","","","","","","","","","","","","","","","","0.000001229","","","","","","2026-07-21T00:36:10.252Z",""
"SIDEi","Bp9biDbWRtVDebaVzAknz3ioNeWvAbebnFKr1Uq6pump","","","","","","","","","","","","","","","","","","","","","","","","","","","","","","","","","","","","","","","","","","","","2.177e-7","","","","","","2026-07-21T00:37:10.060Z",""
"CC","xJTxYCfRyRw8SeHsERk3cL7S2G9hTmrw1T3zSy5pump","57","2.000000001","","","","","","","","","","","","","","","","","","","","","","","","","","","","","","","","","","","","0.000006233","","","","","","","2026-07-21T00:37:10.123Z","","","","","",""
"TRDS","BiwJStg9Vz3J3WQZiPjZuuPUJMnavh6wL5oedcu9pump","67","0.250000001","","","","","","","","","","","","","","","","","","","","","","","","","","","","","","","","","","","","0.000005081","","","","","","","2026-07-21T00:37:10.141Z","","","","","",""
"neegy","717LC3zTXHm2gQ7Qkqear5VwTLQVmwPVcfcACmpcpump","","","","","","","","","","","","","","","","","","","","","","","","","","","","","","","","","","","","","","","","","","","","0.000001135","","","","","","2026-07-21T00:37:10.175Z",""
"CC","BPQbyPxtWEPAMEo1D59wfwUPRJPKoZnV8FJ64bFhpump","56","3","","","","","","","","","","","","","","","","","","","","","","","","","","","","","","","","","","","","0.000002288","","","","","","","2026-07-21T00:38:10.073Z","","","","","",""
"MOONALD","DcouknVr79gAPu7MfH77uiTEe1TxExFZvXibuv8npump","63","5","","","","","","","","","","","","","","","","","","","","","","","","","","","","","","","","","","","","0.000002179","","","","","","","2026-07-21T00:38:10.094Z","","","","","",""
"GONKA","D9cXS1A1s2Zmy48oxce4WVy1nJnPKxkDDMuBaQnXVk3K","","","","","","","","","","","","","","","","","","","","","","","","","","","","","","","","","","","","","","","","","","","","0.00000222","","","","","","2026-07-21T00:38:10.118Z",""
"CC","543foYNeEvnD5JTDbVNJ3A8YebszXAFa85U52ypFpump","67","5","","","","","","","","","","","","","","","","","","","","","","","","","","","","","","","","","","","","0.000002289","","","","","","","2026-07-21T00:38:10.178Z","","","","","",""
"gncc","7eFVb36vW92JgKQHud9wANSACypWBkg7DhUgkpBVpump","100","1.50000028","","","","","","","","","","","","","","","","","","","","","","","","","","","","","","","","","","","","0.000002228","","","","","","","2026-07-21T00:39:10.046Z","","","","","",""
"P0B","3gqsLMWExVQd897iQmtZcY4H9BpsKeqY1jng4bd5gVAB","","","","","","","","","","","","","","","","","","","","","","","","","","","","","","","","","","","","","","","","","","","","0.000002203","","","","","","2026-07-21T00:39:10.071Z",""
"What?$","StFA3X6YPycsCEbfkgd927txmECBZNWnrb3poXgpump","87","0.600000001","","","","","","","","","","","","","","","","","","","","","","","","","","","","","","","","","","","","0.000002671","","","","","","","2026-07-21T00:39:10.096Z","","","","","",""
"france","H5wC3owcNnCNdUpx2fgUDRdB2yywCcuEimT7UBg8pump","61","0.500000001","","","","","","","","","","","","","","","","","","","","","","","","","","","","","","","","","","","","0.000003105","","","","","","","2026-07-21T00:40:10.024Z","","","","","",""
"france","GVYnTQbjEHu36KPjSfaC8H4hYveN6TQz8TmEB8DFpump","","","","","","","","","","","","","","","","","","","","","","","","","","","","","","","","","","","","","","","","","","","","6.053e-7","","","","","","2026-07-21T00:40:10.047Z",""
"go","4JkTTg3ovwhQK1D45xb6V46iXBb1Cqu6egJMpbhDpump","60","1.580246912","","","","","","","","","","","","","","","","","","","","","","","","","","","","","","","","","","","","0.00000603","","","","","","","2026-07-21T00:40:10.070Z","","","","","",""
"$LLM","FWoXmTuywpby183dLkAbBbH9HEBS4sQLKV7CwWyvpump","63","2.962962961","","","","","","","","","","","","","","","","","","","","","","","","","","","","","","","","","","","","0.000002261","","","","","","","2026-07-21T00:41:10.040Z","","","","","",""
"$ANSEM","ExSXTGCXTYKuSoHHzq29wG9KBbJpof5UssfdWwwmpump","","","","","","","","","","","","","","","","","","","","","","","","","","","","","","","","","","","","","","","","","","","","6.133e-8","","","","","","2026-07-21T00:42:10.123Z",""
"france","4Gwi8fwYkJEEjBnquSXNUk9XeFna2kfG7rX1BBfypump","","","","","","","","","","","","","","","","","","","","","","","","","","","","","","","","","","","","","","","","","","","","5.34e-7","","","","","","2026-07-21T00:42:10.153Z",""
"gg","9hzox8KzmXeuyx6uTDeGG2oVt8NfMj1HTStFUjUMpump","","","","","","","","","","","","","","","","","","","","","","","","","","","","","","","","","","","","","","","","","","","","1e-7","","","","","","2026-07-21T00:42:10.181Z",""
"go","DtQMxXicP6zNVHkibYXA4KCcAorA89JivJrN1DDrpump","","","","","","","","","","","","","","","","","","","","","","","","","","","","","","","","","","","","","","","","","","","","1.755e-8","","","","","","2026-07-21T00:43:10.079Z",""
"ChartArt","np7twjbo8otT5z83kLYhJvkEtx2d1ubzszcAkTzpump","","","","","","","","","","","","","","","","","","","","","","","","","","","","","","","","","","","","","","","","","","","","1.635e-7","","","","","","2026-07-21T00:43:10.109Z",""
"Incum","GNYw5kT14ddqBp1ntRbtkexMmtsKdLbBvenJKanEpump","67","3.950617282","","","","","","","","","","","","","","","","","","","","","","","","","","","","","","","","","","","","0.000002797","","","","","","","2026-07-21T00:44:10.093Z","","","","","",""
"What?$","Ahdqg3DdAhXoHqzLyTXPT1rBhhkuqXiDNjSVmPWFpump","","","","","","","","","","","","","","","","","","","","","","","","","","","","","","","","","","","","","","","","","","","","4.353e-7","","","","","","2026-07-21T00:44:10.116Z",""
"$bag","HeookNf2VYJNAyaGazW21Pc4JEM8P3nkwJdknbvMpump","","","","","","","","","","","","","","","","","","","","","","","","","","","","","","","","","","","","","","","","","","","","1.29e-7","","","","","","2026-07-21T00:44:10.156Z",""
"ASF","J5gZpUhWxFa7BJCkhcJGpTMZbczDFiAS1jreWX91pump","","","","","","","","","","","","","","","","","","","","","","","","","","","","","","","","","","","","","","","","","","","","8.325e-8","","","","","","2026-07-21T00:45:10.192Z",""
"france","F4NpDhRDYWnjKXD7iYZdFWA3PYkxZJGchHucNvuDpump","","","","","","","","","","","","","","","","","","","","","","","","","","","","","","","","","","","","","","","","","","","","3.716e-7","","","","","","2026-07-21T00:45:10.216Z",""
"Jabarkus","66UBsaaypVFaKVFfzDgANCfxhx5iKkpNDuAT74Zgpump","63","2.962962961","","","","","","","","","","","","","","","","","","","","","","","","","","","","","","","","","","","","0.000002293","","","","","","","2026-07-21T00:45:10.260Z","","","","","",""
"dOG","3GxjWrdajQmXECNjHd5N6zcUyNLAnL5fSH39bMqNUXia","67","3.950617282","","","","","","","","","","","","","","","","","","","","","","","","","","","","","","","","","","","","0.000002268","","","","","","","2026-07-21T00:45:10.296Z","","","","","",""
"daddy","4yZATXnpPFZjMoWbzu43veEGuaZNqDcCzpxGhCiwpump","","","","","","","","","","","","","","","","","","","","","","","","","","","","","","","","","","","","","","","","","","","","7.285e-7","","","","","","2026-07-21T00:46:10.034Z",""
"$DMHAT","8HDMeAd3GaZHeDz714SqWgXtRRYcgyxvNu8nKTNHpump","","","","","","","","","","","","","","","","","","","","","","","","","","","","","","","","","","","","","","","","","","","","4.945e-8","","","","","","2026-07-21T00:46:10.066Z",""
"$bag","F5FpCqGcKmbVsKLq3T4NLDDiYXoTNXzYMWiuGTGNpump","","","","","","","","","","","","","","","","","","","","","","","","","","","","","","","","","","","","","","","","","","","","2.489e-7","","","","","","2026-07-21T00:46:10.103Z",""
"ETCH","6Ch3S5mep8pL1Ssc1LVJVsjhGcCETXmjSV9ReRoDpump","","","","","","","","","","","","","","","","","","","","","","","","","","","","","","","","","","","","","","","","","","","","4.215e-7","","","","","","2026-07-21T00:46:10.124Z",""
"go","AsFJ8GgBEC1HfnFvR2CKdC9K6iqa5faABirba44cpump","","","","","","","","","","","","","","","","","","","","","","","","","","","","","","","","","","","","","","","","","","","","3.657e-7","","","","","","2026-07-21T00:47:10.043Z",""
"PRIME","6Db6dDG9JfyE2GcsgmrfozH9MjqrG3zuUjynNvHMjpna","67","3.950617282","","","","","","","","","","","","","","","","","","","","","","","","","","","","","","","","","","","","0.00002185","","","","","","","2026-07-21T00:48:10.096Z","","","","","",""
"go","GThPGY692FkN3oBkJgGDcfh2GiuaJxPdBRo5CH8gpump","","","","","","","","","","","","","","","","","","","","","","","","","","","","","","","","","","","","","","","","","","","","6.719e-8","","","","","","2026-07-21T00:48:10.115Z",""
"TRENCHERS","E6vbVcpQP4vBfo2VktmuQHWqzyZQmXtPHqspBoBhNnV","62","5","","","","","","","","","","","","","","","","","","","","","","","","","","","","","","","","","","","","0.000002294","","","","","","","2026-07-21T00:48:10.160Z","","","","","",""
"Incum","2FFi6qGqk6AbyzjP8Kjq9quoDyoK4PRtZuVuvTt6pump","66","4.938271603","","","","","","","","","","","","","","","","","","","","","","","","","","","","","","","","","","","","0.000002184","","","","","","","2026-07-21T00:48:10.182Z","","","","","",""
"ETCH","4j3eGNYPkhM3zQ4sAyBrFVCW9VrvP8KV9MGsRNmSpump","","","","","","","","","","","","","","","","","","","","","","","","","","","","","","","","","","","","","","","","","","","","1.169e-7","","","","","","2026-07-21T00:49:10.028Z",""
"Simba","283iMgs4poDw6qDefEqoSvq6S3gWmp8eHizZrvNppump","55","3","","","","","","","","","","","","","","","","","","","","","","","","","","","","","","","","","","","","0.000002294","","","","","","","2026-07-21T00:49:10.090Z","","","","","",""
"DOGE","A2bHFwRPAGoKgMADa5DGeZhJC3ekqcmDrrpwaQrZpump","","","","","","","","","","","","","","","","","","","","","","","","","","","","","","","","","","","","","","","","","","","","5.903e-7","","","","","","2026-07-21T00:49:10.113Z",""
"$8","93vsfvqf3La49vs9y9HVGM9N3BtEfyoTbvhoravgpump","71","5","","","","","","","","","","","","","","","","","","","","","","","","","","","","","","","","","","","","0.000002205","","","","","","","2026-07-21T00:50:10.052Z","","","","","",""
"Gubby","4MT6n44J2Su87wR8vURpK1XGiV1M4byJQi6xX1ZRpump","58","2.962962961","","","","","","","","","","","","","","","","","","","","","","","","","","","","","","","","","","","","0.000003421","","","","","","","2026-07-21T00:50:10.080Z","","","","","",""
"sauce","F6dpku9XwCp8ryMvMY3SWEuw1QKchgu7VvVNaFgwpump","68","0.500000001","","","","","","","","","","","","","","","","","","","","","","","","","","","","","","","","","","","","0.000002752","","","","","","","2026-07-21T00:50:10.106Z","","","","","",""
"france","3cZa5H3gNUbAGLEGBxKypGjRsWCmmf13V6yLXq6Lpump","61","0.700000001","","","","","","","","","","","","","","","","","","","","","","","","","","","","","","","","","","","","0.000002697","","","","","","","2026-07-21T00:50:10.134Z","","","","","",""
"VOLKZCOIN","GnCMTn9XvuXrq94HKmCXXa3VJ1tzmJ3A1TVoYDXHpump","","","","","","","","","","","","","","","","","","","","","","","","","","","","","","","","","","","","","","","","","","","","6.146e-8","","","","","","2026-07-21T00:51:10.038Z",""
"france","7wtGQYLqQHsEhvverqe7jDCXzNt7SwLM9MbDTZ8jpump","57","0.500000001","","","","","","","","","","","","","","","","","","","","","","","","","","","","","","","","","","","","0.00000276","","","","","","","2026-07-21T00:51:10.061Z","","","","","",""
"BDTF","F5MnP9qc8mUNuPQFE8sRuYjfWCWZXjEuZWjfgCczpump","","","","","","","","","","","","","","","","","","","","","","","","","","","","","","","","","","","","","","","","","","","","4.328e-9","","","","","","2026-07-21T00:51:10.110Z",""
"NICK","9Tq4v1pghg1RsBSh77dgLWEFQg7FYYbnuvkhSszTpump","57","1.97530864","","","","","","","","","","","","","","","","","","","","","","","","","","","","","","","","","","","","0.000002184","","","","","","","2026-07-21T00:51:10.135Z","","","","","",""
"NOPE","AU9kursEfHZtxiPZFDxCre9NQaNt944U1y2Fr5H8pump","","","","","","","","","","","","","","","","","","","","","","","","","","","","","","","","","","","","","","","","","","","","6.311e-7","","","","","","2026-07-21T00:52:10.054Z",""
"OBOL","BbvUdhu4HZsQUp94cyYs225xzdc2RF8ngkudLKiBpump","57","1.97530864","","","","","","","","","","","","","","","","","","","","","","","","","","","","","","","","","","","","0.000002503","","","","","","","2026-07-21T00:52:10.077Z","","","","","",""
"memestock","HEThcH32RarHy9JjunmdsJxTh6m1EvBYyAhsw6T1pump","90","38.054968288","","","","","","","","","","","","","","","","","","","","","","","","","","","","","","","","","","","","0.000006879","","","","","","","2026-07-21T00:52:10.141Z","","","","","",""
"GILDEN","3wno3ijJFVTx2PbGa8Q3jgX2TMyk7Lfi9LA2dR8qpump","57","1.97530864","","","","","","","","","","","","","","","","","","","","","","","","","","","","","","","","","","","","0.000002184","","","","","","","2026-07-21T00:53:10.053Z","","","","","",""
"OGCARD","59mUwR6b2CnBw37oWyz4qL8CZvZFRLYohJhwN8rSpump","57","1.97530864","","","","","","","","","","","","","","","","","","","","","","","","","","","","","","","","","","","","0.000002208","","","","","","","2026-07-21T00:53:10.110Z","","","","","",""
"Salmon","96vxRBZa9HNkpojKytudjqX6fg2zkF53UMcamx7Vpump","68","0.250000001","","","","","","","","","","","","","","","","","","","","","","","","","","","","","","","","","","","","0.000002852","","","","","","","2026-07-21T00:54:10.136Z","","","","","",""
"What?$","6HkfU1akUtqE1H3286pXSiZ7s8cCwpypRgESBjWGpump","75","0.060000001","","","","","","","","","","","","","","","","","","","","","","","","","","","","","","","","","","","","0.00001109","","","","","","2.029e-8","2026-07-21T00:54:10.164Z","","","","","2026-07-21T00:55:10.087Z",""
"$ROTA","8YSHNLZUFAJLeFvfKa4uvzzzrUevvuTjVJBDd6xQpump","","","","","","","","","","","","","","","","","","","","","","","","","","","","","","","","","","","","","","","","","","","","1.389e-7","","","","","","2026-07-21T00:55:10.031Z",""
"BULLRUN","D7YmdEAKPcXEgzgQTShhTB7GiKzgXzNQCE3aNB6Npump","77","7.88148148","","","","","","","","","","","","","","","","","","","","","","","","","","","","","","","","","","","","0.000005893","","","","","","","2026-07-21T00:56:10.112Z","","","","","",""
"IB","4c7s8hk4zSsZXfWZuWcbyJ6ZDomZ9WhJ8AkPL8XApump","","","","","","","","","","","","","","","","","","","","","","","","","","","","","","","","","","","","","","","","","","","","0.000001229","","","","","","2026-07-21T00:56:10.135Z",""
"REBECCA","9njeskRAZT7ugN1hL2SgPSWnEnCuWSwoF3CuwYuVpump","62","0.400000001","","","","","","","","","","","","","","","","","","","","","","","","","","","","","","","","","","","","0.000001765","","","","","","","2026-07-21T00:56:10.153Z","","","","","",""
"erfei","Dn5EDpe69X7Mqoof9XRfJoLvk3aMFAXLW7XdTPtvpump","57","1.97530864","","","","","","","","","","","","","","","","","","","","","","","","","","","","","","","","","","","","0.000002185","","","","","","","2026-07-21T00:57:10.090Z","","","","","",""
"GALOPÊRA","BhQy6d4qYvCm1NsWWeg4JjsrXTExbYMN933SsDvdpump","56","2.962962961","","","","","","","","","","","","","","","","","","","","","","","","","","","","","","","","","","","","0.000003129","","","","","","","2026-07-21T00:57:10.119Z","","","","","",""
"Er Fei","DfqJZSGkDZwqU1dG9SwpgrXj7imn7oRdw9v7qqeApump","62","5","","","","","","","","","","","","","","","","","","","","","","","","","","","","","","","","","","","","0.000005593","","","","","","","2026-07-21T00:57:10.174Z","","","","","",""
"CATFATHER","GR8uZ7paQ7rGRViv8RVTPCnYwbhxhHTe3DyUEvbVpump","","","","","","","","","","","","","","","","","","","","","","","","","","","","","","","","","","","","","","","","","","","","4.284e-7","","","","","","2026-07-21T00:58:10.072Z",""
"friend","7NdH1J6Q7rM742HHt2M8BBU71YSnKc796s534fRupump","63","3","","","","","","","","","","","","","","","","","","","","","","","","","","","","","","","","","","","","0.00000821","","","","","","","2026-07-21T00:58:10.094Z","","","","","",""
"EVERY","DGpRYnC5VNwbaAgRgAWF5osXaRBVUKzNr1uc4Sx4pump","","","","","","","","","","","","","","","","","","","","","","","","","","","","","","","","","","","","","","","","","","","","3.239e-7","","","","","","2026-07-21T00:58:10.124Z",""
"TBM","664fTfYeqxp8zQ9Xkw7j7KXzVjHMKRt2DyzW8arYpump","","","","","","","","","","","","","","","","","","","","","","","","","","","","","","","","","","","","","","","","","","","","2.752e-7","","","","","","2026-07-21T00:58:10.145Z",""
"nl","2m5FNojAbQaEfKYFcCRdiiRRH5o1gu2aczXmXLZMpump","","","","","","","","","","","","","","","","","","","","","","","","","","","","","","","","","","","","","","","","","","","","2.187e-7","","","","","","2026-07-21T00:59:10.063Z",""
"1.618","4a2KPLePScqdhX9MxWZWFe48LX5eFdnh6SsfRBpypump","58","3","","","","","","","","","","","","","","","","","","","","","","","","","","","","","","","","","","","","0.000002292","","","","","","","2026-07-21T00:59:10.088Z","","","","","",""
"Tigger","AHrXBDGpDRdnA4cattwBGyY9eFppKjpR1KuxPcojmSzQ","61","5","","","","","","","","","","","","","","","","","","","","","","","","","","","","","","","","","","","","0.000002196","","","","","","","2026-07-21T01:00:10.242Z","","","","","",""
"JONES","9QyY1Kg8YARNYfqk91WeEgT2KDqejHbRdfdw4u2ipump","56","2.962962961","","","","","","","","","","","","","","","","","","","","","","","","","","","","","","","","","","","","0.000002213","","","","","","","2026-07-21T01:00:10.263Z","","","","","",""
"RISE","Eufo51YmNwqzoKpp2FnReNxHjZwKL5k5c5uPE89jpump","88","35.229629628","","","","","","","","","","","","","","","","","","","","","","","","","","","","","","","","","","","","0.00001032","","","","","","","2026-07-21T01:00:10.296Z","","","","","",""
"$Rocksem","At5Nwq7VbVbaCskuFabo7Y57e27xV3J5bFcsr3b2pump","","","","","","","","","","","","","","","","","","","","","","","","","","","","","","","","","","","","","","","","","","","","1.033e-8","","","","","","2026-07-21T01:00:10.348Z",""
"BULLRUN","9dWEqMfvXMRUwG4je34pBvZtoPYn9kBzwcyhhM1Wpump","","","","","","","","","","","","","","","","","","","","","","","","","","","","","","","","","","","","","","","","","","","","3.995e-7","","","","","","2026-07-21T01:01:10.096Z",""
"Tigger","BjR3U2PUTWu6kxJWoEHrq27FwxFVxNb9UsWKvwbpKeEW","60","5","","","","","","","","","","","","","","","","","","","","","","","","","","","","","","","","","","","","0.000002196","","","","","","","2026-07-21T01:01:10.123Z","","","","","",""
"3","8fP9UGkJSyJRWrzfL2dTkhkBGArNGby4Ub3jQqr9pump","63","3","","","","","","","","","","","","","","","","","","","","","","","","","","","","","","","","","","","","0.000002292","","","","","","","2026-07-21T01:02:10.134Z","","","","","",""
"Jones","FXeQZg7dNWSUQPkcCor8tSY2B9wJrQSknfVLgPrEpump","67","5","","","","","","","","","","","","","","","","","","","","","","","","","","","","","","","","","","","","0.000002182","","","","","","","2026-07-21T01:03:10.093Z","","","","","",""
"TIER","EUVN9aPuD3ihvadCVU9eHG5Jesiek69miyi68yg4kTga","","","","","","","","","","","","","","","","","","","","","","","","","","","","","","","","","","","","","","","","","","","","0.000002189","","","","","","2026-07-21T01:03:10.119Z",""
"K33P","HyeyvDCJuK3UaokRimPuvF7Sfo8xEDxxzrft1D8jpump","68","0.197530863","","","","","","","","","","","","","","","","","","","","","","","","","","","","","","","","","","","","0.000004887","","","","","","","2026-07-21T01:03:10.145Z","","","","","",""
"PBANK","ADVJzwbirF1TfWwkrLKmQeY9SD6xgf4pDtNcx6jhpump","","","","","","","","","","","","","","","","","","","","","","","","","","","","","","","","","","","","","","","","","","","","5.707e-8","","","","","","2026-07-21T01:03:10.221Z",""
"Jones","BQXhFk9vuy9MgUGRn22DAJo9uHgAnMd59oNkQ3HUpump","57","5","","","","","","","","","","","","","","","","","","","","","","","","","","","","","","","","","","","","0.000002201","","","","","","","2026-07-21T01:04:10.098Z","","","","","",""
"Simba","D93J6nc2BJNT6aiwW2xsy1VJqycJCrMpawiHvYPQpump","98","1","","","","","","","","","","","","","","","","","","","","","","","","","","","","","","","","","","","","0.000003105","","","","","","","2026-07-21T01:04:10.137Z","","","","","",""
"friend","5Utc79yL5n1f71LTUJGv9azeG9gXuq3PRg45KU4Npump","67","5","","","","","","","","","","","","","","","","","","","","","","","","","","","","","","","","","","","","0.000002183","","","","","","","2026-07-21T01:04:10.164Z","","","","","",""
"Farmer","HvRR2VG9cTWvVMRSomWUNJgUrhUBh5gLvCsWmvW2pump","72","6.913580245","","","","","","","","","","","","","","","","","","","","","","","","","","","","","","","","","","","","0.000003305","","","","","","","2026-07-21T01:05:10.081Z","","","","","",""
"OURO","DibjE6eRta69h2whX16aKV1xiMGixzwJT3SEDYvKpump","57","1.97530864","","","","","","","","","","","","","","","","","","","","","","","","","","","","","","","","","","","","0.000002188","","","","","","","2026-07-21T01:05:10.107Z","","","","","",""
"Friend","GCSpYitevsre1bG8A8N8AquuFALojUNcGYb3vVB61zHa","59","2.370370368","","","","","","","","","","","","","","","","","","","","","","","","","","","","","","","","","","","","0.00001942","","","","","","","2026-07-21T01:05:10.137Z","","","","","",""
"Friend","EY7PfZo81VeVpVn86D5f2128nESs8vK4hWTTzueZpump","64","5","","","","","","","","","","","","","","","","","","","","","","","","","","","","","","","","","","","","0.000002291","","","","","","","2026-07-21T01:06:10.187Z","","","","","",""
"Monkey","BRzkf4oDwBjPh6saMyyoufqjQmfcbQcYbgWehYmJpump","63","2.962962961","","","","","","","","","","","","","","","","","","","","","","","","","","","","","","","","","","","","0.00000221","","","","","","","2026-07-21T01:07:10.086Z","","","","","",""
"bulliever","8eJjtuEmNCzeYtyUqTMvf71b6XEfvbwNs8sJ6PJHUU4n","57","7","","","","","","","","","","","","","","","","","","","","","","","","","","","","","","","","","","","","0.000002182","","","","","","","2026-07-21T01:08:10.080Z","","","","","",""
"SYDNEY","EqbTZFSpRBUNZGCcXYmQZYQwBYhDyDBgjuxthytZpump","67","8","","","","","","","","","","","","","","","","","","","","","","","","","","","","","","","","","","","","0.000002182","","","","","","","2026-07-21T01:08:10.105Z","","","","","",""
"PEPORO","5p9wWoHsUe3dA2YWWuV5LKW6gjkRk2JvSCedPXfhpump","85","20","","","","","","","","","","","","","","","","","","","","","","","","","","","","","","","","","","","","0.0000228","","","","","","","2026-07-21T01:08:10.173Z","","","","","",""
"$Rocksem","Ca5EefimG3YkSobSMocAcSX4UQhCJKyysAWpcSKdpump","","","","","","","","","","","","","","","","","","","","","","","","","","","","","","","","","","","","","","","","","","","","1.387e-7","","","","","","2026-07-21T01:09:10.077Z",""
"RL","4C99GkhVoNaU9HKsRyf4skaY2g7uScmZUHfRPUEJpump","","","","","","","","","","","","","","","","","","","","","","","","","","","","","","","","","","","","","","","","","","","","2.811e-7","","","","","","2026-07-21T01:09:10.104Z",""
"$bag","G1siz9HJNanAnY69fksEQkRv46RBTwNriKQxfw9Bpump","","","","","","","","","","","","","","","","","","","","","","","","","","","","","","","","","","","","","","","","","","","","3.861e-7","","","","","","2026-07-21T01:10:10.057Z",""
"RCOON","CJfeNMjDgC1DDq42NubwfXFTjfxbzykJop2Bccjzpump","","","","","","","","","","","","","","","","","","","","","","","","","","","","","","","","","","","","","","","","","","","","4.94e-8","","","","","","2026-07-21T01:10:10.079Z",""
"8.9%","Ch9m6HPqKRV6R1bmnGFLG5EX5KzJPYbLnwRxBuWmpump","63","3.061728393","","","","","","","","","","","","","","","","","","","","","","","","","","","","","","","","","","","","0.000002949","","","","","","0.000002258","2026-07-21T01:10:10.121Z","","","","","2026-07-21T01:14:10.039Z",""
"CLRKBNG","DLDvXk5rgxuWSPvEwigVvRMe2SmvMgEJhfgpTouW3WTF","63","3.958","","","","","","","49.7","780","-77.4","960","3.958","0","1","0","0","0","2530.73","6","275.02","665.46","1","1","65.26","","0","0","1","0","0","","","","","","","0.00000464","0.000006025","","","","","","2026-07-21T01:10:10.144Z","2026-07-21T01:14:10.128Z","","","","",""
"Kirk","BrkwBE77jMRwQ8D7JXtDVqp2WeVd4K3UZBuAykWApump","","","","","","","","","","","","","","","","","","","","","","","","","","","","","","","","","","","","","","","","","","","","8.013e-7","","","","","","2026-07-21T01:11:10.130Z",""
"WART","FjmHVScEGQBaK2YeCmf34hWsWT1EPwSYBNmRc6vEpump","73","0.059259258","","","","","","","","","","","","","","","","","","","","","","","","","","","","","","","","","","","","0.000004724","","","","","","3.331e-7","2026-07-21T01:14:10.068Z","","","","","2026-07-21T01:15:10.145Z",""
"france","B7GaPqKLFAmiiU8ahrgbSuCQkk2jDpdMoTBYzqxbpump","56","0.500000001","","","","","","","","","","","","","","","","","","","","","","","","","","","","","","","","","","","","0.000003337","","","","","","","2026-07-21T01:15:10.118Z","","","","","",""
"Rigby","GnBorehSp1ncB7eja2dRCkx6HWJyy12LxXaNFquDpump","87","17.777777776","","","","","","","","","","","","","","","","","","","","","","","","","","","","","","","","","","","","0.00000353","","","","","","0.000002318","2026-07-21T01:16:10.065Z","","","","","2026-07-21T01:17:10.087Z",""
"$Rocksem","7Bfno6QogqPkmE83hdrDZBQt82zsRZ6NSFeuCihCpump","","","","","","","","","","","","","","","","","","","","","","","","","","","","","","","","","","","","","","","","","","","","5.225e-7","","","","","","2026-07-21T01:16:10.090Z",""
"DTCCBULL","4ZVsf5rLhDHk3uvFvNNaE2TEQAriZyfD15uoiM4Epump","60","2.5","","","","","","","","","","","","","","","","","","","","","","","","","","","","","","","","","","","","0.000002528","","","","","","","2026-07-21T01:17:10.116Z","","","","","",""
"france","GW6wzYiNrJDf7kGCCqZF438pRVwFLAwP38uL7iRGpump","55","0.500000001","","","","","","","","","","","","","","","","","","","","","","","","","","","","","","","","","","","","0.00000345","","","","","","","2026-07-21T01:17:10.144Z","","","","","",""
"$WetDog","GLS2b9Q77vL3BxEu8CfHLUKxzqEe9aZAZnQSUBrKpump","","","","","","","","","","","","","","","","","","","","","","","","","","","","","","","","","","","","","","","","","","","","1.827e-8","","","","","","2026-07-21T01:18:10.244Z",""
"RCOON","GoByEjkXoMF195PfTgbiqqQ9tLv8UqYZvMmRQWCipump","","","","","","","","","","","","","","","","","","","","","","","","","","","","","","","","","","","","","","","","","","","","3.89e-7","","","","","","2026-07-21T01:18:10.326Z",""
"$Rocksem","BrbgWUbxzQMMvdUGR866MKLcybJzyiVJ3TjabRBRpump","","","","","","","","","","","","","","","","","","","","","","","","","","","","","","","","","","","","","","","","","","","","2.223e-7","","","","","","2026-07-21T01:19:10.073Z",""
"JEW","36Y9DmuWYJJB2463KN8o2itajGMNmFMgEpXwX4LHpump","","","","","","","","","","","","","","","","","","","","","","","","","","","","","","","","","","","","","","","","","","","","0.000001153","","","","","","2026-07-21T01:19:10.095Z",""
"france","E7eChPBHNCCFbzf9Bb6LaHsM3rGR45h2nyrmU3VWpump","57","0.700000001","","","","","","","","","","","","","","","","","","","","","","","","","","","","","","","","","","","","0.000003468","","","","","","","2026-07-21T01:19:10.119Z","","","","","",""
"BULLRUNNER","ABMPJZQpyoqiGSBGqbsc9RQsarMtJYsJ84A5n1XYpump","","","","","","","","","","","","","","","","","","","","","","","","","","","","","","","","","","","","","","","","","","","","1.184e-7","","","","","","2026-07-21T01:21:10.066Z",""
"SYDNEY","DwEQX7TVNRWErgEubJcSUvgQYKZCkZfbfTv8BsiuXnJa","59","2.370370368","","","","","","","","","","","","","","","","","","","","","","","","","","","","","","","","","","","","0.000002192","","","","","","","2026-07-21T01:21:10.098Z","","","","","",""
"JIMOTHY","qv6N1Q3WedPJ2FbhSHtZkVJ5RYdz5jk63ishpYspjim","63","3.091079728","","","","","","","","","","","","","","","","","","","","","","","","","","","","","","","","","","","","0.00001521","","","","","","","2026-07-21T01:22:10.043Z","","","","","",""
"CHOCI","Gv3T8Fp69vQTvdEiTS6w3UJqqMeko283M1VujWKBpump","79","8.77914951","","","","","","","","","","","","","","","","","","","","","","","","","","","","","","","","","","","","0.000002347","","","","","","","2026-07-21T01:22:10.063Z","","","","","",""
"WART","223Du8A3Z2NfnR57q63XU5DF3xjJcFvYbVNYMoNxpump","","","","","","","","","","","","","","","","","","","","","","","","","","","","","","","","","","","","","","","","","","","","6.171e-7","","","","","","2026-07-21T01:22:10.104Z",""
"SYDNEY","BDMnYxkWiFrinZKJU6w371fH1ADK185UdXJsRCMzTJea","59","2.370370368","","","","","","","","","","","","","","","","","","","","","","","","","","","","","","","","","","","","0.000002205","","","","","","","2026-07-21T01:22:10.125Z","","","","","",""
"MCAT","YiQ83JwB5rgwCDwahG14ScQAadSPf42mNc6mwAepump","","","","","","","","","","","","","","","","","","","","","","","","","","","","","","","","","","","","","","","","","","","","9.42e-7","","","","","","2026-07-21T01:23:10.074Z",""
"SADCAT","NqHMVaeEPk73ctxotDdMAuipE45MUxiBARoaXARpump","","","","","","","","","","","","","","","","","","","","","","","","","","","","","","","","","","","","","","","","","","","","2.587e-7","","","","","","2026-07-21T01:23:10.103Z",""
"Jiggy","7M72iBmLso51HBmBj599UhiiMr2EdAmGixBzrTwJpump","63","3","","","","","","","","","","","","","","","","","","","","","","","","","","","","","","","","","","","","0.000002417","","","","","","","2026-07-21T01:23:10.126Z","","","","","",""
"MC","HrPJG3gmZXwjS8nz2B2MeRhKvEaoZ6hM7Lq1mA1Wpump","","","","","","","","","","","","","","","","","","","","","","","","","","","","","","","","","","","","","","","","","","","","1.427e-7","","","","","","2026-07-21T01:23:10.147Z",""
"Jiggy","5eH75JitapYSxeNsUQDmZDNcGbUT3K2esQ62KUXcpump","58","3","","","","","","","","","","","","","","","","","","","","","","","","","","","","","","","","","","","","0.000002253","","","","","","","2026-07-21T01:24:10.151Z","","","","","",""
"france","3qf6697ygk9d7zGT29gwuixhUX3aAQHogbqfibsepump","58","0.788000001","","","","","","","","","","","","","","","","","","","","","","","","","","","","","","","","","","","","0.000003093","","","","","","","2026-07-21T01:24:10.180Z","","","","","",""
"folk","99EFWu4JExBGbqoRZVa7eDLhK65H3iWDVHkrcU3opump","","","","","","","","","","","","","","","","","","","","","","","","","","","","","","","","","","","","","","","","","","","","5.063e-7","","","","","","2026-07-21T01:24:10.209Z",""
"alienstar","Afeujbvo6M8P3NNyUjTnBAmmt13yQuUfrVYmTJTnpump","","","","","","","","","","","","","","","","","","","","","","","","","","","","","","","","","","","","","","","","","","","","6.507e-7","","","","","","2026-07-21T01:24:10.239Z",""
"CHOCI","2o4QBXcEvwU3427vY9dA1CQHEx1m9Z3eSVsP6bHHpump","","","","","","","","","","","","","","","","","","","","","","","","","","","","","","","","","","","","","","","","","","","","0.00000232","","","","","","2026-07-21T01:25:10.049Z",""
"$Rocksem","6RH38hjB9s713FJAB5XXKDGcAEfdzXTCDC4Mzgd2pump","","","","","","","","","","","","","","","","","","","","","","","","","","","","","","","","","","","","","","","","","","","","2.577e-7","","","","","","2026-07-21T01:25:10.068Z",""
"france","F8h5hWspu8WA9PvwaNBHfgdHC6pMfwkomtcy72mcpump","55","0.636000001","","","","","","","","","","","","","","","","","","","","","","","","","","","","","","","","","","","","0.00000226","","","","","","","2026-07-21T01:25:10.090Z","","","","","",""
"france","acoaCco3UNGsVSc26jobEUvKakha7nNzYeYkeYjpump","","","","","","","","","","","","","","","","","","","","","","","","","","","","","","","","","","","","","","","","","","","","0.000001124","","","","","","2026-07-21T01:25:10.207Z",""
"GamBull","C7EzK3fB19S63DRq4eEKrNiu96naVL5UsfM7dxREpump","60","0.034517265","","","","","","","","","","","","","","","","","","","","","","","","","","","","","","","","","","","","0.00001512","","","","","","5.734e-7","2026-07-21T01:26:10.052Z","","","","","2026-07-21T01:28:10.099Z",""
"VHYW","9bxDaXWqCD1XqsJwXhPKVS5zud5Cjhq4pmfZaMCrpump","","","","","","","","","","","","","","","","","","","","","","","","","","","","","","","","","","","","","","","","","","","","1.046e-7","","","","","","2026-07-21T01:26:10.080Z",""
"PEPORO","G7d4X3V33judhGGkJk2kvvj4aswHG6TcPrJbZayvpump","63","3","","","","","","","","","","","","","","","","","","","","","","","","","","","","","","","","","","","","0.000002287","","","","","","","2026-07-21T01:26:10.101Z","","","","","",""
"Iris","Ye3DzeqNybZV44dVP1T4QLqKw8igpuZAh6MvMZHpump","56","5","","","","","","","","","","","","","","","","","","","","","","","","","","","","","","","","","","","","0.000006343","","","","","","","2026-07-21T01:27:10.092Z","","","","","",""
"MNEMONIC","42CLPGHbpa6g3pMEBu7k3j9YMsprDQqNu5iKVdPmpump","","","","","","","","","","","","","","","","","","","","","","","","","","","","","","","","","","","","","","","","","","","","2.73e-7","","","","","","2026-07-21T01:27:10.123Z",""
"PEPORO","2Wux8kjW2JqrZ4xbYHuvBWAb8X5ERxUtiGZsRroapump","58","3","","","","","","","","","","","","","","","","","","","","","","","","","","","","","","","","","","","","0.000002178","","","","","","","2026-07-21T01:27:10.220Z","","","","","",""
"fml","3B95CQYekoSFLyZeUVsJJLHwkYNfKPrppP3FrbSUpump","","","","","","","","","","","","","","","","","","","","","","","","","","","","","","","","","","","","","","","","","","","","3.666e-8","","","","","","2026-07-21T01:28:10.032Z",""
"TIF","53uFJFunuJys5aGr7KfpG7mod1p5U9MFjFgjV6Tupump","58","0.059259258","","","","","","","","","","","","","","","","","","","","","","","","","","","","","","","","","","","","0.000001919","","","","","","","2026-07-21T01:28:10.120Z","","","","","",""
"BYE","HzUbjreC1TMvhatCV1uxux2ujjZgMUNdX38fB1yxpump","","","","","","","","","","","","","","","","","","","","","","","","","","","","","","","","","","","","","","","","","","","","1.61e-7","","","","","","2026-07-21T01:29:10.066Z",""
"fml","AN5ZkKy9nkvqB4KpoBGYf8CkocQLZdAjgW1BmtJjpump","","","","","","","","","","","","","","","","","","","","","","","","","","","","","","","","","","","","","","","","","","","","5.096e-7","","","","","","2026-07-21T01:29:10.094Z",""
"alienbaby","7Td1LAMMt1vgRm6MScuVy1jpdwzMyzoDgHSeT7Jrpump","","","","","","","","","","","","","","","","","","","","","","","","","","","","","","","","","","","","","","","","","","","","3.329e-7","","","","","","2026-07-21T01:29:10.147Z",""
"CHATT","CH67oXE429Fodm6qvhP59Zt7325ZDnTwNBRGKs1Hpump","","","","","","","","","","","","","","","","","","","","","","","","","","","","","","","","","","","","","","","","","","","","4.201e-7","","","","","","2026-07-21T01:30:10.181Z",""
"TRDS","FHV4WehLuzZxJCXzZ6j7bRSpjBwfjGBnYpoaoLoHpump","","","","","","","","","","","","","","","","","","","","","","","","","","","","","","","","","","","","","","","","","","","","2.081e-7","","","","","","2026-07-21T01:30:10.241Z",""
"AORP$","Cc1EuwqMCqGJ5vXEbqTt9aBs5JWpfhrWxyayQ4Xwpump","67","0.190000001","","","","","","","","","","","","","","","","","","","","","","","","","","","","","","","","","","","","0.000002229","","","","","","","2026-07-21T01:30:10.431Z","","","","","",""
"LASTCHANCE","4MR5bKSQ3GfQEwEjsSMqY6rhpBU5FsbToP4ciNgrpump","","","","","","","","","","","","","","","","","","","","","","","","","","","","","","","","","","","","","","","","","","","","3.316e-7","","","","","","2026-07-21T01:31:10.022Z",""
"STRONGG","CyKsydxz1tBvaPjB8AeEeACakpfBoDewYnSwhewRDNX","57","6.999999999","","","","","","","","","","","","","","","","","","","","","","","","","","","","","","","","","","","","0.000002288","","","","","","","2026-07-21T01:31:10.125Z","","","","","",""
"BULLRUNNER","8R9SsvusDZocX8ApkWLne6k5idiu6mrTiiz1TFTCpump","97","0.069013868","","","","","","","","","","","","","","","","","","","","","","","","","","","","","","","","","","","","0.0001111","","","","","","","2026-07-21T01:32:10.037Z","","","","","",""
"NFTrend","9ZTfgcatkwanix6uxvQxc8VAcCKHxTvxNUwKZ42Vpump","63","2.962962961","","","","","","","","","","","","","","","","","","","","","","","","","","","","","","","","","","","","0.000002188","","","","","","","2026-07-21T01:32:10.063Z","","","","","",""
"bull","6R3ZFVqPuUDFaS81Tks8Mnw1HQqdWYmYFjiskBAppump","67","0.170000001","","","","","","","","","","","","","","","","","","","","","","","","","","","","","","","","","","","","0.000002709","","","","","","","2026-07-21T01:32:10.089Z","","","","","",""
"HackedFace","3t5cUH9fqpVRBszEkyZonimR6Tej2aHPnKzet9u8pump","56","3","","","","","","","","","","","","","","","","","","","","","","","","","","","","","","","","","","","","0.000002184","","","","","","","2026-07-21T01:33:10.072Z","","","","","",""
"Bruno","CkqBhpEwpMxFKuoWmmx7S2KGWUDmzhi2Cih9wYQKpump","63","3","","","","","","","","","","","","","","","","","","","","","","","","","","","","","","","","","","","","0.00000501","","","","","","","2026-07-21T01:33:10.099Z","","","","","",""
"BBGMAYHEM","JArmPATNP2fZGTfD3DSmi1TS5owHEG6Tkd8oKgWhpump","","","","","","","","","","","","","","","","","","","","","","","","","","","","","","","","","","","","","","","","","","","","8.301e-7","","","","","","2026-07-21T01:33:10.132Z",""
"BBGMAYHEM","92GYupkQGGh6YRxB4r1WcLJpbT88QqAbpzmT486apump","83","2.962962961","","","","","","","","","","","","","","","","","","","","","","","","","","","","","","","","","","","","0.000005055","","","","","","","2026-07-21T01:33:10.190Z","","","","","",""
"BBGMAYHEM","9zjCxcTEEDjbPRUQFK7YdmqrsgtAFEZxMh9AXkHEpump","80","2.962962961","","","","","","","","","","","","","","","","","","","","","","","","","","","","","","","","","","","","0.000007497","","","","","","","2026-07-21T01:34:10.042Z","","","","","",""
"CHOCI","FVf16BbjhMX54i1BJMzsyphNzvcy4fRSKWBZogkTpump","","","","","","","","","","","","","","","","","","","","","","","","","","","","","","","","","","","","","","","","","","","","0.000002357","","","","","","2026-07-21T01:34:10.062Z",""
"BBGMAYHEM","FHox9JA7xfTqG7zFLUbDnggbRmjqx3cuMYKWpqudpump","","","","","","","","","","","","","","","","","","","","","","","","","","","","","","","","","","","","","","","","","","","","6.449e-7","","","","","","2026-07-21T01:34:10.103Z",""
"LASTCHANCE","7WLtG9XshSPXmnSeC29ZsM8b7qFBV7AN8eKQHgZSpump","","","","","","","","","","","","","","","","","","","","","","","","","","","","","","","","","","","","","","","","","","","","2.819e-7","","","","","","2026-07-21T01:35:10.038Z",""
"Build","EAkt9h35LEGa1YpDPkUxArnkR7VT371j4BBoSssDpump","55","1.800000001","","","","","","","","","","","","","","","","","","","","","","","","","","","","","","","","","","","","0.000002588","","","","","","","2026-07-21T01:35:10.063Z","","","","","",""
"BBGMAYHEM","2V634w95JuNZa1pSuzpfM3T56T1yANRA1vc9j4jXpump","","","","","","","","","","","","","","","","","","","","","","","","","","","","","","","","","","","","","","","","","","","","4.957e-7","","","","","","2026-07-21T01:35:10.101Z",""
"BBGMAYHEM","Hp3pUbA5GrVJ9UE79MvKiGMFzM8NF9JhY98TwDMvpump","","","","","","","","","","","","","","","","","","","","","","","","","","","","","","","","","","","","","","","","","","","","6.968e-7","","","","","","2026-07-21T01:36:10.101Z",""
"BBGMAYHEM","bhCVz9nY86EDVoxv2rNErrtk3fcqYur5p5bJMKRpump","","","","","","","","","","","","","","","","","","","","","","","","","","","","","","","","","","","","","","","","","","","","2.157e-7","","","","","","2026-07-21T01:36:10.120Z",""
"BBGMAYHEM","2VvbPLoCe1d9njK374CAfJSAHs3nmJ97qDsyyHr5pump","","","","","","","","","","","","","","","","","","","","","","","","","","","","","","","","","","","","","","","","","","","","4.812e-7","","","","","","2026-07-21T01:36:10.160Z",""
"BLOWI","32soNeDQB6E1ThNzG5pB6tE3dzV8nexjaanDHMxVpump","67","0.592592591","","","","","","","","","","","","","","","","","","","","","","","","","","","","","","","","","","","","0.000003092","","","","","","","2026-07-21T01:37:10.030Z","","","","","",""
"NFTrend","H7Drw2ttZaf9RvyQz2cwyyTXYx42uBGvFt56PQqLpump","57","4.444444443","","","","","","","","","","","","","","","","","","","","","","","","","","","","","","","","","","","","0.00000814","","","","","","","2026-07-21T01:37:10.068Z","","","","","",""
"Mitch","ChvVdyVa8wpCgqzsdHQbFjkKTUwGf198eFfjQMLwpump","87","17.876543208","","","","","","","","","","","","","","","","","","","","","","","","","","","","","","","","","","","","0.000007876","","","","","","","2026-07-21T01:37:10.090Z","","","","","",""
"LASTCHANCE","sKgdfGE42p8kC7nhNPgdqAazn73UWsg4778P5w7pump","","","","","","","","","","","","","","","","","","","","","","","","","","","","","","","","","","","","","","","","","","","","8.971e-8","","","","","","2026-07-21T01:37:10.112Z",""
"LASTCHANCE","EZbmwTFxoDnkFJPVHSXNKqptdCC9iSE4R9jvbqccpump","","","","","","","","","","","","","","","","","","","","","","","","","","","","","","","","","","","","","","","","","","","","3.029e-7","","","","","","2026-07-21T01:38:10.025Z",""
"BBGMAYHEM","D9mszsNY99tM3bojk6jhrY16VxEqrke93xCgnUappump","","","","","","","","","","","","","","","","","","","","","","","","","","","","","","","","","","","","","","","","","","","","5.51e-7","","","","","","2026-07-21T01:38:10.055Z",""
"ROI","Gkf4dMKZ4YR1uBYiiANtUyi3P8SXuwdcrfxUUJYipump","","","","","","","","","","","","","","","","","","","","","","","","","","","","","","","","","","","","","","","","","","","","3.297e-7","","","","","","2026-07-21T01:38:10.099Z",""
"TIFF","C5oHHsyhAx8Vs48yqcZRGY9QGySHWeGpPUeycAENpump","","","","","","","","","","","","","","","","","","","","","","","","","","","","","","","","","","","","","","","","","","","","4.107e-7","","","","","","2026-07-21T01:38:10.136Z",""
"LASTCHANCE","XFN5PKtMJZKFXV5z89wdQfjkN5NTSUaPhdL9kBCpump","","","","","","","","","","","","","","","","","","","","","","","","","","","","","","","","","","","","","","","","","","","","6.814e-7","","","","","","2026-07-21T01:39:10.039Z",""
"LASTCHANCE","G9ArJMZDoBG5hY9bnnUihZdzbggnBmQaw4j657Afpump","","","","","","","","","","","","","","","","","","","","","","","","","","","","","","","","","","","","","","","","","","","","5.597e-7","","","","","","2026-07-21T01:39:10.077Z",""
"BBGMAYHEM","nwBtKc1eFZ7LnP24CorBvM5nTUg2mhGqSwzU644pump","","","","","","","","","","","","","","","","","","","","","","","","","","","","","","","","","","","","","","","","","","","","0.000001058","","","","","","2026-07-21T01:39:10.107Z",""
"BBGMAYHEM","3pz5NiozCRNkGQCvuCzgBXw3orCE387fM3ZPBQa8pump","72","2.222222221","","","","","","","","","","","","","","","","","","","","","","","","","","","","","","","","","","","","0.000004274","","","","","","","2026-07-21T01:39:10.173Z","","","","","",""
"Toast","4GbTcwrnszbJhB6tyrgQ6uKZndyHq4XQxFEQogugpump","","","","","","","","","","","","","","","","","","","","","","","","","","","","","","","","","","","","","","","","","","","","3.676e-7","","","","","","2026-07-21T01:40:10.029Z",""
"TIFF","CydHRyj5Vp5dMg5X7emDPMEor6qTg3PbJvAdgk1Dpump","","","","","","","","","","","","","","","","","","","","","","","","","","","","","","","","","","","","","","","","","","","","7.375e-7","","","","","","2026-07-21T01:40:10.115Z",""
"BBGMAYHEM","BA2NRY6ec3HBkCA19R56dDFeQEDJiYejXdXDcy3Bpump","","","","","","","","","","","","","","","","","","","","","","","","","","","","","","","","","","","","","","","","","","","","0.00000134","","","","","","2026-07-21T01:40:10.139Z",""
"GamBull","3PRB5zkpWzenA9WwikN4ob1kKNmYSZRso2BASQcupump","","","","","","","","","","","","","","","","","","","","","","","","","","","","","","","","","","","","","","","","","","","","4.039e-7","","","","","","2026-07-21T01:40:10.181Z",""
"HYRAX","FZ9tQtgzxPxhQbrBGwfgiE2A1YHkwpCxG8wCi8Fspump","56","5","","","","","","","","","","","","","","","","","","","","","","","","","","","","","","","","","","","","0.00000392","","","","","","","2026-07-21T01:41:10.044Z","","","","","",""
"CHOCI","8ZxjAcqHsKP9AhkPFSPu5eozpX2RnPezz64CxbYgpump","","","","","","","","","","","","","","","","","","","","","","","","","","","","","","","","","","","","","","","","","","","","0.000002329","","","","","","2026-07-21T01:41:10.072Z",""
"LASTCHANCE","7GARL6uz35jYmWheA2LcmdtboQCZ3XetLNbX6wzhpump","63","0.65","","","","","","","","","","","","","","","","","","","","","","","","","","","","","","","","","","","","0.000002662","","","","","","","2026-07-21T01:41:10.095Z","","","","","",""
"BBGMAYHEM","8DWbkqqpMSVC7QxgRhbgsXGmywG3ncijw8oWjpUjpump","","","","","","","","","","","","","","","","","","","","","","","","","","","","","","","","","","","","","","","","","","","","6.107e-7","","","","","","2026-07-21T01:41:10.184Z",""
"KDH","6v1HrVTs5iEQCuJyDQBeGFhMigWYK6QbiGPxovYGpump","80","1.48148148","","","","","","","","","","","","","","","","","","","","","","","","","","","","","","","","","","","","0.00004173","","","","","","","2026-07-21T01:42:10.199Z","","","","","",""
"$bag","GjoaDiZW6u9xLap3hSoHmoef6Y19L3dB3hauBdb9pump","","","","","","","","","","","","","","","","","","","","","","","","","","","","","","","","","","","","","","","","","","","","1.461e-7","","","","","","2026-07-21T01:42:10.227Z",""
"LASTCHANCE","8bEDvsy1F8N98sizSbnR7xryDwCunxgS6wNYtCWNpump","61","0.65","","","","","","","","","","","","","","","","","","","","","","","","","","","","","","","","","","","","0.000002594","","","","","","","2026-07-21T01:42:10.258Z","","","","","",""
"LASTCHANCE","DWH2N3bLKRkvXhMPCYuKj4pjuRoKD2wKPtFmZBWpump","","","","","","","","","","","","","","","","","","","","","","","","","","","","","","","","","","","","","","","","","","","","6.845e-7","","","","","","2026-07-21T01:42:10.301Z",""
"MoneyBag","GVCEQDTiabgfteLoeRT1k2xvtUbvL6Tg6Bi71oF2pump","","","","","","","","","","","","","","","","","","","","","","","","","","","","","","","","","","","","","","","","","","","","9.883e-7","","","","","","2026-07-21T01:43:10.028Z",""
"BBGMAYHEM","7pFgyE6ukmJqacA2k9B316a12oFNML68DVTH5yTmpump","","","","","","","","","","","","","","","","","","","","","","","","","","","","","","","","","","","","","","","","","","","","5.177e-7","","","","","","2026-07-21T01:43:10.047Z",""
"Rigby-","H4pWEvNBU2TghCE8FH34WmRtWjvsh9WnuwkPzDxqpump","","","","","","","","","","","","","","","","","","","","","","","","","","","","","","","","","","","","","","","","","","","","6.547e-8","","","","","","2026-07-21T01:43:10.085Z",""
"LASTCHANCE","FYn8Y26veifYtGVMmZWXS79Ewmhmw3X2V1xew1j4pump","","","","","","","","","","","","","","","","","","","","","","","","","","","","","","","","","","","","","","","","","","","","9.599e-7","","","","","","2026-07-21T01:43:10.106Z",""
"LASTCHANCE","3idnxdUxLq34gVpx8rwQtV5oczm9fEeqiKp9JTHMpump","58","0.65","","","","","","","","","","","","","","","","","","","","","","","","","","","","","","","","","","","","0.000001989","","","","","","","2026-07-21T01:44:10.064Z","","","","","",""
"win","2yNv3PfaG5BAL8Lje6G4S7SLbZPVeZrUwhL8ARDNpump","59","0.079012344","","","","","","","","","","","","","","","","","","","","","","","","","","","","","","","","","","","","0.000002737","","","","","","","2026-07-21T01:44:10.086Z","","","","","",""
"PEPE","2RDYDkRgHEppJy2UJwDNuVi4PDYCQBWU7W2URCzApump","","","","","","","","","","","","","","","","","","","","","","","","","","","","","","","","","","","","","","","","","","","","0.000001065","","","","","","2026-07-21T01:44:10.122Z",""
"$Rocksem","F8coLAzVWMCMW8PNWwnW4hyiPKHK8APr4Kkf73Phpump","","","","","","","","","","","","","","","","","","","","","","","","","","","","","","","","","","","","","","","","","","","","5.837e-7","","","","","","2026-07-21T01:44:10.149Z",""
"BBGMAYHEM","2vqwV3jN7aSKygFs5enptxEHBSLmQjvuAfmULsnCpump","","","","","","","","","","","","","","","","","","","","","","","","","","","","","","","","","","","","","","","","","","","","5.97e-7","","","","","","2026-07-21T01:45:10.089Z",""
"LASTCHANCE","GfcQxfmmWeM8NSKJdDzmhkQV3A5sQGPsvb3KLCCYpump","57","0.65","","","","","","","","","","","","","","","","","","","","","","","","","","","","","","","","","","","","0.000002105","","","","","","","2026-07-21T01:45:10.113Z","","","","","",""
"LASTCHANCE","9V4PmVvwSbv6c5PiCJhsQ7VZAG3zydEUdEp2Eeewpump","56","0.62","","","","","","","","","","","","","","","","","","","","","","","","","","","","","","","","","","","","0.00000269","","","","","","","2026-07-21T01:45:10.139Z","","","","","",""
"SFOD","HfvndkkHpyk1tj5MdSHAcjMWDQiVvKndGYSGpg2Ppump","","","","","","","","","","","","","","","","","","","","","","","","","","","","","","","","","","","","","","","","","","","","0.000001304","","","","","","2026-07-21T01:45:10.165Z",""
"LASTCHANCE","7WBH9v3xpLHJnQxA6rrfE7ji9USJJJ661yvmAQWApump","","","","","","","","","","","","","","","","","","","","","","","","","","","","","","","","","","","","","","","","","","","","8.703e-7","","","","","","2026-07-21T01:46:10.017Z",""
"PEPE","4dQKnNE6AA2s7tCn7H9upKezXVdxLHesC4ZAyt4hpump","","","","","","","","","","","","","","","","","","","","","","","","","","","","","","","","","","","","","","","","","","","","5.438e-7","","","","","","2026-07-21T01:46:10.041Z",""
"MAYHEM","5ceqJMrxH2sFr73P2R7ui9E1NhyUdEk23jHPwgAQpump","61","0.060000001","","","","","","","","","","","","","","","","","","","","","","","","","","","","","","","","","","","","0.00000225","","","","","","","2026-07-21T01:46:10.061Z","","","","","",""
"FRED","HNmJsjYDcgx6SWH9MyF3rdq8VJAYALXNCtqrNV1Lpump","","","","","","","","","","","","","","","","","","","","","","","","","","","","","","","","","","","","","","","","","","","","8.191e-7","","","","","","2026-07-21T01:46:10.083Z",""
"ㅤ","5SJ6RHXmz4NsW2Zs8ZUpvM9JPfNPVjD8QgMvA9369G2a","69","4.34567901","","","","","","","","","","","","","","","","","","","","","","","","","","","","","","","","","","","","0.000008492","","","","","","","2026-07-21T01:47:10.033Z","","","","","",""
"$bag","ACdwcCKxSKG8YoCY8StZjc8abUB7SSJi3vonCa8Gpump","","","","","","","","","","","","","","","","","","","","","","","","","","","","","","","","","","","","","","","","","","","","5.101e-7","","","","","","2026-07-21T01:47:10.057Z",""
"PEPE","FbXfr1rdB5DfYXEL2WJjLgHpSBeV3jAt2EFbeyc4pump","","","","","","","","","","","","","","","","","","","","","","","","","","","","","","","","","","","","","","","","","","","","3.35e-7","","","","","","2026-07-21T01:47:10.083Z",""
"MoneyBag","GAAAgmf7PQd1Byhq4W5RPfpwQdjYsH9Eeu2Yz1fYpump","","","","","","","","","","","","","","","","","","","","","","","","","","","","","","","","","","","","","","","","","","","","1.6e-7","","","","","","2026-07-21T01:47:10.115Z",""
"OURO","7izWrs6y2LXxFVF6rA191VSyta9eFupyMiavxp9Spump","","","","","","","","","","","","","","","","","","","","","","","","","","","","","","","","","","","","","","","","","","","","5.897e-7","","","","","","2026-07-21T01:48:10.070Z",""
"CL","BtHmvSHe53Pm3nEQ4RKwBfhfF3ZfgsCJMd8bDeZHpump","56","2.962962961","","","","","","","","","","","","","","","","","","","","","","","","","","","","","","","","","","","","0.000002609","","","","","","","2026-07-21T01:48:10.099Z","","","","","",""
"RIGGY","5ofPYmAK7vi7x46JHD2e5uxu28N9rfUXxdfm44tppump","","","","","","","","","","","","","","","","","","","","","","","","","","","","","","","","","","","","","","","","","","","","1.301e-7","","","","","","2026-07-21T01:48:10.146Z",""
"BBGMAYHEM","ATktccuN1WXkL1oT9QpTUFP1HYyJCMGqmVXREDfMpump","69","2.469135801","","","","","","","","","","","","","","","","","","","","","","","","","","","","","","","","","","","","0.000004126","","","","","","","2026-07-21T01:48:10.228Z","","","","","",""
"BBGMAYHEM","4TxdH6Zof91px15JPkDQsHDiViC4DtrMMfWJhrKGpump","67","2.222222221","","","","","","","","","","","","","","","","","","","","","","","","","","","","","","","","","","","","0.000002115","","","","","","","2026-07-21T01:49:10.029Z","","","","","",""
"LASTCHANCE","HysWB95mRAk2yn1Cy52WNQ4zqrQ7ER4pEPbQ4boRpump","","","","","","","","","","","","","","","","","","","","","","","","","","","","","","","","","","","","","","","","","","","","1.823e-8","","","","","","2026-07-21T01:49:10.055Z",""
"MINI","9trLMSKMZ9svhAaV12234sVv9CF5LsjnRyCgYgKdpump","","","","","","","","","","","","","","","","","","","","","","","","","","","","","","","","","","","","","","","","","","","","9.769e-7","","","","","","2026-07-21T01:49:10.083Z",""
"LASTCHANCE","HUKmmfDFwd3v7B2R9UsVh84MycxDwMpKbmcnsfhqpump","","","","","","","","","","","","","","","","","","","","","","","","","","","","","","","","","","","","","","","","","","","","0.000001307","","","","","","2026-07-21T01:49:10.111Z",""
"BBGMAYHEM","7Xvg7wVu8TwipFAu7uHTvz6pkxzMjyyEE26QVhyXpump","67","2.222222221","","","","","","","","","","","","","","","","","","","","","","","","","","","","","","","","","","","","0.000001735","","","","","","","2026-07-21T01:50:10.018Z","","","","","",""
"CREAM","53AyvePzTTqhDqQvTocPyQekeSFVMD2yMnePzb5QB1sa","69","4.34567901","","","","","","","","","","","","","","","","","","","","","","","","","","","","","","","","","","","","0.000002235","","","","","","","2026-07-21T01:50:10.047Z","","","","","",""
"Merv","H58LPjNhg3nRxg74LpHGwPDMDoucoyVmWsif4k3Jpump","","","","","","","","","","","","","","","","","","","","","","","","","","","","","","","","","","","","","","","","","","","","9.088e-8","","","","","","2026-07-21T01:50:10.072Z",""
"$bag","4yoBRtitbFkWg2SQgZ6x3DTbbe4knisxnDJz9Fq9pump","","","","","","","","","","","","","","","","","","","","","","","","","","","","","","","","","","","","","","","","","","","","4.667e-7","","","","","","2026-07-21T01:50:10.099Z",""
"MAYHEM","ABFKZzZVsex8PSKaZSyp3Bd3ZBTpRqDEXVvy3Cpopump","","","","","","","","","","","","","","","","","","","","","","","","","","","","","","","","","","","","","","","","","","","","4.924e-8","","","","","","2026-07-21T01:51:10.029Z",""
"TikTok","4mjPuX199fE3wz4PM5wXNtroiwgqLZ1pZTpXpRZ3cKQ9","67","3.96","","","","","","","","","","","","","","","","","","","","","","","","","","","","","","","","","","","","0.000002798","","","","","","","2026-07-21T01:51:10.062Z","","","","","",""
"BBGMAYHEM","AYWvx9NCx5XcTzY4MaMJfoHYCcYfsCV5sREpbmd8pump","","","","","","","","","","","","","","","","","","","","","","","","","","","","","","","","","","","","","","","","","","","","0.000001164","","","","","","2026-07-21T01:51:10.129Z",""
"FC","DfXNYG7s1LK64i82szRZQ5BtjMFKgoufrfjhHtn4pump","67","3.950617282","","","","","","","","","","","","","","","","","","","","","","","","","","","","","","","","","","","","0.000002293","","","","","","","2026-07-21T01:51:10.154Z","","","","","",""
"MAYHEM","3TmVw2Fha2DWapQouhmy5cEBMLGqed1broGtf6NBpump","57","0.060000001","","","","","","","","","","","","","","","","","","","","","","","","","","","","","","","","","","","","0.000001399","","","","","","","2026-07-21T01:52:10.012Z","","","","","",""
"BBGMAYHEM","HsDydHYMZ4jndRaJudgRPynGSt5ErLpajgR231M6pump","","","","","","","","","","","","","","","","","","","","","","","","","","","","","","","","","","","","","","","","","","","","0.000001139","","","","","","2026-07-21T01:52:10.078Z",""
"BULLY","JBpEj7AdYNBe2A7g3m6ZuEyoSxxaRJUcaoojRRDbpump","","","","","","","","","","","","","","","","","","","","","","","","","","","","","","","","","","","","","","","","","","","","5.326e-7","","","","","","2026-07-21T01:52:10.095Z",""
"BBGMAYHEM","nZMXswicvPzYsKcSwoXngEKCir1VGH4NgZRk2j2pump","70","2.962962961","","","","","","","","","","","","","","","","","","","","","","","","","","","","","","","","","","","","0.000003562","","","","","","","2026-07-21T01:52:10.119Z","","","","","",""
"Ragebait","5TK1bFyvy4dj2iodXCSMpTGTN72FCd9DvfQa7dbHpump","66","5.5","","","","","","","","","","","","","","","","","","","","","","","","","","","","","","","","","","","","0.00000251","","","","","","","2026-07-21T01:53:10.115Z","","","","","",""
"BRONX","B7ZAvrryULDkm8d8RdBnAEyZGvkccYDGKU5fMPWepump","75","6.913580245","","","","","","","","","","","","","","","","","","","","","","","","","","","","","","","","","","","","0.000003834","","","","","","","2026-07-21T01:53:10.138Z","","","","","",""
"$MAYHEM","GeTjnPZjFX4wmoRhjPH9RCUbCY2xsBaB6mq5vT1Upump","65","0.060000001","","","","","","","","","","","","","","","","","","","","","","","","","","","","","","","","","","","","0.000003278","","","","","","","2026-07-21T01:53:10.158Z","","","","","",""
"BBGMAYHEM","9FQVqv5adQNqfZCvHfGyMTjR1yjH253XKxHDEsQHpump","70","2.962962961","","","","","","","","","","","","","","","","","","","","","","","","","","","","","","","","","","","","0.000006335","","","","","","","2026-07-21T01:53:10.179Z","","","","","",""
"ROCK","8AHAZt42AAxX9bzLAEmjxGMUiGLMhED2Ygqe4jn5pump","","","","","","","","","","","","","","","","","","","","","","","","","","","","","","","","","","","","","","","","","","","","3.075e-7","","","","","","2026-07-21T01:54:10.147Z",""
"JimBull","CSnRA243K2Yk3TaPcJ15iQP22r3wnHvdBc7bJGAwpump","","","","","","","","","","","","","","","","","","","","","","","","","","","","","","","","","","","","","","","","","","","","2.742e-7","","","","","","2026-07-21T01:54:10.174Z",""
"BBGMAYHEM","3NXrUqVDzPnCCtPpfziVb4A3xyu29vQoeVCpPU5apump","69","2.666666665","","","","","","","","","","","","","","","","","","","","","","","","","","","","","","","","","","","","0.000003347","","","","","","","2026-07-21T01:54:10.201Z","","","","","",""
"CashDeng","8k6bx75MCWFj7oyHBMmaBZaXneoXK2PSEibi2TsJpump","80","9.876543208","","","","","","","","","","","","","","","","","","","","","","","","","","","","","","","","","","","","0.000009146","","","","","","","2026-07-21T01:54:10.224Z","","","","","",""
"arrest","2W25WqwCotxTjpGU8SeEw4NR8NRwK8waja3DMWsVpump","","","","","","","","","","","","","","","","","","","","","","","","","","","","","","","","","","","","","","","","","","","","3.195e-7","","","","","","2026-07-21T01:55:10.035Z",""
"CXMT","GiWC3xqtfUJTJRbWLVmyBEpNtf2HUuqJzvEhcn6BDV11","92","34.653465345","","","","","","","","","","","","","","","","","","","","","","","","","","","","","","","","","","","","0.0000102","","","","","","","2026-07-21T01:55:10.055Z","","","","","",""
"BBGMAYHEM","CSfrg7ocWDqFNdzN9aEws8TttiUNiagndTthJZdWpump","64","1.97530864","","","","","","","","","","","","","","","","","","","","","","","","","","","","","","","","","","","","0.000004403","","","","","","","2026-07-21T01:55:10.097Z","","","","","",""
"AI","6LTb5tcEZW6ycVy5QxaAwDYAe72hnHEvQKuATeJ6pump","67","3.950617282","","","","","","","","","","","","","","","","","","","","","","","","","","","","","","","","","","","","0.000002852","","","","","","","2026-07-21T01:55:10.117Z","","","","","",""
"DOW","rJ2HxngnAK7zccDKaUoRUtb7PbQACzdyMfwY28dpump","55","0.118518517","","","","","","","","","","","","","","","","","","","","","","","","","","","","","","","","","","","","0.000003038","","","","","","","2026-07-21T01:56:10.070Z","","","","","",""
"BBGMAYHEM","5QGdmyiCZ2tk5Hynaq6NEMkSVf94ti8rt5bggwTmpump","","","","","","","","","","","","","","","","","","","","","","","","","","","","","","","","","","","","","","","","","","","","1.579e-7","","","","","","2026-07-21T01:56:10.097Z",""
"BBGMAYHEM","CV1wqssZh2zc2Qk8GbwuApbT7nVNk7sCbQzeUUwBpump","66","2.222222221","","","","","","","","","","","","","","","","","","","","","","","","","","","","","","","","","","","","0.000001651","","","","","","","2026-07-21T01:56:10.140Z","","","","","",""
"NOBTY","DMHsfgzq5YL3Lwg1ptbehbDbXcPs3FTvmSptupMepump","","","","","","","","","","","","","","","","","","","","","","","","","","","","","","","","","","","","","","","","","","","","0.000001139","","","","","","2026-07-21T01:56:10.165Z",""
"BBGMAYHEM","4XpL6JnU1w9gDXFRMaakR832E5PbxZAMadu3NigYpump","","","","","","","","","","","","","","","","","","","","","","","","","","","","","","","","","","","","","","","","","","","","2.955e-7","","","","","","2026-07-21T01:57:10.094Z",""
"CHOCI","AYoonpbUnznYSAg63oW8rpRwkQ1REhH6UGfbv3xWpump","","","","","","","","","","","","","","","","","","","","","","","","","","","","","","","","","","","","","","","","","","","","0.000002429","","","","","","2026-07-21T01:57:10.127Z",""
"BULLRUNNER","AwnToPrUW4x3bz7FXcbpBFS38YeBZWZQwF22pr8Jpump","","","","","","","","","","","","","","","","","","","","","","","","","","","","","","","","","","","","","","","","","","","","5.957e-7","","","","","","2026-07-21T01:57:10.171Z",""
"BBGMAYHEM","9o7jidBrUAxCLE6sX2acTPTxrrGqEMDVa3ooKRg2pump","","","","","","","","","","","","","","","","","","","","","","","","","","","","","","","","","","","","","","","","","","","","6.803e-7","","","","","","2026-07-21T01:57:10.196Z",""
"Titty","GosDi6BKsYjUoBz76bTVSfVRsZDj1tvvwdicseqwpump","","","","","","","","","","","","","","","","","","","","","","","","","","","","","","","","","","","","","","","","","","","","4.638e-7","","","","","","2026-07-21T01:58:10.110Z",""
"BBGMAYHEM","3TX5dBimHwiAYu8pWBwrGgQEFBUsQpLhvJ46KkqWpump","","","","","","","","","","","","","","","","","","","","","","","","","","","","","","","","","","","","","","","","","","","","1.275e-7","","","","","","2026-07-21T01:58:10.137Z",""
"$Baid","CXpMsHw57rM2LMALSsmCn8VghExEn4nGTwYVpJ97pump","82","11.700000001","","","","","","","","","","","","","","","","","","","","","","","","","","","","","","","","","","","","0.000003881","","","","","","","2026-07-21T01:58:10.165Z","","","","","",""
"BBGMAYHEM","HkQzWfPAs9SpnquPcdqEGPRSnncDrTjQ4ZMnyPwhpump","","","","","","","","","","","","","","","","","","","","","","","","","","","","","","","","","","","","","","","","","","","","7.838e-7","","","","","","2026-07-21T01:59:10.049Z",""
"NORIBULL","F5GTv5K79A6xMELNVkfYJcdNQDNZr1PoWEehBsoYpump","","","","","","","","","","","","","","","","","","","","","","","","","","","","","","","","","","","","","","","","","","","","0.00000121","","","","","","2026-07-21T01:59:10.077Z",""
"BBGMAYHEM","DL7Wc5FNWBXsNvDMMw32kConCVvX5Yvhxoq3Sdgwpump","","","","","","","","","","","","","","","","","","","","","","","","","","","","","","","","","","","","","","","","","","","","2.549e-7","","","","","","2026-07-21T01:59:10.122Z",""
"SLOWER","ChDzeLogDy9oKAGRrzmp3dHKeVcMnKmCuL6gYLTPpump","","","","","","","","","","","","","","","","","","","","","","","","","","","","","","","","","","","","","","","","","","","","7.547e-8","","","","","","2026-07-21T01:59:10.146Z",""
"PEPE","DoQTJkzKGww1JpqMjUoqqiToB1QjBXMCq8eWVuFcpump","","","","","","","","","","","","","","","","","","","","","","","","","","","","","","","","","","","","","","","","","","","","8.898e-8","","","","","","2026-07-21T02:00:10.107Z",""
"Batman","Bu9g9xNwoQRNbBAdd95pDB8MaoFjecLGCnVpDaYVSmZa","69","4.34567901","","","","","","","","","","","","","","","","","","","","","","","","","","","","","","","","","","","","0.000002178","","","","","","","2026-07-21T02:00:10.134Z","","","","","",""
"BBGMAYHEM","ANYb84Z6iGcp94g3tMcWknt225f1cF66twmkcgNipump","72","3.950617282","","","","","","","","","","","","","","","","","","","","","","","","","","","","","","","","","","","","0.000009686","","","","","","","2026-07-21T02:00:10.163Z","","","","","",""
"1jimothy","3Rf7ZCyXH5ASsfgv77HeuKgpBqATyipyZtqAi9dGhtYC","92","34.653465345","","","","","","","","","","","","","","","","","","","","","","","","","","","","","","","","","","","","0.00001037","","","","","","","2026-07-21T02:00:10.236Z","","","","","",""
"BBGMAYHEM","AArS9EA6bH2j7wb8KfnurFCpLnYHXn1oqHNNx8VTpump","68","2.962962961","","","","","","","","","","","","","","","","","","","","","","","","","","","","","","","","","","","","0.000002366","","","","","","","2026-07-21T02:01:10.045Z","","","","","",""
"Batman","Fg17ZXm1oBv5LaRWB9FE2z8C8oBLGpBtUPH4q3C1tqca","69","4.34567901","","","","","","","","","","","","","","","","","","","","","","","","","","","","","","","","","","","","0.000002175","","","","","","","2026-07-21T02:01:10.072Z","","","","","",""
"BANG","EbyhUNY39tER1d6aNiycC1XrBTqbR5JCGCFcir6Bpump","","","","","","","","","","","","","","","","","","","","","","","","","","","","","","","","","","","","","","","","","","","","8.546e-7","","","","","","2026-07-21T02:01:10.095Z",""
"BBGMAYHEM","3Kq2vspUBLrYV6xvhfeCHHvBH41GeP4NHR3wwfXipump","","","","","","","","","","","","","","","","","","","","","","","","","","","","","","","","","","","","","","","","","","","","6.947e-7","","","","","","2026-07-21T02:01:10.142Z",""
"CHOCI","GB2j1EydvZBoQYbcJddXyZgt3mLJoWRNrAzNrBgGpump","","","","","","","","","","","","","","","","","","","","","","","","","","","","","","","","","","","","","","","","","","","","0.000002209","","","","","","2026-07-21T02:02:10.032Z",""
"BBGMAYHEM","GYX75jVAoFx1hn17zWCAgNp85J7ioZ57AGskfpKZpump","68","2.962962961","","","","","","","","","","","","","","","","","","","","","","","","","","","","","","","","","","","","0.000006795","","","","","","","2026-07-21T02:02:10.052Z","","","","","",""
"ROI","8tBAPDTYQsVnRwHSWBqJicAXdDv3gyt23YNEEzREpump","","","","","","","","","","","","","","","","","","","","","","","","","","","","","","","","","","","","","","","","","","","","6.249e-7","","","","","","2026-07-21T02:02:10.087Z",""
"PEPE","GTbG5QiTZLqARTPVGEXAZAThcdtGqBjLKwkZ92i6pump","71","0.098765431","","","","","","","","","","","","","","","","","","","","","","","","","","","","","","","","","","","","0.000009377","","","","","","","2026-07-21T02:02:10.121Z","","","","","",""
"arrest","4pQ3Q72STGdqsC3BHZxLdmVygq4w8QH5YZts7Js8pump","","","","","","","","","","","","","","","","","","","","","","","","","","","","","","","","","","","","","","","","","","","","0.000001227","","","","","","2026-07-21T02:03:10.042Z",""
"MAYHEM","3JbtrVt9Vha69QpLHv3cM44tLNR7swqXnz6WC2gwpump","55","0.060000001","","","","","","","","","","","","","","","","","","","","","","","","","","","","","","","","","","","","0.000008019","","","","","","","2026-07-21T02:03:10.073Z","","","","","",""
"BBGMAYHEM","95gTCmqCps9UA4MHTPJFiszofmUeRuKuVNRqH7TFpump","","","","","","","","","","","","","","","","","","","","","","","","","","","","","","","","","","","","","","","","","","","","0.000001333","","","","","","2026-07-21T02:03:10.113Z",""
"test","3YP3qdWEJVMTb8EFHvD1L2DkbWKj3BV1aYqJGugUoeQ6","70","4.938271603","","","","","","","","","","","","","","","","","","","","","","","","","","","","","","","","","","","","0.000002175","","","","","","","2026-07-21T02:03:10.134Z","","","","","",""
"YONK","DbYy8N4sYS5hhb54kHsszWbwcNpHoCnveV1onqcnpump","63","2.962962961","","","","","","","","","","","","","","","","","","","","","","","","","","","","","","","","","","","","0.000002221","","","","","","","2026-07-21T02:04:10.008Z","","","","","",""
"BBGMAYHEM","3ASX2ddYKifQYBUNPQUi7shNjhdUkq6HenvPmfMXpump","","","","","","","","","","","","","","","","","","","","","","","","","","","","","","","","","","","","","","","","","","","","5.478e-7","","","","","","2026-07-21T02:04:10.027Z",""
"FCG","FeiMfoqCGqjv9TkXnrFj1pU1WXLt11MTZosvo5Lapump","56","3","","","","","","","","","","","","","","","","","","","","","","","","","","","","","","","","","","","","0.000002175","","","","","","","2026-07-21T02:04:10.053Z","","","","","",""
"$PINDEX","7YVZ9xMMVtUPW1iMCi3z3PStk8ijHkCEvWkTbWWfpump","","","","","","","","","","","","","","","","","","","","","","","","","","","","","","","","","","","","","","","","","","","","4.036e-7","","","","","","2026-07-21T02:04:10.119Z",""
"BANG","E74A22papPB8FG5hAxvcjnQWXjCDkNuLdPn5b4A2pump","62","0.12839506","","","","","","","","","","","","","","","","","","","","","","","","","","","","","","","","","","","","0.000001629","","","","","","","2026-07-21T02:05:10.011Z","","","","","",""
"PEPE","A5yCcS3xk7fhGdkcAYdXPdUBNXRkgD3LMCJFV1bipump","","","","","","","","","","","","","","","","","","","","","","","","","","","","","","","","","","","","","","","","","","","","5.12e-7","","","","","","2026-07-21T02:05:10.051Z",""
"YALL BOSS","2b5eQiAU5aGedYGGVDaRPoEoKLoGvxtbcjkWixaDpump","59","0.493827159","","","","","","","","","","","","","","","","","","","","","","","","","","","","","","","","","","","","0.000002273","","","","","","","2026-07-21T02:05:10.081Z","","","","","",""
"YEAST","ADhpjS4VY48X6SFFHJ3j5aezYUEVSfdrCwjbFP1Jpump","63","3","","","","","","","","","","","","","","","","","","","","","","","","","","","","","","","","","","","","0.000003237","","","","","","","2026-07-21T02:05:10.110Z","","","","","",""
"CANDY","AtTQtkSCrXpdAVQMyr7Vh4qLwrjkKCcSKRc3urzupump","55","5","","","","","","","","","","","","","","","","","","","","","","","","","","","","","","","","","","","","0.000007405","","","","","","","2026-07-21T02:06:10.080Z","","","","","",""
"BBGMAYHEM","4MqRzmbh67ZbMcgJ8vVGXv439cNbpKoMJGJYB6HMpump","","","","","","","","","","","","","","","","","","","","","","","","","","","","","","","","","","","","","","","","","","","","8.242e-7","","","","","","2026-07-21T02:06:10.121Z",""
"JMOUSE ","8gicrCwGvWjxxEuCDX2EC3HwEn8ANp1AuvB93e6Bpump","","","","","","","","","","","","","","","","","","","","","","","","","","","","","","","","","","","","","","","","","","","","7.436e-7","","","","","","2026-07-21T02:06:10.225Z",""
"BBGMAYHEM","6qJyJPVL6x4TWL4px5qDGjSrb1e4y6uAtYaqJDVepump","","","","","","","","","","","","","","","","","","","","","","","","","","","","","","","","","","","","","","","","","","","","3.975e-7","","","","","","2026-07-21T02:06:10.282Z",""
"ARCA","EuM7sXA6o4DZPPnNb7zzttLfc7wiMRFETmi9g3iLpump","85","2.962962961","","","","","","","","","","","","","","","","","","","","","","","","","","","","","","","","","","","","0.00000173","","","","","","","2026-07-21T02:07:10.012Z","","","","","",""
"BBGMAYHEM","6qJPeCbm1LsUAaK5NNBPb1fYErSWL31c3Jb5yNtupump","","","","","","","","","","","","","","","","","","","","","","","","","","","","","","","","","","","","","","","","","","","","0.000001388","","","","","","2026-07-21T02:07:10.040Z",""
"PEPE","6HUu9ei4ZyjfUN9pwYmrppQQ7XuSNw3dzG9ijqX6pump","","","","","","","","","","","","","","","","","","","","","","","","","","","","","","","","","","","","","","","","","","","","1.815e-7","","","","","","2026-07-21T02:07:10.105Z",""
"BBGMAYHEM","BuJQknZGywNexyoGzgrd2nddspKqqd55Dk5RdfWDpump","71","3.950617282","","","","","","","","","","","","","","","","","","","","","","","","","","","","","","","","","","","","0.00001547","","","","","","","2026-07-21T02:07:10.130Z","","","","","",""
"PEPE","DFZsmTW1c1FvpjvZeWtMTKG7QjF6SBfeyUuHQVzpump","","","","","","","","","","","","","","","","","","","","","","","","","","","","","","","","","","","","","","","","","","","","2.497e-7","","","","","","2026-07-21T02:08:10.021Z",""
"BBGMAYHEM","Bpyvkfb3PxZX5aosCGDZPbx1cBu6Gkh9wZHmmG39pump","","","","","","","","","","","","","","","","","","","","","","","","","","","","","","","","","","","","","","","","","","","","9.096e-7","","","","","","2026-07-21T02:08:10.052Z",""
"BULLRUNNER","9GEamLd6f92KU7XHJiAmiBNmoEYLbTQNSUXdVY9Rpump","","","","","","","","","","","","","","","","","","","","","","","","","","","","","","","","","","","","","","","","","","","","2.192e-7","","","","","","2026-07-21T02:08:10.079Z",""
"KUROIKO","BJYXyXJo1TVUxFhUGf9WnvCmpBbHVjXY2CTZpoPTpump","75","6.913580245","","","","","","","","","","","","","","","","","","","","","","","","","","","","","","","","","","","","0.000003298","","","","","","","2026-07-21T02:08:10.107Z","","","","","",""
"BBGMAYHEM","5ZLJc495wV9iuXAR2y1WLZDJfvkb7fZpkSd5FcRSpump","67","2.962962961","","","","","","","","","","","","","","","","","","","","","","","","","","","","","","","","","","","","0.000001804","","","","","","","2026-07-21T02:09:10.056Z","","","","","",""
"PEPE","9AFW6EmJs1jvCHVxdAwKaTBDesPUQShcsmjLY72qpump","","","","","","","","","","","","","","","","","","","","","","","","","","","","","","","","","","","","","","","","","","","","0.000001015","","","","","","2026-07-21T02:09:10.118Z",""
"LARRY","GKDtGxzRMLfKtMDzxmkkWVgDyQV4AFgvkDvf3Xd9pump","63","2.962962961","","","","","","","","","","","","","","","","","","","","","","","","","","","","","","","","","","","","0.000002362","","","","","","","2026-07-21T02:09:10.149Z","","","","","",""
"BBGMAYHEM","69Ck6NJQEHkpJGgZZ8kKXo7cRnoauYVrHz1TEpsJpump","67","2.962962961","","","","","","","","","","","","","","","","","","","","","","","","","","","","","","","","","","","","0.000006094","","","","","","","2026-07-21T02:09:10.183Z","","","","","",""
"cashcoon ","D9B9Qk2d4iLmTUdPhYGGXxjPwU13ytCpcBzSJJ6zpump","","","","","","","","","","","","","","","","","","","","","","","","","","","","","","","","","","","","","","","","","","","","4.207e-7","","","","","","2026-07-21T02:10:10.071Z",""
"jammy","8YwApqgpEDMbU5qe5xgqmghWGeWN7cCUq3JnhGBKpump","64","0.250000001","","","","","","","","","","","","","","","","","","","","","","","","","","","","","","","","","","","","0.00002922","","","","","","","2026-07-21T02:10:10.096Z","","","","","",""
"US","HTQ3d3kcbv8XnTbhDv78m64VWcAFSSizcJYyijSapump","63","3","","","","","","","","","","","","","","","","","","","","","","","","","","","","","","","","","","","","0.00000218","","","","","","","2026-07-21T02:10:10.118Z","","","","","",""
"BBGMAYHEM","5D5r3w3doZPrWnt4W8PEhKPpzdNxCLAP5JSjB4t9pump","","","","","","","","","","","","","","","","","","","","","","","","","","","","","","","","","","","","","","","","","","","","0.000001474","","","","","","2026-07-21T02:10:10.151Z",""
"PEPE","7rQXJW9WAMP6gyDnDSXm7ziJ2kL7NARcNdUqXkaHpump","","","","","","","","","","","","","","","","","","","","","","","","","","","","","","","","","","","","","","","","","","","","6.504e-7","","","","","","2026-07-21T02:11:09.998Z",""
"BNC","AzLc4HvkJPJ7teMTuukzY2qFqttkiRE2zwD1teTapump","","","","","","","","","","","","","","","","","","","","","","","","","","","","","","","","","","","","","","","","","","","","3.081e-8","","","","","","2026-07-21T02:11:10.017Z",""
"Fred ","A7b17eBrC1JC2dss6SgVme6MMVs61mwbaXSTD6fJpump","68","0.500000001","","","","","","","","","","","","","","","","","","","","","","","","","","","","","","","","","","","","0.000001917","","","","","","","2026-07-21T02:11:10.057Z","","","","","",""
"BBGMAYHEM","51RMSPu8vyF83bKtR7wTWHACH9s4ySXC7qCJiLJTpump","66","2.962962961","","","","","","","","","","","","","","","","","","","","","","","","","","","","","","","","","","","","0.000003265","","","","","","","2026-07-21T02:11:10.081Z","","","","","",""
"Comms","G3T3d5CNxFRPLgPTnAy3kfpSsJ9coxhVghXZmDLspump","58","3","","","","","","","","","","","","","","","","","","","","","","","","","","","","","","","","","","","","0.000002194","","","","","","","2026-07-21T02:12:10.076Z","","","","","",""
"BNB","CjZ2fY25zgY22xj1JTXpnZTTR3yHkW4SLC1k9t34pump","","","","","","","","","","","","","","","","","","","","","","","","","","","","","","","","","","","","","","","","","","","","1.025e-7","","","","","","2026-07-21T02:12:10.104Z",""
"Rigby","Bv84wBnX6qKA3y8vxgk3aFRBXnJaetWwKJz68cpfpump","","","","","","","","","","","","","","","","","","","","","","","","","","","","","","","","","","","","","","","","","","","","6.149e-8","","","","","","2026-07-21T02:12:10.135Z",""
"HOLD","FiSMssYbEMqXsSvc6ZpTvkz6A1Td7tAmXSiZ7Yehpump","","","","","","","","","","","","","","","","","","","","","","","","","","","","","","","","","","","","","","","","","","","","0.000001145","","","","","","2026-07-21T02:12:10.207Z",""
"SCRUFFY","F6vfcYFbWiv88Gz2ciBiLkWHr5WZZ5KuPzeNZHjApump","","","","","","","","","","","","","","","","","","","","","","","","","","","","","","","","","","","","","","","","","","","","1.931e-7","","","","","","2026-07-21T02:13:10.095Z",""
"HOMOTECH","Jr6wq2igFDAFEhAdmHjTk5kF6UQ46NSEZfUjZoTpump","67","4.000000001","","","","","","","","","","","","","","","","","","","","","","","","","","","","","","","","","","","","0.000002815","","","","","","","2026-07-21T02:13:10.116Z","","","","","",""
"GHOST","7YpN7oPVTvgWdx97v2zRt7EHgB8EB4ztacKH1icSpump","","","","","","","","","","","","","","","","","","","","","","","","","","","","","","","","","","","","","","","","","","","","1.251e-7","","","","","","2026-07-21T02:13:10.142Z",""
"PEPE","82GNmvXu8K59JNbgusXtUrDowtPVtd6NRcvgkdX5pump","","","","","","","","","","","","","","","","","","","","","","","","","","","","","","","","","","","","","","","","","","","","2.079e-9","","","","","","2026-07-21T02:13:10.168Z",""
"$bag","814UQrc4YJ2DXq6Woyg9KqYjwia9GH4uVRQBarN1pump","","","","","","","","","","","","","","","","","","","","","","","","","","","","","","","","","","","","","","","","","","","","5.092e-7","","","","","","2026-07-21T02:14:10.008Z",""
"Good","HsifrreLzKCK3YnA1qtDXyTi8Fad6BFVbPgmxbUfpump","","","","","","","","","","","","","","","","","","","","","","","","","","","","","","","","","","","","","","","","","","","","4.082e-7","","","","","","2026-07-21T02:14:10.032Z",""
"PEPE","7xhxVm2DjficPJeC2EXv8EfSC6wUQjHLsUisf7Fxpump","59","0.098765431","","","","","","","","","","","","","","","","","","","","","","","","","","","","","","","","","","","","0.000001421","","","","","","3.692e-7","2026-07-21T02:14:10.056Z","","","","","2026-07-21T02:15:10.202Z",""
"mayhem ","6SFsT6XDpX2NiEeFJuxJqCRSyLhsQKBjndJPRePJpump","86","0.060000001","","","","","","","","","","","","","","","","","","","","","","","","","","","","","","","","","","","","0.000002607","","","","","","","2026-07-21T02:14:10.079Z","","","","","",""
"BOOBOO","Brc75CCzWMQyTqRmNW4Gj2WDoqi1oHWYGehP3n8Lpump","58","2.962962961","","","","","","","","","","","","","","","","","","","","","","","","","","","","","","","","","","","","0.00000218","","","","","","","2026-07-21T02:15:10.148Z","","","","","",""
"$PVEGOD","GuKetk8t31vxegk4UBbAKUAbn8aDNw6ftLN7Dg5npump","","","","","","","","","","","","","","","","","","","","","","","","","","","","","","","","","","","","","","","","","","","","2.838e-7","","","","","","2026-07-21T02:16:10.016Z",""
"EARL","BQTXrEDat15zR2VbjSexPr5kNoVbMbxmKtcCvZBBpump","","","","","","","","","","","","","","","","","","","","","","","","","","","","","","","","","","","","","","","","","","","","0.000001269","","","","","","2026-07-21T02:16:10.047Z",""
"Good","8cBMLkCsyN8vXF1QzVhV7Y988ZAh5CfsxjUeK1nbpump","","","","","","","","","","","","","","","","","","","","","","","","","","","","","","","","","","","","","","","","","","","","1.493e-7","","","","","","2026-07-21T02:16:10.075Z",""
"PEPE","6Yb8VuuBsprVqrCgGRTzmnzW3o3rTpPXXMyz4CDspump","57","0.098765431","","","","","","","","","","","","","","","","","","","","","","","","","","","","","","","","","","","","0.00000646","","","","","","","2026-07-21T02:16:10.104Z","","","","","",""
"ppb","ZRSGJsLieqPTn8tV92ERfRHJiiGEz92EWvSp4RQpump","","","","","","","","","","","","","","","","","","","","","","","","","","","","","","","","","","","","","","","","","","","","5.766e-7","","","","","","2026-07-21T02:17:10.028Z",""
"RIZZMOTHY","9XuwpEe3GbkEuSzvpTiQissu9areEiHyYFQSxAWtpump","70","4.938271603","","","","","","","","","","","","","","","","","","","","","","","","","","","","","","","","","","","","0.000009154","","","","","","","2026-07-21T02:18:10.186Z","","","","","",""
"ad","AktSYCMgzybT5i5324a5JxvpTUdKsueGLq23bvDVpump","63","3","","","","","","","","","","","","","","","","","","","","","","","","","","","","","","","","","","","","0.000002175","","","","","","","2026-07-21T02:18:10.215Z","","","","","",""
"WWTD","7RxD9zM25BwPAF6AgFWBGkKH9Dw5KzsBxfYUPBczpump","63","0.148148147","","","","","","","","","","","","","","","","","","","","","","","","","","","","","","","","","","","","0.00001139","","","","","","","2026-07-21T02:18:10.257Z","","","","","",""
"Solana ","EsR8PAot42eAjy6T8ftvNtPW3wvhknuQcybBbknUpump","","","","","","","","","","","","","","","","","","","","","","","","","","","","","","","","","","","","","","","","","","","","6.674e-7","","","","","","2026-07-21T02:18:10.296Z",""
"COW","J2Wvc6kDKdRg5QkTr8Cq8udfRkDkq8oxmwsopBYcpump","","","","","","","","","","","","","","","","","","","","","","","","","","","","","","","","","","","","","","","","","","","","1.649e-7","","","","","","2026-07-21T02:19:10.079Z",""
"fartbutt","9xPqH67EZEtQVjhMLDXYGW1Y5dvRgneZ88DYnwyxpump","64","0.500000001","","","","","","","","","","","","","","","","","","","","","","","","","","","","","","","","","","","","0.00002807","","","","","","","2026-07-21T02:19:10.115Z","","","","","",""
"$Rocksem","GhBoimvtthroiPxuLVFX7JFsm1dQtwrkyohgyV3Ppump","","","","","","","","","","","","","","","","","","","","","","","","","","","","","","","","","","","","","","","","","","","","5.216e-7","","","","","","2026-07-21T02:19:10.146Z",""
"PEPE","G6F2UKMesjqEZzdNTB4YkqYambtdroJfzKVRz3jVpump","","","","","","","","","","","","","","","","","","","","","","","","","","","","","","","","","","","","","","","","","","","","3.328e-7","","","","","","2026-07-21T02:19:10.174Z",""
"BULLRUNNER","9mZ98jJQpb7otgq1K8DHDW8BedHPLNgL7hL6jqUpump","98","0.059259258","","","","","","","","","","","","","","","","","","","","","","","","","","","","","","","","","","","","0.00002228","","","","","","","2026-07-21T02:20:09.998Z","","","","","",""
"mayhem ","EvSd9Z27SE53D1efYzLxknzsGmcQH3h51uo9T8ZZpump","","","","","","","","","","","","","","","","","","","","","","","","","","","","","","","","","","","","","","","","","","","","0.00000122","","","","","","2026-07-21T02:20:10.034Z",""
"CHOCI","Epx4z7L1DTLCFiEYaoMfi945BU49iDvoTZ1Fj8QDpump","71","11.742112394","","","","","","","","","","","","","","","","","","","","","","","","","","","","","","","","","","","","0.000008967","","","","","","","2026-07-21T02:20:10.058Z","","","","","",""
"POW","41EFEBdkkRQscanUakXH6dinMSEGuB5gnJpkityDpump","71","5","","","","","","","","","","","","","","","","","","","","","","","","","","","","","","","","","","","","0.000002186","","","","","","","2026-07-21T02:21:10.020Z","","","","","",""
"$Rocksem","6wgodax2VaDGFfQCLsb7bM5CqD4FA5unZcUtyWjTpump","63","0.059259258","","","","","","","","","","","","","","","","","","","","","","","","","","","","","","","","","","","","0.000006024","","","","","","","2026-07-21T02:21:10.049Z","","","","","",""
"fartbutt","Cj5AbvSna9EnVFG8FYTgM7NzU3zFoi23DpnjV1expump","","","","","","","","","","","","","","","","","","","","","","","","","","","","","","","","","","","","","","","","","","","","7.707e-7","","","","","","2026-07-21T02:21:10.083Z",""
"SOOBY","Ek6FBWw7VmkmiXCfsaqFyPVRYcoCoYWzdZo9mywHpump","","","","","","","","","","","","","","","","","","","","","","","","","","","","","","","","","","","","","","","","","","","","1.474e-7","","","","","","2026-07-21T02:21:10.146Z",""
"Buy","5M8Eota4bCo4yWxrPaShSzvawPgpFcCTTcUz5MfTpump","","","","","","","","","","","","","","","","","","","","","","","","","","","","","","","","","","","","","","","","","","","","8.294e-7","","","","","","2026-07-21T02:22:10.041Z",""
"run it","GebDokYidUPLnf8p5c9Gt79SDMntNPR9mfJM3FoFpump","","","","","","","","","","","","","","","","","","","","","","","","","","","","","","","","","","","","","","","","","","","","3.465e-7","","","","","","2026-07-21T02:22:10.063Z",""
"Zhuang","58P7gppSKK4UkR7FDcoinr8BTRUcwgaDMQ8Vm7xWpump","67","3.950617282","","","","","","","","","","","","","","","","","","","","","","","","","","","","","","","","","","","","0.000006777","","","","","","","2026-07-21T02:22:10.107Z","","","","","",""
"POW","BNqdJ49VFxDVfeV8HBSiPH3YBTRQSiVrCSXpHwc4pump","67","5","","","","","","","","","","","","","","","","","","","","","","","","","","","","","","","","","","","","0.00000228","","","","","","","2026-07-21T02:22:10.138Z","","","","","",""
"ppb","FU1TYSDNbw7y7DiiNdBBPahfYC6T2Pn1ZzfMf1ADpump","","","","","","","","","","","","","","","","","","","","","","","","","","","","","","","","","","","","","","","","","","","","5.983e-7","","","","","","2026-07-21T02:23:10.016Z",""
"WWTD","2MBa2RBBRT7xTb4mdD1CZsCPxN6vMXoBUiN3bEyZpump","","","","","","","","","","","","","","","","","","","","","","","","","","","","","","","","","","","","","","","","","","","","1.086e-7","","","","","","2026-07-21T02:23:10.038Z",""
"CHATT","33zRW1wFjrk1zbpSBQMu1rtCjd6oPCz5Y5K26Qoupump","","","","","","","","","","","","","","","","","","","","","","","","","","","","","","","","","","","","","","","","","","","","1.936e-7","","","","","","2026-07-21T02:23:10.059Z",""
"Cocacola","BdE597yb8P1Ru2TQsUw173KX7YDix7V4jFxPUiwvpump","","","","","","","","","","","","","","","","","","","","","","","","","","","","","","","","","","","","","","","","","","","","7e-7","","","","","","2026-07-21T02:23:10.105Z",""
"Cow","DUimbCa3UKjDiu8uf7HSc246diUPUz651Kpof87npump","75","6.913580245","","","","","","","","","","","","","","","","","","","","","","","","","","","","","","","","","","","","0.000003459","","","","","","","2026-07-21T02:24:10.063Z","","","","","",""
"WCM","2eEX9fwV8aWUZUU7MYx9WeD4HjvDfoh4XdMZYRFoQoXs","64","4.938271603","","","","","","","","","","","","","","","","","","","","","","","","","","","","","","","","","","","","0.000002172","","","","","","","2026-07-21T02:24:10.097Z","","","","","",""
"mayhem ","F2ePkd1UFV5Za1yQZ6N5siJJjPgX6Mh3TtqY5vsnpump","","","","","","","","","","","","","","","","","","","","","","","","","","","","","","","","","","","","","","","","","","","","3.68e-8","","","","","","2026-07-21T02:24:10.144Z",""
"pump","ENadQJbFRJ3j7EtWUEhRwWnwrwjyg69412mtiNqJpump","60","0.160000001","","","","","","","","","","","","","","","","","","","","","","","","","","","","","","","","","","","","0.000001397","","","","","","","2026-07-21T02:24:10.173Z","","","","","",""
"CLIZA","B9XCo7bEo9rwAn4ERgCuDRduMU9DYkDYqhVb8wumpump","71","5","","","","","","","","","","","","","","","","","","","","","","","","","","","","","","","","","","","","0.000002181","","","","","","","2026-07-21T02:25:10.005Z","","","","","",""
"Cocacola","HFUjbCXLyfd4vr3zcAY7pSdbZQ2CScBWF7s6UUDZpump","","","","","","","","","","","","","","","","","","","","","","","","","","","","","","","","","","","","","","","","","","","","0.00000128","","","","","","2026-07-21T02:25:10.028Z",""
"WART","GNwHofiTdZ3Syucy2yK4Z4Crb6dhzKuxPHRffjTZpump","","","","","","","","","","","","","","","","","","","","","","","","","","","","","","","","","","","","","","","","","","","","3.835e-7","","","","","","2026-07-21T02:25:10.053Z",""
"POW","E9FXBzcyJa3eFzhJzkHQHgcbiBb2ZWoxHsvHsts2pump","64","5","","","","","","","","","","","","","","","","","","","","","","","","","","","","","","","","","","","","0.000002172","","","","","","","2026-07-21T02:25:10.083Z","","","","","",""
"CYCLOSPORA","77QtaCG9xT2VGKXyAWFxVeqQdkBwLtLQ8AQqeGjppump","","","","","","","","","","","","","","","","","","","","","","","","","","","","","","","","","","","","","","","","","","","","3.635e-7","","","","","","2026-07-21T02:26:10.008Z",""
"Cocacola","7XGdw7VqQepk8Mrmn1S74huDLTsQFAamMVKiRLSepump","","","","","","","","","","","","","","","","","","","","","","","","","","","","","","","","","","","","","","","","","","","","3.144e-7","","","","","","2026-07-21T02:26:10.049Z",""
"ppb","GoUy7hxMZjz5dsCPvEsfQiV5A3WxBWr7xHZ8ZdbKpump","59","0.100000001","","","","","","","","","","","","","","","","","","","","","","","","","","","","","","","","","","","","0.000001663","","","","","","","2026-07-21T02:26:10.080Z","","","","","",""
"BBGMAYHEM","FQ9fPHaG8YoxngwNvu2cGp8gAHUtZdWz1kJd6KsNpump","","","","","","","","","","","","","","","","","","","","","","","","","","","","","","","","","","","","","","","","","","","","0.000001191","","","","","","2026-07-21T02:26:10.140Z",""
"JMKE","G3MkNj2GJZ3Hr5x2q8RszEEeM7379cKmWqfpQjmdpump","63","3","","","","","","","","","","","","","","","","","","","","","","","","","","","","","","","","","","","","0.00000224","","","","","","","2026-07-21T02:27:10.053Z","","","","","",""
"SHADOW","2d3qLD56gaRYTbUeaFaRCQAB5hyvx2M19ZVkhoCppump","","","","","","","","","","","","","","","","","","","","","","","","","","","","","","","","","","","","","","","","","","","","7.769e-7","","","","","","2026-07-21T02:27:10.086Z",""
"ABC","HhnJihb6AYb7hEsM2UaXKLiWWZ6CbCtavyAsXpvRpump","95","9.382716048","","","","","","","","","","","","","","","","","","","","","","","","","","","","","","","","","","","","0.000005211","","","","","","","2026-07-21T02:27:10.120Z","","","","","",""
"check","DuvNm7gkJLiAgSCDUxNWSoaww2cUyt5KTGf7ucTkpump","66","0.100000001","","","","","","","","","","","","","","","","","","","","","","","","","","","","","","","","","","","","0.000009729","","","","","","","2026-07-21T02:27:10.157Z","","","","","",""
"Solenoids","2FNBkoTgoB7VyEf4p2TELoYn9vBSWPA2Xr7MrMY7pump","","","","","","","","","","","","","","","","","","","","","","","","","","","","","","","","","","","","","","","","","","","","9.216e-7","","","","","","2026-07-21T02:28:10.045Z",""
"NOPE","EVj1h5Gp9nXwmoVdfu7RWR98HQbsPLh8YFrAaEi5pump","","","","","","","","","","","","","","","","","","","","","","","","","","","","","","","","","","","","","","","","","","","","5.994e-7","","","","","","2026-07-21T02:28:10.066Z",""
"Solenoids","jwdFqCXonkzXcGi518dke3cRY3fojZAC341DSD3pump","56","3","","","","","","","","","","","","","","","","","","","","","","","","","","","","","","","","","","","","0.000002173","","","","","","","2026-07-21T02:28:10.106Z","","","","","",""
"Cocacola","H8dDrCqfmSmrhjg9Y4GBNMLji38gAQKef8omZdvQpump","","","","","","","","","","","","","","","","","","","","","","","","","","","","","","","","","","","","","","","","","","","","3.753e-7","","","","","","2026-07-21T02:28:10.128Z",""
"Cocacola","E5RjjrosWLio7omm9WmVj5YK5viK3e6fwT8bZuwXpump","56","0.098765431","","","","","","","","","","","","","","","","","","","","","","","","","","","","","","","","","","","","0.000003193","","","","","","","2026-07-21T02:29:09.997Z","","","","","",""
"butt","EkwNnV6RFYKuUGUmTptRsZwcAZKGZhyqToZz9vo5pump","59","0.200000001","","","","","","","","","","","","","","","","","","","","","","","","","","","","","","","","","","","","0.000004303","","","","","","","2026-07-21T02:29:10.019Z","","","","","",""
"JMKE","FthoWYkSGExYYw5kKKcoVbCLJJdvYiEHycuQRuXWpump","62","0.1","","","","","","","","","","","","","","","","","","","","","","","","","","","","","","","","","","","","0.00000155","","","","","","","2026-07-21T02:29:10.047Z","","","","","",""
"BATMAN","AYakaSJviHcLSETguhUkWLbpXcmq42WnieXtGrR5pump","70","4.938271603","","","","","","","","","","","","","","","","","","","","","","","","","","","","","","","","","","","","0.000002637","","","","","","","2026-07-21T02:29:10.100Z","","","","","",""
"MORE","6eeRi6jBSyFjL1xTMHLBXGesX1s4KDDeyzFYVGuNpump","57","5","","","","","","","","","","","","","","","","","","","","","","","","","","","","","","","","","","","","0.000002281","","","","","","","2026-07-21T02:30:10.245Z","","","","","",""
"ppb","9Vw6B6WYygtknL9USxhufmY1NsYoEMLRGK8jiUUKpump","","","","","","","","","","","","","","","","","","","","","","","","","","","","","","","","","","","","","","","","","","","","2.997e-7","","","","","","2026-07-21T02:30:10.267Z",""
"BET","6Pzfy3zh5BYTib1p3BebYoHpBEfJmAQNYtow9uHTpump","62","5","","","","","","","","","","","","","","","","","","","","","","","","","","","","","","","","","","","","0.00000219","","","","","","","2026-07-21T02:30:10.296Z","","","","","",""
"fartbutt","6mVmcZDF6aWQvrhAXEi6SmFZbzFMiUBdZCRcJbgWpump","","","","","","","","","","","","","","","","","","","","","","","","","","","","","","","","","","","","","","","","","","","","7.244e-8","","","","","","2026-07-21T02:31:10.048Z",""
"checkthis","J1ttZskrB3Sa2o4LwF967JzvQ6km4hbEMeeHqtZVpump","","","","","","","","","","","","","","","","","","","","","","","","","","","","","","","","","","","","","","","","","","","","3.873e-7","","","","","","2026-07-21T02:31:10.076Z",""
"$ANSEM","DefLLS9ZXFVqgpYp4LSgJVN1aydmzEz7EBheiyo6pump","","","","","","","","","","","","","","","","","","","","","","","","","","","","","","","","","","","","","","","","","","","","1.168e-7","","","","","","2026-07-21T02:31:10.121Z",""
"BTC","B3MmzT4XTatv2SAg5vMAmLKsMKKTpZcnJC1m3Yhjpump","88","1.97530864","","","","","","","","","","","","","","","","","","","","","","","","","","","","","","","","","","","","0.000002172","","","","","","","2026-07-21T02:32:10.017Z","","","","","",""
"BETMORE","9tR8xyaDKSg4r6eamry5sxqNTzvVsVYxGdPJKSL8pump","","","","","","","","","","","","","","","","","","","","","","","","","","","","","","","","","","","","","","","","","","","","3.194e-7","","","","","","2026-07-21T02:32:10.054Z",""
"BABYBULL","3QnTWCrAJyzwbL8ZXEMsnw3UGkN8fCw2ViXd7fsFpump","","","","","","","","","","","","","","","","","","","","","","","","","","","","","","","","","","","","","","","","","","","","3.211e-8","","","","","","2026-07-21T02:32:10.080Z",""
"KDH","2ZDmVMbL8d85fnwBKm16Bh3uuvHib1FEyxytXCatpump","62","0.098765431","","","","","","","","","","","","","","","","","","","","","","","","","","","","","","","","","","","","0.00001031","","","","","","","2026-07-21T02:32:10.129Z","","","","","",""
"NORIBULL","8dXGDryzXQhoBaKtcUyzF3Nas8bXT8wK5cUFCGBqpump","","","","","","","","","","","","","","","","","","","","","","","","","","","","","","","","","","","","","","","","","","","","2.895e-7","","","","","","2026-07-21T02:33:10.009Z",""
"ppb","E5YdYwikQ7yR9RmozbXqzqGLMZSuJYaQnFH7fH2upump","","","","","","","","","","","","","","","","","","","","","","","","","","","","","","","","","","","","","","","","","","","","6.69e-7","","","","","","2026-07-21T02:33:10.089Z",""
"d@g","5zsNjVLSLL1fBF7SuRKkzMRbzHvygA2wDJUcLnyopump","63","3","","","","","","","","","","","","","","","","","","","","","","","","","","","","","","","","","","","","0.000002175","","","","","","","2026-07-21T02:35:10.001Z","","","","","",""
"DOGE$HIT","7zECjiK7b8Wh5TKjDpfFMQjtm7eDZUK1VQG2Qgh5pump","","","","","","","","","","","","","","","","","","","","","","","","","","","","","","","","","","","","","","","","","","","","0.000001229","","","","","","2026-07-21T02:35:10.020Z",""
"$SPEEDGEEK","HBsjkwpWyBdp9x5wpuLLQr1gGaJyTMYzXFyecG2tpump","","","","","","","","","","","","","","","","","","","","","","","","","","","","","","","","","","","","","","","","","","","","8.608e-8","","","","","","2026-07-21T02:35:10.061Z",""
"$bag","9rAkDnyHEDDoqzxGFYtxj2qW1T5mBFwjFebXdhGzpump","","","","","","","","","","","","","","","","","","","","","","","","","","","","","","","","","","","","","","","","","","","","9.299e-8","","","","","","2026-07-21T02:36:10.199Z",""
"ALCOTHY","BGZCNL7X1b3Uuxm9UaDN8ESMbXZwz7VzGtEQUtBtpump","","","","","","","","","","","","","","","","","","","","","","","","","","","","","","","","","","","","","","","","","","","","1.759e-7","","","","","","2026-07-21T02:37:09.978Z",""
"$bag","6GStxgQFZP2g1J3U588Nv8QMynsDwXvdhWqjMcGnpump","","","","","","","","","","","","","","","","","","","","","","","","","","","","","","","","","","","","","","","","","","","","2.688e-7","","","","","","2026-07-21T02:37:10.000Z",""
"Mayhem","9DrFZhRJMPKbsnZiqAq5XcGsEj833dEiMiFcHWhhpump","","","","","","","","","","","","","","","","","","","","","","","","","","","","","","","","","","","","","","","","","","","","8.883e-7","","","","","","2026-07-21T02:37:10.064Z",""
"stan","db9FDC7UyBk7VkvPMaAqYyLJ6SxSEog5G6sfa6Epump","57","1.97530864","","","","","","","","","","","","","","","","","","","","","","","","","","","","","","","","","","","","0.000004757","","","","","","","2026-07-21T02:38:10.005Z","","","","","",""
"ppb","3QeDRVyGXC6gT3GkKyB1hu4isCckXxUtuzabGeMbpump","62","0.600000001","","","","","","","","","","","","","","","","","","","","","","","","","","","","","","","","","","","","0.000004268","","","","","","","2026-07-21T02:39:10.068Z","","","","","",""
"PAD","BWEDeRBjCwUK8AYBSQ2tkws2rRYvbEzBVAjQN1t1pump","","","","","","","","","","","","","","","","","","","","","","","","","","","","","","","","","","","","","","","","","","","","0.000002188","","","","","","2026-07-21T02:39:10.095Z",""
"x","Ex3QMp8MehetBaK4TU5iVdUXZHfKY1jG3cPysbxQpump","","","","","","","","","","","","","","","","","","","","","","","","","","","","","","","","","","","","","","","","","","","","3.408e-7","","","","","","2026-07-21T02:39:10.145Z",""
"BABYANSEM","GZfuhq31hw6Y2hh1yw5y7EqtxxMvgoe6jCxr3e5Wpump","68","9.876543208","","","","","","","","","","","","","","","","","","","","","","","","","","","","","","","","","","","","0.000002378","","","","","","0.000002203","2026-07-21T02:40:10.056Z","","","","","2026-07-21T02:43:10.032Z",""
"BBGMAYHEM","7RARGc98N3TbFas597pWF9chnztM8QCHJ3erKkmnpump","","","","","","","","","","","","","","","","","","","","","","","","","","","","","","","","","","","","","","","","","","","","2.945e-7","","","","","","2026-07-21T02:40:10.091Z",""
"$bag","5iahACp1MJ1vNrXHejchoa1EFhBduAXfX1CuGf5Upump","","","","","","","","","","","","","","","","","","","","","","","","","","","","","","","","","","","","","","","","","","","","2.129e-8","","","","","","2026-07-21T02:40:10.154Z",""
"MagaBull","8938xsHQAyEGWt9JreueZdnuze7g52VmFHuKQ4aapump","","","","","","","","","","","","","","","","","","","","","","","","","","","","","","","","","","","","","","","","","","","","2.035e-7","","","","","","2026-07-21T02:41:10.020Z",""
"SPESH","8y2PFdVH9X5LR5Lmy7vCWFoNVqWTraDzZXCRroHvpump","63","3.950617282","","","","","","","","","","","","","","","","","","","","","","","","","","","","","","","","","","","","0.000009098","","","","","","","2026-07-21T02:41:10.050Z","","","","","",""
"MINT","CX7fxUR1hYUTP5hGfxhpWBrQst9T3PgT7az4tfAXpump","75","6.872852234","","","","","","","","","","","","","","","","","","","","","","","","","","","","","","","","","","","","0.000002179","","","","","","","2026-07-21T02:41:10.090Z","","","","","",""
"don’t","G2Z9VbTzuxrphb5DSzPbUqNyzJqewzadBxKZcbUhpump","","","","","","","","","","","","","","","","","","","","","","","","","","","","","","","","","","","","","","","","","","","","4.948e-7","","","","","","2026-07-21T02:41:10.116Z",""
"$bag","DZz1f4kcxzfiT9t9hGVa7PUBhS2WY2LeTPa2Gjeppump","","","","","","","","","","","","","","","","","","","","","","","","","","","","","","","","","","","","","","","","","","","","1.049e-7","","","","","","2026-07-21T02:42:10.079Z",""
"Teja","GPaHqkvzfCRETHvUuFZnbKspcoWRHqvYfs8Eed2wpump","85","4.938271603","","","","","","","","","","","","","","","","","","","","","","","","","","","","","","","","","","","","0.000002504","","","","","","","2026-07-21T02:42:10.110Z","","","","","",""
"Duck","E913vgN9jCAik6SR2tbu4jFRqG1Cgo9MrdS7dekQpump","","","","","","","","","","","","","","","","","","","","","","","","","","","","","","","","","","","","","","","","","","","","4.731e-7","","","","","","2026-07-21T02:42:10.152Z",""
"coinbutt","45uXosvCjv5rojydnU8fGWAhivNRvgDxwfzyNHwTpump","","","","","","","","","","","","","","","","","","","","","","","","","","","","","","","","","","","","","","","","","","","","1e-7","","","","","","2026-07-21T02:42:10.178Z",""
"mayhem ","J6S7WQh9quLpUTVrhyoxM99ugVbtKfZniQph3iH7pump","","","","","","","","","","","","","","","","","","","","","","","","","","","","","","","","","","","","","","","","","","","","5.665e-8","","","","","","2026-07-21T02:43:10.061Z",""
"stonk","4DdbrcJ36dPp1Q5xdZxTLnnuBiyp9rfgrmPDYFUvpump","","","","","","","","","","","","","","","","","","","","","","","","","","","","","","","","","","","","","","","","","","","","0.000002186","","","","","","2026-07-21T02:43:10.088Z",""
"MEOW","4qwnbjN3JLF4oUW8dyX8AaZ9WtpFFvMSbRQs2d8Ppump","63","3.03","","","","","","","","","","","","","","","","","","","","","","","","","","","","","","","","","","","","0.000002179","","","","","","","2026-07-21T02:43:10.115Z","","","","","",""
"primal","Dug4stk8MjZr8BAi8egpqacUVJCquQeFwSusxDZtpump","","","","","","","","","","","","","","","","","","","","","","","","","","","","","","","","","","","","","","","","","","","","0.000002188","","","","","","2026-07-21T02:44:10.004Z",""
"SPESH","2KwggRLnZsxCV9ZcybyBMAJ47w5u5zcA2XNHrdKPpump","61","5","","","","","","","","","","","","","","","","","","","","","","","","","","","","","","","","","","","","0.000002291","","","","","","","2026-07-21T02:44:10.032Z","","","","","",""
"MagaBull","5KU6wYcY985qeS8ZsHKeUh2RCcoXpSf1sSbYJ6Lqpump","","","","","","","","","","","","","","","","","","","","","","","","","","","","","","","","","","","","","","","","","","","","2.784e-7","","","","","","2026-07-21T02:44:10.077Z",""
"SNOWCAT","5DqwkMt96iN6MaeERMFZ2EsvaUYdRxHGYacutSnppump","","","","","","","","","","","","","","","","","","","","","","","","","","","","","","","","","","","","","","","","","","","","2.023e-7","","","","","","2026-07-21T02:44:10.101Z",""
"Misty","35NyTjbHiN1eAWyPGA55x1pViqFqyWJUnkGP7Jbepump","66","0.080000001","","","","","","","","","","","","","","","","","","","","","","","","","","","","","","","","","","","","0.00000165","","","","","","","2026-07-21T02:45:10.022Z","","","","","",""
"BAGWORK","DkGEbSqSZTHJMqfWGBkExyPsgnkcyQW7QHJgxgX4pump","","","","","","","","","","","","","","","","","","","","","","","","","","","","","","","","","","","","","","","","","","","","0.000001244","","","","","","2026-07-21T02:45:10.057Z",""
"ppb","2by2qszpAggMgdxqWJYhcWAxT2WxzuUXuSFNyc6tpump","","","","","","","","","","","","","","","","","","","","","","","","","","","","","","","","","","","","","","","","","","","","7.665e-7","","","","","","2026-07-21T02:45:10.086Z",""
"$Rocksem","BCJD6EaojXrpA8aHNpoebf6iRtqQb3Y2UbMui7TVpump","60","0.059259258","","","","","","","","","","","","","","","","","","","","","","","","","","","","","","","","","","","","0.000002394","","","","","","","2026-07-21T02:45:10.116Z","","","","","",""
"SPESH","87y2wumX2bo1nF9TB9qh1wZmaGsixfVmWdc1ug8Lpump","67","5","","","","","","","","","","","","","","","","","","","","","","","","","","","","","","","","","","","","0.000002177","","","","","","","2026-07-21T02:46:10.028Z","","","","","",""
"BLOOMY","5EE8YudErxPhk51o36jCebpGaL6ZwMT8PC6pDkTepump","","","","","","","","","","","","","","","","","","","","","","","","","","","","","","","","","","","","","","","","","","","","0.000001287","","","","","","2026-07-21T02:46:10.052Z",""
"PGT","6Gz36oP38P7k8dYcVw9ruLQxsrtxPZh7449sne2Jpump","","","","","","","","","","","","","","","","","","","","","","","","","","","","","","","","","","","","","","","","","","","","1.712e-7","","","","","","2026-07-21T02:46:10.093Z",""
"Harper","on5QFLsBYsByejK3Bb6MQRGFxdePoAvTj829QUDpump","57","1.990123455","","","","","","","","","","","","","","","","","","","","","","","","","","","","","","","","","","","","0.00001079","","","","","","","2026-07-21T02:46:10.135Z","","","","","",""
"CSL","Eecqo6Gu6GVFRAmuvunCU1S7qxDhpSgNBfuQGanCpump","90","26.178010471","","","","","","","","","","","","","","","","","","","","","","","","","","","","","","","","","","","","0.00001512","","","","","","","2026-07-21T02:47:09.993Z","","","","","",""
"MA","21ZQzyBRiUEg4ie8pWntEYSS8k6xmeTN7VTyegZppump","","","","","","","","","","","","","","","","","","","","","","","","","","","","","","","","","","","","","","","","","","","","6.689e-7","","","","","","2026-07-21T02:47:10.081Z",""
"Misty","AvdfqZEoaHPrsf6AiRaRUXpoCHcAdi5fPWAVYTXypump","","","","","","","","","","","","","","","","","","","","","","","","","","","","","","","","","","","","","","","","","","","","1.053e-8","","","","","","2026-07-21T02:47:10.103Z",""
"CHOCI","o8qFs8BUpu9Yx1xanSwWVdqRof1CXDZ5Y7bdv46pump","","","","","","","","","","","","","","","","","","","","","","","","","","","","","","","","","","","","","","","","","","","","0.000002392","","","","","","2026-07-21T02:47:10.144Z",""
"MPGA","CfSfWvLPePmjo7uAypUBWdk4mF42y9BRNCwNdmApump","63","3.117283951","","","","","","","","","","","","","","","","","","","","","","","","","","","","","","","","","","","","0.000002184","","","","","","","2026-07-21T02:48:10.051Z","","","","","",""
"COBBEE","CeKvmRQMHyFQQEMjvwiQNDopGPawvSYm3mp8sbRHpump","67","5","","","","","","","","","","","","","","","","","","","","","","","","","","","","","","","","","","","","0.000002186","","","","","","","2026-07-21T02:48:10.078Z","","","","","",""
"KDH","DnNTmRdjJyMJE9obfRLi2VSyy18ipEV45kA8JUgGpump","","","","","","","","","","","","","","","","","","","","","","","","","","","","","","","","","","","","","","","","","","","","5.507e-7","","","","","","2026-07-21T02:48:10.117Z",""
"NORIBULL","87MLtNWwLJYU7VtFjK3hqGx4GLWow2b23Vnv9aYXpump","61","1.000000001","","","","","","","","","","","","","","","","","","","","","","","","","","","","","","","","","","","","0.000001641","","","","","","","2026-07-21T02:48:10.156Z","","","","","",""
"onlyup","6C2SLZTjsEv1F844bo5o1xxUCSHn7EMWdmmYZDMdpump","58","3","","","","","","","","","","","","","","","","","","","","","","","","","","","","","","","","","","","","0.000002182","","","","","","","2026-07-21T02:49:10.002Z","","","","","",""
"Black","8ghNQEhRVGmD6u9vxYAZjwH6yLf3kBuZviUBanRxpump","65","0.300000001","","","","","","","","","","","","","","","","","","","","","","","","","","","","","","","","","","","","0.000001781","","","","","","","2026-07-21T02:49:10.026Z","","","","","",""
"SPESH","4yCUiSCHfUtdxJLTpeZx4Gu2fzj5MFTeTZfcTFmqpump","","","","","","","","","","","","","","","","","","","","","","","","","","","","","","","","","","","","","","","","","","","","0.00000227","","","","","","2026-07-21T02:49:10.053Z",""
"GLITCH","DnSCoqNyWgwZ9efCwQg9uP9cWuyUS1Qb84hMDYsSpump","","","","","","","","","","","","","","","","","","","","","","","","","","","","","","","","","","","","","","","","","","","","2.557e-7","","","","","","2026-07-21T02:49:10.082Z",""
"$Rocksem","ALVZToShHkprtc6VLcY8z3Qx57DNyZfX4DdGZM2bpump","","","","","","","","","","","","","","","","","","","","","","","","","","","","","","","","","","","","","","","","","","","","4.412e-7","","","","","","2026-07-21T02:50:10.068Z",""
"CHOCI","ZHBmsj8WbT7Nf8YyU6aZogSLfEgvh3Kfv4cEcS6pump","70","11.742112394","","","","","","","","","","","","","","","","","","","","","","","","","","","","","","","","","","","","0.000003038","","","","","","","2026-07-21T02:50:10.087Z","","","","","",""
"Fugu-Cyber","FAq8aMEyEcEiavfUCJXf7BaBYraieVrioVk3ADhLpump","62","5","","","","","","","","","","","","","","","","","","","","","","","","","","","","","","","","","","","","0.000003093","","","","","","","2026-07-21T02:50:10.115Z","","","","","",""
"SPESH","5ArJ8HHjfbLyZ8zqEsd27Jc3Sq2fNfqfhKUsFo6Upump","63","2.962962961","","","","","","","","","","","","","","","","","","","","","","","","","","","","","","","","","","","","0.00000263","","","","","","","2026-07-21T02:50:10.188Z","","","","","",""
"EXPERIMNT","24QqsYLfRtMwFg4fRMG76HmHpLTb77eyG8SKdT4ipump","","","","","","","","","","","","","","","","","","","","","","","","","","","","","","","","","","","","","","","","","","","","1.719e-7","","","","","","2026-07-21T02:51:10.039Z",""
"qwerqwerqe","ELPNd5k29Mx3mVPdmG41ZmpHHJqMifod5HpDiFsypump","61","0.493827159","","","","","","","","","","","","","","","","","","","","","","","","","","","","","","","","","","","","0.000002498","","","","","","","2026-07-21T02:51:10.101Z","","","","","",""
"MEOW","FRwgKZVsK7KVpaazqfZGm49p7Qhs1wrLejXAAW9qpump","57","1.97530864","","","","","","","","","","","","","","","","","","","","","","","","","","","","","","","","","","","","0.000002178","","","","","","","2026-07-21T02:52:10.000Z","","","","","",""
"coinbutt","FbhWCbT3XFrAUC7VABCapkXajsAWTP6eQxPcCfYPpump","","","","","","","","","","","","","","","","","","","","","","","","","","","","","","","","","","","","","","","","","","","","2.544e-7","","","","","","2026-07-21T02:52:10.042Z",""
"RAIN","FPGnHSRFmZFkRPMGLg6uFWh5VLkMtZ64rNnh5qmJpump","","","","","","","","","","","","","","","","","","","","","","","","","","","","","","","","","","","","","","","","","","","","0.000002178","","","","","","2026-07-21T02:52:10.082Z",""
"TBM","AcLLKuNkGEHvKRpTh8RjrRtX1ZwF75SHmH8mgTzfpump","","","","","","","","","","","","","","","","","","","","","","","","","","","","","","","","","","","","","","","","","","","","3.122e-7","","","","","","2026-07-21T02:52:10.110Z",""
"SPESH","2XHor6nf8VMp9kDQ73iqJhJG6oaSxPX76M818aUWpump","80","9.876543208","","","","","","","","","","","","","","","","","","","","","","","","","","","","","","","","","","","","0.00001081","","","","","","","2026-07-21T02:53:09.980Z","","","","","",""
"FUCKPLEASE","AoNwSKFSLuAFtQhSUUu87j1w14QmL7ARu9VYCWEipump","","","","","","","","","","","","","","","","","","","","","","","","","","","","","","","","","","","","","","","","","","","","1.407e-7","","","","","","2026-07-21T02:53:10.013Z",""
"MOONSHOT","BchuMz1o2BpxvdsRmMT4dcPTKAw8rBgZKJ6rQFtcpump","55","0.100000001","","","","","","","","","","","","","","","","","","","","","","","","","","","","","","","","","","","","0.0001128","","","","","","","2026-07-21T02:53:10.047Z","","","","","",""
"CHOCI","F9nYUfqacaacg9uooMiH6A6UmGL1z7K2v7ieJfAmpump","71","12.729758023","","","","","","","","","","","","","","","","","","","","","","","","","","","","","","","","","","","","0.000003234","","","","","","","2026-07-21T02:53:10.079Z","","","","","",""
"TBM","6eUcaPvWp2HNytkvFKC4mTSKGd1dr7Rs4eM3Sta3pump","59","0.100000001","","","","","","","","","","","","","","","","","","","","","","","","","","","","","","","","","","","","0.000003943","","","","","","","2026-07-21T02:54:10.073Z","","","","","",""
"B2H","5x8v7KaFAA7ikctEsTC6vZzh5FARPAtJuySrGgEmaCR4","92","34.653465345","","","","","","","","","","","","","","","","","","","","","","","","","","","","","","","","","","","","0.0000108","","","","","","","2026-07-21T02:54:10.102Z","","","","","",""
"$Rocksem","6Rscr7iCTYZ7dAQFTyQcNdUHQg4Rm5Gm7HUxTbxTpump","63","0.059259258","","","","","","","","","","","","","","","","","","","","","","","","","","","","","","","","","","","","0.000006023","","","","","","","2026-07-21T02:54:10.131Z","","","","","",""
"FUCKKKK","3qb8smspKg8mnsPiJiJfy5vzXBbhR58Nu4cqXKNWpump","58","0.493827159","","","","","","","","","","","","","","","","","","","","","","","","","","","","","","","","","","","","0.000002146","","","","","","","2026-07-21T02:54:10.162Z","","","","","",""
"PUMPITFUCK","7zGfWiy4pm4Yv9icnkuoJuZir2p8wRwXe3Dd8eTEpump","","","","","","","","","","","","","","","","","","","","","","","","","","","","","","","","","","","","","","","","","","","","9.908e-7","","","","","","2026-07-21T02:55:10.008Z",""
"$Rocksem","7QrEtrvviDoi9JFFudA8FbVgTQA3ewntiLnZc8CRpump","","","","","","","","","","","","","","","","","","","","","","","","","","","","","","","","","","","","","","","","","","","","1.411e-7","","","","","","2026-07-21T02:55:10.037Z",""
"nl","9sZjpqiQzdAeD7Bfs5CTRJjgJo4HMwYbncD1vBampump","","","","","","","","","","","","","","","","","","","","","","","","","","","","","","","","","","","","","","","","","","","","7.122e-7","","","","","","2026-07-21T02:55:10.068Z",""
"PEANUT","3yA3XtD53CdUt2UFFwgsbYfDQUNAJFtsXhZaZ2P2pump","","","","","","","","","","","","","","","","","","","","","","","","","","","","","","","","","","","","","","","","","","","","5.936e-8","","","","","","2026-07-21T02:55:10.097Z",""
"PUMPMYSHIT","4DEjoEEcez8iQVZaw2GFERdqixCzG2Ts7ZGxNQgdpump","57","0.493827159","","","","","","","","","","","","","","","","","","","","","","","","","","","","","","","","","","","","0.000003684","","","","","","","2026-07-21T02:56:09.981Z","","","","","",""
"goblin","32GwHD4nt2XHJYzaPJZCoatcE2ybQvvukfQ3kA5cpump","73","5.925925924","","","","","","","","","","","","","","","","","","","","","","","","","","","","","","","","","","","","0.000004565","","","","","","","2026-07-21T02:56:10.033Z","","","","","",""
"basefart ","BH5ihYbhUVBuYxhBg4N2ShCp8Nn6ScdLNMGEDUTKpump","","","","","","","","","","","","","","","","","","","","","","","","","","","","","","","","","","","","","","","","","","","","1.557e-7","","","","","","2026-07-21T02:56:10.086Z",""
"CHOCI","GgoWNW88sH971ohiFzW315eRwE57NyyJYtgek2Mepump","70","11.74211248","","","","","","","","","","","","","","","","","","","","","","","","","","","","","","","","","","","","0.000002647","","","","","","","2026-07-21T02:57:09.985Z","","","","","",""
"Sisyphus","38fUcHqNxfYz7HPbtmySBg8y5SBNhR6SZJZFtu8bpump","80","9.876543208","","","","","","","","","","","","","","","","","","","","","","","","","","","","","","","","","","","","0.000002313","","","","","","","2026-07-21T02:57:10.009Z","","","","","",""
"NFT","ESMDaJW1PQTv2SB9JNZGXBHCzw3i9ys1vX9aNF8Upump","63","3.03","","","","","","","","","","","","","","","","","","","","","","","","","","","","","","","","","","","","0.000002596","","","","","","","2026-07-21T02:57:10.071Z","","","","","",""
"HOTDOG","c9uNoLqv3xmnQ1FSquqLSuPv8AnLwiQ5qjr5iFrpump","","","","","","","","","","","","","","","","","","","","","","","","","","","","","","","","","","","","","","","","","","","","2.973e-9","","","","","","2026-07-21T02:57:10.093Z",""
"PEPE","6AnNX6N187noAsQJmB2ednSWcq8ZCw9G45rNZavypump","62","0.098765431","","","","","","","","","","","","","","","","","","","","","","","","","","","","","","","","","","","","0.00003151","","","","","","","2026-07-21T02:58:09.993Z","","","","","",""
"PITBULL","HCjzULDpjTfGwSP4jDGVXiT28ZWiT5MtDshy8Vfupump","","","","","","","","","","","","","","","","","","","","","","","","","","","","","","","","","","","","","","","","","","","","1.071e-7","","","","","","2026-07-21T02:58:10.019Z",""
"SPE$H","Hqm4hyyp1C24DdTwaJtBdN5xHi2gyzgzUYfsEiXvpump","","","","","","","","","","","","","","","","","","","","","","","","","","","","","","","","","","","","","","","","","","","","8.715e-7","","","","","","2026-07-21T02:58:10.040Z",""
"BIMBIMBAB","C9qhUZ3QbsftY5xE8LZkP4eeKTJCfwuG5NvRfVFgpump","","","","","","","","","","","","","","","","","","","","","","","","","","","","","","","","","","","","","","","","","","","","0.000002289","","","","","","2026-07-21T02:58:10.076Z",""
"PEPE","3sAyy5o4zLvPTn6xpW4bqtZLKjGDWRnEtvSauMdNpump","","","","","","","","","","","","","","","","","","","","","","","","","","","","","","","","","","","","","","","","","","","","1.029e-7","","","","","","2026-07-21T02:59:09.988Z",""
"2Jimothy ","9z7PjqQxg8jMkNgawPcuYCj7xR46gqJAq7U2Dmrvpump","","","","","","","","","","","","","","","","","","","","","","","","","","","","","","","","","","","","","","","","","","","","0.000001077","","","","","","2026-07-21T02:59:10.007Z",""
"NEH","B876wkQai7Arhdj7nEH9Ucy5g8JRgWJdVRkLvE81pump","63","0.197530863","","","","","","","","","","","","","","","","","","","","","","","","","","","","","","","","","","","","0.000001702","","","","","","","2026-07-21T02:59:10.076Z","","","","","",""
"Spesh ","GTGxsF8UCnau2pnmNRZ4fPzucbwWEQXJ32cRfw4Hpump","","","","","","","","","","","","","","","","","","","","","","","","","","","","","","","","","","","","","","","","","","","","3.372e-7","","","","","","2026-07-21T02:59:10.096Z",""
"spesh","7bntCqYMmy3xMtksebUHzafTGp3fw2fapD9d6KEbpump","","","","","","","","","","","","","","","","","","","","","","","","","","","","","","","","","","","","","","","","","","","","1.792e-7","","","","","","2026-07-21T03:00:10.053Z",""
"2Jimothy ","HqtqPEuq2n3r2koasuHQBByuZLiRS9PfzAt6GgUmpump","","","","","","","","","","","","","","","","","","","","","","","","","","","","","","","","","","","","","","","","","","","","5.838e-7","","","","","","2026-07-21T03:00:10.085Z",""
"runner","7MUDQMNMK69q727CBjGvhTPfBSm6ZE7ZNQABrELJpump","","","","","","","","","","","","","","","","","","","","","","","","","","","","","","","","","","","","","","","","","","","","1.892e-7","","","","","","2026-07-21T03:00:10.129Z",""
"$bag","GZ5vp7SGpoKrvVnpFDu9Ni5tpkHekagPLcQXbqiHpump","","","","","","","","","","","","","","","","","","","","","","","","","","","","","","","","","","","","","","","","","","","","1.322e-8","","","","","","2026-07-21T03:00:10.154Z",""
"2Jimothy ","FeBTpmMtEa8VbZWGeFZkARWphEysijXkhbXFjX9Mpump","","","","","","","","","","","","","","","","","","","","","","","","","","","","","","","","","","","","","","","","","","","","9.225e-8","","","","","","2026-07-21T03:01:09.986Z",""
"BIMBIMBAB","EpdDST3U16Ri7xk8vvKasbaapfQzKgzeGuwmUsSepump","","","","","","","","","","","","","","","","","","","","","","","","","","","","","","","","","","","","","","","","","","","","0.000002394","","","","","","2026-07-21T03:01:10.017Z",""
"2Jimothy ","EkRXCFRNWuREoA1GvzxM4YKURvA6ZxUQDBKQ4bugpump","","","","","","","","","","","","","","","","","","","","","","","","","","","","","","","","","","","","","","","","","","","","0.000001021","","","","","","2026-07-21T03:01:10.064Z",""
"COOL","ATCYGd68UexSaJ4vnG5n9ftjmEuSo1UFTenh4QDqpump","63","2.962962961","","","","","","","","","","","","","","","","","","","","","","","","","","","","","","","","","","","","0.000002182","","","","","","","2026-07-21T03:02:10.152Z","","","","","",""
"PEPE","8M2g73m5N1dBQjkqMypDjJDqU8NoUSvzEj4VsZzupump","","","","","","","","","","","","","","","","","","","","","","","","","","","","","","","","","","","","","","","","","","","","2.466e-7","","","","","","2026-07-21T03:02:10.193Z",""
"TBM","CtkRGP4qECvD5DjvTUcKFkRGY5RpgAcFGeT23WbVpump","","","","","","","","","","","","","","","","","","","","","","","","","","","","","","","","","","","","","","","","","","","","1.226e-7","","","","","","2026-07-21T03:02:10.220Z",""
"ppb","77aEsGH5fDTp8FGb4xaSSPZcszxzTiuxRVVVKMrkpump","","","","","","","","","","","","","","","","","","","","","","","","","","","","","","","","","","","","","","","","","","","","0.000001262","","","","","","2026-07-21T03:02:10.252Z",""
"WRONG","HYQtYws7FdNSkEARpk7diLKjUZH9vx5f8gdSRrf5pump","65","0.060000001","","","","","","","","","","","","","","","","","","","","","","","","","","","","","","","","","","","","0.000003003","","","","","","","2026-07-21T03:03:10.026Z","","","","","",""
"Dog","9Z593kn9cA8ZRvrKNXgiAwGTBypWifPsA1zYDRjBpump","63","2.962962961","","","","","","","","","","","","","","","","","","","","","","","","","","","","","","","","","","","","0.000008248","","","","","","","2026-07-21T03:03:10.064Z","","","","","",""
"REBECA","DrDzGvXVBX7U1sKPu2dvXiN1GKcYyBFWDq7j5MHopump","63","3","","","","","","","","","","","","","","","","","","","","","","","","","","","","","","","","","","","","0.000004594","","","","","","","2026-07-21T03:03:10.109Z","","","","","",""
"SPESH","C3PZpXmRB3E4RYwjDrCVJhV24iBL8RphA7Ayv9x9pump","57","5","","","","","","","","","","","","","","","","","","","","","","","","","","","","","","","","","","","","0.000002291","","","","","","","2026-07-21T03:03:10.172Z","","","","","",""
"NORIBULL","4BZxZB7VSBvtHCAfC8sE6yibkoNyiKBwmmtz36EGpump","65","1.000000001","","","","","","","","","","","","","","","","","","","","","","","","","","","","","","","","","","","","0.000003506","","","","","","","2026-07-21T03:04:10.002Z","","","","","",""
"MALWARE","2NhaZ8QRo9ByFRaZQGU1jpqL7Nkw4w8x2S51xdFFpump","","","","","","","","","","","","","","","","","","","","","","","","","","","","","","","","","","","","","","","","","","","","5.818e-9","","","","","","2026-07-21T03:04:10.027Z",""
"TOEC","7S8WsheecnKwjrrTMC9tza87BCrfxdgJHxZtepVvpump","","","","","","","","","","","","","","","","","","","","","","","","","","","","","","","","","","","","","","","","","","","","8.698e-8","","","","","","2026-07-21T03:04:10.054Z",""
"BBGMAYHEM","3TgruDtVMf3S3B4m6YhxRnbXJMa4ty5jfbHCqSqapump","57","0.108641974","","","","","","","","","","","","","","","","","","","","","","","","","","","","","","","","","","","","0.000002094","","","","","","","2026-07-21T03:04:10.080Z","","","","","",""
"sonion","8ikeDshmywctn46JxfBL99wUf5xREzAJRxsRcAgRpump","","","","","","","","","","","","","","","","","","","","","","","","","","","","","","","","","","","","","","","","","","","","1.769e-7","","","","","","2026-07-21T03:05:09.986Z",""
"ppb","EcXxnAQH8PdMcfovSTXhqEN7KBmMXDBdPgMDPPnBpump","","","","","","","","","","","","","","","","","","","","","","","","","","","","","","","","","","","","","","","","","","","","2.144e-7","","","","","","2026-07-21T03:05:10.008Z",""
"$ZORRO","9NjPVCRQWJTep3qCPFmnVabtrarFayzTakyGThBGpump","","","","","","","","","","","","","","","","","","","","","","","","","","","","","","","","","","","","","","","","","","","","7.734e-7","","","","","","2026-07-21T03:05:10.034Z",""
"PEPE","5qQewj8x5TqnXRiiLYFhuFtV65YodKdhthnj9orPpump","","","","","","","","","","","","","","","","","","","","","","","","","","","","","","","","","","","","","","","","","","","","1.63e-7","","","","","","2026-07-21T03:05:10.060Z",""
"fartspesh","CwLzVxgT8QQPwD5m6GgATjPQSVQSQquAXSHeFhu7pump","","","","","","","","","","","","","","","","","","","","","","","","","","","","","","","","","","","","","","","","","","","","3.255e-7","","","","","","2026-07-21T03:06:10.129Z",""
"MALWARE","23n73XG5T9GjLdjLoC8a7kZbFjG3kSNELNHXQoYApump","","","","","","","","","","","","","","","","","","","","","","","","","","","","","","","","","","","","","","","","","","","","3.465e-7","","","","","","2026-07-21T03:06:10.156Z",""
"PEPE","CyJYg5vU9wmWiaa3oaP9SucDzzHv4thCxFc9JUA5pump","59","0.296296295","","","","","","","","","","","","","","","","","","","","","","","","","","","","","","","","","","","","0.000002797","","","","","","","2026-07-21T03:06:10.184Z","","","","","",""
"kirk","HorFzzHLnNyDaV4EpjiwFXpJqUaqQBH7jsWoyAL6pump","","","","","","","","","","","","","","","","","","","","","","","","","","","","","","","","","","","","","","","","","","","","3.657e-7","","","","","","2026-07-21T03:06:10.214Z",""
"PEPE","BaZJv4rpAEC7ZsvgfnZZywww85Ragmq9zBYMSjYapump","","","","","","","","","","","","","","","","","","","","","","","","","","","","","","","","","","","","","","","","","","","","1.761e-7","","","","","","2026-07-21T03:07:09.998Z",""
"WRONG","5F9WssTgF8QDRXq3oejuFdxaeDg4gyLYxXELiN4Fpump","61","0.060000001","","","","","","","","","","","","","","","","","","","","","","","","","","","","","","","","","","","","0.000004094","","","","","","","2026-07-21T03:07:10.022Z","","","","","",""
"ppb","4pQxJNguAPhkuhscSvEDHsKcaJLTTdVyEPK2iaaWpump","","","","","","","","","","","","","","","","","","","","","","","","","","","","","","","","","","","","","","","","","","","","2.361e-8","","","","","","2026-07-21T03:07:10.096Z",""
"BULLY","FvQJsVPFsfabxgmqwSCupfvrxCSSkjMmfnHgQ8Sipump","","","","","","","","","","","","","","","","","","","","","","","","","","","","","","","","","","","","","","","","","","","","2.793e-9","","","","","","2026-07-21T03:08:10.042Z",""
"kyvia","H2XNmCJ2CovMbvV6Hjjy74A5KpjSQ5Qt1rD7NVm2K5X9","57","1.975","","","","","","","","","","","","","","","","","","","","","","","","","","","","","","","","","","","","0.000002223","","","","","","","2026-07-21T03:08:10.064Z","","","","","",""
"runner","EDWh9ZmwSM5BUruwUYbkeZyc234TGktsP6eiFDerpump","","","","","","","","","","","","","","","","","","","","","","","","","","","","","","","","","","","","","","","","","","","","5.428e-7","","","","","","2026-07-21T03:09:09.966Z",""
"TANUKI","9B9jMtwJopAMm5EBjZsduo4uoYLZLvYi4V1CRBjpump","56","2.962962961","","","","","","","","","","","","","","","","","","","","","","","","","","","","","","","","","","","","0.000002297","","","","","","","2026-07-21T03:09:09.999Z","","","","","",""
"WAGMi","Atje2JHWRXp3ejJKuKRbwG8KyCGVDmeFo3qc79xXpump","63","3.117283951","","","","","","","","","","","","","","","","","","","","","","","","","","","","","","","","","","","","0.000002198","","","","","","","2026-07-21T03:09:10.055Z","","","","","",""
"ppb","CSwaNWv9hKea7ZbFcU6wTtX1xjQrNnaAmp2sqMx3pump","89","1.000000001","","","","","","","","","","","","","","","","","","","","","","","","","","","","","","","","","","","","0.00000208","","","","","","","2026-07-21T03:09:10.082Z","","","","","",""
"Car","HT2KJbHxCF88iNKMp6kJwnZR6DgqRKxomUJvDv8Zpump","","","","","","","","","","","","","","","","","","","","","","","","","","","","","","","","","","","","","","","","","","","","2.543e-7","","","","","","2026-07-21T03:10:09.977Z",""
"HOLD","B39L9pdQFzktfHP3asJd84FT7g6qxPmE5jdppF17pump","","","","","","","","","","","","","","","","","","","","","","","","","","","","","","","","","","","","","","","","","","","","5.34e-7","","","","","","2026-07-21T03:10:10.007Z",""
"runner","FU9iuSMqHJtfJhD5kgyKDy2NMsqxa3tRKGii3JzEpump","","","","","","","","","","","","","","","","","","","","","","","","","","","","","","","","","","","","","","","","","","","","6e-7","","","","","","2026-07-21T03:10:10.044Z",""
"UPP","2sMaztTcAY7ibKeoZcR5FK8pc7hR3ovgqNLx3BJopump","","","","","","","","","","","","","","","","","","","","","","","","","","","","","","","","","","","","","","","","","","","","2.021e-7","","","","","","2026-07-21T03:10:10.075Z",""
"spush","CsR8KRQhxvNpPgUAYUivVHvZSsM3jhpdLc5RU87zpump","66","8","","","","","","","","","","","","","","","","","","","","","","","","","","","","","","","","","","","","0.000002187","","","","","","","2026-07-21T03:11:10.054Z","","","","","",""
"ppb","9KPv7UFKGgCpXMPna5kB5VoQc9Z7K6nUMwHVuU8opump","","","","","","","","","","","","","","","","","","","","","","","","","","","","","","","","","","","","","","","","","","","","3.291e-7","","","","","","2026-07-21T03:11:10.095Z",""
"Doomsday","324qE6WykBhBZqPTEFpd1R8s59hq6UvEVSpBhTfopump","58","3","","","","","","","","","","","","","","","","","","","","","","","","","","","","","","","","","","","","0.000002297","","","","","","","2026-07-21T03:11:10.122Z","","","","","",""
"MEGABUCKS","C2s1q7xGV87fcBmobNpyqnKY5ak9nAeSvp1R5er9pump","67","4","","","","","","","","","","","","","","","","","","","","","","","","","","","","","","","","","","","","0.000002187","","","","","","","2026-07-21T03:11:10.150Z","","","","","",""
"SAFE","4K8vhKDR8VPSSuztGnSRQzwafe6B3NuSWfBWooAXpump","","","","","","","","","","","","","","","","","","","","","","","","","","","","","","","","","","","","","","","","","","","","5.491e-7","","","","","","2026-07-21T03:12:10.056Z",""
"PUMP","GTDQzNUJouk6RDG7Q31U6PMvXpbgeE6XTuvj7kvnpump","","","","","","","","","","","","","","","","","","","","","","","","","","","","","","","","","","","","","","","","","","","","0.000001319","","","","","","2026-07-21T03:12:10.090Z",""
"DONCAT","5vqza3vKjUg7MaT65uWkt8kWP9948VfdydPdFbhQpump","62","0.500000001","","","","","","","","","","","","","","","","","","","","","","","","","","","","","","","","","","","","0.000008577","","","","","","","2026-07-21T03:12:10.118Z","","","","","",""
"runner","77beXw7sP3QQNnBhNZoLx9FPRkNNnGyHsJfFZJUPpump","","","","","","","","","","","","","","","","","","","","","","","","","","","","","","","","","","","","","","","","","","","","2.135e-7","","","","","","2026-07-21T03:12:10.147Z",""
"runner","34Na7qDkw7o4bd1KpEXb72EkeykHg3XAR7NSfu7Bpump","","","","","","","","","","","","","","","","","","","","","","","","","","","","","","","","","","","","","","","","","","","","2.452e-7","","","","","","2026-07-21T03:13:10.004Z",""
"PUMP","2gPDG3uCrYxmUHsPd9VHr9TdHbRLvbTxMUbGRZgypump","57","0.059259258","","","","","","","","","","","","","","","","","","","","","","","","","","","","","","","","","","","","0.000003743","","","","","","","2026-07-21T03:13:10.052Z","","","","","",""
"CHOCI","HYUCFX5sHdAiqi2ef5iJ8LBevVEHhccnQcKPX8FXpump","71","12.729765924","","","","","","","","","","","","","","","","","","","","","","","","","","","","","","","","","","","","0.00002008","","","","","","","2026-07-21T03:13:10.137Z","","","","","",""
"runner","2gD1ZpV933mfuChVJeNYYxpBjC1iK6pxuG9tRJTTpump","","","","","","","","","","","","","","","","","","","","","","","","","","","","","","","","","","","","","","","","","","","","2.172e-7","","","","","","2026-07-21T03:13:10.159Z",""
"QUEEN","DEu3Lw8WwfhkueZsYqkKafjrMmicmh1i7txHC5pppump","59","0.098765431","","","","","","","","","","","","","","","","","","","","","","","","","","","","","","","","","","","","0.000002636","","","","","","","2026-07-21T03:14:10.053Z","","","","","",""
"runner","A6a3zxLe158EiFjdCcgLUMABAjrfXwqqAsG2sNgfpump","","","","","","","","","","","","","","","","","","","","","","","","","","","","","","","","","","","","","","","","","","","","7.146e-8","","","","","","2026-07-21T03:14:10.080Z",""
"Poze","2EYnHpcZkju8XAAhu12BkMFFSYT4LTeTD1GyrKihpump","56","3","","","","","","","","","","","","","","","","","","","","","","","","","","","","","","","","","","","","0.000004981","","","","","","","2026-07-21T03:14:10.110Z","","","","","",""
"TRUMP2026","Eq75gGEK4yoEc3HxqrLoxTrhuNjUsvuuE4uYiEhvpump","","","","","","","","","","","","","","","","","","","","","","","","","","","","","","","","","","","","","","","","","","","","4.609e-7","","","","","","2026-07-21T03:14:10.148Z",""
"WORLDCUP","FhofHzntStnwymseaSjJZVgiPCgXohVfDBF2dchopump","","","","","","","","","","","","","","","","","","","","","","","","","","","","","","","","","","","","","","","","","","","","3.087e-7","","","","","","2026-07-21T03:15:09.970Z",""
"jpeg","5G1o386pztGDzxHxW2mE7QUL7g5e16DFdhYUUCibpump","63","3.03","","","","","","","","","","","","","","","","","","","","","","","","","","","","","","","","","","","","0.000002202","","","","","","","2026-07-21T03:15:09.997Z","","","","","",""
"Smush","picskYzQ8cSmSFtGsZ6roChDBidUtg1HmJyGmjdpump","66","8","","","","","","","","","","","","","","","","","","","","","","","","","","","","","","","","","","","","0.000002551","","","","","","","2026-07-21T03:15:10.031Z","","","","","",""
"TRUMP2026","7FZwuZxqYCKCiK2yu2Anh7gmnBaLYNb4KrpPGMYrpump","56","0.250000001","","","","","","","","","","","","","","","","","","","","","","","","","","","","","","","","","","","","0.00001041","","","","","","","2026-07-21T03:15:10.109Z","","","","","",""
"NIGI","CZA4P2hXarqVDfbPFRamNNPp7wJn61zV6uWZJn2tpump","56","2.962962961","","","","","","","","","","","","","","","","","","","","","","","","","","","","","","","","","","","","0.000002186","","","","","","","2026-07-21T03:16:10.056Z","","","","","",""
"runner","DHtLUALJExAPVuUyLqork8K5UEVzxdN6V84AZycNpump","","","","","","","","","","","","","","","","","","","","","","","","","","","","","","","","","","","","","","","","","","","","7.998e-7","","","","","","2026-07-21T03:16:10.081Z",""
"runner","9QKnu5erXL5pLTYVfVqf8yYyJtvWjiSa7VCLhx24pump","","","","","","","","","","","","","","","","","","","","","","","","","","","","","","","","","","","","","","","","","","","","8.539e-7","","","","","","2026-07-21T03:16:10.111Z",""
"db","FZv9c4JVAf3gjQYoDr97c4NeHQuuc13zFTM3XUdSpump","","","","","","","","","","","","","","","","","","","","","","","","","","","","","","","","","","","","","","","","","","","","2.506e-7","","","","","","2026-07-21T03:16:10.177Z",""
"ppb","5aaZCag271gjA4h9a8HApDVehs1PqnTpxoDxspQkpump","","","","","","","","","","","","","","","","","","","","","","","","","","","","","","","","","","","","","","","","","","","","2.423e-8","","","","","","2026-07-21T03:17:10.241Z",""
"pirámide","6nKUe6hKg7e9SCxpCyez2rCG93ZHJFooSkjCsZ8Wpump","","","","","","","","","","","","","","","","","","","","","","","","","","","","","","","","","","","","","","","","","","","","4.784e-7","","","","","","2026-07-21T03:17:10.261Z",""
"1000","6H4GBS27iNZZDgQ6rToccrUVVve6fdb2AdgtZZKbpump","62","5","","","","","","","","","","","","","","","","","","","","","","","","","","","","","","","","","","","","0.000002186","","","","","","","2026-07-21T03:17:10.283Z","","","","","",""
"10x","DXzeowCnEGeg1ezy8CFV8PjJiSxrP5LeffvK9eYopump","60","4","","","","","","","","","","","","","","","","","","","","","","","","","","","","","","","","","","","","0.000002295","","","","","","","2026-07-21T03:17:10.315Z","","","","","",""
"chokes","2TKcUeFuYyCTmX7dSajUizg5JkEYkwEU6hpFPHxRpump","","","","","","","","","","","","","","","","","","","","","","","","","","","","","","","","","","","","","","","","","","","","0.000001185","","","","","","2026-07-21T03:18:10.055Z",""
"Black","ARmJuZ4vjYDwma5Fup3eMB56y2KiLds3G5FciK4Cpump","59","0.100000001","","","","","","","","","","","","","","","","","","","","","","","","","","","","","","","","","","","","0.0000047","","","","","","","2026-07-21T03:18:10.081Z","","","","","",""
"CHEFCAT","6w2c7kVWrHCen7fA2mjzxVL2KP3meo2iVQDQT249pump","61","0.500000001","","","","","","","","","","","","","","","","","","","","","","","","","","","","","","","","","","","","0.000001464","","","","","","","2026-07-21T03:18:10.115Z","","","","","",""
"Visper","6dB71h8ySzdaim7fYmi4d5vCvo88pZgSR5wbqGz7pump","63","3","","","","","","","","","","","","","","","","","","","","","","","","","","","","","","","","","","","","0.000002187","","","","","","","2026-07-21T03:18:10.147Z","","","","","",""
"mordi ","H2paqwcR5MguCJbcXhARcinnUMUqG9j48VZMiMespump","75","0.060000001","","","","","","","","","","","","","","","","","","","","","","","","","","","","","","","","","","","","0.00005097","","","","","","","2026-07-21T03:19:10.010Z","","","","","",""
"dogturd ","HG18kzeqn7qUo4CBNSYt7rLbfipEy2cnVzG2r4kpump","","","","","","","","","","","","","","","","","","","","","","","","","","","","","","","","","","","","","","","","","","","","2.599e-8","","","","","","2026-07-21T03:19:10.035Z",""
"PVE","HVrFy6jepcx1KoNS4ePwvEkpSSCyznsXXuwzMVsqpump","65","8","","","","","","","","","","","","","","","","","","","","","","","","","","","","","","","","","","","","0.000002186","","","","","","","2026-07-21T03:19:10.066Z","","","","","",""
"BULLY","ktzXqNNgiczyC2fv7D42asXKvNxcBDg9e7iXFXypump","","","","","","","","","","","","","","","","","","","","","","","","","","","","","","","","","","","","","","","","","","","","3.759e-9","","","","","","2026-07-21T03:19:10.125Z",""
"runner","6rQsXhjsLgypDfADCmUwhZQZ4ASMpK9JP8UqEYN3pump","67","0.100000001","","","","","","","","","","","","","","","","","","","","","","","","","","","","","","","","","","","","0.0000016","","","","","","","2026-07-21T03:20:10.066Z","","","","","",""
"POZE","JC6brkYuV6gVw9hFSiuSZDwkvoLMVq51p8N67NsDpump","60","3.950617282","","","","","","","","","","","","","","","","","","","","","","","","","","","","","","","","","","","","0.000003508","","","","","","","2026-07-21T03:20:10.093Z","","","","","",""
"runner","3DGTK68t7dGyM9i6uQ2sn1N17T2mugJstH5Dag72pump","","","","","","","","","","","","","","","","","","","","","","","","","","","","","","","","","","","","","","","","","","","","1.022e-7","","","","","","2026-07-21T03:20:10.123Z",""
"ppb","EtYnRPGFkJKkg4RbaeRSyRLCoMpx1J9bdjamvcxzpump","","","","","","","","","","","","","","","","","","","","","","","","","","","","","","","","","","","","","","","","","","","","5.679e-8","","","","","","2026-07-21T03:20:10.151Z",""
"VIRUS","AAXvk5DyaLzSPq576fnjoymJZ1yc8N1D86fEMDfwpump","","","","","","","","","","","","","","","","","","","","","","","","","","","","","","","","","","","","","","","","","","","","0.000001008","","","","","","2026-07-21T03:21:09.977Z",""
"3ttt","gfiLwdAzD13vfixxHVDnRUuWTX92qqZagdHoQbppump","","","","","","","","","","","","","","","","","","","","","","","","","","","","","","","","","","","","","","","","","","","","6.615e-7","","","","","","2026-07-21T03:21:10.014Z",""
"Kitler","DBWuC5WHtRUDpZfyZfVvrnDVTPjzLRe9iCFMykdopump","75","6.913580245","","","","","","","","","","","","","","","","","","","","","","","","","","","","","","","","","","","","0.000006651","","","","","","","2026-07-21T03:21:10.061Z","","","","","",""
"BaLL","7MTX4BuyAHrBKB9TZcUNdzxyoes5TFr3ssZWrrpApump","","","","","","","","","","","","","","","","","","","","","","","","","","","","","","","","","","","","","","","","","","","","2.027e-7","","","","","","2026-07-21T03:21:10.093Z",""
"BULLRUN","DA1azXbMcYSGHiELT6PnGRLgrxCTJyjSfEUyzQuXpump","77","7.88148148","","","","","","","","","","","","","","","","","","","","","","","","","","","","","","","","","","","","0.000006016","","","","","","","2026-07-21T03:22:09.990Z","","","","","",""
"Kitler","49ryrUfM9U11GEWuGA85wSdqtSipBpZjq2PQdjfFpump","61","5","","","","","","","","","","","","","","","","","","","","","","","","","","","","","","","","","","","","0.000002186","","","","","","","2026-07-21T03:22:10.018Z","","","","","",""
"BRUCE","23QJCbnDBoPPQs2hhP7EDXVsnH9eqhscSk7ihAfemzg4","67","4.952947003","","","","","","","","","","","","","","","","","","","","","","","","","","","","","","","","","","","","0.000002297","","","","","","","2026-07-21T03:22:10.126Z","","","","","",""
"lunch bag","tKL15NiHJxahxFPojYEhGg4zjrFmb5ZA8Avyx12pump","","","","","","","","","","","","","","","","","","","","","","","","","","","","","","","","","","","","","","","","","","","","4.316e-7","","","","","","2026-07-21T03:22:10.146Z",""
"ppb","EAanKcBg6afPdPDNn1gFQ47DQ9MdTMA9Refv41Hapump","","","","","","","","","","","","","","","","","","","","","","","","","","","","","","","","","","","","","","","","","","","","2.476e-7","","","","","","2026-07-21T03:23:09.992Z",""
"chokes","E3CZq4Q5dDUcshLJxYsCszjSghAbsKRxctEaev4ppump","","","","","","","","","","","","","","","","","","","","","","","","","","","","","","","","","","","","","","","","","","","","8.884e-7","","","","","","2026-07-21T03:23:10.023Z",""
"mayhem ","AFKV6VbGJqfZXVGMpZeZUNiHWxa4D5WcX8gbypRCpump","","","","","","","","","","","","","","","","","","","","","","","","","","","","","","","","","","","","","","","","","","","","5.818e-7","","","","","","2026-07-21T03:23:10.066Z",""
"sackwork","2BttAYUvZFL9bva1HUY4kcegLG8tXEucW8LTzbHSpump","","","","","","","","","","","","","","","","","","","","","","","","","","","","","","","","","","","","","","","","","","","","3.625e-7","","","","","","2026-07-21T03:24:10.050Z",""
"runner","G9iSAKZifb7QJdUp1b6ZcPoQpFVWY2jJcjjeW8xppump","","","","","","","","","","","","","","","","","","","","","","","","","","","","","","","","","","","","","","","","","","","","3.026e-7","","","","","","2026-07-21T03:24:10.080Z",""
"MoneyBag","6AUwtJtwDfbdhQR5vJAmGQVJuxNfYWXKBs7NMyxtpump","","","","","","","","","","","","","","","","","","","","","","","","","","","","","","","","","","","","","","","","","","","","1.52e-7","","","","","","2026-07-21T03:24:10.110Z",""
"MACAK","5LvYTEGCQPU427uU8VWypeHA48QFEnuMVAQpnKDLpump","61","5","","","","","","","","","","","","","","","","","","","","","","","","","","","","","","","","","","","","0.000004301","","","","","","","2026-07-21T03:25:10.013Z","","","","","",""
"DRUNKCAT","7WqzRrHBbkpRzLRUF6FS6vEX2NwbeouypVhwqcZqpump","66","1.000000001","","","","","","","","","","","","","","","","","","","","","","","","","","","","","","","","","","","","0.00000333","","","","","","","2026-07-21T03:25:10.047Z","","","","","",""
"2tt","C5iYJgLA9vCAPXh5Ju7f5ZPQPtp56BWNpAxqJZJtpump","57","0.059259258","","","","","","","","","","","","","","","","","","","","","","","","","","","","","","","","","","","","0.00000283","","","","","","","2026-07-21T03:25:10.096Z","","","","","",""
"HELPLY","AiBDNLxQjxodatTiAwBGEuQZEGMMutTXy9t4q6Typump","63","2.962962961","","","","","","","","","","","","","","","","","","","","","","","","","","","","","","","","","","","","0.000006481","","","","","","","2026-07-21T03:26:10.066Z","","","","","",""
"KITLER","2A3zoVoVxhcZxseCrYyNYpXu61mERA86d4GxLVx8pump","59","4","","","","","","","","","","","","","","","","","","","","","","","","","","","","","","","","","","","","0.000002325","","","","","","","2026-07-21T03:26:10.103Z","","","","","",""
"WGEN","2imUvnQAspAxp724cULjbsbVrt5L59ZLkfELKQH7pump","","","","","","","","","","","","","","","","","","","","","","","","","","","","","","","","","","","","","","","","","","","","3.575e-7","","","","","","2026-07-21T03:26:10.176Z",""
"MAKAC","GyD8w7T4ccjA2egHymzPnjnMtrnH28pFd8sUypxppump","99","3","","","","","","","","","","","","","","","","","","","","","","","","","","","","","","","","","","","","0.000002184","","","","","","","2026-07-21T03:26:10.196Z","","","","","",""
"WGEN","3pGPJJM2Dbf7FLkVCtnB1XcZsb46eLmxQvCdgBB4pump","","","","","","","","","","","","","","","","","","","","","","","","","","","","","","","","","","","","","","","","","","","","3.042e-7","","","","","","2026-07-21T03:27:09.989Z",""
"KITLER","Qj6quGe79Z8AhzRiGsTn3kDK6GJ9QnwinhUE9tmpump","58","2.962962961","","","","","","","","","","","","","","","","","","","","","","","","","","","","","","","","","","","","0.000004188","","","","","","","2026-07-21T03:27:10.019Z","","","","","",""
"ppb","CbavHhpshZYw3EteKzfJLaeP29DWk4GvSb3htqQ1pump","78","0.060000001","","","","","","","","","","","","","","","","","","","","","","","","","","","","","","","","","","","","0.0001503","","","","","","","2026-07-21T03:27:10.049Z","","","","","",""
"runner","Dp8coUTRHgAhiskHNhCwVBaLWh11KyksuWgzChiJpump","","","","","","","","","","","","","","","","","","","","","","","","","","","","","","","","","","","","","","","","","","","","4.306e-7","","","","","","2026-07-21T03:27:10.131Z",""
"Neegy","HUDadabS3PjDDFDdtcskxDhbnXVYWS4Wew98VVw1pump","","","","","","","","","","","","","","","","","","","","","","","","","","","","","","","","","","","","","","","","","","","","0.000001233","","","","","","2026-07-21T03:28:10.061Z",""
"runner","2KjacUfMqvdD9onJA4AZiwmEJVcpEzBxESZbm2UWpump","","","","","","","","","","","","","","","","","","","","","","","","","","","","","","","","","","","","","","","","","","","","2.493e-7","","","","","","2026-07-21T03:28:10.087Z",""
"SAYCATTT","FCwUaDZ5jn2iLcJxNtoLNicduuBUKa1K1qSXzPtqpump","60","0.500000001","","","","","","","","","","","","","","","","","","","","","","","","","","","","","","","","","","","","0.000001631","","","","","","","2026-07-21T03:28:10.133Z","","","","","",""
"cd","CD96649ZCWD7p9XdGjcm8AxdfecCj5d3TK38wJhypump","55","0.059259258","","","","","","","","","","","","","","","","","","","","","","","","","","","","","","","","","","","","0.000005172","","","","","","","2026-07-21T03:28:10.156Z","","","","","",""
"HOLD","G1Fe6Ub3Z4EfxJJCFjGqUSvoyVzUWQ2cR654WVk4pump","","","","","","","","","","","","","","","","","","","","","","","","","","","","","","","","","","","","","","","","","","","","3.166e-7","","","","","","2026-07-21T03:29:09.977Z",""
"runner","CrkNBxE7Lkm4NRiLZKQbJgeqzVYU3dFwdoHNTsZCpump","64","0.500000001","","","","","","","","","","","","","","","","","","","","","","","","","","","","","","","","","","","","0.000001414","","","","","","","2026-07-21T03:29:10.013Z","","","","","",""
"runner","ADRwUQ6Mu5Ry2iDzfJkp9YJSKN3azyKWCV2YwwTkpump","","","","","","","","","","","","","","","","","","","","","","","","","","","","","","","","","","","","","","","","","","","","6.304e-7","","","","","","2026-07-21T03:29:10.045Z",""
"Mr. Makac","AzD83uxNVzpybtWXNb51RrUwM6bKmUAK9GKVdyTspump","63","2.962962961","","","","","","","","","","","","","","","","","","","","","","","","","","","","","","","","","","","","0.000002294","","","","","","","2026-07-21T03:29:10.076Z","","","","","",""
"ARNIE","7iQACMnBy4kUgTkqQZfzfBaxFw8kCzCDxqMPoRb7pump","57","2","","","","","","","","","","","","","","","","","","","","","","","","","","","","","","","","","","","","0.000002186","","","","","","","2026-07-21T03:30:10.095Z","","","","","",""
"ppb","D1su2ZGPK8y6WCQyHKXYzBdDFQo2fEU1hughQJ6vpump","76","0.060000001","","","","","","","","","","","","","","","","","","","","","","","","","","","","","","","","","","","","0.000003241","","","","","","","2026-07-21T03:30:10.127Z","","","","","",""
"PUMP","Hf5dwwnYNvKcHrGCHPPfeFDWEx97oJ4jmxR4EWBHpump","82","0.395061727","","","","","","","","","","","","","","","","","","","","","","","","","","","","","","","","","","","","0.000001661","","","","","","","2026-07-21T03:30:10.173Z","","","","","",""
"WGEN","BD48qzWPd8TutEPkUb9ykqwa8aMk97Ftm4GFDwj5pump","97","0.600000001","","","","","","","","","","","","","","","","","","","","","","","","","","","","","","","","","","","","0.000003784","","","","","","","2026-07-21T03:30:10.207Z","","","","","",""
"WGEN","GGZmS6bB71hxEH3vEAuHt7nf7XU76wBDt2GkteqEpump","","","","","","","","","","","","","","","","","","","","","","","","","","","","","","","","","","","","","","","","","","","","4.394e-7","","","","","","2026-07-21T03:31:10.035Z",""
"runner","7bmkuKbDGVgQXxUuvGubDZEDNR5QE5ujgLkyztuzpump","","","","","","","","","","","","","","","","","","","","","","","","","","","","","","","","","","","","","","","","","","","","4.957e-7","","","","","","2026-07-21T03:31:10.064Z",""
"Girlies","2BbwAfQq87dSGrvgek8g4zmyndA1spkgKLdhEKeDpump","59","2.271604937","","","","","","","","","","","","","","","","","","","","","","","","","","","","","","","","","","","","0.000002317","","","","","","","2026-07-21T03:31:10.094Z","","","","","",""
"age","EZUdtGrp3PdRbDmWeQCffZfbCcr1WLaRJ9iq6vjLpump","","","","","","","","","","","","","","","","","","","","","","","","","","","","","","","","","","","","","","","","","","","","2.616e-7","","","","","","2026-07-21T03:31:10.124Z",""
"runner","Dv1d5Wi2Cy9G11psDVmhckdVfnp4HysASArhq4ZSpump","","","","","","","","","","","","","","","","","","","","","","","","","","","","","","","","","","","","","","","","","","","","3.145e-7","","","","","","2026-07-21T03:32:10.058Z",""
"WGEN","BVrXDdADd3LLpC4CuSPGphZPS5K9UEhgms2ejZMspump","90","0.550000001","","","","","","","","","","","","","","","","","","","","","","","","","","","","","","","","","","","","0.00000788","","","","","","","2026-07-21T03:32:10.081Z","","","","","",""
"$PLOOF","4Jr1dePcamiAGQzzJcc8fXbCATEUCH8hBkaoLdoKpump","","","","","","","","","","","","","","","","","","","","","","","","","","","","","","","","","","","","","","","","","","","","7.179e-7","","","","","","2026-07-21T03:32:10.110Z",""
"WGEN","9MXrP21q2B3oQ9byGYxH5ckateUXXnCwawRBUNBSpump","87","0.700000001","","","","","","","","","","","","","","","","","","","","","","","","","","","","","","","","","","","","0.000004497","","","","","","","2026-07-21T03:32:10.183Z","","","","","",""
"runner","BY2YRNpWAjx9r77FY9tyshwRJx5qN741gPALJCCxpump","","","","","","","","","","","","","","","","","","","","","","","","","","","","","","","","","","","","","","","","","","","","3.115e-7","","","","","","2026-07-21T03:33:09.976Z",""
"WGEN","85BjpvzZTpf3MfrTiY63HbXWNw1X7K1pDes1Y2pfpump","","","","","","","","","","","","","","","","","","","","","","","","","","","","","","","","","","","","","","","","","","","","0.000001313","","","","","","2026-07-21T03:33:10.006Z",""
"GUMBALL","9afTDwFAD1mL8fmu7kwcTyF26XTRKT8RGvo7iHTpump","","","","","","","","","","","","","","","","","","","","","","","","","","","","","","","","","","","","","","","","","","","","9.56e-8","","","","","","2026-07-21T03:33:10.089Z",""
"cebuplay ","8UBJrESPpS17RyWukA1M473hLJMhrzLMSMXtpmAVpump","","","","","","","","","","","","","","","","","","","","","","","","","","","","","","","","","","","","","","","","","","","","9.184e-7","","","","","","2026-07-21T03:33:10.158Z",""
"Piscina","7qumMmNX92NvuvmS8ynv5b5rvFNP6qc4KdHQjQZCpump","60","5","","","","","","","","","","","","","","","","","","","","","","","","","","","","","","","","","","","","0.000002254","","","","","","","2026-07-21T03:34:10.045Z","","","","","",""
"SUMMER","FP4YQyVP3jFRMrpfUmUxuQKUzcF4C7YVZFgFYsp8pump","56","2.962962961","","","","","","","","","","","","","","","","","","","","","","","","","","","","","","","","","","","","0.000003763","","","","","","","2026-07-21T03:34:10.071Z","","","","","",""
"toly","GGfs4Dmh3JvAowoC7e6mTMKZPhRCaTVfEFfTkXAkpump","63","3","","","","","","","","","","","","","","","","","","","","","","","","","","","","","","","","","","","","0.000009461","","","","","","","2026-07-21T03:34:10.097Z","","","","","",""
"WGEN","F7xAErZHLUzUZD9xecohgasmeEFxK41pjZgKKWpdpump","","","","","","","","","","","","","","","","","","","","","","","","","","","","","","","","","","","","","","","","","","","","1.754e-7","","","","","","2026-07-21T03:34:10.119Z",""
"pepsa ","EXzF31HEVAWW2ariabfEWErGheBorJ8Gexr1JQXPpump","","","","","","","","","","","","","","","","","","","","","","","","","","","","","","","","","","","","","","","","","","","","8.929e-8","","","","","","2026-07-21T03:35:09.981Z",""
"ppb","4WE8LRUnWZ5RPAauQNkr31bKFxxdjT5Vpr8dAgeMpump","82","0.060000001","","","","","","","","","","","","","","","","","","","","","","","","","","","","","","","","","","","","0.000001925","","","","","","","2026-07-21T03:35:10.020Z","","","","","",""
"runner","H9DGuRV8PaoRvKiFwrdCJKVRyHVVcxvpybeqWaeXpump","","","","","","","","","","","","","","","","","","","","","","","","","","","","","","","","","","","","","","","","","","","","4.097e-8","","","","","","2026-07-21T03:35:10.042Z",""
"WGEN","HqsTNYWvaCGuHwt8EAfRNUgFCCcj5qq1SCeNTPdWpump","","","","","","","","","","","","","","","","","","","","","","","","","","","","","","","","","","","","","","","","","","","","8.89e-9","","","","","","2026-07-21T03:35:10.072Z",""
"ppb","mRCEC712SZn8CwmkU6yXB1kXUvm67uoVXVCuxNSpump","81","0.060000001","","","","","","","","","","","","","","","","","","","","","","","","","","","","","","","","","","","","0.000001483","","","","","","","2026-07-21T03:36:10.023Z","","","","","",""
"Ecstasy","APBgqvvn7KBGdgXZEVKUbBsEjGisL4GE8N67egMkpump","73","5.925925924","","","","","","","","","","","","","","","","","","","","","","","","","","","","","","","","","","","","0.000005209","","","","","","","2026-07-21T03:36:10.058Z","","","","","",""
"WGEN","5DhPD5bM2bRCNbWLFQ5iqtnEHn48PakvVfJTfKz5pump","","","","","","","","","","","","","","","","","","","","","","","","","","","","","","","","","","","","","","","","","","","","4.824e-7","","","","","","2026-07-21T03:36:10.090Z",""
"SUMMER","3bRzjL4PqbPyzACfcJnVDjB8d88MbAoRiZ96jnDapump","72","7.901234566","","","","","","","","","","","","","","","","","","","","","","","","","","","","","","","","","","","","0.000002561","","","","","","","2026-07-21T03:36:10.125Z","","","","","",""
"age","J8HMjz1p85zG6ghrAwCFv2eehunViKspKNn54SNspump","61","0.060000001","","","","","","","","","","","","","","","","","","","","","","","","","","","","","","","","","","","","0.000002785","","","","","","","2026-07-21T03:37:10.115Z","","","","","",""
"BMB","ccZGGPPisceCoJigenR5UBUWjxnYAigRYoDvMK8pump","61","5.925925924","","","","","","","","","","","","","","","","","","","","","","","","","","","","","","","","","","","","0.000008833","","","","","","","2026-07-21T03:37:10.142Z","","","","","",""
"Jeff","HGgvJWMngVqmvfuTSyJhJxM2ELRxo1rrMNRq3d4Ppump","","","","","","","","","","","","","","","","","","","","","","","","","","","","","","","","","","","","","","","","","","","","1.726e-7","","","","","","2026-07-21T03:37:10.168Z",""
"VIBES","Ez9uCV65EpppascKLUYRLczC3UXpexF3KCz9zRBypump","70","7.901234566","","","","","","","","","","","","","","","","","","","","","","","","","","","","","","","","","","","","0.000002294","","","","","","","2026-07-21T03:37:10.207Z","","","","","",""
"PEPE","3anVCHVWJPWkgpySF4XQHfKF1akET2TQGirg4kZKpump","62","0.592592591","","","","","","","","","","","","","","","","","","","","","","","","","","","","","","","","","","","","0.000003942","","","","","","","2026-07-21T03:38:09.966Z","","","","","",""
"Candy","pkawoKAz6A3RDBHavngkazUAYcLzTazpHmoADnapump","63","3","","","","","","","","","","","","","","","","","","","","","","","","","","","","","","","","","","","","0.000002294","","","","","","","2026-07-21T03:38:10.006Z","","","","","",""
"ILYPUTER","7hx5ujcVYUiH8omcgxzppNCKnLf37fPSeHgtxQd8pump","93","9.876543208","","","","","","","","","","","","","","","","","","","","","","","","","","","","","","","","","","","","0.000002636","","","","","","","2026-07-21T03:38:10.038Z","","","","","",""
"WGEN","CfgHjCgPJuV3p9bLiWPdx1pFAqJTJ6H4Vytc1EYRpump","","","","","","","","","","","","","","","","","","","","","","","","","","","","","","","","","","","","","","","","","","","","1.672e-7","","","","","","2026-07-21T03:38:10.070Z",""
"WGEN","7zD2JcaVXHtpSQPqfDgrWYFvrHuEpCCXjUd3uYyZpump","71","0.500000001","","","","","","","","","","","","","","","","","","","","","","","","","","","","","","","","","","","","0.000002696","","","","","","","2026-07-21T03:39:10.013Z","","","","","",""
"kris","Dy2xSFZNtEtNYnY1DvEAuomR5VtAKgLeBxnAjmXqpump","65","0.059259258","","","","","","","","","","","","","","","","","","","","","","","","","","","","","","","","","","","","0.000004112","","","","","","","2026-07-21T03:39:10.044Z","","","","","",""
"ORANGIE","F9gCdFV8UhrLvjdn4opuNUPG9broQZra7NwnG7PFpump","63","3","","","","","","","","","","","","","","","","","","","","","","","","","","","","","","","","","","","","0.000006222","","","","","","","2026-07-21T03:39:10.077Z","","","","","",""
"MLG","7vpEMBLLaLQ3nM78f8M9sGeGEkxsW5KMcqycbkEWpump","","","","","","","","","","","","","","","","","","","","","","","","","","","","","","","","","","","","","","","","","","","","0.000002187","","","","","","2026-07-21T03:39:10.193Z",""
"WGEN","8drEKUxux9WGeu84aPLzvaS54sqtBrCx22Fs8P6Ypump","71","0.600000001","","","","","","","","","","","","","","","","","","","","","","","","","","","","","","","","","","","","0.000004652","","","","","","","2026-07-21T03:40:09.963Z","","","","","",""
"dogturd","WNA6tohsyaKEFTEhmnHyptoJgx6VKAa4e49VmxNpump","","","","","","","","","","","","","","","","","","","","","","","","","","","","","","","","","","","","","","","","","","","","2.269e-7","","","","","","2026-07-21T03:40:10.003Z",""
"Solana","B59PtwWohx29MS1341pg3vfXSBDVy9ddoEFFuzs1pump","","","","","","","","","","","","","","","","","","","","","","","","","","","","","","","","","","","","","","","","","","","","9.067e-7","","","","","","2026-07-21T03:40:10.075Z",""
"ppb","J1ctxgumc8eQ5yJ75NAQ8SQRkWjcCFJ1UateGbjCpump","","","","","","","","","","","","","","","","","","","","","","","","","","","","","","","","","","","","","","","","","","","","0.00000127","","","","","","2026-07-21T03:40:10.101Z",""
"UNSTABLE","6Zq1xu1SkVKt5sJpoo6A39ZAn4cihYKUNMd8YnWWpump","","","","","","","","","","","","","","","","","","","","","","","","","","","","","","","","","","","","","","","","","","","","4.845e-7","","","","","","2026-07-21T03:41:10.043Z",""
"cool","5bniF76mHZgTMgxkNBy9TjvPo52pMjrRtsohRTrBpump","","","","","","","","","","","","","","","","","","","","","","","","","","","","","","","","","","","","","","","","","","","","8.609e-7","","","","","","2026-07-21T03:41:10.072Z",""
"XRP","A4NKvnKCNkkqAk5SnQTNsiXhAy1TTuyKfh39hkxDpump","","","","","","","","","","","","","","","","","","","","","","","","","","","","","","","","","","","","","","","","","","","","2.227e-7","","","","","","2026-07-21T03:41:10.117Z",""
"WGEN","9vBvuaWpWM5H9yxFaihMj2hp9M7nd7dZsY3Y9jWZpump","73","1.000000001","","","","","","","","","","","","","","","","","","","","","","","","","","","","","","","","","","","","0.000007888","","","","","","","2026-07-21T03:41:10.142Z","","","","","",""
"UPP","6BMHoA5sphXf3X2xYsCX1LhAYqdQnzqsJT62mgHmpump","","","","","","","","","","","","","","","","","","","","","","","","","","","","","","","","","","","","","","","","","","","","2.047e-7","","","","","","2026-07-21T03:42:10.039Z",""
"BSC","DpzMoKL31KEcM3WHWAvZ88qUaSH5A5Xv5ckppCNppump","57","2.000000001","","","","","","","","","","","","","","","","","","","","","","","","","","","","","","","","","","","","0.000002187","","","","","","","2026-07-21T03:42:10.061Z","","","","","",""
"WGEN","8K3x11KWU3HhgmL7rgX8v3qk28jMaPzbp5EHrsxppump","","","","","","","","","","","","","","","","","","","","","","","","","","","","","","","","","","","","","","","","","","","","6.93e-7","","","","","","2026-07-21T03:42:10.108Z",""
"ppb","EUZiV63zwv8jyeShHUWVZDGdoVyMVKhaDo6tv8Bupump","","","","","","","","","","","","","","","","","","","","","","","","","","","","","","","","","","","","","","","","","","","","3.351e-8","","","","","","2026-07-21T03:43:10.089Z",""
"oil","DHjDiM3dXrAR9YFaCZnQSMkkQ2Jhxysh7ZhFEGBTpump","","","","","","","","","","","","","","","","","","","","","","","","","","","","","","","","","","","","","","","","","","","","3.847e-7","","","","","","2026-07-21T03:43:10.112Z",""
"CATDON","6Vy3JMckDgmstPGnvwBxaBkAhpSEukcdwjCJbCodpump","","","","","","","","","","","","","","","","","","","","","","","","","","","","","","","","","","","","","","","","","","","","4.054e-8","","","","","","2026-07-21T03:43:10.136Z",""
"WGEN","m77SjZ8QuGwwucD4NVNWgF6JPxAfQkoneGYc2jhpump","","","","","","","","","","","","","","","","","","","","","","","","","","","","","","","","","","","","","","","","","","","","3.104e-7","","","","","","2026-07-21T03:43:10.208Z",""
"Stairsem","2YukXzNTQ8eJYhwWkC6qNHmSoBBA1RBJ47dojWsvpump","56","3","","","","","","","","","","","","","","","","","","","","","","","","","","","","","","","","","","","","0.000003009","","","","","","","2026-07-21T03:44:10.067Z","","","","","",""
"HOLD","7LstjY7w1iGWpgEak7Rjk2QtKFAdCAq13BHfhd8Apump","","","","","","","","","","","","","","","","","","","","","","","","","","","","","","","","","","","","","","","","","","","","3.421e-7","","","","","","2026-07-21T03:44:10.092Z",""
"UPP","BA2snHC7egwAYn3zqz7W4iQWyNgs5Xi5fNvHyrNPpump","68","0.395061727","","","","","","","","","","","","","","","","","","","","","","","","","","","","","","","","","","","","0.000002074","","","","","","","2026-07-21T03:44:10.122Z","","","","","",""
"STAIRSEM","3Jhx3rPm6gjVAez7HERTAsJudsCqZynfS1Jp9wUWpump","55","5","","","","","","","","","","","","","","","","","","","","","","","","","","","","","","","","","","","","0.000002362","","","","","","","2026-07-21T03:44:10.182Z","","","","","",""
"runner","89tNCs37VzGA7UFuKix4f6zC8sKQeNJbwaqWGCaEpump","57","0.500000001","","","","","","","","","","","","","","","","","","","","","","","","","","","","","","","","","","","","0.000001586","","","","","","","2026-07-21T03:45:10.028Z","","","","","",""
"Stairway","Bh2ozVfK5XEVb84xYBFhz1Df7URDS3CTdnZYBpWgpump","58","5","","","","","","","","","","","","","","","","","","","","","","","","","","","","","","","","","","","","0.000002289","","","","","","","2026-07-21T03:45:10.057Z","","","","","",""
"PEPE","DU2K2yNj8U3tprbEP8EXQWoNWpXpjTSzKJy6ZEn3pump","","","","","","","","","","","","","","","","","","","","","","","","","","","","","","","","","","","","","","","","","","","","1.947e-7","","","","","","2026-07-21T03:45:10.085Z",""
"CHOCI","A5DnEkTeWqNBnKGR3axtpssZpRy1Pd6TZb3E6tmopump","77","10.754457282","","","","","","","","","","","","","","","","","","","","","","","","","","","","","","","","","","","","0.000008741","","","","","","","2026-07-21T03:45:10.137Z","","","","","",""
"summer","CgGCZ6cYjVYmTMGbwumEAmQbCfxibcsRqR74BCwBpump","55","3.190123455","","","","","","","","","","","","","","","","","","","","","","","","","","","","","","","","","","","","0.000002297","","","","","","","2026-07-21T03:46:10.005Z","","","","","",""
"Robinhood","8QhGS6TJqHgnVYSKi8BFwbx8JjH2dxTHCn5AdjqFpump","93","45.000000001","","","","","","","","","","","","","","","","","","","","","","","","","","","","","","","","","","","","0.00001373","","","","","","","2026-07-21T03:46:10.029Z","","","","","",""
"SUMMER","P2SRZVpCqWpTDtCzd4AyQ1qLkzXjvMjC8TBbFytpump","71","7","","","","","","","","","","","","","","","","","","","","","","","","","","","","","","","","","","","","0.000002381","","","","","","","2026-07-21T03:46:10.076Z","","","","","",""
"WGEN","4fgfFSy9aq3s7sD5tumQ2uTs2nhvnAZZSKHUUc3Hpump","70","1.000000001","","","","","","","","","","","","","","","","","","","","","","","","","","","","","","","","","","","","0.000004087","","","","","","","2026-07-21T03:46:10.104Z","","","","","",""
"SUMMER","9ch19PUKoDJkkkPWUotLwiaDT5aYsdPGUkndbKMopump","62","5","","","","","","","","","","","","","","","","","","","","","","","","","","","","","","","","","","","","0.000002786","","","","","","","2026-07-21T03:47:10.003Z","","","","","",""
"PUMP","Bx4ZeHzhy58H75b7V9RS9kWiMY9e9VZYCvmXgzi2pump","76","0.197530863","","","","","","","","","","","","","","","","","","","","","","","","","","","","","","","","","","","","0.000007067","","","","","","","2026-07-21T03:47:10.034Z","","","","","",""
"Toly","CwYiMRDpVnPd8JcwXX6yGDMHyz7cvrJ4onpW8ZKTpump","55","3.5","","","","","","","","","","","","","","","","","","","","","","","","","","","","","","","","","","","","0.000002191","","","","","","","2026-07-21T03:47:10.083Z","","","","","",""
"WGEN","7nvbFWD8CcmuYaQKhtjjttMe1HrB6B3bs1e5StGrpump","","","","","","","","","","","","","","","","","","","","","","","","","","","","","","","","","","","","","","","","","","","","1.527e-7","","","","","","2026-07-21T03:47:10.107Z",""
"DUCKZZY","8YyJ8og4UKkezYs3tJGhBpYNsWWw5MuzUC96Uwj6pump","70","7","","","","","","","","","","","","","","","","","","","","","","","","","","","","","","","","","","","","0.000002189","","","","","","","2026-07-21T03:48:10.097Z","","","","","",""
"ZORROGIRL","FcMbsG3DaBpmLkueMY84vH9LbqbMWDzYQSU2F15Upump","","","","","","","","","","","","","","","","","","","","","","","","","","","","","","","","","","","","","","","","","","","","4.403e-8","","","","","","2026-07-21T03:48:10.129Z",""
"SUMMER","53P7HEydX7Mc15RW4Yw5sVP2ummFYnXAJUJUbzDVpump","67","5","","","","","","","","","","","","","","","","","","","","","","","","","","","","","","","","","","","","0.000002256","","","","","","","2026-07-21T03:48:10.180Z","","","","","",""
"WGEN","35Zewu5DWwGDKgtFAdKj6Ns1Z27tdMX1c337ib2Rpump","","","","","","","","","","","","","","","","","","","","","","","","","","","","","","","","","","","","","","","","","","","","2.019e-7","","","","","","2026-07-21T03:48:10.229Z",""
"CATPUMP","DqrLaTGscApGxcPTcm6w5XfWfYRbijYCkw8ASF6rpump","","","","","","","","","","","","","","","","","","","","","","","","","","","","","","","","","","","","","","","","","","","","2.918e-7","","","","","","2026-07-21T03:49:09.966Z",""
"UPP","J8HYaRqd2dFfZxvfdLv4nvhBYBEHAAg6tfJrDE74pump","73","0.098765431","","","","","","","","","","","","","","","","","","","","","","","","","","","","","","","","","","","","0.000003492","","","","","","","2026-07-21T03:49:09.993Z","","","","","",""
"fishman","2o2a9buxZSFTWcSwAejVKWq4uJv8f8ZvNnqKhVsqpump","71","5","","","","","","","","","","","","","","","","","","","","","","","","","","","","","","","","","","","","0.000002672","","","","","","","2026-07-21T03:49:10.020Z","","","","","",""
"DUCKZZY","4cr3qH8fyWiJdoWCyCoNtwpMTENNrKEZBZ6v4XWbpump","57","5","","","","","","","","","","","","","","","","","","","","","","","","","","","","","","","","","","","","0.000002186","","","","","","","2026-07-21T03:49:10.090Z","","","","","",""
"BunnBros","GsqESZyw6bakEKvCN4zDkwKj3k5rSb2asnzdQkQLpump","63","2.962962961","","","","","","","","","","","","","","","","","","","","","","","","","","","","","","","","","","","","0.000002283","","","","","","","2026-07-21T03:50:10.045Z","","","","","",""
"ROI","EyL3u9cbTrP9ghmbqE4p8cbbxfrtbm5zXj1Pniz3pump","","","","","","","","","","","","","","","","","","","","","","","","","","","","","","","","","","","","","","","","","","","","3.293e-7","","","","","","2026-07-21T03:50:10.075Z",""
"KNOB","XCa55mBCPoiSHKtt1KjzNZaj1kcSQRc2S7Po7ippump","57","2","","","","","","","","","","","","","","","","","","","","","","","","","","","","","","","","","","","","0.000002295","","","","","","","2026-07-21T03:50:10.107Z","","","","","",""
"WGEN","ApkwPYAfiJDmt8PtirfajV3CQiYnQAJS4AAooMXQpump","68","1.000000001","","","","","","","","","","","","","","","","","","","","","","","","","","","","","","","","","","","","0.000003839","","","","","","","2026-07-21T03:50:10.136Z","","","","","",""
"WGEN","41njYhaQgbVGhCJNQvx9MFdS47kyZS73iSkeLBJXpump","63","0.670000001","","","","","","","","","","","","","","","","","","","","","","","","","","","","","","","","","","","","0.000005384","","","","","","","2026-07-21T03:51:10.032Z","","","","","",""
"flucker","54Jquwb8YxaEyMX3KarGXhXjnjJzixEJ7DwTd6bPpump","","","","","","","","","","","","","","","","","","","","","","","","","","","","","","","","","","","","","","","","","","","","3.697e-7","","","","","","2026-07-21T03:51:10.061Z",""
"SHITCOIN","8T1BoLya1i4minwSYfNgiZmbRVMS493L1J5dntVwpump","63","3.101234566","","","","","","","","","","","","","","","","","","","","","","","","","","","","","","","","","","","","0.00000412","","","","","","","2026-07-21T03:51:10.108Z","","","","","",""
"ppb","5Fo5Stdok9LWWRJLk78yqmzuSn21jx8iBrXa1EUppump","","","","","","","","","","","","","","","","","","","","","","","","","","","","","","","","","","","","","","","","","","","","1.399e-7","","","","","","2026-07-21T03:51:10.134Z",""
"WGEN","JBQ2oLRZ45QrnJJkriGhXTZSu2WGQsHTd1SscsWJpump","68","1.300000001","","","","","","","","","","","","","","","","","","","","","","","","","","","","","","","","","","","","0.000001825","","","","","","","2026-07-21T03:52:09.968Z","","","","","",""
"DATA","8pBVrywpmQCj68JcC6FRbpAr9fiEagcgT6K6q2HFpump","65","0.059259258","","","","","","","","","","","","","","","","","","","","","","","","","","","","","","","","","","","","0.000003315","","","","","","","2026-07-21T03:52:09.990Z","","","","","",""
"GIRL ","2JRB6QdoUBtgbGBAX1z19Z2rR61MhXFU5T9pZMewpump","59","0.100000001","","","","","","","","","","","","","","","","","","","","","","","","","","","","","","","","","","","","0.00002446","","","","","","","2026-07-21T03:52:10.040Z","","","","","",""
"WGEN","2e3gxD6i7frVQYSEjQXiczMDwWhK7pp3sdwryfaMpump","66","1.000000001","","","","","","","","","","","","","","","","","","","","","","","","","","","","","","","","","","","","0.000004836","","","","","","","2026-07-21T03:52:10.077Z","","","","","",""
"FOLLOWERS","XwraU9M5ML4bekFkCkcaNktkAB7jjJpXEphhPVxpump","58","2.962962961","","","","","","","","","","","","","","","","","","","","","","","","","","","","","","","","","","","","0.000002187","","","","","","","2026-07-21T03:53:09.989Z","","","","","",""
"LISA","7nWxVRMS7cfxT5KhTpyxL8GkaFCJ197bfU5MQVstpump","64","5","","","","","","","","","","","","","","","","","","","","","","","","","","","","","","","","","","","","0.000002197","","","","","","","2026-07-21T03:53:10.020Z","","","","","",""
"WGEN","3B8FHdBMnWeirANhWviHZqN9Zh9isrE6LUhwGtwJpump","72","2.000000001","","","","","","","","","","","","","","","","","","","","","","","","","","","","","","","","","","","","0.000004345","","","","","","","2026-07-21T03:53:10.060Z","","","","","",""
"WGEN","CY4uzGXDQ6gkANivNBHUTnoeYtnZmZ6qAegHPZDEpump","67","1.300000001","","","","","","","","","","","","","","","","","","","","","","","","","","","","","","","","","","","","0.000002731","","","","","","","2026-07-21T03:53:10.084Z","","","","","",""
"WGEN","4EaDg6P9eGMjm8djPyBCcZoxb4iFxXjdwceTaeKwpump","76","2.900000001","","","","","","","","","","","","","","","","","","","","","","","","","","","","","","","","","","","","0.000002841","","","","","","","2026-07-21T03:54:10.272Z","","","","","",""
"WGEN","DMLQFQyzQk5w4xhRfTBzqTmfG5qtcY4vtJ89qmM1pump","71","2.100000001","","","","","","","","","","","","","","","","","","","","","","","","","","","","","","","","","","","","0.000001565","","","","","","","2026-07-21T03:54:10.299Z","","","","","",""
"KNOB","6uWVaHWBNETk9iLg8kC5MGkdyrUYJx8ZzTd36ufXpump","57","2","","","","","","","","","","","","","","","","","","","","","","","","","","","","","","","","","","","","0.000002186","","","","","","","2026-07-21T03:54:10.349Z","","","","","",""
"WGEN","HvoWyF9KtjrZAAogAhut5X8AcV3o3txAcJNA654xpump","69","1.587000001","","","","","","","","","","","","","","","","","","","","","","","","","","","","","","","","","","","","0.000005525","","","","","","","2026-07-21T03:54:10.379Z","","","","","",""
"UPP","BfsRyr1vEhuZEp5CCQsvAUaeQ1W2fTdJLUjkPY6tpump","","","","","","","","","","","","","","","","","","","","","","","","","","","","","","","","","","","","","","","","","","","","0.000001523","","","","","","2026-07-21T03:55:09.984Z",""
"UPP","4UUYqUSZWWqndBp1KMtPM7cFSJKhrcSA8qgGFukopump","","","","","","","","","","","","","","","","","","","","","","","","","","","","","","","","","","","","","","","","","","","","0.000001935","","","","","","2026-07-21T03:55:10.015Z",""
"UPP","AVQ9zMpTxRxa1FBu3hKMJUYGwPrNRaMFhUPFU5p9pump","","","","","","","","","","","","","","","","","","","","","","","","","","","","","","","","","","","","","","","","","","","","4.514e-7","","","","","","2026-07-21T03:55:10.046Z",""
"WGEN","9o6PvP9tTAGVdRXHHaRGPgegD2sCbbv8D7AeZkbxpump","","","","","","","","","","","","","","","","","","","","","","","","","","","","","","","","","","","","","","","","","","","","5.569e-8","","","","","","2026-07-21T03:55:10.077Z",""
"GIRL ","AXme9BXhUdZtoYuMbHaJbnmNmQ5EVzd62MU5F3M4pump","","","","","","","","","","","","","","","","","","","","","","","","","","","","","","","","","","","","","","","","","","","","7.336e-7","","","","","","2026-07-21T03:56:10.020Z",""
"ppb","Hp3DaKFaEPEQ4MR8vWQCq1NuZeFkHTDVjy4KyRxipump","80","0.100000001","","","","","","","","","","","","","","","","","","","","","","","","","","","","","","","","","","","","0.000009809","","","","","","","2026-07-21T03:56:10.049Z","","","","","",""
"TASKMARKET","877mcpVzDyiQTKab4QzrXPNPrqQ69X1eUx7BQYPxpump","55","1.72148148","","","","","","","","","","","","","","","","","","","","","","","","","","","","","","","","","","","","0.000002207","","","","","","","2026-07-21T03:56:10.079Z","","","","","",""
"WGEN","7mXVFM2CcsAEHDrGnkNnncAzLrcC4P4aaBeA3scxpump","","","","","","","","","","","","","","","","","","","","","","","","","","","","","","","","","","","","","","","","","","","","1.527e-7","","","","","","2026-07-21T03:56:10.110Z",""
"ppb","JAJdJJQduiDwHMpbCjZweiBxadHd54CtaCaHnhUnpump","79","0.100000001","","","","","","","","","","","","","","","","","","","","","","","","","","","","","","","","","","","","0.000001461","","","","","","","2026-07-21T03:57:10.021Z","","","","","",""
"UPP","3hajRAoL2kiU7sx5m7CDnyTSvJ1cbNinNb8JQMbnpump","","","","","","","","","","","","","","","","","","","","","","","","","","","","","","","","","","","","","","","","","","","","0.000001097","","","","","","2026-07-21T03:57:10.057Z",""
"MUFFIN","8eobXUZPQTtq5RWwd6b38szFqWaTLrTZvFzajCS1pump","61","5","","","","","","","","","","","","","","","","","","","","","","","","","","","","","","","","","","","","0.000002295","","","","","","","2026-07-21T03:57:10.088Z","","","","","",""
"PUMP","GWCGCd1RB6Fn7Rf6GhHg6DVzR5KMbmhbfC3Wgxxcpump","","","","","","","","","","","","","","","","","","","","","","","","","","","","","","","","","","","","","","","","","","","","5.574e-7","","","","","","2026-07-21T03:57:10.122Z",""
"UPP","8u9qCrzYVBVhZWKcqSdPovKYgLsho2qba1EF7oAspump","","","","","","","","","","","","","","","","","","","","","","","","","","","","","","","","","","","","","","","","","","","","9.408e-7","","","","","","2026-07-21T03:58:09.980Z",""
"Clouseau","9kCZKgz7Q7bHbhP7RJiVtxKdibxyBFEoiJ5xdH3Spump","88","20","","","","","","","","","","","","","","","","","","","","","","","","","","","","","","","","","","","","0.000009736","","","","","","","2026-07-21T03:58:10.008Z","","","","","",""
"UPP","FaTsJ379S1iEGBxiPHjgbVdnZx3X9AWn94aAiW47pump","","","","","","","","","","","","","","","","","","","","","","","","","","","","","","","","","","","","","","","","","","","","1.606e-7","","","","","","2026-07-21T03:58:10.037Z",""
"WGEN","8YXNNJmzLxrg5kCSrbUwoA61Go1CS2xWoDVRcDFGpump","","","","","","","","","","","","","","","","","","","","","","","","","","","","","","","","","","","","","","","","","","","","7.716e-8","","","","","","2026-07-21T03:58:10.099Z",""
"msm","ATFgK9qWyh8rgnYaGp6mBwLGc7ituYnVNDH3rqBJpump","","","","","","","","","","","","","","","","","","","","","","","","","","","","","","","","","","","","","","","","","","","","0.000001221","","","","","","2026-07-21T03:59:09.998Z",""
"UPP","CPTCBnRcF5S7WNP8kBAr8RSntnAB6jfZsng6yP9Apump","","","","","","","","","","","","","","","","","","","","","","","","","","","","","","","","","","","","","","","","","","","","0.000001002","","","","","","2026-07-21T03:59:10.045Z",""
"Muffin","92qc5iSWdkz39Tejv9QQ59DTUjjw5bQuh1dA7b1Ypump","56","5","","","","","","","","","","","","","","","","","","","","","","","","","","","","","","","","","","","","0.000002293","","","","","","","2026-07-21T03:59:10.100Z","","","","","",""
"NORIBULL","63awE9RxXv2iKy3WmFBXsBVBy2FnsvYGYCKTYTZupump","","","","","","","","","","","","","","","","","","","","","","","","","","","","","","","","","","","","","","","","","","","","6.739e-7","","","","","","2026-07-21T03:59:10.130Z",""
"UPP","8nBjSZGJnGKZw8Ydv5yU8Ph6tJAN1xex3xsEqhPfpump","","","","","","","","","","","","","","","","","","","","","","","","","","","","","","","","","","","","","","","","","","","","6.642e-7","","","","","","2026-07-21T04:00:10.083Z",""
"UPP","4JRpt2jPXareQZmRBtTkbirCSRMECadsJRQ4fQdWpump","","","","","","","","","","","","","","","","","","","","","","","","","","","","","","","","","","","","","","","","","","","","6.88e-7","","","","","","2026-07-21T04:00:10.108Z",""
"WGEN","E9L6ypvLgC1urvmArG3n4wbFaqPtvqb2VUJGQaVrpump","","","","","","","","","","","","","","","","","","","","","","","","","","","","","","","","","","","","","","","","","","","","8.314e-8","","","","","","2026-07-21T04:00:10.132Z",""
"LMYML","6APimDka84KX3FdXfhnQE2n3pbxTKFjiJtt8GoYEpump","","","","","","","","","","","","","","","","","","","","","","","","","","","","","","","","","","","","","","","","","","","","3.758e-7","","","","","","2026-07-21T04:00:10.158Z",""
"what?","DSG8RKHPXA2CGZmnkFjnQ3bgvNAEANB9gitgvY7opump","","","","","","","","","","","","","","","","","","","","","","","","","","","","","","","","","","","","","","","","","","","","2.7e-7","","","","","","2026-07-21T04:01:09.983Z",""
"CHOCI","B8xp2EyKpwpw12ZqVM2mfeiqTJyBuAFrbRcJQD51pump","76","10.754458073","","","","","","","","","","","","","","","","","","","","","","","","","","","","","","","","","","","","0.00000422","","","","","","","2026-07-21T04:01:10.009Z","","","","","",""
"what?","H9RvCXykVa4ASxVEAaJTxeGUgrRPELVAF4PiwUQmpump","65","0.060000001","","","","","","","","","","","","","","","","","","","","","","","","","","","","","","","","","","","","0.00001131","","","","","","","2026-07-21T04:01:10.054Z","","","","","",""
"UPP","2VH8DBFgtFp8JY6Zgn7Q6CucEhMWLM3GJTB5rkqMpump","","","","","","","","","","","","","","","","","","","","","","","","","","","","","","","","","","","","","","","","","","","","8.694e-7","","","","","","2026-07-21T04:01:10.084Z",""
"usps","7xYSvAhCnb2gWp4mLMSuZkvBePFW4ajohy9LGtZpump","61","0.500000001","","","","","","","","","","","","","","","","","","","","","","","","","","","","","","","","","","","","0.000004832","","","","","","","2026-07-21T04:02:09.959Z","","","","","",""
"UPP","5NkGhaHfD4df6MPe4tGrEV2xACEtL3kmuwFdaoLxpump","","","","","","","","","","","","","","","","","","","","","","","","","","","","","","","","","","","","","","","","","","","","0.0000013","","","","","","2026-07-21T04:02:09.983Z",""
"ppb","5MXAY3PzoFBdzJvMZc4YVBietB92LUkPMbE8QMoupump","88","1.000000001","","","","","","","","","","","","","","","","","","","","","","","","","","","","","","","","","","","","0.000001954","","","","","","","2026-07-21T04:02:10.007Z","","","","","",""
"EARLY","Hi3Rp4aoZXVUMumy1QSs6LNeVcThereiftHn8w7Ubonk","56","4.9375","","","","","","","","","","","","","","","","","","","","","","","","","","","","","","","","","","","","0.000003313","","","","","","","2026-07-21T04:02:10.042Z","","","","","",""
"DOGE","4PcUkMFUqpX9wKrpnVEAar6yXMgvEn7soKHAwqEMpump","","","","","","","","","","","","","","","","","","","","","","","","","","","","","","","","","","","","","","","","","","","","1.047e-7","","","","","","2026-07-21T04:03:10.061Z",""
"what?","BSow39QXfG97BiTN6Bh9YUHty8DdtGQPwjfHnYxupump","","","","","","","","","","","","","","","","","","","","","","","","","","","","","","","","","","","","","","","","","","","","2.063e-9","","","","","","2026-07-21T04:03:10.090Z",""
"msm","4VTxNbHuAmCDaxgHWEj8Q2HfYJPwZqcyQ9sKa9W5pump","","","","","","","","","","","","","","","","","","","","","","","","","","","","","","","","","","","","","","","","","","","","2.264e-7","","","","","","2026-07-21T04:03:10.122Z",""
"UPP","9ggwXY6FXPbTJ3KGiKb8eCqqFqxZJsY1QKmR6tLHpump","","","","","","","","","","","","","","","","","","","","","","","","","","","","","","","","","","","","","","","","","","","","0.000001442","","","","","","2026-07-21T04:03:10.179Z",""
"WGEN","5Ao8CMy1jSrbLvx9LXow1L6swKH9UeZNBn6aLL8spump","","","","","","","","","","","","","","","","","","","","","","","","","","","","","","","","","","","","","","","","","","","","3.841e-7","","","","","","2026-07-21T04:04:10.035Z",""
"UPP","ErWiX2jK7SvUa3oAooFbRVjSFh3VtbVneVcTgzKbpump","","","","","","","","","","","","","","","","","","","","","","","","","","","","","","","","","","","","","","","","","","","","0.000001425","","","","","","2026-07-21T04:04:10.066Z",""
"Gentlemen","GbqbXeVf6xMLvjLGfcrzvVEC5UNXqbaoN8A2Exqmpump","77","7.901234566","","","","","","","","","","","","","","","","","","","","","","","","","","","","","","","","","","","","0.000003192","","","","","","","2026-07-21T04:04:10.100Z","","","","","",""
"UPP","Gvx48vDXn8N44uM6aPLq9MJGVZDxkeqgoEjvoUJRpump","","","","","","","","","","","","","","","","","","","","","","","","","","","","","","","","","","","","","","","","","","","","6.958e-7","","","","","","2026-07-21T04:04:10.130Z",""
"UPP","3A6Y8ce5u8kVZu2D8jHRwkuMEQgMFtXfpw3oZvnbpump","","","","","","","","","","","","","","","","","","","","","","","","","","","","","","","","","","","","","","","","","","","","0.000001786","","","","","","2026-07-21T04:05:09.980Z",""
"ppb","9SFpfw14y6HcfXJddf67r6hmoUFbvYghMRhWRniXpump","","","","","","","","","","","","","","","","","","","","","","","","","","","","","","","","","","","","","","","","","","","","4.618e-7","","","","","","2026-07-21T04:05:10.008Z",""
"what?","55Ys6ZhZeBT2yKJiMLXnLWe2otTx2Y8D55X8tZ2Dpump","","","","","","","","","","","","","","","","","","","","","","","","","","","","","","","","","","","","","","","","","","","","8.858e-7","","","","","","2026-07-21T04:05:10.043Z",""
"LILFELLA","Azym2keVhsuocPWn8ZXdzR49zQwuJCJBGUw3Tg4wpump","","","","","","","","","","","","","","","","","","","","","","","","","","","","","","","","","","","","","","","","","","","","1.94e-8","","","","","","2026-07-21T04:05:10.074Z",""
"UPP","GHpRjGh5iyeKg8URa9wTgX4eSDUvf8viPYoKsPD4pump","","","","","","","","","","","","","","","","","","","","","","","","","","","","","","","","","","","","","","","","","","","","0.000001662","","","","","","2026-07-21T04:06:10.028Z",""
"Skin","25SsQhnCZry8eNQZjQ2tUBU9Y9PdZKVb9UXHi6Mepump","75","6.872852234","","","","","","","","","","","","","","","","","","","","","","","","","","","","","","","","","","","","0.000003783","","","","","","","2026-07-21T04:06:10.061Z","","","","","",""
"UPP","3hWTCxZsUK5vNeg2c1mgvTM24khXHqEyu15KoEQ6pump","","","","","","","","","","","","","","","","","","","","","","","","","","","","","","","","","","","","","","","","","","","","0.00000164","","","","","","2026-07-21T04:06:10.096Z",""
"Inu","F3KJeVdPuD26peFmBPkZ3nvCTado3914vfWnbE1Upump","71","0.100000001","","","","","","","","","","","","","","","","","","","","","","","","","","","","","","","","","","","","0.00001449","","","","","","","2026-07-21T04:06:10.130Z","","","","","",""
"BULLOGNI ","FoP3fHeeToXu19Jj1t2J54hKBfBDi3zx5UDJ79SGpump","66","0.100000001","","","","","","","","","","","","","","","","","","","","","","","","","","","","","","","","","","","","0.000008136","","","","","","","2026-07-21T04:07:09.969Z","","","","","",""
"PUFFIN","8mSmkHEvDLZj3A7gmrWJmFod86Q2FDkjMeEQ5nDcpump","72","1.97530864","","","","","","","","","","","","","","","","","","","","","","","","","","","","","","","","","","","","0.000002268","","","","","","","2026-07-21T04:07:10.007Z","","","","","",""
"UPP","4tDY9CTF8xp4mfyxY4ZR7p4TWcsQshQsxkCGyxzwpump","","","","","","","","","","","","","","","","","","","","","","","","","","","","","","","","","","","","","","","","","","","","0.000002204","","","","","","2026-07-21T04:07:10.058Z",""
"UPP","hehH1ofwjdtb1n5mpRKfpL24ix3BWQNMbhEJuh4pump","","","","","","","","","","","","","","","","","","","","","","","","","","","","","","","","","","","","","","","","","","","","5.018e-7","","","","","","2026-07-21T04:07:10.085Z",""
"BBGMAYHEM","GEWZTUCcLRWSFefNCQ7pDoLD1hMVTw22guB95Mk8pump","","","","","","","","","","","","","","","","","","","","","","","","","","","","","","","","","","","","","","","","","","","","0.000001318","","","","","","2026-07-21T04:08:10.038Z",""
"BBGMAYHEM","C6ZsjkqjBFM4epMFNVAmC8kXrq9XftbqdefSZZUBpump","66","2.962962961","","","","","","","","","","","","","","","","","","","","","","","","","","","","","","","","","","","","0.00003932","","","","","","","2026-07-21T04:08:10.070Z","","","","","",""
"MTP","J6VCaLCMFcmrLBkpNxH4QK4wyjDiGJZDMnpQ1iQkpump","55","5","","","","","","","","","","","","","","","","","","","","","","","","","","","","","","","","","","","","0.000006171","","","","","","","2026-07-21T04:08:10.101Z","","","","","",""
"FartButt","6q71AaqeVPegnrvjLFLev2mdzHXbxhuyLB3WRTnpump","","","","","","","","","","","","","","","","","","","","","","","","","","","","","","","","","","","","","","","","","","","","7.116e-8","","","","","","2026-07-21T04:08:10.140Z",""
"GAC","3Ngrb5NCFFrbobjX6fMWMuYXryeZje4eX4j97BkLpump","","","","","","","","","","","","","","","","","","","","","","","","","","","","","","","","","","","","","","","","","","","","7.087e-7","","","","","","2026-07-21T04:09:09.964Z",""
"$COMPUTE","3VZtuewFxcNFi4tK1hmyTa9dcbHp1Wt4hSyb7nnmpump","","","","","","","","","","","","","","","","","","","","","","","","","","","","","","","","","","","","","","","","","","","","3.606e-8","","","","","","2026-07-21T04:09:10.000Z",""
"BBGMAYHEM","M7aCAJH3HHM2dGbrPGTXHB3Kassrjk8seNorReLpump","66","2.962962961","","","","","","","","","","","","","","","","","","","","","","","","","","","","","","","","","","","","0.000001701","","","","","","","2026-07-21T04:09:10.037Z","","","","","",""
"BULLRUN","AFDTnCRBhcWwmE68agcNdJnD99ELXq3k8KAodUxcpump","77","7.88148148","","","","","","","","","","","","","","","","","","","","","","","","","","","","","","","","","","","","0.000008663","","","","","","","2026-07-21T04:09:10.069Z","","","","","",""
"BBGMAYHEM","4XMCzWjvDNhwCYHm7F8GXiC3asxjxQALQ2KvKmYVpump","","","","","","","","","","","","","","","","","","","","","","","","","","","","","","","","","","","","","","","","","","","","6.587e-7","","","","","","2026-07-21T04:10:10.046Z",""
"MYSTERY","BtKUGmceBQMub9CbvVvKAxiEL1d1kgYWBCJye6vKpump","","","","","","","","","","","","","","","","","","","","","","","","","","","","","","","","","","","","","","","","","","","","6.323e-7","","","","","","2026-07-21T04:10:10.072Z",""
"MYSTERY","CJ3bGi9uDP5rVv5C5qmpLdDavUTN9X5ZCXkMkMBdpump","","","","","","","","","","","","","","","","","","","","","","","","","","","","","","","","","","","","","","","","","","","","8.036e-7","","","","","","2026-07-21T04:10:10.094Z",""
"MUFFIN","G2y1AqdBuXDKLni77vsq9M9gukhrKUPTcyEd3A7Dpump","","","","","","","","","","","","","","","","","","","","","","","","","","","","","","","","","","","","","","","","","","","","4.5e-7","","","","","","2026-07-21T04:10:10.139Z",""
"Puterzook","5RrAE9bzzdXTwDgdbSDPUuCe6TXE2eDH4RBrd9izpump","","","","","","","","","","","","","","","","","","","","","","","","","","","","","","","","","","","","","","","","","","","","7.62e-7","","","","","","2026-07-21T04:11:09.989Z",""
"MUFFIN","CofMdUvRq6UeR3chdm7H5aqHu4Qiha23RVEvAYRKpump","85","14.814814814","","","","","","","","","","","","","","","","","","","","","","","","","","","","","","","","","","","","0.00001197","","","","","","","2026-07-21T04:11:10.015Z","","","","","",""
"WGEN","GKkTKW74SzygpeMWBCmpxdByTjbEMj6GzPMCjVZqpump","","","","","","","","","","","","","","","","","","","","","","","","","","","","","","","","","","","","","","","","","","","","6.618e-8","","","","","","2026-07-21T04:11:10.044Z",""
"ROARRR","7XHsjWS11HPoxTWk3AAwnwwNF6VdWuXCnt7FhkYqpump","","","","","","","","","","","","","","","","","","","","","","","","","","","","","","","","","","","","","","","","","","","","3.235e-7","","","","","","2026-07-21T04:12:10.050Z",""
"GAS","GnKbEuZi2vxcHyfq3AZqjYeTw3bjFVn1N8XdU7RWpump","","","","","","","","","","","","","","","","","","","","","","","","","","","","","","","","","","","","","","","","","","","","3.472e-7","","","","","","2026-07-21T04:12:10.074Z",""
"MYSTERY","12iBuMFMjw2rY3VLBo4d41EJ9i59hP4zBPTaDWmPpump","","","","","","","","","","","","","","","","","","","","","","","","","","","","","","","","","","","","","","","","","","","","3.669e-7","","","","","","2026-07-21T04:12:10.124Z",""
"WGEN","59KgS6MAg42goqGG7dZVUcLufY8xLNU4cysgHe9ypump","","","","","","","","","","","","","","","","","","","","","","","","","","","","","","","","","","","","","","","","","","","","6.997e-8","","","","","","2026-07-21T04:12:10.156Z",""
"MYSTERY","7W66iKCWt53ap3X59mgMrjJMvmXahKRMYVzo7P9Gpump","","","","","","","","","","","","","","","","","","","","","","","","","","","","","","","","","","","","","","","","","","","","0.000001196","","","","","","2026-07-21T04:13:09.978Z",""
"TST","5segATcRb7ws9RNhCFcFUuh4dvsqDXwsRRRXR8Dnpump","","","","","","","","","","","","","","","","","","","","","","","","","","","","","","","","","","","","","","","","","","","","2.02e-7","","","","","","2026-07-21T04:13:10.001Z",""
"BULLOGNI ","Ep4gUmfcuREdN3ThuRe37SPcDTiVZL2G2uPyXQU5pump","59","0.100000001","","","","","","","","","","","","","","","","","","","","","","","","","","","","","","","","","","","","0.000009999","","","","","","","2026-07-21T04:13:10.026Z","","","","","",""
"MYSTERY","AVwv58xAPLH6UppUAfHgp7YXf99jeWbJjWJ4Gtu2pump","","","","","","","","","","","","","","","","","","","","","","","","","","","","","","","","","","","","","","","","","","","","0.0000031","","","","","","2026-07-21T04:13:10.077Z",""
"PUMP CAT","HEXMa9BBAs2AGWZmyfo2mxJce1rTQE33E4XvWD9Ppump","","","","","","","","","","","","","","","","","","","","","","","","","","","","","","","","","","","","","","","","","","","","4.766e-8","","","","","","2026-07-21T04:14:09.965Z",""
"BEPE","xQcpoo9mMz5soMrL1FknWBCyU4jQt8r9RzQJQ2xbonk","57","1.975","","","","","","","","","","","","","","","","","","","","","","","","","","","","","","","","","","","","0.000002185","","","","","","","2026-07-21T04:14:09.995Z","","","","","",""
"GIVABL","2o8Xq5tyofGzuCSw4awYh4KitRP397xizTXkMNF3pump","85","2.962962961","","","","","","","","","","","","","","","","","","","","","","","","","","","","","","","","","","","","0.000002516","","","","","","","2026-07-21T04:14:10.026Z","","","","","",""
"BBGMAYHEM","RyE3otsC7dNcfPiZmLRRLo5e1dEVHRUYzLNucRkpump","","","","","","","","","","","","","","","","","","","","","","","","","","","","","","","","","","","","","","","","","","","","8.737e-7","","","","","","2026-07-21T04:14:10.055Z",""
"FISAL","ACWzUr6RWuazDrpYfLc4jSsHVzT5U4ophLyKqzJupump","","","","","","","","","","","","","","","","","","","","","","","","","","","","","","","","","","","","","","","","","","","","0.000001002","","","","","","2026-07-21T04:15:09.968Z",""
"duels ","32xzJv68hrRBaAp9EPYSokjpUqSiJbWaLHQdhvKRpump","57","0.200000001","","","","","","","","","","","","","","","","","","","","","","","","","","","","","","","","","","","","0.000001512","","","","","","","2026-07-21T04:15:10.013Z","","","","","",""
"NICE","EWWmqK3bWYfrj2YLgQmY2zqtkyRxCDyfSUqurxE2pump","63","3","","","","","","","","","","","","","","","","","","","","","","","","","","","","","","","","","","","","0.000002301","","","","","","","2026-07-21T04:15:10.063Z","","","","","",""
"BBGMAYHEM","8hVt34hjUmrXWAu1FbT1S8AeD6iyFbk9rHapcwRmpump","","","","","","","","","","","","","","","","","","","","","","","","","","","","","","","","","","","","","","","","","","","","3.045e-7","","","","","","2026-07-21T04:15:10.096Z",""
"BBGMAYHEM","AVkNLUJaP7nNDziW31Nabm8uiipuoEVR4bQ9bo3qpump","","","","","","","","","","","","","","","","","","","","","","","","","","","","","","","","","","","","","","","","","","","","5.282e-7","","","","","","2026-07-21T04:16:09.977Z",""
"BBGMAYHEM","CF35T2Gnqjuifi2bt4HSq69Jnk7C5YExp99wpZ1mpump","69","3.950617282","","","","","","","","","","","","","","","","","","","","","","","","","","","","","","","","","","","","0.000006536","","","","","","","2026-07-21T04:16:10.004Z","","","","","",""
"SwagCat","FJ9mo71kRYQmQFfoEFENRHEExsmpmSu6dZPQxRX3pump","56","0.148148147","","","","","","","","","","","","","","","","","","","","","","","","","","","","","","","","","","","","0.000002323","","","","","","","2026-07-21T04:16:10.038Z","","","","","",""
"POP","YW3irK7aX6WyEiCrfMfi1JvVrZheHHRgVPes65gpump","66","0.059259258","","","","","","","","","","","","","","","","","","","","","","","","","","","","","","","","","","","","0.00000303","","","","","","","2026-07-21T04:16:10.070Z","","","","","",""
"BULLOGNI ","3bZqHVVw5K8nRpumuaDhhtz1o2cgMStbx1WstqXSpump","","","","","","","","","","","","","","","","","","","","","","","","","","","","","","","","","","","","","","","","","","","","6.666e-8","","","","","","2026-07-21T04:17:09.978Z",""
"BBGMAYHEM","Gs5MXVdXoJFdrShMeW3stx5wKMfUfLTGLY975LRcpump","","","","","","","","","","","","","","","","","","","","","","","","","","","","","","","","","","","","","","","","","","","","9.782e-7","","","","","","2026-07-21T04:17:10.016Z",""
"looong","FdavDwHuBXEqygUX92SZTKb3YysUQEaQjHExUDWrpump","57","1.975308641","","","","","","","","","","","","","","","","","","","","","","","","","","","","","","","","","","","","0.000004078","","","","","","","2026-07-21T04:17:10.060Z","","","","","",""
"bible","5ZdkdNyGhTGPzyxzWaL9LfVgRGPzS8vwfoAZ4fk9pump","86","5","","","","","","","","","","","","","","","","","","","","","","","","","","","","","","","","","","","","0.000002389","","","","","","","2026-07-21T04:17:10.092Z","","","","","",""
"BBGMAYHEM","AhBZQWJckWFRWcM9cpmfyM9qSBFAzr1hCB7ep5ppump","","","","","","","","","","","","","","","","","","","","","","","","","","","","","","","","","","","","","","","","","","","","8.078e-7","","","","","","2026-07-21T04:18:10.047Z",""
"BBGMAYHEM","FSZTTFLx9hGg61XzRbsebKSYhauYaXu5BtsVrRuMpump","65","2.962962961","","","","","","","","","","","","","","","","","","","","","","","","","","","","","","","","","","","","0.00000177","","","","","","","2026-07-21T04:18:10.083Z","","","","","",""
"MUFFIN","DmMXxVQeseCn7XkrQviv2M9CAfyTfEriqhcZJYwUpump","59","7","","","","","","","","","","","","","","","","","","","","","","","","","","","","","","","","","","","","0.000002293","","","","","","","2026-07-21T04:18:10.113Z","","","","","",""
"mpk","H2z9yXDboYQ1p2eJx966wyvrJWTXNfDQCDEvA8vrpump","59","0.098765431","","","","","","","","","","","","","","","","","","","","","","","","","","","","","","","","","","","","0.000003046","","","","","","","2026-07-21T04:18:10.172Z","","","","","",""
"penny","2PYnuyUAj5YoGa2F5yfktXQ5CNDcMVr8emLWRyMwfjwt","57","1.98","","","","","","","","","","","","","","","","","","","","","","","","","","","","","","","","","","","","0.000002199","","","","","","","2026-07-21T04:19:09.963Z","","","","","",""
"FREE","AEJpDdjXtLkdknUYQicBnDTPkA5wwEGCfjKsxob1pump","58","5","","","","","","","","","","","","","","","","","","","","","","","","","","","","","","","","","","","","0.000002289","","","","","","","2026-07-21T04:19:10.112Z","","","","","",""
"STREAMERU","FS3M1nNZRXNL1TJmoWu5W7wAai2Q7xJwXy8u3CLgpump","","","","","","","","","","","","","","","","","","","","","","","","","","","","","","","","","","","","","","","","","","","","5.474e-8","","","","","","2026-07-21T04:19:10.138Z",""
"FREE","Cuf7DvcvUTxeCw3YSMbTKQsANEnuK7tAEkZktoG6pump","56","5","","","","","","","","","","","","","","","","","","","","","","","","","","","","","","","","","","","","0.000002817","","","","","","","2026-07-21T04:19:10.170Z","","","","","",""
"Everything","4yxiqttD96ap8M5tFY5aBmNvs7KQb6m39UikCxeQpump","55","4","","","","","","","","","","","","","","","","","","","","","","","","","","","","","","","","","","","","0.000002289","","","","","","","2026-07-21T04:20:10.001Z","","","","","",""
"MAYHAM","7TQ4itCjUATmok6Dx52o3pw24af2BDe2nrDcHb7ypump","61","0.059259258","","","","","","","","","","","","","","","","","","","","","","","","","","","","","","","","","","","","0.00000166","","","","","","","2026-07-21T04:20:10.033Z","","","","","",""
"broke","43uwd3wgxZiG7hM2CFwYmAyZZ8Uj1ZUKCQpHqtp3pump","56","0.100000001","","","","","","","","","","","","","","","","","","","","","","","","","","","","","","","","","","","","0.000004665","","","","","","","2026-07-21T04:20:10.067Z","","","","","",""
"SwagCat","5JrrTehU1vsK8Z5wxEMw3PWfiPrGTuakE6cV4Fqrpump","55","0.148148147","","","","","","","","","","","","","","","","","","","","","","","","","","","","","","","","","","","","0.000003549","","","","","","2.176e-7","2026-07-21T04:20:10.117Z","","","","","2026-07-21T04:24:10.228Z",""
"BULLOGNI ","8yco6adWv7NRBfN9V3agBERXpoHgiydJKjapibm6pump","55","0.100000001","","","","","","","","","","","","","","","","","","","","","","","","","","","","","","","","","","","","0.000002675","","","","","","","2026-07-21T04:21:09.996Z","","","","","",""
"TBM","9FnsYSuziQktjfTyz3TdThPmG3qAVPhxFX5UD2Prpump","91","0.100000001","","","","","","","","","","","","","","","","","","","","","","","","","","","","","","","","","","","","0.000003996","","","","","","","2026-07-21T04:21:10.031Z","","","","","",""
"BBGMAYHEM","H3fJ71FrvefL79wwKpVoQVSNhfPzbKbwbjeSQxZVpump","65","2.962962961","","","","","","","","","","","","","","","","","","","","","","","","","","","","","","","","","","","","0.000002904","","","","","","","2026-07-21T04:21:10.090Z","","","","","",""
"ABUNDANCE","DwXoc9sammXsDsKXvSFkkqxxxXHs68L4kHK9f8c7pump","55","5","","","","","","","","","","","","","","","","","","","","","","","","","","","","","","","","","","","","0.000002289","","","","","","","2026-07-21T04:21:10.126Z","","","","","",""
"LAF","AoJRQscucXbvjJk4RCYSVZ7pFM2R6yxtUMyf7J3opump","99","0.060478584","","","","","","","","","","","","","","","","","","","","","","","","","","","","","","","","","","","","0.000003657","","","","","","","2026-07-21T04:22:10.029Z","","","","","",""
"broke","6FwvxT2t35n1sFXQVt9SBJrwsHTgCWKVXBCE4FePpump","","","","","","","","","","","","","","","","","","","","","","","","","","","","","","","","","","","","","","","","","","","","4.078e-7","","","","","","2026-07-21T04:22:10.058Z",""
"BULLOGNI ","2ZdM1tpuxTDT8MPNiw7Z2dTraK99nhR7tLLNRHpYpump","55","0.180000001","","","","","","","","","","","","","","","","","","","","","","","","","","","","","","","","","","","","0.000001768","","","","","","","2026-07-21T04:22:10.091Z","","","","","",""
"free","9BHo4ekXPbXynkKThCK7jEhBeaLor2Le67iLoqwmpump","55","4","","","","","","","","","","","","","","","","","","","","","","","","","","","","","","","","","","","","0.00000218","","","","","","","2026-07-21T04:22:10.144Z","","","","","",""
"GAS","J8AJWb5mUq6NV3Qqqugf88PuPmyxDHyqHX3pAB3Ppump","69","0.059259258","","","","","","","","","","","","","","","","","","","","","","","","","","","","","","","","","","","","0.000001614","","","","","","8.892e-8","2026-07-21T04:23:10.068Z","","","","","2026-07-21T04:26:10.010Z",""
"FREE","2AXkZsZprmmKTwzprygSm4Bnaz4PGaE5b3rpjtrhpump","64","5","","","","","","","","","","","","","","","","","","","","","","","","","","","","","","","","","","","","0.000006329","","","","","","","2026-07-21T04:24:10.103Z","","","","","",""
"BULLRUN","H9PZvAyHkU2raRTmvG2C69UFDcENbndp2LWLDakzpump","77","7.88148148","","","","","","","","","","","","","","","","","","","","","","","","","","","","","","","","","","","","0.000005659","","","","","","","2026-07-21T04:24:10.196Z","","","","","",""
"Greene","AYAe1rgd9fMWcj7LRnqa3AEbDEmAg6rwUVjoUyRWpump","100","2","","","","","","","","","","","","","","","","","","","","","","","","","","","","","","","","","","","","0.000003756","","","","","","","2026-07-21T04:25:10.046Z","","","","","",""
"2028","2mxL2Trc9V8vy2xND5YUoitFcKyuZvyXrLhtihxipump","","","","","","","","","","","","","","","","","","","","","","","","","","","","","","","","","","","","","","","","","","","","5.382e-7","","","","","","2026-07-21T04:25:10.129Z",""
"kmm","CpYuT9j4P72AwMXY53c7eAuzX7NkzwZED2kPHhJZpump","","","","","","","","","","","","","","","","","","","","","","","","","","","","","","","","","","","","","","","","","","","","2.135e-7","","","","","","2026-07-21T04:26:10.043Z",""
"DREAM","3TYwFKQirTiHe9fGuZCvBFGTjCy4fUVrxozsEVKPpump","59","3.117283951","","","","","","","","","","","3.117283951","0","1","0","0","0","9185.95","5","35265.22","35265.22","0.553","0.553","245","","0","0","1","0","1","","","","","","","0.000004958","0.000009185","","","","","","2026-07-21T04:27:10.072Z","2026-07-21T04:30:10.133Z","","","","",""
"runner","D8uZEc2RR72mm6uPWF7jQ4auDKjQVtn5dvuDxvaHpump","","","","","","","","","","","","","","","","","","","","","","","","","","","","","","","","","","","","","","","","","","","","4.15e-7","","","","","","2026-07-21T04:28:09.934Z",""
"BOOBS","BUQZ2iG1GMepnDbmcC1CzMZX5qWN2a6N3pjHDf8Wpump","","","","","","","","","","","","","","","","","","","","","","","","","","","","","","","","","","","","","","","","","","","","2.804e-7","","","","","","2026-07-21T04:28:09.977Z",""
"Fabio ","BQBwq1wJ5M8hX116XrxXVRQJ3VwjTr1k7z9aeosqpump","","","","","","","","","","","","","","","","","","","","","","","","","","","","","","","","","","","","","","","","","","","","2.352e-7","","","","","","2026-07-21T04:28:10.038Z",""
"mjk","FQE7tsoiF2LCPadvCRdCxammcQMcdGJs2ecmcb2Ypump","","","","","","","","","","","","","","","","","","","","","","","","","","","","","","","","","","","","","","","","","","","","6.918e-7","","","","","","2026-07-21T04:29:09.943Z",""
"GETSOME","7krNL8YYfX2wZ1eur2C1Rig6538NKp8t2J9HgKMWpump","","","","","","","","","","","","","","","","","","","","","","","","","","","","","","","","","","","","","","","","","","","","2.9e-7","","","","","","2026-07-21T04:29:09.979Z",""
"WRONG","9KJspTcmRVboQTZaXZiHTXqToM2Cu285XnYGoxMApump","","","","","","","","","","","","","","","","","","","","","","","","","","","","","","","","","","","","","","","","","","","","6.092e-7","","","","","","2026-07-21T04:30:10.011Z",""
"BOOBS","48Ah39us16Pio1cJiwi2QUc8tb7XpSxjUQZJPyYxpump","70","0.059259258","","","","","","","","","","","","","","","","","","","","","","","","","","","","","","","","","","","","0.0000389","","","","","","","2026-07-21T04:30:10.050Z","","","","","",""
"BARA","D4kPVxLbJeixcUmwkDJwivZBvTx6o7UGV6dbqfUupump","64","0.060000001","","","","","","","","","","","","","","","","","","","","","","","","","","","","","","","","","","","","0.000001348","","","","","","6.428e-7","2026-07-21T04:30:10.200Z","","","","","2026-07-21T04:33:09.981Z",""
"DEPLOY","GaqDfguVCCVqJ9zCDxxEBzpUvy9CpW4neFVxo4N34p7H","70","4.938271603","","","","","","","","","","","","","","","","","","","","","","","","","","","","","","","","","","","","0.000002289","","","","","","","2026-07-21T04:31:10.009Z","","","","","",""
"Vazя","5hG53f7ycoVpVpyCTZqTwYLcPeS7kyLfqrgBCr57pump","63","3","","","","","","","","","","","","","","","","","","","","","","","","","","","","","","","","","","","","0.000002216","","","","","","","2026-07-21T04:31:10.034Z","","","","","",""
"broke","5HpbkwZGFKH69ZmcB2bJ3qHqEUftYxhTNjg8Wp31pump","","","","","","","","","","","","","","","","","","","","","","","","","","","","","","","","","","","","","","","","","","","","4.465e-7","","","","","","2026-07-21T04:31:10.064Z",""
"カメ","AmyQ2iU2csa6RriPuwJJTP79TRHzAEGNhjeJLZCtpump","72","6.913580245","","","","","","","","","","","","","","","","","","","","","","","","","","","","","","","","","","","","0.00001028","","","","","","","2026-07-21T04:32:09.991Z","","","","","",""
"Lorenzo","BYYCmr6uyJJcA3nLkKdDjMRzn9tauNy86p5VfBz5pump","57","1.97530864","","","","","","","","","","","","","","","","","","","","","","","","","","","","","","","","","","","","0.00000218","","","","","","","2026-07-21T04:32:10.014Z","","","","","",""
"TRUMPY","9DWuQXgEC8tKFLP4Vc2BJSu5wm7MhQPyDeePYubPpump","","","","","","","","","","","","","","","","","","","","","","","","","","","","","","","","","","","","","","","","","","","","6.844e-7","","","","","","2026-07-21T04:32:10.037Z",""
"SKUNKED","5b56MJFQFZnor9NkJZSu6fsKzsrJhmHMFtPKaS6kpump","","","","","","","","","","","","","","","","","","","","","","","","","","","","","","","","","","","","","","","","","","","","1.7e-7","","","","","","2026-07-21T04:32:10.094Z",""
"TARD","EcxQ1ZKZ4hKoy8H15X3Q8Qz7mswwT8Bzjg7rq6WSpump","","","","","","","","","","","","","","","","","","","","","","","","","","","","","","","","","","","","","","","","","","","","1.14e-7","","","","","","2026-07-21T04:33:10.009Z",""
"BURGER","6SxrihgrfUksGyPMPvbCEaNVSgMiX33c1VZTKfZwDifj","","","","","","","","","","","","","","","","","","","","","","","","","","","","","","","","","","","","","","","","","","","","0.00000218","","","","","","2026-07-21T04:33:10.103Z",""
"カメ","C5V33LoH9eP3LhWxuRVZQfdBFPvjfYWxwH6uYgDVpump","99","4.938271603","","","","","","","","","","","","","","","","","","","","","","","","","","","","","","","","","","","","0.000005964","","","","","","","2026-07-21T04:34:09.957Z","","","","","",""
"カメ","DZfKYozCTVDex14psLwwy5ErfV89nN6BnihTReFcpump","100","4.938271603","","","","","","","","","","","","","","","","","","","","","","","","","","","","","","","","","","","","0.000002358","","","","","","","2026-07-21T04:34:10.031Z","","","","","",""
"$PENNY","7tfb5z2BgniaYUtTpCzP8wacCxVgRCHstGsM5QB2pump","","","","","","","","","","","","","","","","","","","","","","","","","","","","","","","","","","","","","","","","","","","","9.962e-8","","","","","","2026-07-21T04:34:10.057Z",""
"broke","2SN6f5Zh9fghciVXroYySQyymQ4NwZmVuXg1CoG4pump","","","","","","","","","","","","","","","","","","","","","","","","","","","","","","","","","","","","","","","","","","","","6.761e-7","","","","","","2026-07-21T04:34:10.081Z",""
"BURGER","ANcK12DQ4HTC7xXYuTLqtGTXKjCAjdT18XS1FmJgMuP9","70","6.913580245","","","","","","","","","","","","","","","","","","","","","","","","","","","","","","","","","","","","0.000002184","","","","","","","2026-07-21T04:35:10.003Z","","","","","",""
"カメ","9STarwKqRsRFQEsEbQAEJ3dvbtd8zfYvceUuXpgKpump","72","8","","","","","","","","","","","","","","","","","","","","","","","","","","","","","","","","","","","","0.000008307","","","","","","","2026-07-21T04:36:09.997Z","","","","","",""
"APPLE","FZ8z3U4tEAa3mUJ8mKkVriXgmMNKpUxd1faQfLuRpump","","","","","","","","","","","","","","","","","","","","","","","","","","","","","","","","","","","","","","","","","","","","5.626e-7","","","","","","2026-07-21T04:36:10.027Z",""
"カメ","D4viXh5toHTcn9g6uNVoaNeLQCjzUPzzchjMeeL1pump","62","4.938271603","","","","","","","","","","","","","","","","","","","","","","","","","","","","","","","","","","","","0.000002222","","","","","","","2026-07-21T04:36:10.084Z","","","","","",""
"BARA","F6yk6xMhKR2mDCVySEp9UDtAi6Ea8ZMMLxb1Ao5kpump","","","","","","","","","","","","","","","","","","","","","","","","","","","","","","","","","","","","","","","","","","","","9.501e-8","","","","","","2026-07-21T04:36:10.112Z",""
"SPESH","DpLe76vHaSkkLSuHEBKxzKSnhLxHr3xXJadbotc5pump","63","2.962962961","","","","","","","","","","","","","","","","","","","","","","","","","","","","","","","","","","","","0.000007072","","","","","","","2026-07-21T04:37:09.972Z","","","","","",""
"broke","EJ1Z8Zz6Wux83w2AU9hTPLVuRC4jH9r15CoweHpFpump","63","0.100000001","","","","","","","","","","","","","","","","","","","","","","","","","","","","","","","","","","","","0.000003385","","","","","","","2026-07-21T04:37:10.006Z","","","","","",""
".01","GTtkXng15NaxjqncEhjHPcVAqbYHp66kdAjz2BwWpump","59","0.13","","","","","","","","","","","","","","","","","","","","","","","","","","","","","","","","","","","","0.000007339","","","","","","","2026-07-21T04:37:10.037Z","","","","","",""
"broke","5DYRfkhoqnvNkuEVLHhYNaZ7NZ1rJyKErVz3xTgJpump","65","0.100000001","","","","","","","","","","","","","","","","","","","","","","","","","","","","","","","","","","","","0.00001404","","","","","","","2026-07-21T04:37:10.068Z","","","","","",""
"RWM","13FEftqjjKQQW4DTLrWpAf1xkdz7Vqfaui5j1G3vpump","","","","","","","","","","","","","","","","","","","","","","","","","","","","","","","","","","","","","","","","","","","","0.000002196","","","","","","2026-07-21T04:38:09.975Z",""
"BURGER","74c3ndamm9aGXHsS1sxxuDxFdc2DtmJrUVdNQkDBpump","56","3","","","","","","","","","","","","","","","","","","","","","","","","","","","","","","","","","","","","0.00001504","","","","","","","2026-07-21T04:38:10.008Z","","","","","",""
"dtavawavh","BkBU482eng9JpsTBB95AaZrrgvubZLRPRC5PXkp3pump","92","1","","","","","","","","","","","","","","","","","","","","","","","","","","","","","","","","","","","","0.000002181","","","","","","","2026-07-21T04:38:10.061Z","","","","","",""
"aura","7v1tuRN5s9YLNy16b5DUVF9cuvj2LgKpSqksUJbSpump","","","","","","","","","","","","","","","","","","","","","","","","","","","","","","","","","","","","","","","","","","","","3.479e-7","","","","","","2026-07-21T04:38:10.088Z",""
"broke","FcwMK6RqjHosNTTu1VMP3krJehwbCwzqzRDx5Phnpump","62","0.100000001","","","","","","","","","","","","","","","","","","","","","","","","","","","","","","","","","","","","0.000008665","","","","","","","2026-07-21T04:39:09.991Z","","","","","",""
"カメ","DXB56Fw61MqFPxSc1Cxhp1TnqwtgyrHKH3jMvmGJpump","99","0.069013868","","","","","","","","","","","","","","","","","","","","","","","","","","","","","","","","","","","","0.000002513","","","","","","","2026-07-21T04:39:10.028Z","","","","","",""
"BURGER","CZE3279oUgYhBnQZvRNfbjkN4hMUL6FvC75YP7KSpump","61","5","","","","","","","","","","","","","","","","","","","","","","","","","","","","","","","","","","","","0.000004331","","","","","","","2026-07-21T04:39:10.060Z","","","","","",""
"TCUP","4rv7rkttvigufkyDekwmeAnF67Cbuh59nrJw79PYpump","","","","","","","","","","","","","","","","","","","","","","","","","","","","","","","","","","","","","","","","","","","","0.00000108","","","","","","2026-07-21T04:39:10.097Z",""
"TCUP","7gqYna7jo8jm2pxqbB4aQ2Dy9YYqtdzVYTqsHAYCpump","","","","","","","","","","","","","","","","","","","","","","","","","","","","","","","","","","","","","","","","","","","","3.575e-7","","","","","","2026-07-21T04:40:10.042Z",""
"Waffles","6YSovBvJ4ZadU7yMXMpRwLRH3QeduHyPYkxHKTJfpump","76","7.407407405","","","","","","","","","","","","","","","","","","","","","","","","","","","","","","","","","","","","0.00000395","","","","","","","2026-07-21T04:40:10.077Z","","","","","",""
"NEBULA","GHC7NZTMpq2yRKJ8YcTNkfU7ywGWzBBdBLDS5mmvpump","84","1","","","","","","","","","","","","","","","","","","","","","","","","","","","","","","","","","","","","0.000002185","","","","","","","2026-07-21T04:40:10.099Z","","","","","",""
"broke","FMgPrZfGPknR6LrDb3wv7oEgDGdzTBr2JgFj8YTrpump","61","0.100000001","","","","","","","","","","","","","","","","","","","","","","","","","","","","","","","","","","","","0.000001356","","","","","","","2026-07-21T04:40:10.160Z","","","","","",""
"カメ","4GgywUTAL1HMF6dT1jKkdHFGW65D2N6bv73FAwK4pump","","","","","","","","","","","","","","","","","","","","","","","","","","","","","","","","","","","","","","","","","","","","0.000002223","","","","","","2026-07-21T04:41:09.994Z",""
"カメ","4fxkhML4MMepRAsDsW7ns5MBGPeLGZWAkbvzf8oTpump","62","5","","","","","","","","","","","","","","","","","","","","","","","","","","","","","","","","","","","","0.000002183","","","","","","","2026-07-21T04:41:10.016Z","","","","","",""
"bull","632tRAVA4hgZSajcea6VCQL3byf8Fk1ZRtzmPckpump","","","","","","","","","","","","","","","","","","","","","","","","","","","","","","","","","","","","","","","","","","","","8.944e-7","","","","","","2026-07-21T04:41:10.038Z",""
"カメ","Fx2MCKJFNQeB5zmr8zC6uJWYc7zr942xH39BHhkmpump","55","5","","","","","","","","","","","","","","","","","","","","","","","","","","","","","","","","","","","","0.000002224","","","","","","","2026-07-21T04:41:10.087Z","","","","","",""
"BDON","CK832kur8xjRhCxc4SjYm2HCbCYTd4AEwfVS8pdRpump","58","1.000000001","","","","","","","","","","","","","","","","","","","","","","","","","","","","","","","","","","","","0.000002346","","","","","","","2026-07-21T04:42:10.090Z","","","","","",""
"BCAT","pCbwysb11TytSbNZokriuN6kBhoVQJ8ac97Lcjkpump","","","","","","","","","","","","","","","","","","","","","","","","","","","","","","","","","","","","","","","","","","","","4.346e-7","","","","","","2026-07-21T04:42:10.120Z",""
"カメ","4Hx47xZ7ZHfBYvNregUpFD3Q2TSjPdHhJSmmpbXSpump","55","4","","","","","","","","","","","","","","","","","","","","","","","","","","","","","","","","","","","","0.000002183","","","","","","","2026-07-21T04:42:10.150Z","","","","","",""
"FLAKO","GQqNsuvezRkZqR5MbXD3jjckcatoM9FRLRcNQjvWpump","61","5","","","","","","","","","","","","","","","","","","","","","","","","","","","","","","","","","","","","0.000002193","","","","","","","2026-07-21T04:42:10.186Z","","","","","",""
".01","DfjTmisca27Fu9oo6rvUKp4eVfuuwNZvrCntqnfjpump","","","","","","","","","","","","","","","","","","","","","","","","","","","","","","","","","","","","","","","","","","","","5.329e-9","","","","","","2026-07-21T04:43:09.977Z",""
"broke","BQLX8Y6wfuBkND89YJEX3fghz3ReTjbWyQycW5zDpump","60","0.100000001","","","","","","","","","","","","","","","","","","","","","","","","","","","","","","","","","","","","0.000001823","","","","","","","2026-07-21T04:44:09.967Z","","","","","",""
"neegy","6P8YuHgDWMyyN3dCTkosRYaiE1cfdBUmXgp1zkgbpump","","","","","","","","","","","","","","","","","","","","","","","","","","","","","","","","","","","","","","","","","","","","4.034e-7","","","","","","2026-07-21T04:44:10.000Z",""
"ĀNSEN","41vPcMatjgTNQekj5U8biTr5xs43bmCv6z164JdwmZax","","","","","","","","","","","","","","","","","","","","","","","","","","","","","","","","","","","","","","","","","","","","0.000002181","","","","","","2026-07-21T04:44:10.032Z",""
"belon","ENgypckg8oQxo4coFXNbqYEdvufkx6PiYoDgTis9pump","","","","","","","","","","","","","","","","","","","","","","","","","","","","","","","","","","","","","","","","","","","","1.884e-7","","","","","","2026-07-21T04:44:10.063Z",""
"BOOBS","7GveEEELmA2iQtq1iNYhDQVon4m8FSbgLNApQh9Qpump","","","","","","","","","","","","","","","","","","","","","","","","","","","","","","","","","","","","","","","","","","","","3.974e-8","","","","","","2026-07-21T04:45:09.991Z",""
"MAGA","D8yhVhC7Qo9fxxATURrbozbRUGTMba9ss2Jy6wzpump","","","","","","","","","","","","","","","","","","","","","","","","","","","","","","","","","","","","","","","","","","","","8.84e-7","","","","","","2026-07-21T04:45:10.027Z",""
"カメ","6apheinHphupFkrRTBLymd7GGQc6XTtw4TPxvzxTpump","98","0.067916475","","","","","","","","","","","","","","","","","","","","","","","","","","","","","","","","","","","","0.000002396","","","","","","","2026-07-21T04:45:10.060Z","","","","","",""
"RWM","4bgnDUAvaEM6UsV4jnFLAiuCWMNs1qEWyv4NSNmLpump","","","","","","","","","","","","","","","","","","","","","","","","","","","","","","","","","","","","","","","","","","","","0.000002283","","","","","","2026-07-21T04:45:10.095Z",""
"Überjeet","4AFjX3i2vy7JZzw1rpTYNSLHbkuSzqxmadmBBuaWpump","63","3","","","","","","","","","","","","","","","","","","","","","","","","","","","","","","","","","","","","0.000002181","","","","","","","2026-07-21T04:46:09.952Z","","","","","",""
"BCAT","JDQ9uTtnZ4QQEJT9LgikgXwoWqNiSCN9XGiqYuZzpump","","","","","","","","","","","","","","","","","","","","","","","","","","","","","","","","","","","","","","","","","","","","8.49e-7","","","","","","2026-07-21T04:46:09.979Z",""
"WORTHLESS","BrHUiH2zKyM3T2g9UEfPAvCiB4bSVjsFBRMCZ542pump","61","5","","","","","","","","","","","","","","","","","","","","","","","","","","","","","","","","","","","","0.000002181","","","","","","","2026-07-21T04:46:10.045Z","","","","","",""
".01","7AcVRNG28vwyZUmXyqyKEb1W6hSyt9MKKntwaPq1pump","","","","","","","","","","","","","","","","","","","","","","","","","","","","","","","","","","","","","","","","","","","","3.128e-8","","","","","","2026-07-21T04:46:10.071Z",""
"BLOB","Ev5S7hF21gNB7AaXeivaeNP9rbQmKn2iBACkYKiepump","","","","","","","","","","","","","","","","","","","","","","","","","","","","","","","","","","","","","","","","","","","","1.623e-8","","","","","","2026-07-21T04:47:09.942Z",""
"PARA","B2LmpXveKHWG9nchRMer95Nu7zqR6xzvR455wRTLpump","57","1.97530864","","","","","","","","","","","","","","","","","","","","","","","","","","","","","","","","","","","","0.000002183","","","","","","","2026-07-21T04:47:09.982Z","","","","","",""
"Terp","G3f9eLAWLM9Tgk24MRYCgAVMLmmnd92x8YukarrFpump","62","5","","","","","","","","","","","","","","","","","","","","","","","","","","","","","","","","","","","","0.000007586","","","","","","","2026-07-21T04:47:10.013Z","","","","","",""
"BURGER","84hq1xTRRYSTpyFYQXCAPmkNUSXhs2TGEwtXU1pBpump","76","1","","","","","","","","","","","","","","","","","","","","","","","","","","","","","","","","","","","","0.000002182","","","","","","","2026-07-21T04:47:10.042Z","","","","","",""
"DToM","GQ2V1ngezH2bgzC1x6DkfitEAdoVsvocuL48yg9opump","","","","","","","","","","","","","","","","","","","","","","","","","","","","","","","","","","","","","","","","","","","","3.4e-9","","","","","","2026-07-21T04:48:10.043Z",""
"Pasket","BJDKZ9eDW6DRo9BQUeqALmCsSNdPoZoXKS82tejEpump","67","4.000000001","","","","","","","","","","","","","","","","","","","","","","","","","","","","","","","","","","","","0.000002182","","","","","","","2026-07-21T04:48:10.138Z","","","","","",""
"BBT","5ZCWD633syejFqnrjQkvjvzM2aEetDNpTGipHyBbpump","57","1.000000001","","","","","","","","","","","","","","","","","","","","","","","","","","","","","","","","","","","","0.000003568","","","","","","","2026-07-21T04:48:10.167Z","","","","","",""
"GUTCHU","E6K4vGQGcDREAesneUz4aes4eeBJJBJknmqrbKv3pump","","","","","","","","","","","","","","","","","","","","","","","","","","","","","","","","","","","","","","","","","","","","8.956e-9","","","","","","2026-07-21T04:48:10.216Z",""
"WORLDCUP","4Wvmkn3VMP3jg4aY6DFTo6j5kAd2skjNinBdc1xKpump","","","","","","","","","","","","","","","","","","","","","","","","","","","","","","","","","","","","","","","","","","","","6.027e-7","","","","","","2026-07-21T04:49:09.927Z",""
"WRUN","8QfHPoBRH7etHcVBBDcMZuBZQzceDrBrEBrBMgUzpump","65","0.060000001","","","","","","","","","","","","","","","","","","","","","","","","","","","","","","","","","","","","0.000002191","","","","","","","2026-07-21T04:49:09.991Z","","","","","",""
"RWM","9gE5Ydtgz2J1kBGhLepryGBHqzgbitF8LvGVAYrVpump","","","","","","","","","","","","","","","","","","","","","","","","","","","","","","","","","","","","","","","","","","","","0.000002201","","","","","","2026-07-21T04:50:10.023Z",""
"genug","2y8f96qP9o7UsDG3FhR76gNEi6m7HdURVpCynhgRpump","57","0.059259258","","","","","","","","","","","","","","","","","","","","","","","","","","","","","","","","","","","","0.000002739","","","","","","","2026-07-21T04:50:10.061Z","","","","","",""
".01","4LN8XxJxpPrjjNHBE2iwumXx4vCsnk3nvmCtH6ngpump","","","","","","","","","","","","","","","","","","","","","","","","","","","","","","","","","","","","","","","","","","","","9.178e-8","","","","","","2026-07-21T04:50:10.085Z",""
"WCT","DcZvyTAP3QxgEcNjeiapksaeoTWkkijEZ8LrxAkMpump","63","3","","","","","","","","","","","","","","","","","","","","","","","","","","","","","","","","","","","","0.000002346","","","","","","","2026-07-21T04:50:10.110Z","","","","","",""
"CORNY","5VhuTZEDKdPZHUAD8hGFSz6kpzvzr4sR93evyKcqpump","","","","","","","","","","","","","","","","","","","","","","","","","","","","","","","","","","","","","","","","","","","","2.577e-7","","","","","","2026-07-21T04:51:10.086Z",""
"CAT","6RAQrWp4rAz2BiKJmmWnAi7AEwRQ6p81uwAPhMoGpump","58","0.060000001","","","","","","","","","","","","","","","","","","","","","","","","","","","","","","","","","","","","0.000004909","","","","","","","2026-07-21T04:51:10.121Z","","","","","",""
"BULLRUN","GxC6pFNBQp3HLXWziFqkzkWeTPgfxmv3JdFcF6mopump","55","5","","","","","","","","","","","","","","","","","","","","","","","","","","","","","","","","","","","","0.000002291","","","","","","","2026-07-21T04:51:10.158Z","","","","","",""
"Terp","HJEFLc4HzkzwuoVzrLdepDR3xzRyd4fq5brg61RQpump","63","3","","","","","","","","","","","","","","","","","","","","","","","","","","","","","","","","","","","","0.000004229","","","","","","","2026-07-21T04:51:10.196Z","","","","","",""
"WRUN","6whsinnaiXJ5L9rNzHjxLTq9S7fCC9iEBEhwBeR3pump","58","0.060000001","","","","","","","","","","","","","","","","","","","","","","","","","","","","","","","","","","","","0.000009654","","","","","","","2026-07-21T04:52:09.977Z","","","","","",""
"WAGMI","DoGWKCHphdEfi98o7JhX7dNjika4JzjPDXcqrNsdpump","62","2.760000001","","","","","","","","","","","","","","","","","","","","","","","","","","","","","","","","","","","","0.000002602","","","","","","","2026-07-21T04:52:10.003Z","","","","","",""
".01","DdLhaaz3wZz1hxxaMNe48oGVPc7r3AS36QS5nZFkpump","62","0.13","","","","","","","","","","","","","","","","","","","","","","","","","","","","","","","","","","","","0.00001547","","","","","","","2026-07-21T04:52:10.027Z","","","","","",""
"Station","5B4Vzqxpw4eZopF8aRWC9Td2EWKZoVzeT8V4mmRCpump","57","2","","","","","","","","","","","","","","","","","","","","","","","","","","","","","","","","","","","","0.000002292","","","","","","","2026-07-21T04:53:09.939Z","","","","","",""
"Arnie","G29ebWguQe9LkZcgf9mXHuBW2eQN488b5VjnNn8xpump","85","20","","","","","","","","","","","","","","","","","","","","","","","","","","","","","","","","","","","","0.000006226","","","","","","","2026-07-21T04:53:09.971Z","","","","","",""
"TCUP","E2zuqRvhhQCRvzkNBaunwt2qbDeBdwVTWTFrdfRCpump","","","","","","","","","","","","","","","","","","","","","","","","","","","","","","","","","","","","","","","","","","","","3.765e-8","","","","","","2026-07-21T04:54:10.004Z",""
"Terp","DkCiNhdEvBPMUXXiCnMd7DDVaaoYCgP49Y4BDLYLpump","70","4.938271603","","","","","","","","","","","","","","","","","","","","","","","","","","","","","","","","","","","","0.000002182","","","","","","","2026-07-21T04:54:10.085Z","","","","","",""
"RWM","ANxrnPT3iGsnKJQyNNzf4YBPKP32pzoudnCXbmwipump","","","","","","","","","","","","","","","","","","","","","","","","","","","","","","","","","","","","","","","","","","","","0.000002208","","","","","","2026-07-21T04:54:10.113Z",""
"BDON","DxYBwBjDdA5kKQ8VNfj1qXp9vPQX4QD5NE9ELdLzpump","","","","","","","","","","","","","","","","","","","","","","","","","","","","","","","","","","","","","","","","","","","","3.731e-7","","","","","","2026-07-21T04:54:10.149Z",""
"STRIKE","CgMJ968CBtJJvrPfCY34Bkadec9H1u2fy26ZYHV4pump","63","2.962962961","","","","","","","","","","","","","","","","","","","","","","","","","","","","","","","","","","","","0.000002182","","","","","","","2026-07-21T04:55:09.945Z","","","","","",""
"WRUN","32B4tTy8ir4kTmWWpJt9BKmCYW1k1RDyK13ESg2Hpump","","","","","","","","","","","","","","","","","","","","","","","","","","","","","","","","","","","","","","","","","","","","9.827e-7","","","","","","2026-07-21T04:55:09.975Z",""
"TTRO","8C5EeF7AYuf2nKSdaNwDCoX6hcurgMs8yhtR824Upump","","","","","","","","","","","","","","","","","","","","","","","","","","","","","","","","","","","","","","","","","","","","2.699e-7","","","","","","2026-07-21T04:55:10.026Z",""
"CUM","4m244fq9PFWiDi2jSjYT5VDETHm25tKt3VkkVKGDpump","63","4.000000001","","","","","","","","","","","","","","","","","","","","","","","","","","","","","","","","","","","","0.000002223","","","","","","","2026-07-21T04:57:10.001Z","","","","","",""
"CAT","8QbHusdsQ8MgrV8RcFDHHATM7mhnamykhFDZLcJCpump","","","","","","","","","","","","","","","","","","","","","","","","","","","","","","","","","","","","","","","","","","","","6.102e-7","","","","","","2026-07-21T04:57:10.026Z",""
"Dont","7n75rZbkdyCzc1sCRuZESVemNXu6zzpxKoaDL8Phpump","75","6.913580245","","","","","","","","","","","","","","","","","","","","","","","","","","","","","","","","","","","","0.000002182","","","","","","","2026-07-21T04:57:10.080Z","","","","","",""
"IAS","9nRLy5GdEqNLdZbMKjEqFNkJyuMW1Q797adaHrtmpump","","","","","","","","","","","","","","","","","","","","","","","","","","","","","","","","","","","","","","","","","","","","2.929e-7","","","","","","2026-07-21T04:57:10.117Z",""
"RWM","ACq2UCHpNQwUWAjWXVLidguTYodmzM6w2DDKiu9apump","81","18.278652797","","","","","","","","","","","","","","","","","","","","","","","","","","","","","","","","","","","","0.00001143","","","","","","","2026-07-21T04:58:10.016Z","","","","","",""
"CHOCI","94VpGZzvBc3muca7D5eu6ELBZ9RJaeT8MdfHS73Kpump","","","","","","","","","","","","","","","","","","","","","","","","","","","","","","","","","","","","","","","","","","","","0.000002287","","","","","","2026-07-21T04:58:10.079Z",""
"JACO","2Jwk2jrRZTqP2Dj3QsKKCLsLLBK4JE5Je9iLfnGDpump","63","2.962962961","","","","","","","","","","","","","","","","","","","","","","","","","","","","","","","","","","","","0.000003627","","","","","","","2026-07-21T04:59:10.015Z","","","","","",""
"100k","4iwL5BCKtBsGXczkoXawrwHy5E7ZeRby9nuLici8pump","","","","","","","","","","","","","","","","","","","","","","","","","","","","","","","","","","","","","","","","","","","","2.24e-8","","","","","","2026-07-21T04:59:10.049Z",""
"GROK","23Bxxw2ZgGWVQThdojyhNNbjkE8xdz4bDgNbDKGhpump","63","2.9625","","","","","","","","","","","","","","","","","","","","","","","","","","","","","","","","","","","","0.000002181","","","","","","","2026-07-21T05:00:10.137Z","","","","","",""
"BLUMP","41kGqdXqosdLoDyoFUUteY3H1JvknEeiYGz847TYpump","","","","","","","","","","","","","","","","","","","","","","","","","","","","","","","","","","","","","","","","","","","","2.807e-7","","","","","","2026-07-21T05:00:10.169Z",""
"Fabler","4GRJv5g1R6pmfg9CTBScHroUhqBX2QEi5PiUrZrVpump","63","3","","","","","","","","","","","","","","","","","","","","","","","","","","","","","","","","","","","","0.000004218","","","","","","","2026-07-21T05:00:10.213Z","","","","","",""
"TFC","BRFUYTgE99kAuboXZ1kQw6r5H1FUhExp1rSKtVsFpump","65","0.060000001","","","","","","","","","","","","","","","","","","","","","","","","","","","","","","","","","","","","0.000003657","","","","","","2.475e-7","2026-07-21T05:01:10.000Z","","","","","2026-07-21T05:05:10.097Z",""
"broke","87xYt39SYniYLwsokgdMZKoAsME1WJJggGV8iK2qpump","","","","","","","","","","","","","","","","","","","","","","","","","","","","","","","","","","","","","","","","","","","","5.997e-7","","","","","","2026-07-21T05:01:10.026Z",""
"SHIBA","3bqR8yPMoaq6GTbXbqDdZptbwrSXyDRbPYKb1b9npump","64","5","","","","","","","","","","","","","","","","","","","","","","","","","","","","","","","","","","","","0.00000227","","","","","","","2026-07-21T05:01:10.057Z","","","","","",""
"100k","83o94ecsAHQnh8YgkbeitZnFt2UMXajctN6vzKHTpump","","","","","","","","","","","","","","","","","","","","","","","","","","","","","","","","","","","","","","","","","","","","2.012e-7","","","","","","2026-07-21T05:01:10.138Z",""
"WHOTWEETED","7WvhQrnXptKFVbzk9QTxF2SFP7euUME79nTeDvbkpump","","","","","","","","","","","","","","","","","","","","","","","","","","","","","","","","","","","","","","","","","","","","0.000001278","","","","","","2026-07-21T05:02:09.969Z",""
"CHOCI","7EfWPoEibZWk9Ah237jKHBWouudoN2rsequVXRvPpump","","","","","","","","","","","","","","","","","","","","","","","","","","","","","","","","","","","","","","","","","","","","0.000002343","","","","","","2026-07-21T05:02:09.998Z",""
"SHIBA","FrXemA8gWqrjj4uMhwdgekqo3GjTVr1YyAipBsKmpump","58","3","","","","","","","","","","","","","","","","","","","","","","","","","","","","","","","","","","","","0.000002197","","","","","","","2026-07-21T05:02:10.077Z","","","","","",""
"WOP","Ei2M2vmXboR4FjWqiNKMuKKiUT6YVHvLiE54FCttpump","67","6.913580245","","","","","","","","","","","","","","","","","","","","","","","","","","","","","","","","","","","","0.000003798","","","","","","","2026-07-21T05:03:10.077Z","","","","","",""
"broke","CkjzjLxrYBRCJ3yJ6cJssCKHT85B3AanqMAVyivppump","58","0.100000001","","","","","","","","","","","","","","","","","","","","","","","","","","","","","","","","","","","","0.000004522","","","","","","","2026-07-21T05:04:09.955Z","","","","","",""
"CHOCI","5K674H8xHh4eUwYXQfcnkiUvLBNhZRaC7WfY3unzpump","81","11.742112394","","","","","","","","","","","","","","","","","","","","","","","","","","","","","","","","","","","","0.000002547","","","","","","0.000002261","2026-07-21T05:04:09.989Z","","","","","2026-07-21T05:08:09.961Z",""
"CAT","89Veh2R59U6ktc9S1j5rbxptBgbMUy8v2uNTkhsFpump","56","0.085000001","","","","","","","","","","","","","","","","","","","","","","","","","","","","","","","","","","","","0.000004733","","","","","","","2026-07-21T05:04:10.025Z","","","","","",""
"100k","DTNigoXPeYuZNCDSry5ZudASd4QWk5QLemoG89Zepump","","","","","","","","","","","","","","","","","","","","","","","","","","","","","","","","","","","","","","","","","","","","3.865e-8","","","","","","2026-07-21T05:04:10.065Z",""
"broke","5uQ6QUJxG8vCYzCptMCEF1oD3dQ3t528uYLujbUypump","","","","","","","","","","","","","","","","","","","","","","","","","","","","","","","","","","","","","","","","","","","","4.681e-8","","","","","","2026-07-21T05:05:10.047Z",""
"MAGOACOIN","2eaPCPibecKTC7f8ePGAVy741fHx3rvSmtauYGMzpump","65","0.059259258","","","","","","","","","","","","","","","","","","","","","","","","","","","","","","","","","","","","0.000002357","","","","","","3.691e-8","2026-07-21T05:06:10.030Z","","","","","2026-07-21T05:09:09.945Z",""
"FXCD","EhH8U3MvU254FqdxPFUrKJHm3KoKuQjQwwqft5Yqpump","","","","","","","","","","","","","","","","","","","","","","","","","","","","","","","","","","","","","","","","","","","","4.75e-7","","","","","","2026-07-21T05:06:10.112Z",""
"mibzu","8sUrs3wtoX4cSfMEeDKaxPPHHQZ22TFgEPbgAfaA3Duy","55","1.8","","","","","","","","","","","","","","","","","","","","","","","","","","","","","","","","","","","","0.000002184","","","","","","","2026-07-21T05:07:10.069Z","","","","","",""
"NOCARD","6fBHEgZhq3KLrya7euwXtTipZqqN6Q5BSRmbDPSopump","63","0.150000001","","","","","","","","","","","","","","","","","","","","","","","","","","","","","","","","","","","","0.000002045","","","","","","0.000001127","2026-07-21T05:07:10.167Z","","","","","2026-07-21T05:09:10.055Z",""
"CHOCI","2mCwws6vxG1Pm6kfDam7ANQkbJEo5Se6gUDwPLKrpump","81","12.729766715","","","","","","","","","","","","","","","","","","","","","","","","","","","","","","","","","","","","0.000003516","","","","","","","2026-07-21T05:07:10.189Z","","","","","",""
"res","2pdi8tT6togJhHcFik6RStKSuXAL9dcDQdQ3U99Epump","56","0.197530863","","","","","","","","","","","","","","","","","","","","","","","","","","","","","","","","","","","","0.000001913","","","","","","","2026-07-21T05:07:10.217Z","","","","","",""
"broke","wi7dbX2mmn5zRS6me4tY6fpo6z3MjqaFn7fFqXrpump","","","","","","","","","","","","","","","","","","","","","","","","","","","","","","","","","","","","","","","","","","","","1.146e-7","","","","","","2026-07-21T05:08:09.919Z",""
"CRYPTARDS","BWnUexPpVZSvMwiezpigMv8HYriCyjUfPuW75ko8pump","58","3","","","","","","","","","","","","","","","","","","","","","","","","","","","","","","","","","","","","0.000002184","","","","","","","2026-07-21T05:08:09.988Z","","","","","",""
"DEBULTLER","48ZV35GJeBZfV6PiRcoPEEiQ1TJyCCCe5y79ZWCvpump","57","1.97530864","","","","","","","","","","","","","","","","","","","","","","","","","","","","","","","","","","","","0.000002481","","","","","","","2026-07-21T05:08:10.059Z","","","","","",""
"WRUN","5h2QcMmeZfHX1tqG1qpWie3ZFpVmTRenocjQc85wpump","55","0.060000001","","","","","","","","","","","","","","","","","","","","","","","","","","","","","","","","","","","","0.000009448","","","","","","","2026-07-21T05:09:09.972Z","","","","","",""
"usol","ECVZXNBHJH3c4WYWYXAgDM1C3x5aBYeoXnJ6iAUfpump","","","","","","","","","","","","","","","","","","","","","","","","","","","","","","","","","","","","","","","","","","","","2.036e-7","","","","","","2026-07-21T05:10:09.958Z",""
"zooli","9PuJTYpnj9WvqCVYB2d7Bh5hVHKLrS9CP4dpJYdkxKJS","55","1.72","","","","","","","","","","","","","","","","","","","","","","","","","","","","","","","","","","","","0.000002184","","","","","","","2026-07-21T05:10:09.992Z","","","","","",""
"NLC","ED3Yn1wNb5EyMWZDTm57V5tD81amVU2vjNMutGKApump","","","","","","","","","","","","","","","","","","","","","","","","","","","","","","","","","","","","","","","","","","","","8.714e-7","","","","","","2026-07-21T05:10:10.025Z",""
"TCUP","CCyrYEEx8nFwvYULqgDhA8wWchvQD2hAHiahre6gpump","","","","","","","","","","","","","","","","","","","","","","","","","","","","","","","","","","","","","","","","","","","","0.000001254","","","","","","2026-07-21T05:10:10.060Z",""
"TCUP","Hy5eB9fZc5TaN7a3By8tnX36UveJRWkPLxEBcLWvpump","","","","","","","","","","","","","","","","","","","","","","","","","","","","","","","","","","","","","","","","","","","","7.02e-7","","","","","","2026-07-21T05:11:09.967Z",""
"CHOCI","9fHaCiVEwiBx3EcUsBCiTY7N5Q2WUpmkpuNQjowmpump","","","","","","","","","","","","","","","","","","","","","","","","","","","","","","","","","","","","","","","","","","","","0.000002289","","","","","","2026-07-21T05:11:09.996Z",""
"Mermaid","3Mi9VSfhkdJrUQSHNMFjNJRGYTksdUrErwW3fYjvDuVC","59","5","","","","","","","","","","","","","","","","","","","","","","","","","","","","","","","","","","","","0.000002189","","","","","","","2026-07-21T05:11:10.027Z","","","","","",""
"NOPE","AxJkwYPjBKmvxLnf8gkpwwmtgNAJSag9zMPhUPA2pump","","","","","","","","","","","","","","","","","","","","","","","","","","","","","","","","","","","","","","","","","","","","1.136e-7","","","","","","2026-07-21T05:11:10.089Z",""
"TCUP","AKDZNeCBmP7P8Qn7fPmFrN3nJFnfoy2kBHbUk6wDpump","","","","","","","","","","","","","","","","","","","","","","","","","","","","","","","","","","","","","","","","","","","","3.547e-7","","","","","","2026-07-21T05:12:10.039Z",""
"broke","EYYJtN5zFDyAL9FdLj5idZqb4NX3MwrqR7At4evbpump","","","","","","","","","","","","","","","","","","","","","","","","","","","","","","","","","","","","","","","","","","","","1.978e-7","","","","","","2026-07-21T05:12:10.074Z",""
"Mermaid","DytbkBm3Uo6ZKCpp5sibYmh5c2JS2CJY1kbK46cgwWun","60","5","","","","","","","","","","","","","","","","","","","","","","","","","","","","","","","","","","","","0.000002184","","","","","","","2026-07-21T05:12:10.109Z","","","","","",""
"tar","8wZscDv6YD32VskxYcpk2Qrs961a1RJnSxrjQKkjpump","55","0.197530863","","","","","","","","","","","","","","","","","","","","","","","","","","","","","","","","","","","","0.00003355","","","","","","","2026-07-21T05:12:10.144Z","","","","","",""
"SHWC","9LwBeALDKv7sKVmaRMhyw5suzwp2g4iBBkNQ7NUrpump","","","","","","","","","","","","","","","","","","","","","","","","","","","","","","","","","","","","","","","","","","","","0.000001269","","","","","","2026-07-21T05:13:09.992Z",""
"TTRO","GU8SnGVncvbvRjKDQjeh72TwBRPmpWTp3JE1N9mRpump","","","","","","","","","","","","","","","","","","","","","","","","","","","","","","","","","","","","","","","","","","","","4.035e-7","","","","","","2026-07-21T05:13:10.017Z",""
"Bitecoin","4RymSBXSHy7kh71TB387nRkyUJn3yJPtVXAntxwGpump","","","","","","","","","","","","","","","","","","","","","","","","","","","","","","","","","","","","","","","","","","","","0.000002406","","","","","","2026-07-21T05:13:10.047Z",""
"CHOCI","ce4AYN8FWrLutMmPhXAckewgE7WprpzH2QQ4P5vpump","","","","","","","","","","","","","","","","","","","","","","","","","","","","","","","","","","","","","","","","","","","","0.000002276","","","","","","2026-07-21T05:13:10.125Z",""
"RWM","8utYCgF2XkKN2rw4UyjwkAfW8NXCfQyoTRpFzwCqpump","","","","","","","","","","","","","","","","","","","","","","","","","","","","","","","","","","","","","","","","","","","","0.000002202","","","","","","2026-07-21T05:14:09.978Z",""
"Cc","FeDySTx4syNfRw9fyhDDSfZfCHYk5GpFaftvUE5Epump","","","","","","","","","","","","","","","","","","","","","","","","","","","","","","","","","","","","","","","","","","","","7.22e-8","","","","","","2026-07-21T05:14:10.005Z",""
"Allinu","9uwKdTNFMB2JCx4svAaDSN1YceJfgpnhJtJ1F3Fgpump","58","3","","","","","","","","","","","","","","","","","","","","","","","","","","","","","","","","","","","","0.000002454","","","","","","","2026-07-21T05:14:10.039Z","","","","","",""
"broke","CreXCYsyMCsLF57V3yXuwDjsNyk8funWnnvuF5hdpump","56","0.200000001","","","","","","","","","","","","","","","","","","","","","","","","","","","","","","","","","","","","0.000003541","","","","","","","2026-07-21T05:15:09.938Z","","","","","",""
"WWAVE","CkqCbapHAcqMujf8BAPdfNGbrJCL3WibSvw955PBpump","65","0.060000001","","","","","","","","","","","","","","","","","","","","","","","","","","","","","","","","","","","","0.000002195","","","","","","0.000001028","2026-07-21T05:15:09.971Z","","","","","2026-07-21T05:21:10.042Z",""
"SPESH","5FCa3FFCCRxkanccWGs18GWMQkqpYuUBNGfmLq13pump","76","1","","","","","","","","","","","","","","","","","","","","","","","","","","","","","","","","","","","","0.000002457","","","","","","","2026-07-21T05:15:10.104Z","","","","","",""
"CHOCI","FQ596mSyWTwvaLyWYYtDriF1FC6pf3DBqZKF5eeJpump","","","","","","","","","","","","","","","","","","","","","","","","","","","","","","","","","","","","","","","","","","","","0.000002302","","","","","","2026-07-21T05:15:10.124Z",""
"Nuggies","6bw8PSF6tkbs2Ws4SkePq6dxfn4AzrzEe5G5KE8upump","63","3","","","","","","","","","","","","","","","","","","","","","","","","","","","","","","","","","","","","0.000002226","","","","","","","2026-07-21T05:16:09.921Z","","","","","",""
"broke","4weRnYQcUk9VruRUsyaHuxVZvm3ebDt1UDK17T9apump","56","0.150000001","","","","","","","","","","","","","","","","","","","","","","","","","","","","","","","","","","","","0.000002035","","","","","","","2026-07-21T05:16:09.964Z","","","","","",""
"gloopi","BUPhBuuTiGXVgezQ7qpaihukiUnoXQNXL7GKKMirpump","57","1.975","","","","","","","","","","","","","","","","","","","","","","","","","","","","","","","","","","","","0.000002184","","","","","","","2026-07-21T05:16:10.003Z","","","","","",""
"Waffles","EM4HmBErsWi3q2WiipqNPdNF7H3mgETKh6epThQZpump","76","7.407407405","","","","","","","","","","","","","","","","","","","","","","","","","","","","","","","","","","","","0.000002262","","","","","","","2026-07-21T05:16:10.037Z","","","","","",""
"CHOCI","2eqp4paN1xcGpjH1hrn1PXSm5XWxTcBZ67wKEWVrpump","","","","","","","","","","","","","","","","","","","","","","","","","","","","","","","","","","","","","","","","","","","","0.000002395","","","","","","2026-07-21T05:17:10.036Z",""
"Cc","8SX2RGbwBmaXMfmL6Bu3GfGhhWfaCxY9LDQm77Xopump","","","","","","","","","","","","","","","","","","","","","","","","","","","","","","","","","","","","","","","","","","","","5.747e-7","","","","","","2026-07-21T05:17:10.071Z",""
"Jimvader","4jECsFw53r9XpU727ffxz9xToiawyE5XE1xK7WPbpump","62","0.100000001","","","","","","","","","","","","","","","","","","","","","","","","","","","","","","","","","","","","0.000004511","","","","","","","2026-07-21T05:17:10.125Z","","","","","",""
"GMEBULL","Afkzqn6vyc6273Eoxnv8YttCFdTUHDCnw3YhPNvhpump","","","","","","","","","","","","","","","","","","","","","","","","","","","","","","","","","","","","","","","","","","","","5.523e-9","","","","","","2026-07-21T05:17:10.152Z",""
"Mermaid","GSDvQgucsRBKNsi76Aj5TJgweNGWKg1RNXNes34Bpump","58","2.962962961","","","","","","","","","","","","","","","","","","","","","","","","","","","","","","","","","","","","0.000003125","","","","","","","2026-07-21T05:18:09.985Z","","","","","",""
"JACO","A2PbVocdnEurmW4YENZMsX15sQTqAsDyq8KB6banAJsa","64","12","","","","","","","","","","","","","","","","","","","","","","","","","","","","","","","","","","","","0.000009119","","","","","","","2026-07-21T05:18:10.024Z","","","","","",""
"Cc","5hzibb3zuC8uG5gZKdFQoxAirnD1jCEn3uny4nhmpump","99","1.000000001","","","","","","","","","","","","","","","","","","","","","","","","","","","","","","","","","","","","0.000002806","","","","","","","2026-07-21T05:18:10.061Z","","","","","",""
"CAT","3avpwhgsuG9UdGH6KJrRTrABDMurNSzu1ZSyFov1pump","","","","","","","","","","","","","","","","","","","","","","","","","","","","","","","","","","","","","","","","","","","","3.33e-7","","","","","","2026-07-21T05:18:10.148Z",""
"CashPippin","xMhLJ7cmsSWUBfSC3u2H9k57U2Tgn8hvhpadM64pump","85","14.814814813","","","","","","","","","","","","","","","","","","","","","","","","","","","","","","","","","","","","0.000004735","","","","","","","2026-07-21T05:19:09.940Z","","","","","",""
"Cc","ERaSovSfZtkVUsnneTjtSpV84xRKv97duND6Rk2opump","","","","","","","","","","","","","","","","","","","","","","","","","","","","","","","","","","","","","","","","","","","","2.394e-7","","","","","","2026-07-21T05:19:09.973Z",""
"CHOCI","DYob93ofjPBBURvqi4RnFfsZnjxgbtkK37WdQWvDpump","","","","","","","","","","","","","","","","","","","","","","","","","","","","","","","","","","","","","","","","","","","","0.000002285","","","","","","2026-07-21T05:19:10.051Z",""
"BULLRUN","G6YB7zmpJ436HNXcqwdGRj2RrHvggWxmHMfKpWedpump","77","7.88148148","","","","","","","","","","","","","","","","","","","","","","","","","","","","","","","","","","","","0.000006495","","","","","","","2026-07-21T05:20:09.958Z","","","","","",""
"Cc","3t2oc8AhT2n3PjwjtepJHSuJQMynwfVZmTPnMEyypump","92","1.000000001","","","","","","","","","","","","","","","","","","","","","","","","","","","","","","","","","","","","0.000001536","","","","","","","2026-07-21T05:20:09.989Z","","","","","",""
"Cc","CKcya71eDmPYwqGk83BHJA8ZwPjGYBiJt6txMR5Dpump","95","1.000000001","","","","","","","","","","","","","","","","","","","","","","","","","","","","","","","","","","","","0.00000432","","","","","","","2026-07-21T05:20:10.043Z","","","","","",""
"CHOCI","5Hevq8K5AnwDkWnqw5pBaHv8RUfbNCF2KnRJ2bSLpump","80","15.692729757","","","","","","","","","","","","","","","","","","","","","","","","","","","","","","","","","","","","0.000003087","","","","","","","2026-07-21T05:20:10.073Z","","","","","",""
"TRUMPET","67Cbp6Hv4LULRckcsypxUgXPi633yw86LdNwHdQepump","","","","","","","","","","","","","","","","","","","","","","","","","","","","","","","","","","","","","","","","","","","","1.036e-7","","","","","","2026-07-21T05:21:10.018Z",""
"Cc","GRQd5EmJVfmU5ZDM6vcBPvZNsnofXD1qYkAuC1pZpump","","","","","","","","","","","","","","","","","","","","","","","","","","","","","","","","","","","","","","","","","","","","5.255e-7","","","","","","2026-07-21T05:22:09.938Z",""
"CAT","5KyZ3LTvj5hndYgVqP2YGD5QzfCS83wo2o9EFsiPpump","79","0.110000001","","","","","","","","","","","","","","","","","","","","","","","","","","","","","","","","","","","","0.000004719","","","","","","0.000001518","2026-07-21T05:22:09.971Z","","","","","2026-07-21T05:26:09.926Z",""
"Kaioh","Esk6Tmqh7Hb54Nz7RcDJyq3KqYnBiWDGB63ZT2ncpump","58","3","","","","","","","","","","","","","","","","","","","","","","","","","","","","","","","","","","","","0.000002184","","","","","","","2026-07-21T05:22:10.014Z","","","","","",""
"JACO","54bpGs6y61ejH6Zu5jFu6TTjXvokkEgvCdvgmLe5pump","57","1.97530864","","","","","","","","","","","","","","","","","","","","","","","","","","","","","","","","","","","","0.000002184","","","","","","","2026-07-21T05:22:10.096Z","","","","","",""
"CHOCI","Ewz6miju8SsDhfjphPK3dua6rH6L49177h6Hv9dApump","","","","","","","","","","","","","","","","","","","","","","","","","","","","","","","","","","","","","","","","","","","","0.000002285","","","","","","2026-07-21T05:23:10.005Z",""
"PUMP-GPU","4v5SzmPypKCArYFUzfj7GZiqSKba9Nyt5EpYPvDSpump","","","","","","","","","","","","","","","","","","","","","","","","","","","","","","","","","","","","","","","","","","","","0.000002184","","","","","","2026-07-21T05:23:10.064Z",""
"Cc","FAdhuz6NcVXuFXBZMBttXsLFF2xneDpg39DvV8Cvpump","79","0.100000001","","","","","","","","","","","","","","","","","","","","","","","","","","","","","","","","","","","","0.000002962","","","","","","3.426e-8","2026-07-21T05:24:10.007Z","","","","","2026-07-21T05:28:09.993Z",""
"SIN","DWLRTR1mbxtL7Ffs1WSFE1NASJqf9FV1GMW1FpfBpump","","","","","","","","","","","","","","","","","","","","","","","","","","","","","","","","","","","","","","","","","","","","3.244e-7","","","","","","2026-07-21T05:24:10.040Z",""
"比个 Four","FjFcMekJt6mA8CirCFXsTZU8BDE6cgScDQF1PiRgpump","63","3","","","","","","","","","","","","","","","","","","","","","","","","","","","","","","","","","","","","0.000002188","","","","","","","2026-07-21T05:24:10.077Z","","","","","",""
"PPC","9fDDuYDJu4iWMLixsyJeGXeLzLbt1RxYeRjNaVCTpump","","","","","","","","","","","","","","","","","","","","","","","","","","","","","","","","","","","","","","","","","","","","5.587e-8","","","","","","2026-07-21T05:24:10.114Z",""
"WWAVE","9u4DNXRtqkvdvLqnvqRhv9hxNPgKM1kiNGxv3tmXpump","61","0.060000001","","","","","","","","","","","","","","","","","","","","","","","","","","","","","","","","","","","","0.00000686","","","","","","","2026-07-21T05:25:09.929Z","","","","","",""
"CHOCI","CVYwyLYXo2xRScCgac3imvPYt5SpVN5xLbFdHoAkpump","","","","","","","","","","","","","","","","","","","","","","","","","","","","","","","","","","","","","","","","","","","","0.000002439","","","","","","2026-07-21T05:25:09.962Z",""
"stingray","7Q3q4Leh6YUSR3jLFxu3yhdRC3hc1m5vVVPqNorKpump","56","3","","","","","","","","","","","","","","","","","","","","","","","","","","","","","","","","","","","","0.00000227","","","","","","","2026-07-21T05:25:09.994Z","","","","","",""
"Cc","GoU7JH5dHVxTtUgZTMTY7pPyPT35be3N6riV3qFWpump","","","","","","","","","","","","","","","","","","","","","","","","","","","","","","","","","","","","","","","","","","","","1.19e-7","","","","","","2026-07-21T05:25:10.030Z",""
"JACO","2GxQCTdBbyNJuKBBxHoPRpMQwmy8uUHwnDNexXqMpump","63","3","","","","","","","","","","","","","","","","","","","","","","","","","","","","","","","","","","","","0.000002293","","","","","","","2026-07-21T05:26:09.960Z","","","","","",""
"MC250","DtPeqqaL4uXrHMxLjEGkqKdjd1zdbnk7aLCcXnTXpump","","","","","","","","","","","","","","","","","","","","","","","","","","","","","","","","","","","","","","","","","","","","2.999e-7","","","","","","2026-07-21T05:26:09.992Z",""
"TST","7LihX1jmU1x181VCk9o4JxvD3WG8hnEUspVULtrZpump","65","0.5","","","","","","","","","","","","","","","","","","","","","","","","","","","","","","","","","","","","0.00005572","","","","","","","2026-07-21T05:26:10.028Z","","","","","",""
"MC250","9eXd1MuGSHCeqxspRuTkZAXoctTV5zL7gsTrmWYfpump","","","","","","","","","","","","","","","","","","","","","","","","","","","","","","","","","","","","","","","","","","","","1.438e-7","","","","","","2026-07-21T05:27:09.994Z",""
"GMEBULL","6qBsGUheJW7NouxxaigAVC1W3kMD2mEFe215WkJvpump","","","","","","","","","","","","","","","","","","","","","","","","","","","","","","","","","","","","","","","","","","","","4.233e-7","","","","","","2026-07-21T05:27:10.026Z",""
"girl","DfDc4BrCrozMii2tNK3iZ4djtVARwjLx45o4u7AXpump","","","","","","","","","","","","","","","","","","","","","","","","","","","","","","","","","","","","","","","","","","","","7.204e-7","","","","","","2026-07-21T05:27:10.057Z",""
"TOM","HiaJ7Qah5PzUURsTWapekUvUiy3wT39oN3M9bBDVVPss","61","4.938271603","","","","","","","","","","","","","","","","","","","","","","","","","","","","","","","","","","","","0.000002296","","","","","","","2026-07-21T05:27:10.089Z","","","","","",""
"SBull","AYiRgbXmA1kBcsUgKotuHdSDHoUC72KLDKnim1xfpump","","","","","","","","","","","","","","","","","","","","","","","","","","","","","","","","","","","","","","","","","","","","2.488e-7","","","","","","2026-07-21T05:28:09.930Z",""
"CHOCI","dFhYkwLijEfaGXu1tGGFjGRzciTF7yLmLPcXzp9pump","","","","","","","","","","","","","","","","","","","","","","","","","","","","","","","","","","","","","","","","","","","","0.000002299","","","","","","2026-07-21T05:28:09.961Z",""
"Clarity","khSZ2eGSPRVWHizwGaDxDQa1z5uAJ5xVsSkfgeUpump","57","1.97530864","","","","","","","","","","","","","","","","","","","","","","","","","","","","","","","","","","","","0.000003603","","","","","","","2026-07-21T05:29:09.935Z","","","","","",""
"fancat","8UUxZ2fJh7SgMN6JVBPXRewF26F5gXFMpyrYkfxupump","62","5","","","","","","","","","","","","","","","","","","","","","","","","","","","","","","","","","","","","0.000008707","","","","","","","2026-07-21T05:29:09.963Z","","","","","",""
"fancats","AVL9pnuJrHrcJ2G7SNhmZjkQz5FbwWuVD2qCY4eGpump","58","3","","","","","","","","","","","","","","","","","","","","","","","","","","","","","","","","","","","","0.000003422","","","","","","","2026-07-21T05:30:10.016Z","","","","","",""
"TBM","MM4YrMA75gpqHXGZ8VgUDoD7ERzRa86fENwXAmDpump","","","","","","","","","","","","","","","","","","","","","","","","","","","","","","","","","","","","","","","","","","","","2.462e-7","","","","","","2026-07-21T05:30:10.050Z",""
"WSHC","96TEdYSb4qNQ5TGUuFLCEQ9mEeuxKYfbyFcPPwBJpump","","","","","","","","","","","","","","","","","","","","","","","","","","","","","","","","","","","","","","","","","","","","3.905e-9","","","","","","2026-07-21T05:30:10.087Z",""
"CHOCI","FipjrLwy3ziwJuZkfxfBCoRYmWYYnjia9iEt7vSqpump","","","","","","","","","","","","","","","","","","","","","","","","","","","","","","","","","","","","","","","","","","","","0.000002278","","","","","","2026-07-21T05:30:10.124Z",""
"WWAVE","F2VsUvwBQfV4vLiyftNuCckW4DgcANanpkYwnaxApump","","","","","","","","","","","","","","","","","","","","","","","","","","","","","","","","","","","","","","","","","","","","4.153e-7","","","","","","2026-07-21T05:31:09.971Z",""
"Snoozecoi","FVWrAPzE3ydMUMcB55izmftLK8UeHGgqZs6Z8ExBpump","","","","","","","","","","","","","","","","","","","","","","","","","","","","","","","","","","","","","","","","","","","","2.568e-7","","","","","","2026-07-21T05:31:10.050Z",""
"RITHWIK","4hp5rrbMGvT4gum8JN3LbihGAhZ3mwUM2z4Rtrhupump","60","5","","","","","","","","","","","","","","","","","","","","","","","","","","","","","","","","","","","","0.000002189","","","","","","","2026-07-21T05:31:10.084Z","","","","","",""
"fancat","FZdv7Vpabo5q6RXXAmbWwmeqQK4EYXCtWt1wjZbJpump","56","3","","","","","","","","","","","","","","","","","","","","","","","","","","","","","","","","","","","","0.000002298","","","","","","","2026-07-21T05:32:09.922Z","","","","","",""
"Cat","F7LgHgyovaz5cySbeEubMcDTavZCVvjwmVu1Drampump","58","3","","","","","","","","","","","","","","","","","","","","","","","","","","","","","","","","","","","","0.00000227","","","","","","","2026-07-21T05:32:09.952Z","","","","","",""
"CHOCI","FD83HrkEgxBB1dwf2sEfnUZyH7nfKYyi4KYHp7gcpump","","","","","","","","","","","","","","","","","","","","","","","","","","","","","","","","","","","","","","","","","","","","0.000002283","","","","","","2026-07-21T05:32:09.981Z",""
"WSHC","J6itgoHNWM7jFJqU92X8j4YzxvBq2n2aUmHerbWEpump","82","0.060000001","","","","","","","","","","","","","","","","","","","","","","","","","","","","","","","","","","","","0.000001648","","","","","","","2026-07-21T05:32:10.016Z","","","","","",""
"Überjeet","Cn24k4cbUD5w6Wg8V1M2CYwvpyScMR3N1bq9omKvpump","97","4.938271603","","","","","","","","","","","","","","","","","","","","","","","","","","","","","","","","","","","","0.000002496","","","","","","","2026-07-21T05:33:09.942Z","","","","","",""
"WWAVE","DwrLR8dxZdHLm6HV9rZ5WMyQHrRRJWWkG4D1Jod3pump","","","","","","","","","","","","","","","","","","","","","","","","","","","","","","","","","","","","","","","","","","","","4.288e-7","","","","","","2026-07-21T05:33:10.029Z",""
"wifhood ","64jvFMGUCfaGFZY5ao5ooQiHVtbyMtUSCzTMHJY8pump","59","0.090000001","","","","","","","","","","","","","","","","","","","","","","","","","","","","","","","","","","","","0.000002624","","","","","","","2026-07-21T05:34:09.973Z","","","","","",""
"CHOCI","tyVVa1dABKnV35XmT7nUmQTvBsD4FmZxv6kHkTrpump","","","","","","","","","","","","","","","","","","","","","","","","","","","","","","","","","","","","","","","","","","","","0.000002359","","","","","","2026-07-21T05:34:10.006Z",""
"fancats","BvQoyrgr2F4WKpGSf7w7TrmfJq5kHhebDUmNqpPWpump","57","1.97530864","","","","","","","","","","","","","","","","","","","","","","","","","","","","","","","","","","","","0.000002225","","","","","","","2026-07-21T05:34:10.071Z","","","","","",""
"JOTCHUA","3JYTWTyXygWB1LmAwhFRWitTbCy6Rz2LLcQ7q6XEYhuT","","","","","","","","","","","","","","","","","","","","","","","","","","","","","","","","","","","","","","","","","","","","0.00000219","","","","","","2026-07-21T05:35:09.927Z",""
"CTO","CtMpMGLuocTKpauwsxoPXUxrwPGVmox28bsMfp1Bpump","55","5","","","","","","","","","","","","","","","","","","","","","","","","","","","","","","","","","","","","0.00001179","","","","","","","2026-07-21T05:35:09.954Z","","","","","",""
"RAGE","HvTnny9E9wKiT8cGh3DMP54B3RYbor8sbvbNoRVipump","60","1.000000001","","","","","","","","","","","","","","","","","","","","","","","","","","","","","","","","","","","","0.000003701","","","","","","","2026-07-21T05:35:10.004Z","","","","","",""
"eCOIN","33BaYnN136r5wMWRXhthXWwxwGyGTiTrAZ2yH5zqpump","100","0.282220132","","","","","","","","","","","","","","","","","","","","","","","","","","","","","","","","","","","","0.000002202","","","","","","","2026-07-21T05:35:10.032Z","","","","","",""
"2026FIFA","AcHzgTAzwuibBijdf1hq6T5yakwA2CfJa5Myx8gpump","","","","","","","","","","","","","","","","","","","","","","","","","","","","","","","","","","","","","","","","","","","","8.584e-7","","","","","","2026-07-21T05:36:09.990Z",""
"CTO","DA95D563zYdNeg5YJWiRDKUbgyvNMzTzgVpXdizbPVLM","59","5","","","","","","","","","","","","","","","","","","","","","","","","","","","","","","","","","","","","0.000002259","","","","","","","2026-07-21T05:36:10.028Z","","","","","",""
"NORIBULL","9fbDctB9Lzi3AnaSKyYZfoS8LrT6PpwxuvPeNdmhpump","","","","","","","","","","","","","","","","","","","","","","","","","","","","","","","","","","","","","","","","","","","","2.087e-7","","","","","","2026-07-21T05:36:10.064Z",""
"SBULLISH","BmJtFx3VatCGpfrBwRxa4jgvm9XoJTkNS8jFKpLcpump","","","","","","","","","","","","","","","","","","","","","","","","","","","","","","","","","","","","","","","","","","","","5.436e-7","","","","","","2026-07-21T05:36:10.100Z",""
"CTO","CaZMe3UM1PAmw2SFfEcspqQN1G6TpUuLg79JwP7Jpump","","","","","","","","","","","","","","","","","","","","","","","","","","","","","","","","","","","","","","","","","","","","0.000002303","","","","","","2026-07-21T05:37:10.018Z",""
"CHOCI","HgMmCURYj3eP5NgNwMpPQUyvv4DdyvS1LrmNyXRipump","","","","","","","","","","","","","","","","","","","","","","","","","","","","","","","","","","","","","","","","","","","","0.000002278","","","","","","2026-07-21T05:37:10.049Z",""
"CTO","8zQ89QjtKQRAyQ6wohzPJxYzQyDPphzky5bQR3Fjpump","61","5","","","","","","","","","","","","","","","","","","","","","","","","","","","","","","","","","","","","0.000002308","","","","","","","2026-07-21T05:37:10.103Z","","","","","",""
"CTO","AAG9pM3HLHaHDv1P7z46qZVvW7MVcbttJgBF89eYpump","62","5","","","","","","","","","","","","","","","","","","","","","","","","","","","","","","","","","","","","0.000002231","","","","","","","2026-07-21T05:37:10.137Z","","","","","",""
"BULLRUN","F5kZBss2PTCx7tF1NQjQJbTi6WaunkcaweBFZai7pump","77","7.88148148","","","","","","","","","","","","","","","","","","","","","","","","","","","","","","","","","","","","0.000008292","","","","","","","2026-07-21T05:38:09.963Z","","","","","",""
"NORIBULL","8DV1p2iQi2ECJoDYm6EvkmMPTCVxrF4tvZp4Fsujpump","58","0.300000001","","","","","","","","","","","","","","","","","","","","","","","","","","","","","","","","","","","","0.00000219","","","","","","","2026-07-21T05:38:09.989Z","","","","","",""
"LAMCOIN ","9bg9h4b1YFczg9JPgmqWxiPXdMEnvqfCC9toxRWqpump","","","","","","","","","","","","","","","","","","","","","","","","","","","","","","","","","","","","","","","","","","","","7.548e-8","","","","","","2026-07-21T05:38:10.040Z",""
"fancat","GgFu1uCVNXnEo5FmMG3z2nNKVoUjmMRyGBtaqFcrpump","93","4.938271603","","","","","","","","","","","","","","","","","","","","","","","","","","","","","","","","","","","","0.00000219","","","","","","","2026-07-21T05:38:10.067Z","","","","","",""
"RAGE","52kESxtm86pwGCBLzieX5dUixzQREzdACXqqCATWpump","","","","","","","","","","","","","","","","","","","","","","","","","","","","","","","","","","","","","","","","","","","","1.645e-7","","","","","","2026-07-21T05:39:09.921Z",""
"HOOT","EBctRetsCdBUEj5B4uS5AzC8QsnouFS2MyvTwsNtpump","","","","","","","","","","","","","","","","","","","","","","","","","","","","","","","","","","","","","","","","","","","","9.773e-8","","","","","","2026-07-21T05:39:09.977Z",""
"CHOCI","Aqa2HY5B3X4LZsvinfRL9PJmrSeUtaz5N7nB1MpJpump","","","","","","","","","","","","","","","","","","","","","","","","","","","","","","","","","","","","","","","","","","","","0.000002281","","","","","","2026-07-21T05:39:10.011Z",""
"GME","5KGAip1WmDQvNE79ZjK4LsgiGqzR19fvUqQKucSppump","","","","","","","","","","","","","","","","","","","","","","","","","","","","","","","","","","","","","","","","","","","","1.41e-7","","","","","","2026-07-21T05:41:09.995Z",""
"NPC","G1drHoEE3NqvJTJHQbPkGSCbeKhHMJBBfauJTeCvpump","70","4.938271603","","","","","","","","","","","","","","","","","","","","","","","","","","","","","","","","","","","","0.000003895","","","","","","","2026-07-21T05:41:10.057Z","","","","","",""
"wifhood ","6mcbhXM8uqjcBBQaECVfu71LatT4wTT7EKaKFhYppump","","","","","","","","","","","","","","","","","","","","","","","","","","","","","","","","","","","","","","","","","","","","3.928e-7","","","","","","2026-07-21T05:42:10.001Z",""
"Clarity","HNmYu4nB6B6XdfVYk3pdL7vLMqTEYrcSQnFSAstSpump","63","2.962962961","","","","","","","","","","","","","","","","","","","","","","","","","","","","","","","","","","","","0.000002311","","","","","","","2026-07-21T05:42:10.031Z","","","","","",""
"WWAVE","CpcT4QRryTMJHe1wSwTudB3PVARaQgXimS2ovSD4pump","","","","","","","","","","","","","","","","","","","","","","","","","","","","","","","","","","","","","","","","","","","","9.961e-7","","","","","","2026-07-21T05:42:10.064Z",""
"ALLEARS","589TcZve4KLkRVUTaSoFGZ8jH67R5bwUzgaBYFwVpump","","","","","","","","","","","","","","","","","","","","","","","","","","","","","","","","","","","","","","","","","","","","1.126e-8","","","","","","2026-07-21T05:42:10.096Z",""
"PTC","Ac5cu4XMmhSMuomG8Ef16qmdZfMDsMD65BDbCKo5pump","","","","","","","","","","","","","","","","","","","","","","","","","","","","","","","","","","","","","","","","","","","","1.742e-7","","","","","","2026-07-21T05:43:09.987Z",""
"SHIPSEM","FPSf8DaSY2V8NRfjjjfQ2JGbYAp68ZsS8u7AUhJtpump","63","3","","","","","","","","","","","","","","","","","","","","","","","","","","","","","","","","","","","","0.000002205","","","","","","","2026-07-21T05:43:10.015Z","","","","","",""
"10TH","43nXo5DcoCLF8AMGwac3khdMeF17sV4XoWFwPe4Kpump","66","0.098765431","","","","","","","","","","","","","","","","","","","","","","","","","","","","","","","","","","","","0.0001457","","","","","","1.447e-7","2026-07-21T05:43:10.065Z","","","","","2026-07-21T05:47:09.977Z",""
"wifhood ","HSWooLkSZNLZzm4hFAmd1FHKE483kZ9PrXi2cZfmpump","","","","","","","","","","","","","","","","","","","","","","","","","","","","","","","","","","","","","","","","","","","","5.126e-8","","","","","","2026-07-21T05:43:10.154Z",""
"RAGE","8Hkn4roJ2hTArBEHd8kntNSxGDSSHN4y4qmH8Wa8pump","","","","","","","","","","","","","","","","","","","","","","","","","","","","","","","","","","","","","","","","","","","","3.166e-7","","","","","","2026-07-21T05:44:10.015Z",""
"M44","BMLynm7fpfd8bpFRiF5TCEuD7GfhbLCmYeUGZRJdpump","","","","","","","","","","","","","","","","","","","","","","","","","","","","","","","","","","","","","","","","","","","","2.579e-7","","","","","","2026-07-21T05:45:09.985Z",""
"Clarity","FzMzSsroUnaV1GZKRCZVdqKo5g7uxDnED5SYXWSYpump","63","2.962962961","","","","","","","","","","","","","","","","","","","","","","","","","","","","","","","","","","","","0.0000027","","","","","","","2026-07-21T05:45:10.019Z","","","","","",""
"kitty","BfDBP1AHkRGWYXxYrrL3hucR482SeZfYtqAT5iDZpump","","","","","","","","","","","","","","","","","","","","","","","","","","","","","","","","","","","","","","","","","","","","1.521e-8","","","","","","2026-07-21T05:45:10.081Z",""
"NORIBULL","Fry6pXKBU6iC7tGuo5eS5pvbU4vRznf4RSY6FqRYpump","","","","","","","","","","","","","","","","","","","","","","","","","","","","","","","","","","","","","","","","","","","","9.027e-7","","","","","","2026-07-21T05:46:09.967Z",""
".01","5WfCeMPE9rk1ZmBEi1SBGzYpCKc3in7B6Yacbx5npump","","","","","","","","","","","","","","","","","","","","","","","","","","","","","","","","","","","","","","","","","","","","8.26e-8","","","","","","2026-07-21T05:46:10.001Z",""
".01","DK3kTFccnchZYziYqvFP12CcC7qHN7VjR1zaoN1Vpump","","","","","","","","","","","","","","","","","","","","","","","","","","","","","","","","","","","","","","","","","","","","7.652e-8","","","","","","2026-07-21T05:46:10.030Z",""
"GMEBULL","9a2AcAE57ydDH2b4ZUDKx4tuCXo1H67yp2KT1bAApump","","","","","","","","","","","","","","","","","","","","","","","","","","","","","","","","","","","","","","","","","","","","5.297e-8","","","","","","2026-07-21T05:46:10.065Z",""
"meercat","8K6e5wuJQ71o9dTfMD8J6SSkYkyRUpX7AG41CCLgpump","76","7.407407405","","","","","","","","","","","","","","","","","","","","","","","","","","","","","","","","","","","","0.000003626","","","","","","","2026-07-21T05:48:10.068Z","","","","","",""
"Candy","4GTYGSqWGLaHumxK6DgwdV42QoA8QqSgU19bGwd3pump","63","3","","","","","","","","","","","","","","","","","","","","","","","","","","","","","","","","","","","","0.000002434","","","","","","","2026-07-21T05:48:10.096Z","","","","","",""
"JUST","A5BpMMKNVvXe8YEzgvmyWVSSyZBzqyhyUMX53kjppump","58","3","","","","","","","","","","","","","","","","","","","","","","","","","","","","","","","","","","","","0.00000222","","","","","","","2026-07-21T05:48:10.121Z","","","","","",""
".01","41tF2yjUbQnGsxjTb3g3C3i5CPNKxdLSTkMrZSN8pump","","","","","","","","","","","","","","","","","","","","","","","","","","","","","","","","","","","","","","","","","","","","1.841e-8","","","","","","2026-07-21T05:49:10.021Z",""
"unc","7rhwrJBNdEpHrsYbpqetfsAXD2Da2GxBpeh1cSkApump","","","","","","","","","","","","","","","","","","","","","","","","","","","","","","","","","","","","","","","","","","","","2.919e-7","","","","","","2026-07-21T05:50:09.921Z",""
".01","k8vpRWgFn3GVqmaMLEN73x2TdFHHbfAfHMjAG81pump","","","","","","","","","","","","","","","","","","","","","","","","","","","","","","","","","","","","","","","","","","","","1.064e-8","","","","","","2026-07-21T05:50:09.947Z",""
"THE","2Jmij3VUz8Uh6xNCGn3AteteRiQkfWVrnXvLiJJQpump","","","","","","","","","","","","","","","","","","","","","","","","","","","","","","","","","","","","","","","","","","","","0.000002192","","","","","","2026-07-21T05:50:09.973Z",""
"never","s5xTySLnCXNcs4CC8965b3vwgAZjKhs3pz12e8Wpump","80","10","","","","","","","","","","","","","","","","","","","","","","","","","","","","","","","","","","","","0.00001278","","","","","","0.000003816","2026-07-21T05:50:10.005Z","","","","","2026-07-21T05:54:10.133Z",""
"SRNE","5qbatNq15o2F7vqJnYVY5imn76Bg5jxpaLPT6hJKpump","64","3.160493826","","","","","","","","","","","","","","","","","","","","","","","","","","","","","","","","","","","","0.000002322","","","","","","","2026-07-21T05:51:09.931Z","","","","","",""
"PVE-2","HtRrFVS6W4jgWaKZmifro2w9J6FSzCNgnDV2qnzApump","98","1.5","","","","","","","","","","","","","","","","","","","","","","","","","","","","","","","","","","","","0.000003614","","","","","","0.000002314","2026-07-21T05:51:09.964Z","","","","","2026-07-21T05:53:10.073Z",""
".01","9y3zUeZDK63Ls9Fu3CwFbmLwLEg1bZay5KmR4ufapump","","","","","","","","","","","","","","","","","","","","","","","","","","","","","","","","","","","","","","","","","","","","3.863e-8","","","","","","2026-07-21T05:51:09.997Z",""
"Frog","AtvuXZJJdXH2Vi7tvxg3Ddunm3N39HByonuPRozwpump","56","3","","","","","","","","","","","","","","","","","","","","","","","","","","","","","","","","","","","","0.000002301","","","","","","","2026-07-21T05:52:09.913Z","","","","","",""
"ART","47PkfoxtGmTxcPjC17D4hHMSHo9tMWzXZS4dYJjMpump","","","","","","","","","","","","","","","","","","","","","","","","","","","","","","","","","","","","","","","","","","","","4.55e-8","","","","","","2026-07-21T05:53:09.933Z",""
"BLUE","F8rzz1hbKsPCUTcy1ontd7qYQgFj8D1euojApvGFpump","64","5","","","","","","","","","","","","","","","","","","","","","","","","","","","","","","","","","","","","0.000002386","","","","","","","2026-07-21T05:55:09.994Z","","","","","",""
"PACKS","6dJTX6tbeLS21tDzwwaVDxhyhHtgxQEGymANfp2Qpump","57","1.97530864","","","","","","","","","","","","","","","","","","","","","","","","","","","","","","","","","","","","0.000009702","","","","","","","2026-07-21T05:55:10.024Z","","","","","",""
"atm","DwVadvAbZUUXXDN3nMMiAFicvrM1Dc1gg6BSnsXxpump","","","","","","","","","","","","","","","","","","","","","","","","","","","","","","","","","","","","","","","","","","","","2.097e-7","","","","","","2026-07-21T05:55:10.080Z",""
"JACOBIAN","BFU6bHtNc8MHenA8A3uChEHUreQNE4EaPAFkundDpump","","","","","","","","","","","","","","","","","","","","","","","","","","","","","","","","","","","","","","","","","","","","1.744e-7","","","","","","2026-07-21T05:56:09.932Z",""
"GMEBULL","8idpgxqLEraKXJ9ygHDmBES4wboY137Xmk5e5Kx5pump","","","","","","","","","","","","","","","","","","","","","","","","","","","","","","","","","","","","","","","","","","","","5.287e-9","","","","","","2026-07-21T05:56:09.968Z",""
"atm","E7r88huuwfv9CacFeJz8UArK9w6HpnDFd5G8km2Lpump","58","0.060000001","","","","","","","","","","","","","","","","","","","","","","","","","","","","","","","","","","","","0.000001602","","","","","","","2026-07-21T05:57:10.112Z","","","","","",""
"picat ","8j9wk9Ld4VnBLBeSQjWkXqXZWVK1j7DmT7vcXYUZpump","62","0.150000001","","","","","","","","","","","","","","","","","","","","","","","","","","","","","","","","","","","","0.000002959","","","","","","","2026-07-21T05:57:10.145Z","","","","","",""
".01","BHUpnKrwumFdkYB48PrfvVULYKEHnF2vPXEj4qQZpump","","","","","","","","","","","","","","","","","","","","","","","","","","","","","","","","","","","","","","","","","","","","4.869e-7","","","","","","2026-07-21T05:57:10.197Z",""
"MPC","3E4EhA3PPG6KH7yWRuFHUGJKuq9sb64thf8RKosCpump","","","","","","","","","","","","","","","","","","","","","","","","","","","","","","","","","","","","","","","","","","","","5.554e-8","","","","","","2026-07-21T05:57:10.269Z",""
"DADDY","VNP6QQw8nXb7ZARLBNEteanypvoieTNYkmeq6rapump","","","","","","","","","","","","","","","","","","","","","","","","","","","","","","","","","","","","","","","","","","","","4.299e-7","","","","","","2026-07-21T05:58:09.968Z",""
".01","6zjdBcTyYRKL2Gc9EQrzUtaopDHV4egf6AfbFJG1pump","","","","","","","","","","","","","","","","","","","","","","","","","","","","","","","","","","","","","","","","","","","","1.367e-7","","","","","","2026-07-21T05:58:10.004Z",""
"GMEBULL","8iFRopYfmvnMjSgNakdHjxpRFk6yPMxdeVVFKBwMpump","","","","","","","","","","","","","","","","","","","","","","","","","","","","","","","","","","","","","","","","","","","","1.887e-7","","","","","","2026-07-21T05:59:09.921Z",""
"CATO","gRYoFsaizVWeqkenvhdpB1rtHFZbjHHdMBDFx9Rpump","63","2.962962961","","","","","","","","","","","","","","","","","","","","","","","","","","","","","","","","","","","","0.000002233","","","","","","","2026-07-21T05:59:09.953Z","","","","","",""
"atm","Fcq1NQi3aep8bvo4ySEGSQcqt7hwJoasFakgCfv2pump","","","","","","","","","","","","","","","","","","","","","","","","","","","","","","","","","","","","","","","","","","","","2.869e-7","","","","","","2026-07-21T05:59:09.983Z",""
"FIFA26","HtBui58G9JFC6WJQZGMKYhUromkSfRq3vgVcAAeUpump","","","","","","","","","","","","","","","","","","","","","","","","","","","","","","","","","","","","","","","","","","","","9.525e-8","","","","","","2026-07-21T05:59:10.017Z",""
"EDEN","3QVqpoJRyPui9qQgEPNCzHCy8PGHPDVHajZ229Vspump","","","","","","","","","","","","","","","","","","","","","","","","","","","","","","","","","","","","","","","","","","","","2.329e-8","","","","","","2026-07-21T06:00:09.999Z",""
".01","CCGLrps4CxoXY4dW8rEkS6aJGwMycKKQCFesevLhpump","","","","","","","","","","","","","","","","","","","","","","","","","","","","","","","","","","","","","","","","","","","","2.049e-8","","","","","","2026-07-21T06:00:10.028Z",""
"SKFIGHT","EvzQC57EGUE7v5zK64ReU4hYXR8G4SSZRePFrMugpump","","","","","","","","","","","","","","","","","","","","","","","","","","","","","","","","","","","","","","","","","","","","3.207e-7","","","","","","2026-07-21T06:00:10.061Z",""
"Smush","1MdTQUr4BPCvQjVFPctp9M8rJ75UiV7qCBG3zvtpump","70","1","","","","","","","","","","","","","","","","","","","","","","","","","","","","","","","","","","","","0.000004099","","","","","","","2026-07-21T06:00:10.085Z","","","","","",""
"Eggdog","D2asQVW4fDPwkT95zUTUgFKhsUDMxhqMPVePEu7Npump","63","3","","","","","","","","","","","","","","","","","","","","","","","","","","","","","","","","","","","","0.000002191","","","","","","","2026-07-21T06:01:10.034Z","","","","","",""
"mesk","8YCM9eDYaD2H7UjeWxcRdkwXkUcXFp1CE5RkPhXcpump","96","4.938271603","","","","","","","","","","","","","","","","","","","","","","","","","","","","","","","","","","","","0.000002211","","","","","","","2026-07-21T06:01:10.063Z","","","","","",""
"TERP","DWD3jYhButcSd8ZxPyvDvpxgbP29E3wbz5SCwEz7pump","71","5","","","","","","","","","","","","","","","","","","","","","","","","","","","","","","","","","","","","0.000002233","","","","","","","2026-07-21T06:01:10.093Z","","","","","",""
"AI","6rz6ED1gdve7PweKKgiQiX2J7BHTithKHQPqVhGKpump","","","","","","","","","","","","","","","","","","","","","","","","","","","","","","","","","","","","","","","","","","","","2.165e-8","","","","","","2026-07-21T06:01:10.122Z",""
".01","B81KXtq9BLZW1jAtnkSM3UYXpzZfSTjtzaD9oQ9Rpump","57","0.13","","","","","","","","","","","","","","","","","","","","","","","","","","","","","","","","","","","","0.000003156","","","","","","","2026-07-21T06:02:09.908Z","","","","","",""
"RMCP","24rjUor4qEJqYSTRqCr5ZnLBtuzytChDDcHdV28ipump","","","","","","","","","","","","","","","","","","","","","","","","","","","","","","","","","","","","","","","","","","","","5.541e-7","","","","","","2026-07-21T06:03:09.983Z",""
"SKFIGHT","EzC8vq7USrapRvF6x1kbSjTc956AWxxK4Wz52uswpump","78","2.300000001","","","","","","","","","","","","","","","","","","","","","","","","","","","","","","","","","","","","0.000007407","","","","","","","2026-07-21T06:03:10.017Z","","","","","",""
"EPDO","nadQjGcnqcHzpWmuL5mc7iTwDJeieA3QsxRGt1ypump","","","","","","","","","","","","","","","","","","","","","","","","","","","","","","","","","","","","","","","","","","","","3.065e-7","","","","","","2026-07-21T06:03:10.055Z",""
"TABBYCAT","28hGbo3Vk4F2ERD6AyY5rEFpXMiwNpath1GwevKapump","59","2.370370369","","","","","","","","","","","","","","","","","","","","","","","","","","","","","","","","","","","","0.000002557","","","","","","","2026-07-21T06:03:10.094Z","","","","","",""
"SAA","8WZTMFUGWWeEFfscQcSW756ANbHFqa8HmGwN6Fwipump","58","3","","","","","","","","","","","","","","","","","","","","","","","","","","","","","","","","","","","","0.000002195","","","","","","","2026-07-21T06:04:09.926Z","","","","","",""
"FIFA26","mtiaLNY6z5c1JY6xKPq4JHoLTqmNjWynqQXwMRdpump","","","","","","","","","","","","","","","","","","","","","","","","","","","","","","","","","","","","","","","","","","","","6.13e-7","","","","","","2026-07-21T06:04:09.957Z",""
"tv","GxP8LfZuNDqSzNdi7devJNAFHQTCMCe7zAiJvgeMpump","","","","","","","","","","","","","","","","","","","","","","","","","","","","","","","","","","","","","","","","","","","","3.081e-7","","","","","","2026-07-21T06:04:10.009Z",""
"$snake ","EgpeBv95JgtNKYqAUTALaKjRThLd6CwmP2c6rRDtpump","","","","","","","","","","","","","","","","","","","","","","","","","","","","","","","","","","","","","","","","","","","","2.57e-7","","","","","","2026-07-21T06:04:10.041Z",""
"SAA","H8FHLFCJ2XZ7bVEHSp4PLvhxqBowbzf6NUSDvXiqpump","60","2.5","","","","","","","","","","","","","","","","","","","","","","","","","","","","","","","","","","","","0.000002195","","","","","","","2026-07-21T06:05:09.928Z","","","","","",""
"SAA","239BfHsHd21jQWxWp3yMsdJxBi4ZTVYPnn3D5ec5pump","57","2","","","","","","","","","","","","","","","","","","","","","","","","","","","","","","","","","","","","0.000002195","","","","","","","2026-07-21T06:05:09.962Z","","","","","",""
"BROKE","EQujG6pSJCGgCgdFGcyq3egfyy8LTLLgwXV1qWsipump","57","1.97530864","","","","","","","","","","","","","","","","","","","","","","","","","","","","","","","","","","","","0.000002257","","","","","","","2026-07-21T06:05:09.996Z","","","","","",""
"PESO ","7j2rBbHRKVKMsgpw1xuj1y9HMbPzQsFkctjopuxCpump","55","0.250000001","","","","","","","","","","","","","","","","","","","","","","","","","","","","","","","","","","","","0.00000221","","","","","","","2026-07-21T06:05:10.054Z","","","","","",""
"DICK","3A2JmmqEccj41t1qtcYXksGvupAM1ztM4Rn7QJjfpump","58","3","","","","","","","","","","","","","","","","","","","","","","","","","","","","","","","","","","","","0.000003898","","","","","","","2026-07-21T06:06:10.011Z","","","","","",""
"DICK","waSphrRR19kdRoMbTKHxsJVFasaHZcrfSpjEHzVpump","62","5","","","","","","","","","","","","","","","","","","","","","","","","","","","","","","","","","","","","0.00001117","","","","","","","2026-07-21T06:06:10.042Z","","","","","",""
"Habineh","C57VnqDDR2hE3DE31PBia9yvfcg528noS49skG9Upump","","","","","","","","","","","","","","","","","","","","","","","","","","","","","","","","","","","","","","","","","","","","0.000002342","","","","","","2026-07-21T06:06:10.080Z",""
"FEEN","AWowYRVoypbq4LhxGA8bcR3pA956KiavZjZ5JrXspump","67","0.142000001","","","","","","","","","","","","","","","","","","","","","","","","","","","","","","","","","","","","0.000003013","","","","","","","2026-07-21T06:06:10.163Z","","","","","",""
"coin","AKhCejhDN5731vssHouRD1nfkYQy8uufCJMf4cx6pump","","","","","","","","","","","","","","","","","","","","","","","","","","","","","","","","","","","","","","","","","","","","0.000001141","","","","","","2026-07-21T06:07:10.008Z",""
"1%","HjeYpovFmDLXNPrMR2p7LhTadh4qU2StvYUz76bSpump","63","2.962962961","","","","","","","","","","","","","","","","","","","","","","","","","","","","","","","","","","","","0.000006221","","","","","","0.000003212","2026-07-21T06:08:09.912Z","","","","","2026-07-21T06:12:54.312Z",""
"PESO","7qXXaZEGNPU9BFp6ck89YmGcMKhGoFgih6fDX2Eepump","","","","","","","","","","","","","","","","","","","","","","","","","","","","","","","","","","","","","","","","","","","","0.000001138","","","","","","2026-07-21T06:08:09.944Z",""
"bulrun ","3jP8pUyJPDU5UXpt9AphUoA874vms4NNse4JfMyEpump","","","","","","","","","","","","","","","","","","","","","","","","","","","","","","","","","","","","","","","","","","","","0.000001118","","","","","","2026-07-21T06:08:09.974Z",""
"plate ","XckxZxdjXWYD7pNZd4LBDEGCrz8ExWxwPXoXegjpump","","","","","","","","","","","","","","","","","","","","","","","","","","","","","","","","","","","","","","","","","","","","1.05e-7","","","","","","2026-07-21T06:09:09.970Z",""
"JACOBIAN","3hZA2zdYCJwPi1ZWnnn5xZGEPZDfTvA5GUaR2xzZpump","","","","","","","","","","","","","","","","","","","","","","","","","","","","","","","","","","","","","","","","","","","","3.245e-7","","","","","","2026-07-21T06:09:10.057Z",""
"TPCOIN","Hr2SjKsQcSSax6mkzFi8A4r9WmpjafDmrjz7JuMJpump","","","","","","","","","","","","","","","","","","","","","","","","","","","","","","","","","","","","","","","","","","","","1.288e-8","","","","","","2026-07-21T06:09:10.090Z",""
"MELON","BRr9fctoHFHKXEFukPRuEsFyvB4MgsY4GU7fgvGCpump","","","","","","","","","","","","","","","","","","","","","","","","","","","","","","","","","","","","","","","","","","","","2.52e-7","","","","","","2026-07-21T06:10:09.962Z",""
"TARBR","CadXS5NSbyP9htbjZ1DKUD1onGWkUDoGNy2kRZ9Rpump","73","0.592592591","","17.99","","","","","0","0","-76.3","186","0.592592591","0","0","1","0","0","12507.09","5","742.41","742.41","0.696","0.696","448","","0","0","1","0","0","-12.72","","","","","","0.000004699","0.0000125","","","0.00001091","","","2026-07-21T06:10:10.051Z","2026-07-21T06:13:23.874Z","","","2026-07-21T06:13:41.864Z","",""
"WORKHORSE","FhFcq3mkRSd7rr7Vvtm96a1KfbyTgZnQ9TybCpopump","","","","","","","","","","","","","","","","","","","","","","","","","","","","","","","","","","","","","","","","","","","","0.000002303","","","","","","2026-07-21T06:11:09.973Z",""
"GROK","DPBbt9PogdcpGhwDx3Cwi8nha9H6FnekhXNDvjE5yoRH","58","5","","","","","","","","","","","","","","","","","","","","","","","","","","","","","","","","","","","","0.000002201","","","","","","","2026-07-21T06:11:10.011Z","","","","","",""
"HELP","8E6Xc7kVjLASSJjpFJYhhZC4XG6wb1821jU8Gjepump","","","","","","","","","","","","","","","","","","","","","","","","","","","","","","","","","","","","","","","","","","","","2.023e-7","","","","","","2026-07-21T06:11:10.044Z",""
"HORSE","Dd4THXtCEWCWvaXremi1g9vvAMN2fPccWi8pEkQiHUxR","60","4.952947003","","","","","","","","","","","","","","","","","","","","","","","","","","","","","","","","","","","","0.000002302","","","","","","","2026-07-21T06:11:10.083Z","","","","","",""
"workhorse","r2n5ZsVq8NKwtnHTqqRxa97qyhhncmY9KvgLA3Wpump","56","3","","","","","","","","","","","","","","","","","","","","","","","","","","","","","","","","","","","","0.00000341","","","","","","0.000002202","2026-07-21T06:12:09.982Z","","","","","2026-07-21T06:16:06.043Z",""
"hypnosis","CboZUN76xVfyD2XXSwWHVs45BdMGJNVq48e9rpzSpump","60","2.469135801","","","","","","","","","","","","","","","","","","","","","","","","","","","","","","","","","","","","0.000004028","","","","","","0.000002814","2026-07-21T06:12:10.011Z","","","","","2026-07-21T06:16:24.026Z",""
"workhorse","8YDw31tRQvvbhVdtcf17QzPbEKmd3tbCThRvuFXbpump","59","3.061728393","","","","","","","","","","","","","","","","","","","","","","","","","","","","","","","","","","","","0.000002241","","","","","","0.000002192","2026-07-21T06:12:10.071Z","","","","","2026-07-21T06:16:18.033Z",""
"WKHS","5mk2i2YJJWUK5UStCXs4DGTttjEibVQBqsyJXQELpump","64","8","","","","","","","","","","","","","","","","","","","","","","","","","","","","","","","","","","","","0.000002303","","","","","","","2026-07-21T06:12:10.104Z","","","","","",""
"KEY","9kotBchBfPXbW6veRDLy48FZtGGT1gaTMo3MNsd3pump","","","","","","","","","","","","","","","","","","","","","","","","","","","","","","","","","","","","","","","","","","","","5.242e-7","","","","","","2026-07-21T06:12:51.862Z",""
"WLS","88mWg8fHNfLXQjhgBhGR6S17QNEiqWWDL1Y2TBZ4pump","","","","","","","","","","","","","","","","","","","","","","","","","","","","","","","","","","","","","","","","","","","","1.883e-7","","","","","","2026-07-21T06:12:51.926Z",""
"workhorse","2eo4FJvPNQd8kMazZ7y5dvFa1Ks4PkpCfYV4exhPpump","66","4.938271603","","","","","","","","","","","","","","","","","","","","","","","","","","","","","","","","","","","","0.000003112","","","","","","0.000002361","2026-07-21T06:12:51.973Z","","","","","2026-07-21T06:17:18.076Z",""
"SAA","GNHLjgS1mzZuCgRmvwxMMNU92gwymDwppu9f5j6Qpump","63","3","","","","","","","1.3","54","0","904","3","0","0","0","0","0","2205.07","6","66.45","1140.41","0.667","0.5","-16.91","","0","0","1","0","0","","","","","","","0.000002207","0.000002205","","","","","","2026-07-21T06:12:52.015Z","2026-07-21T06:16:05.823Z","","","","",""
"broke","G8LHEibskVgondx7QZfuhBw2LwWk3CLtAFxnEhWPpump","","","","","","","","","","","","","","","","","","","","","","","","","","","","","","","","","","","","","","","","","","","","8.854e-9","","","","","","2026-07-21T06:12:54.227Z",""
"MYSTERYBOX","ENNjtdeY7LzzDcHm7ZP2MJTFVzfBdPEu2kBPWSzJpump","","","","","","","","","","","","","","","","","","","","","","","","","","","","","","","","","","","","","","","","","","","","0.000001038","","","","","","2026-07-21T06:12:54.253Z",""
"42069","AGBYngch8G51GjmLAHvc3CXCVhnricnFuvbhaRgDGd7q","72","12","","","","","","","","","","","","","","","","","","","","","","","","","","","","","","","","","","","","0.000005417","","","","","","0.000002258","2026-07-21T06:13:30.104Z","","","","","2026-07-21T06:17:48.038Z",""
"KIRI","B6KHASKVwoepvmGd6PGGx8PWtcUQB7E7Wtbc47DTpump","73","10","","17.914","","","","","0","0","-70.3","44","10","1","20","0","0","0","11666.31","3","28698.03","28698.03","0.605","0.605","199","","0","0","1","0","1","-6.7753001715265935","","","","","","0.0000116","0.00001166","","","0.00001087","","0.000002737","2026-07-21T06:13:30.142Z","2026-07-21T06:14:35.930Z","","","2026-07-21T06:14:53.844Z","2026-07-21T06:17:18.023Z",""
"42069","13MjsEXSzLTcEYzKGdmufLgmNYbWsfVEPy5nWqtppump","63","8","","","","","","","","","","","","","","","","","","","","","","","","","","","","","","","","","","","","0.000002301","","","","","","","2026-07-21T06:15:00.088Z","","","","","",""
"great ","HYZax5aksoNa5Sv5fWh19oR3PWUFVwSeVrVDofUmpump","","","","","","","","","","","","","","","","","","","","","","","","","","","","","","","","","","","","","","","","","","","","3.67e-7","","","","","","2026-07-21T06:15:24.091Z",""
"NYCF","5BXw758DAiXZipPWjnT8hFLM95nkhLQQnKNghw8Upump","57","0.059259258","","161.714","","","","","","","","","0.059259258","0","3","1","0","0","2658.53","3","11.28","11.28","0.556","0.556","20.87","","0","0","1","0","0","53.23551542513169","","","","","","0.000001923","0.000002658","","","0.000004073","","","2026-07-21T06:15:54.112Z","2026-07-21T06:16:30.177Z","","","2026-07-21T06:19:11.891Z","",""
"SOLNANA","Ex7WyrLMqaJyff8e72JEXTencjXw6Q44DJqQc3xzpump","","","","","","","","","","","","","","","","","","","","","","","","","","","","","","","","","","","","","","","","","","","","8.718e-8","","","","","","2026-07-21T06:15:54.255Z",""
"CHOCI","AFgwcgEarY8iaWU3ff7hZFdQzuhSnnYrV2t7KEVmpump","74","12.729766794","","","","","","","","","","","","","","","","","","","","","","","","","","","","","","","","","","","","0.000002877","","","","","","0.00000231","2026-07-21T06:16:36.064Z","","","","","2026-07-21T06:17:12.036Z",""
"CUM","E47GqfXQMbRMHPLtmUBTe2MESoxE3KkAsQ2CxsU1pump","61","5","","23.877","","","","","0","0","-71","128","5","0","4","0","0","0","8194.46","4","24068.03","24068.03","0.561","0.561","175","","0","0","1","0","1","-15.218452526238712","","","","","","0.000006813","0.000008194","","","0.000006947","","0.000002594","2026-07-21T06:16:54.063Z","2026-07-21T06:19:41.965Z","","","2026-07-21T06:20:05.842Z","2026-07-21T06:21:18.093Z",""
"MPGA","FGrhDE2Yy3w8793aqGHUBtpuzoQJHU98vTP7913Fpump","63","3.117283951","","","","","","","","","","","","","","","","","","","","","","","","","","","","","","","","","","","","0.000006327","","","","","","0.000002851","2026-07-21T06:17:00.043Z","","","","","2026-07-21T06:21:18.059Z",""
"KIRI","AbMRntQtFLthQrqPVVVdcNeqnDbv63jxfME95CFRXhMq","58","5","","","","","","","","","","","","","","","","","","","","","","","","","","","","","","","","","","","","0.000002236","","","","","","0.00000219","2026-07-21T06:17:00.085Z","","","","","2026-07-21T06:21:24.061Z",""
"cock","HbQd7qGMAxscJzR1pLdjXA16rQKLAoMmWFfLFXsepump","","","","","","","","","","","","","","","","","","","","","","","","","","","","","","","","","","","","","","","","","","","","1.769e-7","","","","","","2026-07-21T06:17:36.043Z",""
"MAXXING","E82gQ6tAxekTEaV8VH726tjeWP4YFHgknmQpi7aypump","","","","","","","","","","","","","","","","","","","","","","","","","","","","","","","","","","","","","","","","","","","","5.975e-7","","","","","","2026-07-21T06:17:54.111Z",""
"HNUT","AmdVDQ5NZZQbxtLYW5dYYzy4TjSRpvSa3bigX5Pspump","64","1","","","","","","","","","","","","","","","","","","","","","","","","","","","","","","","","","","","","0.000002956","","","","","","0.000002365","2026-07-21T06:18:48.970Z","","","","","2026-07-21T06:22:48.069Z",""
"PESO","949jS1HrNPuaL8wjQbdh8WhTnzmkJK5xM5n1eqJRpump","58","0.500000001","","","","","","","","","","","","","","","","","","","","","","","","","","","","","","","","","","","","0.00000219","","","","","","","2026-07-21T06:18:54.945Z","","","","","",""
"CHOCI","cpM5V79tZGP6M3tJae525cy2SfzquWcdgLgseoMpump","","","","","","","","","","","","","","","","","","","","","","","","","","","","","","","","","","","","","","","","","","","","0.000002389","","","","","","2026-07-21T06:18:55.212Z",""
"mayhem ","554wH1PGWjt3eD2XVvhtU9paBWY9G4FBvVBsB67Wpump","69","0.250000001","","12.204","","","","","0","0","-97","16","0.250000001","1","12","1","0","0","155877.06","3","4824.84","4824.84","0.582","0.582","6904","","0","0","1","0","0","-97.02888318356868","","","","","","0.00004246","0.0001558","","","0.000004629","","4.102e-7","2026-07-21T06:19:24.053Z","2026-07-21T06:20:23.865Z","","","2026-07-21T06:20:36.069Z","2026-07-21T06:22:36.036Z",""
"42069","Sf9bnhDvzU2SKahuYySfjuEwehVqRr8EJUPVrFgpump","","","","","","","","","","","","","","","","","","","","","","","","","","","","","","","","","","","","","","","","","","","","8.866e-7","","","","","","2026-07-21T06:20:30.091Z",""
"ANGRYBEAR","8S9MK7VZ2wjEJMkRA1y2m9UipGzRKwjrFFJFuz3opump","","","","","","","","","","","","","","","","","","","","","","","","","","","","","","","","","","","","","","","","","","","","1.344e-7","","","","","","2026-07-21T06:20:48.107Z",""
"ITHAKA","EM346yiQcnWRu46tbXBezmX1LhsjBzdZdjkWxVKTpump","56","1.827160492","","","","","","","","","","","1.827160492","0","0","0","0","0","2543.87","3","183.34","183.34","0.833","0.833","3.26","","0","0","1","0","0","","","","","","","0.000002543","0.000002543","","","","","","2026-07-21T06:21:00.048Z","2026-07-21T06:22:05.932Z","","","","",""
"BULLRUN","3gnH6fRVToa9SG2zGhcoVk24to9eStcsuZQGjXfWpump","77","7.88148148","","","","","","","","","","","","","","","","","","","","","","","","","","","","","","","","","","","","0.000002189","","","","","","0.000002189","2026-07-21T06:21:18.032Z","","","","","2026-07-21T06:25:18.092Z",""
"CHOCI","CiAxGXcvKcTprvJoqRS8uyPiMGZvLTWBzGcmEVwZpump","73","12.729766715","","","","","","","","","","","","","","","","","","","","","","","","","","","","","","","","","","","","0.000002769","","","","","","0.000002278","2026-07-21T06:21:24.034Z","","","","","2026-07-21T06:22:06.079Z",""
"early","Hoobj8EevyTbqzmHmfxhHx9TbtBpQtFnN1NoVftBbonk","67","4.9375","","287.96","","","","","0","0","-0.9","910","4.9375","2","24","0","0","0","3408.09","3","2054.39","2054.39","0.611","0.611","-15.28","","0","0","1","0","0","-0.9096244131455338","","","","","","0.000003392","0.000003408","","","0.000003377","","","2026-07-21T06:21:30.097Z","2026-07-21T06:22:29.957Z","","","2026-07-21T06:27:17.917Z","",""
"TheMins","CFgmku7x5gaJC9q1ogogAEhXSE6QPR8Ugx1Pae39pump","70","4.938271603","","","","","","","","","","","","","","","","","","","","","","","","","","","","","","","","","","","","0.000002189","","","","","","","2026-07-21T06:21:36.024Z","","","","","",""
"UBAB","BDAS6EazpteSyJVrdzjG5rgosBE9v4x7PeLRcYJYpump","","","","","","","","","","","","","","","","","","","","","","","","","","","","","","","","","","","","","","","","","","","","1.119e-7","","","","","","2026-07-21T06:21:48.114Z",""
"cock","5KXxSe68zDCbfSVtZkDWgvCi7GPdZAPDQNAFVA9mpump","56","0.100000001","","","","","","","","","","","","","","","","","","","","","","","","","","","","","","","","","","","","0.000002691","","","","","","4.088e-7","2026-07-21T06:22:42.049Z","","","","","2026-07-21T06:24:54.029Z",""
"UBAB","DiCpmhUnoV8fE7SSZPDBvEQhbSFCBjEFhAHj3rgqpump","","","","","","","","","","","","","","","","","","","","","","","","","","","","","","","","","","","","","","","","","","","","5.357e-7","","","","","","2026-07-21T06:23:06.060Z",""
".01","H7seBgYPdFfSRdcvS1iJwqfPgaSGNXufko2CBsvWpump","","","","","","","","","","","","","","","","","","","","","","","","","","","","","","","","","","","","","","","","","","","","1.166e-8","","","","","","2026-07-21T06:23:18.047Z",""
"CHOCI","ATmc79KikSimszHt8KkGHzQCip4qHiYxo9UHq2cRpump","","","","","","","","","","","","","","","","","","","","","","","","","","","","","","","","","","","","","","","","","","","","0.000002339","","","","","","2026-07-21T06:23:24.066Z",""
"mayhem ","8fj6YSSvP2qjmnCkd4HqQE2jgsp9PK6zNp82Zicmpump","69","0.350000001","","","","","","","","","","","","","","","","","","","","","","","","","","","","","","","","","","","","0.000002701","","","","","","2.037e-7","2026-07-21T06:23:42.030Z","","","","","2026-07-21T06:24:24.035Z",""
"DOPAMINE","ABgZ5MWgPVpQC2FJKww8F23yEEyxWhW6nFXha4XyZWwe","62","4.938271603","","","","","","","","","","","","","","","","","","","","","","","","","","","","","","","","","","","","0.000002305","","","","","","","2026-07-21T06:23:48.097Z","","","","","",""
".01","5d7iSHh2yaYspTERMhdwVGayayuUsUFHYkrqqbfWpump","","","","","","","","","","","","","","","","","","","","","","","","","","","","","","","","","","","","","","","","","","","","1.685e-7","","","","","","2026-07-21T06:24:00.099Z",""
"BULLRUN","8CuzNQ31UbY9v35U2FVChjCLPhhUTzr3mQawSzi1pump","77","7.88148148","","","","","","","","","","","","","","","","","","","","","","","","","","","","","","","","","","","","0.000003774","","","","","","0.000002222","2026-07-21T06:24:00.148Z","","","","","2026-07-21T06:28:36.052Z",""
".01","D8d22jJZ2VAcPAauphiX6wKhpHsAsgPgURzgS8wHpump","","","","","","","","","","","","","","","","","","","","","","","","","","","","","","","","","","","","","","","","","","","","1.543e-7","","","","","","2026-07-21T06:24:42.094Z",""
"AIRDROP","5qzP3Wb9w6HEVz8czoCPCxLvFnx7mpNWPH5uQyXRpump","75","7","","","","","","","","","","","","","","","","","","","","","","","","","","","","","","","","","","","","0.000006894","","","","","","","2026-07-21T06:25:24.048Z","","","","","",""
"CHOCI","7mwwNfqGLYiZ9UmPmZqZER4PtLgyhyP7UdkvVPdmpump","73","12.729766715","","","","","","","","","","","","","","","","","","","","","","","","","","","","","","","","","","","","0.000003755","","","","","","0.000002284","2026-07-21T06:25:30.028Z","","","","","2026-07-21T06:26:06.031Z",""
"NORIBULL","ALraDQbPRXQzFWefriY2Vse7dk4YjHhW7R5U52iXpump","55","0.316049381","","48.232","","","","","","","","","0.316049381","3","56","1","0","0","5725.94","3","519.67","519.67","0.622","0.622","156","","0","0","1","0","0","-62.515283842794766","","","","","","0.000004534","0.000005725","","","0.000002146","","2.259e-7","2026-07-21T06:26:12.044Z","2026-07-21T06:27:17.839Z","","","2026-07-21T06:28:06.071Z","2026-07-21T06:28:48.072Z",""
"EDEN","3REJ2gKqvqFGAaWS2ZxH5MAE5VDCoCmU65avBt9dpump","","","","","","","","","","","","","","","","","","","","","","","","","","","","","","","","","","","","","","","","","","","","1.957e-7","","","","","","2026-07-21T06:26:18.052Z",""
"BULLRUN","4cN3VpyikswCWo2Wg15JKfqXvuy43tNdSAeVUULvpump","77","7.88148148","","","","","","","","","","","","","","","","","","","","","","","","","","","","","","","","","","","","0.000005821","","","","","","","2026-07-21T06:27:42.033Z","","","","","",""
"KIRI","BmMbDcLZ3zPJuEySXYWnXEXaq2KgS6bowG9BVTb3pump","","","","","","","","","","","","","","","","","","","","","","","","","","","","","","","","","","","","","","","","","","","","2.998e-7","","","","","","2026-07-21T06:28:12.155Z",""
"CHOCI","D1oNL2amNbkiGU51KdtNG6yVy3JGTaYQ1mmvE6mnpump","","","","","","","","","","","","","","","","","","","","","","","","","","","","","","","","","","","","","","","","","","","","0.000002262","","","","","","2026-07-21T06:28:36.083Z",""
"ICU","EjPSxukVQLeJEsKSxjPgR79LyBafB2HnqSaXeNkrpump","73","0.059259258","","","","","","","0","0","0","908","0.059259258","11","63","1","0","0","4112.99","3","82.84","82.84","0.571","0.571","87.16","","0","0","1","0","0","","","","","","","0.000004112","0.000004112","","","","","","2026-07-21T06:28:42.092Z","2026-07-21T06:29:41.848Z","","","","",""
"NRWC","9fwVrvHAXqwnJ6RQxdFwYEu4J4rGRXmVbCXVjpM5pump","","","","","","","","","","","","","","","","","","","","","","","","","","","","","","","","","","","","","","","","","","","","7.087e-8","","","","","","2026-07-21T06:28:48.203Z",""
"ICU","4fo3Bdsd2CG1PNkwB9VEC4xkeEujJG1AKnismsBkpump","","","","","","","","","","","","","","","","","","","","","","","","","","","","","","","","","","","","","","","","","","","","0.000001003","","","","","","2026-07-21T06:29:30.009Z",""
"bullrun","8yede7PAWjikQFf381ib1SF3dmMwWzRE2oGc3WfPpump","59","0.100000001","","","","","","","","","","","","","","","","","","","","","","","","","","","","","","","","","","","","0.000003108","","","","","","5.148e-7","2026-07-21T06:29:36.023Z","","","","","2026-07-21T06:30:12.033Z",""
"slop","5GUEvz2xVKyz71uNhZKLrXhYYXzSnR1J99h18oKzpump","77","4","","","","","","","","","","","","","","","","","","","","","","","","","","","","","","","","","","","","0.00000222","","","","","","0.000002192","2026-07-21T06:29:54.247Z","","","","","2026-07-21T06:33:42.051Z",""
"SRT","7u5YBJLZSwYhvs3tyPcpcFSua78XpA8QrEp54aFwpump","","","","","","","","","","","","","","","","","","","","","","","","","","","","","","","","","","","","","","","","","","","","8.048e-7","","","","","","2026-07-21T06:30:24.166Z",""
"CHOCI","4Deikp3LK2tD7UxKzXsB2381u4c1fz38KczC2gBHpump","71","11.742111603","","","","","","","","","","","","","","","","","","","","","","","","","","","","","","","","","","","","0.000003252","","","","","","0.000002401","2026-07-21T06:30:36.053Z","","","","","2026-07-21T06:31:12.024Z",""
"WOMANLET","GwVR9BPzbjWGQKRhhnfJGBJWp8DK2kRoDbgyr6GXpump","","","","","","","","","","","","","","","","","","","","","","","","","","","","","","","","","","","","","","","","","","","","9.273e-8","","","","","","2026-07-21T06:31:18.038Z",""
"BULLRUN","3PdYkW6Cjt93kDf5WZHxN3jroACpYSxTvuYxHKG2pump","77","7.88148148","","89.555","","","","","1.2","33","-49.6","903","7.88148148","0","0","0","0","0","4770.82","4","2455.52","2455.52","0.75","0.75","36.52","","0","0","1","0","0","-10.062893081761016","","","","","","0.000004971","0.00000477","","","0.00000429","","","2026-07-21T06:31:36.095Z","2026-07-21T06:34:06.314Z","","","2026-07-21T06:35:35.869Z","",""
"TARD","TARDXBLyLa22YJif27KRRhReQmD2GDpSSTzdJizpeMY","78","8.5","","","","","","","","","","","","","","","","","","","","","","","","","","","","","","","","","","","","0.000002481","","","","","","0.000003058","2026-07-21T06:31:48.039Z","","","","","2026-07-21T06:35:48.103Z",""
"2026","3Ugc7PWCNSiWsnX4Q31aVe6t4cWBGaJ8R9Tk13qopump","71","5","","","","","","","","","","","","","","","","","","","","","","","","","","","","","","","","","","","","0.000002191","","","","","","0.000002197","2026-07-21T06:32:06.069Z","","","","","2026-07-21T06:36:00.095Z",""
"mayhem ","AAmE81Mvm9U5zWFPw4BiLNkT1vYkAxLum7jyxoVGpump","","","","","","","","","","","","","","","","","","","","","","","","","","","","","","","","","","","","","","","","","","","","7.349e-7","","","","","","2026-07-21T06:32:18.054Z",""
"WAGTPB","763mAZHmkjWFKSF1ocwc7N2CeRpM4CZXcrsgQKW8pump","57","2","","168.225","","","","","","","","","2","0","0","0","0","0","2397.47","3","745.9","745.9","0.565","0.565","-3.86","","0","0","1","0","0","-2.96203587818107","","","","","","0.000002397","0.000002397","","","0.000002326","","","2026-07-21T06:32:42.034Z","2026-07-21T06:33:47.873Z","","","2026-07-21T06:36:36.098Z","",""
"Sidelined","ABCf6FyNGaptHPQwDUM4jErRJ2u3LUzPdqf42sPq75M9","63","7","","84.005","","","","","0","0","-6","906","7","2","42","0","0","0","2333.59","3","1429.77","1429.77","0.6","0.6","-30","","0","0","1","0","0","-5.957993999142729","","","","","","0.00000233","0.000002333","","","0.000002194","","","2026-07-21T06:32:48.050Z","2026-07-21T06:33:53.837Z","","","2026-07-21T06:35:17.842Z","",""
"TMB","2s3wFVFRa5zDREYmoDLyZHEuFfqJEZzzkfjAwe28pump","","","","","","","","","","","","","","","","","","","","","","","","","","","","","","","","","","","","","","","","","","","","1.268e-7","","","","","","2026-07-21T06:33:06.025Z",""
"monster","CTNfchgR1MoYasab5tc479SrqM8Y7s9CxzZkj3dVpump","57","0.300000001","","12.003","","","","","","","","","0.300000001","0","6","1","0","0","2453.27","3","130.05","130.05","0.576","0.576","9.73","","0","0","1","0","0","-78.39788014675908","","","","","","0.00000155","0.000002453","","","5.299e-7","","5.299e-7","2026-07-21T06:33:24.082Z","2026-07-21T06:34:30.044Z","","","2026-07-21T06:34:42.047Z","2026-07-21T06:34:42.024Z",""
"CHOCI","GtrKPyfKeLJ6vUKBY2xHNmy1u9c6Doq1ZVPL3i9Jpump","","","","","","","","","","","","","","","","","","","","","","","","","","","","","","","","","","","","","","","","","","","","0.000002303","","","","","","2026-07-21T06:33:30.019Z",""
"lamp","FkexfCAy9v1p5nnC89iSUqSPioH6n55kVz98RVg3pump","","","","","","","","","","","","","","","","","","","","","","","","","","","","","","","","","","","","","","","","","","","","5.424e-7","","","","","","2026-07-21T06:33:36.034Z",""
"C GAY","5xfkdYe6zxdsEZfPo49wTiWtH9HFY4dBXnmwguempump","","","","","","","","","","","","","","","","","","","","","","","","","","","","","","","","","","","","","","","","","","","","1.734e-7","","","","","","2026-07-21T06:33:48.063Z",""
"WOMANLET","H5vjaoXNqYWyzZeKhLvWu6Y1uqCJCQrUi3PjyArjpump","","","","","","","","","","","","","","","","","","","","","","","","","","","","","","","","","","","","","","","","","","","","8.579e-7","","","","","","2026-07-21T06:34:18.045Z",""
"C GAY","4AyiPnCfSEKHP4XNJWkXoWqnny1rJYLoDaXxdeKTpump","","","","","","","","","","","","","","","","","","","","","","","","","","","","","","","","","","","","","","","","","","","","4.528e-7","","","","","","2026-07-21T06:34:24.132Z",""
"who did this","3upXLAc53J2WzAWtxfa21imX3njybayw8i1Yu2aVpump","58","3","","","","","","","","","","","","","","","","","","","","","","","","","","","","","","","","","","","","0.000002304","","","","","","","2026-07-21T06:35:00.047Z","","","","","",""
"C GAY","95A8JvsFoWeHA755yomhRnfwWzLWeehH1rPbZhhpump","59","0.100000001","","12.157","","","","","","","","","0.100000001","0","2","1","0","0","3587.7","3","886.25","886.25","0.586","0.586","62.42","","0","0","1","0","0","-69.77976024533037","","","","","","0.000002257","0.000003587","","","0.000001084","","0.000001084","2026-07-21T06:35:06.109Z","2026-07-21T06:36:11.939Z","","","2026-07-21T06:36:24.096Z","2026-07-21T06:36:24.060Z",""
"Melon","8nNay1umJgAaoeA7uobHqcb1s6Zst7ghULwsxWSYpump","89","29.629629628","","","","","","","","","","","","","","","","","","","","","","","","","","","","","","","","","","","","0.00001009","","","","","","0.00000234","2026-07-21T06:35:18.034Z","","","","","2026-07-21T06:36:00.129Z",""
"sided","DqQvsLjedeuT6gHEeky8cFonKpqLJrGK7uBeu19Xpump","","","","","","","","","","","","","","","","","","","","","","","","","","","","","","","","","","","","","","","","","","","","0.000002234","","","","","","2026-07-21T06:35:24.056Z",""
"Melon","3XTXDpvcoydrpa5fFqzLJ752h4V29jah8pWQgMBopump","","","","","","","","","","","","","","","","","","","","","","","","","","","","","","","","","","","","","","","","","","","","0.000002194","","","","","","2026-07-21T06:35:42.169Z",""
"AndrewGate","2QB44FcEx1y1hy38axNoYkozqQW3o2KFZj2c8nuzpump","63","8","","","","","","","","","","","","","","","","","","","","","","","","","","","","","","","","","","","","0.000002195","","","","","","","2026-07-21T06:36:00.060Z","","","","","",""
"C GAY","HHzEt5cMQzyb5ECPQW6aHVx5ASqcZ39UqY3kARbApump","57","0.110000001","","","","","","","","","","","0.110000001","0","3","1","0","0","2265.5","3","63.63","63.63","0.6","0.6","2.5","","0","0","1","0","0","","","","","","","0.000002265","0.000002265","","","","","","2026-07-21T06:36:00.197Z","2026-07-21T06:36:59.909Z","","","","",""
"CHOCI","F2h52JTtYQyWsBWRvbD26jvGoF5ursGV1TNAXwMopump","","","","","","","","","","","","","","","","","","","","","","","","","","","","","","","","","","","","","","","","","","","","0.00000226","","","","","","2026-07-21T06:36:06.032Z",""
"NAKEDLISA","D8doYV7KERfC7SbSf7zxb2a2ZacgobKExwMm4MJHpump","67","4","","","","","","","","","","","","","","","","","","","","","","","","","","","","","","","","","","","","0.000002303","","","","","","","2026-07-21T06:36:18.092Z","","","","","",""
"C GAY","7gXh86FS7NW3wFcFRFAaZjipNH52KXTKEeEPUeyYpump","","","","","","","","","","","","","","","","","","","","","","","","","","","","","","","","","","","","","","","","","","","","1.248e-7","","","","","","2026-07-21T06:36:42.055Z",""
"melon ","Fnj5yRpRbtHKpwfKCnB76tFVffSDVv1d1JAzxdwspump","97","0.500000001","","","","","","","0.8","722","-4.2","902","0.500000001","1","2","0","0","0","2281.21","3","46.27","46.27","0.857","0.857","0.58","","0","0","1","0","0","","","","","","","0.000002281","0.000002281","","","","","","2026-07-21T06:36:54.055Z","2026-07-21T06:37:17.861Z","","","","",""
"bfc ","ANow8nJsfgmtETHbYrAySntUZtTFqYSyrwamSeQBpump","","","","","","","","","","","","","","","","","","","","","","","","","","","","","","","","","","","","","","","","","","","","8.748e-7","","","","","","2026-07-21T06:37:48.055Z",""
"CHOCI","ixKoACNW7DSxsgPA3DD7ZFzBBxJjTLdDddWKeSopump","","","","","","","","","","","","","","","","","","","","","","","","","","","","","","","","","","","","","","","","","","","","0.00000233","","","","","","2026-07-21T06:38:00.162Z",""
"wall","EGTEn5Fzem9cmwWJry6FJiBSH94sXZrCwWUyjFVApump","","","","","","","","","","","","","","","","","","","","","","","","","","","","","","","","","","","","","","","","","","","","2.937e-7","","","","","","2026-07-21T06:38:36.080Z",""
"SWAN","SPh1CcPtWK9sJEKSpHfs8eFB4QZ7gEm2RooYkvnpump","","","","","","","","","","","","","","","","","","","","","","","","","","","","","","","","","","","","","","","","","","","","7.997e-7","","","","","","2026-07-21T06:38:48.040Z",""
"outsider","AAtf5fpVocREmC1voVyUdm4SnnHNixKWEQdnUKJEpump","64","4.938271603","","","","","","","","","","","","","","","","","","","","","","","","","","","","","","","","","","","","0.000005525","","","","","","","2026-07-21T06:39:42.030Z","","","","","",""
"LIME","9AQD1oxKPYaNZ5XtZKGRRihtbV3jmyJi5Q1yq2Wpump","","","","","","","","","","","","","","","","","","","","","","","","","","","","","","","","","","","","","","","","","","","","0.000002202","","","","","","2026-07-21T06:39:48.014Z",""
"at","G4EfJBCRwn8HAeTRiHNb8aEbjrkyU47kb7Bkw4cRpump","","","","","","","","","","","","","","","","","","","","","","","","","","","","","","","","","","","","","","","","","","","","3.96e-7","","","","","","2026-07-21T06:39:54.047Z",""
"CHOCI","HGTmw79ZLU6cMK4afQb7cfPx2X8XnW3frcwBe8bepump","","","","","","","","","","","","","","","","","","","","","","","","","","","","","","","","","","","","","","","","","","","","0.00000257","","","","","","2026-07-21T06:39:54.075Z",""
"TAILUNG","Ef4MKTMfQYbgF2eZdqXkenpD8wwhoGHGxYLicjN2pump","58","0.059259258","","37.126","","","","","","","","","0.059259258","0","2","1","0","0","2317.04","4","4525.51","4525.51","0.574","0.574","4.79","","0","0","1","0","0","-46.18040569702201","","","","","","0.000001932","0.000002317","","","0.000001247","","0.000001247","2026-07-21T06:39:54.116Z","2026-07-21T06:42:18.563Z","","","2026-07-21T06:42:55.689Z","2026-07-21T06:42:55.666Z",""
"SOL","5iq2CUNAaFYuH3sgy8cBYt6Nh1GUJ6XW4pGNcGVopump","67","5","","","","","","","0","0","0","901","5","2","25","0","0","0","2202.36","4","2696.5","2696.5","0.591","0.591","-26.53","","0","0","1","0","0","","","","","","","0.000002655","0.000002202","","","","","","2026-07-21T06:40:18.042Z","2026-07-21T06:42:18.363Z","","","","",""
"SWAN","E4GygM6txAwxjkENDxw5nXUXEbQDCwEDi12NPMVxpump","73","0.059259258","","","","","","","0","0","0","910","0.059259258","12","68","1","0","0","5145.72","3","281.45","281.45","0.621","0.621","133","","0","0","1","0","0","","","","","","","0.000005145","0.000005145","","","","","","2026-07-21T06:40:24.107Z","2026-07-21T06:41:29.958Z","","","","",""
"IBRL","qKb1dW7HFiDR5MW1uenFCacGZDDLkqd9tSqhLcmuEhe","59","4.952947003","","","","","","","","","","","","","","","","","","","","","","","","","","","","","","","","","","","","0.000002202","","","","","","","2026-07-21T06:40:24.130Z","","","","","",""
"IBRL","EhgoLGr7eMsuwK2jUbxWP3o2LKBovrHQxRkSxxPgg7Zc","63","7","","","","","","","","","","","","","","","","","","","","","","","","","","","","","","","","","","","","0.000002271","","","","","","","2026-07-21T06:40:24.180Z","","","","","",""
"HSSN","BPpeaRW4vWNEtctLnDv1zeKaZoQP6pjFEe4xcGtzmaSM","56","5","","","","","","","","","","","5","2","44","0","0","0","2202.62","5","1371.93","1371.93","0.556","0.556","-26.52","","0","0","1","0","0","","","","","","","0.000002202","0.000002202","","","","","","2026-07-21T06:40:30.052Z","2026-07-21T06:44:12.089Z","","","","",""
"IBRL","AD2Qfw9HojKb3KDc3unKU2QjRoyjwKJAo7vTiGvWpump","67","5","","","","","","","","","","","","","","","","","","","","","","","","","","","","","","","","","","","","0.000002202","","","","","","0.000002202","2026-07-21T06:40:48.036Z","","","","","2026-07-21T06:44:36.031Z",""
"MELONCAT","FdrhUZM8z2yMCoGLsrdoPnj1bztARwGkdrJMM8Vhpump","82","11.85185185","","","","","","","","","","","","","","","","","","","","","","","","","","","","","","","","","","","","0.000006965","","","","","","0.000002239","2026-07-21T06:40:48.081Z","","","","","2026-07-21T06:41:36.035Z",""
"SWAN","AyaFq9A2Er4ZNWF6HzjFTj5PKqmjmA6QL7XCZLFypump","","","","","","","","","","","","","","","","","","","","","","","","","","","","","","","","","","","","","","","","","","","","9.961e-7","","","","","","2026-07-21T06:40:54.032Z",""
"EYES","9cNHE7PK9m7Gijr2ARyXbwA6PPwm92xZQgEDqRnkpump","","","","","","","","","","","","","","","","","","","","","","","","","","","","","","","","","","","","","","","","","","","","6.048e-7","","","","","","2026-07-21T06:41:18.038Z",""
"FLYWHEEL","FUhDqHBR49hfp5SsUjpsMPxVdn7VqLZ9foQ7Mgd4pump","61","4.938271603","","","","","","","","","","","","","","","","","","","","","","","","","","","","","","","","","","","","0.000002202","","","","","","","2026-07-21T06:41:24.092Z","","","","","",""
"GENUG","HkxXgydgvRCprivzMWNCTDBcqNvESQiizZfiJnAKpump","","","","","","","","","","","","","","","","","","","","","","","","","","","","","","","","","","","","","","","","","","","","7.7e-7","","","","","","2026-07-21T06:41:30.080Z",""
"CHOCI","DzxJyw7eWbo2viy49owGgYc5uceSwxQj2kvruTRUpump","","","","","","","","","","","","","","","","","","","","","","","","","","","","","","","","","","","","","","","","","","","","0.000002395","","","","","","2026-07-21T06:41:42.063Z",""
"qrcode","74QGEWy664h4SS9tWNDoT54tiBuR7Gdsp3CsyTLJpump","55","0.123000001","","","","","","","","","","","","","","","","","","","","","","","","","","","","","","","","","","","","0.00003348","","","","","","2.15e-7","2026-07-21T06:41:54.060Z","","","","","2026-07-21T06:43:12.123Z",""
"at","EcRFjpWpTVYUqc2AJ1EVsNMaRb84VFoW9ds7qztspump","","","","","","","","","","","","","","","","","","","","","","","","","","","","","","","","","","","","","","","","","","","","4.797e-7","","","","","","2026-07-21T06:41:54.120Z",""
"GENUG","7bsbTkTu6EKFzx39q4dTJ8VM5879ap2ADy3JVzURpump","67","0.6","","","","","","","0","0","-0.1","906","0.6","0","2","1","0","0","10976.07","3","847.88","847.88","0.633","0.633","379","","0","0","1","0","0","","","","","","","0.00001097","0.00001097","","","","","","2026-07-21T06:42:18.267Z","2026-07-21T06:43:23.832Z","","","","",""
"CHILL","BwNuk2YG3NQvMr45wQCYLaDWn1cp6mhZdYG44mw5pump","","","","","","","","","","","","","","","","","","","","","","","","","","","","","","","","","","","","","","","","","","","","0.000001005","","","","","","2026-07-21T06:43:02.428Z",""
"DNUT","DJ2nmYoFCkD3U2WehEWj2YpLCEHUPdRjs9HL3ohkpump","64","5","","","","","","","","","","","","","","","","","","","","","","","","","","","","","","","","","","","","0.000005119","","","","","","","2026-07-21T06:43:06.236Z","","","","","",""
"MID","5Y4Kzt4PHvnJTLVcp3j42RYeEN3LJEAX2QtKdDRMpump","57","1.97530864","","","","","","","","","","","","","","","","","","","","","","","","","","","","","","","","","","","","0.000002505","","","","","","","2026-07-21T06:43:06.261Z","","","","","",""
"DNUT","F485ZMgCAmhgMTqnnwhd5FgQwJu5uTA8qUGgfWrKpump","57","5","","","","","","","","","","","","","","","","","","","","","","","","","","","","","","","","","","","","0.000006502","","","","","","","2026-07-21T06:43:30.109Z","","","","","",""
"CHOCI","3D3MqkGW3zS7ytm6YsKkeCHh1AZ2EDVQbYYmN3x1pump","","","","","","","","","","","","","","","","","","","","","","","","","","","","","","","","","","","","","","","","","","","","0.000002493","","","","","","2026-07-21T06:43:54.111Z",""
"melon","9BAoq3EakhQVSjJViLoowTtbRDriZXjapTVNTTNNpump","57","1.97530864","","","","","","","","","","","1.97530864","0","0","0","0","0","2213.76","3","349.35","349.35","0.571","0.571","-11.39","","0","0","1","0","0","","","","","","","0.000002199","0.000002213","","","","","","2026-07-21T06:44:06.094Z","2026-07-21T06:45:53.945Z","","","","",""
"LIME","Bw4reoiQH93WmCRXFDrd9GyETKAhrhbwpmbFfrCgpump","","","","","","","","","","","","","","","","","","","","","","","","","","","","","","","","","","","","","","","","","","","","0.000002199","","","","","","2026-07-21T06:44:18.138Z",""
"cashu","3xKXrKnz8BCzfC8L57FW3Z11U2Qo4QFCEU9WwjZoB1rT","60","2.4691358","","48.292","","","","","","","","","2.4691358","0","0","0","0","0","4732.36","3","6222.36","6222.36","0.533","0.533","83.7","","0","0","1","0","1","-34.40405748098056","","","","","","0.000004433","0.000004732","","","0.000003104","","","2026-07-21T06:44:18.199Z","2026-07-21T06:45:17.843Z","","","2026-07-21T06:46:06.135Z","",""
"SPACE","9Z53rapVXMYWTQDLMi5Qr9cXG41p7CBTasvAmCfjpump","58","3","","","","","","","","","","","","","","","","","","","","","","","","","","","","","","","","","","","","0.00000231","","","","","","","2026-07-21T06:45:12.077Z","","","","","",""
"cashu","9eWeEuLhsqRJod4H49oCuxqbSQtRWtonzZ2Qo3r7pump","56","3","","","","","","","","","","","","","","","","","","","","","","","","","","","","","","","","","","","","0.00000222","","","","","","","2026-07-21T06:45:18.053Z","","","","","",""
"at","FpwJ7brYV6uwR3vtJERWUZ98Dzu3wpuncjJw9d2Ypump","77","2.000000001","","","","","","","","","","","","","","","","","","","","","","","","","","","","","","","","","","","","0.000001707","","","","","","","2026-07-21T06:45:24.217Z","","","","","",""
"POTUS","zy1C73oiSwwnW8N23VNfTJgTnPbzt8daZ6KfHA6pump","","","","","","","","","","","","","","","","","","","","","","","","","","","","","","","","","","","","","","","","","","","","5.459e-8","","","","","","2026-07-21T06:45:36.030Z",""
"suit","6dRWzPkrTYuhXn5GbSNjJN6Lh93Ckj2psm5basWcpump","","","","","","","","","","","","","","","","","","","","","","","","","","","","","","","","","","","","","","","","","","","","2.703e-7","","","","","","2026-07-21T06:45:48.019Z",""
"CHOCI","3u2fV7Nw4ZBq9t9zDRqN7wvCinPJ7dWVEhEKPvSApump","72","13.717421115","","","","","","","","","","","","","","","","","","","","","","","","","","","","","","","","","","","","0.00000288","","","","","","0.000002321","2026-07-21T06:45:54.085Z","","","","","2026-07-21T06:46:36.099Z",""
"at","6oVkzmfStGS5wM5WSLupvup1dHezLMvJCt6DCMjopump","","","","","","","","","","","","","","","","","","","","","","","","","","","","","","","","","","","","","","","","","","","","0.00000125","","","","","","2026-07-21T06:46:24.073Z",""
"nigga","5ojfEDHJdai9NyxEBxgWyA6PKJX67h7YxgzdarrFpump","","","","","","","","","","","","","","","","","","","","","","","","","","","","","","","","","","","","","","","","","","","","0.000002199","","","","","","2026-07-21T06:47:12.096Z",""
"ALLEARS","439PiEW55QSFiAhoBiZXXxSEe4EvtwhSLo796XUrpump","","","","","","","","","","","","","","","","","","","","","","","","","","","","","","","","","","","","","","","","","","","","2.255e-7","","","","","","2026-07-21T06:47:18.085Z",""
"cashu","8XTEpSC4njDEUP5Uz2q6DT5fh2ELwSkdRoxhq13Apump","62","5","","","","","","","","","","","","","","","","","","","","","","","","","","","","","","","","","","","","0.000004318","","","","","","","2026-07-21T06:47:24.044Z","","","","","",""
"CNUTS","7oStyA9n4apW9RrZZjginheqvjif7wa4wfCbLkqWpump","61","5","","","","","","","","","","","","","","","","","","","","","","","","","","","","","","","","","","","","0.000002919","","","","","","","2026-07-21T06:48:42.070Z","","","","","",""
"PO","9JjABo6NSffUFUK1R8mE1ZpMewACesmnHEMGp1F1pump","57","0.059259258","","48.152","","","","","","","","","0.059259258","0","3","1","0","0","4258.01","3","453.67","453.67","0.598","0.598","92.85","","0","0","1","0","0","-62.2592766557069","","","","","","0.000003467","0.000004258","","","0.000001607","","","2026-07-21T06:48:48.087Z","2026-07-21T06:49:47.885Z","","","2026-07-21T06:50:36.037Z","",""
"MadBull","Brm3cHwyKCyWaynTWoUkFsBhxQDF9iVhbEGvVDAbpump","","","","","","","","","","","","","","","","","","","","","","","","","","","","","","","","","","","","","","","","","","","","9.442e-7","","","","","","2026-07-21T06:49:00.060Z",""
"bfc ","HM8Z5h2ML3owVNrk1nhNdUZYCRofMozZzNVS4b72pump","","","","","","","","","","","","","","","","","","","","","","","","","","","","","","","","","","","","","","","","","","","","1.951e-7","","","","","","2026-07-21T06:49:06.048Z",""
"CHOCI","73ccy4ZXzs5XSVRZ7f5t8AjPrv2VcQCrFQ6MUEj6pump","","","","","","","","","","","","","","","","","","","","","","","","","","","","","","","","","","","","","","","","","","","","0.000002491","","","","","","2026-07-21T06:49:06.080Z",""
"jerboa ","3Yn8W7ccrogFu2oKf19P5K7Mg8hSaEn2aucbmjcJpump","","","","","","","","","","","","","","","","","","","","","","","","","","","","","","","","","","","","","","","","","","","","3.732e-7","","","","","","2026-07-21T06:49:30.027Z",""
"kitten","BD35GdjyUJiN5zwGorokHaayZYJQ9NZyouiqF5cnpump","","","","","","","","","","","","","","","","","","","","","","","","","","","","","","","","","","","","","","","","","","","","1.047e-7","","","","","","2026-07-21T06:49:42.024Z",""
"PORTAL","FX8gnLX3WayDFDUqwT8hKQ3rAoTPt2HWptrVXz2kpump","","","","","","","","","","","","","","","","","","","","","","","","","","","","","","","","","","","","","","","","","","","","3.344e-7","","","","","","2026-07-21T06:49:48.085Z",""
"SELL","48t8QqgcEpMk8p9DsehryWuY4YJckqa6G2h6XhMupump","","","","","","","","","","","","","","","","","","","","","","","","","","","","","","","","","","","","","","","","","","","","1.829e-7","","","","","","2026-07-21T06:49:48.130Z",""
"WORMIE","CmAixdtPHaX7Gk7NfthyNjynWjK78h1ssH9RpkzTpump","59","2.3","","","","","","","","","","","","","","","","","","","","","","","","","","","","","","","","","","","","0.000002195","","","","","","","2026-07-21T06:49:48.156Z","","","","","",""
"Melon","wxk6CobF8iqp7jdTtAjrw3keDzqYUGhA4ZJsF8apump","63","2.962962961","","","","","","","","","","","","","","","","","","","","","","","","","","","","","","","","","","","","0.000003109","","","","","","","2026-07-21T06:50:06.063Z","","","","","",""
"jerboa ","8GKJzaAqcWsUh3eqHvWcmC8LC63WEZXstxGBpEPVpump","59","0.079012343","","","","","","","","","","","","","","","","","","","","","","","","","","","","","","","","","","","","0.00000274","","","","","","","2026-07-21T06:50:12.022Z","","","","","",""
"at","ArCjYvszZT1344PuUD7yNKJwg74ateK1GYYdTohWpump","","","","","","","","","","","","","","","","","","","","","","","","","","","","","","","","","","","","","","","","","","","","1.445e-7","","","","","","2026-07-21T06:50:24.043Z",""
"cashu","7q9DwwmHhKnKACMFU4XSHMZPyM3Yjk6u7Ea6jpKSpump","63","2.962962961","","","","","","","","","","","","","","","","","","","","","","","","","","","","","","","","","","","","0.000002196","","","","","","","2026-07-21T06:50:48.108Z","","","","","",""
"at","hGs1Mi6Vp2M2RUPmAoCnYQNf1PGrbU8HkeigAtkpump","","","","","","","","","","","","","","","","","","","","","","","","","","","","","","","","","","","","","","","","","","","","4.952e-7","","","","","","2026-07-21T06:50:54.106Z",""
"kitten","B8gMN3uwKid2n3yKQTbDXeEW72eFJhDgRYAShVLQpump","62","0.123000001","","17.998","","","","","0","0","-72.7","136","0.123000001","2","25","1","0","0","2931.82","3","45.88","45.88","0.6","0.6","32.48","","0","0","1","0","0","-49.47117024906175","","","","","","0.000002228","0.000002931","","","0.000001481","","","2026-07-21T06:50:54.131Z","2026-07-21T06:51:53.833Z","","","2026-07-21T06:52:11.831Z","",""
"jerboa ","7KakHHW83AB1eCf6xF8uat7fvxjBByLb7M1PUwHDpump","57","0.079012343","","","","","","","","","","","0.079012343","0","3","1","0","0","53638.48","3","447.03","447.03","0.624","0.624","2331","","0","0","1","0","0","","","","","","","0.00005363","0.00005363","","","","","","2026-07-21T06:51:00.047Z","2026-07-21T06:51:59.889Z","","","","",""
"bfc ","89DiGRNoLGmC69Z2T5V1tHZKnD1pzWBD9B1L2APXpump","","","","","","","","","","","","","","","","","","","","","","","","","","","","","","","","","","","","","","","","","","","","3.115e-8","","","","","","2026-07-21T06:51:30.086Z",""
"Chairman","2NSwKzReb4BiSg2gK9McQdTcg1vn9YuT2MZ7kmPLpump","69","4.444444443","","54.026","","","","","","","","","4.444444443","0","0","0","0","0","2614.56","3","8329.21","8329.21","0.598","0.598","-9.64","","0","0","1","0","0","-11.859219586840092","","","","","","0.000002589","0.000002614","","","0.000002304","","","2026-07-21T06:51:42.011Z","2026-07-21T06:52:48.011Z","","","2026-07-21T06:53:42.037Z","",""
"CHOCI","Gs4cxAayiGapst6B7pHNU4PwPB4GoQTwogdsCWdtpump","70","12.729766715","auto","101.945","75.385","","","","64.4","52","-88.1","122","12.729766715","2","54","0","0","0","11707.77","3","6271.52","6271.52","0.731","0.731","163","","0","0","1","0","1","27.606837606837605","","","","","","0.000003128","0.0000117","0.00001923","","0.00001493","","","2026-07-21T06:51:42.039Z","2026-07-21T06:52:47.889Z","2026-07-21T06:54:03.274Z","","2026-07-21T06:54:29.834Z","",""
"MARKETCAP","86KVGbL9h3pq5KP16B54VcSsRJS4ALXvHt666pgQXDsQ","62","7","","","","","","","","","","","","","","","","","","","","","","","","","","","","","","","","","","","","0.000002195","","","","","","","2026-07-21T06:52:00.146Z","","","","","",""
"at","DakQjKrwkpo29v7ppbMWEKV3WB9L9gSQtEZutwRdpump","66","1.000000001","","","","","","","","","","","1.000000001","0","6","1","0","0","3243.09","3","814.9","814.9","0.564","0.564","38.37","","0","0","1","0","0","","","","","","","0.000003243","0.000003243","","","","","","2026-07-21T06:52:24.106Z","2026-07-21T06:53:29.931Z","","","","",""
"MH","CWdFXpxPaV6fWwNa77MYfCnUBcq2qRPevTCRufdkpump","68","0.250000001","","","","","","","","","","","0.250000001","0","0","1","0","0","9693.04","4","295.8","295.8","0.595","0.595","334","","0","0","1","0","0","","","","","","","0.000009698","0.000009693","","","","","","2026-07-21T06:52:42.061Z","2026-07-21T06:54:53.865Z","","","","",""
"10x","2tdy6HGtyAGqWnzRvuDG13TpoFAxN5H8oJtarieMpump","62","0.1","","","","","","","","","","","","","","","","","","","","","","","","","","","","","","","","","","","","0.000003463","","","","","","","2026-07-21T06:52:42.097Z","","","","","",""
"Goon session","fbfSNr4MikmBMU87RgWQMmHpxyA2KThFrGT4j3Lpump","56","2.962962961","","","","","","","","","","","2.962962961","0","2","0","0","0","2304.8","3","1285.04","1285.04","0.563","0.563","-13.03","","0","0","1","0","0","","","","","","","0.000002304","0.000002304","","","","","","2026-07-21T06:52:48.174Z","2026-07-21T06:53:47.926Z","","","","",""
"bfc ","64Y72VXzFNud5AGah8tadh8zv4mnTyTjfeL71tqMpump","","","","","","","","","","","","","","","","","","","","","","","","","","","","","","","","","","","","","","","","","","","","0.000001209","","","","","","2026-07-21T06:52:54.060Z",""
"jerboa ","8M6qt4ZdUNrnbTBLctiepqUEwn1Ha4DsghH7amYSpump","","","","","","","","","","","","","","","","","","","","","","","","","","","","","","","","","","","","","","","","","","","","7.99e-7","","","","","","2026-07-21T06:53:12.062Z",""
"at","6kCCJ6FB2pTWbxYKTPZ1aZvfSASSLayHXYy4GYQhpump","73","2.000000001","","","","","","","","","","","2.000000001","0","7","1","0","0","6378.13","3","997.32","997.32","0.8","0.8","155","","0","0","1","0","0","","","","","","","0.000006363","0.000006378","","","","","","2026-07-21T06:53:12.125Z","2026-07-21T06:54:17.938Z","","","","",""
"at","6mDe4MvpRDvYBnDQknV8UaautkbyfnZ6rUkSxfKpump","75","2.500000001","","","","","","","","","","","2.500000001","0","8","1","0","0","7562.06","3","2806.04","2806.04","0.584","0.584","194","","0","0","1","0","0","","","","","","","0.000002568","0.000007562","","","","","","2026-07-21T06:53:42.083Z","2026-07-21T06:54:48.094Z","","","","",""
"AI","C54842eATsYVVoNQtAoHYWhbJbdbjVpRiz2zXEuGpump","63","3","","","","","","","","","","","","","","","","","","","","","","","","","","","","","","","","","","","","0.000003652","","","","","","0.000002236","2026-07-21T06:54:12.196Z","","","","","2026-07-21T06:58:36.157Z",""
"MH","4z9iLHsDCj8xP5qAZ4NYSHkkmG7yitUyysV62YUcpump","","","","","","","","","","","","","","","","","","","","","","","","","","","","","","","","","","","","","","","","","","","","7.419e-7","","","","","","2026-07-21T06:54:24.109Z",""
"CHAMPS26","27EVJUt1NVUgPwUAJkEZocSNgvVa3Mr8FRfWmDZppump","","","","","","","","","","","","","","","","","","","","","","","","","","","","","","","","","","","","","","","","","","","","2.076e-7","","","","","","2026-07-21T06:54:24.140Z",""
"COAP","8SdhJt8LkCCo2K9njvGGxyE9nTTSeL16XG3vDjjhoum3","92","34.653465345","","","","","","","","","","","34.653465345","0","0","0","0","0","13396.43","3","3528.74","3528.74","0.831","0.831","31.3","","0","0","1","0","0","","","","","","","0.00001227","0.00001339","","","","","","2026-07-21T06:54:42.014Z","2026-07-21T06:55:54.055Z","","","","",""
"SELL","ErXBcnKoXaTDYEvGsGFG8ph4R2fb8kr4S3p5erc4pump","","","","","","","","","","","","","","","","","","","","","","","","","","","","","","","","","","","","","","","","","","","","6.885e-8","","","","","","2026-07-21T06:54:48.158Z",""
"at","FXCGAyBZaV2wwtGnHbrTMerEHQD9aqa73oHdXHMTpump","","","","","","","","","","","","","","","","","","","","","","","","","","","","","","","","","","","","","","","","","","","","0.000001256","","","","","","2026-07-21T06:55:00.058Z",""
"LIBERATE","EBGkzMGw3S3tnAaznzSG3oBJJ4HWJLXdGR5ukPz5pump","63","2.962962961","","","","","","","","","","","","","","","","","","","","","","","","","","","","","","","","","","","","0.000002197","","","","","","","2026-07-21T06:55:06.118Z","","","","","",""
"KIWI","ETqeZgXSYJHamM7tWquJmL3men9CU4gARNzykWC5pump","63","3","","83.973","","","","","","","","","3","0","0","0","0","0","4882.47","4","13061.48","13061.48","0.563","0.563","83.69","","0","0","1","0","1","-50.92175337976239","","","","","","0.000003419","0.000004882","","","0.000002396","","0.000002466","2026-07-21T06:55:12.093Z","2026-07-21T06:57:24.077Z","","","2026-07-21T06:58:48.050Z","2026-07-21T06:59:24.025Z",""
"michael","FYKUtRxD6jKXhDgA9N6UdoPjEA3xUM4G158qU9ASpump","60","5","","","","","","","","","","","","","","","","","","","","","","","","","","","","","","","","","","","","0.000002651","","","","","","0.000002196","2026-07-21T06:55:30.121Z","","","","","2026-07-21T06:59:30.103Z",""
"michael","G2nd25N4Xkc9XiivNnXDpZd3j6nxcZoJubWCdLfKpump","59","5","","","","","","","","","","","","","","","","","","","","","","","","","","","","","","","","","","","","0.000002652","","","","","","","2026-07-21T06:55:48.032Z","","","","","",""
"WORMIE","2o4VY39LWWA58L429KbRmrJk3aESLg7GvgJ6j9zMpump","59","2.3","","","","","","","","","","","2.3","0","0","0","0","0","2306.56","3","627.65","627.65","0.556","0.556","-9.42","","0","0","1","0","0","","","","","","","0.000002306","0.000002306","","","","","","2026-07-21T06:56:12.044Z","2026-07-21T06:57:17.914Z","","","","",""
"at","HWHkdBsrm8KxmEt4EkoihDR8vwcW4DBC2mA28Advpump","72","2.200000001","","","","","","","","","","","2.200000001","0","10","1","0","0","2472.03","3","850.06","850.06","0.583","0.583","-2.32","","0","0","1","0","0","","","","","","","0.000002472","0.000002472","","","","","","2026-07-21T06:57:06.084Z","2026-07-21T06:58:11.900Z","","","","",""
"CHOCI","Gy4NM6Z2NwYDJrJtX9U9KGBTCLzKfbPkBiGWc3H6pump","70","12.729766715","","78.161","","","","","","","","","12.729766715","2","55","0","0","0","16329.3","3","4716.44","4716.44","0.873","0.873","266","","0","0","1","0","1","-83.70710784313727","","","","","","0.00001553","0.00001632","","","0.000002659","","0.000002659","2026-07-21T06:57:30.069Z","2026-07-21T06:58:35.940Z","","","2026-07-21T06:59:54.101Z","2026-07-21T06:59:54.069Z",""
"at","D2mucgBVgWLpfcdcsnm2GU3EGvyf4t4gkHNSuqNFpump","75","3.000000001","","","","","","","","","","","3.000000001","0","11","1","0","0","2446.68","3","960.52","960.52","0.7","0.7","-7.95","","0","0","1","0","0","","","","","","","0.000002446","0.000002446","","","","","","2026-07-21T06:57:30.099Z","2026-07-21T06:58:29.923Z","","","","",""
"GUWU","9Jvip5n5PszCor2KpJxFCLpFKQqzfQtVMaRJ95yVpump","","","","","","","","","","","","","","","","","","","","","","","","","","","","","","","","","","","","","","","","","","","","0.000001132","","","","","","2026-07-21T06:57:42.082Z",""
"at","4X2AcTU1EJjoDKC1KwscdRpUxuASaNRkk2yDQvR7pump","","","","","","","","","","","","","","","","","","","","","","","","","","","","","","","","","","","","","","","","","","","","0.000001513","","","","","","2026-07-21T06:58:00.250Z",""
"PVE","7nRBZUjG6SVfn3gByEuPYjo5PVKUAuZMThrnbG5fpump","63","3.117283951","","","","","","","","","","","","","","","","","","","","","","","","","","","","","","","","","","","","0.000008049","","","","","","","2026-07-21T06:58:42.284Z","","","","","",""
"at","39vxy7q2sA8tacTdQwbV4TqGxpX3yF4X5WjD8r8mpump","70","2.000000001","","","","","","","","","","","","","","","","","","","","","","","","","","","","","","","","","","","","0.000001721","","","","","","","2026-07-21T06:58:54.080Z","","","","","",""
"SHANKS","797KBmsuP9C7DHw8etCNLcV4ikidEjHs87SZcpMypump","55","0.059259258","","","","","","","","","","","","","","","","","","","","","","","","","","","","","","","","","","","","0.000008202","","","","","","","2026-07-21T06:59:00.100Z","","","","","",""
"switches ","FdL8MaohZqT6TuySzv38QSXaBrb5VsWRnv31sH6ipump","","","","","","","","","","","","","","","","","","","","","","","","","","","","","","","","","","","","","","","","","","","","0.000001296","","","","","","2026-07-21T06:59:18.042Z",""
"TMTRD","97UwVS2DcodnNTnzvCHJKc6FoV852rNV1Yb7opZC1Go5","56","5","","","","","","","","","","","","","","","","","","","","","","","","","","","","","","","","","","","","0.00000381","","","","","","","2026-07-21T06:59:24.104Z","","","","","",""
"at","FFWUHcmwBd86MMUZyFj69TkaUDuASasYMAeFVhVSpump","","","","","","","","","","","","","","","","","","","","","","","","","","","","","","","","","","","","","","","","","","","","1.151e-7","","","","","","2026-07-21T06:59:54.041Z",""