symbol,mint,score,devSol,source,window_s,decision_s,reaction_s,hold_s,inTime,upside_pct,time_to_peak_s,dd_after_peak,peaked_after_exit,peak_after_exit_s,drag_at_ready,upside_from_ready,tracked_s,f_devSol,f_priorGrads,f_priorCount,f_isMayhem,f_liq,f_liqSol,f_fdv,f_ageMin,f_vol5m,f_volH1,f_buyRatio5m,f_buyRatioH1,f_pcH1,f_volLiq,f_hasSocials,f_hasWebsite,f_nPairs,f_boosts,f_passedFilter,move_window_pct,slip_to_buy_pct,after_buy_pct,pnlPct,peakPnlPct,exitReason,price_eligible,price_sustained,price_queued,price_bought,price_fading,price_sold,price_collapsed,t_eligible,t_sustained,t_queued,t_bought,t_fading,t_collapsed,t_sold
"Mario","FDwTKUw9qT9ujuGVg6YQkiNVjQ9pbaqMJydhpvgYpump","60","2.500000001","","","","","","","18.3","110","-10.2","","","14.5","3.3","920","2.500000001","0","0","0","0","0","2606.36","3","257.19","257.19","0.8","0.8","2.69","","0","0","1","0","0","","","","","","","0.000002606","0.000002606","","","","","","2026-07-23T08:41:13.708Z","2026-07-23T08:42:19.421Z","","","","",""
"TMOCK","2V8XibH1nAJNyLVm9NJQyzxPzBNEFF7JrDr4MvHepump","67","0.150000001","","216.005","","","","","0","0","0","","","0","0","916","0.150000001","0","0","1","0","0","4911.81","3","156.5","156.5","0.619","0.619","125","","0","0","1","0","0","0","","","","","","0.000004911","0.000004911","","","0.000004911","","","2026-07-23T08:41:37.619Z","2026-07-23T08:42:43.419Z","","","2026-07-23T08:46:19.424Z","",""
"BKjimothy","VRnFF5h7ZfqU9hK73L1jXoRCySTPeTQpAV2qFQypump","68","0.200000001","","","","","","","17.1","210","-74.8","","","0.4","16.6","580","0.200000001","0","0","1","0","0","2425.23","3","22.1","22.1","1","1","10.63","","0","0","1","0","0","","","","","","","0.000002425","0.000002425","","","","","","2026-07-23T08:42:25.822Z","2026-07-23T08:42:49.425Z","","","","",""
"BIH","HGfTK6anDEUR4oSEQeeu4UhEUDFZo4ZQ1ku8kBaNpump","57","2","","83.981","","","","","","","","","","","","","2","0","0","0","0","0","2696.92","3","5391.25","5391.25","0.565","0.565","9.58","","0","0","1","0","0","-17.24777448071217","","","","","","0.000002369","0.000002696","","","0.000002231","","","2026-07-23T08:42:44.074Z","2026-07-23T08:43:55.635Z","","","2026-07-23T08:45:19.616Z","",""
"EPSILON","Bw2zGZo56GnrR2EggBaNBHjiADe9vzk8g4WxAaCopump","61","0.060000001","","18.009","","","","","161.3","106","0","","","57.1","66.3","916","0.060000001","0","1","1","0","0","9840.78","3","495.54","495.54","0.567","0.567","353","","0","0","1","0","0","-46.03658536585366","","","","","","0.000008647","0.00000984","","","0.00000531","","","2026-07-23T08:43:43.708Z","2026-07-23T08:44:43.420Z","","","2026-07-23T08:45:01.429Z","",""
"BullRun","23cXBACxpautuVcmTHahN2RW321KXbRJbqHvYn3qpump","72","0.500000001","","","","","","","0","0","0","","","0","0","908","0.500000001","0","0","1","0","0","2829.06","3","263.31","263.31","0.6","0.6","26.53","","0","0","1","0","0","","","","","","","0.000002829","0.000002829","","","","","","2026-07-23T08:44:25.681Z","2026-07-23T08:45:31.427Z","","","","",""
"GHOST","HUCBANPm6uDGnwxcvTAuinZq3sGp6TzsKQ1h6zappump","57","1.97530864","","","","","","","","","","","","","","","1.97530864","0","0","0","0","0","2475.34","3","161.41","161.41","1","1","0.69","","0","0","1","0","0","","","","","","","0.000002475","0.000002475","","","","","","2026-07-23T08:46:43.657Z","2026-07-23T08:47:55.430Z","","","","",""
"USOS","21rXgHqoWKUpXkCtGs9hmsSisa74HYSYU52AC9SFpump","60","2.469135801","","288.717","","","","","0","0","-4.4","","","0","0","916","2.469135801","0","0","0","0","0","3091","3","577.39","577.39","0.833","0.833","21.94","","0","0","1","0","0","-4.368932038834951","","","","","","0.000003088","0.00000309","","","0.000002955","","","2026-07-23T08:47:07.622Z","2026-07-23T08:48:13.489Z","","","2026-07-23T08:53:02.206Z","",""
"BlackBear","51mkSQHX2tn16Xfc3zhVGV74VuXmQkxneTXux4RBpump","57","1.97530864","","192.131","","","","","","","","","","","","","1.97530864","0","0","0","0","0","2201.41","3","1907.05","1907.05","0.583","0.583","-10.45","","0","0","1","0","0","-1.3175829168559772","","","","","","0.000002201","0.000002201","","","0.000002172","","","2026-07-23T08:47:13.664Z","2026-07-23T08:48:37.513Z","","","2026-07-23T08:51:49.644Z","",""
"BlackBear","5aM8YQq2YRiNB5CnMgv2JBTuDRyPgaANmaZD1ivZpump","57","1.97530864","","192.155","","","","","","","","","","","","","1.97530864","0","0","0","0","0","2268.02","3","1917.74","1917.74","0.636","0.636","-7.74","","0","0","1","0","0","-1.675485008818356","","","","","","0.000002268","0.000002268","","","0.00000223","","","2026-07-23T08:47:31.644Z","2026-07-23T08:48:49.490Z","","","2026-07-23T08:52:01.645Z","",""
"BlackBear","BeZnapkhqagSaJK1B8iZ124HPRkfcNsFm36DEnn5pump","57","1.97530864","","72.067","","","","","","","","","","","","","1.97530864","0","0","0","0","0","2192.49","5","1940.03","1940.03","0.577","0.577","-10.82","","0","0","1","0","0","-0.4105839416058316","","","","","","0.000002207","0.000002192","","","0.000002183","","","2026-07-23T08:47:37.648Z","2026-07-23T08:51:01.626Z","","","2026-07-23T08:52:13.693Z","",""
"Ancagalon","84LHZ6vKbPzgprAVWwAUQTwnfRYe5hPpifMyirFfpump","","","","","","","","","0.5","320","-17.6","","","0","0.5","910","2.962962961","0","0","0","0","0","2612.6","3","229.33","229.33","1","1","0","","0","0","1","0","0","","","","","","","","0.000002612","","","","","","","2026-07-23T08:47:49.432Z","","","","",""
"BlackBear","DnveKCydHngbWpR1Kh2618qg4FLCxhTdftBDisinpump","57","1.97530864","","","","","","","","","","","","","","","1.97530864","0","0","0","0","0","8795.18","3","5185.08","5185.08","0.667","0.667","258","","0","0","1","0","1","","","","","","","0.000002216","0.000008795","","","","","","2026-07-23T08:47:49.648Z","2026-07-23T08:49:25.653Z","","","","",""
"USOS","5xZnPtjxs6s2ALDyCwmw3AV1z9n1sQbjxmbZg2gNpump","63","3.950617282","","","","","","","1.4","46","-4","","","1.4","0","906","3.950617282","0","1","0","0","0","3330.87","4","888.6","888.6","0.667","0.667","20.18","","0","0","1","0","0","","","","","","","0.000003072","0.00000333","","","","","","2026-07-23T08:49:07.640Z","2026-07-23T08:51:13.635Z","","","","",""
"AWAWAWAWAW","9okjYUVB3zJcfTRZNETvsyvmmcYUPSrjJBvdjedgpump","58","2.962962961","","60.022","","","","","","","","","","","","","2.962962961","0","1","0","0","0","2529.95","6","8971.66","13499.27","0.55","0.558","-3.16","","0","0","1","0","0","-9.766706207987344","","","","","","0.000004821","0.000002529","","","0.000002282","","0.000002282","2026-07-23T08:49:37.757Z","2026-07-23T08:53:55.638Z","","","2026-07-23T08:54:55.660Z","2026-07-23T08:54:55.659Z",""
"MIS","E2pJAK1Yh3pdbhWTE5DdGGzR5yFYeRx5SGFWGw6Vpump","63","3","","36.064","","","","","0","0","-76","","","-40.8","0","412","3","0","0","0","0","0","11821.61","4","23919.85","23919.85","0.576","0.576","351","","0","0","1","0","1","-40.76142131979695","","","","","","0.00001088","0.00001182","","","0.000007002","","","2026-07-23T08:49:43.621Z","2026-07-23T08:51:37.639Z","","","2026-07-23T08:52:13.703Z","",""
"FUFU","2qwTg1aJRSa1cfkJpwvfeHn2EAoXBaYe3ip5PgQFpump","76","0.98765432","","","","","","","0","0","0","","","0","0","904","0.98765432","0","0","1","0","0","1479.26","5","1885.49","1885.49","0.679","0.679","-35.93","","0","0","1","0","0","","","","","","","0.000005101","0.000001479","","","","","0.000001479","2026-07-23T08:51:07.626Z","2026-07-23T08:54:25.478Z","","","","2026-07-23T08:55:43.641Z",""
"SITDOWN","7N9GorANnWc5bMe6wo4PkFiFKWzH74oK8QktbGPkpump","85","15.802469134","auto","","30.062","","","","14.4","204","-59.6","","","-2.9","17.9","904","15.802469134","0","0","0","0","0","9676.16","4","30966.6","30966.6","0.582","0.582","91.85","","0","0","1","0","1","","","","","","","0.00001088","0.000009676","0.000009392","","","","","2026-07-23T08:53:07.692Z","2026-07-23T08:55:25.425Z","2026-07-23T08:55:55.487Z","","","",""
"at","91TuBXymZXfRkB2UGcofho7kDEMNZNfofCQQ8MaKpump","77","2.000000001","","","","","","","0","0","0","","","0","0","918","2.000000001","0","2","1","0","0","9764.06","4","1397.19","1397.19","0.684","0.684","297","","0","0","1","0","0","","","","","","","0.000009766","0.000009764","","","","","","2026-07-23T08:54:13.622Z","2026-07-23T08:57:01.703Z","","","","",""
"GUGU","5tQwdfHoT7Zev4aT3FwbzzvF2Lvpoi5NatRAXyzjpump","79","1.97530864","","","","","","","0","0","0","","","0","0","918","1.97530864","0","1","1","0","0","4032.63","3","712.65","712.65","0.857","0.857","64.06","","0","0","1","0","0","","","","","","","0.000004025","0.000004032","","","","","","2026-07-23T08:54:43.699Z","2026-07-23T08:56:01.413Z","","","","",""
"ANSEM","ANZFfSaGrBFsZeRYs2ukgxaCb7Q95Pfmffn8kn7jpump","80","2.962962961","","","","","","","0","0","0","","","0","0","918","2.962962961","0","3","1","0","0","2299.18","4","1332.83","1332.83","0.552","0.552","-11.99","","0","0","1","0","0","","","","","","","0.000002284","0.000002299","","","","","","2026-07-23T08:55:19.623Z","2026-07-23T08:57:31.621Z","","","","",""
"cat","HqqhX8wYavZUNUbBWPvdSgFfLNpPZ2qA6YPm4s2dpump","60","2.4691358","","173.998","","","","","101.7","422","-17","","","45.7","38.4","912","2.4691358","0","0","0","0","0","5365.45","3","5552.34","5552.34","0.569","0.569","112","","0","0","1","0","1","10.549860205032607","","","","","","0.000003953","0.000005365","","","0.000005931","","","2026-07-23T08:57:37.697Z","2026-07-23T08:58:37.410Z","","","2026-07-23T09:01:31.408Z","",""
"ryok.net","hcWHdHtQhiH5YMZMKYZGEhzP9SU3hbjnAKyPfAtpump","61","0.059259258","","","","","","","0","0","0","","","0","0","912","0.059259258","0","1","1","0","0","3556.27","3","47.44","47.44","0.565","0.565","63.75","","0","0","1","0","0","","","","","","","0.000003556","0.000003556","","","","","","2026-07-23T08:58:01.726Z","2026-07-23T08:59:07.476Z","","","","",""
"KOTON","ANWKDScvv341EscxJcncjaqf3bEoJofTwcJH81ohpump","64","4.828531357","","","","","","","0.5","90","0","","","0","0.5","920","4.828531357","0","2","0","0","0","2198.38","5","953.35","953.35","0.559","0.559","-24.6","","0","0","1","0","0","","","","","","","0.000002432","0.000002198","","","","","","2026-07-23T08:59:13.621Z","2026-07-23T09:02:19.469Z","","","","",""
"Barney","GDfHju7PS5KEmrqTJXunwECqMaap73irg2sxhuhppump","63","3","","47.998","","","","","21.8","182","-73.7","","","-23.3","58.8","912","3","0","0","0","0","0","6832.71","3","16036.5","16036.5","0.592","0.592","161","","0","0","1","0","1","-23.316744730679154","","","","","","0.000004558","0.000006832","","","0.000005239","","0.000002814","2026-07-23T08:59:25.640Z","2026-07-23T09:00:37.410Z","","","2026-07-23T09:01:25.408Z","2026-07-23T09:05:19.407Z",""
"vexul","mkJtvB8s6a25c8mnAH5o7en1d4tg1rDLGkrkrB6BgXw","55","1.71","","","","","","","","","","","","","","","1.71","0","0","0","0","0","2341.47","3","750.67","750.67","0.667","0.667","-3.12","","0","0","1","0","0","","","","","","","0.000002163","0.000002341","","","","","","2026-07-23T08:59:43.671Z","2026-07-23T09:01:31.611Z","","","","",""
"VESPERFALL","4jEZbNjA1C4QjXsaEDorNq1nLyxgnZk9vFhzozbypump","67","4","","23.95","","","","","143.4","874","-10.4","","","-16.3","190.8","914","4","0","0","0","0","0","4724.9","3","10167.07","10167.07","0.613","0.613","70.05","","0","0","1","0","1","-16.27857747671464","","","","","","0.000004576","0.000004724","","","0.000003955","","","2026-07-23T09:00:55.735Z","2026-07-23T09:02:25.460Z","","","2026-07-23T09:02:49.410Z","",""
"is he right?","5bvuLYg941npJRq74cHAfuSumFVYrARxgnNqkVvipump","78","2.962962961","","204.005","","","","","0","0","0","","","0","0","908","2.962962961","0","6","1","0","0","3253.95","3","4494.55","4494.55","0.552","0.552","24.5","","0","0","1","0","0","0","","","","","","0.000003259","0.000003253","","","0.000003253","","","2026-07-23T09:01:43.694Z","2026-07-23T09:03:31.415Z","","","2026-07-23T09:06:55.420Z","",""
"KOTON","6By2DKRWG1fAJHdBJPDtH6QFFHgLh987omtnj9gpump","55","3.292181529","","","","","","","","","","","","","","","3.292181529","0","3","0","0","0","2235.52","3","1032.62","1032.62","0.571","0.571","-16.15","","0","0","1","0","0","","","","","","","0.000002235","0.000002235","","","","","","2026-07-23T09:02:55.625Z","2026-07-23T09:04:13.463Z","","","","",""
"Sophye","32ce2uV2zKQw6oKdPmfLSKEiZN8zQqsgvRR74CXWpump","61","0.060000001","","","","","","","29.5","64","-0.4","","","21.1","6.9","904","0.060000001","0","1","1","0","0","2173.53","3","4.64","4.64","1","1","0","","0","0","1","0","0","","","","","","","0.000002814","0.000002173","","","","","","2026-07-23T09:04:43.409Z","2026-07-23T09:03:25.474Z","","","","",""
"USDUT","HzawVnmKbPW7kqiAGdb84d4UHKGaFaBe8oNVCKispump","77","7.901234566","auto","107.798","30.007","","","","23","68","-73.1","","","-0.7","23.9","908","7.901234566","0","0","0","0","0","6721.54","3","15853.36","15853.36","0.604","0.604","94.52","","0","0","1","0","1","-64.8712989138521","","","","","","0.000006116","0.000006721","0.000006721","","0.000002361","","0.000002265","2026-07-23T09:04:25.679Z","2026-07-23T09:06:01.615Z","2026-07-23T09:06:31.622Z","","2026-07-23T09:07:49.413Z","2026-07-23T09:08:25.404Z",""
"Bull","Ga5HqgAXmi3HYj92XaHVTXo1DrLPbiyPKSEPL3zgpump","66","0.096000001","","65.998","","","","","0","32","-8.9","","","0","0","902","0.096000001","0","0","1","0","0","45388.76","3","426.38","426.38","0.619","0.619","1983","","0","0","1","0","0","-8.858527985896883","","","","","","0.00004538","0.00004538","","","0.00004136","","","2026-07-23T09:05:07.613Z","2026-07-23T09:06:07.408Z","","","2026-07-23T09:07:13.406Z","",""
"MOON","7DFRJiPpcfW7KYf1p3JybXC55KRQEJhZFqW3dg5Ppump","74","0.700000001","","24.21","","","","","0","0","-68.7","","","-35.2","0","910","0.700000001","0","0","1","0","0","2900.54","3","1631.59","1631.59","0.576","0.576","27.86","","0","0","1","0","0","-35.241379310344826","","","","","","0.000002811","0.0000029","","","0.000001878","","9.112e-7","2026-07-23T09:06:49.612Z","2026-07-23T09:07:49.406Z","","","2026-07-23T09:08:13.616Z","2026-07-23T09:09:37.410Z",""
"BullRun","74unC7SDCtuFxzCcV8s828SBn6iF2QoBjVS18PmSpump","55","0.500000001","","","","","","","","","","","","","","","0.500000001","0","14","1","0","0","1819.14","6","377.91","444.46","0.571","0.545","-18.75","","0","0","1","0","0","","","","","","","0.000001819","0.000001819","","","","","","2026-07-23T09:07:37.683Z","2026-07-23T09:11:43.410Z","","","","",""
"SAMARITAN","6vFm72aS95RtAyWeczq3mEFYhs4WQ1Bpm3XjrXtZpump","67","5","","47.939","","","","","0","0","-39.2","","","-30.6","10.1","910","5","0","1","0","0","0","5961.68","3","10721.06","10721.06","0.596","0.596","102","","0","0","1","0","1","-30.56534138567355","","","","","","0.000005306","0.000005961","","","0.000004139","","","2026-07-23T09:07:43.608Z","2026-07-23T09:08:49.470Z","","","2026-07-23T09:09:37.409Z","",""
"REfund pls","CcbBxmpk4YeSTR9G4aQEyRvRGKqQV6MTqteS5gZ9pump","77","2.962962961","","","","","","","0","0","0","","","0","0","910","2.962962961","0","7","1","0","0","2167.42","3","505.48","505.48","0.8","0.8","-17.13","","0","0","1","0","0","","","","","","","0.000002167","0.000002167","","","","","","2026-07-23T09:09:19.617Z","2026-07-23T09:10:19.469Z","","","","",""
"frank","HtcrtXYS7cNZq9gD3T8M7YSosWeA4FiLzCo9SvcZpump","71","5","auto","","30.025","","","","40.7","38","0","","","40.7","0","908","5","0","0","0","0","0","22635.93","4","20136.06","20136.06","0.603","0.603","668","","0","0","1","0","1","","","","","","","0.00001162","0.00002263","0.00002263","","","","","2026-07-23T09:11:13.632Z","2026-07-23T09:14:01.642Z","2026-07-23T09:14:31.667Z","","","",""
"ELONMEM","APtbQMjpWG1ozaJaQ9LJ2N1NgdayhwLpZPTBhFqzpump","66","0.088888887","","","","","","","0","0","-72.7","","","-0.1","0","358","0.088888887","0","0","1","0","0","5593.23","3","501.2","501.2","0.546","0.546","157","","0","0","1","0","0","","","","","","","0.000004853","0.000005593","","","","","","2026-07-23T09:12:31.660Z","2026-07-23T09:13:31.406Z","","","","",""
"MOON","8pbgLGbbvgRH3zpRr5WUVL3qdYQhgE9yKZy7WdJZpump","57","0.160000001","","","","","","","","","","","","","","","0.160000001","0","4","1","0","0","3700.96","3","255.63","255.63","0.571","0.571","68.99","","0","0","1","0","0","","","","","","","0.000002136","0.0000037","","","","","","2026-07-23T09:13:01.603Z","2026-07-23T09:14:49.610Z","","","","",""
"PCAT","DFnySZAbfSEUT5ypTwJBGEaPppo4jJkybR9S6LDZpump","66","0.100000001","","174.208","","","","","1226.5","412","-98.9","","","0","1226.5","742","0.100000001","0","0","1","0","0","2181.29","3","89.09","89.09","0.667","0.667","0","","0","0","1","0","0","2.430077945896386","","","","","","0.000002181","0.000002181","","","0.000002234","","","2026-07-23T09:14:07.631Z","2026-07-23T09:15:07.403Z","","","2026-07-23T09:18:01.611Z","",""
"Neil","3PEErhhUC9DpqxQRtBk3vZufPu3gU6fisCkW188Hpump","55","0.059259258","","35.928","","","","","","","","","","","","","0.059259258","0","4","1","0","0","3024.83","4","131.82","131.82","0.563","0.563","39.05","","0","0","1","0","0","-25.95899470899471","","","","","","0.000002115","0.000003024","","","0.000002239","","5.553e-7","2026-07-23T09:16:01.631Z","2026-07-23T09:18:13.689Z","","","2026-07-23T09:18:49.617Z","2026-07-23T09:19:25.602Z",""
"WILD","7uWEvn73jLXV5PoYuXj84Dn7XMBnDyBCy1wbGRLQpump","72","0.500000001","","11.95","","","","","38.5","50","-89.1","","","38.5","0","90","0.500000001","0","0","1","0","0","3323.58","3","257.39","257.39","0.583","0.583","48.4","","0","0","1","0","0","-15.949443274149862","","","","","","0.00000331","0.000003323","","","0.000002793","","5.013e-7","2026-07-23T09:17:13.670Z","2026-07-23T09:18:19.456Z","","","2026-07-23T09:18:31.406Z","2026-07-23T09:19:49.984Z",""
"Momota","A2VnVSpGyGBxaHf2U5mRc95d66JvrYgBRzHhsAdppump","60","2.4691358","","","","","","","86.7","204","-66.4","","","42.9","30.7","904","2.4691358","0","0","0","0","0","6337.86","4","31656.19","31656.19","0.563","0.563","150","","0","0","1","0","1","","","","","","","0.00001485","0.000006337","","","","","","2026-07-23T09:18:07.614Z","2026-07-23T09:20:55.610Z","","","","",""
"TBOP","38qy7TEcNk7ckrpL6oMLarbmKEUMgZ14USBYA3xYpump","61","2.666666665","","71.928","","","","","0","0","-22.7","","","0","0","906","2.666666665","0","0","0","0","0","2805.37","3","364.35","364.35","0.813","0.813","9.19","","0","0","1","0","0","-12.263814616755795","","","","","","0.000002805","0.000002805","","","0.000002461","","","2026-07-23T09:18:37.616Z","2026-07-23T09:19:43.473Z","","","2026-07-23T09:20:55.401Z","",""
"ButMix","Cz2k3U5ednSPFQKMHMZkbTTDgAKbWgF7KkyXpfSgpump","63","3","","","","","","","0","0","-16.8","","","0","0","904","3","0","0","0","0","0","2604.33","3","743.49","743.49","0.6","0.6","-0.67","","0","0","1","0","0","","","","","","","0.000002604","0.000002604","","","","","","2026-07-23T09:20:19.663Z","2026-07-23T09:21:25.476Z","","","","",""
"Buzz","DwAwyAwBMuDV5ZGZN47yn2k9JZsZgH8wRUeUH43PutM","67","3.950617282","","222.219","","","","","0","0","-6.1","","","0","0","904","3.950617282","0","0","0","0","0","2311.18","3","827.39","827.39","0.7","0.7","-16.78","","0","0","1","0","0","-6.101254868022502","","","","","","0.000002311","0.000002311","","","0.00000217","","","2026-07-23T09:21:25.627Z","2026-07-23T09:22:25.407Z","","","2026-07-23T09:26:07.626Z","",""
"PHELPS","D5ci3ZguUyTBa8UGycdPkhHzm7VKvqQqzms7JdtKpump","57","2","","47.999","","","","","","","","","","","","","2","0","0","0","0","0","4341.05","4","4984.71","4984.71","0.583","0.583","75.95","","0","0","1","0","1","3.225063349458659","","","","","","0.000005898","0.000004341","","","0.000004481","","","2026-07-23T09:21:43.615Z","2026-07-23T09:23:43.605Z","","","2026-07-23T09:24:31.604Z","",""
"BIC","9KwJpR42qviR1X1bUot7FTN5Qx7V32muLs2joGaFpump","67","5","","","","","","","0","0","-0.7","","","0","0","902","5","0","1","0","0","0","2183.81","8","8.79","3996.83","1","0.471","-26.01","","0","0","1","0","0","","","","","","","0.000002184","0.000002183","","","","","","2026-07-23T09:22:43.672Z","2026-07-23T09:28:37.448Z","","","","",""
"pinkcat","CGoFUNe6f98auBhWEbovdfRoGbyh4P4tUtyevdxCpump","66","0.100000001","","48.255","","","","","0","0","-70.6","","","-70.6","0","50","0.100000001","0","0","1","0","0","3689.57","3","40.06","40.06","0.615","0.615","69.02","","0","0","1","0","0","-70.58823529411764","","","","","","0.000003689","0.000003689","","","0.000001085","","0.000001085","2026-07-23T09:23:13.652Z","2026-07-23T09:24:19.407Z","","","2026-07-23T09:25:07.662Z","2026-07-23T09:25:07.661Z",""
"笑","7fzbLwTStkFxhFMfreNE4CZiRxUEWp8FA5apfgLXbonk","62","4.9375","","143.812","","","","","0","0","0","","","0","0","904","4.9375","0","3","0","0","0","3287.14","6","61.08","3123.11","0.8","0.5","-17.52","","0","0","1","0","0","0","","","","","","0.000003289","0.000003287","","","0.000003287","","","2026-07-23T09:23:19.681Z","2026-07-23T09:27:25.604Z","","","2026-07-23T09:29:49.416Z","",""
"Kallik","GafbyYHrUWoND1BJ1rH5H5VAaU7idHZuPFkjKBT7z6TE","63","3","","191.998","","","","","0","0","-0.1","","","0","0","908","3","0","0","0","0","0","2187.05","3","1627.45","1627.45","0.571","0.571","-16.65","","0","0","1","0","0","0","","","","","","0.000002187","0.000002187","","","0.000002187","","","2026-07-23T09:23:25.621Z","2026-07-23T09:24:31.403Z","","","2026-07-23T09:27:43.401Z","",""
"PVM","3b94fwSq2B3FgQ8PHL9WAA688LNt9gBPR3QVx2Xvpump","71","0.987654319","","","","","","","0","0","0","","","0","0","906","0.987654319","0","2","1","0","0","2044.53","3","1905.42","1905.42","0.644","0.644","-11.63","","0","0","1","0","0","","","","","","","0.00000207","0.000002044","","","","","0.000002044","2026-07-23T09:24:19.593Z","2026-07-23T09:26:13.406Z","","","","2026-07-23T09:28:43.396Z",""
"PUDDLE","2jZC6mZ6pGtSKxCCgTLh2kiMCAUkKviCH65vBoxHpump","57","1.97530864","","","","","","","","","","","","","","","1.97530864","0","0","0","0","0","2441.35","3","8259.8","8259.8","0.561","0.561","-0.9","","0","0","1","0","0","","","","","","","0.000002405","0.000002441","","","","","0.000002438","2026-07-23T09:25:49.648Z","2026-07-23T09:27:01.400Z","","","","2026-07-23T09:30:07.669Z",""
"bully","FWu6vGtZk1VPvfcEoSffnSzoTGN3nNM1R2M243k1pump","61","0.070000001","","95.786","","","","","0","0","-93.9","","","-27.9","0","84","0.070000001","0","1","1","0","0","14825.46","4","2224.91","2224.91","0.564","0.564","581","","0","0","1","0","0","-93.90958164642375","","","","","","0.000003685","0.00001482","","","9.026e-7","","9.026e-7","2026-07-23T09:28:37.663Z","2026-07-23T09:30:55.612Z","","","2026-07-23T09:32:31.398Z","2026-07-23T09:32:31.395Z",""
"AuraBirdy","6eHM1koRXMq1DHF6Ka12AkcVSSw6NETCz4KLkojKpump","57","0.100000001","","","","","","","","","","","","","","","0.100000001","0","3","1","0","0","4023.93","4","76.76","76.76","0.553","0.553","84.43","","0","0","1","0","0","","","","","","","0.000004574","0.000004023","","","","","","2026-07-23T09:29:01.584Z","2026-07-23T09:31:13.443Z","","","","",""
"kpopmeow","2oUMFtF8wXPHegZpXPobrw2QtBsZ2P3jr5EsXNiSpump","65","0.059259258","","53.932","","","","","341.8","528","-94.1","","","-15","419.6","798","0.059259258","0","0","1","0","0","5717.66","3","125.83","125.83","0.8","0.8","163","","0","0","1","0","0","-14.972887878257826","","","","","","0.000003282","0.000005717","","","0.000004861","","","2026-07-23T09:29:37.598Z","2026-07-23T09:31:01.465Z","","","2026-07-23T09:31:55.397Z","",""
"5pm","BN7RAFqo9RQEH9BCZfwWmqWbSHbENAQLYNVu56agpump","65","0.060000001","","","","","","","0","0","0","","","0","0","902","0.060000001","0","0","1","0","0","4410.17","3","27.05","27.05","0.667","0.667","103","","0","0","1","0","0","","","","","","","0.00000441","0.00000441","","","","","","2026-07-23T09:30:07.673Z","2026-07-23T09:31:37.449Z","","","","",""
"Devin","bT5MvSDRhekSuSvCHdy4DQUJqK3StjJe9fWiuX6pump","60","5","","162.157","","","","","0","0","-3.1","","","-3.1","0","910","5","0","5","0","0","0","2238.64","3","1483.97","1483.97","0.588","0.588","-24.12","","0","0","1","0","0","-3.127792672028605","","","","","","0.000002238","0.000002238","","","0.000002168","","","2026-07-23T09:30:25.602Z","2026-07-23T09:31:49.451Z","","","2026-07-23T09:34:31.608Z","",""
"PEPE","Ft5Z8je1CxdfhLnxvFk1tBQaReoUuZtut2fkdxX4pump","59","0.098765431","","36.153","","","","","","","","","","","","","0.098765431","0","2","1","0","0","13666.36","3","683.99","683.99","0.62","0.62","526","","0","0","1","0","0","-90.38799414348462","","","","","","0.000004371","0.00001366","","","0.000001313","","0.000001181","2026-07-23T09:30:43.604Z","2026-07-23T09:32:01.451Z","","","2026-07-23T09:32:37.604Z","2026-07-23T09:33:13.599Z",""
"bully","J9y5o8vvKAMHnK8gnc2PNz15zPY1bAPCCcU6rTv6pump","59","0.070000001","","","","","","","","","","","","","","","0.070000001","0","2","1","0","0","42601.37","3","446.27","446.27","0.65","0.65","1855","","0","0","1","0","0","","","","","","","0.000004819","0.0000426","","","","","","2026-07-23T09:31:37.600Z","2026-07-23T09:33:25.598Z","","","","",""
"Goatee","H1Vg2QEmPHhDT9JntqCEvmVDzkAotCJfH19KGi3fpump","56","0.150000001","","","","","","","","","","","","","","","0.150000001","0","5","1","0","0","1845.16","4","66.91","66.91","0.6","0.6","-15.76","","0","0","1","0","0","","","","","","","0.00000327","0.000001845","","","","","","2026-07-23T09:31:43.594Z","2026-07-23T09:34:07.617Z","","","","",""
"REDEEMER","3MJf1Uoy9YipkP9wkXdw2Uyy1bPtyYVPctZfFkkbpump","66","0.098765431","","35.932","","","","","0","0","-99","","","","","10","0.098765431","0","0","1","0","0","14524.01","3","3456.37","3456.37","0.55","0.55","565","","0","0","1","0","0","-99","","","","","","0.000002201","0.00001452","","","1.452e-7","","1.452e-7","2026-07-23T09:32:07.675Z","2026-07-23T09:33:49.464Z","","","2026-07-23T09:34:25.396Z","2026-07-23T09:34:25.394Z",""
"Stalker","gTV8kjpEyQid3egztFhhZjnV1todVqnxFVa6K5ipump","60","2.500000001","","42.144","","","","","0","0","-9.3","","","-11.8","2.8","918","2.500000001","0","0","0","0","0","3517.84","4","844.29","844.29","0.714","0.714","38.23","","0","0","1","0","0","-11.828262723912424","","","","","","0.00000363","0.000003517","","","0.000003101","","","2026-07-23T09:33:13.614Z","2026-07-23T09:36:01.474Z","","","2026-07-23T09:36:43.618Z","",""
"STEWIE","23JcXUVz6rQBLW1xe3ehaDsS6CgJcbmknRvBp82ppump","63","2.9625","","","","","","","0","0","-10.1","","","-1.6","0","920","2.9625","0","0","0","0","0","3389.65","4","3276.82","3276.82","0.581","0.581","29.48","","0","0","1","0","0","","","","","","","0.00000389","0.000003389","","","","","","2026-07-23T09:35:07.612Z","2026-07-23T09:37:49.609Z","","","","",""
"Tanukiballs","3WTreK2NzidyUNWmPUxH3TMhhefXsLPGYPnL3hDrQ6s6","57","1.97530864","","54.048","","","","","","","","","","","","","1.97530864","0","0","0","0","0","8349.6","3","13596.9","13596.9","0.601","0.601","239","","0","0","1","0","1","-9.97724278356689","","","","","","0.000007693","0.000008349","","","0.000007516","","","2026-07-23T09:35:13.606Z","2026-07-23T09:36:37.398Z","","","2026-07-23T09:37:31.446Z","",""
"Chubbers","2Cu8JeMxvwMfezamrLFFV3nJw77oRXYRVdLUJ9Lcpump","63","3.901234566","","","","","","","0","0","-2.3","","","-1.9","0","902","3.901234566","0","1","0","0","0","2218.98","3","1412.8","1412.8","0.556","0.556","-19.83","","0","0","1","0","0","","","","","","","0.000002218","0.000002218","","","","","","2026-07-23T09:36:49.593Z","2026-07-23T09:38:07.407Z","","","","",""
"PEPE","544FdoCx7of3CGt4jJVGRWHf646tshE1AUkeuGdmpump","56","0.098765431","","","","","","","","","","","","","","","0.098765431","0","4","1","0","0","4953.19","3","104.48","104.48","0.793","0.793","127","","0","0","1","0","0","","","","","","","0.000004953","0.000004953","","","","","","2026-07-23T09:37:31.583Z","2026-07-23T09:38:43.464Z","","","","",""
"Nicole","5HoNg47BBSDTwCpczaJzTr1dFJvgkUkTmCwV2dvopump","72","0.500000001","","","","","","","22.4","130","-0.1","","","0.5","21.9","910","0.500000001","0","0","1","0","0","2638.9","3","90.84","90.84","1","1","17.8","","0","0","1","0","0","","","","","","","0.000002321","0.000002638","","","","","","2026-07-23T09:38:37.617Z","2026-07-23T09:39:49.401Z","","","","",""
"PIB","9m6XhtdbTn3nddthPtTU91EjzNoR2Zgztt4kYJ8xpump","65","0.060000001","","","","","","","0","0","0","","","0","0","908","0.060000001","0","0","1","0","0","4964.48","3","49.76","49.76","0.615","0.615","128","","0","0","1","0","0","","","","","","","0.000004964","0.000004964","","","","","","2026-07-23T09:38:55.635Z","2026-07-23T09:40:01.506Z","","","","",""
"Ber","2NwGKK9av5FSiKQdRCnEsXCaDZbxW6s3uR4PZdADpump","58","3","","","","","","","","","","","","","","","3","0","1","0","0","0","2175.36","7","3.82","1266.05","1","0.524","-17.05","","0","0","1","0","0","","","","","","","0.000002175","0.000002175","","","","","","2026-07-23T09:40:49.627Z","2026-07-23T09:45:49.389Z","","","","",""
"NOVA","Gp8MZEkNvCAHXrqiJGkFH2t9QqfxrqGnc3fiMZ6Npump","74","1.400000001","","245.944","","","","","0","0","0","","","0","0","902","1.400000001","0","2","1","0","0","3011.05","3","478.62","478.62","0.563","0.563","26.76","","0","0","1","0","0","0","","","","","","0.000003011","0.000003011","","","0.000003011","","","2026-07-23T09:41:31.585Z","2026-07-23T09:42:37.445Z","","","2026-07-23T09:46:43.389Z","",""
"NEOPETS","EBbap2axVh7GqSxgj2pUG8mc2Hjfom1iZzD1U7V2pump","63","3.084444442","","167.774","","","","","0","0","-1.3","","","0","0","910","3.084444442","0","0","0","0","0","2197.03","4","2325.91","2325.91","0.656","0.656","-16.68","","0","0","1","0","0","-0.3641329085115956","","","","","","0.000002205","0.000002197","","","0.000002189","","","2026-07-23T09:41:43.615Z","2026-07-23T09:43:49.618Z","","","2026-07-23T09:46:37.392Z","",""
"PEPE","9hHkkWNc4sTtr3hygDd2PNJyemzwzVuj111HWdQ6pump","58","0.493827159","","","","","","","","","","","","","","","0.493827159","0","8","1","0","0","2228.77","3","135.84","135.84","0.727","0.727","-0.51","","0","0","1","0","0","","","","","","","0.000002228","0.000002228","","","","","","2026-07-23T09:41:49.646Z","2026-07-23T09:43:01.714Z","","","","",""
"PEPE","ACzKf539KCkvDcf4ZDeKFjwaW45gYpVW369D6iZ2pump","58","0.493827159","","179.985","","","","","","","","","","","","","0.493827159","0","9","1","0","0","3648.53","4","390.55","390.55","0.69","0.69","62.87","","0","0","1","0","0","0","","","","","","0.000003649","0.000003648","","","0.000003648","","","2026-07-23T09:42:31.578Z","2026-07-23T09:44:37.597Z","","","2026-07-23T09:47:37.582Z","",""
"NOVA","DFvxs9y7Q8UhtmKK62HamY4R55prVrM4fMveRprwpump","68","0.900000001","","","","","","","0","0","0","","","0","0","906","0.900000001","0","3","1","0","0","2581.7","4","371.84","371.84","0.563","0.563","12.24","","0","0","1","0","0","","","","","","","0.000002748","0.000002581","","","","","","2026-07-23T09:43:13.595Z","2026-07-23T09:45:13.613Z","","","","",""
"Echo","Crn3EWG9VRiqsVTVJePVkHXBLEgdzKbUM3WAkYqPpump","60","3.901234566","","47.789","","","","","0","0","-21.7","","","-21.6","0","904","3.901234566","0","2","0","0","0","2773.96","3","2634.54","2634.54","0.588","0.588","0.17","","0","0","1","0","0","-21.60115398485395","","","","","","0.000002763","0.000002773","","","0.000002174","","","2026-07-23T09:46:13.637Z","2026-07-23T09:47:25.601Z","","","2026-07-23T09:48:13.390Z","",""
"NOVA","GN3JvVjoFkjJwHT7Xd2EXhA8zWnxVTUBK2Vk7f2tpump","72","1.690000001","","","","","","","0","0","0","","","0","0","906","1.690000001","0","5","1","0","0","3758.21","3","568.77","568.77","0.571","0.571","55.32","","0","0","1","0","0","","","","","","","0.000003758","0.000003758","","","","","","2026-07-23T09:47:07.624Z","2026-07-23T09:48:13.453Z","","","","",""
"STEWIE","23JdqzbcLhJsr8kq2UKMi1KzSvnquigj9DLqFMuypump","58","2.9625","","","","","","","","","","","","","","","2.9625","0","1","0","0","0","2617.92","3","291.81","291.81","0.667","0.667","0","","0","0","1","0","0","","","","","","","0.000002633","0.000002617","","","","","","2026-07-23T09:48:31.591Z","2026-07-23T09:48:01.440Z","","","","",""
"67","HXE38i6XWYz1H125yZJaf6joXeusx7EdjaYcVhvopump","86","0.059259258","","","","","","","0","0","0","","","0","0","902","0.059259258","1","5","1","0","0","12283.99","3","984.67","984.67","0.61","0.61","464","","0","0","1","0","0","","","","","","","0.000008654","0.00001228","","","","","","2026-07-23T09:48:13.617Z","2026-07-23T09:49:37.644Z","","","","",""
"MATH","5pVQnFwVxrpS81bXCPxFfh1LHHbv3AcymbpazZnhpump","63","3.083247688","","","","","","","501","616","-64.8","","","26.1","376.5","906","3.083247688","0","0","0","0","0","14514.14","3","15825.53","15825.53","0.591","0.591","450","","0","0","1","0","1","","","","","","","0.00001391","0.00001451","","","","","","2026-07-23T09:48:19.616Z","2026-07-23T09:49:43.607Z","","","","",""
"BONICAT","975NHWM4Ab9RecXemKccqhwAMxyAWJeGQcXWQSpwpump","57","1.97530864","","","","","","","","","","","","","","","1.97530864","0","0","0","0","0","8616.38","3","11705.79","11705.79","0.649","0.649","250","","0","0","1","0","1","","","","","","","0.000005031","0.000008616","","","","","","2026-07-23T09:49:13.576Z","2026-07-23T09:50:13.396Z","","","","",""
"Emily","FmQFYo9nSfyXGYgrZckdA8nhTtHiGTwzoTLkStXQpump","58","3.901234566","","78.005","","","","","","","","","","","","","3.901234566","0","3","0","0","0","7818.38","4","22634.65","22634.65","0.565","0.565","182","","0","0","1","0","1","-6.305960603734972","","","","","","0.000009997","0.000007818","","","0.000007325","","","2026-07-23T09:50:01.591Z","2026-07-23T09:52:07.389Z","","","2026-07-23T09:53:25.394Z","",""
"Devin","51J1t9Pyaon4GgGTuhPzGLpBev3J8fukQJojZkh3pump","55","2.864197529","","60.441","","","","","","","","","","","","","2.864197529","0","2","0","0","0","7695.25","3","16262.35","16262.35","0.603","0.603","196","","0","0","1","0","1","-47.91423001949317","","","","","","0.000005526","0.000007695","","","0.000004008","","0.000002286","2026-07-23T09:52:13.620Z","2026-07-23T09:53:19.389Z","","","2026-07-23T09:54:19.830Z","2026-07-23T09:56:07.603Z",""
"lemonmeow","4pHzbEbQfcViv5rqMUPwR6ZcxNeafuq8nDNDqQd5pump","61","0.059259258","","35.989","","","","","0","0","-85.5","","","-47.9","21.1","224","0.059259258","0","1","1","0","0","3113.01","3","19.73","19.73","0.615","0.615","43.03","","0","0","1","0","0","-47.928043687761004","","","","","","0.000002436","0.000003113","","","0.000001621","","0.000001007","2026-07-23T09:52:19.607Z","2026-07-23T09:52:55.617Z","","","2026-07-23T09:53:31.606Z","2026-07-23T09:56:01.385Z",""
"ToeST","8heSmpGRrB4pMDeKe4m48sWEtgesGiXYW2XZc2iypump","65","0.059259258","","48.273","","","","","1.3","8","-90.3","","","-52.7","0","88","0.059259258","0","0","1","0","0","4334.07","3","97.15","97.15","0.625","0.625","99.13","","0","0","1","0","0","-52.72265805260729","","","","","","0.000002919","0.000004334","","","0.000002049","","4.271e-7","2026-07-23T09:52:25.646Z","2026-07-23T09:53:31.391Z","","","2026-07-23T09:54:19.664Z","2026-07-23T09:54:55.664Z",""
"Lost Blorb","AQbjNteitukvEPtWcGvMyeRvC8uQQweYD54qintipump","79","0.098765431","","60.198","","","","","0","0","-73.1","","","","","22","0.098765431","1","7","1","0","0","21980.97","3","868.33","868.33","0.562","0.562","907","","0","0","1","0","0","-97.89672429481347","","","","","","0.000001554","0.00002198","","","4.623e-7","","4.623e-7","2026-07-23T09:52:37.582Z","2026-07-23T09:53:37.401Z","","","2026-07-23T09:54:37.599Z","2026-07-23T09:54:37.596Z",""
"Dandelion","GmdKJQNGYKNM8opJjdFr3Cm9mJPcDBK7y2zYBkxYpump","66","0.100000001","","53.946","","","","","0","0","-27.7","","","-27.7","0","902","0.100000001","0","0","1","0","0","3965.24","3","55.6","55.6","0.576","0.576","81.69","","0","0","1","0","0","-27.6923076923077","","","","","","0.000002309","0.000003965","","","0.000002867","","","2026-07-23T09:54:01.628Z","2026-07-23T09:55:07.451Z","","","2026-07-23T09:56:01.397Z","",""
"Ascend","C1R1P76o49eNHx1AwUSS9mtSEPeVr1amFtLXrFQrpump","94","54.320987653","","","","","","","0","0","-0.1","","","0","0","918","54.320987653","0","0","0","0","0","17173.13","3","4548.63","4548.63","0.833","0.833","0.26","","0","0","1","0","0","","","","","","","0.00001717","0.00001717","","","","","","2026-07-23T09:57:55.617Z","2026-07-23T09:59:01.456Z","","","","",""
"RISE","Hqx4xPNhSbnyPivsuaJdv9cP5uzxQNscmZvk3KaTpump","92","35.318518517","","","","","","","4.2","660","-81.2","","","1","3.2","780","35.318518517","0","0","0","0","0","11303.93","3","2989.36","2989.36","1","1","9.98","","0","0","1","0","0","","","","","","","0.00001034","0.0000113","","","","","","2026-07-23T09:59:37.590Z","2026-07-23T10:00:49.390Z","","","","",""
"NOVA","6tc7e3aticrhkJZmbAiqJMvNVfcXxB6xpDEDL7ffpump","66","1.040000001","","287.983","","","","","0","0","-8.7","","","0","0","914","1.040000001","0","7","1","0","0","2529.84","3","433.15","433.15","0.667","0.667","8.99","","0","0","1","0","0","0","","","","","","0.000002529","0.000002529","","","0.000002529","","","2026-07-23T09:59:43.606Z","2026-07-23T10:00:55.397Z","","","2026-07-23T10:05:43.380Z","",""
"makemeow","3iDKrQqHe5b16R7we4MDj1yp64iSoS9atwY798P8pump","58","0.059259258","","","","","","","","","","","","","","","0.059259258","0","2","1","0","0","8657.31","4","167.84","167.84","0.625","0.625","298","","0","0","1","0","0","","","","","","","0.000006955","0.000008657","","","","","","2026-07-23T09:59:55.590Z","2026-07-23T10:02:37.610Z","","","","",""
"STEVE","9pWrSyrG64cazyu5GgX2SA6d3RESDJuYzhB1aqU8Sray","","","","","","","","","0","0","0","","","0","0","912","4.96","0","0","0","0","0","2942.71","3","387.8","387.8","1","1","0","","0","0","1","0","0","","","","","","","","0.000002942","","","","","","","2026-07-23T10:01:07.438Z","","","","",""
"Devin","2u9sE2sDPYbykdyY7A8jdt9QPkmufv6kqP3w13w1pump","57","2","","125.984","","","","","","","","","","","","","2","0","0","0","0","0","2165.85","4","1757.66","1757.66","0.576","0.576","-12.21","","0","0","1","0","0","0","","","","","","0.000002178","0.000002165","","","0.000002165","","","2026-07-23T10:01:07.583Z","2026-07-23T10:03:55.605Z","","","2026-07-23T10:06:01.589Z","",""
"NOVA","uKQ4MmNw8SV5dmeRbvsJ2YsVvYZM1N4SMdJi1L1pump","67","1.388000001","","","","","","","0","0","0","","","0","0","916","1.388000001","0","9","1","0","0","1768.67","5","279.64","279.64","0.636","0.636","-25.38","","0","0","1","0","0","","","","","","","0.000001784","0.000001768","","","","","","2026-07-23T10:02:13.600Z","2026-07-23T10:05:13.594Z","","","","",""
"THONG","EJb3wPPuZ4QkWqkh5oLiDanSXkS1G5M2HEK66mzc5sJu","60","3.950617282","","","","","","","0","0","0","","","0","0","916","3.950617282","0","2","0","0","0","2166.7","9","0.84","787.99","0.75","0.6","-21.86","","0","0","1","0","0","","","","","","","0.000002273","0.000002166","","","","","","2026-07-23T10:02:31.595Z","2026-07-23T10:10:13.598Z","","","","",""
"NIG","9UpeufXjqKTMzhR1Efa5Hx3Aa1dSEoAMtxNGC2Gkpump","73","0.987654319","","","","","","","0","0","0","","","0","0","928","0.987654319","0","1","1","0","0","2016","5","1331.53","1331.53","0.557","0.557","-12.73","","0","0","1","0","0","","","","","","","0.000004483","0.000002016","","","","","0.000002016","2026-07-23T10:02:31.616Z","2026-07-23T10:05:31.645Z","","","","2026-07-23T10:07:37.605Z",""
"Bullccoоn","51tbc7yXTsW6RhWtPaSoyghWt6zn2oqGRbXmuzZopump","63","2.962500579","","","","","","","0","0","-1","","","0","0","918","2.962500579","0","0","0","0","0","2206.14","4","1117.26","1117.26","0.652","0.652","-15.6","","0","0","1","0","0","","","","","","","0.000002206","0.000002206","","","","","","2026-07-23T10:02:37.597Z","2026-07-23T10:05:01.646Z","","","","",""
"soup","EvFJvCd13XgMgj5UCxm6iifftvjjzc9V5hHfPcAdpump","57","3.950617282","","47.963","","","","","","","","","","","","","3.950617282","0","4","0","0","0","11052.02","4","35121.23","35121.23","0.58","0.58","299","","0","0","1","0","1","-15.303167420814475","","","","","","0.000006044","0.00001105","","","0.000009359","","","2026-07-23T10:03:01.599Z","2026-07-23T10:05:13.613Z","","","2026-07-23T10:06:01.576Z","",""
"NOVA","FJ54TFbWvfv94DJTcwVo5zUUfph6cpLTxDSW2kgHpump","71","2.081000001","","","","","","","0","0","0","","","0","0","920","2.081000001","0","10","1","0","0","2579","4","563.18","563.18","0.7","0.7","4.16","","0","0","1","0","0","","","","","","","0.000002522","0.000002578","","","","","","2026-07-23T10:03:43.603Z","2026-07-23T10:05:49.649Z","","","","",""
"HUNTER","CNs2JgnasQ77GwmoUgwGqFV2k3USGKQbQySZ6m8Bpump","63","3.084444442","","77.987","","","","","0","0","0","","","0","0","904","3.084444442","0","0","0","0","0","2173.15","5","2825.37","2825.37","0.557","0.557","-17.47","","0","0","1","0","0","0","","","","","","0.000002399","0.000002173","","","0.000002173","","","2026-07-23T10:04:49.610Z","2026-07-23T10:08:25.597Z","","","2026-07-23T10:09:43.584Z","",""
"NOTJIMOTHY","6gz1RJtnnnoNGPRAnE8kac8JkiUdk63ghDcS21uip4SU","68","6.913580245","auto","41.77","30.006","","","","0","0","-0.1","","","0","0","920","6.913580245","0","3","0","0","0","8757.2","4","2386.37","2386.37","0.929","0.929","167","","0","0","1","0","1","-74.62601347493434","","","","","","0.00000368","0.000008757","0.000008757","","0.000002222","","0.000002169","2026-07-23T10:06:19.623Z","2026-07-23T10:08:25.612Z","2026-07-23T10:08:55.618Z","","2026-07-23T10:09:07.382Z","2026-07-23T10:11:49.382Z",""
"BONITA","sM2v6azYmS6MFxgsyXoyVWc9bk6x8z7yPXGvQqqpump","","","","","","","","","0","0","0","","","0","0","908","2.962962961","0","0","0","0","0","2613.95","4","229.45","229.45","1","1","0","","0","0","1","0","0","","","","","","","","0.000002613","","","","","","","2026-07-23T10:07:31.615Z","","","","",""
"JIMOTWIN","GUJ11cq71oDXXwViqFAreLDc1fQwC1e9Hs5ahLXqpump","79","9.113001215","","","","","","","95","802","-0.7","","","0.9","93.2","912","9.113001215","0","0","0","0","0","4087.4","5","1627.8","1627.8","0.6","0.6","11.02","","0","0","1","0","0","","","","","","","0.000004106","0.000004087","","","","","","2026-07-23T10:08:19.580Z","2026-07-23T10:11:37.439Z","","","","",""
"DRAGON","4HxLeQ3dk2tVAY9NSDwsS6LDKYtJ9Bk6214ABysxpump","63","3.000000001","","198.161","","","","","0","0","-21","","","-4.4","0","912","3.000000001","0","0","0","0","0","2743.5","3","291.38","291.38","1","1","4.68","","0","0","1","0","0","-4.44768501640539","","","","","","0.000002743","0.000002743","","","0.000002621","","","2026-07-23T10:10:43.632Z","2026-07-23T10:12:07.434Z","","","2026-07-23T10:15:25.595Z","",""
"284","2GgedJpitmWKdR5ZXnhw3yZkboVt2gjhi23TFL5Epump","56","3.901234566","","180.093","","","","","","","","","","","","","3.901234566","0","5","0","0","0","2171.26","4","2102.22","2102.22","0.55","0.55","-21.51","","0","0","1","0","0","0","","","","","","0.000003092","0.000002171","","","0.000002171","","","2026-07-23T10:11:43.593Z","2026-07-23T10:13:55.479Z","","","2026-07-23T10:16:55.572Z","",""
"NOVA","Gd9LcpLQuSNbpNrhK741q7jVHRiA2ShCERphKo4Vpump","72","2.300000001","","","","","","","0.1","36","0","","","0.1","0","916","2.300000001","0","11","1","0","0","2507.83","3","413.22","413.22","0.667","0.667","-0.13","","0","0","1","0","0","","","","","","","0.000002507","0.000002507","","","","","","2026-07-23T10:12:31.584Z","2026-07-23T10:13:43.390Z","","","","",""
"ElonMusk","5CFRnkzCN8YdvubRzoPvHWeqUsdkM7fNZpQaMazHpump","86","0.088888887","","","","","","","0","0","0","","","0","0","904","0.088888887","4","11","0","0","0","2166.26","3","22.49","22.49","0.667","0.667","-0.59","","0","0","1","0","0","","","","","","","0.000002166","0.000002166","","","","","","2026-07-23T10:13:19.652Z","2026-07-23T10:14:55.581Z","","","","",""
"SFROG","DUBsvYDjNmhfGWACvkRBrGUughvvtuZvsGmHZcMTpump","63","2.962962961","","143.987","","","","","4.5","36","-33.9","","","4.5","0","916","2.962962961","0","0","0","0","0","3137.48","3","553.66","553.66","0.75","0.75","19.97","","0","0","1","0","0","-7.810009563277022","","","","","","0.000002774","0.000003137","","","0.000002892","","","2026-07-23T10:13:31.601Z","2026-07-23T10:15:13.607Z","","","2026-07-23T10:17:37.594Z","",""
"SELLOUT","23JfGTdane3ZfeNKaSKyynyRrnqrB6zpzuTEtNEmpump","69","0.29625","","","","","","","0","0","0","","","0","0","916","0.29625","0","0","1","0","0","2154.33","3","99.93","99.93","0.563","0.563","-2.49","","0","0","1","0","0","","","","","","","0.000002154","0.000002154","","","","","","2026-07-23T10:13:55.605Z","2026-07-23T10:15:43.573Z","","","","",""
"ElonMoon","rj1TwXKg2cvyv5tsGSGPywt7w2E2FZwWiujZdLVpump","94","0.088888887","","","","","","","0","0","0","","","0","0","918","0.088888887","4","12","1","0","0","2137.76","3","102.25","102.25","0.6","0.6","-1.9","","0","0","1","0","0","","","","","","","0.000002137","0.000002137","","","","","","2026-07-23T10:14:13.581Z","2026-07-23T10:16:01.600Z","","","","",""
"Lulu","4sjuPVKDSvoZ1Trq8VPo81Zna3VZsyzYLJaxPTQ1pump","99","5","","","","","","","0","0","0","","","0","0","906","5","1","2","0","0","0","2168.99","4","7466.01","7466.01","0.558","0.558","-26.44","","0","0","1","0","0","","","","","","","0.000002181","0.000002168","","","","","","2026-07-23T10:15:07.641Z","2026-07-23T10:17:43.588Z","","","","",""
"SOL","EBrRt1JXnERhQEupSuXBeY41b1mueZvsGFrqQAkkpump","65","0.059259258","","","","","","","0","0","-85.8","","","-8.7","0","72","0.059259258","0","0","1","0","0","4151.51","5","3056.94","3056.94","0.597","0.597","90.89","","0","0","1","0","0","","","","","","","0.000006078","0.000004151","","","","","","2026-07-23T10:15:13.627Z","2026-07-23T10:18:37.699Z","","","","",""
"MOCHAT","9JbyF1Kg7s96uqbYcp59wba5ws7X25jQ68M5Ljzupump","58","0.059259258","","","","","","","","","","","","","","","0.059259258","0","2","1","0","0","3956.97","3","28.04","28.04","0.571","0.571","81.83","","0","0","1","0","0","","","","","","","0.000003956","0.000003956","","","","","","2026-07-23T10:16:49.591Z","2026-07-23T10:18:31.450Z","","","","",""
"BOSS","8F5yjLHtDQjbg4VmLthrr97SqrKhKLm5MqvUazxpump","63","3","","","","","","","0","0","-0.1","","","0","0","912","3","0","0","0","0","0","2178.41","3","665.17","665.17","0.636","0.636","-16.95","","0","0","1","0","0","","","","","","","0.000002178","0.000002178","","","","","","2026-07-23T10:16:55.603Z","2026-07-23T10:18:37.516Z","","","","",""
"25TH","23JfxUUoBCjJMohLwArikEyeHa3HbzKJ6PNLZjr4pump","59","0.29625","","","","","","","","","","","","","","","0.29625","0","4","1","0","0","5678.07","3","165.39","165.39","0.727","0.727","157","","0","0","1","0","0","","","","","","","0.000005678","0.000005678","","","","","","2026-07-23T10:17:01.578Z","2026-07-23T10:18:37.460Z","","","","",""
"NOVA","7Q5LGCqyMWbvwzEVxF1PE3aS6B81oLBJkbvV7ZaLpump","64","1.282000001","","","","","","","0","0","0","","","0","0","916","1.282000001","0","14","1","0","0","3616.49","4","349.87","349.87","0.6","0.6","53.44","","0","0","1","0","0","","","","","","","0.00000394","0.000003616","","","","","","2026-07-23T10:17:01.657Z","2026-07-23T10:19:13.577Z","","","","",""
"NUMBER1BAD","23JgDuuXK1HSFDdc9fPJxM6NmjGKj4NkG6v4qZ5dpump","57","0.29625","","","","","","","","","","","","","","","0.29625","0","6","1","0","0","3711.79","3","92.92","92.92","0.571","0.571","67.9","","0","0","1","0","0","","","","","","","0.000003711","0.000003711","","","","","","2026-07-23T10:18:43.576Z","2026-07-23T10:20:19.449Z","","","","",""
"NOVA","3a7bw1JsxP6cEk9fuqKz5LryrmhaW6MT4v1XrJ6Dpump","69","2.0510375","","","","","","","0","0","0","","","0","0","902","2.0510375","0","15","1","0","0","3567.21","3","526.44","526.44","0.667","0.667","44.18","","0","0","1","0","0","","","","","","","0.000003567","0.000003567","","","","","","2026-07-23T10:19:01.601Z","2026-07-23T10:20:37.593Z","","","","",""
"NOVA","BzJngJ9ZF621ctaroiK587kaLJZYzUXUzY5nZUVEpump","67","1.772000001","","","","","","","0","0","0","","","0","0","906","1.772000001","0","17","1","0","0","3647.73","3","678.77","678.77","0.571","0.571","50.01","","0","0","1","0","0","","","","","","","0.000003647","0.000003647","","","","","","2026-07-23T10:21:55.669Z","2026-07-23T10:23:13.452Z","","","","",""
"REDEEMER","FxgzjJgKAhTjr3GDDX3xDrVEzTUctNT29Gds3G7Hpump","72","0.246913579","","","","","","","0","0","0","","","0","0","910","0.246913579","2","18","1","0","0","1332.81","4","417.21","417.21","0.556","0.556","-39.52","","0","0","1","0","0","","","","","","","0.000001792","0.000001332","","","","","","2026-07-23T10:22:07.654Z","2026-07-23T10:24:19.435Z","","","","",""
"ROP","6ctwkKWsuB2VQmvAQXsRAJHQrhunQCDSatAVigWWpump","79","8.888888887","auto","","30.024","","","","44.2","664","-29.7","","","-0.3","44.5","914","8.888888887","0","0","0","0","0","15693.86","6","3369.14","7788.45","0.577","0.647","331","","0","0","1","0","1","","","","","","","0.00001547","0.00001569","0.00001569","","","","","2026-07-23T10:23:55.576Z","2026-07-23T10:27:55.561Z","2026-07-23T10:28:25.585Z","","","",""
"NOVA","7TEgHRXddNMpsWY5cvDJtU7DvdFGwbqhuySgst8ypump","64","1.536000001","","","","","","","0","0","0","","","0","0","918","1.536000001","0","19","1","0","0","5890.45","2","899.65","899.65","0.7","0.7","146","","0","0","1","0","0","","","","","","","0.00000589","0.00000589","","","","","","2026-07-23T10:24:07.575Z","2026-07-23T10:25:01.659Z","","","","",""
"NOVA","DwjgBcwc2A8t79qu2MQHKkkDuXqShDyC5aX6h87opump","","","","","","","","","0","0","0","","","0","0","904","2.908000001","0","18","1","0","0","2707.65","3","564.34","564.34","0.667","0.667","3.8","","0","0","1","0","0","","","","","","","","0.000002707","","","","","","","2026-07-23T10:24:25.434Z","","","","",""
"COPE","6K2Y6fkR64qSo2Dn7Xu9fdzrKtTx8bMqAGKkiEfipump","61","0.060000001","","","","","","","0","0","0","","","0","0","916","0.060000001","0","1","1","0","0","4111.49","3","520.41","520.41","0.571","0.571","88.89","","0","0","1","0","0","","","","","","","0.000004111","0.000004111","","","","","","2026-07-23T10:25:37.584Z","2026-07-23T10:26:43.393Z","","","","",""
"Rambo","FK9B5hUHyhnBUsUC3sTm2QmvfxMRBWHqe4FR98Yy3m68","67","5","","71.776","","","","","46.6","410","-26.6","","","-9.9","62.7","910","5","0","1","0","0","0","17747.06","4","21466.32","21466.32","0.6","0.6","501","","0","0","1","0","1","-21.533258173618936","","","","","","0.00001515","0.00001774","","","0.00001392","","","2026-07-23T10:26:07.651Z","2026-07-23T10:28:19.598Z","","","2026-07-23T10:29:31.374Z","",""
"NOVA","5Lr3xHB4fKEsZX6ZzJSH5MQpD6Kx5N7Y4QQoje8jpump","69","2.282000001","","","","","","","0","0","0","","","0","0","916","2.282000001","0","21","1","0","0","3491.03","3","777.44","777.44","0.667","0.667","39.03","","0","0","1","0","0","","","","","","","0.000003984","0.000003491","","","","","","2026-07-23T10:26:49.657Z","2026-07-23T10:28:43.592Z","","","","",""
"JIMOTHY","4dPCSZCr194AVYS2UWGFX7ED1d5D4pcNayEaxFFFpump","74","0.682","","","","","","","0","0","0","","","0","0","916","0.682","0","0","1","0","0","4217.76","3","331.9","331.9","0.615","0.615","85.95","","0","0","1","0","0","","","","","","","0.000004217","0.000004217","","","","","","2026-07-23T10:28:43.610Z","2026-07-23T10:29:43.387Z","","","","",""
"SOL","4Rk1JNeAri968otBZyYpBy1cH4rh444rDyqmyxw3pump","","","","239.998","","","","","0","0","-0.4","","","0","0","914","0.098765431","1","1","0","0","0","2182.8","3","23.33","23.33","0.667","0.667","0","","0","0","1","0","0","0","","","","","","","0.000002182","","","0.000002182","","","","2026-07-23T10:29:25.371Z","","","2026-07-23T10:33:25.369Z","",""
"$14k ","GXnGVHqUrFQfYtD9A5LJcvDXctStZXsXoT2ZDLCDpump","57","1.97530864","","60.102","","","","","","","","","","","","","1.97530864","0","0","0","0","0","2478.04","3","478.21","478.21","0.588","0.588","0.59","","0","0","1","0","0","-12.227602905569004","","","","","","0.000002467","0.000002478","","","0.000002175","","","2026-07-23T10:30:07.644Z","2026-07-23T10:31:43.590Z","","","2026-07-23T10:32:43.692Z","",""
"NOVA","2L4xutDPwKNGFsuRTwJM34wBoQg4K14jNr2q6hVUpump","71","2.954000001","","","","","","","0","0","0","","","0","0","908","2.954000001","0","24","1","0","0","2786.53","3","590.11","590.11","0.75","0.75","6.5","","0","0","1","0","0","","","","","","","0.000002786","0.000002786","","","","","","2026-07-23T10:30:43.686Z","2026-07-23T10:32:01.454Z","","","","",""
"COIH","82Jv6sqGn3ARtKnSRQvhrd7NCZnXY9idKjSccNgFpump","57","2","","","","","","","","","","","","","","","2","0","0","0","0","0","2172.41","3","528.75","528.75","0.609","0.609","-12.11","","0","0","1","0","0","","","","","","","0.000002172","0.000002172","","","","","","2026-07-23T10:32:13.617Z","2026-07-23T10:33:49.651Z","","","","",""
"SFROG","3zegdaPW7UniPHL85kRHSFKVfnm3ci9f3e4LNGLQpump","65","3.456790122","","","","","","","9","580","-4.4","","","0","9","920","3.456790122","0","0","0","0","0","3576.18","3","659.75","659.75","1","1","32.36","","0","0","1","0","0","","","","","","","0.000003211","0.000003576","","","","","","2026-07-23T10:32:19.567Z","2026-07-23T10:33:49.595Z","","","","",""
"THD","H9EZMLnseSJoKDkkSb9aGd3y19SVqpFmFSHDwdmJpump","71","5","auto","","30.049","","","","40.7","244","-65.6","","","-0.6","41.6","904","5","0","0","0","0","0","13102.66","3","22944.49","22944.49","0.584","0.584","343","","0","0","1","0","1","","","","","","","0.000009987","0.0000131","0.0000131","","","","","2026-07-23T10:32:43.628Z","2026-07-23T10:34:25.575Z","2026-07-23T10:34:55.624Z","","","",""
"Silly","6iavkU8boq8kbsnSEkJmPpDtefKR8Njq89bQRRMupump","63","3","","","","","","","0.1","34","-0.3","","","0.1","0","904","3","0","0","0","0","0","2206.11","3","4846.47","4846.47","0.686","0.686","-16.07","","0","0","1","0","0","","","","","","","0.000002204","0.000002206","","","","","","2026-07-23T10:33:55.588Z","2026-07-23T10:34:55.385Z","","","","",""
"GEEKS","BodzsyFkwCDJCs7YXvWdgm7cg9iTVUJ3GSsLKNWdpump","55","1.777586529","","","","","","","","","","","","","","","1.777586529","0","0","0","0","0","2597.69","3","224.18","224.18","0.833","0.833","6.57","","0","0","1","0","0","","","","","","","0.000002597","0.000002597","","","","","","2026-07-23T10:34:13.569Z","2026-07-23T10:35:13.382Z","","","","",""
"MEOW","AZUbvtZxD7iAy45DFexsvoJPnH63zftnUGPFazeNpump","","","","","","","","","","","","","","","","","2.000000001","0","0","0","0","0","2491.07","3","165.11","165.11","1","1","0.78","","0","0","1","0","0","","","","","","","","0.000002491","","","","","","","2026-07-23T10:34:49.381Z","","","","",""
"NOVA","8F1cyK3DRGy4ogLyacXxT67nCtMG6nDan3hGCkajpump","64","1.781000001","","","","","","","0","0","0","","","0","0","918","1.781000001","0","26","1","0","0","2371.88","3","435.96","435.96","0.6","0.6","-2.71","","0","0","1","0","0","","","","","","","0.000002371","0.000002371","","","","","","2026-07-23T10:35:25.579Z","2026-07-23T10:36:31.374Z","","","","",""
"dihbihahh","2hRsJYjDa8CQcRXMUVNxoY3DZPucMi8xcA2Bpazwpump","69","5.925925924","","","","","","","0","0","0","","","0","0","902","5.925925924","0","1","0","0","0","2174.61","3","4515.89","4515.89","0.583","0.583","-30.23","","0","0","1","0","0","","","","","","","0.000002174","0.000002174","","","","","0.000002174","2026-07-23T10:36:55.575Z","2026-07-23T10:38:07.437Z","","","","2026-07-23T10:41:01.567Z",""
"JimothyJR","HyuFwh91PbmwhkaHxwVn4ZiokPgss4tjoDaTvBnppump","","","","","","","","","6.7","652","0","","","2.6","4","902","3.568000001","0","0","0","0","0","2719.89","3","277.23","277.23","1","1","0","","0","0","1","0","0","","","","","","","","0.000002719","","","","","","","2026-07-23T10:37:07.369Z","","","","",""
"NOVA","DJrHjWQLr7NSNrpmJNJMA4vnsJmgsrc6YuEphTRepump","69","2.708000001","","","","","","","0","0","0","","","0","0","904","2.708000001","0","28","1","0","0","2538.46","6","450.59","758.49","0.571","0.545","-1.75","","0","0","1","0","0","","","","","","","0.00000303","0.000002538","","","","","","2026-07-23T10:37:43.640Z","2026-07-23T10:41:55.668Z","","","","",""
"Smiling","FhGgd7JzS8u9acD38ChQnSZiyaPmQ2ZUYmG22pZEpump","58","2.962962961","","72.056","","","","","","","","","","","","","2.962962961","0","1","0","0","0","3926.1","3","11072.66","11072.66","0.559","0.559","49.62","","0","0","1","0","1","-15.944982170147734","","","","","","0.000003008","0.000003926","","","0.0000033","","","2026-07-23T10:37:49.567Z","2026-07-23T10:39:13.588Z","","","2026-07-23T10:40:25.644Z","",""
"SILLY","Gxj5YSDvJkbuzXWRP6TJK3v6pRqTwFNbF73JQ3dPpump","55","2.4691358","","156.008","","","","","","","","","","","","","2.4691358","0","1","0","0","0","4170.22","3","4880.46","4880.46","0.672","0.672","63.79","","0","0","1","0","1","24.700239808153484","","","","","","0.00000299","0.00000417","","","0.0000052","","","2026-07-23T10:38:31.620Z","2026-07-23T10:39:43.559Z","","","2026-07-23T10:42:19.567Z","",""
"MMH","DansvFEKcwEoY7VQ8JYZxGi8nCs8w1wZWWwe7zrXpump","59","0.098765431","","96.208","","","","","","","","","","","","","0.098765431","0","2","1","0","0","10513.97","3","531.38","531.38","0.577","0.577","381","","0","0","1","0","0","-78.03996194100856","","","","","","0.000003885","0.00001051","","","0.000002308","","8.564e-7","2026-07-23T10:38:49.573Z","2026-07-23T10:39:55.374Z","","","2026-07-23T10:41:31.582Z","2026-07-23T10:43:25.582Z",""
"NOVA","FHnPHv12ePcjzGk32no9prpgv4yPpTGFxZhcjaNypump","58","1.076000001","","228","","","","","","","","","","","","","1.076000001","0","29","1","0","0","4397.91","3","879.9","879.9","0.607","0.607","88.57","","0","0","1","0","0","0","","","","","","0.000004397","0.000004397","","","0.000004397","","","2026-07-23T10:39:37.591Z","2026-07-23T10:40:37.372Z","","","2026-07-23T10:44:25.372Z","",""
"yes","AitSgMTCDK8M8mXj9Hz1fM1gD4AD51RvLS1RKGSNpump","68","0.246913579","","18.025","","","","","0","0","-89.1","","","-53.3","0","70","0.246913579","0","0","1","0","0","5252.26","3","237.47","237.47","0.561","0.561","138","","0","0","1","0","0","-53.274942878903275","","","","","","0.000004242","0.000005252","","","0.000002454","","5.708e-7","2026-07-23T10:40:43.633Z","2026-07-23T10:41:49.370Z","","","2026-07-23T10:42:07.395Z","2026-07-23T10:42:43.603Z",""
"NOVA","GhMFMJBshRaCwcyV4VxoZLWMdvFryHQARiQ2X2wPpump","66","2.119000001","","233.95","","","","","0","0","0","","","0","0","902","2.119000001","0","30","1","0","0","3690.03","3","1066.68","1066.68","0.632","0.632","48.11","","0","0","1","0","0","0","","","","","","0.00000369","0.00000369","","","0.00000369","","","2026-07-23T10:41:07.644Z","2026-07-23T10:42:07.412Z","","","2026-07-23T10:46:01.362Z","",""
"Toely","Hs5KSsq9qAxPGbfvFUPEomeRXhA1CECgC7LN5GvXpump","89","5","auto","48.153","30.026","","","","0","0","-69.9","","","-5.3","0","904","5","1","5","0","0","0","7269.72","3","14175.34","14175.34","0.59","0.59","146","","0","0","1","0","1","-15.779336910166464","","","","","","0.000004927","0.000007269","0.000006887","","0.000006122","","0.000003422","2026-07-23T10:41:25.570Z","2026-07-23T10:42:25.427Z","2026-07-23T10:42:55.453Z","","2026-07-23T10:43:13.580Z","2026-07-23T10:46:43.618Z",""
"SILLY","7wEnPDMNTHYrF42iQhSfPVUkzN3zju4qTqRBoVgopump","70","4.938271603","","11.945","","","","","0","0","-53.6","","","-49.7","0","908","4.938271603","0","0","0","0","0","4852.32","3","7351.43","7351.43","0.596","0.596","64.56","","0","0","1","0","1","-49.69084913437758","","","","","","0.000004645","0.000004852","","","0.000002441","","0.000002415","2026-07-23T10:42:25.640Z","2026-07-23T10:43:31.431Z","","","2026-07-23T10:43:43.376Z","2026-07-23T10:46:49.587Z",""
"NOVA","8oRUyj2wLA1uyrmz65RzDFWCx9xFPrEsKT6opM7Ppump","68","2.518000001","","","","","","","0","0","0","","","0","0","908","2.518000001","0","31","1","0","0","2306.65","4","790.66","790.66","0.619","0.619","-9.7","","0","0","1","0","0","","","","","","","0.000002318","0.000002306","","","","","","2026-07-23T10:42:43.614Z","2026-07-23T10:45:01.592Z","","","","",""
"NOVA","3YDR4umppEsiKHDWCUhuLxhWDgU3uBcGPnWgMwVNpump","62","1.606000001","","","","","","","0","0","0","","","0","0","906","1.606000001","0","32","1","0","0","4617.06","3","624.55","624.55","0.615","0.615","91.33","","0","0","1","0","0","","","","","","","0.000004617","0.000004617","","","","","","2026-07-23T10:44:07.627Z","2026-07-23T10:45:13.443Z","","","","",""
"BREAKFASTCUM","G7RAfvsitzefzEfMkejRSqSNhBCegNBNxQX5pUUtpump","78","1.214814813","","203.743","","","","","0","0","0","","","0","0","910","1.214814813","0","0","1","0","0","3175.21","3","712.44","712.44","0.594","0.594","34.9","","0","0","1","0","0","0","","","","","","0.000003175","0.000003175","","","0.000003175","","","2026-07-23T10:45:07.582Z","2026-07-23T10:46:19.619Z","","","2026-07-23T10:49:43.362Z","",""
"Kevin","Cdzj8Q5F4rEYbZ9mVE5PZkpzeRCK2y4nMiLWunH7pump","55","2.4691358","","","","","","","","","","","","","","","2.4691358","0","1","0","0","0","7243.71","4","14971.21","14971.21","0.575","0.575","185","","0","0","1","0","1","","","","","","","0.000006862","0.000007243","","","","","","2026-07-23T10:48:31.671Z","2026-07-23T10:50:49.612Z","","","","",""
"maybe","FMgf38bTseQMRs5Jrg6F5jxMJH1KdquJNxpL9Lijpump","63","0.296296295","","","","","","","341.4","144","-94.7","","","-19.2","446.4","224","0.296296295","0","2","1","0","0","9720.09","3","314.87","314.87","0.62","0.62","339","","0","0","1","0","0","","","","","","","0.000005898","0.00000972","","","","","","2026-07-23T10:49:19.612Z","2026-07-23T10:50:25.375Z","","","","",""
"CUZ IM GAY :<","2Js8JNxGqiYHfaqjHrcYG9wCxC2EqzBm1etgQPJspump","82","3.950617282","","","","","","","0","0","0","","","0","0","908","3.950617282","0","4","1","0","0","3921.71","3","2076.08","2076.08","0.588","0.588","40.94","","0","0","1","0","0","","","","","","","0.000003921","0.000003921","","","","","","2026-07-23T10:50:13.582Z","2026-07-23T10:51:31.435Z","","","","",""
"myb","3qqdkKr37E4igQCZTMYoGVyK6EySGsXp4vDr84htpump","57","0.150000001","","","","","","","","","","","","","","","0.150000001","0","4","1","0","0","1756.37","3","44.88","44.88","0.632","0.632","-19.96","","0","0","1","0","0","","","","","","","0.000001756","0.000001756","","","","","","2026-07-23T10:51:19.622Z","2026-07-23T10:53:01.433Z","","","","",""
"NOVA","GpNSUoT4daXPm9uLAdNe4w9d52ZxeULRjmMC8zkGpump","66","2.400000001","","","","","","","0","0","-0.8","","","0","0","918","2.400000001","0","38","1","0","0","2422.8","3","871.18","871.18","0.708","0.708","-4.4","","0","0","1","0","0","","","","","","","0.00000247","0.000002422","","","","","0.000002422","2026-07-23T10:53:37.588Z","2026-07-23T10:55:31.576Z","","","","2026-07-23T10:57:43.376Z",""
"A GLOW","3z3gsSg4tbyimo5LdufJ3zP27KSsGpuVk6RZQ2S8pump","","","","","","","","","2","104","-63.9","","","0","2","904","19.753086418","0","0","0","0","0","5975.8","3","1535.01","1535.01","1","1","0","","0","0","1","0","0","","","","","","","","0.000005975","","","","","","","2026-07-23T10:53:55.428Z","","","","",""
"RAMBO","9KeWtxFxMhD8es38ZddXfzD55DfQgqCfNTfNbXpspump","62","2.864197529","","191.999","","","","","63","146","-78.4","","","31.4","24.1","916","2.864197529","0","0","0","0","0","6848.24","3","3919.33","3919.33","0.685","0.685","163","","0","0","1","0","1","26.723130841121495","","","","","","0.000004096","0.000006848","","","0.000008678","","","2026-07-23T10:54:13.587Z","2026-07-23T10:55:13.364Z","","","2026-07-23T10:58:25.363Z","",""
"IM A SINNER","DozCcegUiRfWj4Cwqj85qRqd5brMStYJsjrRncwGpump","73","1.97530864","","","","","","","0","0","0","","","0","0","902","1.97530864","0","6","1","0","0","9599.37","4","3728.71","3728.71","0.583","0.583","289","","0","0","1","0","0","","","","","","","0.000009603","0.000009599","","","","","0.000009599","2026-07-23T10:54:49.579Z","2026-07-23T10:57:07.575Z","","","","2026-07-23T10:59:01.579Z",""
"NOVA","7orUGNmvpp81jUFnLZiDS7Cfa9kXdfAiwEyMCwWTpump","71","3.600000001","","","","","","","0","0","0","","","0","0","908","3.600000001","0","39","1","0","0","2576.97","3","705.1","705.1","0.714","0.714","-5.45","","0","0","1","0","0","","","","","","","0.000002576","0.000002576","","","","","","2026-07-23T10:54:55.590Z","2026-07-23T10:56:01.430Z","","","","",""
"AWAWAWAWAW","BrHVFFadWFh5HAWxWvPq1rfGMJwRsoSKQJQGCj5Hpump","63","3","","53.994","","","","","12.5","128","-44.1","","","-35","73.3","908","3","0","0","0","0","0","3695.8","4","7523.07","7523.07","0.563","0.563","40.58","","0","0","1","0","1","-35.04736129905278","","","","","","0.000004923","0.000003695","","","0.0000024","","","2026-07-23T10:55:55.620Z","2026-07-23T10:58:01.377Z","","","2026-07-23T10:58:55.371Z","",""
"CASHC","H533yzAWWRLWwu4Qmotv5e4LxQ4bMXJgMnRMEEbqpump","58","0.059259258","","47.981","","","","","","","","","","","","","0.059259258","0","2","1","0","0","4304.4","3","2468.83","2468.83","0.582","0.582","97.33","","0","0","1","0","0","-19.772304832713754","","","","","","0.00000135","0.000004304","","","0.000003453","","2.725e-8","2026-07-23T10:56:01.573Z","2026-07-23T10:57:19.385Z","","","2026-07-23T10:58:07.366Z","2026-07-23T10:58:25.554Z",""
"Forge","2Z8Gxvpo75ca6kau7euw2fZ3VhMpq4XMn5itjtDUpump","57","1.97530864","","","","","","","","","","","","","","","1.97530864","0","0","0","0","0","2663.62","3","250.37","250.37","1","1","7.96","","0","0","1","0","0","","","","","","","0.000002663","0.000002663","","","","","","2026-07-23T10:56:55.574Z","2026-07-23T10:57:13.390Z","","","","",""
"Kevin","HJpVo1BT8aEMAxbCDJVBc16KGcoSY66fQixTXaErpump","82","14.814814813","","17.893","","","","","0","0","-55.2","","","-55.2","0","918","14.814814813","0","1","0","0","0","4847.6","3","1395.93","1395.93","0.571","0.571","0.02","","0","0","1","0","0","-54.87930678770374","","","","","","0.000004847","0.000004847","","","0.000002187","","0.000002187","2026-07-23T10:59:25.556Z","2026-07-23T11:00:31.471Z","","","2026-07-23T11:00:49.364Z","2026-07-23T11:00:49.358Z",""
"Leopard","4Mt6m3VQD5qWQf2MJ5kW8N36heeDQ2Fb6TpDiJC7pump","56","2.962962961","","18.153","","","","","","","","","","","","","2.962962961","0","2","0","0","0","6420.42","3","9474.84","9474.84","0.577","0.577","145","","0","0","1","0","1","-64.81308411214954","","","","","","0.000004702","0.00000642","","","0.000002259","","0.000002191","2026-07-23T10:59:49.607Z","2026-07-23T11:00:55.434Z","","","2026-07-23T11:01:13.587Z","2026-07-23T11:04:31.583Z",""
"RISE","Hu5UFujs27dPHoMSeJhWoim24fNqX8TBXP1qp3yFpump","90","35.318518517","","","","","","","6.2","322","-81.6","","","-0.1","6.3","492","35.318518517","0","1","0","0","0","11329.21","3","2991.15","2991.15","1","1","10.04","","0","0","1","0","0","","","","","","","0.0000113","0.00001132","","","","","","2026-07-23T11:00:01.569Z","2026-07-23T11:01:07.441Z","","","","",""
"FUCK","3Y9tU4DezFH9kw2Vd9mE2QvrZYNsHc9QgNkh5putpump","59","0.098765431","","","","","","","","","","","","","","","0.098765431","0","2","1","0","0","37054.89","6","102.87","675.17","0.545","0.553","1595","","0","0","1","0","0","","","","","","","0.00003703","0.00003705","","","","","","2026-07-23T11:00:13.667Z","2026-07-23T11:04:49.580Z","","","","",""
"GUYSJSWANAFUC","7vq8VF8PVCmjTxw5R98P9iSQXKHaxDeh77DQzn56pump","72","1.97530864","","","","","","","0","0","-0.2","","","-0.2","0","904","1.97530864","0","8","1","0","0","10281.76","4","4888.82","4888.82","0.619","0.619","317","","0","0","1","0","0","","","","","","","0.00002667","0.00001028","","","","","0.00001026","2026-07-23T11:01:31.574Z","2026-07-23T11:03:55.423Z","","","","2026-07-23T11:06:37.576Z",""
"bryan","Aqq8Bbzr1gNtUzGjxpymrJCJzpRaxP2wxkSbXJ8fpump","64","5","","","","","","","0","0","-16.4","","","-3","0","918","5","0","2","0","0","0","8055.02","5","52974.99","52974.99","0.566","0.566","172","","0","0","1","0","1","","","","","","","0.00001481","0.000008055","","","","","0.000007811","2026-07-23T11:01:49.625Z","2026-07-23T11:05:31.574Z","","","","2026-07-23T11:06:19.594Z",""
"pairs","DYDKQ5bRECfGjnir4o7exizWtXZ36e4wQZgSVfeBpump","89","4.938271603","","72.059","","","","","5.2","38","-21.2","","","5.2","0","918","4.938271603","0","0","1","0","0","3349.01","4","4475.21","4475.21","0.585","0.585","13.65","","0","0","1","0","0","-17.079725291131687","","","","","","0.000005611","0.000003349","","","0.000002777","","0.000002777","2026-07-23T11:06:31.570Z","2026-07-23T11:08:31.567Z","","","2026-07-23T11:09:43.626Z","2026-07-23T11:11:07.570Z",""
"ARCPAWS","4qxp1airFp5gYKXKxL98iSj4uKHm1mrvDqrg5yT1pump","","","","","","","","","0.8","214","0","","","0","0.8","904","2.913580245","0","0","0","0","0","2615.21","3","226.41","226.41","1","1","0","","0","0","1","0","0","","","","","","","","0.000002615","","","","","","","2026-07-23T11:06:55.415Z","","","","",""
"Destiny","5rW9GrSynBqLqpYuK6qxp43ABQCHm2f5XZ5rVU5gpump","63","2.962962961","","204.031","","","","","186.3","712","-11.4","","","32.6","116","912","2.962962961","0","0","0","0","0","4611.64","3","4539.58","4539.58","0.697","0.697","75.81","","0","0","1","0","1","79.41878117545001","","","","","","0.000002514","0.000004611","","","0.000008273","","","2026-07-23T11:06:55.562Z","2026-07-23T11:08:07.359Z","","","2026-07-23T11:11:31.390Z","",""
"Destiny","5zqH3gpxnH5S7z5ox7GV8hgne9UoP48sGEagaVTDpump","64","3","","113.961","","","","","47.3","2","-24.3","","","24.3","15.5","912","3","1","12","0","0","0","7890.95","3","13352.2","13352.2","0.609","0.609","200","","0","0","1","0","1","16.666666666666664","","","","","","0.000006924","0.00000789","","","0.000009205","","","2026-07-23T11:07:31.567Z","2026-07-23T11:08:37.414Z","","","2026-07-23T11:10:31.375Z","",""
"BULLHAT","DLUESXMuV5i8CqXVAA6drqgSKwjDgfXaVD323FkDpump","74","6.300000001","auto","","30.132","","","","1","218","-51.7","","","0","1","918","6.300000001","0","0","0","0","0","4625.52","3","1808.57","1808.57","0.583","0.583","45.41","","0","0","1","0","1","","","","","","","0.000004625","0.000004625","0.000004625","","","","","2026-07-23T11:07:55.553Z","2026-07-23T11:09:01.427Z","2026-07-23T11:09:31.559Z","","","",""
"Destiny","zD7dsDeyniGt6V1am7mBDKUx5Bz7dRjSXVkripr2egE","56","3","","155.862","","","","","","","","","","","","","3","0","2","0","0","0","2173.25","4","2978.65","2978.65","0.575","0.575","-17.33","","0","0","1","0","0","0","","","","","","0.000002214","0.000002173","","","0.000002173","","","2026-07-23T11:10:25.639Z","2026-07-23T11:12:37.569Z","","","2026-07-23T11:15:13.431Z","",""
"INU","Bx67rAwDyY81Bodh1y7nKdKqoQKQVE6WCqF7s3Bbpump","65","0.064443822","","24.284","","","","","0","0","-93.5","","","","","28","0.064443822","0","0","1","0","0","17642.96","3","2913.63","2913.63","0.623","0.623","709","","0","0","1","0","0","-93.51473922902494","","","","","","0.000001674","0.00001764","","","0.000001144","","0.000001144","2026-07-23T11:10:31.543Z","2026-07-23T11:11:31.372Z","","","2026-07-23T11:11:55.656Z","2026-07-23T11:11:55.648Z",""
"AO","EGTWKr8wkfy7ueZguVmPqAvDMM9pbsL8Ln1SAsT5pump","63","3","","","","","","","0","0","0","","","0","0","912","3","0","0","0","0","0","2183.44","3","481.8","481.8","0.6","0.6","-16.97","","0","0","1","0","0","","","","","","","0.000002183","0.000002183","","","","","","2026-07-23T11:12:31.575Z","2026-07-23T11:13:37.480Z","","","","",""
"SolBull","887meJqyhFjmFSUrYw5LdzSNSXjHFX3wMPeq5MhYpump","100","0.395000071","","","","","","","154.8","528","-90.9","","","-7.2","174.6","588","0.395000071","1","1","0","0","0","10159.94","3","9236.37","9236.37","0.713","0.713","355","","0","0","1","0","1","","","","","","","0.000009156","0.00001015","","","","","","2026-07-23T11:12:31.598Z","2026-07-23T11:13:31.360Z","","","","",""
"Optimism","6Fh8oBgENawon3L13Et9XoCsH3dejCgiMU3626vupump","65","2","","","","","","","0","540","0","","","0","0","910","2","1","9","0","0","0","2605.24","3","1243.54","1243.54","0.591","0.591","5.36","","0","0","1","0","0","","","","","","","0.00000245","0.000002605","","","","","","2026-07-23T11:13:13.559Z","2026-07-23T11:14:19.370Z","","","","",""
"Treats","GUeRXnWTXbzBdw67CqCs4rAb4KikBGzRcJU2FcLzpump","64","0.395061727","","","","","","","0","0","0","","","0","0","912","0.395061727","0","2","1","0","0","5273.31","3","389.85","389.85","0.638","0.638","136","","0","0","1","0","0","","","","","","","0.000005273","0.000005273","","","","","","2026-07-23T11:13:37.611Z","2026-07-23T11:14:37.356Z","","","","",""
"Treats","CrvTBodWewMYwaBuLEYPU7Pd1m9DVvqJy1GHCuPcpump","64","0.493827159","","","","","","","0","0","0","","","0","0","918","0.493827159","0","3","1","0","0","58915.1","3","832.31","832.31","0.683","0.683","2524","","0","0","1","0","0","","","","","","","0.00005888","0.00005891","","","","","","2026-07-23T11:14:37.572Z","2026-07-23T11:16:01.376Z","","","","",""
"Optimism","CNHSx8MXLS9c7LLSV9T9xqG2RY5y7XkYuq8vkcnZpump","56","2.962962961","","","","","","","","","","","","","","","2.962962961","0","2","0","0","0","2285.5","4","639.04","639.04","0.625","0.625","-12.89","","0","0","1","0","0","","","","","","","0.000002327","0.000002285","","","","","","2026-07-23T11:15:01.554Z","2026-07-23T11:17:13.489Z","","","","",""
"trashbandit","E7iEeMW559WCPD4k9eGJ7gQdPBtX9AoN4eHJvV53pump","71","5","","","","","","","0","0","0","","","0","0","902","5","0","0","0","0","0","2968.92","3","1221.58","1221.58","0.583","0.583","0.37","","0","0","1","0","0","","","","","","","0.000002968","0.000002968","","","","","","2026-07-23T11:15:25.569Z","2026-07-23T11:16:37.453Z","","","","",""
"at","2TmxidE27ehh3xuqBqM1raRwKwUdae1TmjdhQkf1pump","57","0.500000001","","","","","","","","","","","","","","","0.500000001","0","10","1","0","0","3278.69","4","309.35","309.35","0.667","0.667","45.85","","0","0","1","0","0","","","","","","","0.000003314","0.000003278","","","","","","2026-07-23T11:17:37.550Z","2026-07-23T11:19:43.354Z","","","","",""
"NOVA","Ghr6fkwYjZEN1PSbeJ5gECNPXXyrvzyCso39tWvEpump","","","","","","","","","0","0","0","","","0","0","918","1.950000001","1","43","1","0","0","2486.57","3","347.03","347.03","0.667","0.667","0.8","","0","0","1","0","0","","","","","","","","0.000002486","","","","","","","2026-07-23T11:18:01.431Z","","","","",""
"Treats","B6fWkbE95AnRnwpSVVRzfFFxWTdh7cTJLCUaZft2pump","61","0.493827159","","","","","","","0","0","0","","","0","0","920","0.493827159","0","5","1","0","0","2540.64","3","265.7","265.7","0.63","0.63","13.06","","0","0","1","0","0","","","","","","","0.00000254","0.00000254","","","","","","2026-07-23T11:18:13.559Z","2026-07-23T11:19:19.371Z","","","","",""
"NOVA","8puvRjoiiquSkYtFvmi6UhghyjjUF3V7HEQ7y2Jupump","60","1.156000001","","","","","","","0","0","0","","","0","0","912","1.156000001","1","44","1","0","0","1937.16","3","372.35","372.35","0.632","0.632","-17.42","","0","0","1","0","0","","","","","","","0.000001937","0.000001937","","","","","","2026-07-23T11:18:19.623Z","2026-07-23T11:19:37.422Z","","","","",""
"DREAMERS","AT5Gepa4b1QF34LYEKYp5rgpJyH3CdtqWcUzKk2zpump","68","7.6","","","","","","","0","0","-1.9","","","-1.9","0","912","7.6","0","4","0","0","0","2215.71","3","1204.18","1204.18","0.667","0.667","-35.15","","0","0","1","0","0","","","","","","","0.000002174","0.000002215","","","","","","2026-07-23T11:19:25.348Z","2026-07-23T11:18:37.574Z","","","","",""
"Treats","89fZUbEkrMLagGSARbswZKWUBnXn4Qbox8ngNS9Ppump","66","0.98765432","","","","","","","0","0","0","","","0","0","902","0.98765432","0","6","1","0","0","3028.26","3","956.43","956.43","0.637","0.637","30.5","","0","0","1","0","0","","","","","","","0.000003028","0.000003028","","","","","0.000003028","2026-07-23T11:19:07.581Z","2026-07-23T11:20:07.362Z","","","","2026-07-23T11:23:01.567Z",""
"Treats","AMuX4a2Z5LBjMa5jGVQBZAFdCwknPz4rdVo9hvSWpump","65","0.98765432","","","","","","","0","0","0","","","0","0","906","0.98765432","0","7","1","0","0","3709.72","3","464.73","464.73","0.621","0.621","59.87","","0","0","1","0","0","","","","","","","0.000003709","0.000003709","","","","","","2026-07-23T11:20:01.584Z","2026-07-23T11:21:13.356Z","","","","",""
"Treats","DFaRj12j5zL47VLaTHQ7iNxyeazVn5arvitTDp5fpump","64","0.98765432","","","","","","","0","0","0","","","0","0","908","0.98765432","0","8","1","0","0","101162.31","3","1098.96","1098.96","0.7","0.7","4260","","0","0","1","0","0","","","","","","","0.0001011","0.0001011","","","","","","2026-07-23T11:21:01.564Z","2026-07-23T11:22:01.406Z","","","","",""
"Fun","BnDrXxi2Ag8xkZnyh3i4WdoaVb6f3BjfwM82QLKpump","100","0.088888887","","41.707","","","","","81.8","186","-99.5","","","-62.2","381.2","536","0.088888887","2","3","1","0","0","5500.31","3","834.65","834.65","0.563","0.563","151","","0","0","1","0","0","-62.21818181818182","","","","","","0.000004996","0.0000055","","","0.000002078","","","2026-07-23T11:22:19.568Z","2026-07-23T11:24:13.649Z","","","2026-07-23T11:24:55.356Z","",""
"Treats","4HcEjZsxGJUPwDFCB6DGGJ6ekUe7UfNJBkv66o1Dpump","62","0.98765432","","","","","","","0","0","-0.4","","","-0.4","0","906","0.98765432","0","13","1","0","0","3148.53","3","1069.21","1069.21","0.654","0.654","35.7","","0","0","1","0","0","","","","","","","0.000003148","0.000003148","","","","","","2026-07-23T11:25:07.555Z","2026-07-23T11:26:13.404Z","","","","",""
"USOH","58RAGhNe86Ek4jMhqgAwxDufu2LLL8qj9UfZVZCNpump","66","0.098765431","","41.972","","","","","0","0","-71.9","","","-71.9","0","40","0.098765431","0","0","1","0","0","15110.7","3","2995.65","2995.65","0.558","0.558","590","","0","0","1","0","0","-71.93911317008603","","","","","","0.000009041","0.00001511","","","0.00000424","","0.000001013","2026-07-23T11:25:13.566Z","2026-07-23T11:26:19.414Z","","","2026-07-23T11:27:01.386Z","2026-07-23T11:28:55.540Z",""
"at","D6wT3AxwKVu11dx9vJF3LF7N8oXq1mbFB4jUQoiipump","56","0.500000001","","","","","","","","","","","","","","","0.500000001","0","13","1","0","0","23114.87","4","1993.26","1993.26","0.613","0.613","928","","0","0","1","0","0","","","","","","","0.00002315","0.00002311","","","","","","2026-07-23T11:26:01.633Z","2026-07-23T11:28:01.788Z","","","","",""
"Treats","7kH92xJ3WrWt2PU1gwCVfYbQfXmetJNvG1hBHJvfpump","61","0.98765432","","","","","","","0","0","0","","","0","0","908","0.98765432","0","15","1","0","0","2332.15","3","752.16","752.16","0.623","0.623","0.61","","0","0","1","0","0","","","","","","","0.000002332","0.000002332","","","","","","2026-07-23T11:26:49.586Z","2026-07-23T11:28:01.584Z","","","","",""
"LUNX","GA9LwuikyroEes5jvvabN3ij8rF5At811eKNbMA2pump","63","0.197530863","","","","","","","1881.9","394","-0.1","","","-5.7","2001.4","904","0.197530863","0","1","1","0","0","5858.12","5","402.72","402.72","0.564","0.564","166","","0","0","1","0","0","","","","","","","0.000001789","0.000005858","","","","","","2026-07-23T11:27:13.570Z","2026-07-23T11:30:55.354Z","","","","",""
"Treats","81TTMcC5mQ1jZ8PZ6Yw5CMud4CqKSky1Y2HYmUUjpump","60","0.98765432","","","","","","","0","0","0","","","0","0","908","0.98765432","0","17","1","0","0","1529.05","3","1159.27","1159.27","0.587","0.587","-34.04","","0","0","1","0","0","","","","","","","0.000001529","0.000001529","","","","","","2026-07-23T11:28:49.567Z","2026-07-23T11:30:01.422Z","","","","",""
"Gcoin ","AvnccrF8NsXc76foidinE7FMMKqXBg2fdDN3tjpRpump","59","0.200000001","","66.391","","","","","","","","","","","","","0.200000001","0","3","1","0","0","12082.96","3","463.5","463.5","0.557","0.557","449","","0","0","1","0","0","-79.65231788079471","","","","","","0.000004826","0.00001208","","","0.000002458","","5.339e-7","2026-07-23T11:30:37.546Z","2026-07-23T11:31:43.357Z","","","2026-07-23T11:32:49.748Z","2026-07-23T11:33:43.593Z",""
"BUTTMEX","7ekToyJwoVbw1cW6Lwi7CKo4xmYTUvGYk5H69jXWpump","58","3","","","","","","","","","","","","","","","3","0","1","0","0","0","2244.52","3","597.15","597.15","0.6","0.6","-14.62","","0","0","1","0","0","","","","","","","0.000002244","0.000002244","","","","","","2026-07-23T11:31:13.549Z","2026-07-23T11:32:25.453Z","","","","",""
"at","k2HUrpkM246TzUMxzLLd6Y3Q4WEpEuxvgQ1fjawpump","69","2.000000001","","","","","","","0","0","0","","","0","0","904","2.000000001","0","15","1","0","0","126546.56","3","5045.67","5045.67","0.6","0.6","5019","","0","0","1","0","0","","","","","","","0.00008603","0.0001265","","","","","","2026-07-23T11:31:13.557Z","2026-07-23T11:32:25.425Z","","","","",""
"TripleJ","CoryDReAzj3cUBeoe4X6vsexYG7Nk9hvBcEbRLC1pump","65","0.060000001","","90.033","","","","","1495.7","224","-98.6","","","694.5","100.9","714","0.060000001","0","0","1","0","0","3678.38","3","19.32","19.32","0.769","0.769","68.63","","0","0","1","0","0","199.347471451876","","","","","","0.000003676","0.000003678","","","0.00001101","","","2026-07-23T11:31:13.584Z","2026-07-23T11:32:25.350Z","","","2026-07-23T11:33:55.383Z","",""
"buttmex","DuwBfz4EJNunmTv9UYxZdb37KS952KWQHT7k8Sdmpump","68","2.4691358","auto","90.058","30.021","","","","24.5","36","-70.5","","","24.5","0","906","2.4691358","1","9","0","0","0","12115.27","3","15978.09","15978.09","0.591","0.591","376","","0","0","1","0","1","6.606110652353434","","","","","","0.000008616","0.00001211","0.00001508","","0.00001291","","","2026-07-23T11:31:31.547Z","2026-07-23T11:32:43.351Z","2026-07-23T11:33:13.372Z","","2026-07-23T11:34:13.409Z","",""
"Treats","DzSDkHFVi9YTvqgBwnjx2rQWHgH1K349Tp4zTg36pump","59","0.98765432","","","","","","","","","","","","","","","0.98765432","0","21","1","0","0","3612.96","3","694.18","694.18","0.654","0.654","55.88","","0","0","1","0","0","","","","","","","0.000003612","0.000003612","","","","","","2026-07-23T11:32:07.548Z","2026-07-23T11:33:19.427Z","","","","",""
"Miracle","ZRgsejGj3sepvgrSeSr1SGiEEp3jhXoWHuvwYrfpump","55","1.679012343","","42.017","","","","","","","","","","","","","1.679012343","0","0","0","0","0","15448.43","3","16556.9","16556.9","0.652","0.652","538","","0","0","1","0","1","-8.095854922279802","","","","","","0.00001282","0.00001544","","","0.00001419","","","2026-07-23T11:32:31.575Z","2026-07-23T11:33:43.362Z","","","2026-07-23T11:34:25.379Z","",""
"at","EqpXeRGLgCqg8nmKK7MssD9mwasvRP6FG1vieNTVpump","68","2.000000001","","","","","","","0","0","0","","","0","0","924","2.000000001","0","16","1","0","0","1921.53","3","2522.37","2522.37","0.593","0.593","-22.26","","0","0","1","0","0","","","","","","","0.000001921","0.000001921","","","","","","2026-07-23T11:33:13.561Z","2026-07-23T11:34:25.349Z","","","","",""
"130FT","814xQmeqUbZxGrXPb8rKNo5rfhQ5LSD23PTf4C8Apump","57","2.000000001","","18.214","","","","","","","","","","","","","2.000000001","0","0","0","0","0","2547.21","3","193.08","193.08","1","1","3.05","","0","0","1","0","0","-8.676874754613275","","","","","","0.000002326","0.000002547","","","0.000002326","","","2026-07-23T11:34:07.552Z","2026-07-23T11:33:49.343Z","","","2026-07-23T11:34:07.557Z","",""
"BubbleDog","Drhx9XKsGutknUswJ3EK55rj6Sk5jgJhbyQ7kTFcpump","55","5","","","","","","","","","","","","","","","5","0","12","0","0","0","2256.57","3","8324.03","8324.03","0.578","0.578","-23.68","","0","0","1","0","0","","","","","","","0.000002269","0.000002256","","","","","","2026-07-23T11:35:01.588Z","2026-07-23T11:36:55.411Z","","","","",""
"Treats","AHzFipv3fbF8r83NhLQ8BhqvQF5be7sAdFYRuWt5pump","58","0.98765432","","","","","","","","","","","","","","","0.98765432","0","24","1","0","0","1478.91","3","536.1","536.1","0.679","0.679","-36.19","","0","0","1","0","0","","","","","","","0.000001478","0.000001478","","","","","","2026-07-23T11:35:01.636Z","2026-07-23T11:36:13.350Z","","","","",""
"Matrixx","7uSveWyB6bbpDUuhMybX9YqF3dbNH7GjyZ3efLpspump","99","0.088888887","","","","","","","0","0","0","","","0","0","902","0.088888887","2","4","1","0","0","3658.15","3","44.57","44.57","0.609","0.609","67.4","","0","0","1","0","0","","","","","","","0.000003658","0.000003658","","","","","","2026-07-23T11:35:37.647Z","2026-07-23T11:36:37.378Z","","","","",""
"Treats","9oW76uJUHPQ5uGrU84TK7RSkdsC9L9ee8gEed2V6pump","58","0.98765432","","","","","","","","","","","","","","","0.98765432","0","25","1","0","0","1451.5","3","724.89","724.89","0.591","0.591","-37.38","","0","0","1","0","0","","","","","","","0.000001451","0.000001451","","","","","","2026-07-23T11:35:43.527Z","2026-07-23T11:36:55.579Z","","","","",""
"POB","CjtE74WTk1FNKvvVhwhoQxHXA5u29tjRuvjRHYUEpump","58","0.059259258","","24.158","","","","","","","","","","","","","0.059259258","0","2","1","0","0","1677.49","3","63.33","63.33","0.612","0.612","-23.03","","0","0","1","0","0","-39.17710196779964","","","","","","0.000001628","0.000001677","","","0.00000102","","0.00000102","2026-07-23T11:36:49.566Z","2026-07-23T11:38:13.405Z","","","2026-07-23T11:38:37.563Z","2026-07-23T11:38:37.556Z",""
"at","zEgf4LUGQz5KtsStLiJQSm3UAHhp2695oqWDt6apump","70","2.500000001","","","","","","","0","0","0","","","0","0","914","2.500000001","0","19","1","0","0","3450.76","3","908.17","908.17","0.643","0.643","35.45","","0","0","1","0","0","","","","","","","0.00000345","0.00000345","","","","","","2026-07-23T11:37:49.569Z","2026-07-23T11:38:55.347Z","","","","",""
"HONEY","BabAp9bG2EFc3E98iUWWcuf86yRUtFQQZYfF2afxpump","82","5","","47.996","","","","","0","0","-17","","","-17","0","902","5","1","7","0","0","0","2615.99","3","2603.51","2603.51","0.586","0.586","-11.46","","0","0","1","0","0","-17.01720841300191","","","","","","0.00000217","0.000002615","","","0.00000217","","","2026-07-23T11:38:01.589Z","2026-07-23T11:39:07.373Z","","","2026-07-23T11:39:55.369Z","",""
"ELON","kScAupu1Xjw6z9ASziJZBmeoLK5oWo58pVbTMnEpump","","","","","","","","","0","0","-19.8","","","0","0","906","3.500000001","0","1","0","0","0","2706.79","3","271.74","271.74","1","1","0","","0","0","1","0","0","","","","","","","","0.000002706","","","","","","","2026-07-23T11:38:13.351Z","","","","",""
"at","CmgqhAo9HTZvQAGdR17XRQdrBntfhztkSqkhdvsipump","67","2.000000001","","","","","","","0","0","-0.1","","","0","0","910","2.000000001","0","20","1","0","0","5667.52","4","916.66","916.66","0.688","0.688","129","","0","0","1","0","0","","","","","","","0.00000568","0.000005667","","","","","","2026-07-23T11:38:19.597Z","2026-07-23T11:40:19.416Z","","","","",""
"at","GuDQbdgY91FquQwgoTPgweEEJGvq4aMpbe7HT3ptpump","70","2.500000001","","","","","","","0","0","0","","","0","0","912","2.500000001","0","21","1","0","0","3424.68","3","1265.07","1265.07","0.643","0.643","34.43","","0","0","1","0","0","","","","","","","0.000003424","0.000003424","","","","","","2026-07-23T11:38:43.528Z","2026-07-23T11:40:07.574Z","","","","",""
"W ","HUbyCDVN6NcBspkSp3tfEnQDtbP3PCX2vZ7FX7dapump","66","0.125000001","","","","","","","0","0","0","","","0","0","916","0.125000001","0","0","1","0","0","8306.77","3","78.09","78.09","0.8","0.8","280","","0","0","1","0","0","","","","","","","0.000008306","0.000008306","","","","","","2026-07-23T11:39:25.577Z","2026-07-23T11:40:43.425Z","","","","",""
"ROB","3PNJZCKF8bczo52pfY9hC7QVZ7KmjPo7UxkCge57pump","57","1.97530864","","","","","","","","","","","","","","","1.97530864","0","0","0","0","0","2778.37","3","386.27","386.27","0.75","0.75","12.67","","0","0","1","0","0","","","","","","","0.000002466","0.000002778","","","","","","2026-07-23T11:40:55.594Z","2026-07-23T11:42:01.399Z","","","","",""
"HONEY","FKoRzk1yyeJySEa8CP1jAZCroDanSFDqRaRT5Fzbpump","56","3","","","","","","","","","","","","","","","3","1","17","0","0","0","2215.19","3","1431.84","1431.84","0.556","0.556","-15.66","","0","0","1","0","0","","","","","","","0.000002215","0.000002215","","","","","","2026-07-23T11:41:07.598Z","2026-07-23T11:42:19.345Z","","","","",""
"at","EepAQQxHymep3j9UEGG8dGebQvsttRVYDDFwShvWpump","72","3.000000001","","","","","","","0","0","0","","","0","0","916","3.000000001","0","23","1","0","0","2241.52","3","1908.02","1908.02","0.581","0.581","-14.67","","0","0","1","0","0","","","","","","","0.000002241","0.000002241","","","","","","2026-07-23T11:41:31.562Z","2026-07-23T11:42:43.571Z","","","","",""
"n","Wph4Pbjo68UxHyF8eTvBDabDD4714X4LTW2kKY2pump","60","0.740740739","","","","","","","0","0","-89","","","-54.8","0","64","0.740740739","0","11","1","0","0","4316.54","3","927.74","927.74","0.583","0.583","89.36","","0","0","1","0","0","","","","","","","0.000001441","0.000004316","","","","","","2026-07-23T11:41:49.610Z","2026-07-23T11:42:55.354Z","","","","",""
"BIB","95YHiyQJHDYpb7gNuV8FfV1WQRVyzxWZ2YcH1QWQpump","65","3.456790121","","","","","","","0","0","-4.7","","","-4.7","0","910","3.456790121","0","0","0","0","0","2283.82","4","704.83","704.83","0.625","0.625","-15.42","","0","0","1","0","0","","","","","","","0.000002328","0.000002283","","","","","","2026-07-23T11:42:43.539Z","2026-07-23T11:44:49.642Z","","","","",""
"CLAY","cdrhsPa234foiTjoHxFZva2rqDC7QudpVrgzD8xpump","70","4.834567899","auto","30.203","30.005","","","","0","0","-63.4","","","-63.2","0","916","4.834567899","0","0","0","0","0","5921.49","3","1917.72","1917.72","0.684","0.684","102","","0","0","1","0","1","-63.18189495017733","","","","","","0.00000588","0.000005921","0.000005921","","0.00000218","","","2026-07-23T11:43:13.555Z","2026-07-23T11:44:13.346Z","2026-07-23T11:44:43.351Z","","2026-07-23T11:44:43.549Z","",""
"at","3hB3ngWomEsBinpuPpFyPLgMLHBnHphxuagMM62zpump","62","1.500000001","","","","","","","0","0","0","","","0","0","906","1.500000001","0","27","1","0","0","4930.3","3","813.48","813.48","0.667","0.667","106","","0","0","1","0","0","","","","","","","0.00000493","0.00000493","","","","","","2026-07-23T11:45:13.551Z","2026-07-23T11:46:13.377Z","","","","",""
"PP","CpqR2yLnk6J5s58X6ojArtbaNW3QtD2BJPndThEQpump","66","4.938271603","","","","","","","25.2","302","-46.1","","","-11","40.6","902","4.938271603","0","1","0","0","0","13779.21","3","23071.43","23071.43","0.606","0.606","368","","0","0","1","0","1","","","","","","","0.000009028","0.00001377","","","","","","2026-07-23T11:47:07.540Z","2026-07-23T11:48:07.346Z","","","","",""
"BRIDGE","5BkDFbZywm7dLgyLqsdr9MsFHQr61dJJVQPLKB3spump","63","2.962962961","","","","","","","20.6","218","-56.6","","","2.2","18.1","908","2.962962961","0","0","0","0","0","4219.63","3","2601.59","2601.59","0.646","0.646","61.03","","0","0","1","0","1","","","","","","","0.000003702","0.000004219","","","","","","2026-07-23T11:47:31.628Z","2026-07-23T11:48:31.414Z","","","","",""
"<3","6s9QZ2kTSxD7p7f6JHUpVaW3wFByxkDh6RqSkvBepump","73","1.000000001","","","","","","","0","0","-86.4","","","","","2","1.000000001","0","1","1","0","0","6719.33","3","2541.74","2541.74","0.604","0.604","190","","0","0","1","0","0","","","","","","","0.000003281","0.000006719","","","","","","2026-07-23T11:47:31.650Z","2026-07-23T11:48:37.399Z","","","","",""
"TMAN","9uNswsWpBHQHgzGq1mUZkDRv4mSn3PqGmQMTWgqjpump","68","0.700000001","","","","","","","0","0","-94.8","","","-94.8","0","36","0.700000001","0","2","1","0","0","8377.54","3","3382.93","3382.93","0.552","0.552","269","","0","0","1","0","0","","","","","","","0.000004419","0.000008377","","","","","","2026-07-23T11:48:07.567Z","2026-07-23T11:49:13.347Z","","","","",""
"JFWW","7ryavvUUe4FisxybBFBGBNq5osciL61zguN8PT9ypump","75","0.800000001","","","","","","","0","0","0","","","0","0","910","0.800000001","0","0","1","0","0","4048.42","3","336.56","336.56","0.615","0.615","76.96","","0","0","1","0","0","","","","","","","0.000004048","0.000004048","","","","","","2026-07-23T11:48:13.547Z","2026-07-23T11:49:19.394Z","","","","",""
"Cracked","6HWgQuKsq96UguqoZPfeLxN9TgNTq18yUrKv6EvEpump","85","14.814814813","","","","","","","56.5","886","0","","","-8.8","71.6","906","14.814814813","0","0","0","0","0","11962.57","3","31689.37","31689.37","0.6","0.6","147","","0","0","1","0","1","","","","","","","0.000009584","0.00001196","","","","","","2026-07-23T11:48:13.584Z","2026-07-23T11:49:13.407Z","","","","",""
"Treats","G9fzL2dp9VnAAJaXKUP6azoN8GwqActgengi8sMQpump","55","0.98765432","","","","","","","","","","","","","","","0.98765432","0","40","1","0","0","3931.35","3","277.95","277.95","0.75","0.75","69.77","","0","0","1","0","0","","","","","","","0.000003931","0.000003931","","","","","","2026-07-23T11:48:25.599Z","2026-07-23T11:49:25.436Z","","","","",""
"USOH","CF2HTJW43TVvHnrzxw4GwjmS49dpiVhrHXmevPFkpump","61","0.059259258","","","","","","","8.4","304","-72.4","","","-0.6","9.1","564","0.059259258","0","1","1","0","0","2194.9","3","13.07","13.07","1","1","0.73","","0","0","1","0","0","","","","","","","0.000002194","0.000002194","","","","","","2026-07-23T11:49:01.544Z","2026-07-23T11:49:25.345Z","","","","",""
"AAIF","Zyejb6NQSH65cvBWBkKuARwgecSXozZxSvwH4Axpump","92","34.653465345","","","","","","","1.7","120","-0.1","","","0.1","1.6","920","34.653465345","0","0","0","0","0","11699.72","3","3128.91","3128.91","0.645","0.645","16.06","","0","0","1","0","0","","","","","","","0.00001169","0.00001169","","","","","","2026-07-23T11:53:13.554Z","2026-07-23T11:54:19.343Z","","","","",""
"folana","sb9qt93bFuFcUVSNEUHhLjAkgiTZbjMeuTQiVpNpump","57","2.000000001","","","","","","","","","","","","","","","2.000000001","0","0","0","0","0","6047.2","3","19106.29","19106.29","0.569","0.569","145","","0","0","1","0","1","","","","","","","0.000005961","0.000006047","","","","","","2026-07-23T11:53:25.533Z","2026-07-23T11:54:25.346Z","","","","",""
"TCLOUD","9nZE3o11XMX2j89T8dsMTWZYwSDAzfFNKDEgxubxpump","65","0.700000001","","","","","","","0.1","122","-0.1","","","0","0.1","902","0.700000001","0","4","1","0","0","15854.79","3","2133.07","2133.07","0.577","0.577","598","","0","0","1","0","0","","","","","","","0.00001585","0.00001585","","","","","","2026-07-23T11:54:01.599Z","2026-07-23T11:55:07.403Z","","","","",""
"CIRCUS","HqrZQCdZZemkMTMXXQYdkoDwkXhsgKrYK4WKbGo4pump","56","0.197530863","","12.222","","","","","","","","","","","","","0.197530863","0","5","1","0","0","6549.06","3","290.43","290.43","0.582","0.582","198","","0","0","1","0","0","-92.7042296533822","","","","","","0.000003537","0.000006549","","","4.778e-7","","4.778e-7","2026-07-23T11:54:07.548Z","2026-07-23T11:55:07.345Z","","","2026-07-23T11:55:19.567Z","2026-07-23T11:55:19.561Z",""
"$PIKA","CK1GRRXMVdEeAJhfTuG4FUuDkznJbTUfQ2e7Hga2pump","","","","","","","","","21.9","784","0","","","0","21.9","904","0.500000001","0","1","1","0","0","2243.41","3","43.18","43.18","0.667","0.667","0","","0","0","1","0","0","","","","","","","","0.000002243","","","","","","","2026-07-23T11:54:55.359Z","","","","",""
"09C","AF4Yf5bi2HyeFULRbDwSnP8WqpCrvzj7uVGfCiZpump","70","4.834567899","","","","","","","0","0","-43.3","","","0","0","906","4.834567899","0","0","0","0","0","3827.58","3","1145.08","1145.08","0.636","0.636","30.78","","0","0","1","0","0","","","","","","","0.000003809","0.000003827","","","","","","2026-07-23T11:57:01.533Z","2026-07-23T11:58:13.545Z","","","","",""
"at","Ce7XZFbUFDneyiMHJxV5EHPXJLEjnDMytaHmSJYSpump","70","2.000000001","","","","","","","0","0","0","","","0","0","906","2.000000001","1","33","1","0","0","3092.4","3","715.55","715.55","0.6","0.6","25.21","","0","0","1","0","0","","","","","","","0.000003092","0.000003092","","","","","","2026-07-23T11:57:07.589Z","2026-07-23T11:58:13.406Z","","","","",""
"RISE","7VdudRrudMBaPw8GQeN1effP54sa4KFKV6eUKb5Tpump","89","35.318518517","","","","","","","4.8","570","0","","","-0.4","5.2","920","35.318518517","0","2","0","0","0","11277.84","3","2979.84","2979.84","1","1","9.59","","0","0","1","0","0","","","","","","","0.00001127","0.00001127","","","","","","2026-07-23T12:00:25.527Z","2026-07-23T12:00:49.342Z","","","","",""
"meow ","gKZEK61j8UUmZHB5K73vkL4ykTAtBovTFgH8GKbpump","68","0.250000001","","","","","","","0","0","0","","","0","0","906","0.250000001","0","0","1","0","0","2170.18","4","66.19","66.19","0.714","0.714","-1.67","","0","0","1","0","0","","","","","","","0.000002228","0.00000217","","","","","","2026-07-23T12:01:25.564Z","2026-07-23T12:03:43.340Z","","","","",""
"at","61S3us2iVpLH4QmpsgegJx2ZQEhhjzSY7Dw6pyBLpump","65","1.500000001","","","","","","","0.1","792","0","","","0","0.1","912","1.500000001","1","37","1","0","0","16479.72","3","1132.83","1132.83","0.688","0.688","589","","0","0","1","0","0","","","","","","","0.00001647","0.00001647","","","","","","2026-07-23T12:02:01.548Z","2026-07-23T12:03:07.400Z","","","","",""
"Bev","Hxq5cikpRsQpxNmDNCVaCyPjgvcw9tMQ7E3Ljarrpump","57","0.098765431","","","","","","","","","","","","","","","0.098765431","0","3","1","0","0","6401.83","3","102.5","102.5","0.679","0.679","193","","0","0","1","0","0","","","","","","","0.000006291","0.000006401","","","","","","2026-07-23T12:03:19.593Z","2026-07-23T12:04:43.550Z","","","","",""
"CHEEGY","7F2Cmc1orUcTVqVqNiozHJr6tSByBEPUhn2gyp28pump","63","3","","","","","","","0","0","-0.7","","","-0.7","0","908","3","0","0","0","0","0","2188","3","593.62","593.62","0.588","0.588","-16.68","","0","0","1","0","0","","","","","","","0.000002188","0.000002188","","","","","","2026-07-23T12:03:31.538Z","2026-07-23T12:04:31.356Z","","","","",""
"TMAN","FBxDVGYDB5R3GWWLZyRn25nMdF9z8W8hqECWoFDXpump","61","0.700000001","","","","","","","0","0","0","","","0","0","914","0.700000001","0","9","1","0","0","10670.93","3","1690.18","1690.18","0.667","0.667","370","","0","0","1","0","0","","","","","","","0.00001067","0.00001067","","","","","","2026-07-23T12:04:55.551Z","2026-07-23T12:05:55.350Z","","","","",""
"meow ","2miwRLF8NHnLbxG6jDiguuaXYW3mMBawFY7HsGn3pump","64","0.250000001","","","","","","","0","0","0","","","0","0","908","0.250000001","0","1","1","0","0","2170.18","3","61.8","61.8","0.8","0.8","-1.65","","0","0","1","0","0","","","","","","","0.00000217","0.00000217","","","","","","2026-07-23T12:05:01.543Z","2026-07-23T12:06:01.337Z","","","","",""
"Freya","9xFGFXbjoyXMTxTztwsx4tNoFcoschWcigKJiZidbNxm","63","4","","","","","","","0","0","0","","","0","0","912","4","0","1","0","0","0","2175.93","3","4021.54","4021.54","0.581","0.581","-21.94","","0","0","1","0","0","","","","","","","0.000002175","0.000002175","","","","","","2026-07-23T12:05:07.550Z","2026-07-23T12:06:07.338Z","","","","",""
"Duck","3QYdAnb5F6QGc5SFDuWy9767vaAEmCFm8oZ1pbUXpump","68","1.000000001","","","","","","","0","0","-90.8","","","-90.8","0","38","1.000000001","0","4","1","0","0","17120.38","3","5714.63","5714.63","0.571","0.571","639","","0","0","1","0","0","","","","","","","0.00000164","0.00001712","","","","","","2026-07-23T12:05:13.522Z","2026-07-23T12:06:31.584Z","","","","",""
"JFH","Arbn5j1yUhSZuFCm3R8qRtmQCjfw7hju9VsoeNJKpump","67","0.400000001","","","","","","","576","618","-21.5","","","0","576","908","0.400000001","0","1","1","0","0","3775.84","3","698.07","698.07","0.557","0.557","69.44","","0","0","1","0","0","","","","","","","0.000002843","0.000003775","","","","","","2026-07-23T12:05:43.571Z","2026-07-23T12:07:31.389Z","","","","",""
"JE3RD","JBUYYdmjLc75TCBbVAngqmgCAS1TWUmDuCvt1SPkpump","57","0.098765431","","","","","","","","","","","","","","","0.098765431","0","3","1","0","0","5154","3","148.51","148.51","0.647","0.647","136","","0","0","1","0","0","","","","","","","0.000005153","0.000005153","","","","","","2026-07-23T12:05:49.606Z","2026-07-23T12:06:49.361Z","","","","",""
"Gcoin ","CoDtSvaSPUxjGXSPH2s79uURRwcfJouVb68Hn58Lpump","57","0.500000001","","36.064","","","","","","","","","","","","","0.500000001","0","11","1","0","0","2976.64","3","234.92","234.92","0.591","0.591","32.65","","0","0","1","0","0","-81.58602150537634","","","","","","0.00000214","0.000002976","","","5.48e-7","","5.48e-7","2026-07-23T12:08:37.546Z","2026-07-23T12:09:13.536Z","","","2026-07-23T12:09:49.600Z","2026-07-23T12:09:49.589Z",""
"Duck","5gKr1k41dsa8A86bYFMmSYzqxKGy28YN3jv53hvFpump","67","1.000000001","","","","","","","0","0","0","","","0","0","904","1.000000001","0","5","1","0","0","8510.29","4","1868.63","1868.63","0.556","0.556","267","","0","0","1","0","0","","","","","","","0.000009245","0.00000851","","","","","","2026-07-23T12:09:07.586Z","2026-07-23T12:11:25.601Z","","","","",""
"CASHCOW","WFKUwsPMpZ8zsrA2EvYfPPhW5eT849Vi4uqMSVhpump","93","39.603960395","","","","","","","2.6","408","-0.1","","","0.1","2.6","908","39.603960395","0","0","0","0","0","13307.63","3","3552.59","3552.59","0.632","0.632","13.87","","0","0","1","0","0","","","","","","","0.00001303","0.0000133","","","","","","2026-07-23T12:10:49.605Z","2026-07-23T12:12:01.365Z","","","","",""
"FIFAB.5","WJ1PTtqdxufgc1Q6XyZd6GNZks3jGX1CNVtw6QApump","","","","","","","","","0","0","0","","","0","0","918","0.019753084","0","0","1","0","0","2172.35","3","1.91","1.91","1","1","0.03","","0","0","1","0","0","","","","","","","","0.000002172","","","","","","","2026-07-23T12:13:31.349Z","","","","",""
"Hamster","DHYM7XqgDG3BiHHrGFp5bS84bUMSeL7HrcVzmrnCpump","70","4.938271603","","","","","","","0","0","-0.1","","","0","0","910","4.938271603","0","0","0","0","0","2183.51","3","2501.29","2501.29","0.586","0.586","-25.77","","0","0","1","0","0","","","","","","","0.000002183","0.000002183","","","","","","2026-07-23T12:13:49.590Z","2026-07-23T12:14:49.444Z","","","","",""
"Hamster","yShNr3AcjdCx2XVyVxFHBpZMPure9XqovRHRXuKpump","70","4.938271603","auto","53.952","30.001","","","","2.4","8","-88.5","","","2.4","0","58","4.938271603","0","0","0","0","0","19725.27","3","32645.71","32645.71","0.555","0.555","571","","0","0","1","0","1","-88.26572008113591","","","","","","0.00001688","0.00001972","0.00002019","","0.000002314","","","2026-07-23T12:14:25.538Z","2026-07-23T12:15:31.393Z","2026-07-23T12:16:01.394Z","","2026-07-23T12:16:25.345Z","",""
"BSC","F3F3S5bYCKcLwRBQZyv2fzcGq3XSxZmTd1giP86Hpump","55","5","","","","","","","","","","","","","","","5","1","33","0","0","0","2191.06","3","4645.47","4645.47","0.647","0.647","-25.78","","0","0","1","0","0","","","","","","","0.000002191","0.000002191","","","","","","2026-07-23T12:14:31.576Z","2026-07-23T12:15:37.398Z","","","","",""
"TMAN","9YRi2PZLGRsobiX8Ly8Pax2rxJvojdKhPM23YRf2pump","58","0.700000001","","","","","","","","","","","","","","","0.700000001","0","14","1","0","0","7558.2","4","1027.48","1027.48","0.615","0.615","233","","0","0","1","0","0","","","","","","","0.000007617","0.000007558","","","","","","2026-07-23T12:14:31.585Z","2026-07-23T12:16:31.562Z","","","","",""
"Bucho","BeJu9ihLS7j5Rz1EZV9QvQFA72yFpMWhcdX2SfQPpump","64","5","","","","","","","0","0","0","","","0","0","908","5","0","2","0","0","0","2170.46","3","6680.68","6680.68","0.594","0.594","-26.47","","0","0","1","0","0","","","","","","","0.000002294","0.00000217","","","","","","2026-07-23T12:15:43.558Z","2026-07-23T12:17:31.539Z","","","","",""
"TMAN","5W8i2n2cwhP5cZRRtmZJg4HzERgpQriWKvt7yAmkpump","61","1.000000001","","","","","","","0","0","-0.6","","","0","0","906","1.000000001","0","15","1","0","0","8459.27","3","965.35","965.35","0.808","0.808","265","","0","0","1","0","0","","","","","","","0.000008459","0.000008459","","","","","","2026-07-23T12:16:07.530Z","2026-07-23T12:17:13.337Z","","","","",""
"EVIL","4ZnjyMHB15GFqy2qjmMEHAPHgNdrHvS7NMoaLdc8pump","55","0.060000001","","","","","","","","","","","","","","","0.060000001","0","4","1","0","0","5742.27","3","29.18","29.18","0.667","0.667","164","","0","0","1","0","0","","","","","","","0.000005742","0.000005742","","","","","","2026-07-23T12:16:19.579Z","2026-07-23T12:17:25.360Z","","","","",""
"TEST","5v345pUfX5o4xi28F5zGeVq9o32grBXUhjZtBiQR9xq2","","","","","","","","","0","0","-1.8","","","-1.8","0","906","4.938271603","0","1","0","0","0","2209.45","3","787.84","787.84","0.667","0.667","-24.89","","0","0","1","0","0","","","","","","","","0.000002209","","","","","","","2026-07-23T12:16:43.331Z","","","","",""
"TEST2","9SYuwsdacr38C2fP2c1JpXsLZ3F1UG9w6b2y6igpMzyp","62","4.938271603","","","","","","","0","0","-1.9","","","-1.9","0","910","4.938271603","0","3","0","0","0","2216.47","3","790.65","790.65","0.75","0.75","-24.65","","0","0","1","0","0","","","","","","","0.000002216","0.000002216","","","","","","2026-07-23T12:16:55.566Z","2026-07-23T12:17:19.397Z","","","","",""
"ユニ","2PfaRUM4p7aLuDFoiaJZRrMYmeiA8jfD61sVqYS3pump","82","11.642949547","auto","101.998","30.007","","","","34.6","304","-70.6","","","9.7","22.7","904","11.642949547","0","0","0","0","0","5950.65","3","33113.83","33113.83","0.566","0.566","42.29","","0","0","1","0","1","-2.184873949579825","","","","","","0.000005071","0.00000595","0.000006528","","0.00000582","","","2026-07-23T12:18:55.537Z","2026-07-23T12:19:55.338Z","2026-07-23T12:20:25.345Z","","2026-07-23T12:21:37.336Z","",""
"$blown","HjEPmC8ya2pFrEziZdjCFEs2XKeFt9pjxpiXk9W7pump","55","0.060000001","","132.034","","","","","","","","","","","","","0.060000001","0","4","1","0","0","2229.93","3","49.45","49.45","0.6","0.6","2.33","","0","0","1","0","0","-42.75459847465232","","","","","","0.00000219","0.000002229","","","0.000001276","","0.000001276","2026-07-23T12:18:55.621Z","2026-07-23T12:20:07.565Z","","","2026-07-23T12:22:19.599Z","2026-07-23T12:22:19.591Z",""
"NIGGACHAN","CBBx3gg2C2r8Di1oqWNZnN885LHC1NBhzWqmKBNkpump","56","2","","23.774","","","","","","","","","","","","","2","1","13","0","0","0","2813.39","5","2092.11","2092.11","0.605","0.605","13.93","","0","0","1","0","0","0","","","","","","0.000002189","0.000002813","","","0.000002813","","","2026-07-23T12:19:07.532Z","2026-07-23T12:22:37.573Z","","","2026-07-23T12:23:01.347Z","",""
"Babybaras","3HnfRKSUuEoi4ZgPxp4Xzy7vSPjfhWxrf2AvefB1pump","57","1.97530864","","209.922","","","","","","","","","","","","","1.97530864","0","0","0","0","0","2170.46","3","1912.92","1912.92","0.556","0.556","-11.97","","0","0","1","0","0","-0.09216589861751845","","","","","","0.00000217","0.00000217","","","0.000002168","","","2026-07-23T12:19:37.531Z","2026-07-23T12:20:43.410Z","","","2026-07-23T12:24:13.332Z","",""
"Jimothy","ACnaUEN1djtJSHPt6XkfUjdgPc7L3vKWenxEPrRLpump","57","2","","","","","","","","","","","","","","","2","0","0","0","0","0","2537.69","4","2638.35","2638.35","0.608","0.608","2.76","","0","0","1","0","0","","","","","","","0.000002585","0.000002537","","","","","","2026-07-23T12:21:07.536Z","2026-07-23T12:23:25.578Z","","","","",""
"dreamcore","Bj3kaA7W26ZuDtLiHohP4XW5487pQ42iP3obWkrNpump","60","2.5","","","","","","","0","8","0","","","0","0","908","2.5","0","0","0","0","0","2198.04","4","7583.3","7583.3","0.561","0.561","-13.61","","0","0","1","0","0","","","","","","","0.000002535","0.000002198","","","","","0.000002199","2026-07-23T12:21:25.545Z","2026-07-23T12:23:31.407Z","","","","2026-07-23T12:25:25.348Z",""
"SOLANAmem","5ubpYpjrh9dwQpKgtjR4uWtPxjnv7iBp3w1GZFnDpump","97","0.088888887","","125.949","","","","","69.3","44","-98.3","","","69.3","0","124","0.088888887","5","12","1","0","0","4659.73","3","118.76","118.76","0.578","0.578","114","","0","0","1","0","0","-97.18823781927452","","","","","","0.000003301","0.000004659","","","1.31e-7","","1.31e-7","2026-07-23T12:21:37.542Z","2026-07-23T12:22:55.386Z","","","2026-07-23T12:25:01.335Z","2026-07-23T12:25:01.326Z",""
"DIV","Fh2kh6XsY3brjNG6Ha9oAfvMPGRAx3DyYAkexqRFpump","58","2.093718843","","","","","","","","","","","","","","","2.093718843","0","0","0","0","0","8052.16","6","9152.95","22410.28","0.569","0.609","225","","0","0","1","0","1","","","","","","","0.00001259","0.000008052","","","","","","2026-07-23T12:22:01.532Z","2026-07-23T12:26:13.576Z","","","","",""
"BZZ","6PzTGGXVxFwqzpCSuie8qwoHV2pq5yfjPqnAs7JWpump","66","0.098765431","","","","","","","0","0","0","","","0","0","906","0.098765431","0","0","1","0","0","4077.17","4","1078.9","1078.9","0.562","0.562","86.83","","0","0","1","0","0","","","","","","","0.000009593","0.000004077","","","","","","2026-07-23T12:22:31.571Z","2026-07-23T12:24:43.570Z","","","","",""
"Gcoin ","6sMftyGqXAToC4oXCkrmV9B9Uggb1bD5AuS6xDsGpump","56","0.500000001","","168.163","","","","","","","","","","","","","0.500000001","0","12","1","0","0","10337.29","3","740.71","740.71","0.645","0.645","361","","0","0","1","0","0","26.718296224588585","","","","","","0.000005349","0.00001033","","","0.00001309","","","2026-07-23T12:22:43.587Z","2026-07-23T12:23:55.354Z","","","2026-07-23T12:26:43.517Z","",""
"SOLSLOTH","ATrvY86drJ7T7oSFit1nKnExxhz8Gnu9E2gzyVZkpump","61","0.060000001","","","","","","","0","0","-75.8","","","0","0","342","0.060000001","0","1","1","0","0","14983.61","3","434.6","434.6","0.576","0.576","588","","0","0","1","0","0","","","","","","","0.00001498","0.00001498","","","","","","2026-07-23T12:23:37.544Z","2026-07-23T12:24:37.339Z","","","","",""
"Glenjamin","8PvyYxFzfUEWJemM2uzPmwhynPNnUKmb4N21jYaZpump","63","2.962962961","","","","","","","0","0","0","","","0","0","907","2.962962961","0","0","0","0","0","2168.5","3","509.27","509.27","0.6","0.6","-17.15","","0","0","1","0","0","","","","","","","0.000002167","0.000002168","","","","","","2026-07-23T12:25:13.530Z","2026-07-23T12:26:13.330Z","","","","",""
"PEPE","Ft9P6syqCSq4vSzMQDR4bdduwin6x9oo7iGLT15Epump","","","","","","","","","8.8","248","-0.3","","","0","8.8","908","2.538271603","0","0","0","0","0","2550.31","3","196.81","196.81","1","1","0","","0","0","1","0","0","","","","","","","","0.00000255","","","","","","","2026-07-23T12:26:01.372Z","","","","",""
"USUH","DZ2ew3XCnSTDHqLgvSx54NAnafu6u54GXK86t8pEpump","67","3.950617282","","60.207","","","","","7.5","32","-79.4","","","7.5","0","262","3.950617282","0","0","0","0","0","12610.55","3","39062.18","39062.18","0.545","0.545","354","","0","0","1","0","1","-16.812053925455988","","","","","","0.00001159","0.00001261","","","0.00001049","","","2026-07-23T12:26:07.601Z","2026-07-23T12:27:07.361Z","","","2026-07-23T12:28:07.568Z","",""
"Duck","ASGUn3q16RrqbsdXVCkShwksVztuY2yWbz7r5RVkpump","69","1.000000001","","","","","","","413.8","334","-55.6","","","0","413.8","943","1.000000001","0","3","1","0","0","7227.57","3","915.68","915.68","0.737","0.737","212","","0","0","1","0","0","","","","","","","0.000006717","0.000007227","","","","","","2026-07-23T12:28:19.622Z","2026-07-23T12:29:25.333Z","","","","",""
"LAND","6QdTAdhHbw9JdoHjNZaQXGjFu4sZ84GmH9z1XjyFpump","","","","18.157","","","","","","","","","","","","","2.962962961","0","1","0","0","0","2618","3","229.8","229.8","1","1","0","","0","0","1","0","0","-17.233473442873517","","","","","","","0.000002617","","","0.000002166","","","","2026-07-23T12:31:19.373Z","","","2026-07-23T12:31:37.530Z","",""
"RIDE","2dkqN31L22FrLNjDbHp8USD3tmvZ8s7dUZyJLm4Wpump","70","4.938271603","","","","","","","0","0","-1.9","","","0","0","907","4.938271603","0","0","0","0","0","2209.15","3","787.73","787.73","0.667","0.667","-24.89","","0","0","1","0","0","","","","","","","0.000002166","0.000002209","","","","","","2026-07-23T12:33:25.543Z","2026-07-23T12:32:01.318Z","","","","",""
"AI","HNBoQb14HxC6SY47evf95w3QvDsmZbyqaAhHNiHDpump","71","5","","","","","","","0","0","-4.7","","","-4.7","0","942","5","2","20","0","0","0","2274.73","4","7676.29","7676.29","0.576","0.576","-22.86","","0","0","1","0","0","","","","","","","0.000002318","0.000002274","","","","","","2026-07-23T12:32:25.596Z","2026-07-23T12:34:25.610Z","","","","",""
"AI","7nnevGrS6DxP9SRj3Kjy6CU2D4MU5mwq5Tk7T2Cxpump","70","5","","48.191","","","","","0","0","-22.4","","","-17","0","948","5","2","21","0","0","0","2778.69","3","11954.64","11954.64","0.712","0.712","-5.77","","0","0","1","0","0","-16.990640748740095","","","","","","0.000002265","0.000002778","","","0.000002306","","","2026-07-23T12:33:13.505Z","2026-07-23T12:34:19.403Z","","","2026-07-23T12:35:07.594Z","",""
"Kaito","FDJGBYe7WsN42WGzmecnDei1H6WYCgk2UzMb5ABQpump","61","2.4691358","","","","","","","0","0","-4.8","","","-4.8","0","912","2.4691358","1","12","0","0","0","2273.77","4","567.61","567.61","0.583","0.583","-10.41","","0","0","1","0","0","","","","","","","0.000002318","0.000002273","","","","","","2026-07-23T12:35:55.603Z","2026-07-23T12:37:55.521Z","","","","",""
"$MOWE","4tHhxDf7H4nPWTvkLLo1NB6yrQD24zkLyKrNt2Wipump","61","0.059259258","","","","","","","0","0","-4.7","","","0","0","943","0.059259258","0","1","1","0","0","2210.19","3","27.45","27.45","1","1","1.98","","0","0","1","0","0","","","","","","","0.00000221","0.00000221","","","","","","2026-07-23T12:38:01.571Z","2026-07-23T12:38:25.338Z","","","","",""
"Bert","CeLfGnwAExppJdbNxw2xbADBeMNTuyzGopakpFUqpump","60","2.5","","","","","","","0","0","-3.4","","","0","0","936","2.5","0","0","0","0","0","2225.65","3","1086.4","1086.4","0.565","0.565","-12.15","","0","0","1","0","0","","","","","","","0.000002225","0.000002225","","","","","","2026-07-23T12:38:25.523Z","2026-07-23T12:39:31.424Z","","","","",""
"COP","4AWB6Pe7cjVUNck3LqaijXq1XfMXWbK1B2MrZHcJpump","61","0.210000001","","","","","","","125.8","107","-90.9","","","46.3","54.3","385","0.210000001","0","2","1","0","0","1666.98","3","199.46","199.46","0.59","0.59","-23.85","","0","0","1","0","0","","","","","","","0.000001399","0.000001666","","","","","","2026-07-23T12:38:31.523Z","2026-07-23T12:39:43.336Z","","","","",""
"BOPH","DYJSCL9131qoTakjSPmzhPRUjtvAKCEGTeFw7euZpump","64","0.250000001","","","","","","","84.1","23","-91.2","","","84.1","0","181","0.250000001","0","1","1","0","0","3392.46","3","63.01","63.01","0.778","0.778","54.57","","0","0","1","0","0","","","","","","","0.000003392","0.000003392","","","","","","2026-07-23T12:40:49.539Z","2026-07-23T12:41:07.326Z","","","","",""
"Crime","7T4zJQPFs8ZABic9bxGPL1RZwAgD8rSBB5SRsMe6pump","75","8.888888887","","","","","","","240.8","900","-1.9","","","-28.7","378.2","960","8.888888887","0","1","0","0","0","20057.91","7","33599.75","42820.9","0.631","0.629","464","","1","0","1","0","1","","","","","","","0.000009326","0.00002005","","","","","","2026-07-24T02:33:07.739Z","2026-07-24T02:38:07.919Z","","","","",""
"PERRION","HE6rb6Cgbq9nJsbfS6ikfvsKD7rry65Pw896qBrUpump","70","4.938271603","auto","35.092","30.047","","","","33.7","420","-64.1","","","-0.2","33.9","960","4.938271603","0","0","0","0","0","5726.13","6","7586.79","8406.13","0.595","0.607","99.13","","0","0","1","0","1","-0.15717778553964815","","","","","","0.000005243","0.000005726","0.000005726","","0.000005717","","","2026-07-24T03:54:07.714Z","2026-07-24T03:58:07.820Z","2026-07-24T03:58:37.867Z","","2026-07-24T03:58:42.912Z","",""
"ANSEM","23M9BpW1bmYkRq7FbsxiHnCtepyyrToV2imrWu2fpump","55","0.1975","","","","","","","","","","","","","","","0.1975","0","7","1","0","0","2290.92","3","49.89","49.89","0.556","0.556","6.75","","0","0","1","0","0","","","","","","","0.00000229","0.00000229","","","","","","2026-07-24T03:57:07.782Z","2026-07-24T03:58:49.014Z","","","","",""
"solana","gHMGtSeLoPvvaNecfYYnp2pdFknwfdyDgVuNpv9pump","","","","","","","","","0","0","-17.6","","","-16.8","0","960","0.060000001","0","0","1","0","0","2583.78","6","2.48","14.52","1","1","21.38","","0","0","1","0","0","","","","","","","","0.000002583","","","","","","","2026-07-24T03:57:07.861Z","","","","",""
"Potato","8aLzkFAgbULQyL6QyeuH84Pxe2EdJdmZfqWpZRYvpump","70","4.938271603","auto","","35.729","","","","33","360","-85.1","","","2.1","30.3","660","4.938271603","0","0","0","0","0","14308.53","8","16195.38","39518.15","0.557","0.581","398","","0","0","1","0","1","","","","","","","0.00001383","0.0000143","0.0000143","","","","","2026-07-24T05:13:07.641Z","2026-07-24T05:19:07.656Z","2026-07-24T05:19:43.385Z","","","",""
"FREG","CUJ684PzQeDLr5TLM2HarvyLuMMrxD9ujH8BqYiEpump","70","4.839506171","","","","","","","10.3","683","-17.9","","","0.5","9.7","923","4.839506171","0","0","0","0","0","3581.99","9","147.1","1397.62","1","0.625","25.41","","0","0","1","0","0","","","","","","","0.000003012","0.000003581","","","","","","2026-07-24T05:13:07.684Z","2026-07-24T05:19:44.711Z","","","","",""
"DIESEL","4gbqirCDG4pJXPMgZMJJNj2u73G9puZwkK3pbPgTpump","63","2.962962961","","","","","","","0","0","-0.2","","","-0.2","0","912","2.962962961","0","0","0","0","0","2565.21","5","311.36","311.36","0.6","0.6","0.29","","0","0","1","0","0","","","","","","","0.000002565","0.000002565","","","","","","2026-07-24T05:17:07.668Z","2026-07-24T05:19:55.065Z","","","","",""
"hbj","BXU8wcBDwFWCNaU8RXfb3zKbpR83Q1Lh8YZxjyvrpump","","","","60.734","","","","","0","0","-86.3","","","-67.2","0","120","0.839506171","0","11","1","0","0","2238.97","3","65.12","65.12","0.667","0.667","0.01","","0","0","1","0","0","-67.21179624664879","","","","","","","0.000002238","","","7.338e-7","","7.338e-7","","2026-07-24T05:20:07.010Z","","","2026-07-24T05:21:07.744Z","2026-07-24T05:21:07.720Z",""
"PUNCH","2GBKA3S4zSrxCzguV5F3Hk7qjn3f5UcbMVBm6SJppump","55","0.250000001","","","","","","","","","","","","","","","0.250000001","0","8","1","0","0","7325.83","10","0","220.43","","0.733","240","","0","0","1","0","0","","","","","","","0.000007332","0.000007325","","","","","","2026-07-24T05:50:07.668Z","2026-07-24T05:58:07.738Z","","","","",""
"WIGLET","DvrZYh1SD71TqTW57czs27tYd6CaCWJTtCfvp6Xtpump","66","0.130000001","","","","","","","0","0","-1.2","","","-1.2","0","960","0.130000001","0","0","1","0","0","2165.72","8","0","32.33","","0.8","1.39","","0","0","1","0","0","","","","","","","0.000002163","0.000002165","","","","","","2026-07-24T06:08:07.728Z","2026-07-24T06:14:07.703Z","","","","",""
"ZIMOTHY","4tUvFXZu3LHKJqT4857tn9rTcnXZBKQyeg7miCvRpump","60","3.85185185","","","","","","","0","0","-70.2","","","-2.8","0","300","3.85185185","0","2","0","0","0","8161.53","9","15719.83","39734.25","0.565","0.593","202","","0","0","1","0","1","","","","","","","0.000006237","0.000008161","","","","","0.000008161","2026-07-24T06:13:07.709Z","2026-07-24T06:20:07.809Z","","","","2026-07-24T06:20:07.775Z",""
"GMEDROP","HW9WEHoBzL5vFEBVXJGTpA1koSPTbEcr9CPXg7sBpump","75","6.872852234","auto","","41.06","","","","76.3","900","-12.4","","","12","57.4","960","6.872852234","0","0","0","0","0","7873.05","8","5590.64","33446.16","0.776","0.642","146","","0","0","1","0","1","","","","","","","0.00000496","0.000007873","0.000007873","","","","","2026-07-24T06:14:07.761Z","2026-07-24T06:20:07.708Z","2026-07-24T06:20:48.768Z","","","",""
"HUHHAT","BYGcXM7FPuNCd47mbntBiFpDX5dyxvkaJfCDN4Aqpump","97","0.148148147","","","","","","","0.5","60","-2.8","","","0.5","0","960","0.148148147","1","2","0","0","0","2172.97","5","27","27","1","1","1.26","","0","0","1","0","0","","","","","","","0.000002172","0.000002172","","","","","","2026-07-24T06:25:07.627Z","2026-07-24T06:25:07.650Z","","","","",""
"Turtle","BFLVKWCsMkuR3qeSsfENCt3H29zQR54GxmfXPWYpump","100","15","auto","41.114","31.306","","","","66.9","120","-82.7","","","-12.3","90.3","540","15","1","2","0","0","0","9426.31","5","37083.69","37083.69","0.578","0.578","97.63","","0","0","1","0","1","-12.327604498196461","","","","","","0.000007307","0.000009426","0.000009426","","0.000008264","","","2026-07-24T06:57:07.620Z","2026-07-24T07:00:07.798Z","2026-07-24T07:00:39.104Z","","2026-07-24T07:00:48.912Z","",""
"SPD","GkUabpjFsqDaucVooCNRuRDbZ5E42U1jexSoRmbCQ4bB","63","3.950617282","","","","","","","9.7","239","-70.5","","","-5.9","16.6","959","3.950617282","0","1","0","0","0","6611.57","4","5841.21","5841.21","0.682","0.682","143","","0","0","1","0","1","","","","","","","0.000006308","0.000006611","","","","","","2026-07-24T07:00:07.928Z","2026-07-24T07:02:08.000Z","","","","",""
"GOW","9awtz4d3S3vzcCJkcjWoEjwZE8wdcwWvmUg6q8Aspump","62","0.090000001","","","","","","","0","0","-0.6","","","0","0","960","0.090000001","0","1","1","0","0","2136.23","3","23.75","23.75","0.714","0.714","0.13","","0","0","1","0","0","","","","","","","0.000002136","0.000002136","","","","","","2026-07-24T07:00:39.871Z","2026-07-24T07:02:07.756Z","","","","",""
"swagmelon","AHNgMX3yN2hcwZkE9ixDW5cbrPBPXGyJ1EbMsULPpump","67","0.250000001","","","","","","","0","0","0","","","0","0","960","0.250000001","1","13","1","0","0","3571.89","5","127.04","127.04","0.6","0.6","65.75","","0","0","1","0","0","","","","","","","0.000003571","0.000003571","","","","","","2026-07-24T08:26:07.576Z","2026-07-24T08:29:07.640Z","","","","",""
"nigger","GAYsj8zYKKmTYmPJWJjQfrsE2hbbr9yLWDQTp7mhpump","55","3","","","","","","","","","","","","","","","3","2","29","0","0","0","10764.87","5","29956.87","29956.87","0.64","0.64","320","","0","0","1","0","1","","","","","","","0.000006942","0.00001076","","","","","","2026-07-24T08:27:07.585Z","2026-07-24T08:30:07.676Z","","","","",""
"ERIC","D1UeH4gNsxuCBFH9AjxKwk9s5mJytqGtMTsd6Wctpump","58","2.962962961","","","","","","","","","","","","","","","2.962962961","0","1","0","0","0","2161.12","5","3819.58","3819.58","0.553","0.553","-15.39","","0","0","1","0","0","","","","","","","0.000002161","0.000002161","","","","","","2026-07-24T09:10:07.602Z","2026-07-24T09:13:07.600Z","","","","",""
"JIMOTHY","JAmtoX21o1wgd6bh8feZRbHjeQVBvqi7NNL6jzxCpump","","","","","","","","","0","0","0","","","0","0","960","7.350000001","0","0","0","0","0","3275.94","7","0","558.25","","1","0.2","","0","0","1","0","0","","","","","","","","0.000003275","","","","","","","2026-07-24T09:29:07.630Z","","","","",""
"BIO","3748hkzs7hYnm1m9BtD2559TaYev7bHmaUUgn5xkpump","62","2.864197529","","","","","","","4.7","240","0","","","-0.1","4.9","960","2.864197529","0","0","0","0","0","2300.05","6","98.29","553.96","1","0.714","-9.28","","0","0","1","0","0","","","","","","","0.0000023","0.0000023","","","","","","2026-07-24T10:30:07.697Z","2026-07-24T10:34:07.492Z","","","","",""
"ChooChoo","8yjAKRBL9hZkwUat167ZQYv1Q2UfaqQhCCydbQDqpump","56","5","","","","","","","","","","","","","","","","","","","","","","","","","","","","","","","","","","","","","","","","0.00000216","","","","","","","2026-07-24T19:15:07.285Z","","","","","",""
"Peptide","AHExm7oiwfJxaXYWy4LMPf2U8ZcnzdqwtAm96ENNpump","63","2.962962961","","","","","","","","","","","","","","","","","","","","","","","","","","","","","","","","","","","","","","","","0.000002064","","","","","","","2026-07-24T19:15:07.331Z","","","","","",""
"FEDEXLZR","AaU2JEuFE2os5nVK9ZoWEbB1yb48fnNcUEmQZwFSpump","92","1.000156273","","","","","","","","","","","","","","","","","","","","","","","","","","","","","","","","","","","","","","","","0.000002147","","","","","","","2026-07-24T19:15:07.393Z","","","","","",""
"SHIBUYA","2Ta8ZdrevUiwcQcnHR4dSp1UxKLJypsMPGhWVQYrpump","","","","","","","","","","","","","","","","","","","","","","","","","","","","","","","","","","","","","","","","","","","","","","","","3.753e-7","","","","","","2026-07-24T19:15:07.427Z",""
"lovepilled","2Eys5P7zpkVb3Mw7mwcAQLu3tXMD3VVdT8o9szwTpump","72","5.432098764","","","","","","","","","","","","","","","","","","","","","","","","","","","","","","","","","","","","","","","","0.000003212","","","","","","","2026-07-24T19:16:07.319Z","","","","","",""
"ERA","EPipHaL6Gtma7VTrW3EzCQPtoQCwAYLekRfFcUm5pump","","","","","","","","","","","","","","","","","","","","","","","","","","","","","","","","","","","","","","","","","","","","","","","","4.775e-7","","","","","","2026-07-24T19:16:07.353Z",""
"JESTER","2RorsyS11t1TYe93ue2hYbUm4e5LUkCq3ZcLzdpapump","","","","","","","","","","","","","","","","","","","","","","","","","","","","","","","","","","","","","","","","","","","","","","","","0.000001089","","","","","","2026-07-24T19:17:07.241Z",""
"ERA","Ht6GSbu9bgriGEzXgx5u7FhLr5Vv589vJuVDoxj2pump","56","0.65","","","","","","","","","","","","","","","","","","","","","","","","","","","","","","","","","","","","","","","","0.00000184","","","","","","","2026-07-24T19:17:07.281Z","","","","","",""
"MI3","G8UzPECFENoBfPFm3172hdrGjSoELd9Hc2rZYFYspump","61","0.059259258","","","","","","","","","","","","","","","","","","","","","","","","","","","","","","","","","","","","","","","","0.000002119","","","","","","","2026-07-24T19:17:07.337Z","","","","","",""
"ERA","5mPZfMZ1ezqpt4esZ38HPfBJ4Yq8xpzGE53U3KSvpump","","","","","","","","","","","","","","","","","","","","","","","","","","","","","","","","","","","","","","","","","","","","","","","","0.000001246","","","","","","2026-07-24T19:17:07.367Z",""
"ERA","xaiwiX55foqJJ1h8uR216ribr9vczH51JGaJi7vpump","","","","","","","","","","","","","","","","","","","","","","","","","","","","","","","","","","","","","","","","","","","","","","","","7.273e-7","","","","","","2026-07-24T19:18:07.391Z",""
"PAWTATO","141wk1katMNa7oi4WVoZG1umb4LfbLMLqw4kkkHkpump","55","1.679012343","","","","","","","","","","","","","","","","","","","","","","","","","","","","","","","","","","","","","","","","0.000002078","","","","","","","2026-07-24T19:18:07.466Z","","","","","",""
"ERA","EYi2LdLEjYEBJEyeC9Vyx7HWpEs6Dg4hxNvgKSEzpump","","","","","","","","","","","","","","","","","","","","","","","","","","","","","","","","","","","","","","","","","","","","","","","","0.000001002","","","","","","2026-07-24T19:18:07.504Z",""
"ERA","8JmqtSeZUe2KUjPsV7ygsF8hDModfp2bHNv1d3KDpump","58","0.88","","","","","","","","","","","","","","","","","","","","","","","","","","","","","","","","","","","","","","","","0.00000168","","","","","","","2026-07-24T19:18:07.630Z","","","","","",""
"Giraffe","CuDyYHDRMVPJERNbYNQi3wVGRq4k3tqB8SVJFpJmpump","61","0.069135801","","","","","","","","","","","","","","","","","","","","","","","","","","","","","","","","","","","","","","","","0.000003113","","","","","","","2026-07-24T19:19:07.288Z","","","","","",""
"DECELS","DWWvbCTe68Q2jet873QZAWD8HqM1zmJV47stQXrBpump","55","5","","","","","","","","","","","","","","","","","","","","","","","","","","","","","","","","","","","","","","","","0.000002078","","","","","","","2026-07-24T19:19:07.328Z","","","","","",""
"ERA","4nT9EeZAuAqAdFLZXxZZaCr69UQXceQAdeJQwQerpump","","","","","","","","","","","","","","","","","","","","","","","","","","","","","","","","","","","","","","","","","","","","","","","","4.603e-7","","","","","","2026-07-24T19:19:07.352Z",""
"workhater","8YwsDfRGvVRjHhzUZD6JoiySJ9LcZ6JXcc9aCKb4pump","","","","","","","","","","","","","","","","","","","","","","","","","","","","","","","","","","","","","","","","","","","","","","","","4.817e-7","","","","","","2026-07-24T19:19:07.404Z",""
"ERA","4DjXcD49jgG1NwyGqL7X5TMH97A1nF9CqWZBNwLUpump","56","0.88","","","","","","","","","","","","","","","","","","","","","","","","","","","","","","","","","","","","","","","","0.000002266","","","","","","","2026-07-24T19:20:07.351Z","","","","","",""
"CARDIFY","5QQwc9nUkrNapfEnBSfpeVyGJAMwGo6KJQzApeBqpump","87","2.999999999","","","","","","","","","","","","","","","","","","","","","","","","","","","","","","","","","","","","","","","","0.000002084","","","","","","","2026-07-24T19:20:07.379Z","","","","","",""
"kittpidd","6hReNFpbFKzMZtvaowAryZjaQwMRzuMGvNFgcgZRpump","60","4.938271603","","","","","","","","","","","","","","","","","","","","","","","","","","","","","","","","","","","","","","","","0.000002084","","","","","","","2026-07-24T19:20:07.426Z","","","","","",""
"Formula","mKXhqyd3sQ5SbF9svkLj1HyZwwShGRkgXgVWvM6pump","63","3","","","","","","","","","","","","","","","","","","","","","","","","","","","","","","","","","","","","","","","","0.000002199","","","","","","","2026-07-24T19:20:07.455Z","","","","","",""
"dmc ","CujTzVfTdZZDgvyfa8RpD2ZcEwxKJv2romJbAyjUpump","","","","","","","","","","","","","","","","","","","","","","","","","","","","","","","","","","","","","","","","","","","","","","","","7.952e-7","","","","","","2026-07-24T19:21:07.253Z",""
"ERA","9bjksP6ATxsn59ijZ5JfexpqAbskGuAqRK9oWH3vpump","","","","","","","","","","","","","","","","","","","","","","","","","","","","","","","","","","","","","","","","","","","","","","","","4.858e-7","","","","","","2026-07-24T19:21:07.287Z",""
"ERA","BJNDSSnVLK9Qruc37GowtmX4u6ppXWDdKg73TU64pump","","","","","","","","","","","","","","","","","","","","","","","","","","","","","","","","","","","","","","","","","","","","","","","","5.762e-7","","","","","","2026-07-24T19:21:07.348Z",""
"ERA","HzqoYLJ6c4a39QuMeFKfwbTjADt655kWeyQRaJtHpump","","","","","","","","","","","","","","","","","","","","","","","","","","","","","","","","","","","","","","","","","","","","","","","","1.229e-7","","","","","","2026-07-24T19:21:07.397Z",""
"WATRBOY","G8N8nQJMWn1WBAr1mkJnn2JGTZhYAz9hRebSeumCpump","","","","","","","","","","","","","","","","","","","","","","","","","","","","","","","","","","","","","","","","","","","","","","","","8.052e-9","","","","","","2026-07-24T19:22:07.227Z",""
"PEPTIDE6900","9t7h2xF734sUod4WZwZQksQetBaN9bqh9JVzgeQfpump","61","2.666666665","","","","","","","","","","","","","","","","","","","","","","","","","","","","","","","","","","","","","","","","0.000002066","","","","","","","2026-07-24T19:22:07.262Z","","","","","",""
"PROPEX","H44vsM1AEdHW7ycBGnHuQreHKEJyTrH3LAhFPeCCpump","","","","","","","","","","","","","","","","","","","","","","","","","","","","","","","","","","","","","","","","","","","","","","","","0.000002072","","","","","","2026-07-24T19:22:07.313Z",""
"Pumpass","FJRDzerSjaPS9WabXYvnCzJPjTkVpEh7cRQXvqjrpump","76","1.000000001","","","","","","","","","","","","","","","","","","","","","","","","","","","","","","","","","","","","","","","","0.00000458","","","","","","","2026-07-24T19:22:07.347Z","","","","","",""
"Mochi","7mQj9v7QtDacyQjT5dZLip49cz3BLf7dJRV3oFQ5pump","56","0.09876543","","","","","","","","","","","","","","","","","","","","","","","","","","","","","","","","","","","","","","","","0.000001753","","","","","","","2026-07-24T19:23:07.281Z","","","","","",""
"UTOPIA","FtBMLRXnqNwSiLcRZfTCTuPJHJsJifCBra3uNbsKpump","55","1.692839504","","","","","","","","","","","","","","","","","","","","","","","","","","","","","","","","","","","","","","","","0.00000217","","","","","","","2026-07-24T19:23:07.310Z","","","","","",""
"daumen","D9atqT5y3jEhZpUq7PjCtFWx9rhcSDCSzLnow4Ebpump","57","1.97530864","","","","","","","","","","","","","","","","","","","","","","","","","","","","","","","","","","","","","","","","0.000002817","","","","","","","2026-07-24T19:23:07.343Z","","","","","",""
"SAMOSA","CfFKVPKVzcS5fHGJXxyKJaoStZ1Ci6qPdZNyJE9xpump","","","","","","","","","","","","","","","","","","","","","","","","","","","","","","","","","","","","","","","","","","","","","","","","1.827e-7","","","","","","2026-07-24T19:23:07.429Z",""
"MOSQUITO","6FRMTDhrs2Uzisu2uVy7KrKM3EkScPVzXTcih9ctpump","96","4.5","","","","","","","","","","","","","","","","","","","","","","","","","","","","","","","","","","","","","","","","0.000004945","","","","","","","2026-07-24T19:24:07.339Z","","","","","",""
"Pizza","1e1aVusmeGFZeKZKS3U2Phiy1bsv6Nyd8HWYgRvpump","85","2.999999999","","","","","","","","","","","","","","","","","","","","","","","","","","","","","","","","","","","","","","","","0.00001332","","","","","","","2026-07-24T19:24:07.418Z","","","","","",""
"HIG","4wGh5XQGuL7xomfgxZ6PQEcGdF5nZ7ZfQRGQHUTmpump","83","3.950617282","","","","","","","","","","","","","","","","","","","","","","","","","","","","","","","","","","","","","","","","0.000002171","","","","","","","2026-07-24T19:25:07.301Z","","","","","",""
"Bearmothyw","B4T7PCBmQbKY3cP7nwJ6eAjXeiETDzUUZSVW6Qw6pump","","","","","","","","","","","","","","","","","","","","","","","","","","","","","","","","","","","","","","","","","","","","","","","","0.000002092","","","","","","2026-07-24T19:25:07.330Z",""
"Mochi","4xypvWNxTwW6mvzo9GqdxVowh1WNBfiUTpLEgjNypump","76","0.09876543","","","","","","","","","","","","","","","","","","","","","","","","","","","","","","","","","","","","","","","","0.0000417","","","","","","","2026-07-24T19:25:07.364Z","","","","","",""
"CATSUIT","DHZeSt5pzV2JfYrS3W2LXToEPsjBnK17rvWG19jRpump","56","1.827160492","","","","","","","","","","","","","","","","","","","","","","","","","","","","","","","","","","","","","","","","0.000002107","","","","","","","2026-07-24T19:26:07.368Z","","","","","",""
"STUCK","FKuuD5oCmy6dL3V6Hsbas2vwNcpzUasX6ZN6hzevpump","","","","","","","","","","","","","","","","","","","","","","","","","","","","","","","","","","","","","","","","","","","","","","","","2.801e-8","","","","","","2026-07-24T19:26:07.394Z",""
"STOCKGAME","H6xfMxn8qVRfNyBYQwfAS9EEG4fL2kfdsv44TXWPpump","70","4.875406284","","","","","","","","","","","","","","","","","","","","","","","","","","","","","","","","","","","","","","","","0.000002082","","","","","","","2026-07-24T19:27:07.356Z","","","","","",""
"KIFFINDOR","CfgrHL2FojJxszDDqWnwpiEgCVSuPUFUDBBYpV2Zpump","69","0.15002344","","","","","","","","","","","","","","","","","","","","","","","","","","","","","","","","","","","","","","","","0.00001966","","","","","","","2026-07-24T19:27:07.418Z","","","","","",""
"LWA","nKjbtE2F2acdKZqDdjx3Ey9hymPyHmAtoKtZP2Tpump","","","","","","","","","","","","","","","","","","","","","","","","","","","","","","","","","","","","","","","","","","","","","","","","3.968e-9","","","","","","2026-07-24T19:28:07.226Z",""
"Minecraft","A8Q2pjwzhgBp9FYcJ6jbP7ZpHL4iguzncevCD6ZVpump","60","0.060000001","","","","","","","","","","","","","","","","","","","","","","","","","","","","","","","","","","","","","","","","0.000002209","","","","","","7.508e-7","2026-07-24T19:28:07.257Z","","","","","2026-07-24T19:29:07.278Z",""
"mangocat","ALYE2tD8y5DPpmFKMU2YWCPqX3tqN5e8NNxnpnPgpump","55","1.679012343","","","","","","","","","","","","","","","","","","","","","","","","","","","","","","","","","","","","","","","","0.000002067","","","","","","","2026-07-24T19:28:07.365Z","","","","","",""
"polar","6DnY2EufZnXf5ibF8t5rxg8soR4ddgYhfgLKKiaCpump","","","","","","","","","","","","","","","","","","","","","","","","","","","","","","","","","","","","","","","","","","","","","","","","0.000002067","","","","","","2026-07-24T19:29:07.304Z",""
"?","5RyqPwnfAPtVxb8qCgXtbAsgT18tn8Eqmf1CkeeEpump","","","","","","","","","","","","","","","","","","","","","","","","","","","","","","","","","","","","","","","","","","","","","","","","0.000002099","","","","","","2026-07-24T19:29:07.377Z",""
"prinmon","Ap39C4fNb8Y2J8sRWjufjLxVdQA31YaUtw1QMZFjpump","72","0.500000001","","","","","","","","","","","","","","","","","","","","","","","","","","","","","","","","","","","","","","","","0.00000144","","","","","","","2026-07-24T19:30:07.307Z","","","","","",""
"yesss","BuTSrAi8zBcij91pS8fxv1wrtZUsD1W97T5FDERzpump","","","","","","","","","","","","","","","","","","","","","","","","","","","","","","","","","","","","","","","","","","","","","","","","6.701e-7","","","","","","2026-07-24T19:31:07.260Z",""
"MIFFY","D48jij1s1P8qyf9n5g9UqjtRhf1At6M1QemE7GMipump","70","4.938271603","","","","","","","","","","","","","","","","","","","","","","","","","","","","","","","","","","","","","","","","0.00000243","","","","","","","2026-07-24T19:31:07.291Z","","","","","",""
"BlackBear","3MBX4AmQzGN4ph9nxMmneJeXVC9gqp6h8z71QKEupump","","","","","","","","","","","","","","","","","","","","","","","","","","","","","","","","","","","","","","","","","","","","","","","","1.235e-7","","","","","","2026-07-24T19:32:07.270Z",""
"?","PiuzFYsguNiYs8L2JzNSg8JKnX81BfmWEq3HFCWpump","57","2","","","","","","","","","","","","","","","","","","","","","","","","","","","","","","","","","","","","","","","","0.000002072","","","","","","","2026-07-24T19:32:07.307Z","","","","","",""
"Spirit","AoqySYqNMFPgtG6EuKzAQX7kmMyvAbafHg9MPyHhpump","60","4","","","","","","","","","","","","","","","","","","","","","","","","","","","","","","","","","","","","","","","","0.000005825","","","","","","","2026-07-24T19:33:07.230Z","","","","","",""
"KIFFINDOR","3Ga787uFTxc7NyN3P1YMUtv5rHBMgMQ9jfLVFpnkpump","","","","","","","","","","","","","","","","","","","","","","","","","","","","","","","","","","","","","","","","","","","","","","","","4.79e-9","","","","","","2026-07-24T19:33:07.316Z",""
"CR7","JAC8cjRsF1jiSmioPkVULSbjbpnnBbPPDhaFKFM6pump","","","","","","","","","","","","","","","","","","","","","","","","","","","","","","","","","","","","","","","","","","","","","","","","2.18e-7","","","","","","2026-07-24T19:33:07.355Z",""
"CR7","5USWoSU1ZyUctNG39iEZvrMxNWq2HmBCZmGRGjqNpump","","","","","","","","","","","","","","","","","","","","","","","","","","","","","","","","","","","","","","","","","","","","","","","","2.284e-7","","","","","","2026-07-24T19:34:07.345Z",""
"Gouda","Yfm7TMtgV7Lp9gFgQmP3epDDwaUkEnoqJ7tVjWipump","68","0.25","","","","","","","","","","","","","","","","","","","","","","","","","","","","","","","","","","","","","","","","0.000005346","","","","","","","2026-07-24T19:34:07.374Z","","","","","",""
"$RNDM","CNPiGJqwZxQ9pG1erhJVhGHcQ7CbEJzjCnMJN4dspump","","","","","","","","","","","","","","","","","","","","","","","","","","","","","","","","","","","","","","","","","","","","","","","","3.171e-9","","","","","","2026-07-24T19:34:07.441Z",""
"SADDY","HYSrH42My1rvACwf2Jcu6fRhoZ9YsQsunVPBTG3apump","","","","","","","","","","","","","","","","","","","","","","","","","","","","","","","","","","","","","","","","","","","","","","","","6.434e-7","","","","","","2026-07-24T19:35:07.246Z",""
"DBZ","96NiKNJoVgZrgvapzJxvUy8GxavaTYLEwdqDMzfEpump","","","","","","","","","","","","","","","","","","","","","","","","","","","","","","","","","","","","","","","","","","","","","","","","3.602e-9","","","","","","2026-07-24T19:35:07.277Z",""
"Strawberry","3smiXUz58rikop7BQViPgyh7NkhUE4EUJmPLK5LHpump","58","2.093718843","","","","","","","","","","","","","","","","","","","","","","","","","","","","","","","","","","","","","","","","0.00001984","","","","","","","2026-07-24T19:35:07.361Z","","","","","",""
"DIH","EB24XS3nh5jaGG36g97kzcq23m3YFFW9D9u4eMgnpump","66","0.098765431","","","","","","","","","","","","","","","","","","","","","","","","","","","","","","","","","","","","","","","","0.00000208","","","","","","","2026-07-24T19:36:07.353Z","","","","","",""
"SADDY","DuyvivRMibeiHj5CxB39H7VARRKxHP6wLGmEPJZvpump","","","","","","","","","","","","","","","","","","","","","","","","","","","","","","","","","","","","","","","","","","","","","","","","3.106e-7","","","","","","2026-07-24T19:36:07.453Z",""
"verano","925bCRkYKDSeC9Znnjd1E61T4Ln443s3Ye6R3SXdpump","","","","","","","","","","","","","","","","","","","","","","","","","","","","","","","","","","","","","","","","","","","","","","","","1.031e-7","","","","","","2026-07-24T19:37:07.287Z",""
"BARB","2WCFAu7gP3RsikCNaHEZq1FvQdxMPJQMkCW4sgsYpump","56","1.876543208","","","","","","","","","","","","","","","","","","","","","","","","","","","","","","","","","","","","","","","","0.000002066","","","","","","","2026-07-24T19:38:07.388Z","","","","","",""
"GOONLINE","pSte9cQxofkmf9WyLVUhCCdKjGH5XtSgvNYsUGrpump","60","2.500000001","","","","","","","","","","","","","","","","","","","","","","","","","","","","","","","","","","","","","","","","0.000002323","","","","","","","2026-07-24T19:38:07.419Z","","","","","",""
"CHAD","9M7HyusQgD1727VBatBMMxdvi6YFdfLHniVCJ94Spump","65","0.059259258","","","","","","","","","","","","","","","","","","","","","","","","","","","","","","","","","","","","","","","","0.0000021","","","","","","","2026-07-24T19:38:07.485Z","","","","","",""
"GIRL","fYf8MgUifcRV3uttdVpGbXw8Z6bZ2rPCswezvTnpump","70","4.834567899","","","","","","","","","","","","","","","","","","","","","","","","","","","","","","","","","","","","","","","","0.000002068","","","","","","","2026-07-24T19:39:07.334Z","","","","","",""
"BARNEY","5PJ3L5DNE26rppmsFnYNRsUCzS4Tc45MKDQjCdzVpump","56","1.91693827","","","","","","","","","","","","","","","","","","","","","","","","","","","","","","","","","","","","","","","","0.00000207","","","","","","","2026-07-24T19:40:07.236Z","","","","","",""
"POMCOIN","8ZMbPpLKoNN9jQUbpBhUeM9WFSo4rHmqxK7Ute9Hpump","","","","","","","","","","","","","","","","","","","","","","","","","","","","","","","","","","","","","","","","","","","","","","","","8.434e-8","","","","","","2026-07-24T19:40:07.263Z",""
"Barron","3CRtFDNEW7faCL21B8R1sB8ZDrZtXHgPSW1SDqY2pump","59","4","","","","","","","","","","","","","","","","","","","","","","","","","","","","","","","","","","","","","","","","0.000002153","","","","","","","2026-07-24T19:40:07.309Z","","","","","",""
"Destiny","E9RF9tNT3dE6AWEF14jdRTRk1ioaKtosU38rkQsopump","56","1.856790121","","","","","","","","","","","","","","","","","","","","","","","","","","","","","","","","","","","","","","","","0.00000217","","","","","","","2026-07-24T19:40:07.336Z","","","","","",""
"shooort","9CYyYzZAnByvtVFBLQiZ4tdxbGRXhxhcenyWWfFipump","","","","","","","","","","","","","","","","","","","","","","","","","","","","","","","","","","","","","","","","","","","","","","","","3.088e-7","","","","","","2026-07-24T19:41:07.282Z",""
"irr ","BNdkVnJxpTs6Wr53ttva8myd7WQqq2WcJETSJnvppump","68","0.250000001","","","","","","","","","","","","","","","","","","","","","","","","","","","","","","","","","","","","","","","","0.000003411","","","","","","","2026-07-24T19:41:07.316Z","","","","","",""
"KIFFINDOR","Awv4MXTKYS7mokgU86KbXL8U9Uf4fT8DJa1KHhMDpump","67","0.15002344","","","","","","","","","","","","","","","","","","","","","","","","","","","","","","","","","","","","","","","","0.00009266","","","","","","","2026-07-24T19:41:07.353Z","","","","","",""
"HMAR","A2sdh8qubQdnJCQTfAuDWajXj9efcP9N8ek7RmU7pump","58","0.065185184","","","","","","","","","","","","","","","","","","","","","","","","","","","","","","","","","","","","","","","","0.000002071","","","","","","","2026-07-24T19:42:07.248Z","","","","","",""
"BULLTRAP","73UnEnJXdsh8aT2kT9MxaqSf6Hj4Pne5iNL3VEHXpump","","","","","","","","","","","","","","","","","","","","","","","","","","","","","","","","","","","","","","","","","","","","","","","","4.247e-7","","","","","","2026-07-24T19:42:07.330Z",""
"bully","D1DuZLA5s73DeQUga6DMGDCQUmfqU5judtdc8yKZpump","","","","","","","","","","","","","","","","","","","","","","","","","","","","","","","","","","","","","","","","","","","","","","","","4.565e-7","","","","","","2026-07-24T19:42:07.362Z",""
"CHILLCAT","9t3PSVBdE7yiVseXP6qmzvBkxKD7gvFKPnTf5tyQpump","66","5.629629628","","","","","","","","","","","","","","","","","","","","","","","","","","","","","","","","","","","","","","","","0.000003391","","","","","","","2026-07-24T19:42:07.401Z","","","","","",""
"KIFFINDOR","Aq6i6oW6EF3NtRAnVjecZEf6CC8myL4DYfu2CLnapump","","","","","","","","","","","","","","","","","","","","","","","","","","","","","","","","","","","","","","","","","","","","","","","","1.891e-7","","","","","","2026-07-24T19:43:07.209Z",""
"Cooper","7tzkqAr6jfBzUe5wwPFLgCHH8sb5edtj9akQ82B3pump","59","4","","","","","","","","","","","","","","","","","","","","","","","","","","","","","","","","","","","","","","","","0.00000922","","","","","","","2026-07-24T19:43:07.235Z","","","","","",""
"SLOP","57Maxuwu9MErPCDJjM623yy8xbQMdXgiyxwkwPKmpump","","","","","","","","","","","","","","","","","","","","","","","","","","","","","","","","","","","","","","","","","","","","","","","","6.532e-7","","","","","","2026-07-24T19:43:07.288Z",""
"60MIN","Hf8fUH8TcsiH91wSFYdeH8dAwoXm1Dn9RpUt5kiepump","57","1.97530864","","","","","","","","","","","","","","","","","","","","","","","","","","","","","","","","","","","","","","","","0.000002067","","","","","","","2026-07-24T19:43:07.316Z","","","","","",""
"BRC ","GqAY9aUpbDzcWFQ8ZyJ1g1D7jgAtTnSmR6srGsXVpump","","","","","","","","","","","","","","","","","","","","","","","","","","","","","","","","","","","","","","","","","","","","","","","","2.587e-7","","","","","","2026-07-24T19:44:07.321Z",""
"GIRL","12cQDb9e3hyctzb1tLkipkog3bn7FzPkk4j7TEfZpump","70","4.834567899","","","","","","","","","","","","","","","","","","","","","","","","","","","","","","","","","","","","","","","","0.000002137","","","","","","","2026-07-24T19:44:07.369Z","","","","","",""
"COOPER","7nEMwJeo3JXTrhutcBixXkSBzeUz6EKsjCMcKvwepump","55","1.714864196","","","","","","","","","","","","","","","","","","","","","","","","","","","","","","","","","","","","","","","","0.00000217","","","","","","","2026-07-24T19:44:07.413Z","","","","","",""
"Duuurrr","26HF2LmnVwRV5xYSjVmKn52QRZJQ1FYSR575AkN6pump","","","","","","","","","","","","","","","","","","","","","","","","","","","","","","","","","","","","","","","","","","","","","","","","0.000001109","","","","","","2026-07-24T19:44:07.441Z",""
"BRC ","5KJWySe2EUdyzm8XeVZo48kPgSirU7F1EPhSr4Vkpump","61","0.070010938","","","","","","","","","","","","","","","","","","","","","","","","","","","","","","","","","","","","","","","","0.000007283","","","","","","","2026-07-24T19:45:07.218Z","","","","","",""
"KIFFINDOR","9hKQhHeMvDSXgUgkBLHiagcZUqf5Vk87fthgbFrupump","72","0.300046881","","","","","","","","","","","","","","","","","","","","","","","","","","","","","","","","","","","","","","","","0.000003868","","","","","","","2026-07-24T19:45:07.265Z","","","","","",""
"USDAX","G9EnW2RyyrmKApexoeTEW1orj4hDdgz2XtGH6Nyypump","57","1.97530864","","","","","","","","","","","","","","","","","","","","","","","","","","","","","","","","","","","","","","","","0.000002175","","","","","","","2026-07-24T19:45:07.305Z","","","","","",""
"RIBBI","DPqVrDiG5pxdj6YVAubRczp4eha1sxZFYBDSqaympump","57","1.97530864","","","","","","","","","","","","","","","","","","","","","","","","","","","","","","","","","","","","","","","","0.000002968","","","","","","","2026-07-24T19:46:07.221Z","","","","","",""
"KIFFINDOR","9evvFuv7UwWYBSSeuuRSeEUc5nTue6QoByk5VR6xpump","","","","","","","","","","","","","","","","","","","","","","","","","","","","","","","","","","","","","","","","","","","","","","","","1.764e-7","","","","","","2026-07-24T19:46:07.341Z",""
"COOPER","1b8ncjKdhRz3TsagV8msoveKhkgRe8H7fqMU5zSpump","64","5","","","","","","","","","","","","","","","","","","","","","","","","","","","","","","","","","","","","","","","","0.000002172","","","","","","","2026-07-24T19:47:07.249Z","","","","","",""
"HBX","8D3dP7iazzmgkkeZTBRToX6DMLfjozhR5mfbFxCbpump","74","7.901234566","","","","","","","","","","","","","","","","","","","","","","","","","","","","","","","","","","","","","","","","0.000002076","","","","","","","2026-07-24T19:47:07.308Z","","","","","",""
"pepsol","3D9Poafiinpzhbrvgu3zEVvjXqXkvKU2bHPgsQf1pump","","","","","","","","","","","","","","","","","","","","","","","","","","","","","","","","","","","","","","","","","","","","","","","","9.053e-7","","","","","","2026-07-24T19:47:07.340Z",""
"CHILLCAT","ELinQ84yW3g4XuSxuwJdjqUtsYadLN4LMcjXwZHnpump","66","6.282555358","","","","","","","","","","","","","","","","","","","","","","","","","","","","","","","","","","","","","","","","0.000003078","","","","","","","2026-07-24T19:48:07.220Z","","","","","",""
"KIFFINDOR","DUnvxaSbmwfsGgucj9YzEGdakxDo2qmesfPg5uyHpump","","","","","","","","","","","","","","","","","","","","","","","","","","","","","","","","","","","","","","","","","","","","","","","","6.005e-8","","","","","","2026-07-24T19:48:07.255Z",""
"Cooper","DPaTn1sgzWAQMYnyz21ZNcAXU6MJn3jneWsqsrq8pump","55","4","","","","","","","","","","","","","","","","","","","","","","","","","","","","","","","","","","","","","","","","0.000002068","","","","","","","2026-07-24T19:48:07.292Z","","","","","",""
"CULTP","DmtMAvphL8DRiEMGcBKBGKyStwW728kxF29G5rYHpump","57","1.97530864","","","","","","","","","","","","","","","","","","","","","","","","","","","","","","","","","","","","","","","","0.000002095","","","","","","","2026-07-24T19:49:07.292Z","","","","","",""
"CHUNGUS","EYL5QqYcTUUXLCG3xvNHJJBoueiizSqqyWepBowHpump","89","2.999999999","","","","","","","","","","","","","","","","","","","","","","","","","","","","","","","","","","","","","","","","0.000009001","","","","","","","2026-07-24T19:50:07.222Z","","","","","",""
"mono","3tytnbjaTqUoQbphEsioMbMq5u47ovfb958T7MtEpump","","","","","","","","","","","","","","","","","","","","","","","","","","","","","","","","","","","","","","","","","","","","","","","","5.375e-7","","","","","","2026-07-24T19:50:07.323Z",""
"BOOBS","GT2t6aw9ydvMiKy6c5dWzmommpFNinAJEwoN1aibpump","57","1.97530864","","","","","","","","","","","","","","","","","","","","","","","","","","","","","","","","","","","","","","","","0.000002066","","","","","","","2026-07-24T19:50:07.353Z","","","","","",""
"KIFFINDOR","C2My7UoTSxB7gW4AgcMXJb4ZYQXS57CwnnLA3GmRpump","","","","","","","","","","","","","","","","","","","","","","","","","","","","","","","","","","","","","","","","","","","","","","","","8.229e-7","","","","","","2026-07-24T19:50:07.387Z",""
"HOOD","3g2ML992zx2hLkXxK63vbmwxWe2peJQCToxdUnTepump","57","1.97530864","","","","","","","","","","","","","","","","","","","","","","","","","","","","","","","","","","","","","","","","0.0000021","","","","","","","2026-07-24T19:51:07.248Z","","","","","",""
"choco ","AkCrhY7dAF29Wa8qTAbw7UakKN9hpNE6jB7vj57pump","","","","","","","","","","","","","","","","","","","","","","","","","","","","","","","","","","","","","","","","","","","","","","","","2.751e-7","","","","","","2026-07-24T19:51:07.285Z",""
"PLOY","2FwLd5wJv6LuNt1qM4Zj6J5XQk3A27VqM2d6pHyXpump","64","7","","","","","","","","","","","","","","","","","","","","","","","","","","","","","","","","","","","","","","","","0.000002096","","","","","","","2026-07-24T19:51:07.368Z","","","","","",""
"Fleeting","5y6gm5RAjRRpC1uYRFUthwgEPYuHpjVkjWXw4Bazpump","69","4.345679011","","","","","","","","","","","","","","","","","","","","","","","","","","","","","","","","","","","","","","","","0.000002129","","","","","","","2026-07-24T19:53:07.278Z","","","","","",""
"CARDY","Gbqtg5kBuDzQf64HYoaSCBMhBmBzWcaFFJvy4AZqpump","57","1.97530864","","","","","","","","","","","","","","","","","","","","","","","","","","","","","","","","","","","","","","","","0.000002106","","","","","","","2026-07-24T19:53:07.406Z","","","","","",""
"valuemaxxing","AizExJ31JFRD2KmnsdjMn76YFuH11Rc5jc3Wv6ppump","58","2.962962961","","","","","","","","","","","","","","","","","","","","","","","","","","","","","","","","","","","","","","","","0.000002067","","","","","","","2026-07-24T19:53:07.436Z","","","","","",""
"FCM","E58LEWvmypviGdhNdSDXtwqVcu2MAyh7pQRFNnBjpump","58","2.962962961","","","","","","","","","","","","","","","","","","","","","","","","","","","","","","","","","","","","","","","","0.000002067","","","","","","","2026-07-24T19:54:07.246Z","","","","","",""
"WHISPERER","2pUGU92gtWHpMqhFAFyH17vfzV5ohnEunavcJ5D8pump","77","9.876543208","","","","","","","","","","","","","","","","","","","","","","","","","","","","","","","","","","","","","","","","0.000006388","","","","","","","2026-07-24T19:54:07.288Z","","","","","",""
"JENSEN","2NFPPgAy76UjLztjhd4ndaCQPR2wC8LF7fadVzc8pump","61","0.059259258","","","","","","","","","","","","","","","","","","","","","","","","","","","","","","","","","","","","","","","","0.000002459","","","","","","","2026-07-24T19:54:07.369Z","","","","","",""
"SORIZZ","3Zw2mod63oKDXNxszZQyRw4WtEfqt9zQWSHLJjr8pump","","","","","","","","","","","","","","","","","","","","","","","","","","","","","","","","","","","","","","","","","","","","","","","","3.492e-8","","","","","","2026-07-24T19:55:07.367Z",""
"BARN","EBcWWJtuiybZF5HKpgfaXhnDfxyKM2beeLsir6qjpump","57","1.97530864","","","","","","","","","","","","","","","","","","","","","","","","","","","","","","","","","","","","","","","","0.000002067","","","","","","","2026-07-24T19:55:07.412Z","","","","","",""
"downsey","BjUvV3kRHY4vgSnzoLpC3C8BotZqSWqjpuQYFxkypump","58","3","","","","","","","","","","","","","","","","","","","","","","","","","","","","","","","","","","","","","","","","0.000002067","","","","","","","2026-07-24T19:55:07.438Z","","","","","",""
"LOSER","7cpCSb31Pf9CqNe2e7QQ2DrmkcAeTZ4KeCLb7duspump","56","3.950617282","","","","","","","","","","","","","","","","","","","","","","","","","","","","","","","","","","","","","","","","0.000002106","","","","","","","2026-07-24T19:56:07.212Z","","","","","",""
"B2H","joFF6BpvEbg7WGetXxg2J2U9k1z19SUvAAX46Yypump","","","","","","","","","","","","","","","","","","","","","","","","","","","","","","","","","","","","","","","","","","","","","","","","0.000002075","","","","","","2026-07-24T19:56:07.252Z",""
"Ethv2","3b76DoNE4NuNbwreSkzJh2i5tJWSjB7GwL685nBbpump","60","0.493827158","","","","","","","","","","","","","","","","","","","","","","","","","","","","","","","","","","","","","","","","0.000001588","","","","","","","2026-07-24T19:56:07.308Z","","","","","",""
"PUMPCHAN","2JLTgWwvsautkVdkXjKzizqZNrDxxMki9VaXcyBXpump","88","25","","","","","","","","","","","","","","","","","","","","","","","","","","","","","","","","","","","","","","","","0.000006324","","","","","","","2026-07-24T19:57:07.363Z","","","","","",""
"Ammo","2BhqRBPnZmmQdAKSqSNnkKTp78jTVG1ixpY2tML3pump","56","1.90222222","","","","","","","","","","","","","","","","","","","","","","","","","","","","","","","","","","","","","","","","0.000002181","","","","","","","2026-07-24T19:57:07.388Z","","","","","",""
"PUMPCHAN","8EVBdSvmj2iRB8iCAgx9gCH79VxbuyBcmdnvVhecpump","72","5.4","","","","","","","","","","","","","","","","","","","","","","","","","","","","","","","","","","","","","","","","0.000002066","","","","","","","2026-07-24T19:57:07.436Z","","","","","",""
"RONFU","AbLahuj91o2r7kJa4tqTBYFcs75WqnHEyoNgQcjxpump","56","1.876543208","","","","","","","","","","","","","","","","","","","","","","","","","","","","","","","","","","","","","","","","0.000002067","","","","","","","2026-07-24T19:57:07.471Z","","","","","",""
"Binadra","2Cq527xLsGmpXx63pvussUZrxYEvyXB7NhWwoY4Mpump","57","1.97530864","","","","","","","","","","","","","","","","","","","","","","","","","","","","","","","","","","","","","","","","0.000002069","","","","","","","2026-07-24T19:58:07.256Z","","","","","",""
"EMINT","3Jyyx34YSjnKNAzWcf1bgGZvucv7UjoRsHS1UrEipump","57","1.97530864","","","","","","","","","","","","","","","","","","","","","","","","","","","","","","","","","","","","","","","","0.000002102","","","","","","","2026-07-24T19:58:07.284Z","","","","","",""
"LeRacist","BbvbzdmpL2MKzawZsMmaYHHZHQmfyHqoXGn8wJuBpump","63","5","","","","","","","","","","","","","","","","","","","","","","","","","","","","","","","","","","","","","","","","0.000002081","","","","","","","2026-07-24T19:59:07.246Z","","","","","",""
"LeRacist","EkwbDMsQfh8v71cPB3KaiWsJB8cgmzcM95aZNbgUpump","56","3","","","","","","","","","","","","","","","","","","","","","","","","","","","","","","","","","","","","","","","","0.000002138","","","","","","","2026-07-24T19:59:07.274Z","","","","","",""
"LERACIST","9Avadum3RFbLk91tG1wrbsCQzJoCqvCGFWVK1K6cpump","","","","","","","","","","","","","","","","","","","","","","","","","","","","","","","","","","","","","","","","","","","","","","","","0.000002176","","","","","","2026-07-24T19:59:07.322Z",""
"PEPE","AoV7XYDp2SsdL5kGbPXmnVMYBREKkvm2o6Y3Zzompump","","","","","","","","","","","","","","","","","","","","","","","","","","","","","","","","","","","","","","","","","","","","","","","","7.883e-8","","","","","","2026-07-24T19:59:07.364Z",""
"LERACIST","56auYZcDBrMEbDLd54CbFKv2sA7zriwUeBdnrTFcpump","58","5","","","","","","","","","","","","","","","","","","","","","","","","","","","","","","","","","","","","","","","","0.000002179","","","","","","","2026-07-24T20:00:07.313Z","","","","","",""
"CARTOON","3ZiARvr967x9hZYLNvJivEK7bAvshGWcKJzxD83Upump","64","4","","","","","","","","","","","","","","","","","","","","","","","","","","","","","","","","","","","","","","","","0.000002069","","","","","","","2026-07-24T20:00:07.387Z","","","","","",""
"MHOOD","GZpUaJstmDAFvpozoFGAC3bSzabHW9yXjTbF6K3Xpump","63","2.962962961","","","","","","","","","","","","","","","","","","","","","","","","","","","","","","","","","","","","","","","","0.000002067","","","","","","","2026-07-24T20:01:07.383Z","","","","","",""
"cooper","6zreCWbX4YhAnktRpoU2KmERiqhcN4vL9z6t9cRopump","","","","","","","","","","","","","","","","","","","","","","","","","","","","","","","","","","","","","","","","","","","","","","","","8.074e-8","","","","","","2026-07-24T20:02:07.203Z",""
"JRY","6TqvXpjF3SaajFFifWNYFDggMH5x4LAm3YkQGvqMpump","","","","","","","","","","","","","","","","","","","","","","","","","","","","","","","","","","","","","","","","","","","","","","","","9.645e-8","","","","","","2026-07-24T20:02:07.245Z",""
"?","roFafGqPQmwz6bQPaDSji1BqxPcFrR42STc4e8Mpump","57","2","","","","","","","","","","","","","","","","","","","","","","","","","","","","","","","","","","","","","","","","0.000002067","","","","","","","2026-07-24T20:02:07.276Z","","","","","",""
"B2H","x7qCBXWHJttbzqa3gvnrb4Uy3dfQS2zfK6HYGKqpump","91","37.623762375","","","","","","","","","","","","","","","","","","","","","","","","","","","","","","","","","","","","","","","","0.00001138","","","","","","","2026-07-24T20:02:07.369Z","","","","","",""
"GLOW","EyE5yG3chxHJaWCUvmxz2Ecf8TztSnGaBTQVBFS1pump","99","2.796739684","","","","","","","","","","","","","","","","","","","","","","","","","","","","","","","","","","","","","","","","0.000002576","","","","","","","2026-07-24T20:03:07.292Z","","","","","",""
"$SORANA","AhUnuqvGaJX9d7GT47TNZofotaAeXHQDrTZMTmNQpump","57","1.97530864","","","","","","","","","","","","","","","","","","","","","","","","","","","","","","","","","","","","","","","","0.000002087","","","","","","","2026-07-24T20:03:07.345Z","","","","","",""
"mob","5TT2kKHVy7m2tf8ozwjXBXuFVx7krBiFNYnepJotpump","72","5.925925924","","","","","","","","","","","","","","","","","","","","","","","","","","","","","","","","","","","","","","","","0.000002068","","","","","","","2026-07-24T20:03:07.431Z","","","","","",""
"bTOR","G5LB3HAz1CHsWMqN5seq5r3GYd28czpBjsqJrighpump","","","","","","","","","","","","","","","","","","","","","","","","","","","","","","","","","","","","","","","","","","","","","","","","4.113e-7","","","","","","2026-07-24T20:03:07.463Z",""
"cooper","AMovdWPREXbSvETsRSz9fsbNRYFF7xZr6nwDPq8Spump","","","","","","","","","","","","","","","","","","","","","","","","","","","","","","","","","","","","","","","","","","","","","","","","9.169e-7","","","","","","2026-07-24T20:04:07.314Z",""
"ElonBot","Fp2N64WVRxfVvuKt1zqFxW3roM2r9HiLkv6S26Y7pump","99","5.925925924","","","","","","","","","","","","","","","","","","","","","","","","","","","","","","","","","","","","","","","","0.000002142","","","","","","","2026-07-24T20:04:07.354Z","","","","","",""
"CARTOON","8UeJaEby4az16X9xQMcXL2awyFQGdnWeqZcT2yD2pump","64","4","","","","","","","","","","","","","","","","","","","","","","","","","","","","","","","","","","","","","","","","0.000002068","","","","","","","2026-07-24T20:04:07.389Z","","","","","",""
"Rhiya","9gAH29grxBGVVurVQKFwFtiQWNgQcWYMLBGZyHjzpump","68","2.999999999","","","","","","","","","","","","","","","","","","","","","","","","","","","","","","","","","","","","","","","","0.000004391","","","","","","","2026-07-24T20:05:07.254Z","","","","","",""
"Taylor","Au8PD8h94NPCjKwWXt9abAwqQ3vaE66Ug8X6i6xppump","65","3.950617282","","","","","","","","","","","","","","","","","","","","","","","","","","","","","","","","","","","","","","","","0.000002137","","","","","","","2026-07-24T20:05:07.313Z","","","","","",""
"PETRI","2CA5bA2Wn2Mw9KiVL8pikzqZd7TH4XtZDiuEAkz3pump","57","1.97530864","","","","","","","","","","","","","","","","","","","","","","","","","","","","","","","","","","","","","","","","0.000002435","","","","","","","2026-07-24T20:05:07.386Z","","","","","",""
"AIIDLE","A6mWkzLeh11XKsCYabojjKqsVU8TSdBtqv4UB2c6pump","","","","","","","","","","","","","","","","","","","","","","","","","","","","","","","","","","","","","","","","","","","","","","","","2.669e-7","","","","","","2026-07-24T20:05:07.411Z",""
"SLINGOOR","8eS3xp13gPL1X799zB435t2N33S5tzfRRsHKtWLopump","","","","","","","","","","","","","","","","","","","","","","","","","","","","","","","","","","","","","","","","","","","","","","","","8.283e-8","","","","","","2026-07-24T20:06:07.356Z",""
"gc","5HAGWcC6kWNJ86GHFoJaQy87XBJeBVf7GFRwx34tpump","55","0.296296295","","","","","","","","","","","","","","","","","","","","","","","","","","","","","","","","","","","","","","","","0.00000197","","","","","","","2026-07-24T20:07:07.323Z","","","","","",""
"HUM","GFpq2PRvWjuy9uKpRtqtrSrRJ8bcHWCkQgY91NHKpump","","","","","","","","","","","","","","","","","","","","","","","","","","","","","","","","","","","","","","","","","","","","","","","","6.579e-7","","","","","","2026-07-24T20:07:07.350Z",""
"Goat!!!","CJAg6KsCGKUTqu9vp8SN1w72MErCrwo7nwScF8y9pump","57","0.065185184","","","","","","","","","","","","","","","","","","","","","","","","","","","","","","","","","","","","","","","","0.000001681","","","","","","","2026-07-24T20:07:07.477Z","","","","","",""
"Prospera","6VzpD4ooeTcGohQ2MAs7cT86K4MSxRWFAthkU1dFpump","59","5","","","","","","","","","","","","","","","","","","","","","","","","","","","","","","","","","","","","","","","","0.000002067","","","","","","","2026-07-24T20:08:07.234Z","","","","","",""
"MIS","J16JKWSZZBPaiS9ANAeZgjsaAwTmJSVwAsMm1U5Tpump","66","0.37530864","","","","","","","","","","","","","","","","","","","","","","","","","","","","","","","","","","","","","","","","0.000001857","","","","","","","2026-07-24T20:08:07.335Z","","","","","",""
"pesol","5TmhhdLKBgJ8Zjy3gDN4DwhbWUfRjyzwh88AwSEEpump","","","","","","","","","","","","","","","","","","","","","","","","","","","","","","","","","","","","","","","","","","","","","","","","6.246e-7","","","","","","2026-07-24T20:08:07.388Z",""
"Prospera","69YFx1NaY7zvTPNdnunmCqMWh7xKUHkxY2qFN8qzpump","60","5","","","","","","","","","","","","","","","","","","","","","","","","","","","","","","","","","","","","","","","","0.000002067","","","","","","","2026-07-24T20:08:07.422Z","","","","","",""
"LooongBull","BtcEDZ7uRhHpiQypyB5XcePTisny5tQhzUSKaNcpump","57","1.97530864","","","","","","","","","","","","","","","","","","","","","","","","","","","","","","","","","","","","","","","","0.000002065","","","","","","","2026-07-24T20:10:07.245Z","","","","","",""
"GDB","DCEaWsEPxLCCCTArUpBMW6kynYJ6hh6k2qj2oE7Xpump","58","0.200000001","","","","","","","","","","","","","","","","","","","","","","","","","","","","","","","","","","","","","","","","0.000005092","","","","","","","2026-07-24T20:12:07.254Z","","","","","",""
"NOPA","gmYXPnYeACTkmyjGYQ8rJ3CcnZDVrQggGybr6c4pump","58","2.962962961","","","","","","","","","","","","","","","","","","","","","","","","","","","","","","","","","","","","","","","","0.000002231","","","","","","","2026-07-24T20:13:07.312Z","","","","","",""
"Pets","55eHnLfMWiNdbkN9BgPPN88A9Qk33QapAJ5KhYQwpump","","","","","","","","","","","","","","","","","","","","","","","","","","","","","","","","","","","","","","","","","","","","","","","","0.000002175","","","","","","2026-07-24T20:13:07.347Z",""
"KIFFINDOR","5bLtN87ofKRc1sQnAhxsVVhjMXB7ZeLy9Q4gTYVipump","","","","","","","","","","","","","","","","","","","","","","","","","","","","","","","","","","","","","","","","","","","","","","","","3.1e-7","","","","","","2026-07-24T20:13:07.428Z",""
"DS","34P5AzqjnBhCm2LE7MpbX5wfWAixo2DW4NzHRSBUpump","61","0.108641974","","","","","","","","","","","","","","","","","","","","","","","","","","","","","","","","","","","","","","","","0.000004938","","","","","","","2026-07-24T20:14:07.193Z","","","","","",""
"builders","2McMw3a922BgdVw3FbaYNeySUx4pzC5YFZGcjPcPpump","","","","","","","","","","","","","","","","","","","","","","","","","","","","","","","","","","","","","","","","","","","","","","","","0.000002067","","","","","","2026-07-24T20:14:07.222Z",""
"S GOOR","7b7r13hvs7uvcpqExKxaYAhhnvCppcpPj9DVbchKpump","","","","","","","","","","","","","","","","","","","","","","","","","","","","","","","","","","","","","","","","","","","","","","","","5.792e-7","","","","","","2026-07-24T20:14:07.251Z",""
"PhilltBron","23Pv5TKQc9KaSpw2Vgg5rrk7twGbnePZk9mNFRT1pump","","","","","","","","","","","","","","","","","","","","","","","","","","","","","","","","","","","","","","","","","","","","","","","","8.159e-8","","","","","","2026-07-24T20:15:07.555Z",""
"$elube","5Nd3PaQfGvbWkTbykQs8fbGz4X2hrH61A5Vjn1B9pump","","","","","","","","","","","","","","","","","","","","","","","","","","","","","","","","","","","","","","","","","","","","","","","","0.00000107","","","","","","2026-07-24T20:16:07.262Z",""
"S GOOR","HR84Cv2TV3GW8iZPwSVaJEGnJsgxjitc4Yff34PLpump","","","","","","","","","","","","","","","","","","","","","","","","","","","","","","","","","","","","","","","","","","","","","","","","3.915e-7","","","","","","2026-07-24T20:16:07.285Z",""
"THUGLIFE","4mMgzPUwRpn5Eg7xnUAKECynpeNWFmds8Aj1LJP7pump","","","","","","","","","","","","","","","","","","","","","","","","","","","","","","","","","","","","","","","","","","","","","","","","8.724e-8","","","","","","2026-07-24T20:16:07.317Z",""
"$DS","yUATTQ32YhLc9RyfvmJSoW88J45boCa2SKLDjhFpump","60","0.098765431","","","","","","","","","","","","","","","","","","","","","","","","","","","","","","","","","","","","","","","","0.00000532","","","","","","","2026-07-24T20:16:07.389Z","","","","","",""
"PROPEX","CmCWoBahXEgsvwUUr4Au6nqXcEm7WhKWmQGmYoKRpump","","","","","","","","","","","","","","","","","","","","","","","","","","","","","","","","","","","","","","","","","","","","","","","","0.000002067","","","","","","2026-07-24T20:17:07.268Z",""
"Hoots","8UzQbU1qoDcoBzRSsUsvyXjnNM8QGsp1txJzix67pump","58","3.950617282","","","","","","","","","","","","","","","","","","","","","","","","","","","","","","","","","","","","","","","","0.000002431","","","","","","","2026-07-24T20:17:07.289Z","","","","","",""
"PETS","63CqYpHZUaFwxHEML4Rn8Y5hDapLJau7VyR7KFevpump","58","2.962962961","","","","","","","","","","","","","","","","","","","","","","","","","","","","","","","","","","","","","","","","0.000002146","","","","","","","2026-07-24T20:17:07.313Z","","","","","",""
"WCSP","ZWrBLp5WZkZ8NYqHQbhrVPeuZqCy5pUamXDC1frpump","","","","","","","","","","","","","","","","","","","","","","","","","","","","","","","","","","","","","","","","","","","","","","","","1.126e-8","","","","","","2026-07-24T20:18:07.356Z",""
"S GOOR","7fywoWgf7Us4gXAcmTrVynvkNHCknnVb2xYE8n69pump","","","","","","","","","","","","","","","","","","","","","","","","","","","","","","","","","","","","","","","","","","","","","","","","7.326e-8","","","","","","2026-07-24T20:18:07.399Z",""
"PROPEX","G1SvYbtWP8fYRniat6dGeZeSALkJeKnVS1mD24ampump","","","","","","","","","","","","","","","","","","","","","","","","","","","","","","","","","","","","","","","","","","","","","","","","0.000002067","","","","","","2026-07-24T20:18:07.431Z",""
"Fireball","HXDwQkeJ7TTkmC9kZwy8vAzkAJHTvokUukMmLzDxpump","91","5.925925924","","","","","","","","","","","","","","","","","","","","","","","","","","","","","","","","","","","","","","","","0.000004961","","","","","","","2026-07-24T20:19:07.220Z","","","","","",""
"$DS","4LfCbM5kmKPMQj1ZSMr7ZHKbL4qNAr7qwTKG5rYHpump","","","","","","","","","","","","","","","","","","","","","","","","","","","","","","","","","","","","","","","","","","","","","","","","5.915e-7","","","","","","2026-07-24T20:19:07.257Z",""
"NoPa","37fHFohQdx6t8kBt9ZCk4Q893pzYbP2MpXDfM8tepump","55","5","","","","","","","","","","","","","","","","","","","","","","","","","","","","","","","","","","","","","","","","0.000002106","","","","","","","2026-07-24T20:19:07.293Z","","","","","",""
"Pets","8K5ATg2c7zKR6RhWSBRNuuPSa2isSbu6rZTkrUDKpump","68","3","","","","","","","","","","","","","","","","","","","","","","","","","","","","","","","","","","","","","","","","0.000002068","","","","","","","2026-07-24T20:19:07.387Z","","","","","",""
"NO SNAKE ","F4L62BGNPRGjE4w9qNJgtfPoMCKNKn31SsX24xUppump","","","","","","","","","","","","","","","","","","","","","","","","","","","","","","","","","","","","","","","","","","","","","","","","9.266e-9","","","","","","2026-07-24T20:20:07.289Z",""
"ZEBRA BW","C2yYBwpkZgeit8H7vQRKxXbWB2d5hCeXfSU7eNk7pump","","","","","","","","","","","","","","","","","","","","","","","","","","","","","","","","","","","","","","","","","","","","","","","","6.142e-7","","","","","","2026-07-24T20:20:07.319Z",""
"Chimp out","C1Uuwe7TGYYn6bChAaaf4PUw59gt8haaV9Hgshbmpump","","","","","","","","","","","","","","","","","","","","","","","","","","","","","","","","","","","","","","","","","","","","","","","","3.315e-7","","","","","","2026-07-24T20:20:07.400Z",""
"FAHHH","8gvR4TYjG6X2FthbWnYrZ94HmZBRh2LV54dExjScpump","59","0.069135801","","","","","","","","","","","","","","","","","","","","","","","","","","","","","","","","","","","","","","","","0.000002122","","","","","","","2026-07-24T20:20:07.425Z","","","","","",""
"BULL","9r5Wjy1h6bHWLtHJqq2QE4AnTECMVsWSytcwyhYxpump","","","","","","","","","","","","","","","","","","","","","","","","","","","","","","","","","","","","","","","","","","","","","","","","1.629e-7","","","","","","2026-07-24T20:21:07.244Z",""
"ハル","7DSGpAhuQYSuwatnWd7L9kg6caF3AYk3E757yK8qpump","57","2","","","","","","","","","","","","","","","","","","","","","","","","","","","","","","","","","","","","","","","","0.000002645","","","","","","","2026-07-24T20:21:07.344Z","","","","","",""
"HOLYBULL","7B2uzdHk8L7qJMqxTZzRjebGKL8zLYbzeKqRDDo4pump","","","","","","","","","","","","","","","","","","","","","","","","","","","","","","","","","","","","","","","","","","","","","","","","1.108e-7","","","","","","2026-07-24T20:21:07.440Z",""
"Mayhem","6uAFEPqBiRhdudumH8wyk1qdDU4iGejQqg6AYoqYpump","","","","","","","","","","","","","","","","","","","","","","","","","","","","","","","","","","","","","","","","","","","","","","","","1.036e-7","","","","","","2026-07-24T20:22:07.250Z",""
"KIFFINDOR","GG7mrYehVGRCArfFxcwD6pPhE9L2Z2cXpGtyZMjPpump","","","","","","","","","","","","","","","","","","","","","","","","","","","","","","","","","","","","","","","","","","","","","","","","1.509e-7","","","","","","2026-07-24T20:22:07.325Z",""
"Gigadoge","4UvohHmFea5SHkirdaDYg6PpqM1otgL32dpDj5aNpump","55","1.791604937","","","","","","","","","","","","","","","","","","","","","","","","","","","","","","","","","","","","","","","","0.000002552","","","","","","","2026-07-24T20:22:07.350Z","","","","","",""
"jim","FZpr2DeP5quepXdN1ogPnEKucpGD1NxJLfEfV6mzpump","63","3","","","","","","","","","","","","","","","","","","","","","","","","","","","","","","","","","","","","","","","","0.000002067","","","","","","","2026-07-24T20:22:07.385Z","","","","","",""
"NoPa","3hyfRLEEemyvM8GzH9xd51RZxmGR1iH82hjDfFX5pump","63","4","","","","","","","","","","","","","","","","","","","","","","","","","","","","","","","","","","","","","","","","0.000002135","","","","","","","2026-07-24T20:23:07.277Z","","","","","",""
"JIMOTHY","68XqjimCB9SHuWV7PZA35SJkr4tG2P5DgPAgkSFfpump","62","5","","","","","","","","","","","","","","","","","","","","","","","","","","","","","","","","","","","","","","","","0.000002137","","","","","","","2026-07-24T20:23:07.299Z","","","","","",""
"PET","4FDmFQJtLUQxmxGPpn4SkL1L5fY5b3HxurGQBLFJpump","56","2.962962961","","","","","","","","","","","","","","","","","","","","","","","","","","","","","","","","","","","","","","","","0.000002135","","","","","","","2026-07-24T20:23:07.344Z","","","","","",""
"CHANGE","7RnFPMy2ty8ovvVrnD3AHwGGbMTx4RLyegytEBG8pump","","","","","","","","","","","","","","","","","","","","","","","","","","","","","","","","","","","","","","","","","","","","","","","","1.182e-7","","","","","","2026-07-24T20:23:07.385Z",""
"PumpNft","GPLMiui8gNAvAjFBWbMtZBhg3Pv77uCQEuR69ssVpump","57","1.97530864","","","","","","","","","","","","","","","","","","","","","","","","","","","","","","","","","","","","","","","","0.000002795","","","","","","","2026-07-24T20:24:07.298Z","","","","","",""
"Dewey","CvJL6uo2ewMKVEJnSd4ErRymTDZ6xP4H18U8Ccicpump","68","3","","","","","","","","","","","","","","","","","","","","","","","","","","","","","","","","","","","","","","","","0.000002233","","","","","","","2026-07-24T20:24:07.325Z","","","","","",""
"slavery","6bJ3jD6eFs5N4Bu8HzyhscGqZeZsgL9giFGYgEyipump","56","3","","","","","","","","","","","","","","","","","","","","","","","","","","","","","","","","","","","","","","","","0.000002067","","","","","","","2026-07-24T20:24:07.381Z","","","","","",""
"PETS","J1XCLtgNDCLjs1g1tmfzgFgQ7THyVwrmcBLAaprFpump","56","3","","","","","","","","","","","","","","","","","","","","","","","","","","","","","","","","","","","","","","","","0.000002244","","","","","","","2026-07-24T20:24:07.414Z","","","","","",""
"PET","8NweRTjKxNRaBammLdcrkDwLaqxkcPVW4uPSCToUEjga","","","","","","","","","","","","","","","","","","","","","","","","","","","","","","","","","","","","","","","","","","","","","","","","0.000002068","","","","","","2026-07-24T20:25:07.325Z",""
"감자","EkdSx51DYe9bEZt27zvHELBdQVSuqk4DNoqBz3a3pump","","","","","","","","","","","","","","","","","","","","","","","","","","","","","","","","","","","","","","","","","","","","","","","","4.55e-7","","","","","","2026-07-24T20:25:07.357Z",""
"JRY","F6LS1gbc5fT2rn6CRXUMttmb1xY8ugcx6T77YY54pump","","","","","","","","","","","","","","","","","","","","","","","","","","","","","","","","","","","","","","","","","","","","","","","","6.776e-7","","","","","","2026-07-24T20:25:07.389Z",""
"$REAL","7WE4etVP1vv4B49J9bdJSDKtpE3WaFFh84uKzaZapump","66","0.098765431","","","","","","","","","","","","","","","","","","","","","","","","","","","","","","","","","","","","","","","","0.000002117","","","","","","","2026-07-24T20:25:07.421Z","","","","","",""
"PizzaBTC","2PrmP7L5qQdNu4CijZ5YtF2FpQnj4H7eTLtES49Apump","","","","","","","","","","","","","","","","","","","","","","","","","","","","","","","","","","","","","","","","","","","","","","","","3.448e-7","","","","","","2026-07-24T20:26:07.241Z",""
"INDAHOUSE","2BAuCzo1tLfHcJLn9fLTsZnBBHqwHGNTuvB3RVgbpump","","","","","","","","","","","","","","","","","","","","","","","","","","","","","","","","","","","","","","","","","","","","","","","","1.01e-7","","","","","","2026-07-24T20:27:07.313Z",""
"Pill","ETL3EdLk7RUUgGNHLK6mdB9Y7bFxExTtgqh2ok9ypump","56","0.200000001","","","","","","","","","","","","","","","","","","","","","","","","","","","","","","","","","","","","","","","","0.00001451","","","","","","","2026-07-24T20:27:07.352Z","","","","","",""
"VIBE","BibiVLsmNMyKBxTeozDq2DXCowNjiRqR2vvGmdeqpump","60","2.4691358","","","","","","","","","","","","","","","","","","","","","","","","","","","","","","","","","","","","","","","","0.000002073","","","","","","","2026-07-24T20:27:07.390Z","","","","","",""
"Yennefer","G3Sb8b4Rc6jvXcQshAt9egkyM9crJRKvvE2Vfy1Rpump","56","1.876543208","","","","","","","","","","","","","","","","","","","","","","","","","","","","","","","","","","","","","","","","0.000002069","","","","","","","2026-07-24T20:27:07.462Z","","","","","",""
"LeRacist","23PxVrdytiTd8YKFneL8rS423FzXEZS8diV6NaQhpump","56","0.49375","","","","","","","","","","","","","","","","","","","","","","","","","","","","","","","","","","","","","","","","0.000002366","","","","","","","2026-07-24T20:28:07.269Z","","","","","",""
"3","EPoWoYdnxYVsFmjF9c6ER1WKjScPrhDSAsYeuCoUpump","86","3","","","","","","","","","","","","","","","","","","","","","","","","","","","","","","","","","","","","","","","","0.000002158","","","","","","","2026-07-24T20:28:07.338Z","","","","","",""
"Fireball","GkmmuQPPvLYZakCDL8XwZhVQFSYDfacSuRo2gCaqpump","65","3","","","","","","","","","","","","","","","","","","","","","","","","","","","","","","","","","","","","","","","","0.000002067","","","","","","","2026-07-24T20:28:07.393Z","","","","","",""
"RIP MOVVE","4B7jVGWHJhLft1rpsriqf7V2HSqjm8TftzEBtdAppump","63","2.962962961","","","","","","","","","","","","","","","","","","","","","","","","","","","","","","","","","","","","","","","","0.000002497","","","","","","","2026-07-24T20:28:07.424Z","","","","","",""
"PILL","FMFPaGu6ZwLAkErfd62NtzvBkK2imBDBtth1S7h6pump","55","0.200000001","","","","","","","","","","","","","","","","","","","","","","","","","","","","","","","","","","","","","","","","0.000001568","","","","","","","2026-07-24T20:29:07.247Z","","","","","",""
"KANT","3F4M3bpH1cS24yucdMM8wfkkkbk1p3GfbvVomDBFpump","55","1.684246912","","","","","","","","","","","","","","","","","","","","","","","","","","","","","","","","","","","","","","","","0.000002171","","","","","","","2026-07-24T20:29:07.303Z","","","","","",""
"GHODA","8uLhosLt9AUA9VUgBzFt5LCAX5tGxzb9MvVHDwBqpump","","","","","","","","","","","","","","","","","","","","","","","","","","","","","","","","","","","","","","","","","","","","","","","","6.289e-7","","","","","","2026-07-24T20:29:07.347Z",""
"3","4KPpK1NF2BrjnpvX3MzzCnLzGyD4VCxEeqyduucqpump","71","1","","","","","","","","","","","","","","","","","","","","","","","","","","","","","","","","","","","","","","","","0.000007427","","","","","","","2026-07-24T20:29:07.376Z","","","","","",""
"Capybara","5TzPmzVfyXdiaq2ft5wQHvt8As66SKMWMsG9NoJ1pump","55","1.758024689","","","","","","","","","","","","","","","","","","","","","","","","","","","","","","","","","","","","","","","","0.000002165","","","","","","","2026-07-24T20:30:07.277Z","","","","","",""
"LONGTRUMP","23PyWg2U9M2hAX2f4E5VdvzXsJKmT15p5rYXf3Txpump","","","","","","","","","","","","","","","","","","","","","","","","","","","","","","","","","","","","","","","","","","","","","","","","9.631e-7","","","","","","2026-07-24T20:30:07.352Z",""
"coin","3sK9K8QQUZBehARBdSZu7GFJwXxFSW5ay5ZYgQRfpump","","","","","","","","","","","","","","","","","","","","","","","","","","","","","","","","","","","","","","","","","","","","","","","","8.456e-7","","","","","","2026-07-24T20:30:07.393Z",""
"BLERP","2aPBzHXhow7oZTnViB7ADM6P4LLSTeVTBTjwC13vpump","","","","","","","","","","","","","","","","","","","","","","","","","","","","","","","","","","","","","","","","","","","","","","","","0.000001022","","","","","","2026-07-24T20:30:07.429Z",""
"Whitey","8oQmgUFDR8gJ2JcvjN8Rh2XqKkuVLcGnsRdqmXXDpump","","","","","","","","","","","","","","","","","","","","","","","","","","","","","","","","","","","","","","","","","","","","","","","","2.378e-7","","","","","","2026-07-24T20:31:07.210Z",""
"3","BhDrvDQ37SbPqnR23itthWF65i1eQVwkd5qpgoyipump","","","","","","","","","","","","","","","","","","","","","","","","","","","","","","","","","","","","","","","","","","","","","","","","7.571e-7","","","","","","2026-07-24T20:31:07.271Z",""
"Pets","Pd4xViNfmoG38Joy3V9yXLHut5qCxsFCnTiAE86pump","79","5","","","","","","","","","","","","","","","","","","","","","","","","","","","","","","","","","","","","","","","","0.000002066","","","","","","","2026-07-24T20:31:07.304Z","","","","","",""
"3","HhPPLU2GSHG7YwYKvj75tkHpwsVhNP55NEMhNcqfpump","","","","","","","","","","","","","","","","","","","","","","","","","","","","","","","","","","","","","","","","","","","","","","","","0.000001051","","","","","","2026-07-24T20:31:07.335Z",""
"Capybara","4FinpqB8frcszjQduuLs3agxT96DmQrsQxzmffA8pump","56","4.938271603","","","","","","","","","","","","","","","","","","","","","","","","","","","","","","","","","","","","","","","","0.000005477","","","","","","","2026-07-24T20:32:07.270Z","","","","","",""
"3","E43XJonL3aJELpuKdRECbQm6XPtomqYTT9Q36yrtpump","","","","","","","","","","","","","","","","","","","","","","","","","","","","","","","","","","","","","","","","","","","","","","","","7.338e-7","","","","","","2026-07-24T20:32:07.297Z",""
"チャド","A3xA4kcD39AbaGtruwUUCbsejsoB9dxEsMRzbriXpump","65","2.999999999","","","","","","","","","","","","","","","","","","","","","","","","","","","","","","","","","","","","","","","","0.000002075","","","","","","","2026-07-24T20:32:07.341Z","","","","","",""
"3","3hLNjkGQeaJjqdACwG7a4QHXUMFbAjngtKYhXRc1pump","","","","","","","","","","","","","","","","","","","","","","","","","","","","","","","","","","","","","","","","","","","","","","","","8.35e-7","","","","","","2026-07-24T20:32:07.386Z",""
"BORED","EXiYQhG6dKW6R6NcZ1tVkimUvuK733dGb6mr1ZLBpump","","","","","","","","","","","","","","","","","","","","","","","","","","","","","","","","","","","","","","","","","","","","","","","","1.399e-7","","","","","","2026-07-24T20:33:07.259Z",""
"Whitey","D9a2ovTAnZLgtkbpxZa6VDUDdqSoX6UGaaPiwgXSpump","70","2.452000001","","","","","","","","","","","","","","","","","","","","","","","","","","","","","","","","","","","","","","","","0.00000364","","","","","","","2026-07-24T20:33:07.286Z","","","","","",""
"up","uzprDL1ozSdA9mHPLguPwqwVkDFUZj5JnBE4szapump","","","","","","","","","","","","","","","","","","","","","","","","","","","","","","","","","","","","","","","","","","","","","","","","3.801e-7","","","","","","2026-07-24T20:33:07.320Z",""
"3","DQzue6y9USu18xafbBgGJJUJDdS9CPd17d5Zm2kEpump","","","","","","","","","","","","","","","","","","","","","","","","","","","","","","","","","","","","","","","","","","","","","","","","6.005e-7","","","","","","2026-07-24T20:33:07.352Z",""
"up","8jfpPJXA32BWZXCeZFuP6VExBdND48ZiygqXoQ7qpump","57","0.060000001","","","","","","","","","","","","","","","","","","","","","","","","","","","","","","","","","","","","","","","","0.00001355","","","","","","","2026-07-24T20:34:07.182Z","","","","","",""
"Whitey","3meNGgXKqrnLViPCEqDvfPZvLhpHH2pQT4uxSDqppump","","","","","","","","","","","","","","","","","","","","","","","","","","","","","","","","","","","","","","","","","","","","","","","","0.000001267","","","","","","2026-07-24T20:34:07.206Z",""
"3","724RWEviqJ9GBgtq6mjyCwyj5REYSBPPiVo8Tm9pump","70","2","","","","","","","","","","","","","","","","","","","","","","","","","","","","","","","","","","","","","","","","0.000001921","","","","","","","2026-07-24T20:34:07.263Z","","","","","",""
"3","8fvW2Aofto4mFe9F7YoBPwG1x8gChihPhMigopX3pump","70","2","","","","","","","","","","","","","","","","","","","","","","","","","","","","","","","","","","","","","","","","0.000006428","","","","","","","2026-07-24T20:34:07.308Z","","","","","",""
"WB","b9vv7dDkX1YFsqiiEHHrumrKTNRxKPHtNJHFLtDpump","66","1.000000001","","","","","","","","","","","","","","","","","","","","","","","","","","","","","","","","","","","","","","","","0.000001783","","","","","","","2026-07-24T20:35:07.238Z","","","","","",""
"ALICE","CTxbrfjxS67VZZYpo4EUABzEDkodaHAx5mJfy3rVpump","55","0.300000001","","","","","","","","","","","","","","","","","","","","","","","","","","","","","","","","","","","","","","","","0.000002813","","","","","","","2026-07-24T20:35:07.260Z","","","","","",""
"3","79dR5cjByZKyeLbjee7cJAVSdHLvm5CqPLJ36D3npump","61","1","","","","","","","","","","","","","","","","","","","","","","","","","","","","","","","","","","","","","","","","0.000001629","","","","","","","2026-07-24T20:35:07.310Z","","","","","",""
"HIGH","23d1johKgRe7LoU5VEvHU4jyWrFsA9sCpDRcCtLtpump","","","","","","","","","","","","","","","","","","","","","","","","","","","","","","","","","","","","","","","","","","","","","","","","1.234e-7","","","","","","2026-07-24T20:35:07.336Z",""
"Whitey","Cwd3HjDTh1SF4xSdqKbh81UkA1byR3Zxde92D4Qypump","75","2.237000001","","","","","","","","","","","","","","","","","","","","","","","","","","","","","","","","","","","","","","","","0.000001906","","","","","","","2026-07-24T20:36:07.337Z","","","","","",""
"Raun","Ax1rLN3vCzbT4GLbceZahd7HLdMdKrz4cPqYeNH5pump","61","2.7","","","","","","","","","","","","","","","","","","","","","","","","","","","","","","","","","","","","","","","","0.000002168","","","","","","","2026-07-24T20:36:07.368Z","","","","","",""
"Whitey","4RWEGxEsngAaCTXuSmKBXnVUE9X4W2KUiU2rTNmVpump","","","","","","","","","","","","","","","","","","","","","","","","","","","","","","","","","","","","","","","","","","","","","","","","0.000001182","","","","","","2026-07-24T20:36:07.405Z",""
"Whitey","GjSeAbLKHxwWEfeF5A7fnZq7fxiENYdP6uzB6N1Fpump","","","","","","","","","","","","","","","","","","","","","","","","","","","","","","","","","","","","","","","","","","","","","","","","2.442e-7","","","","","","2026-07-24T20:36:07.438Z",""
"Whitey","GwwLrqS9yvvFUPiZSYa9EcJMMJzRh5Qs1sFDnT5Bpump","75","2.551000001","","","","","","","","","","","","","","","","","","","","","","","","","","","","","","","","","","","","","","","","0.000002751","","","","","","","2026-07-24T20:37:07.240Z","","","","","",""
"Mochi","6UWVukWWWTqjaJbVn3SbGhi4Vc7pQjbuCkG9sygvpump","","","","","","","","","","","","","","","","","","","","","","","","","","","","","","","","","","","","","","","","","","","","","","","","0.00000111","","","","","","2026-07-24T20:37:07.281Z",""
"grain ","F7MUdsqayUqPZWgyN7tFYr1FkRxDhhHPAxALpqXMpump","","","","","","","","","","","","","","","","","","","","","","","","","","","","","","","","","","","","","","","","","","","","","","","","4.742e-8","","","","","","2026-07-24T20:37:07.310Z",""
"WB","3VpYkdhXUgp23qGboBftmKCU1FEFCz6giNsX3gtqpump","","","","","","","","","","","","","","","","","","","","","","","","","","","","","","","","","","","","","","","","","","","","","","","","0.00000111","","","","","","2026-07-24T20:37:07.333Z",""
"Whitey","93vku4hY4Qi4tHjQPd3e5HbtYxqwfcZUso7MRhxApump","76","2.884000001","","","","","","","","","","","","","","","","","","","","","","","","","","","","","","","","","","","","","","","","0.000001719","","","","","","","2026-07-24T20:38:07.209Z","","","","","",""
"3","BHpHQMUmykWTEinyrWNPQkTwCiKJ44AVZzXExfxCpump","","","","","","","","","","","","","","","","","","","","","","","","","","","","","","","","","","","","","","","","","","","","","","","","3.147e-7","","","","","","2026-07-24T20:38:07.300Z",""
"Mochi","45mrZPurFFhxz2u2vwo2h5ffJu8GMPLijYtSwiEQpump","","","","","","","","","","","","","","","","","","","","","","","","","","","","","","","","","","","","","","","","","","","","","","","","3.013e-7","","","","","","2026-07-24T20:38:07.365Z",""
"grain ","Eskz9rxcBAs1fqmpdtTgCUCnAptD1Dr125KQtnTypump","88","0.250000001","","","","","","","","","","","","","","","","","","","","","","","","","","","","","","","","","","","","","","","","0.000003216","","","","","","","2026-07-24T20:38:07.397Z","","","","","",""
"grain ","4D7YgLTEsFUupzyqFLakU93JqZCXC9TVzcdf5Wffpump","","","","","","","","","","","","","","","","","","","","","","","","","","","","","","","","","","","","","","","","","","","","","","","","5.285e-7","","","","","","2026-07-24T20:39:07.253Z",""
"Polar","Fz3fQtiboDLAzQPKg7Vcsyom6bwUvH1DEef1z4rzpump","64","2.999999999","","","","","","","","","","","","","","","","","","","","","","","","","","","","","","","","","","","","","","","","0.00000553","","","","","","","2026-07-24T20:39:07.318Z","","","","","",""
"timmy","qjBGCy5fog1SJw4G1LXz6QYSuLgJgbncTAks4oApump","","","","","","","","","","","","","","","","","","","","","","","","","","","","","","","","","","","","","","","","","","","","","","","","1.451e-7","","","","","","2026-07-24T20:39:07.367Z",""
"Fireball","SHFgXn787CceqK6544bzYy4cRKf8xX8bZFTb8iKpump","","","","","","","","","","","","","","","","","","","","","","","","","","","","","","","","","","","","","","","","","","","","","","","","1.759e-7","","","","","","2026-07-24T20:39:07.401Z",""
"Whitey","6GS2J1kxvgVLYkM5TfUiKc79XFVyyxL3BHNUuZpapump","","","","","","","","","","","","","","","","","","","","","","","","","","","","","","","","","","","","","","","","","","","","","","","","9.983e-7","","","","","","2026-07-24T20:40:07.203Z",""
"CCC","ELB6dAPgaPtSKjA1kizbfouDqqHXQnav23wMSXFwpump","","","","","","","","","","","","","","","","","","","","","","","","","","","","","","","","","","","","","","","","","","","","","","","","0.000002471","","","","","","2026-07-24T20:40:07.276Z",""
"timmy","5dUYqeLpfmUnpLVm1vQAAvcvHpYJx4gsYtBLyGk3pump","","","","","","","","","","","","","","","","","","","","","","","","","","","","","","","","","","","","","","","","","","","","","","","","1.85e-7","","","","","","2026-07-24T20:40:07.307Z",""
"Fireball","HsrqZSBrYMteivLkewWGURwp5QrqPj8WJgo7b45Rpump","","","","","","","","","","","","","","","","","","","","","","","","","","","","","","","","","","","","","","","","","","","","","","","","2.455e-7","","","","","","2026-07-24T20:40:07.340Z",""
"SHADOW","4fDcMLmhdvMwJzN59Qwa8qEt2oT3sPVeisJvouEapump","65","2.999999999","","","","","","","","","","","","","","","","","","","","","","","","","","","","","","","","","","","","","","","","0.000002156","","","","","","","2026-07-24T20:41:07.270Z","","","","","",""
"timmy","DBV67nHmUJVFtYadJHEPMcwLu3o7ReWjJqvEFC8Vpump","","","","","","","","","","","","","","","","","","","","","","","","","","","","","","","","","","","","","","","","","","","","","","","","0.00000111","","","","","","2026-07-24T20:41:07.295Z",""
"LOZ","37LzzKawzzVNaFqkjQgj1r8yf6yKJZodJcQqRnyxpump","","","","","","","","","","","","","","","","","","","","","","","","","","","","","","","","","","","","","","","","","","","","","","","","9.9e-7","","","","","","2026-07-24T20:41:07.345Z",""
"3","nQUsECikXQYpi92y5RzHteetWRMmVYVnk3FBu53pump","","","","","","","","","","","","","","","","","","","","","","","","","","","","","","","","","","","","","","","","","","","","","","","","6.817e-7","","","","","","2026-07-24T20:41:07.372Z",""
"timmy","NBkszGQ18h8WC1zujPWntUSeFszN9dTq13ZkjXMpump","","","","","","","","","","","","","","","","","","","","","","","","","","","","","","","","","","","","","","","","","","","","","","","","1.107e-7","","","","","","2026-07-24T20:42:07.267Z",""
"GAUDE","6hZq9U4dCtGuT3xTwJarq54PZcQoArVV1aBGKNFBpump","67","3.950617282","","","","","","","","","","","","","","","","","","","","","","","","","","","","","","","","","","","","","","","","0.000005684","","","","","","","2026-07-24T20:42:07.297Z","","","","","",""
"Adidas","AjVQF7Kj66mjf9tQaw6VU9ynybwWup7mS9ZCN7Scpump","","","","","","","","","","","","","","","","","","","","","","","","","","","","","","","","","","","","","","","","","","","","","","","","6.55e-7","","","","","","2026-07-24T20:42:07.342Z",""
"Fireball","Cd6yhjKYEXXNh5rFDcs3EqD7hoiaByi9vkA1pbhVpump","","","","","","","","","","","","","","","","","","","","","","","","","","","","","","","","","","","","","","","","","","","","","","","","1.872e-7","","","","","","2026-07-24T20:42:07.387Z",""
"Fireball","Gq4gMnRnaZBkvkSFVsbxuCkdmtwNGKvFKLaZaAUPpump","","","","","","","","","","","","","","","","","","","","","","","","","","","","","","","","","","","","","","","","","","","","","","","","6.59e-7","","","","","","2026-07-24T20:43:07.205Z",""
"BENT","BkQpeaVjo2vkcKjzCJXYcu82XruRwbmRRKAtx1Mepump","","","","","","","","","","","","","","","","","","","","","","","","","","","","","","","","","","","","","","","","","","","","","","","","2.315e-7","","","","","","2026-07-24T20:43:07.233Z",""
"GAUDE","9saVHmgroBkBWH7CGbaxombcE66pLoeec2bH5GfYpump","67","4.938271603","","","","","","","","","","","","","","","","","","","","","","","","","","","","","","","","","","","","","","","","0.000002063","","","","","","","2026-07-24T20:43:07.267Z","","","","","",""
"Solly","49kdBeFxdzTtocSsQjrgRX6Zcr8vCpZo6iXBa2YNpump","67","3.950617282","","","","","","","","","","","","","","","","","","","","","","","","","","","","","","","","","","","","","","","","0.000003611","","","","","","","2026-07-24T20:43:07.346Z","","","","","",""
"PUMPY","9Xjfy9ueSjamMrvHurghgX5R5DncMT6VJU3sTmC1pump","","","","","","","","","","","","","","","","","","","","","","","","","","","","","","","","","","","","","","","","","","","","","","","","0.000002246","","","","","","2026-07-24T20:44:07.241Z",""
"MOMMY","DXkbPFGLygoBwcZnE593j2TmsM2211vViXCMgG5Fpump","73","8.888888887","","","","","","","","","","","","","","","","","","","","","","","","","","","","","","","","","","","","","","","","0.000002319","","","","","","","2026-07-24T20:44:07.276Z","","","","","",""
"Solly","BpEjTDEfawNZfSoEQ4uGNxKDjJzJUEVqSvRCzuoLL1Sd","59","2.271604937","","","","","","","","","","","","","","","","","","","","","","","","","","","","","","","","","","","","","","","","0.00001531","","","","","","","2026-07-24T20:44:07.301Z","","","","","",""
"Tungtesto","HUrRFMgdJsGAUrthw2rTp3hMVePmmZQj85BmWvB4pump","","","","","","","","","","","","","","","","","","","","","","","","","","","","","","","","","","","","","","","","","","","","","","","","1.736e-7","","","","","","2026-07-24T20:44:07.338Z",""
"Fireball","J6rfVT1EuuESeoKPMHwysSeFHnaRRsS4yNegepWtpump","63","1","","","","","","","","","","","","","","","","","","","","","","","","","","","","","","","","","","","","","","","","0.000001753","","","","","","","2026-07-24T20:45:07.193Z","","","","","",""
"Drillbutt","AxXtDgUdDkDFinG4itbRJ5Dcf2Se72BuRKVW6ucTpump","58","3","","","","","","","","","","","","","","","","","","","","","","","","","","","","","","","","","","","","","","","","0.000002134","","","","","","","2026-07-24T20:45:07.274Z","","","","","",""
"Drillbutt","FF48zyPYu7YqDGcSFdAcCeCpG8nkJd6NrvTvYeCbpump","64","3","","","","","","","","","","","","","","","","","","","","","","","","","","","","","","","","","","","","","","","","0.000002142","","","","","","","2026-07-24T20:45:07.375Z","","","","","",""
"Fireball","CZozQQSdYxYnMQe3L4sLMBNPs8yPaMPhBwf8btdBpump","","","","","","","","","","","","","","","","","","","","","","","","","","","","","","","","","","","","","","","","","","","","","","","","2.136e-7","","","","","","2026-07-24T20:45:07.421Z",""
"Fireball","Hj3a2kKSz63SLP6irkACmB71RFhGFy6eoNoVYg3qpump","","","","","","","","","","","","","","","","","","","","","","","","","","","","","","","","","","","","","","","","","","","","","","","","5.139e-7","","","","","","2026-07-24T20:46:07.224Z",""
"MAYHEM","DCTLqZuoUzaMK1w2GGKphsS84ZosNDaYyU7qtBb9pump","61","1.000000001","","","","","","","","","","","","","","","","","","","","","","","","","","","","","","","","","","","","","","","","0.000005793","","","","","","","2026-07-24T20:46:07.261Z","","","","","",""
"MOCHA","Hh71PMej8pMeqG2TXHyc3yv8xDWVxoGcZzYRLkMupump","57","1.97530864","","","","","","","","","","","","","","","","","","","","","","","","","","","","","","","","","","","","","","","","0.000002063","","","","","","","2026-07-24T20:46:07.296Z","","","","","",""
"Whitey","A6gpJG9iN4ytwu6SBnVmXJXQfXoweQG1kg1ozsmRpump","","","","","","","","","","","","","","","","","","","","","","","","","","","","","","","","","","","","","","","","","","","","","","","","0.00000212","","","","","","2026-07-24T20:46:07.332Z",""
"Whitey","BYXsN3KKQ76rb8BTKwsr4C7rRFSZJh5At9tk5z7rpump","","","","","","","","","","","","","","","","","","","","","","","","","","","","","","","","","","","","","","","","","","","","","","","","0.000001658","","","","","","2026-07-24T20:47:07.191Z",""
"12OZ","DCSeey81ck9nUiByjHj2pHVbFwD5ApbRUXKftp5Fpump","","","","","","","","","","","","","","","","","","","","","","","","","","","","","","","","","","","","","","","","","","","","","","","","1.344e-7","","","","","","2026-07-24T20:47:07.241Z",""
"cokecat","MMRXTHv4yheZx9rqPfa73rSox2GwHWrPHNeW5N2pump","73","9.500000001","","","","","","","","","","","","","","","","","","","","","","","","","","","","","","","","","","","","","","","","0.000003969","","","","","","","2026-07-24T20:47:07.278Z","","","","","",""
"Whitey","ByQ5FXQC6EXn1SPYYTLb2Pdj4LyD5huCT1bqkvq1pump","","","","","","","","","","","","","","","","","","","","","","","","","","","","","","","","","","","","","","","","","","","","","","","","6.559e-7","","","","","","2026-07-24T20:47:07.317Z",""
"S&X","5wPMsRG5WQGTZRtmhuapGW9tpkW3sMoL2kmWSWWvpump","56","7","","","","","","","","","","","","","","","","","","","","","","","","","","","","","","","","","","","","","","","","0.000002063","","","","","","","2026-07-24T20:48:07.348Z","","","","","",""
"Whitey","BrYtghe8gkkS1Qjz67Uk4c8uiiqxbaEejE3LEjATpump","69","2.046","","","","","","","","","","","","","","","","","","","","","","","","","","","","","","","","","","","","","","","","0.000001956","","","","","","","2026-07-24T20:49:07.244Z","","","","","",""
"Whitey","AanLsiftBAMsWpF9joccZwm4JCc9qRu4Nhvtdryapump","","","","","","","","","","","","","","","","","","","","","","","","","","","","","","","","","","","","","","","","","","","","","","","","5.627e-7","","","","","","2026-07-24T20:49:07.303Z",""
"AGI","BKj6qps35c8VeVbFxpV9TSBwMAzuGbb5NGQHjyq6pump","","","","","","","","","","","","","","","","","","","","","","","","","","","","","","","","","","","","","","","","","","","","","","","","4.337e-7","","","","","","2026-07-24T20:50:07.242Z",""
"$SCROLL","9DVpmank54wcaRRAmDyVA92o45LkhtckMtcJz5uhpump","67","0.454320986","","","","","","","","","","","","","","","","","","","","","","","","","","","","","","","","","","","","","","","","0.00001782","","","","","","","2026-07-24T20:50:07.286Z","","","","","",""
"FAZE","6f7AWtGGfbbaTZEJS1tMsdFQDt5r2kmCjeRV1Sippump","56","7","","","","","","","","","","","","","","","","","","","","","","","","","","","","","","","","","","","","","","","","0.000002062","","","","","","","2026-07-24T20:50:07.317Z","","","","","",""
"SHT","Cja81caoxUuecdvt5ZgEapqSNG9oR93krgeppVaApump","","","","","","","","","","","","","","","","","","","","","","","","","","","","","","","","","","","","","","","","","","","","","","","","7.013e-7","","","","","","2026-07-24T20:50:07.372Z",""
"Faucat","2Cuw8dc6hkA2igxQjYTekzG2puSoMh3NYNuuojrGpump","63","3","","","","","","","","","","","","","","","","","","","","","","","","","","","","","","","","","","","","","","","","0.000006621","","","","","","","2026-07-24T20:51:07.200Z","","","","","",""
"AGI","6MVoSemGGyKCvd38YxsnGKisSYykTghWKsfmHunxpump","","","","","","","","","","","","","","","","","","","","","","","","","","","","","","","","","","","","","","","","","","","","","","","","1.894e-7","","","","","","2026-07-24T20:51:07.237Z",""
"HONEY","4oeGoEfxXBb6bcQJ4975pYSYJ4ksrTqxWcfwqAVcpump","59","2.999999999","","","","","","","","","","","","","","","","","","","","","","","","","","","","","","","","","","","","","","","","0.000002062","","","","","","","2026-07-24T20:51:07.294Z","","","","","",""
"PAW","3E8hXx6y2bRkXDd45r2NQQVUwocg4ozrNdrAipftpump","71","0.98765432","","","","","","","","","","","","","","","","","","","","","","","","","","","","","","","","","","","","","","","","0.00000278","","","","","","","2026-07-24T20:51:07.328Z","","","","","",""
"FaZe","BdtmZLzQfAbz33myYPEZcTdLm1xCb6JpvBZZAXtdpump","58","3","","","","","","","","","","","","","","","","","","","","","","","","","","","","","","","","","","","","","","","","0.000002165","","","","","","","2026-07-24T20:52:07.245Z","","","","","",""
"Hoots","3wGdvFWUXQ2pKjzfaQ6iGQCb6NLNbUEfHev3AVZSpump","57","2.064197529","","","","","","","","","","","","","","","","","","","","","","","","","","","","","","","","","","","","","","","","0.000005393","","","","","","","2026-07-24T20:52:07.267Z","","","","","",""
"AGI","HQ3dXNcUZXvTnSXQKnMKQ6ubs9SUs5dj5KoREMpQpump","","","","","","","","","","","","","","","","","","","","","","","","","","","","","","","","","","","","","","","","","","","","","","","","0.000001277","","","","","","2026-07-24T20:52:07.340Z",""
"timmy","CFfDPcyY8jbrxV5G3muwXc4XQN9zwVYiHZCkmZTopump","","","","","","","","","","","","","","","","","","","","","","","","","","","","","","","","","","","","","","","","","","","","","","","","4.066e-7","","","","","","2026-07-24T20:52:07.364Z",""
"FCAT","DtZj25LmWRDBznFRNUcA7e2SGauqFvbkLZtu9TE4pump","76","9.113001215","","","","","","","","","","","","","","","","","","","","","","","","","","","","","","","","","","","","","","","","0.000004164","","","","","","","2026-07-24T20:53:07.256Z","","","","","",""
"MU","2cN6o6JUKdUwpN18jyYDpetq7os11htM5bHkbcE7s6cj","57","9.876543208","","","","","","","","","","","","","","","","","","","","","","","","","","","","","","","","","","","","","","","","0.000002508","","","","","","","2026-07-24T20:53:07.283Z","","","","","",""
"MU","6RRYidjjj5Z7WjNRMbVwGyQrNUoV2EcL7wjq8eNjpump","64","5","","","","","","","","","","","","","","","","","","","","","","","","","","","","","","","","","","","","","","","","0.000002062","","","","","","","2026-07-24T20:53:07.348Z","","","","","",""
"MCU","FrHF4Cb542bdR1rN6MLPfucMfrwD8PDbSmwDaJWfpump","58","2.962962961","","","","","","","","","","","","","","","","","","","","","","","","","","","","","","","","","","","","","","","","0.000002694","","","","","","","2026-07-24T20:53:07.376Z","","","","","",""
"DOGSHIT","FbgPVPpTikyHrQcgEBdcUAaYDXTwuFCXvcVdvZzdpump","63","3","","","","","","","","","","","","","","","","","","","","","","","","","","","","","","","","","","","","","","","","0.00000214","","","","","","","2026-07-24T20:54:07.249Z","","","","","",""
"MU","CZBrrfcvYft8zAMbvXn6jy9Mz4qX71Py2C9Lz7Qepump","58","1","","","","","","","","","","","","","","","","","","","","","","","","","","","","","","","","","","","","","","","","0.000001939","","","","","","","2026-07-24T20:54:07.324Z","","","","","",""
"Swed","FNKnD1K7rt5U3EvchcDRhLKWpZWDQhxLvntShk6ipump","64","2.999999999","","","","","","","","","","","","","","","","","","","","","","","","","","","","","","","","","","","","","","","","0.000003145","","","","","","","2026-07-24T20:54:07.356Z","","","","","",""
"Gelato","FsNMAA5fm9kSzdVn8euUmrhj8bi1LEX3X1QPjy25pump","66","4.938271603","","","","","","","","","","","","","","","","","","","","","","","","","","","","","","","","","","","","","","","","0.000003403","","","","","","","2026-07-24T20:55:07.224Z","","","","","",""
"KIFFINDOR","GBuEgp7JKkchtZMgWSQT9ov8jSXMt82r33yNyLrppump","","","","","","","","","","","","","","","","","","","","","","","","","","","","","","","","","","","","","","","","","","","","","","","","9.287e-8","","","","","","2026-07-24T20:55:07.257Z",""
"MU","DS2wFZ1ZbEEtnNHrfeVr7nGtp2egwPYQFCzUcR22pump","58","1","","","","","","","","","","","","","","","","","","","","","","","","","","","","","","","","","","","","","","","","0.000003447","","","","","","","2026-07-24T20:55:07.342Z","","","","","",""
"GLDN","44CDbJc57WgY82am91HnnH8s9voD9NtozKhbnJWYpump","","","","","","","","","","","","","","","","","","","","","","","","","","","","","","","","","","","","","","","","","","","","","","","","0.000001219","","","","","","2026-07-24T20:55:07.369Z",""
"SCENTED","9LQ4UgLdBpXRsEVAW8JjFD6VQN6z28MxKzhcz8f8pump","","","","","","","","","","","","","","","","","","","","","","","","","","","","","","","","","","","","","","","","","","","","","","","","2.595e-7","","","","","","2026-07-24T20:56:07.187Z",""
"Zen","J8UVyosoEaWmEW2ogdiNFRYDVSXpHEwKpScya3qUpump","","","","","","","","","","","","","","","","","","","","","","","","","","","","","","","","","","","","","","","","","","","","","","","","1.884e-7","","","","","","2026-07-24T20:56:07.235Z",""
"CAIVOR","8XZtMkyiKDkE8q3VEvA2gdoMLRXtgYGaPLTKyiSrpump","91","46.488888887","","","","","","","","","","","","","","","","","","","","","","","","","","","","","","","","","","","","","","","","0.00001613","","","","","","","2026-07-24T20:56:07.270Z","","","","","",""
"DELTAFORCE","Bx8NktbZt2XaRwYKCNYHiRMeP9xdC8TnL8H6aosypump","59","4.5","","","","","","","","","","","","","","","","","","","","","","","","","","","","","","","","","","","","","","","","0.000002085","","","","","","","2026-07-24T20:56:07.372Z","","","","","",""
"timmy","4N89tEapSpQjb5rLKvuGwSnP4J4XGZd2Z7ftk9rNpump","","","","","","","","","","","","","","","","","","","","","","","","","","","","","","","","","","","","","","","","","","","","","","","","4.815e-8","","","","","","2026-07-24T20:57:07.312Z",""
"MU","DVmAFx53qvrT8XBLZidW5s6Eu7QsNF9jxnvsdDdLpump","56","3","","","","","","","","","","","","","","","","","","","","","","","","","","","","","","","","","","","","","","","","0.000002166","","","","","","","2026-07-24T20:57:07.356Z","","","","","",""
"LFGOOOOOO","4yg5ZUqjwjwjSLHfupojPqXjDQJMAjjyH2ehbHV3pump","","","","","","","","","","","","","","","","","","","","","","","","","","","","","","","","","","","","","","","","","","","","","","","","3.187e-7","","","","","","2026-07-24T20:57:07.397Z",""
"MU","AoJM1vz24ZsBnGWcEk6yFH7sNLexRZ1TLU5e7DXbs43P","66","0.079012344","","","","","","","","","","","","","","","","","","","","","","","","","","","","","","","","","","","","","","","","0.00002513","","","","","","","2026-07-24T20:57:07.438Z","","","","","",""
"📈","BF8iuSKw7zKZZ4mPtEC3pYVYq8seZ4cQnFGh7pXtpump","","","","","","","","","","","","","","","","","","","","","","","","","","","","","","","","","","","","","","","","","","","","","","","","1.729e-7","","","","","","2026-07-24T20:58:07.222Z",""
"PandaAI","GtPKfDVbgk6Q5fuSna1u2qRFqQvbsNEu5cMq83G3pump","65","0.060000001","","","","","","","","","","","","","","","","","","","","","","","","","","","","","","","","","","","","","","","","0.000003261","","","","","","","2026-07-24T20:58:07.253Z","","","","","",""
"WB","Ccf3vrXoj5smsBEmuDSE4KmgUiAt8QxKk6uTUULwpump","64","1.000000001","","","","","","","","","","","","","","","","","","","","","","","","","","","","","","","","","","","","","","","","0.000002081","","","","","","","2026-07-24T20:58:07.370Z","","","","","",""
"JOE","FJYLQ5gVFBbBT7qvriN3LwtxZ3UtCxSxqgKueymApump","63","3","","","","","","","","","","","","","","","","","","","","","","","","","","","","","","","","","","","","","","","","0.000002148","","","","","","","2026-07-24T20:58:07.400Z","","","","","",""
"Analos","2gzTCvpAf8kRoAuLVUWKFjGUnHo6Mc9zJ6ga38fgpump","57","1.960967899","","","","","","","","","","","","","","","","","","","","","","","","","","","","","","","","","","","","","","","","0.000002064","","","","","","","2026-07-24T20:59:07.227Z","","","","","",""
"BTLE","CexyTfaieJd8xZmRfmw3pDBbCZdChsMmrexR7kpSpump","","","","","","","","","","","","","","","","","","","","","","","","","","","","","","","","","","","","","","","","","","","","","","","","3.413e-7","","","","","","2026-07-24T20:59:07.257Z",""
"NMS","23Q5uNEESpBxosdL6FU5u91BmmfJ7oscRTVKVwtNpump","","","","","","","","","","","","","","","","","","","","","","","","","","","","","","","","","","","","","","","","","","","","","","","","6.737e-8","","","","","","2026-07-24T20:59:07.344Z",""
"WB","5eGFcovZKLoKSuRCsLqN8RHtXMaF2LUXpmV12Ajwpump","64","1.000000001","","","","","","","","","","","","","","","","","","","","","","","","","","","","","","","","","","","","","","","","0.000002714","","","","","","","2026-07-24T20:59:07.373Z","","","","","",""
"shitcoin","cojYqwHVyTZNoaL8hcCYUi7odJMuG8c4BPd7MSvpump","57","1.97530864","","","","","","","","","","","","","","","","","","","","","","","","","","","","","","","","","","","","","","","","0.000002067","","","","","","","2026-07-24T21:00:07.388Z","","","","","",""
"FORMER","2fWwVzgLuNVsvgicHuh1okLBSUUWwoUEak6iNCGopump","71","6.913580245","","","","","","","","","","","","","","","","","","","","","","","","","","","","","","","","","","","","","","","","0.000009667","","","","","","","2026-07-24T21:00:07.420Z","","","","","",""
"timmy","8qxgzBisvtQbis9LTruw68z1uX2fxJW6tmXUcg7Hpump","","","","","","","","","","","","","","","","","","","","","","","","","","","","","","","","","","","","","","","","","","","","","","","","1.347e-7","","","","","","2026-07-24T21:00:07.467Z",""
"Freddy","BptGseYDdfGgzpyC7d3ggQBG9B4iVicEZZ89Cx9Apump","67","6.7","","","","","","","","","","","","","","","","","","","","","","","","","","","","","","","","","","","","","","","","0.000004629","","","","","","","2026-07-24T21:01:07.242Z","","","","","",""
"MU","o8xEwuWgC6tMv5jm8DpcMXFPLVgbiTLK3X9bkqupump","58","1","","","","","","","","","","","","","","","","","","","","","","","","","","","","","","","","","","","","","","","","0.000002548","","","","","","","2026-07-24T21:01:07.297Z","","","","","",""
"Noobini","5mmwuF9wZcZj7unB1KdXQoK3nbvQC9Unngjhpipdpump","56","1.855061726","","","","","","","","","","","","","","","","","","","","","","","","","","","","","","","","","","","","","","","","0.000002908","","","","","","","2026-07-24T21:01:07.319Z","","","","","",""
"TEST","CDDu3EnBP4Y27d2x6LcKBL2BPssLq8ErdcSZc7p7pump","57","1.97530864","","","","","","","","","","","","","","","","","","","","","","","","","","","","","","","","","","","","","","","","0.000002122","","","","","","","2026-07-24T21:02:07.254Z","","","","","",""
"Codey","D6tM8Ez6eyW8DX1KhyP7m4QnS1e99xFB1rZttqsEpump","71","5","","","","","","","","","","","","","","","","","","","","","","","","","","","","","","","","","","","","","","","","0.000005972","","","","","","","2026-07-24T21:02:07.315Z","","","","","",""
"VOLT","YdPXEiRf8TLhAXL5UugjRt9JukgVXpjps1DmsHjpump","","","","","","","","","","","","","","","","","","","","","","","","","","","","","","","","","","","","","","","","","","","","","","","","3.172e-8","","","","","","2026-07-24T21:02:07.355Z",""
"NMS","23Q7SixGX93Eun3rgkyu7u2mCdkDNYc9YEtEuTWwpump","59","0.09875","","","","","","","","","","","","","","","","","","","","","","","","","","","","","","","","","","","","","","","","0.000001396","","","","","","","2026-07-24T21:03:07.287Z","","","","","",""
"USOS","EuqbCmKuiDbGFXEojPFsXW5ctPTTCb6CZjVLwaYW12E2","66","0.079012344","","","","","","","","","","","","","","","","","","","","","","","","","","","","","","","","","","","","","","","","0.000001679","","","","","","","2026-07-24T21:03:07.339Z","","","","","",""
"KIMI A.I","GgZH4CmH8NATXKUwuHnDMaSZhNq5faZkgL6JNt9spump","","","","","","","","","","","","","","","","","","","","","","","","","","","","","","","","","","","","","","","","","","","","","","","","5.534e-8","","","","","","2026-07-24T21:03:07.370Z",""
"IRYNA","3S6PgaHyaHxTvsMKjd1XxRWcpTk5FU5wmDcHai29pump","63","3","","","","","","","","","","","","","","","","","","","","","","","","","","","","","","","","","","","","","","","","0.000002063","","","","","","","2026-07-24T21:04:07.239Z","","","","","",""
"GELATO","9D4xZxtXJoz4nkAXPH4e37d4svxLzkTCGmDRJ9rupump","64","4.938271603","","","","","","","","","","","","","","","","","","","","","","","","","","","","","","","","","","","","","","","","0.000003614","","","","","","","2026-07-24T21:04:07.273Z","","","","","",""
"DICK","EM6oPuM6XZQzfChbZY7MRZDtKAghmLHhiZYbhG7wpump","57","1.97530864","","","","","","","","","","","","","","","","","","","","","","","","","","","","","","","","","","","","","","","","0.000002199","","","","","","","2026-07-24T21:04:07.354Z","","","","","",""
"NMS","23Q7kFDnWYHbQjCC4qkLMBDxRJUjPnuevT1ATLnWpump","57","0.09875","","","","","","","","","","","","","","","","","","","","","","","","","","","","","","","","","","","","","","","","0.000002884","","","","","","","2026-07-24T21:04:07.382Z","","","","","",""
"HOODRAT","BcNhUcS8puu8mGbbD4Ka35Yu6Y7KsiKwxQv7XTLPiray","89","23.808","","","","","","","","","","","","","","","","","","","","","","","","","","","","","","","","","","","","","","","","0.000014","","","","","","","2026-07-24T21:05:07.273Z","","","","","",""
"timmy","FEocjE6aEZtmertS5JCQuS6jqet8FbYp3wWfMWqjpump","","","","","","","","","","","","","","","","","","","","","","","","","","","","","","","","","","","","","","","","","","","","","","","","7.225e-8","","","","","","2026-07-24T21:05:07.295Z",""
"SOLNOTE","99rnB4onV33KZwBffs7YkKpN1RsVSyrDKsqfwLVApump","63","2.962962961","","","","","","","","","","","","","","","","","","","","","","","","","","","","","","","","","","","","","","","","0.000003114","","","","","","","2026-07-24T21:05:07.349Z","","","","","",""
"AEGIS","HwExQ3BDSy7spHMiYymWye37kRowNTtZyhwJVRNEpump","57","1.97530864","","","","","","","","","","","","","","","","","","","","","","","","","","","","","","","","","","","","","","","","0.000002094","","","","","","","2026-07-24T21:05:07.388Z","","","","","",""
"MU","6yE3zTVAexT5k7CaU7xHgthJ6P7TjC6bN2UhJ7cmpump","57","1","","","","","","","","","","","","","","","","","","","","","","","","","","","","","","","","","","","","","","","","0.000002876","","","","","","","2026-07-24T21:06:07.289Z","","","","","",""
"extraction","BooHQejuxRNHu3pScYDNWPCha7SXpNj5cffZE7QZpump","","","","","","","","","","","","","","","","","","","","","","","","","","","","","","","","","","","","","","","","","","","","","","","","0.000003249","","","","","","2026-07-24T21:06:07.319Z",""
"timmy","tuzvjJkqi4gDYeMmGGQmPhTJuh7Fpr6yyFRr2zwpump","","","","","","","","","","","","","","","","","","","","","","","","","","","","","","","","","","","","","","","","","","","","","","","","1.748e-7","","","","","","2026-07-24T21:06:07.369Z",""
"Hmph","GVQ7yDZtEmpmCNdbK4BwkbUEDFQ7zSJHSNdvMAwwpump","65","3.400000001","","","","","","","","","","","","","","","","","","","","","","","","","","","","","","","","","","","","","","","","0.000002071","","","","","","","2026-07-24T21:07:07.201Z","","","","","",""
"timmy","4viA8RJz5DacMtGCvmvJ93Q1982CJFDq6H1wVkK7pump","","","","","","","","","","","","","","","","","","","","","","","","","","","","","","","","","","","","","","","","","","","","","","","","2.77e-8","","","","","","2026-07-24T21:07:07.276Z",""
"JELLY","P9ubkHj223fhjSyNFYEMQewq8ybQUTyib8BhA4Ypump","57","1.97530864","","","","","","","","","","","","","","","","","","","","","","","","","","","","","","","","","","","","","","","","0.000002093","","","","","","","2026-07-24T21:07:07.322Z","","","","","",""
"ICE","6JvqnjWVBbqRVGUv7ChWYyYPQByPDaiEzsHX9kmApump","56","6.3","","","","","","","","","","","","","","","","","","","","","","","","","","","","","","","","","","","","","","","","0.000002093","","","","","","","2026-07-24T21:08:07.192Z","","","","","",""
"extraction","HgkgK6HDVyk7BF9GjNk7FwPCZzJtF9MGFvgrygrBpump","","","","","","","","","","","","","","","","","","","","","","","","","","","","","","","","","","","","","","","","","","","","","","","","5.719e-7","","","","","","2026-07-24T21:08:07.223Z",""
"extraction","C6YGGSBMW8FBrRJCGTzkbbCNS7GcwiVXaK5Ze8Typump","","","","","","","","","","","","","","","","","","","","","","","","","","","","","","","","","","","","","","","","","","","","","","","","0.000001404","","","","","","2026-07-24T21:08:07.274Z",""
"extraction","AYbwL4Qjtq7RmfV4g9jPjQvpWvfBPDxgmSamJpxopump","90","20","","","","","","","","","","","","","","","","","","","","","","","","","","","","","","","","","","","","","","","","0.000004595","","","","","","","2026-07-24T21:09:07.207Z","","","","","",""
"USDP","3Zj7peV6k1gvMysi2AZmqmSZgMSpMijkW7HVRaKHpump","57","1.97530864","","","","","","","","","","","","","","","","","","","","","","","","","","","","","","","","","","","","","","","","0.000002315","","","","","","","2026-07-24T21:09:07.289Z","","","","","",""
"MCU","6ccrqZc1kGM8v4vnSKZ54X1PveeaCxtAYCr68sibpump","63","2.962962961","","","","","","","","","","","","","","","","","","","","","","","","","","","","","","","","","","","","","","","","0.000002093","","","","","","","2026-07-24T21:10:07.182Z","","","","","",""
"NMS","23Q8VdPPuMr1poY9PZMSzPJULJ2CVma4NyUqfr8Vpump","56","0.09875","","","","","","","","","","","","","","","","","","","","","","","","","","","","","","","","","","","","","","","","0.000002471","","","","","","","2026-07-24T21:10:07.207Z","","","","","",""
"BMW ","E758SUZPo4Pwb1RqTBUYDyo2E7HFDgHAyxfk4Mu1pump","","","","","","","","","","","","","","","","","","","","","","","","","","","","","","","","","","","","","","","","","","","","","","","","5.879e-7","","","","","","2026-07-24T21:10:07.270Z",""
"BROKE","ApFKZ21ZviimqxZifY2ZoYPQkFxG5fjF4dKGuDbEpump","57","1.97530864","","","","","","","","","","","","","","","","","","","","","","","","","","","","","","","","","","","","","","","","0.00000206","","","","","","","2026-07-24T21:10:07.297Z","","","","","",""
"LOPD","EgehTH38if1B9PCRQXq2KVXsjsuPHinqvVeXEmA9pump","","","","","","","","","","","","","","","","","","","","","","","","","","","","","","","","","","","","","","","","","","","","","","","","8.063e-7","","","","","","2026-07-24T21:11:07.261Z",""
"extraction","8ztPk3wM4Jo9EazFDhW2GzCQTx1NkLjC1wL1utPxpump","90","20","","","","","","","","","","","","","","","","","","","","","","","","","","","","","","","","","","","","","","","","0.000003745","","","","","","","2026-07-24T21:11:07.299Z","","","","","",""
"GNauts","Gzh7ScjhKMNXG2ZV6tESZv8RVG84mzs455tvXSBppump","","","","","","","","","","","","","","","","","","","","","","","","","","","","","","","","","","","","","","","","","","","","","","","","2.175e-7","","","","","","2026-07-24T21:11:07.324Z",""
"MCU","CHt3J3LHChwbLybfU8ZFGKRLJNQNKR8ZZX196m52pump","58","2.962962961","","","","","","","","","","","","","","","","","","","","","","","","","","","","","","","","","","","","","","","","0.000002596","","","","","","","2026-07-24T21:12:07.274Z","","","","","",""
"HS","G2q3CxWmvxyoRsJ47stiyZWnRpYRPCGDbxSkaQ2vpump","57","1.97530864","","","","","","","","","","","","","","","","","","","","","","","","","","","","","","","","","","","","","","","","0.000002081","","","","","","","2026-07-24T21:13:07.837Z","","","","","",""
"jalnad","B51Bdd2rxTLsBwjUJAGju6hQ54zPmjV9ojfbzeC4pump","","","","","","","","","","","","","","","","","","","","","","","","","","","","","","","","","","","","","","","","","","","","","","","","5.819e-7","","","","","","2026-07-24T21:13:07.868Z",""
"jalnad","5YTF2kKZUQoZRtPAeSHXR1DwhCQrBHzCgXFAjhWxpump","","","","","","","","","","","","","","","","","","","","","","","","","","","","","","","","","","","","","","","","","","","","","","","","3.272e-7","","","","","","2026-07-24T21:13:07.904Z",""
"Kitten","Ee2GySUfsXqP6J5bRyVnu62noQfkJgQF4tCv99rhpump","63","3","","","","","","","","","","","","","","","","","","","","","","","","","","","","","","","","","","","","","","","","0.000002472","","","","","","","2026-07-24T21:13:07.941Z","","","","","",""
"Jimmy","3qpzqL6F9MBAYqzTqrt2Wuhg3VvZeWhRLzPUHHfcpump","73","5","","","","","","","","","","","","","","","","","","","","","","","","","","","","","","","","","","","","","","","","0.000002123","","","","","","","2026-07-24T21:15:07.359Z","","","","","",""
"TRENCH","HpjDShbCP8QeQ5gEKKHQNBqyiyEsCEPRRuRBw9Lmpump","57","0.100015626","","","","","","","","","","","","","","","","","","","","","","","","","","","","","","","","","","","","","","","","0.000002323","","","","","","","2026-07-24T21:15:07.391Z","","","","","",""
"HEPPY","G9ryZQ1E1DsXj5eLAc1TRBPWu3HQWrkWFeyuPmdLpump","65","0.600000001","","","","","","","","","","","","","","","","","","","","","","","","","","","","","","","","","","","","","","","","0.000001595","","","","","","","2026-07-24T21:16:07.203Z","","","","","",""
"Iryna","FtLV8yPn8x2HRZjqbSz11H7uHsHs9Gj3WkGdgcGMpump","93","4.000000001","","","","","","","","","","","","","","","","","","","","","","","","","","","","","","","","","","","","","","","","0.000002057","","","","","","","2026-07-24T21:16:07.282Z","","","","","",""
"$DS","HzQCfDi35BEJLsmtqqJSHvmjYBrFv1rchgywatqYpump","58","0.098765431","","","","","","","","","","","","","","","","","","","","","","","","","","","","","","","","","","","","","","","","0.000002287","","","","","","","2026-07-24T21:16:07.311Z","","","","","",""
"BANJO","FRSiK4F8srPPhf4F4EZXouPtwQa1XJ4U5oUqY6y5pump","","","","","","","","","","","","","","","","","","","","","","","","","","","","","","","","","","","","","","","","","","","","","","","","0.000002057","","","","","","2026-07-24T21:16:07.360Z",""
"Bandicoots","6MTZCpDMwzdkWR1aQeZRAxUL62W1E1wAyqvyrNgzpump","60","5","","","","","","","","","","","","","","","","","","","","","","","","","","","","","","","","","","","","","","","","0.000002156","","","","","","","2026-07-24T21:17:07.677Z","","","","","",""
"HEPPY","GYJ3mJUyPjbYeQ3Qh3Rsmg129vXDDhsKt51vYjBzpump","62","0.450000001","","","","","","","","","","","","","","","","","","","","","","","","","","","","","","","","","","","","","","","","0.000004653","","","","","","","2026-07-24T21:17:07.787Z","","","","","",""
"opensource3","4i8WWLTFBjP6gWgA4imV2cwLtAwQJo4pGGA5SGXepump","","","","","","","","","","","","","","","","","","","","","","","","","","","","","","","","","","","","","","","","","","","","","","","","2.293e-7","","","","","","2026-07-24T21:17:07.819Z",""
"USOH","98MU6JQqMMKjN78HVSXh9BPVV9qiaFihhXn4jDFw9Cmx","","","","","","","","","","","","","","","","","","","","","","","","","","","","","","","","","","","","","","","","","","","","","","","","1.104e-7","","","","","","2026-07-24T21:17:07.863Z",""
"Ibai","Eg6eJHcRtBARm7Yh4eM9qTi5wqWSsTXAcmfMond9pump","","","","","","","","","","","","","","","","","","","","","","","","","","","","","","","","","","","","","","","","","","","","","","","","1.36e-7","","","","","","2026-07-24T21:18:07.166Z",""
"Birb","5mPbz5MdqhQhiyGHHadU2ySdrTh7DJN5RrXdnS1fpump","63","2.962962961","","","","","","","","","","","","","","","","","","","","","","","","","","","","","","","","","","","","","","","","0.000003085","","","","","","","2026-07-24T21:18:07.192Z","","","","","",""
"BEPE","EG6kqb4ZeErocdUzWmUkRNFALDrpRi8EmHHZ9s9Fpump","56","1.886419751","","","","","","","","","","","","","","","","","","","","","","","","","","","","","","","","","","","","","","","","0.000002067","","","","","","","2026-07-24T21:18:07.228Z","","","","","",""
"SCAM","BTzSu1yYYNLHkAMaBzjbeD8zZUd7THHXSWGZMeTaSCAM","70","4.938271603","","","","","","","","","","","","","","","","","","","","","","","","","","","","","","","","","","","","","","","","0.00000418","","","","","","","2026-07-24T21:18:07.307Z","","","","","",""
"Orangie","BnetwWcy8NrTaz4nvVZfG9qTsYSV4B1p7mrKvyNQpump","57","1.97530864","","","","","","","","","","","","","","","","","","","","","","","","","","","","","","","","","","","","","","","","0.000002126","","","","","","","2026-07-24T21:19:07.268Z","","","","","",""
"$DS$","4qSRurYbdPx9DQzmc4ugcghaxXoGSwqWXScjbzytpump","","","","","","","","","","","","","","","","","","","","","","","","","","","","","","","","","","","","","","","","","","","","","","","","1.63e-7","","","","","","2026-07-24T21:19:07.300Z",""
"GFISH","9K4ygd75pyBbKGfEnDudUkmLtzXVjQZef5LdTfp2pump","57","1.97530864","","","","","","","","","","","","","","","","","","","","","","","","","","","","","","","","","","","","","","","","0.000002338","","","","","","","2026-07-24T21:19:07.330Z","","","","","",""
"DEX","B4rPiHQUkkj1DkzEwH3E2aLB2HTcb38CQP1eNVTApump","83","20","","","","","","","","","","","","","","","","","","","","","","","","","","","","","","","","","","","","","","","","0.00000455","","","","","","","2026-07-24T21:19:07.357Z","","","","","",""
"HEPPY","8EdaTCbgZb4RKQqa4vfwi92ut95Bj18eexrpkHnnpump","","","","","","","","","","","","","","","","","","","","","","","","","","","","","","","","","","","","","","","","","","","","","","","","3.507e-7","","","","","","2026-07-24T21:20:07.214Z",""
"BMW ","4d6KrWuEUnDk4fX8BEri4Xu8DeD9nYdEitpMLqhTpump","62","0.100000001","","","","","","","","","","","","","","","","","","","","","","","","","","","","","","","","","","","","","","","","0.00002534","","","","","","","2026-07-24T21:20:07.329Z","","","","","",""
"cAttaas","HYVAttREw52qjnbQ6ydRXiyaN81MmpWY7e6PykeMpump","","","","","","","","","","","","","","","","","","","","","","","","","","","","","","","","","","","","","","","","","","","","","","","","3.2e-7","","","","","","2026-07-24T21:20:07.397Z",""
"ILYASSSS","6uGfB3nVDeGXptWohWdbbmdd5a8JBm18ucZyeVLZpump","","","","","","","","","","","","","","","","","","","","","","","","","","","","","","","","","","","","","","","","","","","","","","","","1.919e-7","","","","","","2026-07-24T21:20:07.510Z",""
"TAF","79CJDDnLEjximFTB9pdizkHcbNQjFuwroZaV2K5tpump","57","1.97530864","","","","","","","","","","","","","","","","","","","","","","","","","","","","","","","","","","","","","","","","0.000002054","","","","","","","2026-07-24T21:21:07.198Z","","","","","",""
"USOS","t1oaYpR3MAA7u1WEQSg7Dcf4GJpGyQbAhcWvr3upump","60","2.475247523","","","","","","","","","","","","","","","","","","","","","","","","","","","","","","","","","","","","","","","","0.000007229","","","","","","","2026-07-24T21:21:07.232Z","","","","","",""
"buuuuuuull","HQcU3LCSqt8AmLCGxbMQYSk5MmNvcDMFV2mrU9PPpump","65","3.35802469","","","","","","","","","","","","","","","","","","","","","","","","","","","","","","","","","","","","","","","","0.000002279","","","","","","","2026-07-24T21:21:07.283Z","","","","","",""
"PIXUIN","5K1kRTbXpX1jnGfeLAXkQVVT4sB1sU6ZPK17WHgApump","57","1.97530864","","","","","","","","","","","","","","","","","","","","","","","","","","","","","","","","","","","","","","","","0.000002088","","","","","","","2026-07-24T21:21:07.320Z","","","","","",""
"$BATHCAT","F2L32fZQVUfJG3Y5E7E98juE4RimT68v39NLTny3pump","","","","","","","","","","","","","","","","","","","","","","","","","","","","","","","","","","","","","","","","","","","","","","","","1.345e-7","","","","","","2026-07-24T21:22:07.213Z",""
"EYE CAT","ES9NrCq5qGfxDLbneV9og6G9eEhzgmt4Nt3NpW4kpump","","","","","","","","","","","","","","","","","","","","","","","","","","","","","","","","","","","","","","","","","","","","","","","","4.069e-7","","","","","","2026-07-24T21:22:07.274Z",""
"Codey","94ZP1ykk8CQEh1mgqfE5PwyhT6svE7a8JM4d1qtPpump","62","5","","","","","","","","","","","","","","","","","","","","","","","","","","","","","","","","","","","","","","","","0.000007485","","","","","","","2026-07-24T21:22:07.309Z","","","","","",""
"PILLY","GyfBuC3cMpqWGL5WmN6W6hbjngLauvasRivwH49jpump","79","5","","","","","","","","","","","","","","","","","","","","","","","","","","","","","","","","","","","","","","","","0.000002698","","","","","","","2026-07-24T21:22:07.344Z","","","","","",""
"choco ","55UGjHs89CMAwHJz1NaKGsbZnHiexEwD1ftPUrwapump","71","0.400000001","","","","","","","","","","","","","","","","","","","","","","","","","","","","","","","","","","","","","","","","0.000002156","","","","","","","2026-07-24T21:23:07.260Z","","","","","",""
"Tungtesto","GpVFTPXst3qzS3CDgKauKWPcUKhKtD8PSTHnMLWapump","92","1.500000001","","","","","","","","","","","","","","","","","","","","","","","","","","","","","","","","","","","","","","","","0.000004318","","","","","","","2026-07-24T21:23:07.285Z","","","","","",""
"BAGWORK","ALChJeP2uaiyH6jrFaznSUdMMps8nqQ7pMJVaSW3pump","63","2.962962961","","","","","","","","","","","","","","","","","","","","","","","","","","","","","","","","","","","","","","","","0.000002055","","","","","","","2026-07-24T21:23:07.360Z","","","","","",""
"buuuuuuull","GU5iwU6F8efvs81vwTpitrroVowZTd36dhpM4FDzpump","65","3.35802469","","","","","","","","","","","","","","","","","","","","","","","","","","","","","","","","","","","","","","","","0.000002412","","","","","","","2026-07-24T21:23:07.380Z","","","","","",""
"DEX","DJaieJaWLxYAkTAj4FwiAnkmUMNuprYcyu6oMZZXpump","57","2","","","","","","","","","","","","","","","","","","","","","","","","","","","","","","","","","","","","","","","","0.000002158","","","","","","","2026-07-24T21:24:07.165Z","","","","","",""
"EYE CAT","FMvYw4FX4xh2CtsQArJ5aUHpHuhgJHfUWWitdhW7pump","","","","","","","","","","","","","","","","","","","","","","","","","","","","","","","","","","","","","","","","","","","","","","","","1.136e-7","","","","","","2026-07-24T21:24:07.198Z",""
"buuuuuuull","3rqQR5jUCyLG2zm1oXyVPZWGodyVTrw7F5e4Q4Y7pump","65","3.35802469","","","","","","","","","","","","","","","","","","","","","","","","","","","","","","","","","","","","","","","","0.000002117","","","","","","","2026-07-24T21:24:07.233Z","","","","","",""
"choco ","7wKHrJZ3dRpMgCYwJcxRnsMzXKrPtu3MyNnJezRDpump","69","0.400000001","","","","","","","","","","","","","","","","","","","","","","","","","","","","","","","","","","","","","","","","0.00003935","","","","","","","2026-07-24T21:24:07.319Z","","","","","",""
"buuuuuuull","7GUJ4C5fxR61rfvQbfR1ks3bdSrb8hmeXgoxqT72pump","65","3.35802469","","","","","","","","","","","","","","","","","","","","","","","","","","","","","","","","","","","","","","","","0.000002095","","","","","","","2026-07-24T21:25:07.270Z","","","","","",""
"Orangie","J3GuGW343uWdZC9fLATbjfTtZ9tLik2xn391isXMpump","71","5","","","","","","","","","","","","","","","","","","","","","","","","","","","","","","","","","","","","","","","","0.000002056","","","","","","","2026-07-24T21:25:07.305Z","","","","","",""
"$DS$","9vHtxoKwTrkSgEuvqQDzxvaRwev95VrfBb55CcJFpump","","","","","","","","","","","","","","","","","","","","","","","","","","","","","","","","","","","","","","","","","","","","","","","","1.738e-7","","","","","","2026-07-24T21:25:07.335Z",""
"mook","Cv6yZzFMWAt7ESRixXb9n1ZB6SUpihfgyk6Nkio8pump","","","","","","","","","","","","","","","","","","","","","","","","","","","","","","","","","","","","","","","","","","","","","","","","7.497e-8","","","","","","2026-07-24T21:25:07.361Z",""
"choco ","6GhhKjA7RZLpKuDm3d8q9cS75dsXUFSvwwuk8kgNpump","63","0.100000001","","","","","","","","","","","","","","","","","","","","","","","","","","","","","","","","","","","","","","","","0.000001586","","","","","","","2026-07-24T21:26:07.249Z","","","","","",""
"SISKACI","Agnw2PyfmQae1c3JiKB8Z3iKBF9g9qRJDfAgxpVKpump","63","3","","","","","","","","","","","","","","","","","","","","","","","","","","","","","","","","","","","","","","","","0.000002168","","","","","","","2026-07-24T21:26:07.272Z","","","","","",""
"buuuuuuull","DFPxiWjcS3NnfTmgXuSQP9FNqXFeTddq73p7c3Qppump","65","3.35802469","","","","","","","","","","","","","","","","","","","","","","","","","","","","","","","","","","","","","","","","0.000002165","","","","","","","2026-07-24T21:26:07.300Z","","","","","",""
"GOLZ","Ndke5j6WwKV1g1aSfhBZyRjAUL8j1cVmAL6LxpFpump","65","0.060000001","","","","","","","","","","","","","","","","","","","","","","","","","","","","","","","","","","","","","","","","0.000004888","","","","","","","2026-07-24T21:26:07.339Z","","","","","",""
"buuuuuuull","Gjf6rUBd3JkQAbXPeYeX1jnEsbPa5fL4UK4p7kkgpump","65","3.35802469","","","","","","","","","","","","","","","","","","","","","","","","","","","","","","","","","","","","","","","","0.000002266","","","","","","","2026-07-24T21:27:07.157Z","","","","","",""
"WB","9ai7wGme6fmosatcpKbcxW7no4aRpDpMELUYKMBKpump","","","","","","","","","","","","","","","","","","","","","","","","","","","","","","","","","","","","","","","","","","","","","","","","9.703e-7","","","","","","2026-07-24T21:27:07.237Z",""
"KAARSSTEUN","ATq2hgkJNPnRKDckyaeHhJNwBqnZ5WUMJCeyEwndpump","61","4.938271603","","","","","","","","","","","","","","","","","","","","","","","","","","","","","","","","","","","","","","","","0.000002126","","","","","","","2026-07-24T21:27:07.266Z","","","","","",""
"Elon","31dwyRA6urA5vSRFGECdvZy5KhVQAzRn9kgsvbLgpump","75","7","","","","","","","","","","","","","","","","","","","","","","","","","","","","","","","","","","","","","","","","0.000002058","","","","","","","2026-07-24T21:27:07.305Z","","","","","",""
"YNTEL","5GUnPpMXoReibUxP2TqHA4bSoFM6kavGzmnvaojZpump","57","1.97530864","","","","","","","","","","","","","","","","","","","","","","","","","","","","","","","","","","","","","","","","0.000002089","","","","","","","2026-07-24T21:28:07.258Z","","","","","",""
"POOT","9RVzPLkQwbZCWXmhBU5497q3XE8Ae6aTqpFvb1dRpump","","","","","","","","","","","","","","","","","","","","","","","","","","","","","","","","","","","","","","","","","","","","","","","","5.069e-8","","","","","","2026-07-24T21:28:07.295Z",""
"WB","74Wi8DYoxwxnfF1jYHABNEKYq16kq9tEeSqH5Y4bpump","","","","","","","","","","","","","","","","","","","","","","","","","","","","","","","","","","","","","","","","","","","","","","","","2.425e-7","","","","","","2026-07-24T21:28:07.327Z",""
"WB","9pb6M7y3eeL9Y5EmqZ4NZx1poHcFb4h9XXNpwJEJpump","","","","","","","","","","","","","","","","","","","","","","","","","","","","","","","","","","","","","","","","","","","","","","","","5.403e-7","","","","","","2026-07-24T21:28:07.361Z",""
"ACCESS","FonEvS3GKCWC5aj3SSNb17G4ewTBAjwfJ6y7tMbnpump","57","1.97530864","","","","","","","","","","","","","","","","","","","","","","","","","","","","","","","","","","","","","","","","0.000002089","","","","","","","2026-07-24T21:29:07.276Z","","","","","",""
"WB","AvSrHbMCuDzwBg9WBbzMcVmMriMwL86nuh68GhJzpump","","","","","","","","","","","","","","","","","","","","","","","","","","","","","","","","","","","","","","","","","","","","","","","","3.241e-7","","","","","","2026-07-24T21:29:07.324Z",""
"choco ","6Vpke99BPHK4e1EJBKXB6FotykLXyTsLBC1yUph3pump","","","","","","","","","","","","","","","","","","","","","","","","","","","","","","","","","","","","","","","","","","","","","","","","1.376e-8","","","","","","2026-07-24T21:29:07.357Z",""
"NEEGY","4RWQ1LETrXZ4iqhr8J9EkMsW5ssXGk3u7zXZ988upump","","","","","","","","","","","","","","","","","","","","","","","","","","","","","","","","","","","","","","","","","","","","","","","","2.183e-7","","","","","","2026-07-24T21:30:07.170Z",""
"WB","FwfnLq7zyRJ1mNTsRMtiy7GzoR6ii7So7Kucoz7Ypump","61","1.000000001","","","","","","","","","","","","","","","","","","","","","","","","","","","","","","","","","","","","","","","","0.000003535","","","","","","","2026-07-24T21:30:07.220Z","","","","","",""
"buuuuuuull","mrFztEEKWLYbxoRcjzqY3teoUcmGBkdBaNnPVjspump","65","3.35802469","","","","","","","","","","","","","","","","","","","","","","","","","","","","","","","","","","","","","","","","0.000002187","","","","","","","2026-07-24T21:30:07.280Z","","","","","",""
"Worthless","3idoLHxYEKLzJa27xGW2keDzwsuhyhf94H4K7mjJpump","56","1.875733332","","","","","","","","","","","","","","","","","","","","","","","","","","","","","","","","","","","","","","","","0.000002085","","","","","","","2026-07-24T21:31:07.178Z","","","","","",""
"LIBARA","2gLxzdxtpUrq4X9Qf6pepY21QBMJ3KnJdMquBRmHpump","","","","","","","","","","","","","","","","","","","","","","","","","","","","","","","","","","","","","","","","","","","","","","","","3.653e-7","","","","","","2026-07-24T21:31:07.274Z",""
"Synergy","EaEBFJkVyRiKfA3BrdzCYAXpuk2rQeLUTZgjgMNqpump","98","15","","","","","","","","","","","","","","","","","","","","","","","","","","","","","","","","","","","","","","","","0.000007087","","","","","","","2026-07-24T21:31:07.310Z","","","","","",""
"WB","Dq4aSofsKF23JimfnZWfscECzhR11AunytL66Vqxpump","68","2.000000001","","","","","","","","","","","","","","","","","","","","","","","","","","","","","","","","","","","","","","","","0.00000268","","","","","","","2026-07-24T21:31:07.344Z","","","","","",""
"choco ","9GbAuyqWko1G8XUBPcePzHSKgiWaRfXuYGZAKpwbpump","","","","","","","","","","","","","","","","","","","","","","","","","","","","","","","","","","","","","","","","","","","","","","","","2.954e-8","","","","","","2026-07-24T21:32:07.178Z",""
"HPH","F6kwSPeqCxqEJefsv8HWZivSQzLy5zZqrTiJho65pump","","","","","","","","","","","","","","","","","","","","","","","","","","","","","","","","","","","","","","","","","","","","","","","","1.464e-9","","","","","","2026-07-24T21:32:07.221Z",""
"buuuuuuull","DNhXrCE36sy1wTbYonTNGEttS2sr1d9geEvmhoaRpump","65","3.35802469","","","","","","","","","","","","","","","","","","","","","","","","","","","","","","","","","","","","","","","","0.000002096","","","","","","","2026-07-24T21:32:07.253Z","","","","","",""
"Wolf","2L1HaEJY8ADdfG64BMkhAYyzMm6CKc4eYzoGRqd2pump","56","3.950617282","","","","","","","","","","","","","","","","","","","","","","","","","","","","","","","","","","","","","","","","0.000002068","","","","","","","2026-07-24T21:32:07.290Z","","","","","",""
"WB","DyTabkp56bNtfEm47ub26FzdR3KL5EnwUeHAkQi8pump","68","2.000000001","","","","","","","","","","","","","","","","","","","","","","","","","","","","","","","","","","","","","","","","0.000001562","","","","","","","2026-07-24T21:33:07.214Z","","","","","",""
"FALL","B8HKngwJQVQ9qHqb1wT4wTVP4sKGwY5J9tvs7R5apump","62","5","","","","","","","","","","","","","","","","","","","","","","","","","","","","","","","","","","","","","","","","0.00001132","","","","","","","2026-07-24T21:33:07.271Z","","","","","",""
"choco ","B1hwChitA9D7gFDtZua6FvsgsKVWkDectfDPH1u2pump","66","0.500000001","","","","","","","","","","","","","","","","","","","","","","","","","","","","","","","","","","","","","","","","0.000001531","","","","","","","2026-07-24T21:33:07.292Z","","","","","",""
"M2BMW","2tk1Nv5YNLtSDwJk6pG1AYLBuYEwZQBh1J1fkqJBpump","","","","","","","","","","","","","","","","","","","","","","","","","","","","","","","","","","","","","","","","","","","","","","","","4.668e-7","","","","","","2026-07-24T21:33:07.324Z",""
"BULLPROOF","HmLz6ZT1QYo2E3six5j4H727FHEcgqGgvDXUABNnpump","","","","","","","","","","","","","","","","","","","","","","","","","","","","","","","","","","","","","","","","","","","","","","","","9.305e-7","","","","","","2026-07-24T21:34:07.175Z",""
"buuuuuuull","CNvqxBWC1zPs3z7ziAQhA2tJFittY7cea2wJcQdJpump","65","3.35802469","","","","","","","","","","","","","","","","","","","","","","","","","","","","","","","","","","","","","","","","0.000002099","","","","","","","2026-07-24T21:34:07.292Z","","","","","",""
"WB","4bwBd3pJwnEMCW3S42Cra7iKXtAdinToV35qBFPvpump","","","","","","","","","","","","","","","","","","","","","","","","","","","","","","","","","","","","","","","","","","","","","","","","1.267e-7","","","","","","2026-07-24T21:34:07.386Z",""
"choco ","2bvCpJRZamPBTeqZ4kG8bfyasKSLFx6JdQ3S8KPCpump","","","","","","","","","","","","","","","","","","","","","","","","","","","","","","","","","","","","","","","","","","","","","","","","2.283e-7","","","","","","2026-07-24T21:35:07.235Z",""
"$BATHCAT","EmhCNdtbNz73dj6yLUPQ52qiiEXGmsULc3GjTkHKpump","","","","","","","","","","","","","","","","","","","","","","","","","","","","","","","","","","","","","","","","","","","","","","","","2.234e-7","","","","","","2026-07-24T21:35:07.274Z",""
"WB","ByjDtdCvMUUes8GUoYXJgWUkphkSW3ho2crB42A9pump","68","2.000000001","","","","","","","","","","","","","","","","","","","","","","","","","","","","","","","","","","","","","","","","0.00000258","","","","","","","2026-07-24T21:35:07.306Z","","","","","",""
"choco ","61R7TJawHWCL4kaasxpjokMHCkFqgLLVBHbhRZKPpump","58","0.100000001","","","","","","","","","","","","","","","","","","","","","","","","","","","","","","","","","","","","","","","","0.000001539","","","","","","","2026-07-24T21:36:07.229Z","","","","","",""
"WB","83KXinQW9ubY2pwTXghpFRHsxErQQSLqXRP54AJCpump","67","2.000000001","","","","","","","","","","","","","","","","","","","","","","","","","","","","","","","","","","","","","","","","0.000002171","","","","","","","2026-07-24T21:36:07.259Z","","","","","",""
"clear","6RyYZtV3pUxipNPk5HgoJ2wpBP2bFs1EaeMskaLypump","61","3.703703701","","","","","","","","","","","","","","","","","","","","","","","","","","","","","","","","","","","","","","","","0.000007896","","","","","","","2026-07-24T21:36:07.293Z","","","","","",""
"WAGMI","wc6fJVPyWvYVdPyvCxxVdMoL7eRSTuFVVSad5Bcpump","92","16.790123455","","","","","","","","","","","","","","","","","","","","","","","","","","","","","","","","","","","","","","","","0.000006312","","","","","","","2026-07-24T21:37:07.250Z","","","","","",""
"PUFFERBRO","5SyBFMA4eNoT5NnZ5DT99bh3ku6GRRM33a518uHppump","","","","","","","","","","","","","","","","","","","","","","","","","","","","","","","","","","","","","","","","","","","","","","","","7.944e-9","","","","","","2026-07-24T21:37:07.287Z",""
"hindsight","Gm9Px3Y3erFRVaKoXJhHFtZR4PK7D8i1oV7ZtQFKpump","72","8","","","","","","","","","","","","","","","","","","","","","","","","","","","","","","","","","","","","","","","","0.000002061","","","","","","","2026-07-24T21:37:07.322Z","","","","","",""
"SEAPERSON","5qywx18nMuVz2g6sWFXMe9iJotW7daQfcsFwBjv2pump","67","5","","","","","","","","","","","","","","","","","","","","","","","","","","","","","","","","","","","","","","","","0.000002165","","","","","","","2026-07-24T21:38:07.210Z","","","","","",""
"WB","FvPjGSKKEx4hkgGvHXbnSJFozhDUHxz1TVPhkmLLpump","66","2.000000001","","","","","","","","","","","","","","","","","","","","","","","","","","","","","","","","","","","","","","","","0.0001642","","","","","","","2026-07-24T21:38:07.249Z","","","","","",""
"NEOPETS","oqu1Yt1L9YyFxftCZ3kismmUoHgLmANxdygBHeGpump","63","3.084444442","","","","","","","","","","","","","","","","","","","","","","","","","","","","","","","","","","","","","","","","0.000002062","","","","","","","2026-07-24T21:38:07.274Z","","","","","",""
"LDO","9zbg41wYFNjxgyfzLbmu95hj96crySRyU12uSC8rpump","66","0.098765431","","","","","","","","","","","","","","","","","","","","","","","","","","","","","","","","","","","","","","","","0.000004266","","","","","","","2026-07-24T21:38:07.302Z","","","","","",""
"buuuuuuull","F89vuGUCwX31XMQ5mnXBBS4SVFTwYJuTiMgCkLVFpump","63","2.962962961","","","","","","","","","","","","","","","","","","","","","","","","","","","","","","","","","","","","","","","","0.000002122","","","","","","","2026-07-24T21:39:07.317Z","","","","","",""
"choco ","EJvPvBUKQ82Tdm2MvoJ8HaZhKxdd5dCCTDoT2gzupump","","","","","","","","","","","","","","","","","","","","","","","","","","","","","","","","","","","","","","","","","","","","","","","","2.907e-7","","","","","","2026-07-24T21:39:07.361Z",""
"USWR","A5Rqh2RdRUu8MDtrWnsGGFNh2horPnMLeF3HJXrovNdB","","","","","","","","","","","","","","","","","","","","","","","","","","","","","","","","","","","","","","","","","","","","","","","","1.688e-7","","","","","","2026-07-24T21:39:07.433Z",""
"MEN","uQ6T4FRriwptiBaGrnZQR1U7G6TqUtbz49Pmphjpump","","","","","","","","","","","","","","","","","","","","","","","","","","","","","","","","","","","","","","","","","","","","","","","","4.575e-8","","","","","","2026-07-24T21:39:07.456Z",""
"buuuuuuull","DbfNrqAaCjCCYv94BAcYaAgFYEPgdZT85WYok4DEpump","63","2.962962961","","","","","","","","","","","","","","","","","","","","","","","","","","","","","","","","","","","","","","","","0.000002132","","","","","","","2026-07-24T21:40:07.182Z","","","","","",""
"$RUSHB","Ee1Bn2VkPB2hEzurJw1qBav89EfTLXX2XG9vGE8Xpump","","","","","","","","","","","","","","","","","","","","","","","","","","","","","","","","","","","","","","","","","","","","","","","","4.381e-7","","","","","","2026-07-24T21:40:07.219Z",""
"BTC","ELxsDayMeziZcHsyQbHd9KMqXAKBEQVPLohpFze6pump","63","2.962962961","","","","","","","","","","","","","","","","","","","","","","","","","","","","","","","","","","","","","","","","0.000002061","","","","","","","2026-07-24T21:40:07.337Z","","","","","",""
"PINKY","14N3hZ3ghKixE3dyyAXmDheECm87SNbwE1AtvNiJpump","70","8","","","","","","","","","","","","","","","","","","","","","","","","","","","","","","","","","","","","","","","","0.000002142","","","","","","","2026-07-24T21:40:07.366Z","","","","","",""
"WB","Dn21Rc6W4MrSvsgnamX8TdBnz7gcKpTuFYJUpkh5pump","66","2.000000001","","","","","","","","","","","","","","","","","","","","","","","","","","","","","","","","","","","","","","","","0.000001715","","","","","","","2026-07-24T21:41:07.287Z","","","","","",""
"MU","4m1MNf22LZ5wqUc6YDTwgizUsQwL1KC6HrsFeGn3pump","57","1.97530864","","","","","","","","","","","","","","","","","","","","","","","","","","","","","","","","","","","","","","","","0.00000206","","","","","","","2026-07-24T21:41:07.323Z","","","","","",""
"buuuuuuull","CDizfXt86F7FGRP9xG7WLKS5RgkyRZcKRWaTCv7Rpump","63","2.962962961","","","","","","","","","","","","","","","","","","","","","","","","","","","","","","","","","","","","","","","","0.000002137","","","","","","","2026-07-24T21:41:07.355Z","","","","","",""
"buuuuuuull","37Z49Po3FCdfnX2B5H2DsF2iAkzX4ymE1QzdwQ92pump","63","2.962962961","","","","","","","","","","","","","","","","","","","","","","","","","","","","","","","","","","","","","","","","0.000002119","","","","","","","2026-07-24T21:42:07.262Z","","","","","",""
"WB","CuvxVmQtKXCjgsU9JgibnZB6tA5Z8QadyhUGdnZmpump","","","","","","","","","","","","","","","","","","","","","","","","","","","","","","","","","","","","","","","","","","","","","","","","3.966e-7","","","","","","2026-07-24T21:42:07.295Z",""
"frogcat","FsD6qDvw4XbYDYJRgagUWxVA8taVwBLxrYK5jVHpump","56","1.817283949","","","","","","","","","","","","","","","","","","","","","","","","","","","","","","","","","","","","","","","","0.000002757","","","","","","","2026-07-24T21:42:07.398Z","","","","","",""
"$RUSHB","C6gYbWh8E4BiBqEY4PJS3bnzkAjF9TopRYjyWTaqpump","","","","","","","","","","","","","","","","","","","","","","","","","","","","","","","","","","","","","","","","","","","","","","","","3.823e-8","","","","","","2026-07-24T21:42:07.430Z",""
"PUMPY","5MWCQdZG13izesMuQFrHxADnxocuYQ1gHBMw8BHopump","88","5.72839506","","","","","","","","","","","","","","","","","","","","","","","","","","","","","","","","","","","","","","","","0.000002732","","","","","","","2026-07-24T21:43:07.196Z","","","","","",""
"CAPGEMINI","7U7aqFEk7oieX6hHeQULmk3VhnzUzJWMTxjzKWj8pump","","","","","","","","","","","","","","","","","","","","","","","","","","","","","","","","","","","","","","","","","","","","","","","","3.151e-7","","","","","","2026-07-24T21:43:07.287Z",""
"WB","GU26og6DbX6M25jcMEm5jTyoVZqNZn7uFxVKgs7Qpump","57","1.000000001","","","","","","","","","","","","","","","","","","","","","","","","","","","","","","","","","","","","","","","","0.00000277","","","","","","","2026-07-24T21:43:07.314Z","","","","","",""
"DesignH","45uWLgPykgGzfbJHVAABdM3SQVd7FsCwu87MnHCepump","75","8.5","","","","","","","","","","","","","","","","","","","","","","","","","","","","","","","","","","","","","","","","0.000003484","","","","","","","2026-07-24T21:43:07.364Z","","","","","",""
"SOL","AytwSVyyEXwuLB7toBdkXho2qp8AkEyzk4p1BM7ppump","","","","","","","","","","","","","","","","","","","","","","","","","","","","","","","","","","","","","","","","","","","","","","","","1.812e-7","","","","","","2026-07-24T21:44:07.226Z",""
"NMS","23QFuFLytRUQ8A515x8XpW8gReMeNMR1V4fbnHXFpump","","","","","","","","","","","","","","","","","","","","","","","","","","","","","","","","","","","","","","","","","","","","","","","","4.79e-7","","","","","","2026-07-24T21:44:07.259Z",""
"clear","DnoUd17FzPCYJUHiQC8oeSwb4H5L4HSvvmdN3J2rpump","69","8","","","","","","","","","","","","","","","","","","","","","","","","","","","","","","","","","","","","","","","","0.000002128","","","","","","","2026-07-24T21:44:07.289Z","","","","","",""
"$BATHCAT","GarhZoWy6PjNtFhqSi9ZbmaGiPNW73JU4gHXDnoKpump","","","","","","","","","","","","","","","","","","","","","","","","","","","","","","","","","","","","","","","","","","","","","","","","2.491e-8","","","","","","2026-07-24T21:44:07.323Z",""
"YAMAMOTO","GrKYLSbj42TXJHoeSQb1Ua42ZbGZfKkugJYbmkL2pump","","","","","","","","","","","","","","","","","","","","","","","","","","","","","","","","","","","","","","","","","","","","","","","","4.243e-7","","","","","","2026-07-24T21:45:07.246Z",""
"WB","BSZzEEkHh9YLQbRNXMGkAQW8uNER4YaRzPtjxyfDpump","","","","","","","","","","","","","","","","","","","","","","","","","","","","","","","","","","","","","","","","","","","","","","","","0.000001144","","","","","","2026-07-24T21:45:07.330Z",""
"RUGME","A3VUwz2p17g72DgZRjVgErsKMAAAMTGb4FDkrgPDpump","","","","","","","","","","","","","","","","","","","","","","","","","","","","","","","","","","","","","","","","","","","","","","","","0.000001164","","","","","","2026-07-24T21:46:07.358Z",""
"Student ","Bj5ph1yNFPAYHnmGrLKZD5yf3M5hWiYtRTKkZsGspump","67","3.950617282","","","","","","","","","","","","","","","","","","","","","","","","","","","","","","","","","","","","","","","","0.000004929","","","","","","","2026-07-24T21:46:07.389Z","","","","","",""
"PHAT","Fiz3fkqTh2G7aFkkAbg7PkiWcHH4cKm1bB6kutNYpump","","","","","","","","","","","","","","","","","","","","","","","","","","","","","","","","","","","","","","","","","","","","","","","","0.000001017","","","","","","2026-07-24T21:46:07.421Z",""
"sixers","Et3BzdKy3eFL9s5EuXcQN9jNRe6Tck5qRmGGtFWTpump","","","","","","","","","","","","","","","","","","","","","","","","","","","","","","","","","","","","","","","","","","","","","","","","3.471e-7","","","","","","2026-07-24T21:46:07.448Z",""
"WB","2o3npj53SLsSfmM8DnAXSSch9LGUEjwYRaSJt5cZpump","65","2.000000001","","","","","","","","","","","","","","","","","","","","","","","","","","","","","","","","","","","","","","","","0.000008022","","","","","","","2026-07-24T21:47:07.249Z","","","","","",""
"cmak","CMSuS9dYoCBH1MX2ejJcJQkzoaN9pQsnfXwatTtwpump","","","","","","","","","","","","","","","","","","","","","","","","","","","","","","","","","","","","","","","","","","","","","","","","1.11e-7","","","","","","2026-07-24T21:47:07.306Z",""
"feeks","Eswe3qQzpMfvup6sC2uyhzQSxuJhGjEXQNX53QxQpump","","","","","","","","","","","","","","","","","","","","","","","","","","","","","","","","","","","","","","","","","","","","","","","","3.102e-7","","","","","","2026-07-24T21:47:07.364Z",""
"NMS","23QGE4uauJRQtpbodweyHAh5HsHRGudSA9ERhRXWpump","","","","","","","","","","","","","","","","","","","","","","","","","","","","","","","","","","","","","","","","","","","","","","","","7.207e-8","","","","","","2026-07-24T21:47:07.397Z",""
"MISUMO","2PCDSr95p8YhqqMNJpBRxwYY1avVqusP7GDimwMMpump","","","","","","","","","","","","","","","","","","","","","","","","","","","","","","","","","","","","","","","","","","","","","","","","2.523e-7","","","","","","2026-07-24T21:48:07.167Z",""
"Jailbreak","CK7VP1JaBFFPWGbbfZVeA8YWQAVpLXPC9mwULCs6pump","75","5","","","","","","","","","","","","","","","","","","","","","","","","","","","","","","","","","","","","","","","","0.000009652","","","","","","","2026-07-24T21:48:07.237Z","","","","","",""
"RUGME","gMKZaetHbEbCHHNmPF6dM5LeZU8sD9sTfarwHtkpump","60","0.592592591","","","","","","","","","","","","","","","","","","","","","","","","","","","","","","","","","","","","","","","","0.000003126","","","","","","","2026-07-24T21:49:07.179Z","","","","","",""
"FEEK","HiWvsiC58Gz9ofYbW5giGU2q1hgbpXPgBCDod7ytpump","","","","","","","","","","","","","","","","","","","","","","","","","","","","","","","","","","","","","","","","","","","","","","","","1.98e-7","","","","","","2026-07-24T21:49:07.319Z",""
"NMS","23QGhjKjA6FLjEUY2csVBiEQtB6rpE4wHHHexRQipump","67","0.09875","","","","","","","","","","","","","","","","","","","","","","","","","","","","","","","","","","","","","","","","0.00000174","","","","","","","2026-07-24T21:49:07.347Z","","","","","",""
"NMS","23QGs1tGuMj6DpwKQvHAmbzcZBMysE3p3ioWraqfpump","65","0.09875","","","","","","","","","","","","","","","","","","","","","","","","","","","","","","","","","","","","","","","","0.000001309","","","","","","","2026-07-24T21:49:07.395Z","","","","","",""
"NMS","23QH1NFpBzKPmxeUhuuLAHoccCytnUQ78RN115xcpump","62","0.09875","","","","","","","","","","","","","","","","","","","","","","","","","","","","","","","","","","","","","","","","0.000001833","","","","","","","2026-07-24T21:50:07.239Z","","","","","",""
"NMS","23QGsKatc6JG8y8fEnvHARmoYx8X5S1zwoNphGMepump","74","0.9875","","","","","","","","","","","","","","","","","","","","","","","","","","","","","","","","","","","","","","","","0.000002292","","","","","","","2026-07-24T21:50:07.279Z","","","","","",""
"FEELR","DcfpCt5cP3ASQdANyNPHChDN5DUAd7MA6Fhon6znpump","","","","","","","","","","","","","","","","","","","","","","","","","","","","","","","","","","","","","","","","","","","","","","","","6.339e-8","","","","","","2026-07-24T21:50:07.310Z",""
"NXR","BN4P22nUEv9hKdyVFK9uYWUGTxMyqkGLYyB3o7i9pump","55","1.780000001","","","","","","","","","","","","","","","","","","","","","","","","","","","","","","","","","","","","","","","","0.000002314","","","","","","","2026-07-24T21:50:07.343Z","","","","","",""
"BRAINROT","Bok7xVzoqV492saY28usKR7XWB2KxgmaxPqtiwe8pump","58","0.059259258","","","","","","","","","","","","","","","","","","","","","","","","","","","","","","","","","","","","","","","","0.000001316","","","","","","","2026-07-24T21:51:07.210Z","","","","","",""
"Smisk","6pyZqa8sWmraKH1KyR9PNB1cX2msp7gMn2zSKQoApump","55","1.679012344","","","","","","","","","","","","","","","","","","","","","","","","","","","","","","","","","","","","","","","","0.000002093","","","","","","","2026-07-24T21:51:07.251Z","","","","","",""
"INDOR","7SUbG8kBinQRStZ9FRDWcTKAKRXHi5R3nJw3qMb5pump","","","","","","","","","","","","","","","","","","","","","","","","","","","","","","","","","","","","","","","","","","","","","","","","3.826e-7","","","","","","2026-07-24T21:51:07.286Z",""
"boos","9iDotFVye2XGLdHRDFUtHqq81LujFPv3pP4zxZk8pump","","","","","","","","","","","","","","","","","","","","","","","","","","","","","","","","","","","","","","","","","","","","","","","","3.073e-7","","","","","","2026-07-24T21:52:07.259Z",""
"TA","H54U8X9Yzcm8h1noRmkytf5YTqYjioRHAbcTUdcwpump","70","4.938271603","","","","","","","","","","","","","","","","","","","","","","","","","","","","","","","","","","","","","","","","0.000002546","","","","","","","2026-07-24T21:53:07.173Z","","","","","",""
"MINT","AQyPPpuwDR1TqWKg1AwFFPMTCAU75pCqeLXAHyQ7pump","57","1.97530864","","","","","","","","","","","","","","","","","","","","","","","","","","","","","","","","","","","","","","","","0.000002062","","","","","","","2026-07-24T21:53:07.205Z","","","","","",""
"sixers","4Erch4hpCuFKd7qseb413ocQRSe4ZAauKfdpCVb7pump","","","","","","","","","","","","","","","","","","","","","","","","","","","","","","","","","","","","","","","","","","","","","","","","0.000001128","","","","","","2026-07-24T21:53:07.251Z",""
"Nigg","CtTpsBB1tvUV2uwVzPDqwKgHrJ8aNKvsV77Vkb5Lpump","64","0.493827159","","","","","","","","","","","","","","","","","","","","","","","","","","","","","","","","","","","","","","","","0.000002408","","","","","","","2026-07-24T21:53:07.276Z","","","","","",""
"feeks","2UYaTziqwXWsoQz4C951NNSWDcxo5tkojeUrFix5pump","","","","","","","","","","","","","","","","","","","","","","","","","","","","","","","","","","","","","","","","","","","","","","","","2.817e-7","","","","","","2026-07-24T21:54:07.181Z",""
"PILLS","DXpUKmyYBkGrmqtC4r8YaR3pjoegkYZNJwfnBzJ2pump","55","2.8","","","","","","","","","","","","","","","","","","","","","","","","","","","","","","","","","","","","","","","","0.000002062","","","","","","","2026-07-24T21:54:07.272Z","","","","","",""
"BoB","AHezRejTb79dRPUJD8hZGn5j9nDxoaLNJdaTSw6vpump","57","0.081000001","","","","","","","","","","","","","","","","","","","","","","","","","","","","","","","","","","","","","","","","0.000002096","","","","","","","2026-07-24T21:55:07.247Z","","","","","",""
"USOH","E1r8BZqsjEEC2Di7KSsRERBUtVzh86LVg6gMck7ZzJZP","66","0.079012344","","","","","","","","","","","","","","","","","","","","","","","","","","","","","","","","","","","","","","","","0.000001382","","","","","","","2026-07-24T21:55:07.276Z","","","","","",""
"UBI","84HsfWoaeHbvUfFyYzZB2UF8cxPRE7rK2Hgb2D9Kpump","57","1.97530864","","","","","","","","","","","","","","","","","","","","","","","","","","","","","","","","","","","","","","","","0.000002062","","","","","","","2026-07-24T21:55:07.302Z","","","","","",""
"LeLove","BF5rJzui468WnnRFVMwtf4LqPdUxRFeLFPdsh93Xpump","","","","","","","","","","","","","","","","","","","","","","","","","","","","","","","","","","","","","","","","","","","","","","","","2.976e-7","","","","","","2026-07-24T21:56:07.168Z",""
"pala","7dMBFRuySn9ZMgs7TBYhKGoesotpB23jajk2LJU2pump","66","0.098765431","","","","","","","","","","","","","","","","","","","","","","","","","","","","","","","","","","","","","","","","0.000002063","","","","","","","2026-07-24T21:56:07.190Z","","","","","",""
"USOS","Dda2SkN7sawGhkFJRBee113cM4BoWGRpujDS8XMpump","85","14.851485147","","","","","","","","","","","","","","","","","","","","","","","","","","","","","","","","","","","","","","","","0.000009136","","","","","","","2026-07-24T21:56:07.240Z","","","","","",""
"MAGNETIC","5a1w2YEjGTUr4EkoQGLmov8JCwUP16HzgzefbLEVpump","","","","","","","","","","","","","","","","","","","","","","","","","","","","","","","","","","","","","","","","","","","","","","","","4.936e-7","","","","","","2026-07-24T21:56:07.267Z",""
"JEW","AqYSKYLX4vc3jNJerWXgVKzKxAJdCpvsGd8rALw6pump","","","","","","","","","","","","","","","","","","","","","","","","","","","","","","","","","","","","","","","","","","","","","","","","8.756e-7","","","","","","2026-07-24T21:57:07.221Z",""
"AMMO","5VsGgCsJywKNvJGuy4pwvoQAsXaRg4ku4v9Lkxb1pump","68","8","","","","","","","","","","","","","","","","","","","","","","","","","","","","","","","","","","","","","","","","0.000002061","","","","","","","2026-07-24T21:57:07.247Z","","","","","",""
"SKIBARI","8bhwFPXHDBmmCKE6v61pXF3gpiPY7sgZ2Ta1ZBZypump","","","","","","","","","","","","","","","","","","","","","","","","","","","","","","","","","","","","","","","","","","","","","","","","2.67e-7","","","","","","2026-07-24T21:57:07.289Z",""
"diddy ","HRFXGm7qgy2hTtLoRzJ8tnUUnnzVMaQi9fGv4qjHpump","","","","","","","","","","","","","","","","","","","","","","","","","","","","","","","","","","","","","","","","","","","","","","","","2.76e-7","","","","","","2026-07-24T21:57:07.313Z",""
"NIGGNIGG","8fHjvxbFosPptKwQjZodXMSp2nSxkbEyHQsFWcwCpump","","","","","","","","","","","","","","","","","","","","","","","","","","","","","","","","","","","","","","","","","","","","","","","","6.823e-8","","","","","","2026-07-24T21:58:07.278Z",""
"CRACK","4KARGCCN3unq2tU1J3pPi5MKERfo1w9yczWoxcWXpump","57","0.850000001","","","","","","","","","","","","","","","","","","","","","","","","","","","","","","","","","","","","","","","","0.000005607","","","","","","","2026-07-24T21:58:07.299Z","","","","","",""
"Peacemaker","BaBtUuD7ub4ZwjDswGnNmUoR87Je9jNnW3LNN6rFpump","75","9.876543208","","","","","","","","","","","","","","","","","","","","","","","","","","","","","","","","","","","","","","","","0.0000091","","","","","","","2026-07-24T21:58:07.328Z","","","","","",""
"$BATHCAT","5GTA849SV5fD9PxeDr4S2nuUTGFV3AGvPF2GGdxkpump","57","0.250000001","","","","","","","","","","","","","","","","","","","","","","","","","","","","","","","","","","","","","","","","0.000003299","","","","","","","2026-07-24T21:58:07.401Z","","","","","",""
"DUCKCEO","GVi2WpR96ZoxkRhVFPFGorUN8UsnvEC2CpgFt2YXpump","57","2.000000001","","","","","","","","","","","","","","","","","","","","","","","","","","","","","","","","","","","","","","","","0.000003342","","","","","","","2026-07-24T21:59:07.201Z","","","","","",""
"LAZYBULL","EkuMqk9gmyrwcPNV5ivk5apnT5wvPb5aYH5HYZLapump","57","1.97530864","","","","","","","","","","","","","","","","","","","","","","","","","","","","","","","","","","","","","","","","0.000002198","","","","","","","2026-07-24T21:59:07.234Z","","","","","",""
"dikeout","63eAn22yQdr6TZ2AtciXDN82LTSThRAVziCsdmbkpump","","","","","","","","","","","","","","","","","","","","","","","","","","","","","","","","","","","","","","","","","","","","","","","","5.712e-7","","","","","","2026-07-24T21:59:07.392Z",""
"JOE","47jyp331h5o3JobjnjqFWwPpNz95BpHFBF2bu1GCpump","63","3","","","","","","","","","","","","","","","","","","","","","","","","","","","","","","","","","","","","","","","","0.00000206","","","","","","","2026-07-24T22:00:07.238Z","","","","","",""
"JUNSEN","8rYSSVBrhC9Dq3tV551kgWjPoETN5f5NNpztUKTD44mt","","","","","","","","","","","","","","","","","","","","","","","","","","","","","","","","","","","","","","","","","","","","","","","","0.000002157","","","","","","2026-07-24T22:00:07.273Z",""
"NPNG","ByyHPbKsgoivwdxDCZaFpQ9XqX2EEbMU1w8F4vXSpump","","","","","","","","","","","","","","","","","","","","","","","","","","","","","","","","","","","","","","","","","","","","","","","","2.317e-9","","","","","","2026-07-24T22:00:07.312Z",""
"tbvnks","F2iQ6kJLhHua2baBpU7rSq22YJKdMnQaViuiaCgBpump","57","2","","","","","","","","","","","","","","","","","","","","","","","","","","","","","","","","","","","","","","","","0.000002058","","","","","","","2026-07-24T22:00:07.385Z","","","","","",""
"Boars","yabuNizgZnBnb2DkPhSuSZ9qJB29Vy84djoytNKpump","97","15","","","","","","","","","","","","","","","","","","","","","","","","","","","","","","","","","","","","","","","","0.00001059","","","","","","","2026-07-24T22:01:07.251Z","","","","","",""
"$TGB","n1MUC6Q3UYdVLkzeeS3RhkcHZNnBujhmHvufNxYpump","","","","","","","","","","","","","","","","","","","","","","","","","","","","","","","","","","","","","","","","","","","","","","","","2.005e-7","","","","","","2026-07-24T22:01:07.290Z",""
"Spine","98Fr5oJyb9JC8cLu2mwgYXmywAKtcsXMrtpd7JPtpump","63","3.03","","","","","","","","","","","","","","","","","","","","","","","","","","","","","","","","","","","","","","","","0.000002155","","","","","","","2026-07-24T22:01:07.355Z","","","","","",""
"CRACK","Ekn6u4iNcq8k41t8Ep4AKqviS7MbapUbMUSg835gpump","63","1.500000001","","","","","","","","","","","","","","","","","","","","","","","","","","","","","","","","","","","","","","","","0.000009593","","","","","","","2026-07-24T22:02:07.224Z","","","","","",""
"UPup","2ZEHHSY7FCN8MgDEESqPC6FCnCkFF4rv7EFaSTywpump","72","0.493827159","","","","","","","","","","","","","","","","","","","","","","","","","","","","","","","","","","","","","","","","0.000002059","","","","","","","2026-07-24T22:02:07.260Z","","","","","",""
"$TGB","4BXEwrxW1JrUmnRLq5mWjbqXhqMkUBkGEmL27HWepump","","","","","","","","","","","","","","","","","","","","","","","","","","","","","","","","","","","","","","","","","","","","","","","","6.055e-7","","","","","","2026-07-24T22:02:07.292Z",""
"MU","9NzK9LtrvhMKsNN3bqN3KnC11MuiCy6da3m6fJo1pump","67","6.66","","","","","","","","","","","","","","","","","","","","","","","","","","","","","","","","","","","","","","","","0.000002335","","","","","","","2026-07-24T22:02:07.327Z","","","","","",""
"hustler","79STZc2xipk26MUsMgoYZsJWULnaAJcmrScZVAecpump","","","","","","","","","","","","","","","","","","","","","","","","","","","","","","","","","","","","","","","","","","","","","","","","1.509e-8","","","","","","2026-07-24T22:03:07.315Z",""
"LIT BULL","7ZHn2iWfqn311ptWAc2oiwabRtsFpznKf3iZLfNHpump","","","","","","","","","","","","","","","","","","","","","","","","","","","","","","","","","","","","","","","","","","","","","","","","1.946e-8","","","","","","2026-07-24T22:03:07.363Z",""
"BOARD ","6qwSERQgVyF8Vrr7m31GrN35yVGQyzUJ2PJZL2J2pump","57","1.97530864","","","","","","","","","","","","","","","","","","","","","","","","","","","","","","","","","","","","","","","","0.000002347","","","","","","","2026-07-24T22:03:07.403Z","","","","","",""
"DVP","EM5KMvmsku4KS9LE8vPfL4rMPoMM5zNyqLUFMudGpump","58","2.962962961","","","","","","","","","","","","","","","","","","","","","","","","","","","","","","","","","","","","","","","","0.00000238","","","","","","","2026-07-24T22:03:07.472Z","","","","","",""
"CORGIMIND","Fmf1uZtDtPCBz6xsNyVdnESLKzyFtqX5qQZTptaJpump","63","7","","","","","","","","","","","","","","","","","","","","","","","","","","","","","","","","","","","","","","","","0.000002128","","","","","","","2026-07-24T22:04:07.253Z","","","","","",""
"BRKIN GAL","46saCnekDzr9AYdJbBijN6Ve6zE43wP97PaaTTyrpump","","","","","","","","","","","","","","","","","","","","","","","","","","","","","","","","","","","","","","","","","","","","","","","","4.269e-7","","","","","","2026-07-24T22:04:07.288Z",""
"MEMELLIONAIRE","Fjy5VDdjG2drUemcM6yt1HkYz78PF4ez2vseXzRXpump","61","3.5","","","","","","","","","","","","","","","","","","","","","","","","","","","","","","","","","","","","","","","","0.000002115","","","","","","","2026-07-24T22:05:07.147Z","","","","","",""
"$PapUApU","4V3S5pmTfVfiXtVEaCnKfQ7W94Tts496jJ5HErWSpump","57","3.950617282","","","","","","","","","","","","","","","","","","","","","","","","","","","","","","","","","","","","","","","","0.000003036","","","","","","","2026-07-24T22:05:07.180Z","","","","","",""
"CYT ","2CMSLiqSkmGEJwMcmdbpFtitWUxhAhMVJd4j8nNqpump","96","1.000000001","","","","","","","","","","","","","","","","","","","","","","","","","","","","","","","","","","","","","","","","0.000002063","","","","","","","2026-07-24T22:05:07.213Z","","","","","",""
"ALOOONG","Eg6bh3WHZYMboM4Hxr4mZmLkZLRGbVH3uU496Wepump","55","3.506172838","","","","","","","","","","","","","","","","","","","","","","","","","","","","","","","","","","","","","","","","0.000002218","","","","","","","2026-07-24T22:05:07.245Z","","","","","",""
"PINNUR","7Fypo8ar3HZpTE57D1ttesdAtTK1H1DMK7T1d1vqpump","","","","","","","","","","","","","","","","","","","","","","","","","","","","","","","","","","","","","","","","","","","","","","","","4.247e-7","","","","","","2026-07-24T22:06:07.152Z",""
"hustler","9roJvy1Fca5nyNTBz7j2TmXtnBT3xHxNFBSEVxxrpump","64","0.300000001","","","","","","","","","","","","","","","","","","","","","","","","","","","","","","","","","","","","","","","","0.00002828","","","","","","","2026-07-24T22:06:07.336Z","","","","","",""
"TTTT","EU4diCQZxRDoVGEm25PrrpGgH53tVtbVkMS5pMPopump","82","0.098765431","","","","","","","","","","","","","","","","","","","","","","","","","","","","","","","","","","","","","","","","0.000003594","","","","","","","2026-07-24T22:06:07.394Z","","","","","",""
"CORGMIND","J5NywycGzzsHhSY59EA7KhMFpXMtdKgWp3cpKLnzpump","63","2.962962961","","","","","","","","","","","","","","","","","","","","","","","","","","","","","","","","","","","","","","","","0.000002162","","","","","","","2026-07-24T22:06:07.429Z","","","","","",""
"BEE","F6WAVBvwBpkVYGeBW7WKjFR16Ywb4E4nGF9tDdrppump","63","2.962962961","","","","","","","","","","","","","","","","","","","","","","","","","","","","","","","","","","","","","","","","0.000002063","","","","","","","2026-07-24T22:07:07.197Z","","","","","",""
" ","4vZyyZ7UTULUPfdmSd32RHSPTQeb6hp32QXQmur1pump","83","4","","","","","","","","","","","","","","","","","","","","","","","","","","","","","","","","","","","","","","","","0.000002062","","","","","","","2026-07-24T22:07:07.238Z","","","","","",""
"sia","kNFGWTwnXkTMNzDAt5daFwv3WtACG3pdahFVn4Bpump","","","","","","","","","","","","","","","","","","","","","","","","","","","","","","","","","","","","","","","","","","","","","","","","4.74e-8","","","","","","2026-07-24T22:07:07.286Z",""
"BEE","ACFFR7acvqc3KRLGenZ65CCxU26riL1v3poZ1mkYpump","61","5","","","","","","","","","","","","","","","","","","","","","","","","","","","","","","","","","","","","","","","","0.000004469","","","","","","","2026-07-24T22:07:07.315Z","","","","","",""
"DYOR","DJBiYkWshRiM6UJhiiWdqetW1sfKu8vfR6DwxMYxpump","","","","","","","","","","","","","","","","","","","","","","","","","","","","","","","","","","","","","","","","","","","","","","","","9.928e-7","","","","","","2026-07-24T22:08:07.179Z",""
"SEBASTIAN","7n3x1kLSAb14kDrKy3cMMpitkGZw7Ro7a8511nadpump","74","9.876543208","","","","","","","","","","","","","","","","","","","","","","","","","","","","","","","","","","","","","","","","0.000007052","","","","","","","2026-07-24T22:08:07.270Z","","","","","",""
"USOH","A3USuYPor4EJeG5L8w7Xo94gis6AxCsEHAdzn8adpump","","","","","","","","","","","","","","","","","","","","","","","","","","","","","","","","","","","","","","","","","","","","","","","","5.086e-7","","","","","","2026-07-24T22:08:07.300Z",""
"BULLPROOF","69pb5rhqcKeerpd4wD7xrG1VMRegYUEq7CiAHTiapump","","","","","","","","","","","","","","","","","","","","","","","","","","","","","","","","","","","","","","","","","","","","","","","","1.465e-7","","","","","","2026-07-24T22:09:07.266Z",""
"DC","CR7gzSampCC76acKLE3P6M4FsL78i88eB6QQMW9Fpump","56","2.999999999","","","","","","","","","","","","","","","","","","","","","","","","","","","","","","","","","","","","","","","","0.00001723","","","","","","","2026-07-24T22:09:07.320Z","","","","","",""
"MOTS","9RWjdxLBiqMrwML4KEaYRi9xz1uJi2UhbaXR2Nn2pump","61","0.197530863","","","","","","","","","","","","","","","","","","","","","","","","","","","","","","","","","","","","","","","","0.000002064","","","","","","","2026-07-24T22:10:07.220Z","","","","","",""
"Mayhem","6wK6T1YF8MHMzzu5AeiZwZH3gM5TN9VfdvBmbrYgpump","100","77.037037036","","","","","","","","","","","","","","","","","","","","","","","","","","","","","","","","","","","","","","","","0.00002899","","","","","","","2026-07-24T22:10:07.282Z","","","","","",""
"hustler","GUZpdN4XWjXKXYZxZ5uYjccEW2aZSzEA3pbSCRcLpump","","","","","","","","","","","","","","","","","","","","","","","","","","","","","","","","","","","","","","","","","","","","","","","","0.000001202","","","","","","2026-07-24T22:11:07.172Z",""
"COORDINATE","DRVjdyAJEETQ8cdZEra2SzmgRpzqPuqdpgk5W2S1pump","61","5","","","","","","","","","","","","","","","","","","","","","","","","","","","","","","","","","","","","","","","","0.000002091","","","","","","","2026-07-24T22:11:07.203Z","","","","","",""
"PVF","BoejCabRoUD7DRfx2WenEdhaxJBSrPAe8MY3Dhb2pump","63","2.962962961","","","","","","","","","","","","","","","","","","","","","","","","","","","","","","","","","","","","","","","","0.000002062","","","","","","","2026-07-24T22:11:07.315Z","","","","","",""
"mOPA","HEp9pYAu3SnAsQF5FMd8Bt4qHQ7MAajPtFyADkszpump","59","0.197530863","","","","","","","","","","","","","","","","","","","","","","","","","","","","","","","","","","","","","","","","0.00000204","","","","","","","2026-07-24T22:12:07.280Z","","","","","",""
"YAMAMOTO","9nsia4gMX1kvTr6qZ9JW2Q8fqbDgQ2jY4VAPdxqgpump","","","","","","","","","","","","","","","","","","","","","","","","","","","","","","","","","","","","","","","","","","","","","","","","9.389e-7","","","","","","2026-07-24T22:12:07.321Z",""
"DYOR","8Srx3rZiQ7PqPiokNUF21Ds4YK2neoB2LaiwyAZpump","91","0.062265001","","","","","","","","","","","","","","","","","","","","","","","","","","","","","","","","","","","","","","","","0.00002493","","","","","","","2026-07-24T22:12:07.358Z","","","","","",""
"corgi","HLrnudEeTowWPNmF1Q7PE1YnPqtizNTpGG7ow8aspump","63","2.962962961","","","","","","","","","","","","","","","","","","","","","","","","","","","","","","","","","","","","","","","","0.000002063","","","","","","","2026-07-24T22:12:07.462Z","","","","","",""
"corgi","B599kJrso9TwhAKEE6WxnjoTcEudavWTz5gArsSSpump","55","6.3","","","","","","","","","","","","","","","","","","","","","","","","","","","","","","","","","","","","","","","","0.000008473","","","","","","","2026-07-24T22:13:07.198Z","","","","","",""
"JROYALE","7p6q9CVZsZC2Q2KV7RUwVZELnd7jrCgnvsqCKamgpump","71","5.000000001","","","","","","","","","","","","","","","","","","","","","","","","","","","","","","","","","","","","","","","","0.000002088","","","","","","","2026-07-24T22:13:07.227Z","","","","","",""
"coin","DyWbgP9RQHxKt49TTVb3X2NpYV2EosGV2HwR8CKVpump","","","","","","","","","","","","","","","","","","","","","","","","","","","","","","","","","","","","","","","","","","","","","","","","2.755e-7","","","","","","2026-07-24T22:14:07.206Z",""
"ME","zEwxGxLApi4C56RbLdNaafkCRAJbH8GuPDcU2ogpump","58","2.962962961","","","","","","","","","","","","","","","","","","","","","","","","","","","","","","","","","","","","","","","","0.000002065","","","","","","","2026-07-24T22:15:07.306Z","","","","","",""
"aZOT","Er8hkvEX368yVgQVMoHdXHNefc4DZkayL1bikF6Apump","","","","","","","","","","","","","","","","","","","","","","","","","","","","","","","","","","","","","","","","","","","","","","","","1.297e-7","","","","","","2026-07-24T22:15:07.372Z",""
"Sebastian","7bK5EmzcypuFr3HB6UaAzoUxguZkptSdpk896U55pump","90","0","","","","","","","","","","","","","","","","","","","","","","","","","","","","","","","","","","","","","","","","0.000004969","","","","","","","2026-07-24T22:16:07.327Z","","","","","",""
"diddy","Eo3C9XQZZ5JtyrSCUMeZhah1q89keWiyrwUDwDippump","","","","","","","","","","","","","","","","","","","","","","","","","","","","","","","","","","","","","","","","","","","","","","","","4.932e-8","","","","","","2026-07-24T22:16:07.365Z",""
"PETS","9w3BcztaLbfFNMSePXzjw3QHjLM2FWGyR7i7Mi1Vpump","84","4.938271603","","","","","","","","","","","","","","","","","","","","","","","","","","","","","","","","","","","","","","","","0.00000188","","","","","","","2026-07-24T22:16:07.399Z","","","","","",""
"Juan","GMT8V4854bAqXzcdR7jhsE1ptsk5P7WMBbX2n1VGpump","95","1.000000001","","","","","","","","","","","","","","","","","","","","","","","","","","","","","","","","","","","","","","","","0.000001619","","","","","","","2026-07-24T22:16:07.433Z","","","","","",""
"#CNVCTN","FuKxMfnu7tWCePCa8Pecyw33snDxJxELB4H3siU9pump","61","0.059259258","","","","","","","","","","","","","","","","","","","","","","","","","","","","","","","","","","","","","","","","0.000004485","","","","","","","2026-07-24T22:17:07.139Z","","","","","",""
"FUCK","Fr9e7TEtAbDVNsTPqeabWDj4ygTfCR6yeXkb36Qcpump","98","1.5","","","","","","","","","","","","","","","","","","","","","","","","","","","","","","","","","","","","","","","","0.000008247","","","","","","","2026-07-24T22:17:07.197Z","","","","","",""
"TV","CjCbcC7fyQ8xN8QPCMP5Aos1PSuj5S2vAxhZHxVBpump","","","","","","","","","","","","","","","","","","","","","","","","","","","","","","","","","","","","","","","","","","","","","","","","5.133e-7","","","","","","2026-07-24T22:17:07.226Z",""
"AIR JIM","GkKVHDnfPoQeF6KzwSjMGQ6hPJUixHsLs8m9Z8uPpump","","","","","","","","","","","","","","","","","","","","","","","","","","","","","","","","","","","","","","","","","","","","","","","","3.073e-7","","","","","","2026-07-24T22:17:07.262Z",""
"AC","BQ7cMLijjwmgEKCNFSnLoo9FRDh3GMMTpMeMd63Rpump","57","1.97530864","","","","","","","","","","","","","","","","","","","","","","","","","","","","","","","","","","","","","","","","0.000002451","","","","","","","2026-07-24T22:18:07.193Z","","","","","",""
"FYH","8ZSJwZHGCdRYqgeEfURko2GcbXaMnCtmcs4Zgqsgpump","70","6.913580245","","","","","","","","","","","","","","","","","","","","","","","","","","","","","","","","","","","","","","","","0.000002081","","","","","","","2026-07-24T22:18:07.229Z","","","","","",""
"Snickers","4cnMVr9ubYZKxnnzF9Jn3M5Qn523hqXQwrbexKDNpump","64","3","","","","","","","","","","","","","","","","","","","","","","","","","","","","","","","","","","","","","","","","0.000002132","","","","","","","2026-07-24T22:18:07.256Z","","","","","",""
"YAKAMOTO","J5ZNMgibWDfLGUeH6mcnv5KG9KgEFYN79Vy4N995pump","","","","","","","","","","","","","","","","","","","","","","","","","","","","","","","","","","","","","","","","","","","","","","","","4.355e-8","","","","","","2026-07-24T22:19:07.158Z",""
"TV","Bw1Nx3MokNVedknqX1HGWjLbc9E31cc5XJ62TQcMpump","","","","","","","","","","","","","","","","","","","","","","","","","","","","","","","","","","","","","","","","","","","","","","","","1.896e-7","","","","","","2026-07-24T22:19:07.187Z",""
"CRACK","6P7VSaQ62S1aWW7ipCXcv2zQKsoBy81taB8SHmDxpump","60","0.250000001","","","","","","","","","","","","","","","","","","","","","","","","","","","","","","","","","","","","","","","","0.000002098","","","","","","","2026-07-24T22:19:07.240Z","","","","","",""
"miami","BPf8n8SThRMKKWQxh5w5c43uCZFhuAaJ92V5i1Lgpump","","","","","","","","","","","","","","","","","","","","","","","","","","","","","","","","","","","","","","","","","","","","","","","","8.831e-8","","","","","","2026-07-24T22:20:07.196Z",""
"DYOR","4x7wHvnVX1wWatGH2vzfQXAJEYFF19ik2N5k1eJSpump","86","0.061235001","","","","","","","","","","","","","","","","","","","","","","","","","","","","","","","","","","","","","","","","0.000001926","","","","","","","2026-07-24T22:20:07.232Z","","","","","",""
"ORB","HvWHRqDqEoHq8sauCkr8LmHy6WJsnvcZcVpVGtd6pump","57","1.97530864","","","","","","","","","","","","","","","","","","","","","","","","","","","","","","","","","","","","","","","","0.000002094","","","","","","","2026-07-24T22:20:07.265Z","","","","","",""
"Sonya","6HqxN1L5C7i7jyVKSJYGyLwSgLHpdhnBzeM1eWuMpump","61","5","","","","","","","","","","","","","","","","","","","","","","","","","","","","","","","","","","","","","","","","0.00001138","","","","","","","2026-07-24T22:20:07.337Z","","","","","",""
"ALLEARS","JkxhKhXBF3FusnvmJ3ZjpCgpdZCx5Sc2dnz1uCupump","","","","","","","","","","","","","","","","","","","","","","","","","","","","","","","","","","","","","","","","","","","","","","","","2.079e-7","","","","","","2026-07-24T22:21:07.168Z",""
"all/in","3J3Be8EWPk6KAtGC2ZKbabqjyt9eRJek3AijHbe6pump","58","4.219999999","","","","","","","","","","","","","","","","","","","","","","","","","","","","","","","","","","","","","","","","0.000009622","","","","","","","2026-07-24T22:21:07.210Z","","","","","",""
"$PRXT","92n6s7YJHuFF5syvy3fiANP5dguw1TbEwmXdu5KTpump","57","2.074074073","","","","","","","","","","","","","","","","","","","","","","","","","","","","","","","","","","","","","","","","0.000002096","","","","","","","2026-07-24T22:21:07.427Z","","","","","",""
"SORIZZ","EcsZb3tsmibHUr8MqAeVHkW2YrhaVd5eXQ2AmNe1pump","100","0.395061727","","","","","","","","","","","","","","","","","","","","","","","","","","","","","","","","","","","","","","","","0.00000238","","","","","","","2026-07-24T22:22:07.246Z","","","","","",""
"Jack ","5PEbzut9QZVP523DBZEA8uF1EiL5rxQAWKKwCP85pump","55","1.776900296","","","","","","","","","","","","","","","","","","","","","","","","","","","","","","","","","","","","","","","","0.000009166","","","","","","","2026-07-24T22:22:07.275Z","","","","","",""
"ORE","6izwYBHHVUov8DawCRfHn3PWs71VsXCJ2SVtbx4kpump","57","1.97530864","","","","","","","","","","","","","","","","","","","","","","","","","","","","","","","","","","","","","","","","0.000002135","","","","","","","2026-07-24T22:22:07.310Z","","","","","",""
"miami","72YJrfvaBrngQDNu3E6Yp6HvkXxVxvC6FZSL5Pxgpump","","","","","","","","","","","","","","","","","","","","","","","","","","","","","","","","","","","","","","","","","","","","","","","","1.576e-8","","","","","","2026-07-24T22:22:07.334Z",""
"cig","9AoX3RSTtn4RGzMCLxgwsHJmq3ytMX4cFS2Draagpump","55","5","","","","","","","","","","","","","","","","","","","","","","","","","","","","","","","","","","","","","","","","0.00001172","","","","","","","2026-07-24T22:24:07.191Z","","","","","",""
"DYOR","EVyAMTW5Qh6tVDXoPTLZcjmch5Z1rTmWbGahTfJHpump","","","","","","","","","","","","","","","","","","","","","","","","","","","","","","","","","","","","","","","","","","","","","","","","2.462e-7","","","","","","2026-07-24T22:24:07.216Z",""
"YAKAMOTO","5QVBrAyGXjT6KQhYHw3Xb7P2pRGGnYPcSR4p9mfBpump","60","0.200000001","","","","","","","","","","","","","","","","","","","","","","","","","","","","","","","","","","","","","","","","0.000002351","","","","","","","2026-07-24T22:24:07.254Z","","","","","",""
"Catalyst","EQv7YsHrQHasaA1Nrtxg3x7Ji3NyFGqVNAyCzgcapump","84","16.790123455","","","","","","","","","","","","","","","","","","","","","","","","","","","","","","","","","","","","","","","","0.000005023","","","","","","","2026-07-24T22:25:07.209Z","","","","","",""
"COON","BxPn4XMNnB1r65K7MVxFTAFUA6rPTtVhaMyM7Hhfpump","","","","","","","","","","","","","","","","","","","","","","","","","","","","","","","","","","","","","","","","","","","","","","","","1.438e-7","","","","","","2026-07-24T22:25:07.242Z",""
"XCOPY","25hn4AfQdptk8ZzphgSqU1mmNcxEpLbmwTmEBuBCpump","57","1.97530864","","","","","","","","","","","","","","","","","","","","","","","","","","","","","","","","","","","","","","","","0.000003278","","","","","","","2026-07-24T22:25:07.276Z","","","","","",""
"WINGS","EwWUDeypD6CB6nsEyqgfxPQ2vpfZ6Sd2x6Uf4e8ipump","56","4.938271603","","","","","","","","","","","","","","","","","","","","","","","","","","","","","","","","","","","","","","","","0.000002132","","","","","","","2026-07-24T22:25:07.314Z","","","","","",""
"CHILLOOONG","AYSL1xVn2zjY3vDmvAfjf4BwqQ5X9rvV5k2e1rw4pump","60","4.444444443","","","","","","","","","","","","","","","","","","","","","","","","","","","","","","","","","","","","","","","","0.00000246","","","","","","","2026-07-24T22:26:07.166Z","","","","","",""
"NA","6r7NTD6vYCJ1LF9d7fyaXhuVqhN8UgXE486kHpiypump","92","0.987654319","","","","","","","","","","","","","","","","","","","","","","","","","","","","","","","","","","","","","","","","0.000002632","","","","","","","2026-07-24T22:26:07.203Z","","","","","",""
"Pumuckel","959TFa1Pj3fH1G7Ld3ciqS4JyAVh6EKdtAs8skVpump","75","6.872852234","","","","","","","","","","","","","","","","","","","","","","","","","","","","","","","","","","","","","","","","0.000002075","","","","","","","2026-07-24T22:26:07.233Z","","","","","",""
"ANCILLARY","BJRtpAS3JqJuYra4tvrBofAdoQmpbQA83AQydtaJpump","94","5","","","","","","","","","","","","","","","","","","","","","","","","","","","","","","","","","","","","","","","","0.000002184","","","","","","","2026-07-24T22:26:07.266Z","","","","","",""
"RET","4SkLUJwUCtg747YNU4U74fSs1Y6zABmMA2ihs8fopump","","","","","","","","","","","","","","","","","","","","","","","","","","","","","","","","","","","","","","","","","","","","","","","","1.935e-8","","","","","","2026-07-24T22:27:07.243Z",""
"TRADE","6ZuSMTdUyDkDq2vwTr3iK5TBgaz3XRdgQxVN3Fk2pump","67","5","","","","","","","","","","","","","","","","","","","","","","","","","","","","","","","","","","","","","","","","0.000002086","","","","","","","2026-07-24T22:27:07.277Z","","","","","",""
"FSC","6SiNcdMkVTRfBReWijdG2LLQrFXVTXRCS7uLCbG6pump","58","3.75","","","","","","","","","","","","","","","","","","","","","","","","","","","","","","","","","","","","","","","","0.000002146","","","","","","","2026-07-24T22:27:07.313Z","","","","","",""
"FRN","DvYpzgEcer7TYU3cRNw1iRbmxx8U3BRrBZrrbBDLpump","57","5","","","","","","","","","","","","","","","","","","","","","","","","","","","","","","","","","","","","","","","","0.000002134","","","","","","","2026-07-24T22:27:07.349Z","","","","","",""
"ADC","8gyp1eVWrojCUWnCd8GZVwqNtM3ZuGtTZZ9joJdEpump","57","1.97530864","","","","","","","","","","","","","","","","","","","","","","","","","","","","","","","","","","","","","","","","0.000002346","","","","","","","2026-07-24T22:28:07.404Z","","","","","",""
"Pawblo","DroTzTsBruhrgaQPceocQADYi7BpAhhNx5wYzZBVpump","70","4.938271603","","","","","","","","","","","","","","","","","","","","","","","","","","","","","","","","","","","","","","","","0.000002951","","","","","","","2026-07-24T22:28:07.428Z","","","","","",""
"x2","5Bmp4exWV5Aba6ywfQ7o8ZxztSpoo24GckTV89jkpump","","","","","","","","","","","","","","","","","","","","","","","","","","","","","","","","","","","","","","","","","","","","","","","","2.759e-7","","","","","","2026-07-24T22:28:07.463Z",""
"Pawblo","23Qbd1q6UtviiW1RAPfVJ6DCMbkU2gePACFnyWR5pump","","","","","","","","","","","","","","","","","","","","","","","","","","","","","","","","","","","","","","","","","","","","","","","","3.23e-7","","","","","","2026-07-24T22:29:07.208Z",""
"SOLDIER","EFHqNWtmyMVA9YaJM8xGx6wEGnQaR6HrA72vmn2Xpump","99","16.790123455","","","","","","","","","","","","","","","","","","","","","","","","","","","","","","","","","","","","","","","","0.00000326","","","","","","","2026-07-24T22:29:07.242Z","","","","","",""
"BIRB","CLXi1aPiupppv2ePMCCoS1B6KhrmFEJWnycwuFdzpump","","","","","","","","","","","","","","","","","","","","","","","","","","","","","","","","","","","","","","","","","","","","","","","","7.402e-8","","","","","","2026-07-24T22:29:07.282Z",""
"BOB","DCy3NCMXDiCnfMXNinAp6ve2tfz6RMZAgAGafA37pump","","","","","","","","","","","","","","","","","","","","","","","","","","","","","","","","","","","","","","","","","","","","","","","","8.592e-8","","","","","","2026-07-24T22:29:07.325Z",""
"CURIOSITY","CrvizrdQQ5w1wBMFUAhRdgquvQfJh2GgsoFu8Ut8pump","55","1.688888887","","","","","","","","","","","","","","","","","","","","","","","","","","","","","","","","","","","","","","","","0.00001113","","","","","","","2026-07-24T22:30:07.184Z","","","","","",""
"ROOM","3QL8s4YgyUp5mHZtJS4kcCn3GVjukTnpGXTNHYFspump","63","2.962962961","","","","","","","","","","","","","","","","","","","","","","","","","","","","","","","","","","","","","","","","0.000002064","","","","","","","2026-07-24T22:30:07.222Z","","","","","",""
"TTTT","Hu8kaNCpSKXzvfAyHBHRVn6VfXw5HLqdr5gBF3ccpump","81","0.197530863","","","","","","","","","","","","","","","","","","","","","","","","","","","","","","","","","","","","","","","","0.000004028","","","","","","","2026-07-24T22:30:07.258Z","","","","","",""
"CROC","VGLRdB6dgtcjCeR4UH3BUJKnPXi1p1FyUE2Sdx6pump","57","1.97530864","","","","","","","","","","","","","","","","","","","","","","","","","","","","","","","","","","","","","","","","0.000002096","","","","","","","2026-07-24T22:30:07.329Z","","","","","",""
"cig","23Qcc4eBGdrh7oXK8LimvrmKwmXUcWcjkXpQMMhDpump","62","0.09875","","","","","","","","","","","","","","","","","","","","","","","","","","","","","","","","","","","","","","","","0.000008134","","","","","","","2026-07-24T22:31:07.229Z","","","","","",""
"2028","FJSFcXvRqNtWeYY732FuruZpTLw8upEfiBb1A7R2pump","","","","","","","","","","","","","","","","","","","","","","","","","","","","","","","","","","","","","","","","","","","","","","","","1.565e-8","","","","","","2026-07-24T22:31:07.319Z",""
"EXO","8mRUeM5t2JinpxwgtWdxFCiYezA2TjW5PUXfKJqpump","55","1.679012344","","","","","","","","","","","","","","","","","","","","","","","","","","","","","","","","","","","","","","","","0.000002067","","","","","","","2026-07-24T22:32:07.257Z","","","","","",""
"GÜIÑA","DciFbty4DhtKG25rPzAoLs1Rn8oU144XAyDxut9wpump","65","9.1","","","","","","","","","","","","","","","","","","","","","","","","","","","","","","","","","","","","","","","","0.000003251","","","","","","","2026-07-24T22:32:07.292Z","","","","","",""
"güiña","5i329XfqySU4nh8H17jGzk6ocDSKVgiFxbEeW9ereAyZ","","","","","","","","","","","","","","","","","","","","","","","","","","","","","","","","","","","","","","","","","","","","","","","","0.000002065","","","","","","2026-07-24T22:32:07.339Z",""
"ふみふみ","GuCQ25ZXNAi2aypQEQLHBNTCEGYyv9FiXGG65QHqpump","63","3","","","","","","","","","","","","","","","","","","","","","","","","","","","","","","","","","","","","","","","","0.000002603","","","","","","","2026-07-24T22:32:07.381Z","","","","","",""
"2028","D21Kepaxah5V6Q28sP4orsiLuJa9XHpYcWGFsxbNpump","","","","","","","","","","","","","","","","","","","","","","","","","","","","","","","","","","","","","","","","","","","","","","","","1.271e-8","","","","","","2026-07-24T22:33:07.164Z",""
"$JROYALE","3HRtu3TcykbTLVwvs8SKywt3CcEQEgG7pXDeyiU6pump","67","3.950617282","","","","","","","","","","","","","","","","","","","","","","","","","","","","","","","","","","","","","","","","0.00001699","","","","","","","2026-07-24T22:33:07.197Z","","","","","",""
"Pawblo","8d9Qzbaw85XfMjmwDUG152yUBNbSsvTfkT2ynZQNpump","63","2.962962961","","","","","","","","","","","","","","","","","","","","","","","","","","","","","","","","","","","","","","","","0.000002066","","","","","","","2026-07-24T22:33:07.232Z","","","","","",""
"$PRXS","21SsSG1C5BueUM6Zk9bi8KRSJ2EjdtjqSyVtvduJpump","60","2.409876542","","","","","","","","","","","","","","","","","","","","","","","","","","","","","","","","","","","","","","","","0.000002096","","","","","","","2026-07-24T22:33:07.273Z","","","","","",""
"HOOD","9zkkQq9usVEz81Miw9imEfHBvmsVkiADiD8HYDBMpump","63","2.962962961","","","","","","","","","","","","","","","","","","","","","","","","","","","","","","","","","","","","","","","","0.000002095","","","","","","","2026-07-24T22:34:07.542Z","","","","","",""
"DEU","D4jteAEHatYEVkixf5GE1aCtsMXqQwVRQpG7omjspump","","","","","","","","","","","","","","","","","","","","","","","","","","","","","","","","","","","","","","","","","","","","","","","","4.496e-8","","","","","","2026-07-24T22:34:07.622Z",""
"Play","G4f99dmgQP9CgATNVqmjLWdPHcLhSYEAMu7pcgv3pump","","","","","","","","","","","","","","","","","","","","","","","","","","","","","","","","","","","","","","","","","","","","","","","","5.47e-8","","","","","","2026-07-24T22:34:07.655Z",""
"Doraemon","FPtDWwtzmFpsKtXKAaJZuLfpu3Gx1jfYMyU6nmESpump","61","5","","","","","","","","","","","","","","","","","","","","","","","","","","","","","","","","","","","","","","","","0.000004058","","","","","","","2026-07-24T22:35:07.227Z","","","","","",""
"U","HYi8rDqSvoHPeFT1EHBNE58LXK4Qrf8Bxfrm317Vpump","","","","","","","","","","","","","","","","","","","","","","","","","","","","","","","","","","","","","","","","","","","","","","","","5.14e-7","","","","","","2026-07-24T22:35:07.272Z",""
"RAKO","23QhBkWHbXV7jUF53wTPyCn7PZSy5A9MMeoQw115pump","","","","","","","","","","","","","","","","","","","","","","","","","","","","","","","","","","","","","","","","","","","","","","","","0.000001005","","","","","","2026-07-24T22:35:07.311Z",""
"DYOR","8tCc5Ug4rQtTvb3x5HftBWVCExuT2x2XrzdA7UFZpump","","","","","","","","","","","","","","","","","","","","","","","","","","","","","","","","","","","","","","","","","","","","","","","","2.901e-7","","","","","","2026-07-24T22:35:07.334Z",""
"U","2UCLsPdWa1zf48t83k9u4dFyjvaaFDvbyfGuxHr5pump","","","","","","","","","","","","","","","","","","","","","","","","","","","","","","","","","","","","","","","","","","","","","","","","3.763e-7","","","","","","2026-07-24T22:36:07.148Z",""
"APES","3s74ZjTvzigKoPgy6C8DybRpNQy2pUaXhYY2xDsppump","60","5.827160492","","","","","","","","","","","","","","","","","","","","","","","","","","","","","","","","","","","","","","","","0.000007017","","","","","","","2026-07-24T22:36:07.182Z","","","","","",""
"U","HqngqYpMsKxBrbfnUPzyQ6pjQHH9D1kzwwNjCi3Lpump","","","","","","","","","","","","","","","","","","","","","","","","","","","","","","","","","","","","","","","","","","","","","","","","6.742e-7","","","","","","2026-07-24T22:36:07.223Z",""
"U","Ch6PGQBakBo6TsujiHggMYABJzsgAYYVg34c9RVSpump","","","","","","","","","","","","","","","","","","","","","","","","","","","","","","","","","","","","","","","","","","","","","","","","7.416e-7","","","","","","2026-07-24T22:36:07.323Z",""
"Trump","6rHmPu6QzaKNTX4o3EzbMbKeUqaCyZiufe8Fbuycpump","57","0.060009374","","","","","","","","","","","","","","","","","","","","","","","","","","","","","","","","","","","","","","","","0.00001201","","","","","","","2026-07-24T22:37:07.196Z","","","","","",""
"LONDON","35X4oi1JXTrgTxm5ArHhPc74v1Q4U28Ps6XirQmvpump","63","3","","","","","","","","","","","","","","","","","","","","","","","","","","","","","","","","","","","","","","","","0.000002136","","","","","","","2026-07-24T22:37:07.225Z","","","","","",""
"yo","ECvo2nq9dQLwte7HA9UcSWCkQwTgMWnXTrPvop48pump","","","","","","","","","","","","","","","","","","","","","","","","","","","","","","","","","","","","","","","","","","","","","","","","2.902e-7","","","","","","2026-07-24T22:37:07.258Z",""
"FPC","23Qiqbp1GLkNQnA4pzoD8Ehi4gv2u77FxcnMiyktpump","","","","","","","","","","","","","","","","","","","","","","","","","","","","","","","","","","","","","","","","","","","","","","","","1.26e-7","","","","","","2026-07-24T22:38:07.149Z",""
"DEU","CuYxi3GhQfkg2WFsvVc9nzUWr2iNsqjMEXM4FQmzpump","","","","","","","","","","","","","","","","","","","","","","","","","","","","","","","","","","","","","","","","","","","","","","","","7.01e-7","","","","","","2026-07-24T22:38:07.172Z",""
"CLOUD","HsTWrEQzSp455SFkhhFPY9yRYq8zNLsuSYPL7Nknpump","","","","","","","","","","","","","","","","","","","","","","","","","","","","","","","","","","","","","","","","","","","","","","","","5.624e-7","","","","","","2026-07-24T22:38:07.222Z",""
"U","GsZ8hv21CyZpEGMjC2oFQoSZvjVrCG93D9Z6qZ4Xpump","","","","","","","","","","","","","","","","","","","","","","","","","","","","","","","","","","","","","","","","","","","","","","","","2.493e-7","","","","","","2026-07-24T22:39:07.194Z",""
"HOLD","23Qj1QymTps8ZehbUAwbS2RYbFxbjPZAjqsyUZZ7pump","","","","","","","","","","","","","","","","","","","","","","","","","","","","","","","","","","","","","","","","","","","","","","","","4.015e-8","","","","","","2026-07-24T22:39:07.230Z",""
" ","EYpN7L66DMJXvdkoCZ5EBMtHVwkFiPXnBinZR2hppump","68","0.25","","","","","","","","","","","","","","","","","","","","","","","","","","","","","","","","","","","","","","","","0.000002001","","","","","","","2026-07-24T22:39:07.269Z","","","","","",""
"EXECUTE","H7HUnyenneXE8VPxqkjBgkJ994keDnu223yzCEDYpump","57","1.97530864","","","","","","","","","","","","","","","","","","","","","","","","","","","","","","","","","","","","","","","","0.000002066","","","","","","","2026-07-24T22:39:07.305Z","","","","","",""
"OPUS","CZkBEC8NSDscuv26tgEmRsuz7Xix9CXVxuQ3Znq3CVGx","55","0","","","","","","","","","","","","","","","","","","","","","","","","","","","","","","","","","","","","","","","","0.000002067","","","","","","","2026-07-24T22:40:07.252Z","","","","","",""
"PNL","23pLBmQSNS69kAfthKy8F57HYSQrmSFAV87E2Ep5pump","63","3","","","","","","","","","","","","","","","","","","","","","","","","","","","","","","","","","","","","","","","","0.000002176","","","","","","","2026-07-24T22:40:07.328Z","","","","","",""
"PCOIN","6AHrrM3BKnVNGf2GBHwptcpyoxAFQNSpamXbnNu4pump","60","0.400000001","","","","","","","","","","","","","","","","","","","","","","","","","","","","","","","","","","","","","","","","0.000002742","","","","","","","2026-07-24T22:40:07.349Z","","","","","",""
"jj","GnvH1AXcqK7UGNfMAmrGzGqWYMvAE7UQeUoTkBL8pump","","","","","","","","","","","","","","","","","","","","","","","","","","","","","","","","","","","","","","","","","","","","","","","","4.809e-7","","","","","","2026-07-24T22:40:07.382Z",""
"jj","DvvpJ7kLZNeQkdyxzxwQW24wNv7QZ4TqrJwhv2Mopump","","","","","","","","","","","","","","","","","","","","","","","","","","","","","","","","","","","","","","","","","","","","","","","","5.185e-7","","","","","","2026-07-24T22:41:07.231Z",""
"PCOIN","GU5vYrri2vq9JEGnxxo7y8Ewiabi3tAQiQRVV6Yppump","60","0.500000001","","","","","","","","","","","","","","","","","","","","","","","","","","","","","","","","","","","","","","","","0.000002408","","","","","","","2026-07-24T22:41:07.265Z","","","","","",""
"RABAB","3RUC27GENbGszgXDoMNET5ZdWQfVRXijV5mvZVVGpump","","","","","","","","","","","","","","","","","","","","","","","","","","","","","","","","","","","","","","","","","","","","","","","","4.629e-7","","","","","","2026-07-24T22:41:07.297Z",""
"DUG","4dj4YBSPsYY211C4QQh1vYf3Ry66RU7T9h6ASKnLpump","62","4.938271603","","","","","","","","","","","","","","","","","","","","","","","","","","","","","","","","","","","","","","","","0.000009481","","","","","","","2026-07-24T22:41:07.363Z","","","","","",""
"STABLE","EBL8fepg1f9mjBdegHmT5aca4cVbDchu5su7BQHZpump","57","1.97530864","","","","","","","","","","","","","","","","","","","","","","","","","","","","","","","","","","","","","","","","0.000002095","","","","","","","2026-07-24T22:42:07.385Z","","","","","",""
"DYOR","FLdj9mVDi4FrkryBQ3qsXnJYTqDyUDXEvUBxrWJ9pump","","","","","","","","","","","","","","","","","","","","","","","","","","","","","","","","","","","","","","","","","","","","","","","","1.768e-7","","","","","","2026-07-24T22:42:07.415Z",""
"TWERKHOG","3mFr9ZmHwb5bgu8LABA61Vosb8xXctgJx6Gd5vrhpump","100","2.962962961","","","","","","","","","","","","","","","","","","","","","","","","","","","","","","","","","","","","","","","","0.000002192","","","","","","","2026-07-24T22:42:07.452Z","","","","","",""
"$2500","6sgVe6VU8dAQWcjXFXDk9HrMPoVFCR3yNSagGezdpump","","","","","","","","","","","","","","","","","","","","","","","","","","","","","","","","","","","","","","","","","","","","","","","","2.887e-7","","","","","","2026-07-24T22:42:07.535Z",""
"LeRacist","7wnx4s4xHn8X91K4ktc9kuY35ER7YQxvDFaBTVbVpump","","","","","","","","","","","","","","","","","","","","","","","","","","","","","","","","","","","","","","","","","","","","","","","","1.293e-7","","","","","","2026-07-24T22:43:07.314Z",""
"FENT","722CicxUHgr5K1JuJQdMe7cmmvC3mc46sLAPiuo8pump","59","0.500000001","","","","","","","","","","","","","","","","","","","","","","","","","","","","","","","","","","","","","","","","0.000001419","","","","","","","2026-07-24T22:43:07.382Z","","","","","",""
"FLAPSY","EyZjBGHFbkN3Vt9DhPuoMJUDQNCQtiP16RXZHhHdpump","57","1.97530864","","","","","","","","","","","","","","","","","","","","","","","","","","","","","","","","","","","","","","","","0.000002099","","","","","","","2026-07-24T22:43:07.420Z","","","","","",""
"jj","9XmZ7E8AkZWVZAjvrWBoim2iuPLhEPDQsvmEhhFRpump","57","1.000000001","","","","","","","","","","","","","","","","","","","","","","","","","","","","","","","","","","","","","","","","0.000001405","","","","","","","2026-07-24T22:43:07.495Z","","","","","",""
"jj","HWLqN113Y82kUhvpWgsSqWKsuDCWKn2bJzQpTycMpump","56","1.000000001","","","","","","","","","","","","","","","","","","","","","","","","","","","","","","","","","","","","","","","","0.000002295","","","","","","","2026-07-24T22:44:07.307Z","","","","","",""
"DRILLCAT","2L1KiPVjp9forcTVV8ZGW3NSvvxgUstD1T8gaNnFpump","","","","","","","","","","","","","","","","","","","","","","","","","","","","","","","","","","","","","","","","","","","","","","","","2.395e-7","","","","","","2026-07-24T22:44:07.339Z",""
"FENT","3wyde5f69jgcfPkCe44Epq225emY6AqHm3JTuzdvpump","","","","","","","","","","","","","","","","","","","","","","","","","","","","","","","","","","","","","","","","","","","","","","","","1.859e-7","","","","","","2026-07-24T22:44:07.392Z",""
"ROID","Eo93HtcHVqT1dizjG9tedxKRsoJY4JAt5NQSBMV8pump","","","","","","","","","","","","","","","","","","","","","","","","","","","","","","","","","","","","","","","","","","","","","","","","0.00000111","","","","","","2026-07-24T22:44:07.493Z",""
"MMH","45tDNLNBVbFHyZUe8B17xHSqfuPoDWoquuW87Bkupump","75","0.059259258","","","","","","","","","","","","","","","","","","","","","","","","","","","","","","","","","","","","","","","","0.000002408","","","","","","","2026-07-24T22:45:07.147Z","","","","","",""
"TABLE","7xFgssjfe9aUVWT5wED69hbpmmtRYnBfrZgC7Jm2pump","","","","","","","","","","","","","","","","","","","","","","","","","","","","","","","","","","","","","","","","","","","","","","","","5.178e-9","","","","","","2026-07-24T22:45:07.185Z",""
"LILBABY","8Vz7to4AH9H528Q3dnZcDpSNbzyQwXgMvE6FsNEVpump","55","1.777777776","","","","","","","","","","","","","","","","","","","","","","","","","","","","","","","","","","","","","","","","0.000002171","","","","","","","2026-07-24T22:45:07.217Z","","","","","",""
"Octopus","Hh878EVUtsEhyMeDEjbnyisgP5wwKAJQ8mSHERBppump","56","5","","","","","","","","","","","","","","","","","","","","","","","","","","","","","","","","","","","","","","","","0.000004325","","","","","","","2026-07-24T22:45:07.294Z","","","","","",""
"TABLE","2mAg2MBbrLJVh9zKxXmr51YHJiXNbpf7irNweoekpump","","","","","","","","","","","","","","","","","","","","","","","","","","","","","","","","","","","","","","","","","","","","","","","","0.000001133","","","","","","2026-07-24T22:46:07.290Z",""
"jj","uCY5P3iwNqc7USbWWPvLzCAVnFJhJmtczDvE6p3pump","","","","","","","","","","","","","","","","","","","","","","","","","","","","","","","","","","","","","","","","","","","","","","","","3.504e-7","","","","","","2026-07-24T22:46:07.312Z",""
"旺旺","6a7u481rgqZHgcPxuVyY9D9SE2QhQJQiSZDH6aoCpump","57","0.493827158","","","","","","","","","","","","","","","","","","","","","","","","","","","","","","","","","","","","","","","","0.000001419","","","","","","","2026-07-24T22:46:07.340Z","","","","","",""
"TIFFY","FLGEtDCdHejYw9UsDK391r3RtA4g2VY2vPmrHxf6pump","","","","","","","","","","","","","","","","","","","","","","","","","","","","","","","","","","","","","","","","","","","","","","","","0.000002069","","","","","","2026-07-24T22:47:07.183Z",""
"corncat","Cr1FBkT67xxvw8R5QyW2Ei3xhFxEk2r6u4Ntp9u9pump","","","","","","","","","","","","","","","","","","","","","","","","","","","","","","","","","","","","","","","","","","","","","","","","8.938e-7","","","","","","2026-07-24T22:47:07.214Z",""
"Trump #47","7Ct5EbiDDSYa8rt6HTxSN7tGuFJNmYe4qDDSdPZ5pump","","","","","","","","","","","","","","","","","","","","","","","","","","","","","","","","","","","","","","","","","","","","","","","","8.339e-9","","","","","","2026-07-24T22:47:07.381Z",""
"Sharingan","4XnRkqALdvpXpNo79jviZPhNvbwPEWFKvHv9jBKXpump","","","","","","","","","","","","","","","","","","","","","","","","","","","","","","","","","","","","","","","","","","","","","","","","3.828e-8","","","","","","2026-07-24T22:47:07.408Z",""
"Cupsey","23QmZvjNxACrbjBxC466Ao95gu2UMfrUcF4ewUc9pump","","","","","","","","","","","","","","","","","","","","","","","","","","","","","","","","","","","","","","","","","","","","","","","","9.231e-7","","","","","","2026-07-24T22:48:07.191Z",""
"corncat","623qDTtUNveqksKTHhdNEZGECg665xyZseAWwSdFpump","","","","","","","","","","","","","","","","","","","","","","","","","","","","","","","","","","","","","","","","","","","","","","","","3.609e-7","","","","","","2026-07-24T22:48:07.260Z",""
"jj","BmKygB6hJ8LeTbvUrERTuzJ73SswaYqDQCYcqicwpump","","","","","","","","","","","","","","","","","","","","","","","","","","","","","","","","","","","","","","","","","","","","","","","","9.96e-7","","","","","","2026-07-24T22:48:07.301Z",""
"JESSE","Zt5BMVaKXHqw52hKcEvbAE2pXzuJHEyG4zrNWAgpump","","","","","","","","","","","","","","","","","","","","","","","","","","","","","","","","","","","","","","","","","","","","","","","","6.203e-7","","","","","","2026-07-24T22:48:07.584Z",""
"HIGHER","23QmvMBoH6HgiEEB4eGArRi55BuJFQYtDRHhZbYdpump","","","","","","","","","","","","","","","","","","","","","","","","","","","","","","","","","","","","","","","","","","","","","","","","2.137e-7","","","","","","2026-07-24T22:49:07.189Z",""
"jj","HAR5B1zNYw1EgFLykemFZ68AkjWDUwPvgnc6dWUMpump","56","1.000000001","","","","","","","","","","","","","","","","","","","","","","","","","","","","","","","","","","","","","","","","0.000006226","","","","","","","2026-07-24T22:49:07.242Z","","","","","",""
"ROOM","5wdRkhPxicwgwyWcqrpWeVxfQhN5W1wKaPgJRyEqpump","63","3","","","","","","","","","","","","","","","","","","","","","","","","","","","","","","","","","","","","","","","","0.000002067","","","","","","","2026-07-24T22:50:07.178Z","","","","","",""
"RAKO","23QnqHYenTyZXHUp9sLTvmWQEbVxtbfx88K7spCdpump","","","","","","","","","","","","","","","","","","","","","","","","","","","","","","","","","","","","","","","","","","","","","","","","2.131e-7","","","","","","2026-07-24T22:50:07.202Z",""
"stimmy","45H5RVE8szop86sQVaZDfkDxEo7CpoZbq6euAk6cpump","","","","","","","","","","","","","","","","","","","","","","","","","","","","","","","","","","","","","","","","","","","","","","","","2.096e-7","","","","","","2026-07-24T22:50:07.253Z",""
"BRYAN","J1ZMR3Av6idRu72sqtnARerNVJkqr81PdUPdu9BDpump","56","3","","","","","","","","","","","","","","","","","","","","","","","","","","","","","","","","","","","","","","","","0.000002067","","","","","","","2026-07-24T22:50:07.283Z","","","","","",""
"stimmy","H5R8mNXw45KESVshDxcyXpV5jVegSuTxQFf1vgvVpump","","","","","","","","","","","","","","","","","","","","","","","","","","","","","","","","","","","","","","","","","","","","","","","","0.000001121","","","","","","2026-07-24T22:51:07.309Z",""
"KETLER","9Q5w3tkpi24F45P3CvErqPbkvhD3TUMDffeD9aVFpump","","","","","","","","","","","","","","","","","","","","","","","","","","","","","","","","","","","","","","","","","","","","","","","","8.434e-7","","","","","","2026-07-24T22:51:07.344Z",""
"SpiderCat","DvJjhFsJiLo1VUVsyaFSxCNx87BAiKjgs7rPJuw9pump","82","4.246913579","","","","","","","","","","","","","","","","","","","","","","","","","","","","","","","","","","","","","","","","0.000002082","","","","","","","2026-07-24T22:51:07.422Z","","","","","",""
"Red","9F4kpgd6r7JceGeL6QSjDsFhYceH6dspvEiKZqc3pump","63","3","","","","","","","","","","","","","","","","","","","","","","","","","","","","","","","","","","","","","","","","0.000004982","","","","","","","2026-07-24T22:51:07.453Z","","","","","",""
"world","23QnzBVnLs5Ama2qrGVnY3wz3atj75DUzmZPEzNtpump","68","0.09875","","","","","","","","","","","","","","","","","","","","","","","","","","","","","","","","","","","","","","","","0.000002714","","","","","","","2026-07-24T22:52:07.198Z","","","","","",""
"STIMMY","GPxwoqdRLmhEvYSckhx7gPiiDWSFP7L52QpJnNnXpump","","","","","","","","","","","","","","","","","","","","","","","","","","","","","","","","","","","","","","","","","","","","","","","","0.000001143","","","","","","2026-07-24T22:52:07.292Z",""
"B2","DMEfizudinu4mUsJkQdSeeezJmB56Na9XzJgXSkSpump","57","1.97530864","","","","","","","","","","","","","","","","","","","","","","","","","","","","","","","","","","","","","","","","0.000002069","","","","","","","2026-07-24T22:52:07.316Z","","","","","",""
"jj","DSbLMXypCErgpcwVmWAFsmzRBukokyQPMkJYbm8Apump","55","1.000000001","","","","","","","","","","","","","","","","","","","","","","","","","","","","","","","","","","","","","","","","0.000008841","","","","","","","2026-07-24T22:53:07.130Z","","","","","",""
"ELOM22","5UZzR2U4isrFEX1vSSWdH2H2KSAokbMUJbC9WxyXpump","","","","","","","","","","","","","","","","","","","","","","","","","","","","","","","","","","","","","","","","","","","","","","","","3.698e-7","","","","","","2026-07-24T22:53:07.216Z",""
"HIGHER","4Q991WGxFbzLf4fc82FEZ648JksPpjdyPryzJJvdpump","93","24.691358022","","","","","","","","","","","","","","","","","","","","","","","","","","","","","","","","","","","","","","","","0.000008861","","","","","","","2026-07-24T22:53:07.237Z","","","","","",""
"jj","DBWwUGMxdRUcuAUKrTwkzuod5wCeU4S25WasqhMUpump","","","","","","","","","","","","","","","","","","","","","","","","","","","","","","","","","","","","","","","","","","","","","","","","3.972e-7","","","","","","2026-07-24T22:53:07.270Z",""
"STIMMY","Cw2T93TVR7dwWYi2QK4wd5p54Lt8DKW2uxH2WQHnpump","","","","","","","","","","","","","","","","","","","","","","","","","","","","","","","","","","","","","","","","","","","","","","","","2.892e-7","","","","","","2026-07-24T22:54:07.207Z",""
"ELON","FbbRopV8JSMaCj9UFD6aPvfVwDjpqoUyA9nXh7Gypump","","","","","","","","","","","","","","","","","","","","","","","","","","","","","","","","","","","","","","","","","","","","","","","","7.361e-7","","","","","","2026-07-24T22:54:07.243Z",""
"test","GJzzL9Ep7fs9B1tLFdWL8jKtDYBdY8EAEioJCeVypump","","","","","","","","","","","","","","","","","","","","","","","","","","","","","","","","","","","","","","","","","","","","","","","","0.000001276","","","","","","2026-07-24T22:54:07.279Z",""
"sun","2AtXF9L8GdXcXwYJ5cuXRdQCZdvApDwXxXA7zviYpump","","","","","","","","","","","","","","","","","","","","","","","","","","","","","","","","","","","","","","","","","","","","","","","","6.099e-9","","","","","","2026-07-24T22:54:07.392Z",""
"Sharingan","Hn6FTwU58EtmHAeN94MomFzRqosHVLBkpZNHmkuqpump","59","0.200000001","","","","","","","","","","","","","","","","","","","","","","","","","","","","","","","","","","","","","","","","0.000002978","","","","","","1.456e-7","2026-07-24T22:55:07.143Z","","","","","2026-07-24T22:56:07.176Z",""
" ","CfZzqTqYb6UQLf9ss9q7Asn4DLXWKzHSQ7H4ETCPbonk","62","9.875","","","","","","","","","","","","","","","","","","","","","","","","","","","","","","","","","","","","","","","","0.000003134","","","","","","","2026-07-24T22:55:07.168Z","","","","","",""
"FCAT","23QpJQkGU4vdQxS8a6jCiontYZNzmyUJ9Vc98c4Mpump","67","0.09875","","","","","","","","","","","","","","","","","","","","","","","","","","","","","","","","","","","","","","","","0.00005039","","","","","","","2026-07-24T22:55:07.222Z","","","","","",""
"BONKOALA","CpKFTezVQT8vUUoWqMKuywSrc8NpKmYPfrUC9Ha6Wtpn","","","","","","","","","","","","","","","","","","","","","","","","","","","","","","","","","","","","","","","","","","","","","","","","0.000002102","","","","","","2026-07-24T22:55:07.251Z",""
"KHAM","23QpSy79afQuU8Ej5Hzn73K4qKgotJiUgwBrUMGhpump","","","","","","","","","","","","","","","","","","","","","","","","","","","","","","","","","","","","","","","","","","","","","","","","5.845e-7","","","","","","2026-07-24T22:56:07.244Z",""
"TYPE","88KuYgD9W91gyTxYdmYJGgADBuTdgjkPgx79uCJHpump","77","9.876543208","","","","","","","","","","","","","","","","","","","","","","","","","","","","","","","","","","","","","","","","0.00001873","","","","","","","2026-07-24T22:56:07.281Z","","","","","",""
"13","FUTGvZp1YHtm5hrb5jzHpx7z6VKyCecyhGccTsybpump","60","5","","","","","","","","","","","","","","","","","","","","","","","","","","","","","","","","","","","","","","","","0.00000217","","","","","","","2026-07-24T22:57:07.273Z","","","","","",""
"LeBron","2hfayNyTR2rKdxAvvBAZzJ6o1QXHj166XDquo2iBpump","","","","","","","","","","","","","","","","","","","","","","","","","","","","","","","","","","","","","","","","","","","","","","","","6.77e-7","","","","","","2026-07-24T22:57:07.294Z",""
"Rima","6XjWRX5JqGzg9vgPsnpC4xpASB4mvgt2iHjP45stpump","","","","","","","","","","","","","","","","","","","","","","","","","","","","","","","","","","","","","","","","","","","","","","","","5.587e-7","","","","","","2026-07-24T22:57:07.326Z",""
"$PRXA","DSTjFvahSaVe5AGrxXJuec86V2mkuqrziizhy8kFpump","59","2.350617282","","","","","","","","","","","","","","","","","","","","","","","","","","","","","","","","","","","","","","","","0.000002431","","","","","","","2026-07-24T22:58:07.213Z","","","","","",""
"FSD","BooFz6wpR2VNBrtV7VSQ6AH3hq4Y1Q2otK2fLzAmpump","55","6.3","","","","","","","","","","","","","","","","","","","","","","","","","","","","","","","","","","","","","","","","0.000002238","","","","","","","2026-07-24T22:58:07.245Z","","","","","",""
"test","FhoDP6uSB8tVws6Thc3BRahJDbZjqH6QiRJsFxxDpump","","","","","","","","","","","","","","","","","","","","","","","","","","","","","","","","","","","","","","","","","","","","","","","","0.000001143","","","","","","2026-07-24T22:58:07.295Z",""
"Kimi","23QqhqBQucNy4mcHfNx1j19k4nBns1x8KWsMXEN6pump","","","","","","","","","","","","","","","","","","","","","","","","","","","","","","","","","","","","","","","","","","","","","","","","1.3e-7","","","","","","2026-07-24T22:58:07.328Z",""
"Getruggedniga","8sLxVKfnhyPCpUZjpNHfA5opMca8A5BkE2yKCgyQpump","","","","","","","","","","","","","","","","","","","","","","","","","","","","","","","","","","","","","","","","","","","","","","","","8.13e-7","","","","","","2026-07-24T22:59:07.149Z",""
"ORCAPEDO","AsjK86txAxg9g4yrPdaWr4zjP6SwYEVdwZ4cdT5Jpump","55","5","","","","","","","","","","","","","","","","","","","","","","","","","","","","","","","","","","","","","","","","0.000002067","","","","","","","2026-07-24T22:59:07.230Z","","","","","",""
"BitBoy ","23QqjKzktiRikTFiSZLUtjtN2Us9kafX8etJTbrfpump","","","","","","","","","","","","","","","","","","","","","","","","","","","","","","","","","","","","","","","","","","","","","","","","5.633e-7","","","","","","2026-07-24T22:59:07.251Z",""
"805K","23Qr8CCpomgp9MdQRrJrtEfBYHYCo1fudYpaURv8pump","","","","","","","","","","","","","","","","","","","","","","","","","","","","","","","","","","","","","","","","","","","","","","","","8.391e-7","","","","","","2026-07-24T23:00:07.174Z",""
"test","yapUdvbw5MhHiovpGPm3mj72fHZFtNzkNG7UMoDpump","71","0.98765432","","","","","","","","","","","","","","","","","","","","","","","","","","","","","","","","","","","","","","","","0.000001749","","","","","","","2026-07-24T23:00:07.254Z","","","","","",""
"TTTT","CYbaaDeq6TTe64PUMWheVbXVQg9fKN4erHTDSBrbpump","","","","","","","","","","","","","","","","","","","","","","","","","","","","","","","","","","","","","","","","","","","","","","","","4.031e-7","","","","","","2026-07-24T23:00:07.326Z",""
"PPRCN","3JFD6MCi9zrEhFFEfxoxWdZ1LhfVVmhpuCoiAHJdpump","","","","","","","","","","","","","","","","","","","","","","","","","","","","","","","","","","","","","","","","","","","","","","","","5.129e-7","","","","","","2026-07-24T23:00:07.371Z",""
"LeBron","6ZW86pSKoj15oXGmcQNGTCrqKSi13EfUyLAbEH9epump","60","0.060000001","","","","","","","","","","","","","","","","","","","","","","","","","","","","","","","","","","","","","","","","0.000001907","","","","","","","2026-07-24T23:01:07.187Z","","","","","",""
"13","DQW8ubWX8b5e8kLuZ6PvxiExBriet3Q4REkegdJ4pump","60","5","","","","","","","","","","","","","","","","","","","","","","","","","","","","","","","","","","","","","","","","0.000007096","","","","","","","2026-07-24T23:01:07.227Z","","","","","",""
"STARSHIT","23QraDHL2SzHQYDWuSYms357PjrsaEnBQAqVq261pump","","","","","","","","","","","","","","","","","","","","","","","","","","","","","","","","","","","","","","","","","","","","","","","","1.869e-7","","","","","","2026-07-24T23:01:07.303Z",""
"FT","FJQTfGw3oWF6sxX2ybThtwyAocTXrZ2PFqqekFFopump","61","2.716049381","","","","","","","","","","","","","","","","","","","","","","","","","","","","","","","","","","","","","","","","0.000003084","","","","","","","2026-07-24T23:01:07.333Z","","","","","",""
"GENNY","23QrmiYPM2yXjxkCzLevwWRcckns2szxmhpMD63Xpump","68","0.09875","","","","","","","","","","","","","","","","","","","","","","","","","","","","","","","","","","","","","","","","0.00001092","","","","","","","2026-07-24T23:02:07.220Z","","","","","",""
"test","3zBiStMM4ci2jRXZMHx2jR1RjsVJRHifvuMYXEMvpump","","","","","","","","","","","","","","","","","","","","","","","","","","","","","","","","","","","","","","","","","","","","","","","","1.931e-7","","","","","","2026-07-24T23:02:07.241Z",""
"YSL","EQfBmZUouXgNVPayN2K7RvEQVdnSVD9v2bRtCSFipump","","","","","","","","","","","","","","","","","","","","","","","","","","","","","","","","","","","","","","","","","","","","","","","","3.321e-7","","","","","","2026-07-24T23:02:07.304Z",""
"MJYH","2Cd6jmAXrykPKEMo1fyMv3qhXe81h7Z22XWm9X9Gpump","","","","","","","","","","","","","","","","","","","","","","","","","","","","","","","","","","","","","","","","","","","","","","","","1.22e-7","","","","","","2026-07-24T23:02:07.341Z",""
"SPCX","ApipuZM2PbwdETgcYA6PFvmnqjWoSP8YzJUGPZwApump","62","3","","","","","","","","","","","","","","","","","","","","","","","","","","","","","","","","","","","","","","","","0.000007728","","","","","","","2026-07-24T23:03:07.206Z","","","","","",""
"jj","5XbzgrCoBpHZzhHhWnqd4bA743tnvm9Z5Kv7Lzaypump","60","1.500000001","","","","","","","","","","","","","","","","","","","","","","","","","","","","","","","","","","","","","","","","0.0000528","","","","","","","2026-07-24T23:03:07.240Z","","","","","",""
"FTMMS","7LNfrHiXbqnN1LYG8RTRrRHuYaHQmHZrwDaY6tUCpump","","","","","","","","","","","","","","","","","","","","","","","","","","","","","","","","","","","","","","","","","","","","","","","","4.146e-7","","","","","","2026-07-24T23:03:07.273Z",""
"Charity","6i44caRTxcDFU6WHQrwG34d2UqPETDUCNptwqsdppump","67","4","","","","","","","","","","","","","","","","","","","","","","","","","","","","","","","","","","","","","","","","0.000003408","","","","","","","2026-07-24T23:03:07.347Z","","","","","",""
"Kira","CUTDYvbkziT8WtNX8ebt2EBz4P2Mn7GYCsJDX6rVpump","63","2.962962961","","","","","","","","","","","","","","","","","","","","","","","","","","","","","","","","","","","","","","","","0.000002068","","","","","","","2026-07-24T23:04:07.294Z","","","","","",""
"test","EWZYUuRfZNZ1nTeY6woKpFVeaTum2UKxYg6VSFe6pump","68","0.98765432","","","","","","","","","","","","","","","","","","","","","","","","","","","","","","","","","","","","","","","","0.000002037","","","","","","","2026-07-24T23:04:07.360Z","","","","","",""
"Shot","DdjAfBZ6bpMZBWqrzARhmfGi5eqDEPMQTqnGQx3Ypump","","","","","","","","","","","","","","","","","","","","","","","","","","","","","","","","","","","","","","","","","","","","","","","","3.759e-7","","","","","","2026-07-24T23:05:07.217Z",""
"SPCX","23QsZKqKMmCPRwTUjB28xGeaUWz3iEE9Pkuq4CfCpump","","","","","","","","","","","","","","","","","","","","","","","","","","","","","","","","","","","","","","","","","","","","","","","","1.601e-7","","","","","","2026-07-24T23:05:07.247Z",""
"CROW","FhxKnHfPkYTNzJ5RXcrsz3XeWrcfwGsnfLX9qFJZpump","57","1.97530864","","","","","","","","","","","","","","","","","","","","","","","","","","","","","","","","","","","","","","","","0.00000235","","","","","","","2026-07-24T23:05:07.276Z","","","","","",""
"jj","v6PgmSLNqUhBKcU9EiTBgdZN5QRfzVDmELaMUKXpump","","","","","","","","","","","","","","","","","","","","","","","","","","","","","","","","","","","","","","","","","","","","","","","","7.481e-7","","","","","","2026-07-24T23:05:07.311Z",""
"NEURON","23QsbsHsoJ9dzXBFKhdk9vdHzPXJmHkuQSAPTDbcpump","","","","","","","","","","","","","","","","","","","","","","","","","","","","","","","","","","","","","","","","","","","","","","","","0.000001073","","","","","","2026-07-24T23:06:07.144Z",""
"SpiderMan","D4pStJ7XSzBG3Uau5ESHd5vGAZeY4aEgP55UM8qxpump","","","","","","","","","","","","","","","","","","","","","","","","","","","","","","","","","","","","","","","","","","","","","","","","0.000002084","","","","","","2026-07-24T23:06:07.189Z",""
"LeBron","4zbtoM4kb9XAcc6K1qhpDMVJamCHHVEZ8JFzdW9zpump","","","","","","","","","","","","","","","","","","","","","","","","","","","","","","","","","","","","","","","","","","","","","","","","2.757e-7","","","","","","2026-07-24T23:06:07.228Z",""
"babyjimoth","AXF1Pevpv4XGQYqeChqTn3mgxBmUmDAutd6C3B9Bpump","","","","","","","","","","","","","","","","","","","","","","","","","","","","","","","","","","","","","","","","","","","","","","","","1.389e-8","","","","","","2026-07-24T23:07:07.207Z",""
"Tungtesto","8vZwDCW3yjz7v96rhW39joW7aMhSd4ND6Pk6N71Kpump","","","","","","","","","","","","","","","","","","","","","","","","","","","","","","","","","","","","","","","","","","","","","","","","3.183e-7","","","","","","2026-07-24T23:07:07.242Z",""
"jj","9ePQY3AVcEVbGGExKxMuRsdJzXBJ2ymgBRHmisCnpump","","","","","","","","","","","","","","","","","","","","","","","","","","","","","","","","","","","","","","","","","","","","","","","","2.694e-7","","","","","","2026-07-24T23:07:07.276Z",""
"TEST","4V6uC4Bm3JxnMiGf1CRhXqAWJ9t3E8uW4KhEKdzWpump","67","0.98765432","","","","","","","","","","","","","","","","","","","","","","","","","","","","","","","","","","","","","","","","0.000003748","","","","","","","2026-07-24T23:07:07.309Z","","","","","",""
"KKMM22","9PpaNjf6GcPXkCZX3M68eoHmJqir7zguSw4T5WMXpump","","","","","","","","","","","","","","","","","","","","","","","","","","","","","","","","","","","","","","","","","","","","","","","","3.73e-7","","","","","","2026-07-24T23:08:07.267Z",""
"LeBron","ANYMd4r3y7ghU5whHNwWN4jq513q1TaAGiwX519ppump","","","","","","","","","","","","","","","","","","","","","","","","","","","","","","","","","","","","","","","","","","","","","","","","2.905e-7","","","","","","2026-07-24T23:08:07.291Z",""
"CRACK","DP6g54hxfFcvuNK5Sb7L14BDQYWxkFQNoTEcBcKEpump","57","1.100000001","","","","","","","","","","","","","","","","","","","","","","","","","","","","","","","","","","","","","","","","0.00000385","","","","","","","2026-07-24T23:08:07.327Z","","","","","",""
"✨️ ","HcZSWQ1ykrUoBL8SHsNsuMQcLw9rThmgikUrrpd5pump","","","","","","","","","","","","","","","","","","","","","","","","","","","","","","","","","","","","","","","","","","","","","","","","1.071e-7","","","","","","2026-07-24T23:08:07.360Z",""
"Pumpjak","23Qsdo52ivCuzV13TiyDCNiiQFpx6dSQPH3Qzasxpump","65","0.09875","","","","","","","","","","","","","","","","","","","","","","","","","","","","","","","","","","","","","","","","0.000002655","","","","","","","2026-07-24T23:09:07.223Z","","","","","",""
"LeBron","45Cn4bLZA8igXb3bLtUfXT8Yadq9sGjGmUmcRy73pump","","","","","","","","","","","","","","","","","","","","","","","","","","","","","","","","","","","","","","","","","","","","","","","","7.852e-8","","","","","","2026-07-24T23:09:07.264Z",""
"dogi","EXj5JUmpRJ2qw4dkdK1CTxhqzxvpjJQmSjrENCi7pump","74","6.159999999","","","","","","","","","","","","","","","","","","","","","","","","","","","","","","","","","","","","","","","","0.000002419","","","","","","","2026-07-24T23:09:07.299Z","","","","","",""
"CRACK","AtP7cQck2pNyACqBypQoCWM9deS6EuFP7QpzPhoipump","64","2.000000001","","","","","","","","","","","","","","","","","","","","","","","","","","","","","","","","","","","","","","","","0.000002649","","","","","","","2026-07-24T23:09:07.331Z","","","","","",""
"LeBron","FXVP9j3MvBwKVppyM5NC6EHFkhWNgamfUUFmoXnupump","","","","","","","","","","","","","","","","","","","","","","","","","","","","","","","","","","","","","","","","","","","","","","","","5.745e-7","","","","","","2026-07-24T23:10:07.166Z",""
"Alfie","HBmuR6oeq9DwsQBzJ6PeJNm695r9fPGv61U8z93spump","57","1.97530864","","","","","","","","","","","","","","","","","","","","","","","","","","","","","","","","","","","","","","","","0.000002171","","","","","","","2026-07-24T23:10:07.211Z","","","","","",""
"CRACK","5jXSGkiJ5L82HVEEBaajetzKtoUZt9nD6HXs232Hpump","67","2.500000001","","","","","","","","","","","","","","","","","","","","","","","","","","","","","","","","","","","","","","","","0.000004256","","","","","","","2026-07-24T23:10:07.267Z","","","","","",""
"CLOSED","6VF9sUwskvQFoeP2GnFW6VLCC9u4MYVsycgUWes2pump","59","5","","","","","","","","","","","","","","","","","","","","","","","","","","","","","","","","","","","","","","","","0.000002079","","","","","","","2026-07-24T23:10:07.303Z","","","","","",""
"BROWN","C3FwVkXryFWWk3uxuPryNgQM6c3aMk788oBErFFpump","56","1.938035595","","","","","","","","","","","","","","","","","","","","","","","","","","","","","","","","","","","","","","","","0.000002077","","","","","","","2026-07-24T23:11:07.121Z","","","","","",""
"DIV","R2grhoWbJvVMcGGmJH1Pj3h2dYkkkcqtYbbRBaZpump","67","2.999999999","","","","","","","","","","","","","","","","","","","","","","","","","","","","","","","","","","","","","","","","0.000002079","","","","","","","2026-07-24T23:11:07.183Z","","","","","",""
"ANIMALS","3WJFb6vNfSt7aE4bFtt7U49EALrR1ZD7ZQP6fdkRpump","57","1.97530864","","","","","","","","","","","","","","","","","","","","","","","","","","","","","","","","","","","","","","","","0.000002178","","","","","","","2026-07-24T23:11:07.245Z","","","","","",""
"Yenai","23Qt1SJon3tsEKBVxy1NnKtQYKKSVzXkGiukZsuXpump","64","0.09875","","","","","","","","","","","","","","","","","","","","","","","","","","","","","","","","","","","","","","","","0.000001257","","","","","","","2026-07-24T23:12:07.167Z","","","","","",""
"dih","4hdFCaFEgPFFaa6TuR5faMLNfeXQviKJZ7M2EAHXpump","57","1.97530864","","","","","","","","","","","","","","","","","","","","","","","","","","","","","","","","","","","","","","","","0.000002162","","","","","","","2026-07-24T23:12:07.191Z","","","","","",""
"MANGOWIZ","E9dwWDyetuxxjRCrz8aU4ha4YrrEFrJjwMMn5o1vpump","","","","","","","","","","","","","","","","","","","","","","","","","","","","","","","","","","","","","","","","","","","","","","","","1.865e-7","","","","","","2026-07-24T23:12:07.233Z",""
"spidercat","CL3dH6vyjy2xQi4WPGgxawvzfCxCCRsvsvr3Qzz2pump","64","4.938271603","","","","","","","","","","","","","","","","","","","","","","","","","","","","","","","","","","","","","","","","0.000002211","","","","","","","2026-07-24T23:12:07.271Z","","","","","",""
"coin","7LSGCF45pBn3Eh6tDgkrkVvVBk4n46yM9UFgv2zpump","72","0.800000001","","","","","","","","","","","","","","","","","","","","","","","","","","","","","","","","","","","","","","","","0.000003533","","","","","","","2026-07-24T23:13:07.169Z","","","","","",""
"Wendi","HDissadqaezYRbufzZiA6hhxVKuaAQmnCdKbenNipump","62","2.999999999","","","","","","","","","","","","","","","","","","","","","","","","","","","","","","","","","","","","","","","","0.000002321","","","","","","","2026-07-24T23:13:07.246Z","","","","","",""
"LeBron","98fACE64j6HVDk3fknhzKDJWhCjMHu7svGquv3copump","","","","","","","","","","","","","","","","","","","","","","","","","","","","","","","","","","","","","","","","","","","","","","","","4.515e-7","","","","","","2026-07-24T23:13:07.289Z",""
"dogi","CAsCJX2Ye8sf5j525UyVsNUbZkSZ4wayyChrXyizpump","69","4.399999999","","","","","","","","","","","","","","","","","","","","","","","","","","","","","","","","","","","","","","","","0.000003065","","","","","","","2026-07-24T23:13:07.326Z","","","","","",""
"兜福","7DNxD6ZYao37dftnL5eiosGBB31h8LiBifFLq4P2pump","57","1.97530864","","","","","","","","","","","","","","","","","","","","","","","","","","","","","","","","","","","","","","","","0.000002111","","","","","","","2026-07-24T23:14:07.267Z","","","","","",""
"MAYNIG","ANi4TLrkTk7Tootn3v3HCLjgkpxeVXA2yR3XtJAypump","","","","","","","","","","","","","","","","","","","","","","","","","","","","","","","","","","","","","","","","","","","","","","","","0.000001143","","","","","","2026-07-24T23:14:07.308Z",""
"LeBron","CoFE3QZ4NaXGy33gDSEEQ9FKrZpctY34NbLVjAFPpump","","","","","","","","","","","","","","","","","","","","","","","","","","","","","","","","","","","","","","","","","","","","","","","","1.919e-7","","","","","","2026-07-24T23:14:07.333Z",""
"HARU","23QuAqUfkXiUAUGHkyHgvEWETvjVmcxijqCDrA5mpump","","","","","","","","","","","","","","","","","","","","","","","","","","","","","","","","","","","","","","","","","","","","","","","","1.859e-9","","","","","","2026-07-24T23:15:07.183Z",""
"Shot","23QvhTcUu77cCARUu3ADGEH5NuMBnCwpcYqnrtABpump","","","","","","","","","","","","","","","","","","","","","","","","","","","","","","","","","","","","","","","","","","","","","","","","0.000001246","","","","","","2026-07-24T23:15:07.206Z",""
"SOLABOOK","734iiwYsdLz6sGkhvmizCFNauzG1cFtXtyhRW1e7pump","58","2.172839505","","","","","","","","","","","","","","","","","","","","","","","","","","","","","","","","","","","","","","","","0.000002134","","","","","","","2026-07-24T23:15:07.246Z","","","","","",""
"BeeBeeL","23QwjYSVj1SsSMgZy22sWvUhgtZpgTbqNhuJ56Ptpump","68","0.09875","","","","","","","","","","","","","","","","","","","","","","","","","","","","","","","","","","","","","","","","0.000001399","","","","","","","2026-07-24T23:16:07.193Z","","","","","",""
"BeeBeeL","EysaAiFhWMdUsdE1R9mvC1mDzpUgMCRZAhHK7tHgpump","57","1.97530864","","","","","","","","","","","","","","","","","","","","","","","","","","","","","","","","","","","","","","","","0.000002176","","","","","","","2026-07-24T23:16:07.225Z","","","","","",""
"HIMA","HbNDUR5GQUBZfpCMrsJB8ePEfpqpbnKjntjvPdEApump","56","1.905619751","","","","","","","","","","","","","","","","","","","","","","","","","","","","","","","","","","","","","","","","0.000002266","","","","","","","2026-07-24T23:16:07.281Z","","","","","",""
"BeeBeeL","BByfFv83Z9nEE8jCXZGXUHjZttz5poBfqzrngXFbpump","65","2.999999999","","","","","","","","","","","","","","","","","","","","","","","","","","","","","","","","","","","","","","","","0.000003536","","","","","","","2026-07-24T23:16:07.312Z","","","","","",""
"MRS","Ei46V2D5yNgqRXqQd5EiaPRvMn41Bh1JFqNbzcvSpump","58","0.059259258","","","","","","","","","","","","","","","","","","","","","","","","","","","","","","","","","","","","","","","","0.000001274","","","","","","","2026-07-24T23:17:07.127Z","","","","","",""
"uni","BvJDhkeM9iUJSBbuTCN7RHHwPyscb8wzMFjYvpbhpump","57","1.97530864","","","","","","","","","","","","","","","","","","","","","","","","","","","","","","","","","","","","","","","","0.000002122","","","","","","","2026-07-24T23:17:07.192Z","","","","","",""
"EYPΩ","FL3oz3Bbby9oN7h5iHDY1yRMjLnnEhLruxC4vMQopump","72","6.913580245","","","","","","","","","","","","","","","","","","","","","","","","","","","","","","","","","","","","","","","","0.000002076","","","","","","","2026-07-24T23:17:07.221Z","","","","","",""
"MEMENOTE","23Qx2p717MyFGrXqkHFdV5swbUbeqtsy6niEgGGUpump","","","","","","","","","","","","","","","","","","","","","","","","","","","","","","","","","","","","","","","","","","","","","","","","4.057e-7","","","","","","2026-07-24T23:17:07.337Z",""
"dogi","2bz278eZvAJhxvV7vvQJwkaCqdHEWSqsyH7b73jkpump","67","3.91111111","","","","","","","","","","","","","","","","","","","","","","","","","","","","","","","","","","","","","","","","0.000002551","","","","","","","2026-07-24T23:18:07.166Z","","","","","",""
"hustler","5WwwB1vdA6vCXMJtdp5SKNS8LAK4V8T2syjSdKefpump","","","","","","","","","","","","","","","","","","","","","","","","","","","","","","","","","","","","","","","","","","","","","","","","2.271e-8","","","","","","2026-07-24T23:18:07.211Z",""
"dogi","23QxPD91SUC2nbtwkSMu7ePEjdcrV8L4LF4TSNMMpump","","","","","","","","","","","","","","","","","","","","","","","","","","","","","","","","","","","","","","","","","","","","","","","","7.683e-7","","","","","","2026-07-24T23:18:07.252Z",""
"EYPΩ","67UvHgru25zTCzv22P2bFLBvAyVKEVRuKuVGwVDHZdbW","70","6.9125","","","","","","","","","","","","","","","","","","","","","","","","","","","","","","","","","","","","","","","","0.00000313","","","","","","","2026-07-24T23:18:07.288Z","","","","","",""
"LUC","3xNR1RohcUVAqKGufeKsxDmrx9T5AEQ7KnMKx2YQpump","","","","","","","","","","","","","","","","","","","","","","","","","","","","","","","","","","","","","","","","","","","","","","","","2.13e-9","","","","","","2026-07-24T23:19:07.130Z",""
"RunYenai","EdVUswND3FbFjKnNRdu1tduAtRU21rP7D82JGT7epump","57","1.97530864","","","","","","","","","","","","","","","","","","","","","","","","","","","","","","","","","","","","","","","","0.000002143","","","","","","","2026-07-24T23:19:07.164Z","","","","","",""
"PINO","23QyA1ra6rUjhYFhhk8A2HAgi2Z6J5ASWS56YGyxpump","","","","","","","","","","","","","","","","","","","","","","","","","","","","","","","","","","","","","","","","","","","","","","","","1.26e-7","","","","","","2026-07-24T23:19:07.216Z",""
"LTP","GRmzUdw97vtjFX1zrDFBeMqjnjDNH6BZb3AFQn3ppump","65","0.059259258","","","","","","","","","","","","","","","","","","","","","","","","","","","","","","","","","","","","","","","","0.0001018","","","","","","","2026-07-24T23:19:07.244Z","","","","","",""
"UNPEPE","23Qz2q3sWddzSr3pKAtejNst4qXeyuVy29VdwjnVpump","71","0.09875","","","","","","","","","","","","","","","","","","","","","","","","","","","","","","","","","","","","","","","","0.00001709","","","","","","","2026-07-24T23:20:07.189Z","","","","","",""
"Gelato","Eky6izY4LArSoipHnNez6enFoMk9AqNpqKn8Ftr6pump","63","2.962962961","","","","","","","","","","","","","","","","","","","","","","","","","","","","","","","","","","","","","","","","0.000003095","","","","","","","2026-07-24T23:20:07.219Z","","","","","",""
"coin","CozhtGKq7Nx3UjwAgrSkrAr5wzz31PGea4CeMfrApump","","","","","","","","","","","","","","","","","","","","","","","","","","","","","","","","","","","","","","","","","","","","","","","","2.679e-7","","","","","","2026-07-24T23:20:07.252Z",""
"UNPEPE","A9nbnnuaZimivGU1sjfBBSc17hdf8h3Wg5JPeBLmpump","57","1.97530864","","","","","","","","","","","","","","","","","","","","","","","","","","","","","","","","","","","","","","","","0.000002568","","","","","","","2026-07-24T23:20:07.310Z","","","","","",""
"frogcat","C2AmZKnKTfhhN99pugFrL71kBxVXHkBmDcFJaYgXpump","57","1.946172838","","","","","","","","","","","","","","","","","","","","","","","","","","","","","","","","","","","","","","","","0.000002208","","","","","","","2026-07-24T23:21:07.168Z","","","","","",""
"HOLD","5piSeucXwR7D8V8qpqiaWGaHFF42oLPywkgfYaG2pump","57","1.97530864","","","","","","","","","","","","","","","","","","","","","","","","","","","","","","","","","","","","","","","","0.000002167","","","","","","","2026-07-24T23:21:07.200Z","","","","","",""
"LUC","CdVgM1q7xyFJ6y4jSRiedwjeMY1aLiF4cew5Zdb1pump","99","0.066600001","","","","","","","","","","","","","","","","","","","","","","","","","","","","","","","","","","","","","","","","0.000003575","","","","","","","2026-07-24T23:21:07.288Z","","","","","",""
"HOLD","4eRgnA76mG3UmXZ7rnCaN1DvoggWuBXCBsMmQ7SRpump","63","3.083247688","","","","","","","","","","","","","","","","","","","","","","","","","","","","","","","","","","","","","","","","0.000006873","","","","","","","2026-07-24T23:21:07.318Z","","","","","",""
"ミーム","23R1Jjy3FkFcN48Bw54g1RUhPgkVcqu2ANqCbyMDpump","","","","","","","","","","","","","","","","","","","","","","","","","","","","","","","","","","","","","","","","","","","","","","","","9.372e-8","","","","","","2026-07-24T23:22:07.131Z",""
"ミーム","1AtL9N77smMdD29dbtNujqDqafZdShC7GLQCdLbpump","57","1.953896295","","","","","","","","","","","","","","","","","","","","","","","","","","","","","","","","","","","","","","","","0.000002172","","","","","","","2026-07-24T23:22:07.186Z","","","","","",""
"HOLD","Gd6r2d3tByKZiUBuWN39x7E7UyDgTMX92QtqLuVKpump","57","1.97530864","","","","","","","","","","","","","","","","","","","","","","","","","","","","","","","","","","","","","","","","0.000002065","","","","","","","2026-07-24T23:22:07.212Z","","","","","",""
"High","CjwoCQdrwKej58yHRsdHcJ9wCRyQWRZwMZRJ1dCYpump","55","4.938271603","","","","","","","","","","","","","","","","","","","","","","","","","","","","","","","","","","","","","","","","0.000002302","","","","","","","2026-07-24T23:22:07.241Z","","","","","",""
"test","76GFTM5chGeT5pw8jxbxoi783K58rTHu8vVwmFX6pump","65","0.98765432","","","","","","","","","","","","","","","","","","","","","","","","","","","","","","","","","","","","","","","","0.00000276","","","","","","","2026-07-24T23:23:07.160Z","","","","","",""
"dogi","9vEEcHZtaidP1xt9tV8roU3XCaJbmpqSddVyNHFTpump","","","","","","","","","","","","","","","","","","","","","","","","","","","","","","","","","","","","","","","","","","","","","","","","0.000002245","","","","","","2026-07-24T23:23:07.193Z",""
"Jimothyk","38nL2ymbodcuTNQyduxrb6qC4a4R2iSx9uHbZiKypump","","","","","","","","","","","","","","","","","","","","","","","","","","","","","","","","","","","","","","","","","","","","","","","","2.002e-8","","","","","","2026-07-24T23:23:07.226Z",""
"NOTCOIN","ByZkaJk8We6D29jHv5Tt2dMJ3178ki38Nj7eNMnvpump","57","1.97530864","","","","","","","","","","","","","","","","","","","","","","","","","","","","","","","","","","","","","","","","0.000002065","","","","","","","2026-07-24T23:23:07.263Z","","","","","",""
"tripleA","7ejPfDDbH4RnDvXqed4xZBvuoAoJaEbscDGzndSPpump","61","0.060000001","","","","","","","","","","","","","","","","","","","","","","","","","","","","","","","","","","","","","","","","0.000003101","","","","","","","2026-07-24T23:24:07.130Z","","","","","",""
"USUR","DMciwDbNV9PtqiRxrxfRxqMJV6W8oqKDVf9zXBYJpump","88","21.72839506","","","","","","","","","","","","","","","","","","","","","","","","","","","","","","","","","","","","","","","","0.000006166","","","","","","","2026-07-24T23:24:07.209Z","","","","","",""
"larp","WTw7g73fsQaXsK7wSF5jc5pgR9vkBDahbHAdSjDpump","","","","","","","","","","","","","","","","","","","","","","","","","","","","","","","","","","","","","","","","","","","","","","","","8.835e-8","","","","","","2026-07-24T23:24:07.246Z",""
"TOPDOG","6NGfQ7xUCMrTmKHrEg5p3KRLfXR5iwhBe3rV5bbtpump","55","1.742320986","","","","","","","","","","","","","","","","","","","","","","","","","","","","","","","","","","","","","","","","0.000002076","","","","","","","2026-07-24T23:24:07.332Z","","","","","",""
"BIRDIE","23R277yD1QtGKjatT6VBvz5ZRCxfQzFiqW5CczPVpump","","","","","","","","","","","","","","","","","","","","","","","","","","","","","","","","","","","","","","","","","","","","","","","","1.321e-7","","","","","","2026-07-24T23:25:07.222Z",""
"Wilcox","CAzAiYmJHiBcnenS2ZHg1TuB7uL3XsdbFQPHGTDWpump","58","2.962962961","","","","","","","","","","","","","","","","","","","","","","","","","","","","","","","","","","","","","","","","0.000002435","","","","","","","2026-07-24T23:25:07.254Z","","","","","",""
"SOLY","4i1GC7CoBnPpKuLVDuKPq5vobQpr4JU5jpFZJRYXpump","55","1.777777776","","","","","","","","","","","","","","","","","","","","","","","","","","","","","","","","","","","","","","","","0.000002093","","","","","","","2026-07-24T23:25:07.286Z","","","","","",""
"Homer","AvryuSoh4hkqKSURa6U22XwFMsvf1xQCppLg3tRFpump","","","","","","","","","","","","","","","","","","","","","","","","","","","","","","","","","","","","","","","","","","","","","","","","9.568e-8","","","","","","2026-07-24T23:25:07.321Z",""
"Rape","2xmWCwaufX3jNXgfVmcxwNagGvCjZXgeXANmYX5ppump","80","9.876543208","","","","","","","","","","","","","","","","","","","","","","","","","","","","","","","","","","","","","","","","0.000004347","","","","","","","2026-07-24T23:26:07.227Z","","","","","",""
"$JIM","mD1Z4xsaGDWGNSPyPBATQiC84QLnsgXNZTggBpvpump","88","0.200031254","","","","","","","","","","","","","","","","","","","","","","","","","","","","","","","","","","","","","","","","0.00000227","","","","","","","2026-07-24T23:26:07.261Z","","","","","",""
"MEIKA","BxHEFKSsbPk8x6N6k3LXs2Vspoky3W76W8Lni2Zupump","64","5","","","","","","","","","","","","","","","","","","","","","","","","","","","","","","","","","","","","","","","","0.000002169","","","","","","","2026-07-24T23:26:07.295Z","","","","","",""
"PUMPCTO","HpjcQGrvVJmuhLr95wPwgUAsj8zPXBEeMPvVkFwMpump","73","5.925925924","","","","","","","","","","","","","","","","","","","","","","","","","","","","","","","","","","","","","","","","0.000002134","","","","","","","2026-07-24T23:26:07.332Z","","","","","",""
"しばお","23R2dJVuusYiW8copfyfU2VrfSAaxSS2CWNJYZzvpump","67","0.09875","","","","","","","","","","","","","","","","","","","","","","","","","","","","","","","","","","","","","","","","0.000001974","","","","","","","2026-07-24T23:27:07.187Z","","","","","",""
"STOCKPAIRS","23R31knUxtL9M7DPQJET93X96FYzeweLXqs4eHg7pump","","","","","","","","","","","","","","","","","","","","","","","","","","","","","","","","","","","","","","","","","","","","","","","","8.158e-7","","","","","","2026-07-24T23:28:07.192Z",""
"Drain","CJ8HSEXqmRAFrdMG4Jfx8dz5PoBZnhrV4o9nqX5Ypump","","","","","","","","","","","","","","","","","","","","","","","","","","","","","","","","","","","","","","","","","","","","","","","","1.252e-7","","","","","","2026-07-24T23:28:07.221Z",""
"Ghost","yCySjLrDuTE9H2tyvTXgFSBxQiGkTP5pUDZ6nH6pump","58","2.093718843","","","","","","","","","","","","","","","","","","","","","","","","","","","","","","","","","","","","","","","","0.000002544","","","","","","","2026-07-24T23:28:07.253Z","","","","","",""
"free lamb","3j3SFYvKd5qmFJyUktajYTWEsrrHTGmSxXNDCZcGpump","66","0.500000001","","","","","","","","","","","","","","","","","","","","","","","","","","","","","","","","","","","","","","","","0.000001383","","","","","","","2026-07-24T23:28:07.356Z","","","","","",""
"Tbvnks","23R38TtdgWfYpeiJbUge6zeNf2HvQWEouxxMSgnSpump","","","","","","","","","","","","","","","","","","","","","","","","","","","","","","","","","","","","","","","","","","","","","","","","1.996e-8","","","","","","2026-07-24T23:29:07.263Z",""
"LMAO!","55zkpXaVmhwRkcXZAmQ182hLeegA3qwSddDjsABNpump","64","5","","","","","","","","","","","","","","","","","","","","","","","","","","","","","","","","","","","","","","","","0.000002102","","","","","","","2026-07-24T23:29:07.288Z","","","","","",""
"JDC","23R3U1scLe1uoFRsGxUWiyjQKLqEZzP7eismnykxpump","","","","","","","","","","","","","","","","","","","","","","","","","","","","","","","","","","","","","","","","","","","","","","","","4.31e-7","","","","","","2026-07-24T23:29:07.372Z",""
"dogi","qYU3e3e6jpuqsmuvpepjN4gV48e9aWjuTLRDdhnpump","","","","","","","","","","","","","","","","","","","","","","","","","","","","","","","","","","","","","","","","","","","","","","","","0.000002261","","","","","","2026-07-24T23:29:07.393Z",""
"Drained","DJ85VDcQLeuJ7YgBx3E7TMcpkdH2bPWhKY1DhyoUpump","62","0.98765432","","","","","","","","","","","","","","","","","","","","","","","","","","","","","","","","","","","","","","","","0.000003324","","","","","","","2026-07-24T23:30:07.152Z","","","","","",""
"SOLNOTE","23R3YgP8S4Vm47iqSjAa43iV1qX7LedvbKZxQbHGpump","","","","","","","","","","","","","","","","","","","","","","","","","","","","","","","","","","","","","","","","","","","","","","","","8.989e-7","","","","","","2026-07-24T23:30:07.180Z",""
"GANNY","7GbbUe95fDJQjhKHrBhMi12g5Pc2VgdiaSEaazNppump","","","","","","","","","","","","","","","","","","","","","","","","","","","","","","","","","","","","","","","","","","","","","","","","4.329e-7","","","","","","2026-07-24T23:30:07.220Z",""
"DOD","JPKi3bUMq5eyNrcnzDgTJwv5foz2ZvjtNUdjBYRpump","55","5","","","","","","","","","","","","","","","","","","","","","","","","","","","","","","","","","","","","","","","","0.000002065","","","","","","","2026-07-24T23:30:07.330Z","","","","","",""
"dogi","EcoVsVy6SQwTRYNLKBaz1zw3SVFcqx7UvY3xoMNtpump","84","13.688888887","","","","","","","","","","","","","","","","","","","","","","","","","","","","","","","","","","","","","","","","0.000004487","","","","","","","2026-07-24T23:31:07.121Z","","","","","",""
"LUC","7ebbddZBMY4bL4XHBdJV8wJz2RaRcU1qw2UUqtXepump","","","","","","","","","","","","","","","","","","","","","","","","","","","","","","","","","","","","","","","","","","","","","","","","2.324e-7","","","","","","2026-07-24T23:31:07.155Z",""
"land","6mgxSw15X9cDQbtWupqtdph4rZGtHJSqWNqqoYRDpump","57","1.97530864","","","","","","","","","","","","","","","","","","","","","","","","","","","","","","","","","","","","","","","","0.000002076","","","","","","","2026-07-24T23:31:07.217Z","","","","","",""
"DOGEJJ","5HPNQ5suHYn6CnipphZoM9HiVobuoFMKN5azasL2pump","","","","","","","","","","","","","","","","","","","","","","","","","","","","","","","","","","","","","","","","","","","","","","","","4.044e-7","","","","","","2026-07-24T23:31:07.246Z",""
"shitcoin","5oyQx8zd4uxRRmXTGZ6RygkjrW2BibER2fT4pp8wpump","57","1.97530864","","","","","","","","","","","","","","","","","","","","","","","","","","","","","","","","","","","","","","","","0.000002117","","","","","","","2026-07-24T23:32:07.243Z","","","","","",""
"OS","23R44Z7z5h6CkPGd3wSyhqcJPUze6rGDjArmfgFrpump","","","","","","","","","","","","","","","","","","","","","","","","","","","","","","","","","","","","","","","","","","","","","","","","0.000003119","","","","","","2026-07-24T23:32:07.304Z",""
"Neegy","BLj8ThFsf1PGFusJR6ZhdfCsa8xGsLJzw9DvS8rrpump","60","0.790123455","","","","","","","","","","","","","","","","","","","","","","","","","","","","","","","","","","","","","","","","0.000002994","","","","","","","2026-07-24T23:32:07.342Z","","","","","",""
"USOH","23R3ZsZJp5fBJrE69kJrjQt373kXLUmLW3Ww4NxCpump","","","","","","","","","","","","","","","","","","","","","","","","","","","","","","","","","","","","","","","","","","","","","","","","2.847e-7","","","","","","2026-07-24T23:32:07.367Z",""
"Frogmouth","14Nc3boJNj5q5GyyDf1k3qkKDoa74RzDPtdG516Spump","57","1.97530864","","","","","","","","","","","","","","","","","","","","","","","","","","","","","","","","","","","","","","","","0.000002541","","","","","","","2026-07-24T23:33:07.135Z","","","","","",""
"VAULT","H35tBHLcCpmBsdhgqwCUzSjEUoVA3YFyybmDG4g5pump","55","0.296296295","","","","","","","","","","","","","","","","","","","","","","","","","","","","","","","","","","","","","","","","0.000003069","","","","","","","2026-07-24T23:33:07.217Z","","","","","",""
"Charity","CeXTDcdPVmSnAYqyyR1iqyWSfcZB48Z4m3RgE3ijpump","63","4","","","","","","","","","","","","","","","","","","","","","","","","","","","","","","","","","","","","","","","","0.000007927","","","","","","","2026-07-24T23:33:07.248Z","","","","","",""
"TST","6rdRThTfUAUuo3o9cvjMwFjbJsykkvyxTKjryATQpump","61","0.5","","","","","","","","","","","","","","","","","","","","","","","","","","","","","","","","","","","","","","","","0.000002161","","","","","","","2026-07-24T23:33:07.340Z","","","","","",""
"Soyjak","23R4uRv19UgVr3hcXiV9CTQrCnptXwg6oK8LLH3opump","","","","","","","","","","","","","","","","","","","","","","","","","","","","","","","","","","","","","","","","","","","","","","","","2.491e-7","","","","","","2026-07-24T23:34:07.164Z",""
"Frogmouth","7eKhxCDC7S4VAfj9TkktC2czuCE7QcXc6z1na4nKpump","57","1.97530864","","","","","","","","","","","","","","","","","","","","","","","","","","","","","","","","","","","","","","","","0.000002078","","","","","","","2026-07-24T23:34:07.219Z","","","","","",""
"organic","7ushpvKkXH4NGSsWraZAkQcjmQfnnuqVYobvSSfSpump","","","","","","","","","","","","","","","","","","","","","","","","","","","","","","","","","","","","","","","","","","","","","","","","1.154e-7","","","","","","2026-07-24T23:34:07.266Z",""
"Frogmouth","23R4jhjCWzUEe1693Ak4WeW42eYjjUc5YzSkDWvcpump","","","","","","","","","","","","","","","","","","","","","","","","","","","","","","","","","","","","","","","","","","","","","","","","6.433e-8","","","","","","2026-07-24T23:34:07.355Z",""
"cardibee","J2tgQVoqUngXtm27ztP5uRVv5miLHRhffBKnUU9ypump","67","3.85185185","","","","","","","","","","","","","","","","","","","","","","","","","","","","","","","","","","","","","","","","0.000002136","","","","","","","2026-07-24T23:35:07.121Z","","","","","",""
"cat⁄dog","85kdaNnYxo5juy5VRB7Wxk8moxgEPeh6YkyrKNRnpump","57","1.97530864","","","","","","","","","","","","","","","","","","","","","","","","","","","","","","","","","","","","","","","","0.00000213","","","","","","","2026-07-24T23:35:07.158Z","","","","","",""
"monkey","23R5Js3gF5exEujt7tTEjZYTKeaQkYqaETRejVWwpump","61","0.09875","","","","","","","","","","","","","","","","","","","","","","","","","","","","","","","","","","","","","","","","0.00001801","","","","","","","2026-07-24T23:35:07.210Z","","","","","",""
"VAULT","6nnYPbX54EeWJQEwo5r1WJb4uoWEDUP32ZD3zebfpump","","","","","","","","","","","","","","","","","","","","","","","","","","","","","","","","","","","","","","","","","","","","","","","","3.572e-7","","","","","","2026-07-24T23:35:07.242Z",""
"MONKEY","5Mp23YWdWe3mdHpC9bWfukAwyTUuzHae3ygru4Pfpump","63","2.962962961","","","","","","","","","","","","","","","","","","","","","","","","","","","","","","","","","","","","","","","","0.00001737","","","","","","","2026-07-24T23:36:07.130Z","","","","","",""
"Pussycoin","GWwgHTfSjaD4uWw86DJYjTvVNeETnEUnW5HKp5d3pump","57","1.97530864","","","","","","","","","","","","","","","","","","","","","","","","","","","","","","","","","","","","","","","","0.000002136","","","","","","","2026-07-24T23:36:07.225Z","","","","","",""
"WKBK","5QuLG2MoirCFpQHGNEdREVnUmDbRUMU7F4p3mmWUpump","60","0.250000001","","","","","","","","","","","","","","","","","","","","","","","","","","","","","","","","","","","","","","","","0.000003787","","","","","","","2026-07-24T23:36:07.267Z","","","","","",""
"dod","2Goe7s52s6xUCbuCQicHPr5WKhTLgzcHm4y4pXNupump","57","1.97530864","","","","","","","","","","","","","","","","","","","","","","","","","","","","","","","","","","","","","","","","0.00000217","","","","","","","2026-07-24T23:36:07.615Z","","","","","",""
"dod","23R5ZHEFTrZAzQZieUNQcM2PUBaaBbgKFk82n94upump","","","","","","","","","","","","","","","","","","","","","","","","","","","","","","","","","","","","","","","","","","","","","","","","5.376e-7","","","","","","2026-07-24T23:37:07.163Z",""
"ELOOONG","23R5b6rSmzQd6c5krPpMEESsUiUrYLXvg9awechapump","60","0.09875","","","","","","","","","","","","","","","","","","","","","","","","","","","","","","","","","","","","","","","","0.000001302","","","","","","","2026-07-24T23:37:07.217Z","","","","","",""
"organic","HYEydYXJSwk7kosuV8qxsJfz29M2FBk2FLj1rc7gpump","","","","","","","","","","","","","","","","","","","","","","","","","","","","","","","","","","","","","","","","","","","","","","","","1.414e-7","","","","","","2026-07-24T23:37:07.257Z",""
"PROPHECY","BUC9aMLZxx1VLGkK4GeQUuQsErmQauurRxYEwiTzpump","60","2.999999999","","","","","","","","","","","","","","","","","","","","","","","","","","","","","","","","","","","","","","","","0.00001602","","","","","","","2026-07-24T23:37:07.283Z","","","","","",""
"POLO","Auve9Pz2PnvFoyUmWbUqiK2pPJhMy5RDnZedXh3Ypump","68","0.250000001","","","","","","","","","","","","","","","","","","","","","","","","","","","","","","","","","","","","","","","","0.0000021","","","","","","","2026-07-24T23:38:07.189Z","","","","","",""
"WKBK","5NvETQCi3Ci3KTqDzUQf7tW5wCPPdpX5EzZ2cGULpump","","","","","","","","","","","","","","","","","","","","","","","","","","","","","","","","","","","","","","","","","","","","","","","","0.00000108","","","","","","2026-07-24T23:38:07.211Z",""
"DBROS","23R6eYDaJPSwL619tEsp2oJLNbeRZkNbN9tgknk5pump","","","","","","","","","","","","","","","","","","","","","","","","","","","","","","","","","","","","","","","","","","","","","","","","5.603e-7","","","","","","2026-07-24T23:38:07.259Z",""
"bul","HzYHPF6rRDRH1SaTkro1GEhMLLKrqA5et3pAV5fspump","57","1.97530864","","","","","","","","","","","","","","","","","","","","","","","","","","","","","","","","","","","","","","","","0.000002065","","","","","","","2026-07-24T23:38:07.286Z","","","","","",""
"organic","5oRijWzA87dtojjVr9aJRBPAKCwqKJYv5y9Nc77Zpump","65","0.500000001","","","","","","","","","","","","","","","","","","","","","","","","","","","","","","","","","","","","","","","","0.000003116","","","","","","","2026-07-24T23:39:07.113Z","","","","","",""
"WKBK","GnxNcsfyaPUCnPXbpcHdZu8hpzSAFT6jL4RuDAYWpump","","","","","","","","","","","","","","","","","","","","","","","","","","","","","","","","","","","","","","","","","","","","","","","","2.035e-7","","","","","","2026-07-24T23:39:07.151Z",""
"SOLY","23R8CJja64F5mCmk27Sm8Tx66fzsGBjs1rZHjAPHpump","58","0.09875","","","","","","","","","","","","","","","","","","","","","","","","","","","","","","","","","","","","","","","","0.000002629","","","","","","","2026-07-24T23:39:07.184Z","","","","","",""
"monkey","DiUN6oYMn4y463hGxiEJ7Yo9hTyiffDYwDzNCwW1pump","55","4.938271603","","","","","","","","","","","","","","","","","","","","","","","","","","","","","","","","","","","","","","","","0.000002065","","","","","","","2026-07-24T23:39:07.223Z","","","","","",""
"WJM2222","5dR9h3brY3DqhiGD47T8wzNdZQMcCz41dngNcu8epump","","","","","","","","","","","","","","","","","","","","","","","","","","","","","","","","","","","","","","","","","","","","","","","","0.00000104","","","","","","2026-07-24T23:41:07.300Z",""
"COR","23R93VKFkcrj4u3rigdQi228qSgbkCwdP2BUiPzPpump","","","","","","","","","","","","","","","","","","","","","","","","","","","","","","","","","","","","","","","","","","","","","","","","6.57e-7","","","","","","2026-07-24T23:41:07.330Z",""
"MMM","3LVZUJHbENhwoHcYgJz36FQv6iASQmR6UEZyk8Ejpump","","","","","","","","","","","","","","","","","","","","","","","","","","","","","","","","","","","","","","","","","","","","","","","","7.591e-7","","","","","","2026-07-24T23:41:07.369Z",""
"PEPLIKATOR","23R9mvEweuL2jn69b6t2fxZnykEG2Nesqno6bvTApump","","","","","","","","","","","","","","","","","","","","","","","","","","","","","","","","","","","","","","","","","","","","","","","","1.394e-8","","","","","","2026-07-24T23:42:07.208Z",""
"busta","AHyzwxGfrPAVH1cxrZAd2zcrRH1JJ2pgJQU8aSD6pump","","","","","","","","","","","","","","","","","","","","","","","","","","","","","","","","","","","","","","","","","","","","","","","","3.109e-8","","","","","","2026-07-24T23:42:07.247Z",""
"MMM","GzBvuJX8jkca2S7sYAy4FTpFo3f4pkcnC4SoWBdvpump","55","0.250000001","","","","","","","","","","","","","","","","","","","","","","","","","","","","","","","","","","","","","","","","0.000001581","","","","","","","2026-07-24T23:42:07.282Z","","","","","",""
"$BOMB","3YhRn9s5FyQpotU9GHfUpKndskFPeEwb6euHyHe7pump","","","","","","","","","","","","","","","","","","","","","","","","","","","","","","","","","","","","","","","","","","","","","","","","0.000001033","","","","","","2026-07-24T23:42:07.321Z",""
"coin","BoWcgrGApSL48TyHKJRbzccUrxNMaKEX2LzSEoqFpump","","","","","","","","","","","","","","","","","","","","","","","","","","","","","","","","","","","","","","","","","","","","","","","","2.929e-7","","","","","","2026-07-24T23:43:07.126Z",""
"FAKE","5VEijbT4FqrRpbeRQrZJNnTJiKzPP3oq6GS6skjupump","63","2.962962961","","","","","","","","","","","","","","","","","","","","","","","","","","","","","","","","","","","","","","","","0.00000217","","","","","","","2026-07-24T23:43:07.199Z","","","","","",""
"ALLIN","23RAeH9VVA8vWDvVYuqjSef2owHWUUZxdTpZaP4Kpump","","","","","","","","","","","","","","","","","","","","","","","","","","","","","","","","","","","","","","","","","","","","","","","","0.000001112","","","","","","2026-07-24T23:43:07.236Z",""
"FAKE","5sCWBWxSLpAYAS4wEgucN4nwjdVcMQQ5fwmcAP8epump","63","2.962962961","","","","","","","","","","","","","","","","","","","","","","","","","","","","","","","","","","","","","","","","0.00000217","","","","","","","2026-07-24T23:44:07.230Z","","","","","",""
"axl broke ","4bSzA66wyMNUFVCZFJCUa5pie5or2SorobwMvi2Jpump","57","1.97530864","","","","","","","","","","","","","","","","","","","","","","","","","","","","","","","","","","","","","","","","0.000002849","","","","","","","2026-07-24T23:44:07.283Z","","","","","",""
"TAXH","89EHkW8Z6YcuiuZ7uaQ9Mk21jTdkZBUeYKAKx7kbpump","63","2.962962961","","","","","","","","","","","","","","","","","","","","","","","","","","","","","","","","","","","","","","","","0.000002097","","","","","","","2026-07-24T23:44:07.320Z","","","","","",""
"organic","Gt9EsmSTf2tZRTSa6gZDdaFHDBLBgAWEScAWhfjepump","","","","","","","","","","","","","","","","","","","","","","","","","","","","","","","","","","","","","","","","","","","","","","","","1.045e-7","","","","","","2026-07-24T23:44:07.352Z",""
"COULD","AzKkD9yhW2x12EV6tZK4eh1izkZ3HWHHJACjjPMCpump","","","","","","","","","","","","","","","","","","","","","","","","","","","","","","","","","","","","","","","","","","","","","","","","0.000001131","","","","","","2026-07-24T23:45:07.221Z",""
"JIF","GYXQGRYCpyDTXXrDvDzBfSG3sqg9U2kVXhVUGm92pump","100","0.000009875","","","","","","","","","","","","","","","","","","","","","","","","","","","","","","","","","","","","","","","","0.000002088","","","","","","","2026-07-24T23:45:07.254Z","","","","","",""
"NKTR","Ad3QP92ypFnFfSkC45awWsMZEj4NxE8V116MLRiHpump","57","1.97530864","","","","","","","","","","","","","","","","","","","","","","","","","","","","","","","","","","","","","","","","0.000002157","","","","","","","2026-07-24T23:45:07.345Z","","","","","",""
"GPU","GVvrK5p4GjzuRR2YLWdAQ5qaESy1QaoDLx1Kzeobpump","63","2.962962961","","","","","","","","","","","","","","","","","","","","","","","","","","","","","","","","","","","","","","","","0.000002099","","","","","","","2026-07-24T23:45:07.377Z","","","","","",""
"100","3evhwbz25716F1QwpZJHUwkDC5PA2VS2BSsqgKpHpump","60","3","","","","","","","","","","","","","","","","","","","","","","","","","","","","","","","","","","","","","","","","0.00000217","","","","","","","2026-07-24T23:46:07.159Z","","","","","",""
"dogi","3Na3TcTRk8v9CLf9YtKjTsRWZyNH7c3vQsKXRH3vpump","","","","","","","","","","","","","","","","","","","","","","","","","","","","","","","","","","","","","","","","","","","","","","","","0.000002235","","","","","","2026-07-24T23:46:07.246Z",""
"Ancillary","23REUGnUbHGz5vAEixxAsRyuvefQXei84uUnf4typump","","","","","","","","","","","","","","","","","","","","","","","","","","","","","","","","","","","","","","","","","","","","","","","","5.589e-7","","","","","","2026-07-24T23:47:07.173Z",""
"Comebacks","B7yLyG7hqx9QZhuEGtLe3bf8YkuYZXF81bfvmnnkpump","63","2.962962961","","","","","","","","","","","","","","","","","","","","","","","","","","","","","","","","","","","","","","","","0.000003772","","","","","","","2026-07-24T23:47:07.252Z","","","","","",""
"Ancillary","B1iwrHUUXXaMEe8ZU9V5uLqnjBPH3wbfjQUPth5Ppump","91","2.999999999","","","","","","","","","","","","","","","","","","","","","","","","","","","","","","","","","","","","","","","","0.00001481","","","","","","","2026-07-24T23:47:07.322Z","","","","","",""
"Natsuki","9YpmLcSCkkCVixRyvkj4N1cfAsFE4PfRB6Jv2YTupump","","","","","","","","","","","","","","","","","","","","","","","","","","","","","","","","","","","","","","","","","","","","","","","","3.063e-7","","","","","","2026-07-24T23:47:07.349Z",""
"SKY","23RDsAuyiiqWRgUfHyK7iZdtGpNfRERerhdcL1rUpump","","","","","","","","","","","","","","","","","","","","","","","","","","","","","","","","","","","","","","","","","","","","","","","","4.079e-7","","","","","","2026-07-24T23:48:07.176Z",""
"DDB","GsLPJpxbWduxRWLpWczdf1MBhk7AYW9XmPxXVBqqpump","","","","","","","","","","","","","","","","","","","","","","","","","","","","","","","","","","","","","","","","","","","","","","","","3.323e-8","","","","","","2026-07-24T23:48:07.206Z",""
"dogi","A2ym3JE2x6U1vFqSaT3E1kS5Ha5eGMJkG4oxrqp8pump","81","13.688888887","","","","","","","","","","","","","","","","","","","","","","","","","","","","","","","","","","","","","","","","0.000003188","","","","","","0.000002234","2026-07-24T23:48:07.297Z","","","","","2026-07-24T23:50:07.290Z",""
"JGMM2","7XbVQKyg7jtkwQJDJ8e8w8yNU6A2VZro5JrBqYoBpump","68","0.493827159","","","","","","","","","","","","","","","","","","","","","","","","","","","","","","","","","","","","","","","","0.00002137","","","","","","","2026-07-24T23:49:07.187Z","","","","","",""
"THERA","cTb9Q5Y4mxvN9cbyZz26GA4QPgPkJYVrS2EPVUjpump","63","2.962962961","","","","","","","","","","","","","","","","","","","","","","","","","","","","","","","","","","","","","","","","0.000002096","","","","","","","2026-07-24T23:49:07.219Z","","","","","",""
"100 k ","F9bdhD7CFdNqgYddNtw4TL481tukXgPBmFChFKGVpump","","","","","","","","","","","","","","","","","","","","","","","","","","","","","","","","","","","","","","","","","","","","","","","","6.098e-8","","","","","","2026-07-24T23:49:07.261Z",""
"NUTS","E5mWRfhMBeqCTHhci4yPuAHBmn24fSjE9S72P2MMpump","57","1.97530864","","","","","","","","","","","","","","","","","","","","","","","","","","","","","","","","","","","","","","","","0.000002173","","","","","","","2026-07-24T23:49:07.369Z","","","","","",""
"SPLASH","2CXZse9DyFprXTQBadRrq1uZsTA7fp7CQa9KDwZ4pump","55","1.69876543","","","","","","","","","","","","","","","","","","","","","","","","","","","","","","","","","","","","","","","","0.000002073","","","","","","","2026-07-24T23:50:07.259Z","","","","","",""
"SWIIING","7GexvfB2J142H23JFZg9d21pDqKpGqKFD1UVFvS7pump","63","2.962500579","","","","","","","","","","","","","","","","","","","","","","","","","","","","","","","","","","","","","","","","0.000008036","","","","","","","2026-07-24T23:50:07.315Z","","","","","",""
"BULLPROOF","4fSxrii2u1gDUcnuANCnHqMnhc8pYzaPE7c4cZy2pump","","","","","","","","","","","","","","","","","","","","","","","","","","","","","","","","","","","","","","","","","","","","","","","","6.799e-7","","","","","","2026-07-24T23:50:07.343Z",""
"MMH","6APiHoamuzV4863DC8DiYuSGRtZ3tAi5563doUw3pump","72","0.059259258","","","","","","","","","","","","","","","","","","","","","","","","","","","","","","","","","","","","","","","","0.000003014","","","","","","","2026-07-24T23:51:07.104Z","","","","","",""
"REACHER","HQPYp3BuFq3Xm5cdJABAqYKVJG6KzTJgqX9ZUHdRpump","72","4","","","","","","","","","","","","","","","","","","","","","","","","","","","","","","","","","","","","","","","","0.000002067","","","","","","","2026-07-24T23:51:07.135Z","","","","","",""
"Gronk","x7MiHSCGKjnvPrs5876yFcWHShpT6tDMMQdrrU2pump","57","1.97530864","","","","","","","","","","","","","","","","","","","","","","","","","","","","","","","","","","","","","","","","0.000002136","","","","","","","2026-07-24T23:51:07.184Z","","","","","",""
"PLACO","EBiNeUUhiYmXsoz5yhwvQXNt2Fmi9MhsBbGrkU1fpump","63","2.962962961","","","","","","","","","","","","","","","","","","","","","","","","","","","","","","","","","","","","","","","","0.000002131","","","","","","","2026-07-24T23:51:07.212Z","","","","","",""
"pump","232RHdWqv3VxmVhugjbLXZUytsSuCgzuzTVSA8E2pump","","","","","","","","","","","","","","","","","","","","","","","","","","","","","","","","","","","","","","","","","","","","","","","","1.433e-7","","","","","","2026-07-24T23:52:07.175Z",""
"dogi","AG4J5TyRoBsR3txbwDqNPoABtShLKiecaXW2yMSBpump","74","6.159999999","","","","","","","","","","","","","","","","","","","","","","","","","","","","","","","","","","","","","","","","0.000002436","","","","","","","2026-07-24T23:52:07.208Z","","","","","",""
"MMM","DnzHHbtw2tb55WA1u22mtRruB71J3XoPVQHbmqo7pump","","","","","","","","","","","","","","","","","","","","","","","","","","","","","","","","","","","","","","","","","","","","","","","","2.388e-7","","","","","","2026-07-24T23:52:07.270Z",""
"DOMERION","B9i2gKq5dRv5mVWUrNUQKXwvrZVpKp4gkqXPV6YWpump","100","0.065777776","","","","","","","","","","","","","","","","","","","","","","","","","","","","","","","","","","","","","","","","0.000002076","","","","","","","2026-07-24T23:52:07.300Z","","","","","",""
"IRON","D9XjvbthgfjF4uUgSgLcPPNKV63kjYCoPHKZNJ5Apump","63","2.962962961","","","","","","","","","","","","","","","","","","","","","","","","","","","","","","","","","","","","","","","","0.000002098","","","","","","","2026-07-24T23:53:07.223Z","","","","","",""
"Jacket","AX9DrE8XMu7sgDoe442ZVPZimqfkd27SN6cm6Eztpump","57","1.97530864","","","","","","","","","","","","","","","","","","","","","","","","","","","","","","","","","","","","","","","","0.00000748","","","","","","","2026-07-24T23:53:07.253Z","","","","","",""
"SNIPER RINSE","9B6EqptgyBHnKsP7KhBkhUJjhorBjiAQCsEsZJm9pump","","","","","","","","","","","","","","","","","","","","","","","","","","","","","","","","","","","","","","","","","","","","","","","","0.000002067","","","","","","2026-07-24T23:53:07.298Z",""
"DELIVER","CxnYjAjXNqoGZtnUzYUVen3qRQdFuNDpwP2W6DgJpump","80","9.92","","","","","","","","","","","","","","","","","","","","","","","","","","","","","","","","","","","","","","","","0.000004363","","","","","","0.000002074","2026-07-24T23:54:07.209Z","","","","","2026-07-24T23:55:07.345Z",""
"TFW","FEdBQv8aa4ACzVxrvQcinUs81GZXxHgQC4Fayemopump","","","","","","","","","","","","","","","","","","","","","","","","","","","","","","","","","","","","","","","","","","","","","","","","8.846e-8","","","","","","2026-07-24T23:54:07.251Z",""
"MMM","68u8jfv1F3JSpK5sxpi9gE9SNtoPbQvsxerKQJK8pump","56","0.500000001","","","","","","","","","","","","","","","","","","","","","","","","","","","","","","","","","","","","","","","","0.000004936","","","","","","","2026-07-24T23:54:07.288Z","","","","","",""
"SOLITARY","DjbgSrEhnUAQTRKioRPEebNJrwbhh2RT2Z8owU2xpump","65","0.059259258","","","","","","","","","","","","","","","","","","","","","","","","","","","","","","","","","","","","","","","","0.000002859","","","","","","","2026-07-24T23:55:07.310Z","","","","","",""
"dogi","8ZySWVWQvoz2UmyPsd4C6LwWqPDxWb1cB7uWAzWApump","","","","","","","","","","","","","","","","","","","","","","","","","","","","","","","","","","","","","","","","","","","","","","","","0.000002273","","","","","","2026-07-24T23:55:07.378Z",""
"BARNABY","5zQYDamD6K57sp7NzTxy6CZRrpTfRxFmbxEyHFfkpump","63","5","","","","","","","","","","","","","","","","","","","","","","","","","","","","","","","","","","","","","","","","0.000002135","","","","","","","2026-07-24T23:57:07.162Z","","","","","",""
"LORD","FZJ35GFVKAMyc5vtjMwJKtk2qCTT1idhy1LU8Byvpump","63","2.962962961","","","","","","","","","","","","","","","","","","","","","","","","","","","","","","","","","","","","","","","","0.000002206","","","","","","","2026-07-24T23:57:07.197Z","","","","","",""
"MMM","EGkMy1bwbdWhpV8bgZQ9VZezKNeZxiEECw7XBNQkpump","55","0.500000001","","","","","","","","","","","","","","","","","","","","","","","","","","","","","","","","","","","","","","","","0.000002514","","","","","","6.628e-7","2026-07-24T23:57:07.254Z","","","","","2026-07-24T23:58:07.184Z",""
"SFR","AaHko7vZeE5baLgSVp57LRdawQuXUJjVhVdgQ7jupump","","","","","","","","","","","","","","","","","","","","","","","","","","","","","","","","","","","","","","","","","","","","","","","","9.014e-7","","","","","","2026-07-24T23:58:07.218Z",""
"MMM","AATJWEa9Qb9yJ9kVKhsiXwN9iukYXFyRKsbubYbwpump","","","","","","","","","","","","","","","","","","","","","","","","","","","","","","","","","","","","","","","","","","","","","","","","7.772e-7","","","","","","2026-07-24T23:59:07.155Z",""
"$PLINY","AnManUjY34CGpKyV8NrjtsMuwmWT6DYFXLwDW3qUpump","","","","","","","","","","","","","","","","","","","","","","","","","","","","","","","","","","","","","","","","","","","","","","","","6.635e-7","","","","","","2026-07-24T23:59:07.184Z",""
"harold","BLeFFPK6By9xZvThSb97BwkhhmYLsbiBtQfyeXDDpump","57","1.97530864","","","","","","","","","","","","","","","","","","","","","","","","","","","","","","","","","","","","","","","","0.000002075","","","","","","","2026-07-24T23:59:07.306Z","","","","","",""
"pre-rich","2VHs24GPUV3Pbak7eSKNCaCa8AaLfqxk9ebFfuRm3hWo","62","5","","","","","","","","","","","","","","","","","","","","","","","","","","","","","","","","","","","","","","","","0.000002135","","","","","","","2026-07-25T00:00:07.210Z","","","","","",""
"all/in","42JyJx3jJko2whYfNUWdpkzYsNACot34K7dfGAXTpump","57","1.97530864","","","","","","","","","","","","","","","","","","","","","","","","","","","","","","","","","","","","","","","","0.00000212","","","","","","","2026-07-25T00:00:07.432Z","","","","","",""
"S","9z9hmZwbXPfPjTAQc4asdvbRGEVNEaK72vFVNy2dpump","76","15.802469134","","","","","","","","","","","","","","","","","","","","","","","","","","","","","","","","","","","","","","","","0.000006552","","","","","","","2026-07-25T00:00:07.458Z","","","","","",""
"dogi","9LRi6EXPUebHqE2LHfmvioQKAKAUHEnhCRgpKDjepump","74","6.257777776","","","","","","","","","","","","","","","","","","","","","","","","","","","","","","","","","","","","","","","","0.000005738","","","","","","","2026-07-25T00:00:07.519Z","","","","","",""
"S","86FnKd74xaPerVmXnXn1sLY9kyMeGRtiMGnyyFtYpump","55","4.938271603","","","","","","","","","","","","","","","","","","","","","","","","","","","","","","","","","","","","","","","","0.000002722","","","","","","","2026-07-25T00:01:07.233Z","","","","","",""
"SADCAT","BbCoPpeJzmTnAZgmKk12grQcS1Udct7v61GEzpikpump","77","5","","","","","","","","","","","","","","","","","","","","","","","","","","","","","","","","","","","","","","","","0.000002593","","","","","","","2026-07-25T00:01:07.267Z","","","","","",""
"S","HN7uMAinqNK2F98EEcK3Wj7T9Jk86QVTfPbenu2cpump","57","1.97530864","","","","","","","","","","","","","","","","","","","","","","","","","","","","","","","","","","","","","","","","0.000002166","","","","","","","2026-07-25T00:01:07.354Z","","","","","",""
"bombel","4RtTcttMJ49qd9GDsZsVuLmZ7jDymiA4sU23ddHDpump","100","10.864197529","","","","","","","","","","","","","","","","","","","","","","","","","","","","","","","","","","","","","","","","0.000005644","","","","","","","2026-07-25T00:01:07.378Z","","","","","",""
"DAS AUTO","FknY8jJBucHzvDU8wzLwqWL3PYUoomjdF6p9femMpump","","","","","","","","","","","","","","","","","","","","","","","","","","","","","","","","","","","","","","","","","","","","","","","","1.666e-7","","","","","","2026-07-25T00:02:07.109Z",""
"pre-rich","6JGBvXmGgYdHRnJqkDBWgMs1g9Mgdkq8yksX51Htpump","57","1.97530864","","","","","","","","","","","","","","","","","","","","","","","","","","","","","","","","","","","","","","","","0.000002067","","","","","","","2026-07-25T00:02:07.137Z","","","","","",""
"Sidelined","C3DVAxpgB11gtttekWvhMTDX6oiHu2GhzgTNEySdpump","57","1.97530864","","","","","","","","","","","","","","","","","","","","","","","","","","","","","","","","","","","","","","","","0.000002068","","","","","","","2026-07-25T00:02:07.188Z","","","","","",""
"fictablum","CRVaub49v3tKJLUerSW2aJDgrB8qCAVqkKSVxW9Gpump","66","0.300046881","","","","","","","","","","","","","","","","","","","","","","","","","","","","","","","","","","","","","","","","0.000001365","","","","","","","2026-07-25T00:02:07.218Z","","","","","",""
"COOPER","GSXTpw7mVyqde6B5zJVStijMBGtrx1tXjrZMmRoRpump","59","5","","","","","","","","","","","","","","","","","","","","","","","","","","","","","","","","","","","","","","","","0.0000021","","","","","","","2026-07-25T00:03:07.241Z","","","","","",""
"Cooper","Bcbxw5PUC9VbybiTxqnBhrkGsxzqSVRvYKcQwAahpump","57","1.97530864","","","","","","","","","","","","","","","","","","","","","","","","","","","","","","","","","","","","","","","","0.000002128","","","","","","","2026-07-25T00:03:07.275Z","","","","","",""
"BULBLUM","H4W2yozn4YqcLppfZatxWPsLKfLZqMtMEvvgTXtupump","","","","","","","","","","","","","","","","","","","","","","","","","","","","","","","","","","","","","","","","","","","","","","","","8.035e-7","","","","","","2026-07-25T00:03:07.311Z",""
"Pilly","3t19pvgePC6HnBXGrasj4Yy2kUb1PvSXVDczyHcCpump","95","2.499394233","","","","","","","","","","","","","","","","","","","","","","","","","","","","","","","","","","","","","","","","0.000009312","","","","","","","2026-07-25T00:03:07.386Z","","","","","",""
"SFR","2ozAbi1XTEeAiGXbvQnep3wXgZhDmX9YB5P53bHNpump","","","","","","","","","","","","","","","","","","","","","","","","","","","","","","","","","","","","","","","","","","","","","","","","2.957e-9","","","","","","2026-07-25T00:04:07.185Z",""
"SIDELINED","CFqmpcT9n2NinGDd7fqeEUTYZJ6KG3sbU67WzjhWpump","57","2","","","","","","","","","","","","","","","","","","","","","","","","","","","","","","","","","","","","","","","","0.000002068","","","","","","","2026-07-25T00:04:07.223Z","","","","","",""
"LUCID","GjnZxJLoP7acWC4HDhvwyDYLqMd3dVos1GqM2C18pump","63","2.962962961","","","","","","","","","","","","","","","","","","","","","","","","","","","","","","","","","","","","","","","","0.000002295","","","","","","","2026-07-25T00:04:07.275Z","","","","","",""
"MWARKO","J8n2m2GAbeKBtkPzVAMeMZ7dJz9mzycJPvo2wsSNpump","64","0.300046881","","","","","","","","","","","","","","","","","","","","","","","","","","","","","","","","","","","","","","","","0.000001636","","","","","","","2026-07-25T00:04:07.304Z","","","","","",""
"htre","HQRfcueBCUA4Jo2hJBEW9qv14hd57BUHV1zWz3kopump","97","4.938271603","","","","","","","","","","","","","","","","","","","","","","","","","","","","","","","","","","","","","","","","0.000002088","","","","","","","2026-07-25T00:05:07.172Z","","","","","",""
"Sidelined","5ZAwpefidubMnKnhubCAdcpx4csv5WvZtAKzc1QUpump","57","1.97530864","","","","","","","","","","","","","","","","","","","","","","","","","","","","","","","","","","","","","","","","0.000002069","","","","","","","2026-07-25T00:05:07.245Z","","","","","",""
"SWALOLUNA","Fwz3mEQuYZE9sXojr8Fobbzq2vNRvfq2W11v81NDpump","63","0.300046881","","","","","","","","","","","","","","","","","","","","","","","","","","","","","","","","","","","","","","","","0.000004858","","","","","","","2026-07-25T00:05:07.344Z","","","","","",""
"SFR","4QBt98Kah4GLvo1gzSxAT7C9QE75zdqSpwHdDjqapump","","","","","","","","","","","","","","","","","","","","","","","","","","","","","","","","","","","","","","","","","","","","","","","","5.4e-7","","","","","","2026-07-25T00:06:07.198Z",""
"THUMBS","8NzYUERrL75tLfPL7B4Lxh6vt7yc6QPUEovg53Pypump","58","0.059259258","","","","","","","","","","","","","","","","","","","","","","","","","","","","","","","","","","","","","","","","0.000002983","","","","","","2.523e-9","2026-07-25T00:06:07.266Z","","","","","2026-07-25T00:08:07.209Z",""
"PREP","Dmcvz5ufpZMUFyXC5tqCQhpLbeVK92ttKNWTiUMapump","","","","","","","","","","","","","","","","","","","","","","","","","","","","","","","","","","","","","","","","","","","","","","","","8.554e-7","","","","","","2026-07-25T00:07:07.261Z",""
"BOB","6q7JTbUMWaFyksgpJoRCFgtSFMg6A5DGGHDkqnCVpump","","","","","","","","","","","","","","","","","","","","","","","","","","","","","","","","","","","","","","","","","","","","","","","","1.1e-8","","","","","","2026-07-25T00:07:07.303Z",""
"pencilslop","56xJgYJSd2rSmwhxQtm2VaxXGN29RA8Ba41yJ6Kupump","58","5","","","","","","","","","","","","","","","","","","","","","","","","","","","","","","","","","","","","","","","","0.000002675","","","","","","","2026-07-25T00:08:07.105Z","","","","","",""
"NCC","2qRBWChqUjDtw2ydopHXnohDDA65wPeobhvEqziupump","63","2.962962961","","","","","","","","","","","","","","","","","","","","","","","","","","","","","","","","","","","","","","","","0.000002068","","","","","","","2026-07-25T00:08:07.134Z","","","","","",""
"STACKZ","CNMYgqPD21a1VgrHk3VqGXTDY1wBoqLEvd9qC67Rpump","57","1.97530864","","","","","","","","","","","","","","","","","","","","","","","","","","","","","","","","","","","","","","","","0.000004849","","","","","","","2026-07-25T00:09:07.100Z","","","","","",""
"CHILLI","HUTP5FnYLmEcnLUFw3afMYJT6FGTP61cTgghMnLDpump","63","2.962962961","","","","","","","","","","","","","","","","","","","","","","","","","","","","","","","","","","","","","","","","0.000002078","","","","","","","2026-07-25T00:09:07.126Z","","","","","",""
"Moon","tHrdvLnwjYYYJkycTqXM6kf7UMZvp74kcHhWVNBpump","61","0.070000001","","","","","","","","","","","","","","","","","","","","","","","","","","","","","","","","","","","","","","","","0.000005574","","","","","","","2026-07-25T00:09:07.173Z","","","","","",""
"MUFFIN ","4bvZwbFvHfQYVWpwm1deH4tNNZ637dv6eDeU38h5pump","","","","","","","","","","","","","","","","","","","","","","","","","","","","","","","","","","","","","","","","","","","","","","","","0.000001239","","","","","","2026-07-25T00:09:07.200Z",""
"GEEKED","35hHW18UBrw1jYk44tfnafgAfU5zaLWe8qSdUX3qpump","56","2.962962961","","","","","","","","","","","","","","","","","","","","","","","","","","","","","","","","","","","","","","","","0.000002171","","","","","","","2026-07-25T00:10:07.119Z","","","","","",""
"BOB","BWqCWb8a5DT6ZdeeBzSaeEsG4c7fT49xoEgwpshmpump","","","","","","","","","","","","","","","","","","","","","","","","","","","","","","","","","","","","","","","","","","","","","","","","2.734e-8","","","","","","2026-07-25T00:10:07.162Z",""
"smile","GL35fLwVETjsuNXiL8rFYLQLEm6zLyb6AkG19rV8pump","57","1.000000001","","","","","","","","","","","","","","","","","","","","","","","","","","","","","","","","","","","","","","","","0.000003607","","","","","","","2026-07-25T00:10:07.275Z","","","","","",""
"Dfb","AiQQQFK5nVixgSAjStNJsCwfTyYyEo7tZdaPQYaJpump","","","","","","","","","","","","","","","","","","","","","","","","","","","","","","","","","","","","","","","","","","","","","","","","5.234e-7","","","","","","2026-07-25T00:11:07.387Z",""
"smile","C66P26GRx5Xy9oCCz8VZLR4oZ7Pbbo2HrZsMerRxpump","57","1.000000001","","","","","","","","","","","","","","","","","","","","","","","","","","","","","","","","","","","","","","","","0.000003563","","","","","","","2026-07-25T00:11:07.419Z","","","","","",""
"VAULT","BYDBAm94fPjnUTqczytG7Ajv5q7PLy19LU6SyS2Zpump","56","0.493827159","","","","","","","","","","","","","","","","","","","","","","","","","","","","","","","","","","","","","","","","0.000002623","","","","","","","2026-07-25T00:11:07.551Z","","","","","",""
"SFR","BU6azz1VQJto5ePbeq8qcbD9UNe2SGRtrzE1nXhhpump","57","0.059259258","","","","","","","","","","","","","","","","","","","","","","","","","","","","","","","","","","","","","","","","0.000001843","","","","","","","2026-07-25T00:12:07.148Z","","","","","",""
"CUPSEYNOTE","6TGRaAMSSbi3ShSaXq9PkCJTYkKUfnJqyXdn1KGhpump","62","2.765432097","","","","","","","","","","","","","","","","","","","","","","","","","","","","","","","","","","","","","","","","0.000002068","","","","","","","2026-07-25T00:12:07.260Z","","","","","",""
"VAULT","EfqLfP4znWikFPPDCCNoYu3XmhnY8JYXMcBS8afVpump","56","0.493827159","","","","","","","","","","","","","","","","","","","","","","","","","","","","","","","","","","","","","","","","0.000002715","","","","","","","2026-07-25T00:12:07.294Z","","","","","",""
"hhhehehe","7vJw4ChzJRphBybGRXyv1jJx3P1SL96fBYPLH1bmpump","65","0.060000001","","","","","","","","","","","","","","","","","","","","","","","","","","","","","","","","","","","","","","","","0.000003991","","","","","","","2026-07-25T00:13:07.290Z","","","","","",""
"smile","DsaAfu8M9SSmdJM4AApKpJSSKrwSKBjF58jVrC2cpump","","","","","","","","","","","","","","","","","","","","","","","","","","","","","","","","","","","","","","","","","","","","","","","","9.802e-7","","","","","","2026-07-25T00:13:07.365Z",""
"KANKER","3cNcYb8NZyBW8L5N1Buj8y5zUDX2VySiEh3V4tQTpump","","","","","","","","","","","","","","","","","","","","","","","","","","","","","","","","","","","","","","","","","","","","","","","","2.353e-7","","","","","","2026-07-25T00:13:07.390Z",""
"KRONTIC","HuX4Eye3e6PHCK1XAj9TCUdezVujdhSnCNFQ1CZmpump","","","","","","","","","","","","","","","","","","","","","","","","","","","","","","","","","","","","","","","","","","","","","","","","6.292e-9","","","","","","2026-07-25T00:13:07.430Z",""
"smile","3Bmmuzhmveb61NpW4K35zW7hua3na5PgMZeK6ekBpump","56","1.000000001","","","","","","","","","","","","","","","","","","","","","","","","","","","","","","","","","","","","","","","","0.000003461","","","","","","","2026-07-25T00:14:07.204Z","","","","","",""
"smile","4VfYsUW1BiFbjWamdF46KD4Vf5jQS7Ggm3cDrsVbpump","","","","","","","","","","","","","","","","","","","","","","","","","","","","","","","","","","","","","","","","","","","","","","","","9.949e-7","","","","","","2026-07-25T00:14:07.232Z",""
"Bitch","J96ueKr8KY3k8PAVNAigWMBqdQzx3yQNSCFrhJ93pump","","","","","","","","","","","","","","","","","","","","","","","","","","","","","","","","","","","","","","","","","","","","","","","","2.248e-7","","","","","","2026-07-25T00:14:07.269Z",""
"DUCK","H11AQ4dERvKKF2xDg6PFd2X92qqih7vTQJvvggQFpump","67","0.150000001","","","","","","","","","","","","","","","","","","","","","","","","","","","","","","","","","","","","","","","","0.000003015","","","","","","","2026-07-25T00:14:07.305Z","","","","","",""
"KRANBULL","4xCeXtG47JnHBtBti14TGEpiYt4vnrwZ36j6BQK8pump","","","","","","","","","","","","","","","","","","","","","","","","","","","","","","","","","","","","","","","","","","","","","","","","4.129e-7","","","","","","2026-07-25T00:15:07.167Z",""
"smile","xsV4BSViNWWgHrrupwMJgemCCnEy242b5F9XvPYpump","56","1.000000001","","","","","","","","","","","","","","","","","","","","","","","","","","","","","","","","","","","","","","","","0.00000392","","","","","","","2026-07-25T00:15:07.242Z","","","","","",""
"DSCP","J6FvQevnQszJvixRKSoTZSYU1gS7GHPqVp23t4k2pump","100","0.592592591","","","","","","","","","","","","","","","","","","","","","","","","","","","","","","","","","","","","","","","","0.000002151","","","","","","","2026-07-25T00:15:07.274Z","","","","","",""
"smile","ELqsxsNpfxceUBpx6E8RLVH933EFPHZdPaTmrAcupump","56","1.000000001","","","","","","","","","","","","","","","","","","","","","","","","","","","","","","","","","","","","","","","","0.000001343","","","","","","","2026-07-25T00:15:07.337Z","","","","","",""
"smile","28XWcP9RRww8jicE4mMm8kBSVW7Bf3X8Boa9nYKVpump","","","","","","","","","","","","","","","","","","","","","","","","","","","","","","","","","","","","","","","","","","","","","","","","1.818e-7","","","","","","2026-07-25T00:16:07.125Z",""
"RABBIT","7mUhhEGuPREdScTnTrD2ePtFe6sB4SLAjcSei8fHpump","63","2.962962961","","","","","","","","","","","","","","","","","","","","","","","","","","","","","","","","","","","","","","","","0.000002192","","","","","","","2026-07-25T00:16:07.195Z","","","","","",""
"KRANBULL","2AYcmFsgzC2XfY3169VEpMi1bXKbQW4DTkLoknrnpump","","","","","","","","","","","","","","","","","","","","","","","","","","","","","","","","","","","","","","","","","","","","","","","","5.248e-8","","","","","","2026-07-25T00:16:07.218Z",""
"Opus5","D5i9vZU4zGwVhwiyuLqxj43DWPh9aVjQdXP4H4FFpump","60","4.938271603","","","","","","","","","","","","","","","","","","","","","","","","","","","","","","","","","","","","","","","","0.00000307","","","","","","","2026-07-25T00:16:07.266Z","","","","","",""
"smile","HcbrVmmK8jGfECpx1WAjzpwqJHJU6SKHykpgCn4Xpump","55","1.000000001","","","","","","","","","","","","","","","","","","","","","","","","","","","","","","","","","","","","","","","","0.000005197","","","","","","","2026-07-25T00:17:07.098Z","","","","","",""
"AIR","Eb2Kkic3WiPY5xMQhrUaUXHMWohJVQEEF4ErJQFpump","","","","","","","","","","","","","","","","","","","","","","","","","","","","","","","","","","","","","","","","","","","","","","","","1.759e-7","","","","","","2026-07-25T00:17:07.124Z",""
"smile","H22xMsSxfNSj3fKkLED5fEuJZWysVPSjVrRsGAHkpump","55","1.000000001","","","","","","","","","","","","","","","","","","","","","","","","","","","","","","","","","","","","","","","","0.000003566","","","","","","","2026-07-25T00:17:07.176Z","","","","","",""
"TRUMP ","BcrhqnayQpfGK9gZrdPcCTyUzojnmv4C3J75ZHmPpump","","","","","","","","","","","","","","","","","","","","","","","","","","","","","","","","","","","","","","","","","","","","","","","","7.668e-9","","","","","","2026-07-25T00:17:07.248Z",""
"frenzy","7VKeemQYeC5pzYMrpVZYKNaABWhYDDGqrY2i66Czpump","66","3.654320986","","","","","","","","","","","","","","","","","","","","","","","","","","","","","","","","","","","","","","","","0.000002069","","","","","","","2026-07-25T00:18:07.256Z","","","","","",""
"GotpnD","9Z1npoQ3obeaAkfHVT4A5bUeDiURe7HBbSkWUid3sKLR","","","","","","","","","","","","","","","","","","","","","","","","","","","","","","","","","","","","","","","","","","","","","","","","0.000002068","","","","","","2026-07-25T00:18:07.317Z",""
"STARSHIP","47YLSwu7y4pGBFLCxssjcMUyBiPpQmY4uKU4mdJFpump","58","5","","","","","","","","","","","","","","","","","","","","","","","","","","","","","","","","","","","","","","","","0.000002189","","","","","","","2026-07-25T00:18:07.337Z","","","","","",""
"SLAMHOWA","CW8es3P2K7dCYnBkWPgnHoK9eNtzSw6xuihV9Aeapump","","","","","","","","","","","","","","","","","","","","","","","","","","","","","","","","","","","","","","","","","","","","","","","","1.739e-8","","","","","","2026-07-25T00:19:07.256Z",""
"Out ","TaBDAzRKfH5RN74Qunxm2b52UQMZZNckcMsxfhgpump","","","","","","","","","","","","","","","","","","","","","","","","","","","","","","","","","","","","","","","","","","","","","","","","0.000002288","","","","","","2026-07-25T00:19:07.289Z",""
"pre-rich","FiGY5FcqH4bQbpTLGnMHrssw6CKJg2AHDZrVFNewpump","80","3.950617282","","","","","","","","","","","","","","","","","","","","","","","","","","","","","","","","","","","","","","","","0.000002068","","","","","","","2026-07-25T00:19:07.321Z","","","","","",""
"Tfue","2fuBvawFyhVvDqP5mxT1d7ziRmoRyFAyQfSsxk5vpump","55","0.6","","","","","","","","","","","","","","","","","","","","","","","","","","","","","","","","","","","","","","","","0.000002068","","","","","","","2026-07-25T00:19:07.355Z","","","","","",""
"smile","AiQRwQ1UJ1MDtnz9N4EG4HuGrCEB746v6NQXzGnhpump","55","1.000000001","","","","","","","","","","","","","","","","","","","","","","","","","","","","","","","","","","","","","","","","0.000003641","","","","","","","2026-07-25T00:20:07.096Z","","","","","",""
"$22","B6rST7jtxzgkwbwWmdkFuZchDH3QR5i3h3wB2ugSpump","","","","","","","","","","","","","","","","","","","","","","","","","","","","","","","","","","","","","","","","","","","","","","","","1.641e-8","","","","","","2026-07-25T00:20:07.176Z",""
"SLAMHOWA","AsbUFE1aRwT7vqaZCH4xaywXoEYdN7pwX24gsUVHpump","","","","","","","","","","","","","","","","","","","","","","","","","","","","","","","","","","","","","","","","","","","","","","","","0.000001156","","","","","","2026-07-25T00:20:07.205Z",""
"IOC","Ab3VEANib4juikj89uAYqpQbjJYhmhe76LwZHJ9dpump","62","2.765432097","","","","","","","","","","","","","","","","","","","","","","","","","","","","","","","","","","","","","","","","0.000006131","","","","","","","2026-07-25T00:20:07.240Z","","","","","",""
"BBL","Cv9kcAR92ivoLcaXkjMQTyS9jmpRGYBMhwVkKBR6pump","","","","","","","","","","","","","","","","","","","","","","","","","","","","","","","","","","","","","","","","","","","","","","","","1.079e-7","","","","","","2026-07-25T00:21:07.137Z",""
"smile","EofAhWj33UZVVhjsGn4HsezcqKHQbn929kNy3Cobpump","56","1.200000001","","","","","","","","","","","","","","","","","","","","","","","","","","","","","","","","","","","","","","","","0.000001659","","","","","","","2026-07-25T00:21:07.189Z","","","","","",""
"Rocky","D7q6KRNjr5SP9gKQQ1tR3P9sdxgiiT8k6L5DFJW1pump","76","0.987654319","","","","","","","","","","","","","","","","","","","","","","","","","","","","","","","","","","","","","","","","0.000002069","","","","","","","2026-07-25T00:21:07.242Z","","","","","",""
"smile","5Vt3ScijGx2BhjoKhmzk6mi6r3JrDaJzRLCH7QTEpump","","","","","","","","","","","","","","","","","","","","","","","","","","","","","","","","","","","","","","","","","","","","","","","","3.224e-7","","","","","","2026-07-25T00:21:07.331Z",""
"Rocky","BptJp43Sw9jfcKayhToLarPq444ur9HLrWpSt8gBpump","57","1.97530864","","","","","","","","","","","","","","","","","","","","","","","","","","","","","","","","","","","","","","","","0.000002068","","","","","","","2026-07-25T00:22:07.106Z","","","","","",""
"BULLSHIT","2C9MJMJ9cn6TC8Lp1CwxqJDH12u2rUnCkui71Mrbpump","77","3.950617282","","","","","","","","","","","","","","","","","","","","","","","","","","","","","","","","","","","","","","","","0.000002077","","","","","","","2026-07-25T00:22:07.178Z","","","","","",""
"Gay","CUEpqEMTUmU8P4ofjzx95iioryQjBP2RnfCXMBd2pump","","","","","","","","","","","","","","","","","","","","","","","","","","","","","","","","","","","","","","","","","","","","","","","","1.681e-7","","","","","","2026-07-25T00:22:07.211Z",""
"Yachting","2S9i94wgbRiBvPn4dtjLUSz8yYFja8QntESnfS4Npump","","","","","","","","","","","","","","","","","","","","","","","","","","","","","","","","","","","","","","","","","","","","","","","","1.01e-7","","","","","","2026-07-25T00:22:07.260Z",""
"CROW","4ehYV3k9VDeJJiFmi5Rk2nZvzDXR1vFcEDD3y85rpump","57","1.97530864","","","","","","","","","","","","","","","","","","","","","","","","","","","","","","","","","","","","","","","","0.000002172","","","","","","","2026-07-25T00:24:07.098Z","","","","","",""
"Scout","EGeCKXnS4RLWFQoqv2hf4Se3LtcMTTbi6Tpx9tBepump","67","4","","","","","","","","","","","","","","","","","","","","","","","","","","","","","","","","","","","","","","","","0.000007364","","","","","","","2026-07-25T00:24:07.170Z","","","","","",""
"TRENCH","A19oRkKWt3YRbE7P3e7cTX7ibum3Sn6rj5iSFBcspump","","","","","","","","","","","","","","","","","","","","","","","","","","","","","","","","","","","","","","","","","","","","","","","","7.664e-7","","","","","","2026-07-25T00:24:07.204Z",""
"SLOUGUIA","8oijPqQEwdsm59564i5QEw6UcrMGR9gWj5T4Jk7Vpump","57","0.250039066","","","","","","","","","","","","","","","","","","","","","","","","","","","","","","","","","","","","","","","","0.000001942","","","","","","","2026-07-25T00:24:07.292Z","","","","","",""
"cupseyina","3NTa3RNbz1ZsrCjti7JMfgifHXiQwU8J8JAQ1tF3pump","57","1.97530864","","","","","","","","","","","","","","","","","","","","","","","","","","","","","","","","","","","","","","","","0.000002068","","","","","","","2026-07-25T00:25:07.298Z","","","","","",""
"SR","AuCqtqVmGHJUt5KjRM3Wgmt2pPxSSw69AxgsXrTBpump","55","0.059259258","","","","","","","","","","","","","","","","","","","","","","","","","","","","","","","","","","","","","","","","0.000001289","","","","","","","2026-07-25T00:25:07.374Z","","","","","",""
"$TUNGNOTE","8X2C1ah38bdtFMFa4o4sZhAUyhWv2oeZGWAQsuXgpump","","","","","","","","","","","","","","","","","","","","","","","","","","","","","","","","","","","","","","","","","","","","","","","","5.512e-8","","","","","","2026-07-25T00:26:07.192Z",""
"MMTT","8tMGXUcceYdms6m4c5PEcEssHA1FUbhMwPmikRA1pump","","","","","","","","","","","","","","","","","","","","","","","","","","","","","","","","","","","","","","","","","","","","","","","","1.311e-7","","","","","","2026-07-25T00:26:07.276Z",""
"MOUSKITO","5dsGrZN6v4voHgU2XwiXoBYzPBawKrDykJEt3tr2pump","","","","","","","","","","","","","","","","","","","","","","","","","","","","","","","","","","","","","","","","","","","","","","","","3.078e-8","","","","","","2026-07-25T00:27:07.198Z",""
"Memelord","2GieoSiq5iQjR5QQXM9vNGiqFbrs4XDqnVPSxXxopump","57","1.97530864","","","","","","","","","","","","","","","","","","","","","","","","","","","","","","","","","","","","","","","","0.000002172","","","","","","","2026-07-25T00:28:07.099Z","","","","","",""
"NSLNK","A3quQRpqfZrz6taJThDVRDScPS9VzfHWGQShZ63Lpump","55","5","","","","","","","","","","","","","","","","","","","","","","","","","","","","","","","","","","","","","","","","0.00000207","","","","","","","2026-07-25T00:28:07.192Z","","","","","",""
"PANTOXEO","6QERLNuTbAk7VyCmF1XdA8pnYoMDmAh6wZBhkWmppump","","","","","","","","","","","","","","","","","","","","","","","","","","","","","","","","","","","","","","","","","","","","","","","","0.000001075","","","","","","2026-07-25T00:29:07.172Z",""
" ","GHDXprxK2jSdYg9fw3zY8ndQ8WVAcJCDk6zqJcEupump","58","3.5","","","","","","","","","","","","","","","","","","","","","","","","","","","","","","","","","","","","","","","","0.00000207","","","","","","","2026-07-25T00:29:07.203Z","","","","","",""
"MUSHU","HnYrkxhLzUaK62pDxn57ZANsUNpAkaHaCoJPrdbUpump","57","1.97530864","","","","","","","","","","","","","","","","","","","","","","","","","","","","","","","","","","","","","","","","0.00000208","","","","","","","2026-07-25T00:29:07.239Z","","","","","",""
"MUSHU","3bzEee9sRvsPc9LJnBB1yhb6vFGBSPZiD3R7FwAGpump","57","1.97530864","","","","","","","","","","","","","","","","","","","","","","","","","","","","","","","","","","","","","","","","0.000002098","","","","","","","2026-07-25T00:30:07.106Z","","","","","",""
"$RNDM","Ay3JtsQWRt2N659pXsgz2yW1WjnsYKowY2H5fgNRpump","91","0.100000001","","","","","","","","","","","","","","","","","","","","","","","","","","","","","","","","","","","","","","","","0.000002977","","","","","","","2026-07-25T00:30:07.308Z","","","","","",""
"FLOATER","7fFhJYS3tnCARhPztMMWbDMvABz7PmbCqpp2meKhHG3","","","","","","","","","","","","","","","","","","","","","","","","","","","","","","","","","","","","","","","","","","","","","","","","0.000002174","","","","","","2026-07-25T00:30:07.348Z",""
"$TUNGNOTE","5G3WHQca8TsCpoTTvNVvzjiQhnhp432wSAC9jELBpump","56","0.059259258","","","","","","","","","","","","","","","","","","","","","","","","","","","","","","","","","","","","","","","","0.000004142","","","","","","","2026-07-25T00:30:07.393Z","","","","","",""
"Goblin","6bPSAuF4sCiDqm2fTyXEZ2w6vQWL8FR3Ry636aZPpump","57","1.97530864","","","","","","","","","","","","","","","","","","","","","","","","","","","","","","","","","","","","","","","","0.000002088","","","","","","","2026-07-25T00:31:07.192Z","","","","","",""
"MUSHU","55M9jpvo5U8ZVRWYasDYHUXznjZ3pTzNgJYq5ivypump","57","1.97530864","","","","","","","","","","","","","","","","","","","","","","","","","","","","","","","","","","","","","","","","0.00000207","","","","","","","2026-07-25T00:31:07.232Z","","","","","",""
"Trump#47","xSrW4TnzSYHcjeJK5pwBDUYqY8GYUcABBjCsZiLpump","69","0.300000001","","","","","","","","","","","","","","","","","","","","","","","","","","","","","","","","","","","","","","","","0.00001355","","","","","","","2026-07-25T00:32:07.089Z","","","","","",""
"Goblin","ARLYWKo2bmuFrmwGfyxs8QJL1MJt5K5HFwPQ2VqKpump","57","5.925925924","","","","","","","","","","","","","","","","","","","","","","","","","","","","","","","","","","","","","","","","0.000002124","","","","","","","2026-07-25T00:32:07.165Z","","","","","",""
"munchh ","8hvLgQUMvXnh6kxKFHPxtiU6pojwKSUWxHBv2Sa9pump","","","","","","","","","","","","","","","","","","","","","","","","","","","","","","","","","","","","","","","","","","","","","","","","8.985e-7","","","","","","2026-07-25T00:33:07.141Z",""
"Trump#47","DN4zg7kQs4Xjgkn5q4fXjotFG38REWdfbQ965ikjpump","","","","","","","","","","","","","","","","","","","","","","","","","","","","","","","","","","","","","","","","","","","","","","","","0.00000106","","","","","","2026-07-25T00:33:07.178Z",""
"Goblin","4iQWpYSRL1PyUBHcG9DPcWzwnGrerZiNT6kRHsuzpump","","","","","","","","","","","","","","","","","","","","","","","","","","","","","","","","","","","","","","","","","","","","","","","","0.000002146","","","","","","2026-07-25T00:33:07.209Z",""
"$TUNGNOTE","98MCES2oPXBfqHC53MiAWCwDnjzKELGowBZvZ26Upump","","","","","","","","","","","","","","","","","","","","","","","","","","","","","","","","","","","","","","","","","","","","","","","","7.858e-8","","","","","","2026-07-25T00:33:07.232Z",""
"HOP","ChM7sFip1w4ZVqxdrH8DAZpSoaaMqdapwKwdDp4Lpump","","","","","","","","","","","","","","","","","","","","","","","","","","","","","","","","","","","","","","","","","","","","","","","","6.598e-7","","","","","","2026-07-25T00:34:07.200Z",""
"Waddles","EbzAM6hw7MQP8VNiwixoc5mgW18NkR348HFxVMHypump","70","4.938271603","","","","","","","","","","","","","","","","","","","","","","","","","","","","","","","","","","","","","","","","0.00002303","","","","","","","2026-07-25T00:34:07.225Z","","","","","",""
"xStocks","5hBscPYy5Wmbet3paPKhB9WuPoq8FtUaBxJi6Ei6pump","71","8.888888887","","","","","","","","","","","","","","","","","","","","","","","","","","","","","","","","","","","","","","","","0.00000906","","","","","","","2026-07-25T00:35:07.206Z","","","","","",""
"INVEST","E6sAVBCyDwKc8Yw8R7YUQLpsmFykckZ7tHWtWsjXpump","58","3","","","","","","","","","","","","","","","","","","","","","","","","","","","","","","","","","","","","","","","","0.000002094","","","","","","","2026-07-25T00:35:07.426Z","","","","","",""
"KOAJ","6uSAHYQyPaXGSm9jAx5NrGC5zjWdo5fpPi6FvdiKpump","61","0.059259258","","","","","","","","","","","","","","","","","","","","","","","","","","","","","","","","","","","","","","","","0.000002912","","","","","","","2026-07-25T00:36:07.140Z","","","","","",""
"$LESUN","DYmBGSyTi9Ss7xHib1vKSKihUr2BvTa1CmWfEcWvpump","55","0.069135801","","","","","","","","","","","","","","","","","","","","","","","","","","","","","","","","","","","","","","","","0.000002082","","","","","","","2026-07-25T00:36:07.171Z","","","","","",""
"APEX","3aXRDNvGqn6z8aQtcf3XZyTGrJr4J3gF8T9RYADhpump","","","","","","","","","","","","","","","","","","","","","","","","","","","","","","","","","","","","","","","","","","","","","","","","1.615e-7","","","","","","2026-07-25T00:36:07.231Z",""
"PUMPFUD","BBURkEFQ4XPwxaeCRaoQQb8ggBMKFpRZ8dfjG6PApump","55","1.777777776","","","","","","","","","","","","","","","","","","","","","","","","","","","","","","","","","","","","","","","","0.000002073","","","","","","","2026-07-25T00:37:07.254Z","","","","","",""
"frenzy","5gJ82hEGPGKU65BQXra1PiWfyERbmZM8uCTPH1oupump","66","3.733333332","","","","","","","","","","","","","","","","","","","","","","","","","","","","","","","","","","","","","","","","0.000002115","","","","","","","2026-07-25T00:37:07.282Z","","","","","",""
"SHIT","7iAcpE9h4JwDLQ46bqtD8nMDyrL7QHYQ86JF1Li9pump","57","1.97530864","","","","","","","","","","","","","","","","","","","","","","","","","","","","","","","","","","","","","","","","0.000002072","","","","","","","2026-07-25T00:38:07.100Z","","","","","",""
"TJR","5CBW7dRe68imzFiNA1EtEAmfqoCxC3kCi3pELSespump","","","","","","","","","","","","","","","","","","","","","","","","","","","","","","","","","","","","","","","","","","","","","","","","3.053e-9","","","","","","2026-07-25T00:38:07.136Z",""
"LMAN","SBssW4et6LZ2eBij3UooossccAeiFVRUqu2KZ6Apump","88","0.059259258","","","","","","","","","","","","","","","","","","","","","","","","","","","","","","","","","","","","","","","","0.00001818","","","","","","","2026-07-25T00:38:07.170Z","","","","","",""
"Coca Cola","9DSRG4bLojiXvoeEsXKu3TosCi5iDRJpQttNFthNpump","","","","","","","","","","","","","","","","","","","","","","","","","","","","","","","","","","","","","","","","","","","","","","","","9.16e-8","","","","","","2026-07-25T00:39:07.177Z",""
"HARU","8yZfj8EaeGTV64YoBGJD8uUkEqL2ueRg3GJSBXGXpump","","","","","","","","","","","","","","","","","","","","","","","","","","","","","","","","","","","","","","","","","","","","","","","","2.065e-7","","","","","","2026-07-25T00:39:07.212Z",""
"Together","JApZ8w3YyU2SASyLWyF18vfM4UhQunMxZRiuCKKZpump","100","4.938271604","","","","","","","","","","","","","","","","","","","","","","","","","","","","","","","","","","","","","","","","0.000006724","","","","","","","2026-07-25T00:39:07.267Z","","","","","",""
"Petverse","EhVfSFVMYPRaYW11E8AUHexRPve3FDCetpbh7ua3pump","63","3","","","","","","","","","","","","","","","","","","","","","","","","","","","","","","","","","","","","","","","","0.00000568","","","","","","","2026-07-25T00:39:07.299Z","","","","","",""
"pumpfrog","C684A7vyn6g2JEygDJHJymdWmBVVNQgLCQtQWotmpump","","","","","","","","","","","","","","","","","","","","","","","","","","","","","","","","","","","","","","","","","","","","","","","","3.605e-7","","","","","","2026-07-25T00:40:07.164Z",""
"DASWIN","3JdM9yFQ6ds4hLvx1z2MiwDLqAJ8dEBwKud84egZpump","","","","","","","","","","","","","","","","","","","","","","","","","","","","","","","","","","","","","","","","","","","","","","","","1.512e-8","","","","","","2026-07-25T00:40:07.187Z",""
"Coca Cola","BNyt6hgPybijFPDu1UAs1gzYcGYBMnc5qX3CEfKKpump","","","","","","","","","","","","","","","","","","","","","","","","","","","","","","","","","","","","","","","","","","","","","","","","2.241e-8","","","","","","2026-07-25T00:40:07.265Z",""
"Goblin","9wVZuM6X3RN9epYMqS9Wd5AvZDKgwpwxh2srMC8Cpump","60","2.416918429","","","","","","","","","","","","","","","","","","","","","","","","","","","","","","","","","","","","","","","","0.000002074","","","","","","","2026-07-25T00:40:07.287Z","","","","","",""
"omen","6FxX1n6DwHz4KCrtXhhgtDkfSHYLbxZwtMwTm4YMpump","63","3.083247688","","","","","","","","","","","","","","","","","","","","","","","","","","","","","","","","","","","","","","","","0.000005619","","","","","","","2026-07-25T00:41:07.362Z","","","","","",""
"KOAJ","9DxhDRqBiVtf7nfhdY1XBPzyAMaNbT6c35uhU8bWpump","","","","","","","","","","","","","","","","","","","","","","","","","","","","","","","","","","","","","","","","","","","","","","","","3.21e-7","","","","","","2026-07-25T00:41:07.397Z",""
"SPCX","BjnK8mEqhs6hqRL9mYMycjK5wPYqyk2cCQL9UK5Qpump","55","1.777777776","","","","","","","","","","","","","","","","","","","","","","","","","","","","","","","","","","","","","","","","0.000002072","","","","","","","2026-07-25T00:41:07.432Z","","","","","",""
"Trillion","EB4ir4aBNHKCX7sxAri6fTswrFFEKPmvRRZ3sNs4pump","61","0.060000001","","","","","","","","","","","","","","","","","","","","","","","","","","","","","","","","","","","","","","","","0.000003013","","","","","","","2026-07-25T00:42:07.379Z","","","","","",""
"DASLUNA","FHK9Mqf1M9XhmbKrnju1gRZBFKAZN36xBPKUnEEdpump","","","","","","","","","","","","","","","","","","","","","","","","","","","","","","","","","","","","","","","","","","","","","","","","1.281e-8","","","","","","2026-07-25T00:42:07.417Z",""
"DASLUNA","61LENBGKifDNnY7h4zKq53n8dYyc7ZFPv4cXHReXpump","","","","","","","","","","","","","","","","","","","","","","","","","","","","","","","","","","","","","","","","","","","","","","","","5.118e-7","","","","","","2026-07-25T00:42:07.455Z",""
"$RIVR","uV9pfUr8qaaXc2rTGMUtVoa6JeNQyNthxmxSLt6pump","","","","","","","","","","","","","","","","","","","","","","","","","","","","","","","","","","","","","","","","","","","","","","","","8.171e-7","","","","","","2026-07-25T00:43:07.188Z",""
"REALES","Avww1JMiZyibKE1fvy8pjr3y8ijBspJU9GMEVXvupump","57","1.97530864","","","","","","","","","","","","","","","","","","","","","","","","","","","","","","","","","","","","","","","","0.000002079","","","","","","","2026-07-25T00:43:07.222Z","","","","","",""
"WIF","HLda8axKJVg52bjTmJNrPuYshoSzF3rUP9nDMB84pump","","","","","","","","","","","","","","","","","","","","","","","","","","","","","","","","","","","","","","","","","","","","","","","","3.27e-7","","","","","","2026-07-25T00:43:07.255Z",""
"Coca Cola","8WYKc34kHiNLuYweiqBfTwBUkJ4YeTvDt5ZVaccxpump","","","","","","","","","","","","","","","","","","","","","","","","","","","","","","","","","","","","","","","","","","","","","","","","6.846e-7","","","","","","2026-07-25T00:43:07.288Z",""
"KOAJ","85hR5qKnrbFJnG3CWBdSJWPSmG46NEoifjUm56qpump","","","","","","","","","","","","","","","","","","","","","","","","","","","","","","","","","","","","","","","","","","","","","","","","1.448e-7","","","","","","2026-07-25T00:44:07.234Z",""
"Dan","3cGkb5qJ3dSGn8obmZ4ZN2LTwyypvyeWKgZeTNrUpump","95","68.148148147","","","","","","","","","","","","","","","","","","","","","","","","","","","","","","","","","","","","","","","","0.00002216","","","","","","","2026-07-25T00:44:07.269Z","","","","","",""
"Polar","93UPPxi6xzdE6rtcgvjY8DnZobfkkpEW2MRijXb5pump","55","1.68765432","","","","","","","","","","","","","","","","","","","","","","","","","","","","","","","","","","","","","","","","0.00000215","","","","","","","2026-07-25T00:45:07.123Z","","","","","",""
"pre-rich","4jhBjoiEuMo9ZxK9yE26jzhTFyoLf2HiC2fW5Fgrpump","57","1.97530864","","","","","","","","","","","","","","","","","","","","","","","","","","","","","","","","","","","","","","","","0.000002069","","","","","","","2026-07-25T00:45:07.166Z","","","","","",""
"HOP","HGbivWF8HbJbyL9kHwdwMxGXr4jZsj1PNXdkuGpUpump","","","","","","","","","","","","","","","","","","","","","","","","","","","","","","","","","","","","","","","","","","","","","","","","3.536e-7","","","","","","2026-07-25T00:45:07.242Z",""
"LMAN","Ha6G5GBPPeHL1bTFjDUDH3qD6mSgGDxL53ypHzVzpump","87","0.059259258","","","","","","","","","","","","","","","","","","","","","","","","","","","","","","","","","","","","","","","","0.000002817","","","","","","","2026-07-25T00:45:07.272Z","","","","","",""
"Trump#47","HD1LiR7d3Pu5hnpC3Q1gnQWAZpV2HrdAXTezwEzQpump","","","","","","","","","","","","","","","","","","","","","","","","","","","","","","","","","","","","","","","","","","","","","","","","0.000001068","","","","","","2026-07-25T00:46:07.116Z",""
"MOONCOIN","897EPuZn6oxEBg1LqSESd9Ho1rhb78izB7JUbdhekjVk","62","5.5","","","","","","","","","","","","","","","","","","","","","","","","","","","","","","","","","","","","","","","","0.000002089","","","","","","","2026-07-25T00:46:07.156Z","","","","","",""
"HODL","5pf1DAncQyjreswhKo8RFDrRsa4SagGAAaGTDqBWpump","62","5","","","","","","","","","","","","","","","","","","","","","","","","","","","","","","","","","","","","","","","","0.00000207","","","","","","","2026-07-25T00:46:07.193Z","","","","","",""
"FOMO","BcjiHnyLKYV8mi9ySaHYW8Ri1MXASRbqnn5CGaHtpump","","","","","","","","","","","","","","","","","","","","","","","","","","","","","","","","","","","","","","","","","","","","","","","","4.81e-7","","","","","","2026-07-25T00:46:07.228Z",""
"FOMO","iHV1gYXbBGxGa8zuPmUBCYUrs4Mt5GnYXz4SrxLpump","62","0.100000001","","","","","","","","","","","","","","","","","","","","","","","","","","","","","","","","","","","","","","","","0.00000207","","","","","","","2026-07-25T00:47:07.137Z","","","","","",""
"TKC","83tTyzjYWb6DEjoKy9u8cBcCnEzzjvvUPXFJACcMpump","","","","","","","","","","","","","","","","","","","","","","","","","","","","","","","","","","","","","","","","","","","","","","","","2.994e-8","","","","","","2026-07-25T00:47:07.174Z",""
"MOONCOIN","4qpwo9qQ5tnQown3mM7hpM8HPgvGSD1qfX1FwhoFdoXe","57","5","","","","","","","","","","","","","","","","","","","","","","","","","","","","","","","","","","","","","","","","0.00000207","","","","","","","2026-07-25T00:47:07.211Z","","","","","",""
"MOONCOIN","6RyZTrKoXspwBcsP5KTqs1P7D7rrzPLgxuXoKU939Cyp","57","5","","","","","","","","","","","","","","","","","","","","","","","","","","","","","","","","","","","","","","","","0.000002143","","","","","","","2026-07-25T00:47:07.246Z","","","","","",""
"HOP","CPyFsdXBcbU3PAfHAGG6LQSDm2MXh5AavbgdoK6spump","61","0.059259258","","","","","","","","","","","","","","","","","","","","","","","","","","","","","","","","","","","","","","","","0.000004771","","","","","","","2026-07-25T00:48:07.088Z","","","","","",""
"BORING","hZ92sQuFmXdjzH793Zaow4B6xMfXEQkDzZG6fSFpump","58","3","","","","","","","","","","","","","","","","","","","","","","","","","","","","","","","","","","","","","","","","0.000002076","","","","","","","2026-07-25T00:49:07.207Z","","","","","",""
"Bean","Emxoow9d9wezpw41p6oGE7m1u56Acy6rmAU78pqnpump","","","","","","","","","","","","","","","","","","","","","","","","","","","","","","","","","","","","","","","","","","","","","","","","5.206e-7","","","","","","2026-07-25T00:49:07.300Z",""
"FOMO","6fBwpsbiSoo7AxyGFAeZR9891X757oV8sD9qKe2Dpump","","","","","","","","","","","","","","","","","","","","","","","","","","","","","","","","","","","","","","","","","","","","","","","","3.327e-7","","","","","","2026-07-25T00:51:07.130Z",""
"BOB","B5cm7dUTDEuvJkz6VVKUZi7pSNRwvoX9e8VHybpspump","79","3.000000001","","","","","","","","","","","","","","","","","","","","","","","","","","","","","","","","","","","","","","","","0.00000311","","","","","","","2026-07-25T00:51:07.159Z","","","","","",""
"Trump#47","5n1Xht9HUC9Jzbi72zVLA3Zk9984xizzEd3AqZuzpump","55","0.250000001","","","","","","","","","","","","","","","","","","","","","","","","","","","","","","","","","","","","","","","","0.000004307","","","","","","","2026-07-25T00:52:07.174Z","","","","","",""
"BOB","B6qBZTmhzAKNFRrynsHDLvP8PHLvaAKgFmmQZvgEpump","","","","","","","","","","","","","","","","","","","","","","","","","","","","","","","","","","","","","","","","","","","","","","","","2.212e-7","","","","","","2026-07-25T00:52:07.265Z",""
"Waddles","DPzPuyeVgZpspkv2xtttZmcfQK7rn69ripFDcGJMpump","70","7","","","","","","","","","","","","","","","","","","","","","","","","","","","","","","","","","","","","","","","","0.00000207","","","","","","","2026-07-25T00:52:07.288Z","","","","","",""
"BULLWCD","GySUWstS1qibEWbMccszKU3Tsfwn3bCW2ZjzeJvDpump","55","1.777777776","","","","","","","","","","","","","","","","","","","","","","","","","","","","","","","","","","","","","","","","0.000002619","","","","","","","2026-07-25T00:53:07.205Z","","","","","",""
"FOMO","ACndyYcKycBakTmhrJFheuhxKtz5H4ZR99Md6BpQpump","","","","","","","","","","","","","","","","","","","","","","","","","","","","","","","","","","","","","","","","","","","","","","","","4.167e-7","","","","","","2026-07-25T00:53:07.230Z",""
"Goblin","3rY9EiPxNeHqQ1VpRnJ5u8cmE3PZ1X7PjmevSzrfpump","57","1.97530864","","","","","","","","","","","","","","","","","","","","","","","","","","","","","","","","","","","","","","","","0.00000207","","","","","","","2026-07-25T00:53:07.265Z","","","","","",""
"bob","Cib2tQ9dWaaa7AY1pLiUcLRtyCjP9esT2dKgLxRgpump","","","","","","","","","","","","","","","","","","","","","","","","","","","","","","","","","","","","","","","","","","","","","","","","2.584e-7","","","","","","2026-07-25T00:54:07.109Z",""
"PUMPNOTE","7XzHR3sgbzDarfd8epT5xCX5XHpAgw4uSogmNHUupump","84","31.60493827","","","","","","","","","","","","","","","","","","","","","","","","","","","","","","","","","","","","","","","","0.000005685","","","","","","","2026-07-25T00:54:07.152Z","","","","","",""
"FOMO","FZWxG3bzvyhA9nvQ6jq6kLQHcpf87S7uxyBTXfjGpump","","","","","","","","","","","","","","","","","","","","","","","","","","","","","","","","","","","","","","","","","","","","","","","","2.249e-7","","","","","","2026-07-25T00:54:07.186Z",""
"Mr.Bean","52eB3i3JmRjqwoUhmWQuqwEQJ6WtCXQiqqQqMbQxpump","","","","","","","","","","","","","","","","","","","","","","","","","","","","","","","","","","","","","","","","","","","","","","","","9.076e-7","","","","","","2026-07-25T00:54:07.225Z",""
"bob","9vHYUD5Cx2AoX6kY1XdRKrkzwFwFAkwkpZgjm2Q6pump","77","3.000000001","","","","","","","","","","","","","","","","","","","","","","","","","","","","","","","","","","","","","","","","0.000005231","","","","","","","2026-07-25T00:55:07.230Z","","","","","",""
"Sasquatch","5b5bpq8yao13HXPWd94pgofiNjEi8UYnFmA4QC5Spump","67","3","","","","","","","","","","","","","","","","","","","","","","","","","","","","","","","","","","","","","","","","0.00000722","","","","","","","2026-07-25T00:55:07.269Z","","","","","",""
"BIGFOOT","9JnHNearXHCYA6SpadBMvuiis5mfX8CnYhMGEFTwpump","59","4.938271603","","","","","","","","","","","","","","","","","","","","","","","","","","","","","","","","","","","","","","","","0.000002173","","","","","","","2026-07-25T00:55:07.401Z","","","","","",""
"FRUITCATS","5cjt1mn5fm9HN5WbuPRwhhnycgdSk1yqn6dJHPB3pump","63","3","","","","","","","","","","","","","","","","","","","","","","","","","","","","","","","","","","","","","","","","0.000002263","","","","","","","2026-07-25T00:56:07.126Z","","","","","",""
"GODSPEED","3UaFN2ksZ1V68JU5CrtjedTTCJQ12x7EJWBgi88HzNEh","","","","","","","","","","","","","","","","","","","","","","","","","","","","","","","","","","","","","","","","","","","","","","","","0.000002172","","","","","","2026-07-25T00:56:07.161Z",""
"Waddles","AaRFyA6FQ94771MtDEwjYacKK7C3UfdsoCreCH6pump","65","7","","","","","","","","","","","","","","","","","","","","","","","","","","","","","","","","","","","","","","","","0.000002068","","","","","","","2026-07-25T00:56:07.217Z","","","","","",""
"bob","B6yQ515abM3fVU5bun9eZLbQ9DfQgVBAtRLnhgHtpump","77","3.000000001","","","","","","","","","","","","","","","","","","","","","","","","","","","","","","","","","","","","","","","","0.000003339","","","","","","","2026-07-25T00:56:07.252Z","","","","","",""
"bob","3aPZ6rd3Mk4EyXGUFw2qEztyM7JincVtbeEn5PUgpump","","","","","","","","","","","","","","","","","","","","","","","","","","","","","","","","","","","","","","","","","","","","","","","","4.719e-7","","","","","","2026-07-25T00:57:07.137Z",""
"PoorElon","6oWrSrDbPLHbGbTopqNciVQt9DSZkZj24dsASRoCpump","","","","","","","","","","","","","","","","","","","","","","","","","","","","","","","","","","","","","","","","","","","","","","","","3.443e-7","","","","","","2026-07-25T00:57:07.172Z",""
"Polar","6xagHKA4hxLrLCMPtzRhBoqkeSYKSvU2SDuLdXeepump","59","3.083247688","","","","","","","","","","","","","","","","","","","","","","","","","","","","","","","","","","","","","","","","0.000003341","","","","","","","2026-07-25T00:57:07.206Z","","","","","",""
"THEORY","7m5THfNAqBrDojRSvnDJ919n76C1rWsWh9CUL71Npump","55","2.000000001","","","","","","","","","","","","","","","","","","","","","","","","","","","","","","","","","","","","","","","","0.00000445","","","","","","","2026-07-25T00:57:07.244Z","","","","","",""
"WAGTMI","7d5LzoLoTdcmFoyQC8PNAUGYE68gpwcFKRjTu5SW75AW","","","","","","","","","","","","","","","","","","","","","","","","","","","","","","","","","","","","","","","","","","","","","","","","0.000002175","","","","","","2026-07-25T00:58:07.127Z",""
"WAGMI","J7tFJCHfsFjB5T5gb1sBufcF3dy9nfiscuifrmZcpump","57","5","","","","","","","","","","","","","","","","","","","","","","","","","","","","","","","","","","","","","","","","0.000002175","","","","","","","2026-07-25T00:59:07.154Z","","","","","",""
"HAH","FmRRszJG1UoS5PBNwE2BjwQgngHJTVb5ViS1CxQnpump","55","0.060000001","","","","","","","","","","","","","","","","","","","","","","","","","","","","","","","","","","","","","","","","0.000001549","","","","","","","2026-07-25T01:00:07.165Z","","","","","",""
"HAH","HgyfpXxPocy7oi6wy7e8myVheNN6G3BGVLFkUm5xpump","55","0.060000001","","","","","","","","","","","","","","","","","","","","","","","","","","","","","","","","","","","","","","","","0.000009638","","","","","","1.117e-7","2026-07-25T01:01:07.141Z","","","","","2026-07-25T01:03:07.296Z",""
"WAGMI","67xA5GRWPSjTW4qcMPvk4LzNAE6ZeZnQTciDFozypump","63","2.962962961","","","","","","","","","","","","","","","","","","","","","","","","","","","","","","","","","","","","","","","","0.000002075","","","","","","","2026-07-25T01:01:07.210Z","","","","","",""
"THEORY","fB4aLTTJgCr9pzsmvCsewMwG9SeGFQpWCUjTjgypump","","","","","","","","","","","","","","","","","","","","","","","","","","","","","","","","","","","","","","","","","","","","","","","","0.000001013","","","","","","2026-07-25T01:02:07.085Z",""
"POP","BkwSgbEskK7VGyU8XRTzoutoKLbrzk7VH77UpyBcpump","56","1.93452381","","","","","","","","","","","","","","","","","","","","","","","","","","","","","","","","","","","","","","","","0.000002097","","","","","","","2026-07-25T01:02:07.270Z","","","","","",""
"THEORY","8Li4UrwxRGdRnG5gfKr14HTRa8XEh6Qz55RRRSMZpump","63","3.400000001","","","","","","","","","","","","","","","","","","","","","","","","","","","","","","","","","","","","","","","","0.000002197","","","","","","","2026-07-25T01:02:07.308Z","","","","","",""
"History","2C9WASVdDp1QfJsYYgxYZNiByEPoLdAiDkBayWvzvPiR","","","","","","","","","","","","","","","","","","","","","","","","","","","","","","","","","","","","","","","","","","","","","","","","0.000002074","","","","","","2026-07-25T01:02:07.341Z",""
"Jimoretard","yF8je8ousK6Ly2JYLGweYAc1wKPnbSE7H7AYL5Lpump","100","0.338712561","","","","","","","","","","","","","","","","","","","","","","","","","","","","","","","","","","","","","","","","0.000004781","","","","","","","2026-07-25T01:03:07.098Z","","","","","",""
"WVE","6NBAV3YRGr6qYYqjadFPTrHTvcTYUGK3XruCw5Pppump","65","0.059259258","","","","","","","","","","","","","","","","","","","","","","","","","","","","","","","","","","","","","","","","0.000001252","","","","","","","2026-07-25T01:03:07.135Z","","","","","",""
"THEORY","8XJxvVAvscxk8xKzRUf9S3pYoweQ1kCFJbA7PR3Upump","56","2.300000001","","","","","","","","","","","","","","","","","","","","","","","","","","","","","","","","","","","","","","","","0.000004421","","","","","","","2026-07-25T01:03:07.326Z","","","","","",""
"HAH","8TxMWPowXB7k3qWd67rfDUoQNaEU4ohW5YoVmwagpump","55","0.060000001","","","","","","","","","","","","","","","","","","","","","","","","","","","","","","","","","","","","","","","","0.000003502","","","","","","","2026-07-25T01:04:07.076Z","","","","","",""
"MUD COIN","52i8qshMvHA25NXXBcv6TEJ4oBTmagrra557Nppnpump","","","","","","","","","","","","","","","","","","","","","","","","","","","","","","","","","","","","","","","","","","","","","","","","6.524e-7","","","","","","2026-07-25T01:04:07.185Z",""
"KYLO","APd2NnyskS6Y6ZRrq9D2qDf1VmgWHb6bRRricZAjpump","63","2.962962961","","","","","","","","","","","","","","","","","","","","","","","","","","","","","","","","","","","","","","","","0.000002075","","","","","","","2026-07-25T01:05:07.091Z","","","","","",""
"father","CKmyAiJVuS8oU8131roaS1aNtDjYpufBsdjRN3uZpump","88","25","","","","","","","","","","","","","","","","","","","","","","","","","","","","","","","","","","","","","","","","0.000009493","","","","","","","2026-07-25T01:05:07.172Z","","","","","",""
"YEE","4K8gAzwMat5JJnVrmaTET5momSbKSgiC8q1oLiqbpump","67","3.950617282","","","","","","","","","","","","","","","","","","","","","","","","","","","","","","","","","","","","","","","","0.000002602","","","","","","","2026-07-25T01:07:07.460Z","","","","","",""
"Chicken","FKwHyE61wSdXGa4vFQBJ9ttqdW5jkpQ6LvppGX7Spump","61","0.98765432","","","","","","","","","","","","","","","","","","","","","","","","","","","","","","","","","","","","","","","","0.000004418","","","","","","","2026-07-25T01:07:07.493Z","","","","","",""
"PumP","7hZLjYP5HGZhohuYApuAJVSBzuwgHFPsiiwxyV8Gpump","","","","","","","","","","","","","","","","","","","","","","","","","","","","","","","","","","","","","","","","","","","","","","","","6.554e-7","","","","","","2026-07-25T01:07:07.528Z",""
"IT","3zdvujyXtrqb1FLYutVjoDdz1af8RpDqPdNTKrUjpump","58","3","","","","","","","","","","","","","","","","","","","","","","","","","","","","","","","","","","","","","","","","0.000002073","","","","","","","2026-07-25T01:07:07.559Z","","","","","",""
"THEORY","BoTubPCb1K14L2xu5KttMD42BKtcq7rqZsJzCSsDpump","","","","","","","","","","","","","","","","","","","","","","","","","","","","","","","","","","","","","","","","","","","","","","","","4.864e-7","","","","","","2026-07-25T01:08:07.093Z",""
"GAMBLE!!","38shi7TELswKfhHXHmznHNm91wUB1x5cF36rS37dpump","66","0.1","","","","","","","","","","","","","","","","","","","","","","","","","","","","","","","","","","","","","","","","0.000003985","","","","","","","2026-07-25T01:08:07.119Z","","","","","",""
"it","DZwcAVpoLbrVF2hVAU9HSgijPXL5iZkUrdUfXpKLpump","71","5","","","","","","","","","","","","","","","","","","","","","","","","","","","","","","","","","","","","","","","","0.000002075","","","","","","","2026-07-25T01:08:07.174Z","","","","","",""
"BULLPEN","6hwNpBkQw3UZwypSkfdTvy2VCFxd9CLwRTEuC6jp2s5Z","55","7","","","","","","","","","","","","","","","","","","","","","","","","","","","","","","","","","","","","","","","","0.000002073","","","","","","","2026-07-25T01:08:07.200Z","","","","","",""
"XP","yNRe2iYCEc75YFjChGSPtW6e1xCKoREb8e4C76xpump","57","1.97530864","","","","","","","","","","","","","","","","","","","","","","","","","","","","","","","","","","","","","","","","0.000002073","","","","","","","2026-07-25T01:09:07.171Z","","","","","",""
"Pogo Panda","ESMUESNFtbiWREn2V1JPHg2LkrTS4MUrMvLDZRVVpump","","","","","","","","","","","","","","","","","","","","","","","","","","","","","","","","","","","","","","","","","","","","","","","","7.039e-8","","","","","","2026-07-25T01:09:07.203Z",""
"Across","4ns3vLcKt7rNKwdiwacA8KwYzUxW75T4MVX21uxKpump","61","0.98765432","","","","","","","","","","","","","","","","","","","","","","","","","","","","","","","","","","","","","","","","0.000002601","","","","","","","2026-07-25T01:09:07.244Z","","","","","",""
"Neegy","FyLbsZFfeETkwenomAK9Dvj6hnWwqevqK5hZTjeNpump","61","0.98765432","","","","","","","","","","","","","","","","","","","","","","","","","","","","","","","","","","","","","","","","0.000004073","","","","","","","2026-07-25T01:09:07.338Z","","","","","",""
"sendit","3xUY88i9QoseQfY4sDF3mDWx39Xx8Hboemh9FWp6pump","63","2.962962961","","","","","","","","","","","","","","","","","","","","","","","","","","","","","","","","","","","","","","","","0.000002073","","","","","","","2026-07-25T01:10:07.180Z","","","","","",""
"GAMBLE!","GTdqDNq9pTrBpHt4ryUaptfyKmGJPxZtqm3WzgABpump","62","0.1","","","","","","","","","","","","","","","","","","","","","","","","","","","","","","","","","","","","","","","","0.000006748","","","","","","","2026-07-25T01:10:07.266Z","","","","","",""
"Chocolate","Fd8vHRDAVueDgReMBZmLMzySmqg6FqxjzgGsYt2bpump","60","0.98765432","","","","","","","","","","","","","","","","","","","","","","","","","","","","","","","","","","","","","","","","0.000002834","","","","","","","2026-07-25T01:11:07.134Z","","","","","",""
"+400%","E1HpXoe7T5bEkHvZibBEYsVgwFgDtHBfSKcsUSpPpump","65","0.5","","","","","","","","","","","","","","","","","","","","","","","","","","","","","","","","","","","","","","","","0.000002301","","","","","","","2026-07-25T01:11:07.171Z","","","","","",""
"COACHBROKE","AEnw9RSL717xSdkY6DQbxkEHYyycKEKk2K6HpKGLpump","57","1.97530864","","","","","","","","","","","","","","","","","","","","","","","","","","","","","","","","","","","","","","","","0.000002071","","","","","","","2026-07-25T01:12:07.144Z","","","","","",""
"LMAN","AQWbhuoh3WhJcNkStojwUNQyiRXcUrEurodFFbNGpump","94","0.059259258","","","","","","","","","","","","","","","","","","","","","","","","","","","","","","","","","","","","","","","","0.00002211","","","","","","","2026-07-25T01:12:07.177Z","","","","","",""
"Neegy","8ihEMAvgqhVXnH8zZJ7AP7jDZtNyNAguYLPhPcgwpump","","","","","","","","","","","","","","","","","","","","","","","","","","","","","","","","","","","","","","","","","","","","","","","","0.000001145","","","","","","2026-07-25T01:12:07.226Z",""
"Neegy","HuZEVENkQNY94XKR4zsXe7bJJomZTEmzS6Zxy2jwpump","","","","","","","","","","","","","","","","","","","","","","","","","","","","","","","","","","","","","","","","","","","","","","","","5.298e-7","","","","","","2026-07-25T01:12:07.263Z",""
"BULLS","4jWYiJ1SyzzFrzcyZrtact8x4RcXx8mxhWCQubgBAWVa","","","","","","","","","","","","","","","","","","","","","","","","","","","","","","","","","","","","","","","","","","","","","","","","0.000002174","","","","","","2026-07-25T01:13:07.172Z",""
"Cendit","EwNJ3BxHjFfYDvidozNBXk9BYTaXcrX5N2CMsV9hpump","59","2.3","","","","","","","","","","","","","","","","","","","","","","","","","","","","","","","","","","","","","","","","0.00000207","","","","","","","2026-07-25T01:13:07.209Z","","","","","",""
"idek","2khDB2mcHivAmNaNiBdt1ppMAcqetFwPZHSgpT4Upump","","","","","","","","","","","","","","","","","","","","","","","","","","","","","","","","","","","","","","","","","","","","","","","","9.338e-7","","","","","","2026-07-25T01:13:07.241Z",""
"Neegy100x","U6gVn4LrFAWyY5gkpw6L552LGqCNFTH25ZYK16upump","","","","","","","","","","","","","","","","","","","","","","","","","","","","","","","","","","","","","","","","","","","","","","","","4.143e-7","","","","","","2026-07-25T01:13:07.272Z",""
"dwadaw","85PEVZWGSvFd77BykQ1CXNJj84bHk3vYoCPhrsgApump","60","0.5","","","","","","","0","0","0","","","0","0","959","0.5","0","6","1","0","0","3143.58","5","112.44","112.44","0.8","0.8","46.82","","0","0","1","0","0","","","","","","","0.000003143","0.000003143","","","","","","2026-07-25T01:14:07.153Z","2026-07-25T01:17:07.342Z","","","","",""
"dadawdawd","75vTZSMAVfob7qaZe2tDPau9GCopHvqxRjqccSfopump","62","0.5","","","","","","","","","","","","","","","","","","","","","","","","","","","","","","","","","","","","","","","","0.000003824","","","","","","","2026-07-25T01:14:07.186Z","","","","","",""
"Neegy","CgLgf8jyKMK7Vf8tS3CjLPDdAzm6q6wmPLnLYqhfpump","64","1.48148148","","","","","","","0","0","-0.4","","","0","0","960","1.48148148","1","43","1","0","0","4072.82","5","438.11","438.11","0.875","0.875","78.59","","0","0","1","0","0","","","","","","","0.000004072","0.000004072","","","","","","2026-07-25T01:14:07.271Z","2026-07-25T01:17:07.242Z","","","","",""
"dawda","6igxqmX2hUJyi7EDqeDPXiUC3AjoKqdUHgEWsTeUpump","","","","","","","","","","","","","","","","","","","","","","","","","","","","","","","","","","","","","","","","","","","","","","","","3.625e-7","","","","","","2026-07-25T01:14:07.296Z",""
"LMAN","E8iuYkmcUdP9pbecU7cJ8nUqw9CVW8mR5s6tkWUWpump","","","","","","","","","","","","","","","","","","","","","","","","","","","","","","","","","","","","","","","","","","","","","","","","1.193e-8","","","","","","2026-07-25T01:15:07.190Z",""
"KIKE","HRGLqza3zUFT5Y7boSC9pscsUd5hCpt5Xnw6rbnspump","63","1.48148148","","","","","","","0","0","0","","","0","0","959","1.48148148","1","45","1","0","0","3021.59","5","364.66","364.66","0.571","0.571","32.51","","0","0","1","0","0","","","","","","","0.000003021","0.000003021","","","","","","2026-07-25T01:16:07.121Z","2026-07-25T01:19:07.295Z","","","","",""
"Jimothy","4uDJ19fNEJwTyTA25gSbRT2HkJbYVrTGXq2G3V7npump","","","","","","","","","","","","","","","","","","","","","","","","","","","","","","","","","","","","","","","","","","","","","","","","4.641e-8","","","","","","2026-07-25T01:17:07.187Z",""
"100k","7YqgyyDZLuuQv98p9QfeXgPFfj6thdUJnjdLYk7rpump","","","","","","","","","","","","","","","","","","","","","","","","","","","","","","","","","","","","","","","","","","","","","","","","3.522e-8","","","","","","2026-07-25T01:18:07.170Z",""
"V","GpiJPHjN1eeKH8geu2TTn8CsTYqqNVW2b1Jhx7CLpump","63","2.962962961","","","","","","","","","","","","","","","","","","","","","","","","","","","","","","","","","","","","","","","","0.000002122","","","","","","","2026-07-25T01:18:07.218Z","","","","","",""
"V","9j69A5fvZQAvECRdvcVoKaNne4U9Ps8oxUj7ddJxpump","63","2.962962961","","","","","","","","","","","","","","","","","","","","","","","","","","","","","","","","","","","","","","","","0.000002105","","","","","","","2026-07-25T01:19:07.158Z","","","","","",""
"LMAN","tidfNuTUvUDLLZQuxcFdNZkrSZ3MZW4jokrcPPdpump","92","0.098765431","","","","","","","","","","","","","","","","","","","","","","","","","","","","","","","","","","","","","","","","0.000007032","","","","","","","2026-07-25T01:20:07.093Z","","","","","",""
"V","2K7nbptQumC92pB5peUqgHZY6RMctritsv6g8B1Apump","70","4.938271603","","","","","","","","","","","","","","","","","","","","","","","","","","","","","","","","","","","","","","","","0.000002093","","","","","","","2026-07-25T01:20:07.180Z","","","","","",""
"FWASTR","4bytLy8T7wwvGZ4a2VMsAa8rJ7FQHuAifzYZincrpump","70","4.875406284","","","","","","","","","","","","","","","","","","","","","","","","","","","","","","","","","","","","","","","","0.000002111","","","","","","","2026-07-25T01:21:07.273Z","","","","","",""
"V","4Njfo6XbMbrnrnJ8Cr74ZekncZjMWfs6oMfMfydEpump","67","3.950617282","","","","","","","","","","","","","","","","","","","","","","","","","","","","","","","","","","","","","","","","0.000002175","","","","","","","2026-07-25T01:21:07.314Z","","","","","",""
"LONGDOG","FUM6XJktsAZ6sXFPSHkF92RVdFgL26H53jRasWyjpump","79","8.779149518","","","","","","","","","","","","","","","","","","","","","","","","","","","","","","","","","","","","","","","","0.000002118","","","","","","","2026-07-25T01:21:07.389Z","","","","","",""
"Reflejos","FGii2SP5VGhUrW2xLykcoEbzMm7AQ46u7GeBRiXEpump","67","3.950617282","","","","","","","","","","","","","","","","","","","","","","","","","","","","","","","","","","","","","","","","0.000007986","","","","","","0.000002098","2026-07-25T01:22:07.254Z","","","","","2026-07-25T01:25:07.214Z",""
"CHISPA","7pd353ph4o9ebtzTCx4XGEVAUsKoFZQUqeY2aoLkpump","62","2.9","","","","","","","","","","","","","","","","","","","","","","","","","","","","","","","","","","","","","","","","0.000006089","","","","","","","2026-07-25T01:23:07.198Z","","","","","",""
"Jimoty","FaqUwfTwERj7xtVgfb1FysNk42ad3VdSQqn5w9Jtpump","","","","","","","","","","","","","","","","","","","","","","","","","","","","","","","","","","","","","","","","","","","","","","","","4.102e-8","","","","","","2026-07-25T01:23:07.263Z",""
"LONGDOG","DneoPjGouzuSiEEU2f67NbegfkWVznjJLH9xX4Jxpump","79","11.742111603","","","","","","","","","","","","","","","","","","","","","","","","","","","","","","","","","","","","","","","","0.00001993","","","","","","0.000002108","2026-07-25T01:24:07.078Z","","","","","2026-07-25T01:27:07.168Z",""
"CHISPA","CSR5caSsVbcBG7QKSbJojbnTEdPtD9sxBUuwu2fnpump","67","3.950617282","","","","","","","","","","","","","","","","","","","","","","","","","","","","","","","","","","","","","","","","0.000002108","","","","","","","2026-07-25T01:24:07.101Z","","","","","",""
"PLAIPIN","9TY76Z4xrR6gB1EehZsmHdtzNDGs96jHTZbm4giepump","55","1.78146951","","","","","","","","","","","","","","","","","","","","","","","","","","","","","","","","","","","","","","","","0.000002452","","","","","","","2026-07-25T01:24:07.172Z","","","","","",""
"100%","7kFkiq9DWCgitHpkXPejhfNHTRsnQZVDsVJyckgUZNVY","57","1.952475246","","","","","","","","","","","","","","","","","","","","","","","","","","","","","","","","","","","","","","","","0.000002075","","","","","","","2026-07-25T01:24:07.196Z","","","","","",""
"REMAIN","BvL92iqzegaBKD72VXipTsP13YDgbbrSPzBZmBb7JkWK","100","3.121788286","","","","","","","","","","","","","","","","","","","","","","","","","","","","","","","","","","","","","","","","0.000007976","","","","","","0.00000293","2026-07-25T01:26:07.079Z","","","","","2026-07-25T01:30:07.141Z",""
"Pestolav","B3ruhFu3phJta6N5Rk1QhCEvDZmAbjCdLSs7ZG4bpump","67","3.950617282","","","","","","","","","","","","","","","","","","","","","","","","","","","","","","","","","","","","","","","","0.000002092","","","","","","","2026-07-25T01:26:07.109Z","","","","","",""
"Comebacks","B1oukt1P3CMaHvZYRtizE36yTDCz3QDQrpQ1z4A8pump","58","3","","","","","","","","","","","","","","","","","","","","","","","","","","","","","","","","","","","","","","","","0.000002236","","","","","","","2026-07-25T01:27:07.135Z","","","","","",""
"ふみふみ","4Adhp99Gu9E9GiZfyHG3EyN9QKwAHRuYquJQrh38pump","67","3.950617282","","","","","","","","","","","","","","","","","","","","","","","","","","","","","","","","","","","","","","","","0.000002115","","","","","","","2026-07-25T01:28:07.227Z","","","","","",""
"uSDC","EguMF3v7KgSvQ5iXkF498DtfJQRJZ84ebhnoyymapump","64","4.93777933","","","","","","","","","","","","","","","","","","","","","","","","","","","","","","","","","","","","","","","","0.000006199","","","","","","","2026-07-25T01:28:07.285Z","","","","","",""
"LONGDOG","GnQ27agmgQsrdT23UdjLunTEs68hJ1b2Vgj2NTL3pump","77","11.742112473","","","","","","","","","","","","","","","","","","","","","","","","","","","","","","","","","","","","","","","","0.00001641","","","","","","","2026-07-25T01:29:07.089Z","","","","","",""
"DDR5","7oKSi7X53wdt3K9m6tcTxPAwbb5ABAeLK7HTzJpVpump","59","2.271604937","","","","","","","","","","","","","","","","","","","","","","","","","","","","","","","","","","","","","","","","0.000006879","","","","","","","2026-07-25T01:29:07.175Z","","","","","",""
"FaZe","A4UTkHK9uWHTSZV7RvNQY21KmBnEKJeWHU6LgLwwpump","97","14.814814813","","","","","","","","","","","","","","","","","","","","","","","","","","","","","","","","","","","","","","","","0.000009002","","","","","","","2026-07-25T01:29:07.205Z","","","","","",""
"V","7G1WbeVbJWrTcQS5JJPxcRsj5n4pvbb2Ujf3WmJKpump","67","3.950617282","","","","","","","","","","","","","","","","","","","","","","","","","","","","","","","","","","","","","","","","0.000002145","","","","","","","2026-07-25T01:30:07.237Z","","","","","",""
"MORONS","AvuAtDk3raRNZPjvaTz4CvaAEgbwxyFHWd5WTirKpump","63","3.083247688","","","","","","","","","","","","","","","","","","","","","","","","","","","","","","","","","","","","","","","","0.00000252","","","","","","","2026-07-25T01:33:07.187Z","","","","","",""
"WADDLES","2aWRF9GEZECR2tuhq3ChTCbbr8jhRVAsqPysxBFSpump","75","7","","","","","","","","","","","","","","","","","","","","","","","","","","","","","","","","","","","","","","","","0.000002138","","","","","","","2026-07-25T01:33:07.245Z","","","","","",""
"#NULLSEC","CnRv3dQKDopLQmZ1bgk3yFJVdMMwfuCUAnctsp8rpump","63","2.962962961","","","","","","","","","","","","","","","","","","","","","","","","","","","","","","","","","","","","","","","","0.00000207","","","","","","","2026-07-25T01:33:07.281Z","","","","","",""
"YAMAL","BXTskceYu6rT7eveQA1hsBNMbpCcdKxUMsqdYUPipump","59","0.100015626","","","","","","","","","","","","","","","","","","","","","","","","","","","","","","","","","","","","","","","","0.000002","","","","","","","2026-07-25T01:34:07.084Z","","","","","",""
"BULLIFIED","4r4qrDCww11Q2BufoG9cLSDVVPjGieEYWqMjkKAy2VTy","55","7","","","","","","","","","","","","","","","","","","","","","","","","","","","","","","","","","","","","","","","","0.000002089","","","","","","","2026-07-25T01:34:07.207Z","","","","","",""
"OSTRICH","ECQiCGxTvK94zuNAjMNq54Z1cb8k46g39VugeYqnpump","","","","","","","","","","","","","","","","","","","","","","","","","","","","","","","","","","","","","","","","","","","","","","","","2.207e-8","","","","","","2026-07-25T01:34:07.239Z",""
"TEST","8MZ2ND7f7VQUpKD5JVU9ok9Wtdpfrr9j3S6oQEb6pump","67","4","","","","","","","","","","","","","","","","","","","","","","","","","","","","","","","","","","","","","","","","0.000002079","","","","","","","2026-07-25T01:35:07.119Z","","","","","",""
"Smelt","ovwUPwjurS7oYBJUSwhQViSehye3d4FycZHYecepump","57","1.97530864","","","","","","","","","","","","","","","","","","","","","","","","","","","","","","","","","","","","","","","","0.000002117","","","","","","","2026-07-25T01:35:07.140Z","","","","","",""
"POPO","9Nris6FAWXQ6Bx8Z9rJT8VRzmGwyX2gjkxCidnsxpump","55","1.72839506","","","","","","","","","","","","","","","","","","","","","","","","","","","","","","","","","","","","","","","","0.000002315","","","","","","","2026-07-25T01:35:07.207Z","","","","","",""
"Smelt","Ciu7JP32JFNcWDz4yhZbdXzu9RSpGHkUtfoYRGiQpump","70","4.938271603","","","","","","","","","","","","","","","","","","","","","","","","","","","","","","","","","","","","","","","","0.000002077","","","","","","0.000002074","2026-07-25T01:37:07.283Z","","","","","2026-07-25T01:40:07.204Z",""
"$SQUATCH","A9YBVTszaJ8Z15eSWkPyeXyP9bNpwy2ZAMNX4UPBpump","57","1.97530864","","","","","","","","","","","","","","","","","","","","","","","","","","","","","","","","","","","","","","","","0.000002355","","","","","","","2026-07-25T01:38:07.158Z","","","","","",""
"Smelt","qTfZ77nNzzJtX2WDh6Re6w7Q7mygKf1KxTdgWkRpump","70","4.938271603","","","","","","","","","","","","","","","","","","","","","","","","","","","","","","","","","","","","","","","","0.000002073","","","","","","0.000002073","2026-07-25T01:38:07.181Z","","","","","2026-07-25T01:41:07.259Z",""
"bap","BKor26eEeeRYAtTF5huYHYr2U7cAfEcmf8FXBMEopump","76","7.407407406","auto","","32.596","","","","47.2","719","-11.5","","","-18.3","80.2","959","7.407407406","0","0","0","0","0","17147.71","6","32331.41","37373.82","0.643","0.644","432","","0","0","1","0","1","","","","","","","0.000008065","0.00001714","0.00001714","","","","","2026-07-25T01:38:07.209Z","2026-07-25T01:42:07.323Z","2026-07-25T01:42:39.919Z","","","",""
"BOFE","66F2u9wg3cD48VdfYEdNnrdEaEsvwJvpLeya68TTpump","72","0.500000001","","","","","","","","","","","","","","","","","","","","","","","","","","","","","","","","","","","","","","","","0.000002164","","","","","","","2026-07-25T01:39:07.261Z","","","","","",""
"BULL","E627kG7piLjXftYW4hPp9gvp4WBKHnzMMtDJUJFNpump","","","","","","","","","","","","","","","","","","","","","","","","","","","","","","","","","","","","","","","","","","","","","","","","7.029e-7","","","","","","2026-07-25T01:39:07.291Z",""
"DOWN","EbTFypvChY3pWk9XPG2ujszHNLZcgFoEbA6imRpxp7Yf","57","2","","","","","","","","","","","","","","","","","","","","","","","","","","","","","","","","","","","","","","","","0.000002176","","","","","","","2026-07-25T01:41:07.224Z","","","","","",""
"Vision","6aFKgtxtXEJhZrqp9t6o97YAc6X72rdv1XW9cey8pump","","","","","","","","","","","","","","","","","","","","","","","","","","","","","","","","","","","","","","","","","","","","","","","","0.000002093","","","","","","2026-07-25T01:42:07.171Z",""
"Vision","GwP2oNPGfTtSyhRYfVpFjWhXSTNDda35xxykjXRepump","100","4.938271603","","","","","","","0","0","-0.2","","","0","0","900","4.938271603","1","1","0","0","0","2076.76","3","4857.09","4857.09","0.558","0.558","-26.07","","0","0","1","0","0","","","","","","","0.000002076","0.000002076","","","","","","2026-07-25T01:42:07.211Z","2026-07-25T01:43:06.397Z","","","","",""
"ANTRO","9fmY2SwrQL9Bq5GFAtN2Fd1eZ3p8Ujh7mAZ5wkS2pump","75","6.913580245","","","","","","","","","","","","","","","","","","","","","","","","","","","","","","","","","","","","","","","","0.000002568","","","","","","","2026-07-25T01:43:06.595Z","","","","","",""
"Mother","7mXaS5HemEPxZKwjwazJG2GCf5gZ6D8ygFHBr3Czpump","99","18","","","","","","","","","","","","","","","","","","","","","","","","","","","","","","","","","","","","","","","","0.000006276","","","","","","0.00000301","2026-07-25T01:44:07.155Z","","","","","2026-07-25T01:46:07.130Z",""
"MASTERS","C7mc7oz3crRgfeGWkgbieMdeehEU2NqL6g87abvapump","","","","","","","","","","","","","","","","","","","","","","","","","","","","","","","","","","","","","","","","","","","","","","","","4.655e-7","","","","","","2026-07-25T01:44:07.252Z",""
"Mother","GZwdQ5zo9kiY83jcMwBbMH5S2ZQZJPkXLsJxTqK5pump","70","4.938271603","","","","","","","","","","","","","","","","","","","","","","","","","","","","","","","","","","","","","","","","0.00001876","","","","","","","2026-07-25T01:45:07.156Z","","","","","",""
"SOLAN","AAmTLTaCefTNHe5aZs55C5Rz7gtvfPowdFBa9Z7Cpump","57","1.97530864","","","","","","","","","","","","","","","","","","","","","","","","","","","","","","","","","","","","","","","","0.000002072","","","","","","","2026-07-25T01:45:07.191Z","","","","","",""
"Solan","HjLyQFHNnPEae5ob9BdGPyFzcLk5vfPvE6TZvjBspump","57","1.97530864","","","","","","","","","","","","","","","","","","","","","","","","","","","","","","","","","","","","","","","","0.000002106","","","","","","","2026-07-25T01:45:07.216Z","","","","","",""
"STARSHIP","3GqNJgX3JSUGHFEYb2rtHjpDcR7BaPAKWSGhA6ikpump","62","5","","","","","","","","","","","","","","","","","","","","","","","","","","","","","","","","","","","","","","","","0.000002074","","","","","","","2026-07-25T01:46:07.062Z","","","","","",""
"LONGDOG","J2pFi1FwaJv7Vytge5fYbn1W89hZ44eaMUNpiGzdpump","98","11.742112394","","","","","","","","","","","","","","","","","","","","","","","","","","","","","","","","","","","","","","","","0.00001728","","","","","","","2026-07-25T01:46:07.106Z","","","","","",""
"Pete","FCQoYPrLv9zQAXx9227tfPJArHk9uRhfswHPxgUPpump","","","","","","","","","","","","","","","","","","","","","","","","","","","","","","","","","","","","","","","","","","","","","","","","4.93e-8","","","","","","2026-07-25T01:46:07.160Z",""
"BOOBS","D1izxyBef9rHWzuEGW4wGxsbmk2a6guKHqYoppaVpump","63","3.03","","","","","","","","","","","","","","","","","","","","","","","","","","","","","","","","","","","","","","","","0.000002074","","","","","","","2026-07-25T01:47:07.121Z","","","","","",""
"burd","2e6nWcfJV5MoMJfLsg7kK1BiqXieLRBYDnJtisk5pump","70","4.938271603","","","","","","","","","","","","","","","","","","","","","","","","","","","","","","","","","","","","","","","","0.000003533","","","","","","","2026-07-25T01:48:07.215Z","","","","","",""
"token","DjPg3iMorsjA9e8odeV4vrt88gJE6Gvt9chrXxwQpump","75","7","","","","","","","","","","","","","","","","","","","","","","","","","","","","","","","","","","","","","","","","0.000002143","","","","","","","2026-07-25T01:49:07.098Z","","","","","",""
"GigaJim","BoBMjaqvqhCRuJ46EbjA2cfVA6M2RDcqRgdjsvFApump","100","0.395000071","","","","","","","","","","","","","","","","","","","","","","","","","","","","","","","","","","","","","","","","0.000002086","","","","","","","2026-07-25T01:49:07.130Z","","","","","",""
"tap","BTJT6YcJrkTQiwiSJvX1NAQFopGUX1LYYzM683cJpump","57","1.97530864","","","","","","","","","","","","","","","","","","","","","","","","","","","","","","","","","","","","","","","","0.000002075","","","","","","","2026-07-25T01:49:07.286Z","","","","","",""
"Pete","8raK2VYpi2fArzXANqWf1ZFey1o65UcgnZwSBiCpump","63","0.059259258","","","","","","","","","","","","","","","","","","","","","","","","","","","","","","","","","","","","","","","","0.000001938","","","","","","1.406e-8","2026-07-25T01:50:07.153Z","","","","","2026-07-25T01:52:07.356Z",""
"CATO","41YGaZiAqkBEHCHnNfhqNfF3v7K22QrBWpaATjnqpump","","","","","","","","","","","","","","","","","","","","","","","","","","","","","","","","","","","","","","","","","","","","","","","","2.572e-7","","","","","","2026-07-25T01:50:07.250Z",""
"JTCA","DDz4T86LAmpmdRWqzwZuL2Vk4aGMW6JVJFdmLKzpump","63","3","","","","","","","","","","","","","","","","","","","","","","","","","","","","","","","","","","","","","","","","0.000003055","","","","","","","2026-07-25T01:51:07.242Z","","","","","",""
"ZEREBRO","Fi3Vs3EPRN6UmHg4CwKM6dbEwYj2k1BVe7cfV1H9pump","75","6.913580245","","","","","","","","","","","","","","","","","","","","","","","","","","","","","","","","","","","","","","","","0.000002075","","","","","","","2026-07-25T01:51:07.278Z","","","","","",""
"TRUMP2","22ZbHVnc9XpXdc4Ly6775fqbUg8vyxtXgS9VK2QEpump","67","4.049382714","","","","","","","","","","","","","","","","","","","","","","","","","","","","","","","","","","","","","","","","0.000002131","","","","","","","2026-07-25T01:52:07.191Z","","","","","",""
"DYOR","2XTRTi8GURnQLR31jXjLNNUaZAA2uKp4SyXGDgM8pump","82","0.061755001","","","","","","","","","","","","","","","","","","","","","","","","","","","","","","","","","","","","","","","","0.000005713","","","","","","","2026-07-25T01:53:07.165Z","","","","","",""
"LUME","GJ3EYeQFUgoKhE2y6XfnZA6p7mRBs2DDs2A1iBi4pump","57","1.97530864","","","","","","","","","","","","","","","","","","","","","","","","","","","","","","","","","","","","","","","","0.000002074","","","","","","","2026-07-25T01:53:07.197Z","","","","","",""
"LUME","GScbA1BVNizaZDghovR8zy8FhR3WCeWf8JLFz1LGpump","63","2.962962961","","","","","","","","","","","","","","","","","","","","","","","","","","","","","","","","","","","","","","","","0.000002084","","","","","","","2026-07-25T01:53:07.224Z","","","","","",""
"TRUMP2028","7pRp9gA3qZwrpKd9ZiqMSVFEJ8jv2mZ1BhGeYksPpump","57","2","","","","","","","","","","","","","","","","","","","","","","","","","","","","","","","","","","","","","","","","0.000002177","","","","","","","2026-07-25T01:53:07.248Z","","","","","",""
"LUME","3bep9B3PYFpNBmqq1toPBsgQng8NmDW6qXxAmda3pump","63","2.962962961","","","","","","","","","","","","","","","","","","","","","","","","","","","","","","","","","","","","","","","","0.000002083","","","","","","","2026-07-25T01:54:07.191Z","","","","","",""
"DYOR","7Ljt5gwJYN2gN6B7XxDAq6ihB4fpG2akzxmJYMowpump","80","0.064256","","","","","","","","","","","","","","","","","","","","","","","","","","","","","","","","","","","","","","","","0.00000183","","","","","","","2026-07-25T01:54:07.222Z","","","","","",""
"HOPE","DCFdPqd24UC5eZKyCrjTML5meZUG9bzmfAKiBABppump","","","","","","","","","","","","","","","","","","","","","","","","","","","","","","","","","","","","","","","","","","","","","","","","0.000002081","","","","","","2026-07-25T01:54:07.260Z",""
"DRILLING","xGnZuRyLmuCBV3AogkQFZZuHSV45Q32PSj7Uzgapump","58","3","","","","","","","","","","","","","","","","","","","","","","","","","","","","","","","","","","","","","","","","0.000002098","","","","","","","2026-07-25T01:54:07.300Z","","","","","",""
"AHHHHHH","EcRMNTDLexzBwxY9yxkemgRVy5qXWpLDj63fyXU1pump","63","2.962962961","","","","","","","","","","","","","","","","","","","","","","","","","","","","","","","","","","","","","","","","0.000002141","","","","","","","2026-07-25T01:55:07.107Z","","","","","",""
"onlymars","9gzi3T1kRjRoDvvjuesb4VmSUdPncfyTAVGL5Vpwpump","75","6.913580245","","","","","","","","","","","","","","","","","","","","","","","","","","","","","","","","","","","","","","","","0.000002073","","","","","","","2026-07-25T01:55:07.129Z","","","","","",""
"RINA","3KDQM4sgaDzZ4ZWbu4qxk6oKdcq5FcE45Gyma3Dfpump","","","","","","","","","","","","","","","","","","","","","","","","","","","","","","","","","","","","","","","","","","","","","","","","1.872e-8","","","","","","2026-07-25T01:55:07.173Z",""
"LUME","2sncsqb4khMaUcajdku8BEzPqekx6VZNLRNAe277pump","63","2.962962961","","","","","","","","","","","","","","","","","","","","","","","","","","","","","","","","","","","","","","","","0.000002074","","","","","","","2026-07-25T01:55:07.199Z","","","","","",""
"Onboard","5aBVrxxeSXjgYmDE42cPVGBSBgzpAhpgE6YzCuv2pump","","","","","","","","","","","","","","","","","","","","","","","","","","","","","","","","","","","","","","","","","","","","","","","","0.000002086","","","","","","2026-07-25T01:56:07.078Z",""
"BRON","G7j8eTv2M7KvDnWV2QqYRzmHMyRxKBRTr44Ek8WNpump","","","","","","","","","","","","","","","","","","","","","","","","","","","","","","","","","","","","","","","","","","","","","","","","3.806e-9","","","","","","2026-07-25T01:56:07.100Z",""
"AHHHHHH","E7xQLofb9mKunbPbizBTZriWnzXKDQnRuSb7fUoupump","63","2.962962961","","","","","","","","","","","","","","","","","","","","","","","","","","","","","","","","","","","","","","","","0.00000209","","","","","","","2026-07-25T01:56:07.133Z","","","","","",""
"ZEREBRO","8M9Tqu7b9iYoJmGiFEzkSS9WBZJVVUcZ3ryS8rqopump","75","6.913580245","","","","","","","","","","","","","","","","","","","","","","","","","","","","","","","","","","","","","","","","0.000002322","","","","","","","2026-07-25T01:56:07.165Z","","","","","",""
"BOBA","GH1Rjkbw5kU9fuSJ2qcTyG1dS1sF4Ex5LqwQPb1npump","63","3","","","","","","","","","","","","","","","","","","","","","","","","","","","","","","","","","","","","","","","","0.00001162","","","","","","","2026-07-25T01:57:07.218Z","","","","","",""
"RINA","8wLL99yumqb6WHYm8MTaBZPLJBRAzGxqWp1KU5jspump","","","","","","","","","","","","","","","","","","","","","","","","","","","","","","","","","","","","","","","","","","","","","","","","6.166e-7","","","","","","2026-07-25T01:57:07.261Z",""
"TPT","EcoTUjXP1YakLCvWndAahdDwBVEdBjnP36eRZa6Mpump","65","0.059259258","","","","","","","","","","","","","","","","","","","","","","","","","","","","","","","","","","","","","","","","0.000005029","","","","","","","2026-07-25T01:57:07.300Z","","","","","",""
"USOH","eEVua9jmwFsk7k6JTHVXVBGkAWhTn92P15FYu1dpump","100","0.990099008","","","","","","","","","","","","","","","","","","","","","","","","","","","","","","","","","","","","","","","","0.000002384","","","","","","","2026-07-25T01:57:07.338Z","","","","","",""
"DYOR","69ybSRVERQuvZBFqASDQS3dX87Np35C9vzJhn5jPpump","","","","","","","","","","","","","","","","","","","","","","","","","","","","","","","","","","","","","","","","","","","","","","","","1.478e-7","","","","","","2026-07-25T01:58:07.140Z",""
"GREEN","4xr4Gf39yNEhh4YDFoeVmyWATSWta1keASe5hBN1pump","60","3.824701195","","","","","","","","","","","","","","","","","","","","","","","","","","","","","","","","","","","","","","","","0.000002726","","","","","","","2026-07-25T01:58:07.219Z","","","","","",""
"BOOST","DzVVGUYzBNLKyD2CM77ULNoevQ2P7YWgiYoqqPXPpump","60","0.118518517","","","","","","","","","","","","","","","","","","","","","","","","","","","","","","","","","","","","","","","","0.00000174","","","","","","","2026-07-25T01:58:07.242Z","","","","","",""
"vid","4ZsVYarccNT3uK8MrmgKMmK65XF7AryC5NMj8UyFpump","","","","","","","","","","","","","","","","","","","","","","","","","","","","","","","","","","","","","","","","","","","","","","","","1.065e-8","","","","","","2026-07-25T01:59:07.204Z",""
"RINA","BMjURvUQTSvLYWmLL1AsboC3ChhXEMqAmT3J1sqLpump","75","0.059259258","","","","","","","","","","","","","","","","","","","","","","","","","","","","","","","","","","","","","","","","0.000001431","","","","","","","2026-07-25T02:00:07.261Z","","","","","",""
"FRAN","D8KYbjZvfU4iiQcR4ytnqnbpDTMaYZRdNW3mHioWpump","","","","","","","","","","","","","","","","","","","","","","","","","","","","","","","","","","","","","","","","","","","","","","","","5.065e-7","","","","","","2026-07-25T02:00:07.300Z",""
"Wifhat","4vL4S9214teRCv3dbC4a24H9VVWxkK1Ut731ZBhfpump","","","","","","","","","","","","","","","","","","","","","","","","","","","","","","","","","","","","","","","","","","","","","","","","7.751e-7","","","","","","2026-07-25T02:00:07.335Z",""
"paranoid","6fmu1LAjV4nbsmB1EThsoGydE4eC5PXRELtVMWHepump","57","1.97530864","","","","","","","","","","","","","","","","","","","","","","","","","","","","","","","","","","","","","","","","0.00000212","","","","","","","2026-07-25T02:00:07.383Z","","","","","",""
"NewS","GRXnRbc8j8UxuqzGBqpgtvXQ3WqXtfcVQR6CuXbEpump","","","","","","","","","","","","","","","","","","","","","","","","","","","","","","","","","","","","","","","","","","","","","","","","3.858e-7","","","","","","2026-07-25T02:01:07.098Z",""
"RemusMoon","2ubXioRv3tKoBjmjdjvBmit2UpEsufJDNjKeYVsLpump","","","","","","","","","","","","","","","","","","","","","","","","","","","","","","","","","","","","","","","","","","","","","","","","3.804e-7","","","","","","2026-07-25T02:01:07.122Z",""
"PARTENER","24QXihj6o4FAkkFQX41F7fke6bebj6Wr4Lnjggnhpump","","","","","","","","","","","","","","","","","","","","","","","","","","","","","","","","","","","","","","","","","","","","","","","","8.727e-7","","","","","","2026-07-25T02:01:07.165Z",""
"yinyang","CdairhrUNfr53C1AxkeHKkwcRdRRkMF1iCCbJ4mNpump","57","1.97530864","","","","","","","","","","","","","","","","","","","","","","","","","","","","","","","","","","","","","","","","0.000002175","","","","","","","2026-07-25T02:01:07.191Z","","","","","",""
"PINK SHOE","H6xa2zVmwsFS432BbqBRgGPZTYx5Y5dntAEK2xkSpump","65","3.456790122","","","","","","","","","","","","","","","","","","","","","","","","","","","","","","","","","","","","","","","","0.000002107","","","","","","","2026-07-25T02:02:07.109Z","","","","","",""
"woody","8gCPHtgZuE1yuxroiF6FihudwJfUe43ZErqzwQtVpump","","","","","","","","","","","","","","","","","","","","","","","","","","","","","","","","","","","","","","","","","","","","","","","","7.408e-8","","","","","","2026-07-25T02:02:07.129Z",""
"IPFS","D8ssygSeVWDjw5y9JhYbb5ntgPsu2FGQc5GNvepqpump","","","","","","","","","","","","","","","","","","","","","","","","","","","","","","","","","","","","","","","","","","","","","","","","0.000002073","","","","","","2026-07-25T02:02:07.187Z",""
"McJIMOTHY","FBebnb5ZoWmZTB51M11dcMz5Cb7d2MsxrrAre8Cdpump","","","","","","","","","","","","","","","","","","","","","","","","","","","","","","","","","","","","","","","","","","","","","","","","6.635e-7","","","","","","2026-07-25T02:02:07.223Z",""
"TOKEN","GAHdxJv4nDN6zWetP4MnxDXturcFxyjcQpNMnYRnpump","67","5","","","","","","","0","0","0","","","0","0","960","5","0","1","0","0","0","2073.72","5","1583.76","1583.76","0.619","0.619","-26.48","","0","0","1","0","0","","","","","","","0.000002073","0.000002073","","","","","","2026-07-25T02:04:07.117Z","2026-07-25T02:07:07.160Z","","","","",""
"LONGDOG","5DMZExLhe7TLsPDhHngphvbQJNJXarZUUDPcj6E5pump","100","11.742112394","","","","","","","","","","","","","","","","","","","","","","","","","","","","","","","","","","","","","","","","0.000003639","","","","","","0.000002138","2026-07-25T02:04:07.142Z","","","","","2026-07-25T02:06:07.208Z",""
"WWD","j6NJMFCAEdFijvVeYVxLa5fudifLALc3EHQdgCopump","","","","","","","","","","","","","","","","","","","","","","","","","","","","","","","","","","","","","","","","","","","","","","","","8.78e-9","","","","","","2026-07-25T02:04:07.176Z",""
"Bastet","GdgUvgxZzGA7DRedgdMMHkg8mKVkx7VmnAXzjak5pump","58","2.962962961","","","","","","","","","","","","","","","","","","","","","","","","","","","","","","","","","","","","","","","","0.0000021","","","","","","","2026-07-25T02:04:07.234Z","","","","","",""
"lebron","4FdZpctV47WZz3Ai8f66pC9c2r192dLzjY4kEgaSpump","","","","","","","","","","","","","","","","","","","","","","","","","","","","","","","","","","","","","","","","","","","","","","","","1.316e-7","","","","","","2026-07-25T02:05:07.072Z",""
"$MJEW","FC51ZmntQyYuDNQ7H8g9DFjoc4ZEwDGdQDBhHm8cpump","","","","","","","","","","","","","","","","","","","","","","","","","","","","","","","","","","","","","","","","","","","","","","","","6.459e-8","","","","","","2026-07-25T02:05:07.170Z",""
"JimothyOS","DSjdiDvtQFXzVqj4wbuDwLhFQdwbpLHLW7Cje36Jpump","63","3","","","","","","","","","","","","","","","","","","","","","","","","","","","","","","","","","","","","","","","","0.000002087","","","","","","","2026-07-25T02:06:07.285Z","","","","","",""
"vid","DJzBSb6zbEj8s2nBwZnFiNRpe5KEBznJZvweLoxapump","","","","","","","","","","","","","","","","","","","","","","","","","","","","","","","","","","","","","","","","","","","","","","","","6.919e-8","","","","","","2026-07-25T02:07:07.275Z",""
"lebron","A5b3iUvpeYF29nbmkdQcFXG3NgvYeT1nrhWyBYiLpump","61","0.197530863","","","","","","","","","","","","","","","","","","","","","","","","","","","","","","","","","","","","","","","","0.000009017","","","","","","","2026-07-25T02:07:07.339Z","","","","","",""
"Elon","RvaT4wAAc1hc83xX4frvpLdv7aHfhB6TQ6sLn19pump","","","","","","","","","","","","","","","","","","","","","","","","","","","","","","","","","","","","","","","","","","","","","","","","9.155e-7","","","","","","2026-07-25T02:08:07.114Z",""
"Trullionare","4kpSEGp8hBTnGvjdd7QzTsHU3mXzBjmg8VQ9udZHpump","63","2.962962961","","","","","","","","","","","","","","","","","","","","","","","","","","","","","","","","","","","","","","","","0.000002262","","","","","","","2026-07-25T02:08:07.145Z","","","","","",""
"pump","4pA3au1EJaUoUEkN8B8nYWFpvYWLZM3DqHEUgYGApump","","","","","","","","","","","","","","","","","","","","","","","","","","","","","","","","","","","","","","","","","","","","","","","","8.992e-7","","","","","","2026-07-25T02:08:07.180Z",""
"burd","pf8186GP1RYtye4on4UjKRzXk7Wtc6LARuexCm7pump","63","2.962962961","","","","","","","","","","","","","","","","","","","","","","","","","","","","","","","","","","","","","","","","0.000002269","","","","","","","2026-07-25T02:09:07.062Z","","","","","",""
"farmcаt","6U25GDQTY6d3GHw5MdzfxjBDv6DAsHYiEDFyzArWpump","63","2.962962961","","","","","","","","","","","","","","","","","","","","","","","","","","","","","","","","","","","","","","","","0.000009965","","","","","","","2026-07-25T02:09:07.158Z","","","","","",""
"burd","5UAgNNYUL6Zc2U5inhV27jPvcQQL8gvjwrTJbf9xpump","73","5.925925924","","","","","","","","","","","","","","","","","","","","","","","","","","","","","","","","","","","","","","","","0.000002855","","","","","","","2026-07-25T02:09:07.188Z","","","","","",""
"pet","FvbjHwMidrKTfMkwcHQzKhUEE7RKrTEVGssWsj9vpump","58","0.197530863","","","","","","","","","","","","","","","","","","","","","","","","","","","","","","","","","","","","","","","","0.000004756","","","","","","","2026-07-25T02:10:07.099Z","","","","","",""
"LARPBULL","Hddd6t79nVznjgEiRM84nw52WzYjU9qhEWtUc1dQpump","","","","","","","","","","","","","","","","","","","","","","","","","","","","","","","","","","","","","","","","","","","","","","","","5.685e-8","","","","","","2026-07-25T02:10:07.389Z",""
"pet","67ijJVLe38NPee7Ts2jqsHJziHKZNitgvNRXpehwpump","","","","","","","","","","","","","","","","","","","","","","","","","","","","","","","","","","","","","","","","","","","","","","","","6.878e-7","","","","","","2026-07-25T02:11:07.094Z",""
"Dodgers ","FGCV3umJE4Zm1HDEEgiJa4JDSSGs6Vorv7NpXTGWpump","","","","","","","","","","","","","","","","","","","","","","","","","","","","","","","","","","","","","","","","","","","","","","","","5.613e-8","","","","","","2026-07-25T02:11:07.118Z",""
"DYOR","tR1jbzLJCh8xUuWWCkaKpJG6tVSuaUkCRGtT5okpump","85","0.062285001","","","","","","","","","","","","","","","","","","","","","","","","","","","","","","","","","","","","","","","","0.000003158","","","","","","","2026-07-25T02:11:07.148Z","","","","","",""
"Bigfoot","CGBN1MdR3FPBwq4pUcnB7RYW1mFSr2X2eFWFW9Napump","","","","","","","","","","","","","","","","","","","","","","","","","","","","","","","","","","","","","","","","","","","","","","","","4.131e-8","","","","","","2026-07-25T02:12:07.200Z",""
"Dodgers ","DKbnwfigbLpLnv9GnRSkpQyXKuMuqBkNJWqb1Japump","","","","","","","","","","","","","","","","","","","","","","","","","","","","","","","","","","","","","","","","","","","","","","","","0.000001989","","","","","","2026-07-25T02:12:07.234Z",""
"Odysseus","2DT5JJ2DXPGdBNUeRF6gNVXWuNWs7G5uwBZtwX5Upump","71","5","","","","","","","","","","","","","","","","","","","","","","","","","","","","","","","","","","","","","","","","0.000002121","","","","","","","2026-07-25T02:12:07.272Z","","","","","",""
"pet","A2cT1A6bsKwcCKw8yoeEpzCBZav913EuswnQSZiYpump","55","0.197530863","","","","","","","","","","","","","","","","","","","","","","","","","","","","","","","","","","","","","","","","0.000004454","","","","","","","2026-07-25T02:12:07.307Z","","","","","",""
"KITTY","6QGgowTxBQCo6XgzZ9DRHcHWLoozPEfaxdvQ1PsFpump","","","","","","","","","","","","","","","","","","","","","","","","","","","","","","","","","","","","","","","","","","","","","","","","1.511e-7","","","","","","2026-07-25T02:13:07.058Z",""
"Reset","F1EUq1nuHtTXe4LvvwZ7Gmj7NpdyJQudZU42Je2bpump","66","6.000000001","","","","","","","","","","","","","","","","","","","","","","","","","","","","","","","","","","","","","","","","0.000003006","","","","","","","2026-07-25T02:13:07.090Z","","","","","",""
"ANSEM","FYQrt9P8rSfAdNEvB2gQC7gH258thJdAbFo1AfG4pump","55","0.197530863","","","","","","","","","","","","","","","","","","","","","","","","","","","","","","","","","","","","","","","","0.000001905","","","","","","","2026-07-25T02:13:07.116Z","","","","","",""
"catgun","oQ1Y1ENknnBYsGvjotWFyotWpLYsun4jMxBHycTpump","76","2.962962961","","","","","","","","","","","","","","","","","","","","","","","","","","","","","","","","","","","","","","","","0.00000476","","","","","","","2026-07-25T02:13:07.151Z","","","","","",""
"DYOR","6jSbB5hj2d8dx2XBLeVAwQ6Ng7kkxXegg1LnibMBpump","","","","","","","","","","","","","","","","","","","","","","","","","","","","","","","","","","","","","","","","","","","","","","","","2.276e-7","","","","","","2026-07-25T02:14:07.229Z",""
"Bigfoot","5AovzinqbghLCFndLYzXpgiiTaWkFzxn6wUviqtWpump","60","0.150000001","","","","","","","","","","","","","","","","","","","","","","","","","","","","","","","","","","","","","","","","0.00000153","","","","","","","2026-07-25T02:14:07.258Z","","","","","",""
"RUGME","ECM82hnCbzx92fFmqkLbEVWLzthrvMwrYuo23GpPpump","61","0.98765432","","","","","","","","","","","","","","","","","","","","","","","","","","","","","","","","","","","","","","","","0.000002375","","","","","","","2026-07-25T02:14:07.289Z","","","","","",""
"DEVRAC","B5H4PNhJXWbgNgPfNg3tmZr7XreGYEChA23GrF8epump","","","","","","","","","","","","","","","","","","","","","","","","","","","","","","","","","","","","","","","","","","","","","","","","2.263e-7","","","","","","2026-07-25T02:14:07.322Z",""
"Chudbald","8zQqzLMLtt6iCcCjma16AFAMZN7UgYKVCyWLrnSupump","63","2.962962961","","","","","","","","","","","","","","","","","","","","","","","","","","","","","","","","","","","","","","","","0.00001438","","","","","","","2026-07-25T02:15:07.118Z","","","","","",""
"Chudbald","FU6qixX4eP19VSbHYqPREYkzmh4nZrXUVnii2zEgpump","63","3","","","","","","","","","","","","","","","","","","","","","","","","","","","","","","","","","","","","","","","","0.000003397","","","","","","","2026-07-25T02:15:07.160Z","","","","","",""
"AITO","B7FNGxYvVZioCiMNu9HUH8usM1CBqHankbLkprHypump","63","2.962962961","","","","","","","","","","","","","","","","","","","","","","","","","","","","","","","","","","","","","","","","0.000002168","","","","","","","2026-07-25T02:15:07.217Z","","","","","",""
"DYOR","5Xrg6XY7jHp1ZSFd5No2wjwjFYBePB3HRWN2Edxdpump","81","0.06341","","","","","","","","","","","","","","","","","","","","","","","","","","","","","","","","","","","","","","","","0.000001993","","","","","","8.788e-7","2026-07-25T02:16:07.080Z","","","","","2026-07-25T02:17:07.221Z",""
"RemusMoon","5jEd8dvv1AVG8aEkDgULARxqchkm9RRkXcjPoqi6pump","","","","","","","","","","","","","","","","","","","","","","","","","","","","","","","","","","","","","","","","","","","","","","","","4.862e-7","","","","","","2026-07-25T02:16:07.113Z",""
"Thumb","3kPFJUUQ2Y51LUAb2yRT62Fbe8xRhXJX7ZzntYy7pump","65","3.500000001","","","","","","","","","","","","","","","","","","","","","","","","","","","","","","","","","","","","","","","","0.000002075","","","","","","","2026-07-25T02:16:07.146Z","","","","","",""
"Sasquatch","7BinxfHCPUAWAeeEPtSd1kDLhVMCfxuFZNWzZZ9Zpump","70","5","","","","","","","","","","","","","","","","","","","","","","","","","","","","","","","","","","","","","","","","0.000002331","","","","","","","2026-07-25T02:16:07.223Z","","","","","",""
"ALEX","E977pQPrJamfjAYiSsAacmXgXwVRZsgZooRiELjrpump","63","3","","","","","","","","","","","","","","","","","","","","","","","","","","","","","","","","","","","","","","","","0.000002071","","","","","","","2026-07-25T02:17:07.051Z","","","","","",""
"DAO","DDRSerHqXkx7RWpdKVyhBYYWdQWvEyWkwwVaxNu8pump","64","2.999999999","","","","","","","","","","","","","","","","","","","","","","","","","","","","","","","","","","","","","","","","0.000002134","","","","","","","2026-07-25T02:17:07.108Z","","","","","",""
"pet","B29LoJhZXEfLBBLbVgcu44dWapjAxokc6Y4mPcqypump","","","","","","","","","","","","","","","","","","","","","","","","","","","","","","","","","","","","","","","","","","","","","","","","2.563e-8","","","","","","2026-07-25T02:18:07.154Z",""
"Solana","3CosP8LiD3Rw5cNwBAVpkRPZ2LUhh4etcJHeqPx9pump","68","5","","","","","","","","","","","","","","","","","","","","","","","","","","","","","","","","","","","","","","","","0.000002092","","","","","","","2026-07-25T02:18:07.224Z","","","","","",""
"Submissions","55vTp7ri6ZhHcEGP6cwFqU6uGUN7k34Kx8mpTeSiXrCp","","","","","","","","","","","","","","","","","","","","","","","","","","","","","","","","","","","","","","","","","","","","","","","","0.000002175","","","","","","2026-07-25T02:18:07.271Z",""
"GEM","EzSopqtnWk3aVobEonZQhB8AEzkcbbjm91cY9ac8pump","89","2.999999999","","","","","","","","","","","","","","","","","","","","","","","","","","","","","","","","","","","","","","","","0.00001772","","","","","","","2026-07-25T02:18:07.308Z","","","","","",""
"GoatR","92iU4TPLwcvFhke93eE58cYqoDJmtcnmA3WunswSpump","","","","","","","","","","","","","","","","","","","","","","","","","","","","","","","","","","","","","","","","","","","","","","","","6.427e-8","","","","","","2026-07-25T02:19:07.132Z",""
"Thumb ","AmZVSSoVXm3xKNcQvY9QybvjdKB5bneAeMiQFNmgpump","66","3.800000001","","","","","","","","","","","","","","","","","","","","","","","","","","","","","","","","","","","","","","","","0.000002139","","","","","","","2026-07-25T02:19:07.167Z","","","","","",""
"pet","AKRsAP11NVmtoUPiBWNZPWmZQJTvjLDYkfeqe1wGpump","63","0.98765432","","","","","","","","","","","","","","","","","","","","","","","","","","","","","","","","","","","","","","","","0.000001678","","","","","","","2026-07-25T02:19:07.219Z","","","","","",""
"LNG","9wajo3DEfk7rmX4tueuodwBgHF61cbpB26ELvNEpump","67","3.881481479","","","","","","","","","","","","","","","","","","","","","","","","","","","","","","","","","","","","","","","","0.00000207","","","","","","","2026-07-25T02:20:07.086Z","","","","","",""
"KANGAROO","363JmcHRcKzxiJpvoL2Wmhdri59trDK4BzgQj1iRpump","59","4.444444443","","","","","","","","","","","","","","","","","","","","","","","","","","","","","","","","","","","","","","","","0.000003595","","","","","","","2026-07-25T02:20:07.115Z","","","","","",""
"CHAOS","BuiASGp1vQnzrHrWTE3wspS9WcWrCxKiXHEScnX9pump","61","0.059259258","","","","","","","","","","","","","","","","","","","","","","","","","","","","","","","","","","","","","","","","0.000004778","","","","","","4.458e-7","2026-07-25T02:20:07.143Z","","","","","2026-07-25T02:21:07.150Z",""
"Comebacks","6icVgMgzUUAogMfjLyn2LzhV5WjTm2kFT1jkNhuNpump","87","19.427160492","","","","","","","","","","","","","","","","","","","","","","","","","","","","","","","","","","","","","","","","0.000005661","","","","","","","2026-07-25T02:22:07.105Z","","","","","",""
"MoonSol","4oVH8Ann8qtBAHQfSyjvRHMGJz35ZwLM6AGeCvcNpump","100","0.250000001","","","","","","","","","","","","","","","","","","","","","","","","","","","","","","","","","","","","","","","","0.00003349","","","","","","","2026-07-25T02:22:07.142Z","","","","","",""
"SQUIRREL","8BxkZ1rH7zj8QLz3WmHqcbfwFQC3GGuWKyHpZd14pump","61","0.06163616","","","","","","","","","","","","","","","","","","","","","","","","","","","","","","","","","","","","","","","","0.000002198","","","","","","","2026-07-25T02:22:07.183Z","","","","","",""
"Thumb ","6yd3uBJMPCXg4zfdhHSid1UAEaoAq39oU9u5X6k5pump","63","4.000000001","","","","","","","","","","","","","","","","","","","","","","","","","","","","","","","","","","","","","","","","0.000002109","","","","","","","2026-07-25T02:22:07.216Z","","","","","",""
"MoonSol","475k4psbu2ZtL7DPXFdgorxud8CRtLeXXYv9Gv4zpump","","","","","","","","","","","","","","","","","","","","","","","","","","","","","","","","","","","","","","","","","","","","","","","","4.173e-7","","","","","","2026-07-25T02:23:07.061Z",""
"ZEBRAS","BWikWdGkBZsdXT4hPUYQf2nBu6enhLNySKK46uGSpump","","","","","","","","","","","","","","","","","","","","","","","","","","","","","","","","","","","","","","","","","","","","","","","","2.096e-8","","","","","","2026-07-25T02:23:07.178Z",""
"Fin","C2TRfQZ5dPahnsfn41ixBHS2WnNzPj5aU33ibEBWpump","63","2.962962961","","","","","","","","","","","","","","","","","","","","","","","","","","","","","","","","","","","","","","","","0.00000211","","","","","","","2026-07-25T02:23:07.200Z","","","","","",""
"MoonSol","GEPdSNjdXNMN9Jtfi66vZe1FZ6iCiDPBsZxkBRxypump","99","0.250000001","","","","","","","","","","","","","","","","","","","","","","","","","","","","","","","","","","","","","","","","0.000002104","","","","","","","2026-07-25T02:24:07.133Z","","","","","",""
"GEM","9ndx6sCgK6HAdPyTiN8d13aLM52ikPLHCo5bVEXTpump","74","3.950617282","","","","","","","","","","","","","","","","","","","","","","","","","","","","","","","","","","","","","","","","0.000002082","","","","","","","2026-07-25T02:24:07.172Z","","","","","",""
"LONGDOG","5hhMHUkqk3SpzP4Zu7XeWTwFrqVWj8DJSqeyb8Phpump","100","11.742111603","","","","","","","","","","","","","","","","","","","","","","","","","","","","","","","","","","","","","","","","0.00001653","","","","","","","2026-07-25T02:24:07.209Z","","","","","",""
"Gem","ArtVd96VvNC9rU12bx4SonevKTTNq9i8rjuJ8ePHpump","58","5","","","","","","","","","","","","","","","","","","","","","","","","","","","","","","","","","","","","","","","","0.000002082","","","","","","","2026-07-25T02:24:07.246Z","","","","","",""
"JEWNOTE","CN9YV345DsG1vuAAvN5RhcuavJu4dW6ZdZhezy9kpump","63","3","","","","","","","","","","","","","","","","","","","","","","","","","","","","","","","","","","","","","","","","0.000002377","","","","","","","2026-07-25T02:25:07.054Z","","","","","",""
"JIMASK","6vXWNRBo7YKzaMRoyumBBwrq6LFAxCKV7FErqPf7pump","57","1.97530864","","","","","","","","","","","","","","","","","","","","","","","","","","","","","","","","","","","","","","","","0.000002085","","","","","","","2026-07-25T02:25:07.153Z","","","","","",""
"GEMCOIN","AXnPHzvtpkTFH7i1ky8n5PPiWX97JfLV6B8UgA5kpump","57","5","","","","","","","","","","","","","","","","","","","","","","","","","","","","","","","","","","","","","","","","0.000002141","","","","","","","2026-07-25T02:25:07.241Z","","","","","",""
"$PHOOD","AxX4cVHDTx6KDbQdJRsmwfTPXdgiKDWjryJDrowepump","76","0.15002344","","","","","","","","","","","","","","","","","","","","","","","","","","","","","","","","","","","","","","","","0.00000232","","","","","","","2026-07-25T02:26:07.067Z","","","","","",""
"SMIRK","7JoFRLEy7tt1egHEXs6NjzEurBtZpCM3UL98Phf8pump","68","4.246913579","","","","","","","","","","","","","","","","","","","","","","","","","","","","","","","","","","","","","","","","0.000002142","","","","","","","2026-07-25T02:26:07.129Z","","","","","",""
"JEWNOTE","7SqjWQL5uSnL7YPc3mHNkqaF5QYHmjrz4m9YQFRcpump","63","2.962962961","","","","","","","","","","","","","","","","","","","","","","","","","","","","","","","","","","","","","","","","0.000002478","","","","","","","2026-07-25T02:26:07.166Z","","","","","",""
"Diamond","AskAw1iop35p8HA4GyhH2AS153g5DDYhHLDA1kohpump","57","5","","","","","","","","","","","","","","","","","","","","","","","","","","","","","","","","","","","","","","","","0.00000214","","","","","","","2026-07-25T02:27:07.093Z","","","","","",""
"NAP ⭐","4gqkzanpEjShrdyc15VhNbewmqcn8bC3bhFKPDZdpump","58","0.059259258","","","","","","","","","","","","","","","","","","","","","","","","","","","","","","","","","","","","","","","","0.00001865","","","","","","","2026-07-25T02:27:07.295Z","","","","","",""
"USOH","PU8jNQRDc9ow7Sbssyc6arMLgzas8YHZML4aNg5pump","100","0.990099008","","","","","","","","","","","","","","","","","","","","","","","","","","","","","","","","","","","","","","","","0.000002087","","","","","","","2026-07-25T02:28:07.100Z","","","","","",""
"JIMWIF","DEtuBM2i8oG1RMDNRDXEtdcmYS5PrDeohug5zHGCpump","","","","","","","","","","","","","","","","","","","","","","","","","","","","","","","","","","","","","","","","","","","","","","","","4.455e-7","","","","","","2026-07-25T02:28:07.122Z",""
"IMAX","6s8DmWMQMtM94URBGSk6WLskBUSarTYjUsRCRy5Lpump","63","2.962962961","","","","","","","","","","","","","","","","","","","","","","","","","","","","","","","","","","","","","","","","0.000002141","","","","","","","2026-07-25T02:28:07.150Z","","","","","",""
"WJM1234","2jdQPG9qVXm9GQ4dxddYpwX7ues2GPWN3ooqU2j9pump","63","0.197530863","","","","","","","","","","","","","","","","","","","","","","","","","","","","","","","","","","","","","","","","0.0000014","","","","","","","2026-07-25T02:28:07.249Z","","","","","",""
"FRDM","GdbhbqH7MsZCyp5FQfp9UCKH7Kjb4qxJVFAPmpP7pump","61","0.059259258","","","","","","","","","","","","","","","","","","","","","","","","","","","","","","","","","","","","","","","","0.000002247","","","","","","","2026-07-25T02:29:07.061Z","","","","","",""
"MASTERS","FE5cde4xRL7HcdkGYhAa6MMEeSynrFD2uBL9kao1pump","","","","","","","","","","","","","","","","","","","","","","","","","","","","","","","","","","","","","","","","","","","","","","","","1.937e-8","","","","","","2026-07-25T02:29:07.107Z",""
"RUGME","5gaC1Ec2YR4PLRzpyEvcdjZbKhCPaRzSuqB52J9qpump","60","0.98765432","","","","","","","","","","","","","","","","","","","","","","","","","","","","","","","","","","","","","","","","0.000002046","","","","","","","2026-07-25T02:29:07.194Z","","","","","",""
"IMAX","GqBZQtk9ixow2a8TxwYWTHtAHX9DHweZ2Cwr5EsVpump","63","2.962962961","","","","","","","","","","","","","","","","","","","","","","","","","","","","","","","","","","","","","","","","0.000002179","","","","","","","2026-07-25T02:29:07.219Z","","","","","",""
"Aranami2","3yn7si6ZqQ2bBCnUFY4oKWDhpA3zirSm5F85FAbBpump","63","2.962962961","","","","","","","","","","","","","","","","","","","","","","","","","","","","","","","","","","","","","","","","0.00000218","","","","","","","2026-07-25T02:30:07.236Z","","","","","",""
"MoonSol","E4RLv9jDaRVCBCvN9a25sm76VBebYMZgNHxhXUYEpump","","","","","","","","","","","","","","","","","","","","","","","","","","","","","","","","","","","","","","","","","","","","","","","","5.228e-7","","","","","","2026-07-25T02:30:07.264Z",""
"USOH","8kS7GUmWuHd8zDJLbcaz7YGiLnf1KAXZAa1h2NrYPUMP","93","39.506172838","","","","","","","","","","","","","","","","","","","","","","","","","","","","","","","","","","","","","","","","0.0000183","","","","","","","2026-07-25T02:30:07.321Z","","","","","",""
"HADES","3jLvsVjyh2iV3UQLHH4ck14m1rDHhBkUiEqRabAhpump","85","14.814814813","","","","","","","","","","","","","","","","","","","","","","","","","","","","","","","","","","","","","","","","0.00001913","","","","","","","2026-07-25T02:30:07.355Z","","","","","",""
"solana","Fw1HirfddedVKfxSXW8DmN5reLSoK6NiwNNpaPBkpump","59","0.080000001","","","","","","","","","","","","","","","","","","","","","","","","","","","","","","","","","","","","","","","","0.000003607","","","","","","","2026-07-25T02:31:07.152Z","","","","","",""
"TRUMPKET ","9pusWhWimje2eNrdtg7QDvuKy7J2FaNmPBZW1f71pump","63","2.962962961","","","","","","","","","","","","","","","","","","","","","","","","","","","","","","","","","","","","","","","","0.000002328","","","","","","","2026-07-25T02:31:07.182Z","","","","","",""
"IMAX","EKRSwursA4dRB6ApyTpjWXx2tFhqqgnEbXTF1Btmpump","58","3","","","","","","","","","","","","","","","","","","","","","","","","","","","","","","","","","","","","","","","","0.000002107","","","","","","","2026-07-25T02:31:07.210Z","","","","","",""
"Elon","AQUHSkaAsYCJVKpjizbjsdupNP5G2cMVAaoAZpJYpump","","","","","","","","","","","","","","","","","","","","","","","","","","","","","","","","","","","","","","","","","","","","","","","","0.000002236","","","","","","2026-07-25T02:31:07.236Z",""
"CHLGUY","7rc25PGPwxkGBQZgyrgbi7sSTf6pKTp7yWd8qh86pump","","","","","","","","","","","","","","","","","","","","","","","","","","","","","","","","","","","","","","","","","","","","","","","","1.53e-7","","","","","","2026-07-25T02:32:07.167Z",""
"PICKLES","Cd1XvLbArdgfxDTmDnAVH28L8x8kvaZ3V3ZygaVdpump","63","2.962962961","","","","","","","","","","","","","","","","","","","","","","","","","","","","","","","","","","","","","","","","0.000002073","","","","","","","2026-07-25T02:32:07.210Z","","","","","",""
"TILLY","BsHKShfknaWyAxMuHAnRtGRpsfGDau1KcXar6cjfpump","79","5.003","","","","","","","","","","","","","","","","","","","","","","","","","","","","","","","","","","","","","","","","0.000002142","","","","","","","2026-07-25T02:32:07.235Z","","","","","",""
"MASTERS","C68sP4MxF8ddv8CrsdLGEcBXdywivETSEZNTGVNNpump","","","","","","","","","","","","","","","","","","","","","","","","","","","","","","","","","","","","","","","","","","","","","","","","1.522e-7","","","","","","2026-07-25T02:33:07.090Z",""
"MoonSol","7dKYfUDeboa4ndsQNVjZdw1CaXR3F6sJ3roHqszEpump","","","","","","","","","","","","","","","","","","","","","","","","","","","","","","","","","","","","","","","","","","","","","","","","1.281e-7","","","","","","2026-07-25T02:33:07.291Z",""
"PICKLES","xAtD2A3uh5prYVNvhV5RQ78uvYYwPbTEyyJfK48pump","63","2.962962961","","","","","","","","","","","","","","","","","","","","","","","","","","","","","","","","","","","","","","","","0.000002234","","","","","","","2026-07-25T02:33:07.335Z","","","","","",""
"ADC","9edD9mFNrV9FcHU8g2y4CCGXb2h6TQmHp6ufULCvpump","70","4.938271603","","","","","","","","","","","","","","","","","","","","","","","","","","","","","","","","","","","","","","","","0.000005393","","","","","","","2026-07-25T02:34:07.056Z","","","","","",""
"corgi","4CLUq23GrzTH3fmXek2wtHx2Vp5y2qR4Wq1vBfNPpump","63","2.962962961","","","","","","","","","","","","","","","","","","","","","","","","","","","","","","","","","","","","","","","","0.00000214","","","","","","","2026-07-25T02:34:07.103Z","","","","","",""
"SCF","8QY5MXpeNjsFpjusXKTE5ha31w9u8kcNivoP9gdqpump","58","2","","","","","","","","","","","","","","","","","","","","","","","","","","","","","","","","","","","","","","","","0.000002072","","","","","","","2026-07-25T02:34:07.160Z","","","","","",""
"dfgzdfg","CNRuxNJk3Av8vaWmkpsB7GpHdXhKtpVbFDsnwMgcpump","72","2.962962961","","","","","","","","","","","","","","","","","","","","","","","","","","","","","","","","","","","","","","","","0.000002489","","","","","","","2026-07-25T02:34:07.192Z","","","","","",""
"trump2028","9ND3HFVtX23amdwqC8YFsChUQ5dNRqYGSeQYYLsJMkoa","56","9.999999999","","","","","","","","","","","","","","","","","","","","","","","","","","","","","","","","","","","","","","","","0.00000221","","","","","","","2026-07-25T02:35:07.080Z","","","","","",""
"JIMWIF","76hDecBEMYtJLy9CiZZoYqo3KeyvfZ8Nme4LWjkUpump","","","","","","","","","","","","","","","","","","","","","","","","","","","","","","","","","","","","","","","","","","","","","","","","8.752e-8","","","","","","2026-07-25T02:35:07.123Z",""
"TRILLION","HBUNcMbfUqaFRawdAJH9AdpZyR32FUyXmf1qPMcmpump","75","0.059259258","","","","","","","","","","","","","","","","","","","","","","","","","","","","","","","","","","","","","","","","0.000004119","","","","","","","2026-07-25T02:35:07.218Z","","","","","",""
"MASTERS","E4uGw3S3DP8rmmREja4qgi8QqJAJVu7b6dRSt8xPpump","","","","","","","","","","","","","","","","","","","","","","","","","","","","","","","","","","","","","","","","","","","","","","","","1.064e-8","","","","","","2026-07-25T02:36:07.104Z",""
"LBTC","DccvyMesBQVPjQvdVzDo9fqL1r6jpcidyihgD8BJpump","","","","","","","","","","","","","","","","","","","","","","","","","","","","","","","","","","","","","","","","","","","","","","","","2.051e-7","","","","","","2026-07-25T02:36:07.151Z",""
"TRILLION","4C6rdHyttbjp5jwrTfpzADvYGMsDATBzm2ou3iQVpump","74","0.059259258","","","","","","","","","","","","","","","","","","","","","","","","","","","","","","","","","","","","","","","","0.000002888","","","","","","","2026-07-25T02:36:07.189Z","","","","","",""
"GOLDEN","C3tWvRhEirDNxFetohzAXcaCQpCiHFBCEgHYF2Xnpump","90","2.962962961","","","","","","","","","","","","","","","","","","","","","","","","","","","","","","","","","","","","","","","","0.000002141","","","","","","","2026-07-25T02:37:07.041Z","","","","","",""
"CHUCK","Ebwu3jPmcHQr738UfmgHQzB1Q11VgA66iepBkRJSWsfL","","","","","","","","","","","","","","","","","","","","","","","","","","","","","","","","","","","","","","","","","","","","","","","","0.000002073","","","","","","2026-07-25T02:37:07.103Z",""
"BOOBS","9ioPCwXFW7rbHKw1CF9huqWGV4tBJQBP4DYDCXfApump","73","0.059259258","","","","","","","","","","","","","","","","","","","","","","","","","","","","","","","","","","","","","","","","0.000001576","","","","","","","2026-07-25T02:37:07.124Z","","","","","",""
"$ensei","9jP6SnAsjT9P2kuscJ2Law7hqPbFkF44WEezHu4upump","","","","","","","","","","","","","","","","","","","","","","","","","","","","","","","","","","","","","","","","","","","","","","","","9.482e-7","","","","","","2026-07-25T02:39:07.128Z",""
"ChillGUY","4Kn5eBw27PQEWKz58UUTkbDGbpsWexMVj7sm54kDpump","","","","","","","","","","","","","","","","","","","","","","","","","","","","","","","","","","","","","","","","","","","","","","","","1.267e-7","","","","","","2026-07-25T02:39:07.171Z",""
"vau","9pKPEPK9dnYnV7k68g4CHA7vnVSAjf4LRREs8LWzpump","","","","","","","","","","","","","","","","","","","","","","","","","","","","","","","","","","","","","","","","","","","","","","","","6.348e-8","","","","","","2026-07-25T02:40:07.143Z",""
"4","BgLavk2Z4HPkYwzVBGFwK9QB6236EYh9rBfGd8uXpump","63","2.962962961","","","","","","","","","","","","","","","","","","","","","","","","","","","","","","","","","","","","","","","","0.000002136","","","","","","","2026-07-25T02:40:07.170Z","","","","","",""
"TRUMP2028","HEBHUvLeSsPpFum1rhA5FqXG65nPVVvy5udNuQWepump","55","5","","","","","","","","","","","","","","","","","","","","","","","","","","","","","","","","","","","","","","","","0.000002147","","","","","","","2026-07-25T02:40:07.197Z","","","","","",""
"MoonSol","5njHvYeshhttpY9ZcrzKjzc1eQsbzcmWa821n5Zbpump","","","","","","","","","","","","","","","","","","","","","","","","","","","","","","","","","","","","","","","","","","","","","","","","1.755e-7","","","","","","2026-07-25T02:40:07.224Z",""
"MoonSol","381UX8Txjd6nPGus3gRAzJwk7F7zuoFFL2NBqWCFpump","","","","","","","","","","","","","","","","","","","","","","","","","","","","","","","","","","","","","","","","","","","","","","","","3.278e-8","","","","","","2026-07-25T02:41:07.156Z",""
"BullWhale","AHUQcoTAJb7tgg8ttEh3UySWFijYbE3JEGDpfFShpump","74","3.000000001","","","","","","","","","","","","","","","","","","","","","","","","","","","","","","","","","","","","","","","","0.000006623","","","","","","","2026-07-25T02:41:07.186Z","","","","","",""
"MEAA","GGen6Q5xV3ftHJLff4SqQqUfvmGSQjU2eh7DTigbpump","71","0.059259258","","","","","","","","","","","","","","","","","","","","","","","","","","","","","","","","","","","","","","","","0.00000365","","","","","","6.722e-7","2026-07-25T02:41:07.216Z","","","","","2026-07-25T02:42:07.266Z",""
"goffy","5RuarcWPYgzr5K7p5rCmXqqzaeEJPacQaQZRwdLvpump","65","0.060000001","","","","","","","","","","","","","","","","","","","","","","","","","","","","","","","","","","","","","","","","0.000002774","","","","","","","2026-07-25T02:42:07.169Z","","","","","",""
"WhiteBull","8AqRK1EcSV5VT7N69EByxBBgwHG6rFMX1AeSvzQxpump","100","0.395000071","","","","","","","","","","","","","","","","","","","","","","","","","","","","","","","","","","","","","","","","0.00000208","","","","","","","2026-07-25T02:42:07.198Z","","","","","",""
"TRUMP 2028 OG","5Qak6NCqituo5kzQDroYdaR4nPb5Pn3pfvJUKDNjpump","63","2.962962961","","","","","","","","","","","","","","","","","","","","","","","","","","","","","","","","","","","","","","","","0.000002376","","","","","","","2026-07-25T02:42:07.238Z","","","","","",""
"MASTERS","Fyfakmb46zt3sW9oGBtx8BUzeAV9DQGC9wj9PypUpump","93","0.059259258","","","","","","","","","","","","","","","","","","","","","","","","","","","","","","","","","","","","","","","","0.000001342","","","","","","6.988e-7","2026-07-25T02:43:07.059Z","","","","","2026-07-25T02:45:07.261Z",""
"MMH","A9xQM19N6HhaYdgrTGjentg4ZQ2tLzSeR3JhpZPDpump","70","0.059259258","","","","","","","","","","","","","","","","","","","","","","","","","","","","","","","","","","","","","","","","0.000003182","","","","","","","2026-07-25T02:43:07.096Z","","","","","",""
"MoonSol","DEn786GnE7xH3fPAyYVxHRBDKYW3Nfdyp8hYSw6Npump","88","0.250000001","","","","","","","","","","","","","","","","","","","","","","","","","","","","","","","","","","","","","","","","0.000004355","","","","","","","2026-07-25T02:43:07.153Z","","","","","",""
"TRUMP2028","7qSR8tYc6JX52dFw59CR3SWZWYAfWuBkaokQHBJWpump","55","5","","","","","","","","","","","","","","","","","","","","","","","","","","","","","","","","","","","","","","","","0.000002177","","","","","","","2026-07-25T02:43:07.187Z","","","","","",""
"fitcaster","Dq82kJPPMrq9tQnMwCwKTi47jPrDRBEtqNugSV83pump","57","1.97530864","","","","","","","","","","","","","","","","","","","","","","","","","","","","","","","","","","","","","","","","0.000002561","","","","","","","2026-07-25T02:44:07.112Z","","","","","",""
"goffy","CghpcyfdqARPaDwwYi3wprFYCE5MQu5u7JbvwApTpump","","","","","","","","","","","","","","","","","","","","","","","","","","","","","","","","","","","","","","","","","","","","","","","","7.711e-8","","","","","","2026-07-25T02:44:07.147Z",""
"ART","6856tWJoiHf9FUDSmvzDYd921hjHDgveCKN9ErMBpump","","","","","","","","","","","","","","","","","","","","","","","","","","","","","","","","","","","","","","","","","","","","","","","","1.34e-7","","","","","","2026-07-25T02:44:07.196Z",""
"TDS","BDxCMbhkhXzYQXi6VxLty5Ua8r395Bo9HCpg7ENVpump","63","2.962962961","","","","","","","","","","","","","","","","","","","","","","","","","","","","","","","","","","","","","","","","0.000002074","","","","","","","2026-07-25T02:44:07.224Z","","","","","",""
"RIPBIGFOOT","Ad8CBGeSmD4AvUVEjYBF6AfMpt8DtBixy3Hrcsjhpump","66","0.079012344","","","","","","","","","","","","","","","","","","","","","","","","","","","","","","","","","","","","","","","","0.00000236","","","","","","","2026-07-25T02:45:07.115Z","","","","","",""
"LONGDOG","J16NN6qc7rCfDDFCM9RpBWMuLetmmwPJcacyM8DBpump","100","11.712482851","","","","","","","","","","","","","","","","","","","","","","","","","","","","","","","","","","","","","","","","0.000005079","","","","","","","2026-07-25T02:45:07.156Z","","","","","",""
"miso","8LhpwjFtyAHzCPK7bHEf5Cfcaxh4k7tn3a9eeHPgpump","56","0.009876541","","","","","","","","","","","","","","","","","","","","","","","","","","","","","","","","","","","","","","","","0.000002503","","","","","","","2026-07-25T02:45:07.193Z","","","","","",""
"spell","GH8M3yMdJqQHdVQSXrELeWk5oRdhjAf5aszV3yDRpump","97","0.250000001","","","","","","","","","","","","","","","","","","","","","","","","","","","","","","","","","","","","","","","","0.000001539","","","","","","6.714e-7","2026-07-25T02:46:07.251Z","","","","","2026-07-25T02:47:07.135Z",""
"TUNGTUNG","EHjxPjPgF5cmsr4C2ctzkrTZjSrjNvFUUBkKnkJnpump","","","","","","","","","","","","","","","","","","","","","","","","","","","","","","","","","","","","","","","","","","","","","","","","5.616e-7","","","","","","2026-07-25T02:47:07.160Z",""
"cry","8v7zP9iUV3SZfNctwz7K67GQg2a4UjgtLhVBSChspump","","","","","","","","","","","","","","","","","","","","","","","","","","","","","","","","","","","","","","","","","","","","","","","","1.259e-7","","","","","","2026-07-25T02:48:07.252Z",""
"DOI","4xcJkLSFXMnTKZjVRqZxWZHzz7v8XjUamK1TTTnPpump","65","0.069135801","","","","","","","","","","","","","","","","","","","","","","","","","","","","","","","","","","","","","","","","0.00000158","","","","","","0.000001248","2026-07-25T02:48:07.316Z","","","","","2026-07-25T02:49:07.057Z",""
"Him","2ntMr4gA9hFDpTT9Wy9ZvBporXgvpYNQqe2dXXe6pump","","","","","","","","","","","","","","","","","","","","","","","","","","","","","","","","","","","","","","","","","","","","","","","","8.256e-7","","","","","","2026-07-25T02:49:07.029Z",""
"TREMP","D1vQDTfUg2zheZKGzGDFqr8KJyAMEwW4HG3K5MsZpump","56","3","","","","","","","","","","","","","","","","","","","","","","","","","","","","","","","","","","","","","","","","0.000002213","","","","","","","2026-07-25T02:51:07.108Z","","","","","",""
"LOLdog","ERc5kmMQrZpKmybTHkbfyDUKZ5XRDmShmEPhz25Hpump","58","2.962962961","","","","","","","","","","","","","","","","","","","","","","","","","","","","","","","","","","","","","","","","0.000003221","","","","","","","2026-07-25T02:51:07.136Z","","","","","",""
"goffy","7SYqrfbG9pBGmNwGMmW5yFxYJNxEkPsPPxztuPu5pump","","","","","","","","","","","","","","","","","","","","","","","","","","","","","","","","","","","","","","","","","","","","","","","","4.599e-8","","","","","","2026-07-25T02:52:07.098Z",""
"Fuck you","AsNMQj6y3HW6kY9ukDmMa71gELu4PV7xTszoGMo4pump","63","9.876543208","","","","","","","","","","","","","","","","","","","","","","","","","","","","","","","","","","","","","","","","0.000003746","","","","","","","2026-07-25T02:52:07.123Z","","","","","",""
"NOKINGS","AWJVX71MMdN3iFSQCeziJtduRH87req7HjAJevS5pump","64","3.288888887","","","","","","","","","","","","","","","","","","","","","","","","","","","","","","","","","","","","","","","","0.000003083","","","","","","","2026-07-25T02:52:07.150Z","","","","","",""
"RIPBIGFOOT","59N4n3vFaNqWgRYZekWqrXRqyA4DXFUwMRdV5wdCpump","62","0.108641974","","","","","","","","","","","","","","","","","","","","","","","","","","","","","","","","","","","","","","","","0.00000273","","","","","","","2026-07-25T02:53:07.078Z","","","","","",""
"CZ","Efnq8RcG8kLGMNcD1BiCnGAZ55cuZrEGXqqa9yjdpump","57","5","","","","","","","","","","","","","","","","","","","","","","","","","","","","","","","","","","","","","","","","0.00000207","","","","","","","2026-07-25T02:54:07.112Z","","","","","",""
"YAMAL","H1FL5D3MNn8yjsJq97gPBhJxUu9MbEzaNptVQawtpump","64","0.500078135","","","","","","","","","","","","","","","","","","","","","","","","","","","","","","","","","","","","","","","","0.00000239","","","","","","","2026-07-25T02:54:07.217Z","","","","","",""
"TREMP","GyhcX9FwYo5Rmjw4X3iMt3d1D2wofQed9EwJe5Gpump","58","2.962962961","","","","","","","","","","","","","","","","","","","","","","","","","","","","","","","","","","","","","","","","0.000002734","","","","","","","2026-07-25T02:54:07.252Z","","","","","",""
"VANCE2028","6pkXr5WmHZRUuxC6XnTcj1QSQAzXkPXTE6uChCAMYvx","61","5.5","","","","","","","","","","","","","","","","","","","","","","","","","","","","","","","","","","","","","","","","0.000009225","","","","","","","2026-07-25T02:55:07.123Z","","","","","",""
"goffy","6AiKgvBx3UtvR7xVcx4aZ3XgBW4tJtuaGc2Un1Nvpump","","","","","","","","","","","","","","","","","","","","","","","","","","","","","","","","","","","","","","","","","","","","","","","","3.588e-7","","","","","","2026-07-25T02:55:07.155Z",""
"CONMEN","9fRLPkTewCzL5iFNfXc1tSLJ3DkiJRUURCqzVjv1pump","63","2.962962961","","","","","","","","","","","","","","","","","","","","","","","","","","","","","","","","","","","","","","","","0.0000025","","","","","","","2026-07-25T02:56:07.035Z","","","","","",""
"ZBLP","6ZvTVJtzAMjM82wg7vdELbMwpfBxsiSG6PKjdFAqpump","","","","","","","","","","","","","","","","","","","","","","","","","","","","","","","","","","","","","","","","","","","","","","","","6.614e-7","","","","","","2026-07-25T02:57:07.160Z",""
"goffy","FSRpLyiswbjRhz7wo3oB9m4wJWUnm9XANnk97Vtkpump","56","0.120000001","","","","","","","","","","","","","","","","","","","","","","","","","","","","","","","","","","","","","","","","0.000003102","","","","","","","2026-07-25T02:57:07.238Z","","","","","",""
"TRUMP2","B3YaDweK4k3Kr5sqWjgZVqjprfpk59C3QLBhNdXvpump","62","4.938271603","","","","","","","","","","","","","","","","","","","","","","","","","","","","","","","","","","","","","","","","0.00000576","","","","","","","2026-07-25T02:57:07.268Z","","","","","",""
"PAW","BfLh9EgfKSZQ9Loi3HqKavWqipW6FeAx2vWE9epkpump","68","0.98765432","","","","","","","","","","","","","","","","","","","","","","","","","","","","","","","","","","","","","","","","0.000002167","","","","","","","2026-07-25T02:58:07.025Z","","","","","",""
"TREMP28","H3CwprsF5en3AmqjMCfMiP7MtQk74M2ZjstmHYqBpump","63","2.962962961","","","","","","","","","","","","","","","","","","","","","","","","","","","","","","","","","","","","","","","","0.00002569","","","","","","","2026-07-25T02:59:07.025Z","","","","","",""
"jr","EufmkK1CbtbF81cscUEiCJ129pkyktZpi3DVh41Tpump","85","2.962962961","","","","","","","","","","","","","","","","","","","","","","","","","","","","","","","","","","","","","","","","0.000002264","","","","","","","2026-07-25T03:00:07.251Z","","","","","",""
"4","D4iehVSPXHdmgt4p4X4PRfEmWeowZzKyhFfi1FC9X1g4","64","12","","","","","","","","","","","","","","","","","","","","","","","","","","","","","","","","","","","","","","","","0.000005615","","","","","","","2026-07-25T03:00:07.283Z","","","","","",""
"PAW","FpndUMaVj2guH4rBZMRsq9e4DeQNhY9quGwLsiD8pump","","","","","","","","","","","","","","","","","","","","","","","","","","","","","","","","","","","","","","","","","","","","","","","","0.000001135","","","","","","2026-07-25T03:00:07.312Z",""
"1","BPeQh7UKdsHXHC2ayPihNsQQY85jBfNxJtNR5hiFpump","62","5","","","","","","","","","","","","","","","","","","","","","","","","","","","","","","","","","","","","","","","","0.00000214","","","","","","","2026-07-25T03:01:07.106Z","","","","","",""
"jr","EnZVFruGC8z2A1pcEXdLdSzRyYxbiWoiZBg86abDpump","80","2.962962961","","","","","","","","","","","","","","","","","","","","","","","","","","","","","","","","","","","","","","","","0.00000214","","","","","","","2026-07-25T03:01:07.139Z","","","","","",""
"PWEASE","rRcApWojrHBua6XHRKw9JcjJZa6BJ4i8AZXBfc6pump","99","0.990099008","","","","","","","","","","","","","","","","","","","","","","","","","","","","","","","","","","","","","","","","0.000002088","","","","","","","2026-07-25T03:01:07.171Z","","","","","",""
"1","Uz5dcV3oSPuoGmFtHyigawZR8ZnK8E6ZKsaUZJypump","63","2.962962961","","","","","","","","","","","","","","","","","","","","","","","","","","","","","","","","","","","","","","","","0.000002074","","","","","","","2026-07-25T03:01:07.201Z","","","","","",""
"PAW","F9CPwdA2zj9cBxpJTPyW8gVFmanhzYkpxJYmZtKApump","","","","","","","","","","","","","","","","","","","","","","","","","","","","","","","","","","","","","","","","","","","","","","","","7.413e-7","","","","","","2026-07-25T03:02:07.184Z",""
"tremp","C6o6AFmc7xiQn1AxwbQLArjRTMo6Vs56eTM5hhunpump","63","2.962962961","","","","","","","","","","","","","","","","","","","","","","","","","","","","","","","","","","","","","","","","0.000002174","","","","","","","2026-07-25T03:02:07.240Z","","","","","",""
"f🔥 re ","2RnbX7iCcKfrZNCwTFt5GmTdMVNjMoxHNyyjmLSzpump","","","","","","","","","","","","","","","","","","","","","","","","","","","","","","","","","","","","","","","","","","","","","","","","7.2e-8","","","","","","2026-07-25T03:03:07.056Z",""
"PIGBACK","DJyzXMjTLHQWXZFaLurnVUwunJ57MUwFGS6dm7vxpump","68","0.059259258","","","","","","","","","","","","","","","","","","","","","","","","","","","","","","","","","","","","","","","","0.000002915","","","","","","","2026-07-25T03:03:07.140Z","","","","","",""
"goffy","B6C2suDFDqdmGppJYv4qsxrGc4fTk5LLyXqUdC1Spump","","","","","","","","","","","","","","","","","","","","","","","","","","","","","","","","","","","","","","","","","","","","","","","","3.751e-8","","","","","","2026-07-25T03:03:07.174Z",""
"Trump2028","8nwuVt5un6DtwCvokKMcFb4ERzXRB3hiW6GyzDrTpump","91","0.100015626","","","","","","","","","","","","","","","","","","","","","","","","","","","","","","","","","","","","","","","","0.000001694","","","","","","","2026-07-25T03:03:07.227Z","","","","","",""
"Trump","51i539JAqLYfam7F6ZdrmkqhsXip4kB5pqaxYBYXpump","63","3","","","","","","","","","","","","","","","","","","","","","","","","","","","","","","","","","","","","","","","","0.00000207","","","","","","","2026-07-25T03:04:07.078Z","","","","","",""
"Tremp","AJruxtsavZtzS3VSu3HGTAeiG8A2hGK7PSLqWuc9pump","100","14.814814814","","","","","","","","","","","","","","","","","","","","","","","","","","","","","","","","","","","","","","","","0.00001783","","","","","","","2026-07-25T03:04:07.129Z","","","","","",""
"YAMAL","EzuGdgmzjJGBYFiDGV8WE3WqNjk3viAabNYsHrtYpump","","","","","","","","","","","","","","","","","","","","","","","","","","","","","","","","","","","","","","","","","","","","","","","","8.44e-8","","","","","","2026-07-25T03:04:07.175Z",""
"TRUMP28","ExuHBKMDjAgj1rxbeT6uqjUoK3SYBvwx8jw2Sfpspump","61","0.060000001","","","","","","","","","","","","","","","","","","","","","","","","","","","","","","","","","","","","","","","","0.000001944","","","","","","","2026-07-25T03:05:07.056Z","","","","","",""
"goffy","9x8SpxjVJATfWVWetmPEn8y1cewTZFxr1j4LmcRypump","56","0.240000001","","","","","","","","","","","","","","","","","","","","","","","","","","","","","","","","","","","","","","","","0.000003736","","","","","","","2026-07-25T03:05:07.078Z","","","","","",""
"MAGAA","ETq8VsyfgzhqkcHJooL2D1jXBwdQuxwq3w5Cqcsipump","63","2.962962961","","","","","","","","","","","","","","","","","","","","","","","","","","","","","","","","","","","","","","","","0.000003133","","","","","","","2026-07-25T03:05:07.110Z","","","","","",""
"HODL","ARBhJJgoewEcVSYbEKkCBLu5hSkSUkZ9b8ngnjo9pump","","","","","","","","","","","","","","","","","","","","","","","","","","","","","","","","","","","","","","","","","","","","","","","","3.582e-7","","","","","","2026-07-25T03:06:07.120Z",""
"jr","EFKg3h9gr6L8pEPaatS38P39JdKtxHPTBMnZpWgqpump","76","2.962962961","","","","","","","","","","","","","","","","","","","","","","","","","","","","","","","","","","","","","","","","0.000002072","","","","","","","2026-07-25T03:06:07.186Z","","","","","",""
"TRUMP28","2kzrNsFbnLRVYvC5MM9DX2sfB49bNN5JkwGAPc33pump","","","","","","","","","","","","","","","","","","","","","","","","","","","","","","","","","","","","","","","","","","","","","","","","3.945e-7","","","","","","2026-07-25T03:07:07.098Z",""
"match","7m3SxV3n4DYkDQYGtZMC91n2MbSaaREENyVs4qpypump","65","0.060000001","","","","","","","","","","","","","","","","","","","","","","","","","","","","","","","","","","","","","","","","0.000001555","","","","","","","2026-07-25T03:07:07.174Z","","","","","",""
"goffy","5197XunNzbijsUYU8RDogBrbj9ND2xsAthAXS2WUpump","","","","","","","","","","","","","","","","","","","","","","","","","","","","","","","","","","","","","","","","","","","","","","","","2.247e-7","","","","","","2026-07-25T03:07:07.214Z",""
"RTR","CU4v9er9ZaodoQpZt8vbL1Vga36xEWPqVm6kG8zUtWqd","81","5.5","","","","","","","","","","","","","","","","","","","","","","","","","","","","","","","","","","","","","","","","0.000002141","","","","","","","2026-07-25T03:08:07.078Z","","","","","",""
"RTR","5cShbfixEfmRveADu2zSfaatrcPTL283TGe5fM4Kjv4C","","","","","","","","","","","","","","","","","","","","","","","","","","","","","","","","","","","","","","","","","","","","","","","","0.000002072","","","","","","2026-07-25T03:08:07.108Z",""
"RTR","3mcaQd5YpZiQNii3v16p4TFmb3iJBmerQmn18JGP3qMi","83","5.5","","","","","","","","","","","","","","","","","","","","","","","","","","","","","","","","","","","","","","","","0.000002175","","","","","","","2026-07-25T03:08:07.167Z","","","","","",""
"BWOB","CL2xsJNtbQyZ7WFej5nw4wpdUnuWZ7x74K7R3Eb6pump","57","1.97530864","","","","","","","","","","","","","","","","","","","","","","","","","","","","","","","","","","","","","","","","0.000002073","","","","","","","2026-07-25T03:10:07.059Z","","","","","",""
"raccoon","7yrbwAJh1GXbwuAGRVUHqcQFhMKEZEv8CjyJeP4dpump","","","","","","","","","","","","","","","","","","","","","","","","","","","","","","","","","","","","","","","","","","","","","","","","1.716e-8","","","","","","2026-07-25T03:10:07.099Z",""
"tremp","23T7wuYQwMaj4ep1syfZF4VURd2wmDsp7KuT9hP2pump","82","14.8125","","","","","","","","","","","","","","","","","","","","","","","","","","","","","","","","","","","","","","","","0.000003288","","","","","","","2026-07-25T03:10:07.128Z","","","","","",""
"TRUMPJAK","9WytecnewHVbfyhwnN8x13wqyzu7KKwpMUU7qYsXpump","","","","","","","","","","","","","","","","","","","","","","","","","","","","","","","","","","","","","","","","","","","","","","","","0.000003211","","","","","","2026-07-25T03:11:07.153Z",""
"goffy","AhWDijVFbNzPrexJF1MpaqQQ75rFJRQj3GeVmgtJpump","","","","","","","","","","","","","","","","","","","","","","","","","","","","","","","","","","","","","","","","","","","","","","","","1.018e-8","","","","","","2026-07-25T03:11:07.180Z",""
"Barron2044","9y7XSzSF9ZFpg5AeEzSTWNv75osaXh2JB84zvrFRpump","82","17.777777776","","","","","","","","","","","","","","","","","","","","","","","","","","","","","","","","","","","","","","","","0.000004896","","","","","","","2026-07-25T03:11:07.214Z","","","","","",""
"RTR","BiEqiu3y42rvAp2xLnS5fGkvxsQ1XBbbtw3AQrZwpump","100","5.925925924","","","","","","","","","","","","","","","","","","","","","","","","","","","","","","","","","","","","","","","","0.000002074","","","","","","","2026-07-25T03:12:07.120Z","","","","","",""
"AWAY","HUtdAKo2XtMHeyFNboMdrqe6Mroe1tUsKeF6ffG6pump","","","","","","","","","","","","","","","","","","","","","","","","","","","","","","","","","","","","","","","","","","","","","","","","1.461e-8","","","","","","2026-07-25T03:12:07.216Z",""
"USDC","BX9Nz47bridgcvD4uScsS9fhk7SRGabjR62ffd7Epump","99","17.777777776","","","","","","","","","","","","","","","","","","","","","","","","","","","","","","","","","","","","","","","","0.000003387","","","","","","","2026-07-25T03:12:07.254Z","","","","","",""
"small","EBkNdMP5CnG36qVY5iJ4FhnmRkuMnMRHzV2VGM1apump","","","","","","","","","","","","","","","","","","","","","","","","","","","","","","","","","","","","","","","","","","","","","","","","4.547e-7","","","","","","2026-07-25T03:12:07.288Z",""
"Pony","HzM2maTfYyQLXcm5G7GooqivNWsc6TGYgkiFnr5rpump","60","1.000000001","","","","","","","","","","","","","","","","","","","","","","","","","","","","","","","","","","","","","","","","0.000003852","","","","","","","2026-07-25T03:13:07.158Z","","","","","",""
"USDC","pAyJKGXKYFf2YCRavTkaBSnYSe29ZPvgDBAKQ6Bpump","99","4.938271603","","","","","","","","","","","","","","","","","","","","","","","","","","","","","","","","","","","","","","","","0.000002073","","","","","","","2026-07-25T03:13:07.189Z","","","","","",""
"goffy","7aWATeq2TxBqtzyy6K7Evc2cnqjovaUbLP4JaN1apump","","","","","","","","","","","","","","","","","","","","","","","","","","","","","","","","","","","","","","","","","","","","","","","","3.941e-8","","","","","","2026-07-25T03:13:07.223Z",""
"raccoon","7P2q4zbVzS1yVEqSfH91991pRoEuA5q4XhUVh1H9pump","63","0.200000001","","","","","","","","","","","","","","","","","","","","","","","","","","","","","","","","","","","","","","","","0.000001336","","","","","","","2026-07-25T03:13:07.256Z","","","","","",""
"BG","CQgf9PKWaVyBjZwNQeCQDaHjnUysX4kJtWwX53Pgpump","","","","","","","","","","","","","","","","","","","","","","","","","","","","","","","","","","","","","","","","","","","","","","","","1.561e-7","","","","","","2026-07-25T03:14:07.717Z",""
"AIB","32FMDtRRwEaxH1MpyhVTLhpjAmgyi7mcHNPpMDLqpump","93","4.938271603","","","","","","","","","","","","","","","","","","","","","","","","","","","","","","","","","","","","","","","","0.000002073","","","","","","","2026-07-25T03:14:07.747Z","","","","","",""
"USOH","BH6zVV7yucWSjZxf8w9nJUa1h9t3CWj4gmYxQdTvpump","100","39.506172838","","","","","","","","","","","","","","","","","","","","","","","","","","","","","","","","","","","","","","","","0.0000165","","","","","","","2026-07-25T03:14:07.782Z","","","","","",""
"KANYE2028","DmvhPZxdxZ7QRKfDz9ZN7Nrg1PUatrt1TQ2yWR81pump","56","3.950617282","","","","","","","","","","","","","","","","","","","","","","","","","","","","","","","","","","","","","","","","0.000002546","","","","","","","2026-07-25T03:15:07.063Z","","","","","",""
"WJK1234","CS7TKC3MWWVWpVX4ZyYYQcGexgcty2XWtHUmzqcjpump","","","","","","","","","","","","","","","","","","","","","","","","","","","","","","","","","","","","","","","","","","","","","","","","9e-7","","","","","","2026-07-25T03:15:07.094Z",""
"2028","AcV5xciDnJMFyfbabskQKc6bnTwyWAMDxA5Gu5Hbpump","","","","","","","","","","","","","","","","","","","","","","","","","","","","","","","","","","","","","","","","","","","","","","","","1.434e-9","","","","","","2026-07-25T03:15:07.195Z",""
"TREMP2028","GDVyk2fSK3LGGRXEKtjzwooDKVqJHUSozTV4zx9ppump","67","3.950617282","","","","","","","","","","","","","","","","","","","","","","","","","","","","","","","","","","","","","","","","0.000002914","","","","","","","2026-07-25T03:15:07.216Z","","","","","",""
"raccoon","5oSy2huWfeb4gD5eGEJeySTruGxi7oumKqzRA6fGpump","","","","","","","","","","","","","","","","","","","","","","","","","","","","","","","","","","","","","","","","","","","","","","","","1.311e-7","","","","","","2026-07-25T03:16:07.079Z",""
"goffy","B5cL2M8tsSA83ViK2Ug7fGdHLjPU4pNYjs9QcxVapump","","","","","","","","","","","","","","","","","","","","","","","","","","","","","","","","","","","","","","","","","","","","","","","","4.998e-7","","","","","","2026-07-25T03:16:07.116Z",""
"Trump","7PMcCEYYgjomiFMKmmP755z38taqyEDZPhzJrc77pump","63","3.03","","","","","","","","","","","","","","","","","","","","","","","","","","","","","","","","","","","","","","","","0.000002105","","","","","","","2026-07-25T03:16:07.158Z","","","","","",""
"$TRUMP","tJUpe1Jw748prUDBcnkuikHNRKKbR5JCM1y3ThBpump","","","","","","","","","","","","","","","","","","","","","","","","","","","","","","","","","","","","","","","","","","","","","","","","8.856e-7","","","","","","2026-07-25T03:16:07.183Z",""
"CPU","GEaMkRPftu7HVp2M49iFJiT1wj6nh8gEdudhQSehpump","57","1.97530864","","","","","","","","","","","","","","","","","","","","","","","","","","","","","","","","","","","","","","","","0.000003436","","","","","","","2026-07-25T03:17:07.126Z","","","","","",""
"raccoon","HS6p8oR7EYEqhqn6o4ADhhQfFH7WLgfjZWS7ysErpump","","","","","","","","","","","","","","","","","","","","","","","","","","","","","","","","","","","","","","","","","","","","","","","","1.781e-7","","","","","","2026-07-25T03:17:07.150Z",""
"goffy","Aj8KSxi3v76dFSDkGs4Pc1wsDf2GF7NUdNnyodXBpump","","","","","","","","","","","","","","","","","","","","","","","","","","","","","","","","","","","","","","","","","","","","","","","","3.492e-7","","","","","","2026-07-25T03:18:07.150Z",""
"DONULD","HbWGGxxuwhUE72Env3oAQfGDkHL653wTEEZpELHVpump","58","3","","","","","","","","","","","","","","","","","","","","","","","","","","","","","","","","","","","","","","","","0.000002076","","","","","","","2026-07-25T03:18:07.184Z","","","","","",""
"TRMP28","FLcNGVhCvcN9pnTdxAn1ygu4Zz2a9H6i2pn88E1cpump","","","","","","","","","","","","","","","","","","","","","","","","","","","","","","","","","","","","","","","","","","","","","","","","5.101e-8","","","","","","2026-07-25T03:18:07.243Z",""
"TRUMPJR2028","B5i9pSQALo1vAuh4nxc7TAvwZ1Pqr8GKWdxxh5tvpump","62","5","","","","","","","","","","","","","","","","","","","","","","","","","","","","","","","","","","","","","","","","0.000002073","","","","","","","2026-07-25T03:19:07.031Z","","","","","",""
"raccoon","37GK3P7SGdSYfrbemqxFvUD6BpyQKgu4yW4RA6ZMpump","","","","","","","","","","","","","","","","","","","","","","","","","","","","","","","","","","","","","","","","","","","","","","","","1.954e-8","","","","","","2026-07-25T03:19:07.075Z",""
"9999","RqN9HgoAUuxkesNvJ9RDGMD9hjmxu7wbMSEG5U1pump","","","","","","","","","","","","","","","","","","","","","","","","","","","","","","","","","","","","","","","","","","","","","","","","8.524e-8","","","","","","2026-07-25T03:19:07.108Z",""
"goffy","JD3z3JfvZhmra7CbZM2j4udKsjy2Z2SyP2283kkSpump","","","","","","","","","","","","","","","","","","","","","","","","","","","","","","","","","","","","","","","","","","","","","","","","0.000001196","","","","","","2026-07-25T03:19:07.145Z",""
"Jeet","2QX4KZK77T1qRWBNKhZEAk3nqeWBfEJPMpbiE2cbpump","","","","","","","","","","","","","","","","","","","","","","","","","","","","","","","","","","","","","","","","","","","","","","","","2.748e-7","","","","","","2026-07-25T03:20:07.113Z",""
"raccoon","5D1tfWP9KtDLSfNEg289Ajs6kLQHofECBTqc5noHpump","","","","","","","","","","","","","","","","","","","","","","","","","","","","","","","","","","","","","","","","","","","","","","","","1.312e-7","","","","","","2026-07-25T03:20:07.148Z",""
"LONGCOON","BBhXbzBKpUwkLvJuRJ72CQF54wvbVoT4q2yntuEtpump","57","1.97530864","","","","","","","","","","","","","","","","","","","","","","","","","","","","","","","","","","","","","","","","0.000002343","","","","","","","2026-07-25T03:20:07.193Z","","","","","",""
"goffy","HgQUNmrJfTrtxwzPY3RanAiZ3r7h1fCgAEyADaTppump","","","","","","","","","","","","","","","","","","","","","","","","","","","","","","","","","","","","","","","","","","","","","","","","2.866e-8","","","","","","2026-07-25T03:21:07.154Z",""
"MLCMM","3UEhWCwGFbmEH34QBLsoorB9v6i2hDrnLVFWsu12pump","","","","","","","","","","","","","","","","","","","","","","","","","","","","","","","","","","","","","","","","","","","","","","","","2.102e-7","","","","","","2026-07-25T03:22:07.075Z",""
"RICH","4aNPPzDq4tzkkgWqDsfKK2mGGzEWPfz6dgSNjviPpump","72","3.950617282","","","","","","","","","","","","","","","","","","","","","","","","","","","","","","","","","","","","","","","","0.000002082","","","","","","","2026-07-25T03:22:07.108Z","","","","","",""
"raccoon","2LLRys2MXDbnZeApYLfgtJTnvdqw4yf1s4zzsG5zpump","","","","","","","","","","","","","","","","","","","","","","","","","","","","","","","","","","","","","","","","","","","","","","","","1.405e-8","","","","","","2026-07-25T03:22:07.145Z",""
"raccoon","HzPfQaM4BSuG5Zb4FeCsVV27K3pNPmcqiBGtBTPFpump","","","","","","","","","","","","","","","","","","","","","","","","","","","","","","","","","","","","","","","","","","","","","","","","1.371e-7","","","","","","2026-07-25T03:22:07.178Z",""
"JME223","BxxRR4HNsT7gEECGMiksNSCohBPAoQXZ3VMwnAnupump","","","","","","","","","","","","","","","","","","","","","","","","","","","","","","","","","","","","","","","","","","","","","","","","1.028e-7","","","","","","2026-07-25T03:23:07.080Z",""
"goffy","HuM8v2xHKzvr1wCdHZeNAypVmbCakaz5c3jE9Wmjpump","","","","","","","","","","","","","","","","","","","","","","","","","","","","","","","","","","","","","","","","","","","","","","","","3.187e-7","","","","","","2026-07-25T03:23:07.110Z",""
"PWEASE","D3Lhypk6dCACWEY3J5S6Se7HJGkQVTYGKxXsULD7PUMP","93","39.506172838","","","","","","","","","","","","","","","","","","","","","","","","","","","","","","","","","","","","","","","","0.00001394","","","","","","","2026-07-25T03:23:07.138Z","","","","","",""
"CLAYZ","9oDu7rwtCxhUkRTQQNac3jsv5pBZ1TSzHaMdPMdbpump","57","1.97530864","","","","","","","","","","","","","","","","","","","","","","","","","","","","","","","","","","","","","","","","0.000003675","","","","","","","2026-07-25T03:23:07.202Z","","","","","",""
"USOH","Baei76vhZ3kPnTjc8vezTtgmPQYk54Kok73pxJAgPUMP","93","39.506172838","","","","","","","","","","","","","","","","","","","","","","","","","","","","","","","","","","","","","","","","0.00001675","","","","","","","2026-07-25T03:24:07.156Z","","","","","",""
"LK","CmKSDq5SDgAWAsoL1y7p1P2RUQTjMCQ6oaZm33krpump","61","0.059259258","","","","","","","","","","","","","","","","","","","","","","","","","","","","","","","","","","","","","","","","0.000001802","","","","","","4.776e-7","2026-07-25T03:24:07.203Z","","","","","2026-07-25T03:26:07.127Z",""
"ggof","H4KmGsDmwyPqcH16fNVcM8kEB7MiME8p8q45oS3Hpump","63","0.200000001","","","","","","","","","","","","","","","","","","","","","","","","","","","","","","","","","","","","","","","","0.000006772","","","","","","","2026-07-25T03:24:07.235Z","","","","","",""
"LONGDOG","6ux2q5cxmwhLNzPTSUdE7n3X1ByE9uG6JSJQwgDTpump","100","11.742111603","","","","","","","","","","","","","","","","","","","","","","","","","","","","","","","","","","","","","","","","0.000003696","","","","","","","2026-07-25T03:24:07.271Z","","","","","",""
"TREMP","81oT3jzuEJmrDiVZ1xiqA4xCSQpYhaWQ7K8UduuXpump","57","2","","","","","","","","","","","","","","","","","","","","","","","","","","","","","","","","","","","","","","","","0.000002176","","","","","","","2026-07-25T03:26:07.093Z","","","","","",""
"VERTEX","BPoaMCWvLdK4Ex51ybq67cytAm1eUyEvRvpLTcjbpump","63","2.962962961","","","","","","","","","","","","","","","","","","","","","","","","","","","","","","","","","","","","","","","","0.000002074","","","","","","","2026-07-25T03:27:07.035Z","","","","","",""
"ggofff","5WQsaCtiNz1rHtKdZSLqYCfMQY6d5AkCdXEJA3rFpump","","","","","","","","","","","","","","","","","","","","","","","","","","","","","","","","","","","","","","","","","","","","","","","","1.85e-7","","","","","","2026-07-25T03:27:07.113Z",""
"ggofff","3scomBpDcwypbrbE83DPYjr7dK1U3uGJbGEu8cvnpump","61","0.200000001","","","","","","","","","","","","","","","","","","","","","","","","","","","","","","","","","","","","","","","","0.000008497","","","","","","","2026-07-25T03:28:07.045Z","","","","","",""
"LONGDOG","3RuJLpkJhVRoiF1GA74xs4Ltk7LhPmWxpFSrBt5Npump","","","","","","","","","","","","","","","","","","","","","","","","","","","","","","","","","","","","","","","","","","","","","","","","0.000002221","","","","","","2026-07-25T03:28:07.074Z",""
"Trump","CY9p2WRHv2WN8Yu88bHxMFCvxKMqKF4CyDw1y3vEpump","55","6.3","","","","","","","","","","","","","","","","","","","","","","","","","","","","","","","","","","","","","","","","0.000002186","","","","","","","2026-07-25T03:28:07.121Z","","","","","",""
"USDT","GVutHiQrX1JaZD7M6f5gfyWV5B6xdJAYAXYTW4QJpump","99","17.777777776","","","","","","","","","","","","","","","","","","","","","","","","","","","","","","","","","","","","","","","","0.000004","","","","","","","2026-07-25T03:28:07.152Z","","","","","",""
"PAW","AYTj6teeUJngGyEJAVjPVmF2amCMW8jJkjEPZJdQpump","","","","","","","","","","","","","","","","","","","","","","","","","","","","","","","","","","","","","","","","","","","","","","","","7.335e-7","","","","","","2026-07-25T03:29:07.106Z",""
"LONGDOG","2DdYGHiddd9RwfmabZsgrNMZpJBYuBFFp7AxMnUfpump","","","","","","","","","","","","","","","","","","","","","","","","","","","","","","","","","","","","","","","","","","","","","","","","0.000002149","","","","","","2026-07-25T03:30:07.154Z",""
"PAW","BQjfBmZewjzBZ19bFbRBbarwCn9Rb2aRJAU3Crbhpump","","","","","","","","","","","","","","","","","","","","","","","","","","","","","","","","","","","","","","","","","","","","","","","","5.63e-7","","","","","","2026-07-25T03:30:07.189Z",""
"Ahsan","54MR2VRgH8czM46gWTQV2MNKGuqwLQvx19op7WB6pump","63","3","","","","","","","","","","","","","","","","","","","","","","","","","","","","","","","","","","","","","","","","0.000002087","","","","","","","2026-07-25T03:30:07.221Z","","","","","",""
"BIDEN2028","D9toXZhGYq4qxV7Qmm1rFF9LFra4Vas6vHHad6BMpump","56","3.083247688","","","","","","","","","","","","","","","","","","","","","","","","","","","","","","","","","","","","","","","","0.000003152","","","","","","","2026-07-25T03:30:07.274Z","","","","","",""
"Mayhem brn","GrxeKYgsayhGZ6va2FLBjqhFM5rW7qHgg1kp143cpump","58","0.493827159","","","","","","","","","","","","","","","","","","","","","","","","","","","","","","","","","","","","","","","","0.000003707","","","","","","","2026-07-25T03:31:07.060Z","","","","","",""
"WJM213","2YAX6E4bh35jFKzwqtxZd8MjjDCGgUbAS1LkB73Gpump","","","","","","","","","","","","","","","","","","","","","","","","","","","","","","","","","","","","","","","","","","","","","","","","5.326e-7","","","","","","2026-07-25T03:31:07.089Z",""
"BOO","3Pf96YAvhxqHSd7bVi5jX1iCiJ4XWnYtP5MTaaoMPump","91","39.506172838","","","","","","","","","","","","","","","","","","","","","","","","","","","","","","","","","","","","","","","","0.00001409","","","","","","","2026-07-25T03:31:07.121Z","","","","","",""
"LONGDOG","EbMwiEduotZpqVRdWToe4LE21uptuhk5sAecKLp6pump","99","10.754458152","","","","","","","","","","","","","","","","","","","","","","","","","","","","","","","","","","","","","","","","0.000004646","","","","","","0.000002139","2026-07-25T03:32:07.114Z","","","","","2026-07-25T03:34:07.248Z",""
"Mayhem brn","4KnwA3PCyz6JCeoBTJ3rafkbZF1iS6WUEKVMD6NEpump","61","0.790123455","","","","","","","","","","","","","","","","","","","","","","","","","","","","","","","","","","","","","","","","0.00000275","","","","","","","2026-07-25T03:32:07.147Z","","","","","",""
"TRUMPBANK","huMZaH5Abq9VvtZeBTWzcmKXNzH8KQptbtzRVxQTRMP","57","2","","","","","","","","","","","","","","","","","","","","","","","","","","","","","","","","","","","","","","","","0.000003623","","","","","","","2026-07-25T03:32:07.178Z","","","","","",""
"Fomo","AaEJXxSkkDoYqCAornRhPfFswdd53iaSuiSGPNGppump","62","5","","","","","","","","","","","","","","","","","","","","","","","","","","","","","","","","","","","","","","","","0.000002075","","","","","","","2026-07-25T03:33:07.100Z","","","","","",""
"PotusCoke","2VGpDckKWU1orQaPow6XCee4ud4A9d1NYckzuQxZpump","","","","","","","","","","","","","","","","","","","","","","","","","","","","","","","","","","","","","","","","","","","","","","","","0.000001074","","","","","","2026-07-25T03:33:07.183Z",""
"Crime","4sU6acR3PFSHBrB56ERtKE7YVHCUE5Q9kGZsVgmcpump","55","2.4691358","","","","","","","","","","","","","","","","","","","","","","","","","","","","","","","","","","","","","","","","0.000002234","","","","","","","2026-07-25T03:33:07.213Z","","","","","",""
"Mayhem brn","FKMBKX5uhU2eNsNALWaA352i3WcVXWU38mBRg5cMpump","","","","","","","","","","","","","","","","","","","","","","","","","","","","","","","","","","","","","","","","","","","","","","","","4.686e-7","","","","","","2026-07-25T03:34:07.034Z",""
"MASTERS","3xNHJ1jzWrTVM3mfYKj2TcfmTWeCLn7M3YMignvcpump","","","","","","","","","","","","","","","","","","","","","","","","","","","","","","","","","","","","","","","","","","","","","","","","4.009e-7","","","","","","2026-07-25T03:34:07.283Z",""
"LONGDOG","95DQhG5UwH27i7yiNAWPBgx6bpMG9Q4NFEkFkb1vpump","","","","","","","","","","","","","","","","","","","","","","","","","","","","","","","","","","","","","","","","","","","","","","","","0.000002126","","","","","","2026-07-25T03:36:07.126Z",""
"TREMP","ASTse1Yd2vbvDtsxPMF1AfzuhbQ8hV9sAeomv1jGpump","","","","","","","","","","","","","","","","","","","","","","","","","","","","","","","","","","","","","","","","","","","","","","","","2.043e-7","","","","","","2026-07-25T03:36:07.155Z",""
"ggof","5CN6sWsX1myG63QzQmCBgj47XMjsVqzt74QimeQipump","60","0.200000001","","","","","","","","","","","","","","","","","","","","","","","","","","","","","","","","","","","","","","","","0.000002613","","","","","","","2026-07-25T03:36:07.192Z","","","","","",""
"Fry-Day","8SGa5HpTuy6XQqL2G3WaxuCkMcHCGCXdcT7pRLW8pump","56","0.493827159","","","","","","","","","","","","","","","","","","","","","","","","","","","","","","","","","","","","","","","","0.000002867","","","","","","","2026-07-25T03:36:07.280Z","","","","","",""
"PAW","Az1KS8UW67mB4uHG1r9qEHEGXrMBDP27KiCP7xarpump","59","0.790123455","","","","","","","","","","","","","","","","","","","","","","","","","","","","","","","","","","","","","","","","0.000002864","","","","","","","2026-07-25T03:37:07.089Z","","","","","",""
"4","9dGLy32tU2xT3RYLXt7HuDHuMihWCDD2fVnPDgo8pump","70","4.938271603","","","","","","","","","","","","","","","","","","","","","","","","","","","","","","","","","","","","","","","","0.000002075","","","","","","","2026-07-25T03:37:07.128Z","","","","","",""
"LONGDOG","HWSa29PjHPkBnrJakhGKbDfpp82LZ3V5WtB1nPdFpump","99","11.742112473","","","","","","","","","","","","","","","","","","","","","","","","","","","","","","","","","","","","","","","","0.000005805","","","","","","","2026-07-25T03:37:07.182Z","","","","","",""
"ggof","8GhpVL71e6s7Lm6uhwNSAWk4Now9Au9cxSUw6iFkpump","","","","","","","","","","","","","","","","","","","","","","","","","","","","","","","","","","","","","","","","","","","","","","","","2.089e-8","","","","","","2026-07-25T03:37:07.204Z",""
"TRP20282","HmMHNxPmp7cNqAqSWpBrgfMPQCut5xXqkc2ksTBqpump","","","","","","","","","","","","","","","","","","","","","","","","","","","","","","","","","","","","","","","","","","","","","","","","0.000001039","","","","","","2026-07-25T03:38:07.066Z",""
"PAW","8FrXB4c2VxZfC6NUcGgcpuaknE3pNvMrjN4ekUNspump","61","0.98765432","","","","","","","","","","","","","","","","","","","","","","","","","","","","","","","","","","","","","","","","0.000003532","","","","","","","2026-07-25T03:38:07.102Z","","","","","",""
"dfgdfgsdf","5aKCTGwAfzv1ucffkJmcWLTp6A8cYuGXFzrVAoNspump","68","0.197530863","","","","","","","","","","","","","","","","","","","","","","","","","","","","","","","","","","","","","","","","0.000001881","","","","","","","2026-07-25T03:38:07.134Z","","","","","",""
"APE","AgHQ5oB8QGhSTmtKCi9jkGtcSDCWwcLMaQK7Hnqpump","70","6.913580245","","","","","","","","","","","","","","","","","","","","","","","","","","","","","","","","","","","","","","","","0.000002075","","","","","","","2026-07-25T03:38:07.172Z","","","","","",""
"$MJEW","5g8E95imW1iAP14YBTXFEt7WLi9LeTv4UGEgmrJnpump","","","","","","","","","","","","","","","","","","","","","","","","","","","","","","","","","","","","","","","","","","","","","","","","5.492e-7","","","","","","2026-07-25T03:39:07.038Z",""
"VEE","5QaZyw6BBS3XVC4o7ABsLsjAG4u7HGVrweDvTRGEpump","65","3.456790122","","","","","","","","","","","","","","","","","","","","","","","","","","","","","","","","","","","","","","","","0.000004041","","","","","","","2026-07-25T03:39:07.130Z","","","","","",""
"FREE","AEWkWFxfyhx2M9dwFytqqo1Q7a2rvddu4fTiYdYwpump","63","2.962962961","","","","","","","","","","","","","","","","","","","","","","","","","","","","","","","","","","","","","","","","0.000002095","","","","","","","2026-07-25T03:39:07.165Z","","","","","",""
"TRUNC","sGwYDwkzHFTuQPMXG1K4Eq7c6qp9VcVpBe5Rqrnpump","63","2.962962961","","","","","","","","","","","","","","","","","","","","","","","","","","","","","","","","","","","","","","","","0.000002632","","","","","","","2026-07-25T03:40:07.086Z","","","","","",""
"dfgdgfgdf","qKP2ACPiBmZ2EN12y5fVSM8JUjh3XgoXSEzqCLhpump","","","","","","","","","","","","","","","","","","","","","","","","","","","","","","","","","","","","","","","","","","","","","","","","1.382e-7","","","","","","2026-07-25T03:40:07.114Z",""
"POTUS","23T9tVwXuHgcCK7w6rRJ9BFu44DyNThS2qWWwT2Upump","81","14.8125","","","","","","","38.8","60","-83.4","","","38.8","0","660","14.8125","0","2","0","0","0","16915.8","5","34098.27","34098.27","0.635","0.635","266","","1","0","1","0","1","","","","","","","0.00001031","0.00001691","","","","","","2026-07-25T03:42:07.709Z","2026-07-25T03:45:07.093Z","","","","",""
"SUNSET","DfKkgDDhayPbtEVUVCzUya265FJyNfK2466YHpnpump","57","1.97530864","","","","","","","","","","","","","","","","","","","","","","","","","","","","","","","","","","","","","","","","0.000002177","","","","","","","2026-07-25T03:42:07.742Z","","","","","",""
"WJM421","ELG361MguqvnSqBXntfVuLerdQAd4gL9CBFWw1ihpump","56","0.059259258","","","","","","","","","","","","","","","","","","","","","","","","","","","","","","","","","","","","","","","","0.00000191","","","","","","4.858e-9","2026-07-25T03:42:07.779Z","","","","","2026-07-25T03:44:07.127Z",""
"$TVTW","BVT7zwM88i4XSgiE2Wj7aC4nJRahtMMvBHPRS9uQpump","","","","","","","","","","","","","","","","","","","","","","","","","","","","","","","","","","","","","","","","","","","","","","","","5.595e-7","","","","","","2026-07-25T03:42:07.818Z",""
"asdasdasd","CJFVLk57v79Lf3qEqr6ZBSXzFFxMiUkyVmRbLUAcpump","","","","","","","","","","","","","","","","","","","","","","","","","","","","","","","","","","","","","","","","","","","","","","","","3.855e-7","","","","","","2026-07-25T03:43:07.064Z",""
"Faucet","5Juk5RNJTDQj8KF3c2m2TSRC9PPUazP6dVTaKr2Mpump","56","3","","","","","","","","","","","","","","","","","","","","","","","","","","","","","","","","","","","","","","","","0.000002357","","","","","","","2026-07-25T03:43:07.167Z","","","","","",""
"democRAT","3tiNnDGN75VhMW6NDt8LDonULYgwcCqFrbZgkkdYpump","63","2.962962961","","","","","","","","","","","","","","","","","","","","","","","","","","","","","","","","","","","","","","","","0.000002202","","","","","","","2026-07-25T03:44:07.072Z","","","","","",""
"RTR","AEhKi266sEwztrq7CT6V41hesBQG5rMC2PbRTeewPUMP","","","","","","","","","","","","","","","","","","","","","","","","","","","","","","","","","","","","","","","","","","","","","","","","0.000002081","","","","","","2026-07-25T03:45:07.285Z",""
"CROW","H4DMfSmox93kyCnQZ3x5pUhENv7iWj6fsXHD88Egpump","61","5","","","","","","","","","","","","","","","","","","","","","","","","","","","","","","","","","","","","","","","","0.000002248","","","","","","","2026-07-25T03:46:07.081Z","","","","","",""
"OBAMA","C2hfBYhHE9Xba62JYca5ZknygxzeV4paakgH7N9fpump","","","","","","","","","","","","","","","","","","","","","","","","","","","","","","","","","","","","","","","","","","","","","","","","2.156e-7","","","","","","2026-07-25T03:46:07.112Z",""
"TikTok","55yo4kTnwQ47nAT3p82nrgg3ModVsnqTz2bh6LhnQBz9","97","0.000987653","","","","","","","","","","","","","","","","","","","","","","","","","","","","","","","","","","","","","","","","0.00001118","","","","","","","2026-07-25T03:46:07.175Z","","","","","",""
"OBUMA2028","8zcd5BPqhhFBL13iefzN1D3Em86qbv2ijEKFhTpQpump","63","3","","","","","","","","","","","","","","","","","","","","","","","","","","","","","","","","","","","","","","","","0.000002111","","","","","","","2026-07-25T03:46:07.200Z","","","","","",""
"CROW","XW61eG8F391jr5RrHe3tmYrRDKWPX4DxCuTtKNmpump","61","5","","","","","","","","","","","","","","","","","","","","","","","","","","","","","","","","","","","","","","","","0.000002254","","","","","","","2026-07-25T03:47:07.064Z","","","","","",""
"asdasdasd","58txMuJCYY4essmGQMmdTHSJejKFGQwVBambM8Gwpump","","","","","","","","","","","","","","","","","","","","","","","","","","","","","","","","","","","","","","","","","","","","","","","","1.156e-7","","","","","","2026-07-25T03:47:07.137Z",""
"CTRUMP","5H3h18x9Ya6VqaUJuuCjHSrM1iFvKQeCA1YyH6UMpump","59","0.059259258","","","","","","","","","","","","","","","","","","","","","","","","","","","","","","","","","","","","","","","","0.00001042","","","","","","1.04e-8","2026-07-25T03:48:07.123Z","","","","","2026-07-25T03:50:07.092Z",""
"RTR","2h54WM7YdEidfRG4sE6nMYykVWKfJWnWRFSA9Pm3Pump","93","39.506172838","","","","","","","","","","","","","","","","","","","","","","","","","","","","","","","","","","","","","","","","0.0000144","","","","","","","2026-07-25T03:48:07.156Z","","","","","",""
"$bag","47X1mt4B6fzDHJACuPwcJgGVQM2y8r5xtTjpRqhUpump","64","0.059259258","","","","","","","","","","","","","","","","","","","","","","","","","","","","","","","","","","","","","","","","0.00000439","","","","","","","2026-07-25T03:49:07.366Z","","","","","",""
"OBUMA2028","CmgxGYTJtAZAnKuBEAqxVgq3LZnFbQ7scx8omfWapump","58","3","","","","","","","","","","","","","","","","","","","","","","","","","","","","","","","","","","","","","","","","0.000002177","","","","","","","2026-07-25T03:50:07.055Z","","","","","",""
"Trump2028","FPYh462xvd748CyJtPQgrm9cjF8e4zSaxuAZ8uEFpump","","","","","","","","","","","","","","","","","","","","","","","","","","","","","","","","","","","","","","","","","","","","","","","","9.774e-7","","","","","","2026-07-25T03:51:07.162Z",""
"AIB","6Ye3vV5rwGqdpE8LM2kjbUgEZ1LvWzV8tw1smoS9pump","60","4.938271603","","","","","","","","","","","","","","","","","","","","","","","","","","","","","","","","","","","","","","","","0.000002086","","","","","","","2026-07-25T03:52:07.098Z","","","","","",""
"CTRUMP","9wZKNrMe6UG79zmtR22d3ABQHJogb8GuWbvaApWCpump","","","","","","","","","","","","","","","","","","","","","","","","","","","","","","","","","","","","","","","","","","","","","","","","4.438e-7","","","","","","2026-07-25T03:52:07.119Z",""
"Barron2044","CdzWTobXwTx1Dn6oAniLEZDnXUXjssf6vXvyi3Y4pump","62","4.246913578","","","","","","","","","","","","","","","","","","","","","","","","","","","","","","","","","","","","","","","","0.00000221","","","","","","","2026-07-25T03:52:07.148Z","","","","","",""
"FAUCET","9mevT9vBZgqVjZgUMu8BEjTTwUcBFwExvBWjCTwypump","85","25","","","","","","","","","","","","","","","","","","","","","","","","","","","","","","","","","","","","","","","","0.00002007","","","","","","","2026-07-25T03:52:07.243Z","","","","","",""
"REP","ErinhYD1HmwV9YmcrQ8NxtaMyvJYgJcTu4JoyNmBpump","","","","","","","","","","","","","","","","","","","","","","","","","","","","","","","","","","","","","","","","","","","","","","","","5.427e-7","","","","","","2026-07-25T03:53:07.063Z",""
"DJT2028","BN6HWusrK5v5DC8zqPWSsCEmPgitnnEcg7FYvVgEpump","65","5","","","","","","","","","","","","","","","","","","","","","","","","","","","","","","","","","","","","","","","","0.000002176","","","","","","","2026-07-25T03:53:07.225Z","","","","","",""
"MUSH","CgXwS7gMvTBJCgxr7ivNCvX8wzrPPXiEpZYCRZFNpump","87","0.100015626","","","","","","","","","","","","","","","","","","","","","","","","","","","","","","","","","","","","","","","","0.00002388","","","","","","","2026-07-25T03:54:07.098Z","","","","","",""
"asdasdasd","9X2YfNauFAmh9ZAyUT4dZJEjLE2Z49d1dH71Uiqkpump","58","0.197530863","","","","","","","","","","","","","","","","","","","","","","","","","","","","","","","","","","","","","","","","0.000001543","","","","","","","2026-07-25T03:54:07.140Z","","","","","",""
"DT","7bBz1iuJfD34FbGhPZ13pit8LqFt2N2XH9HnwfN7pump","99","4.938271604","","","","","","","","","","","","","","","","","","","","","","","","","","","","","","","","","","","","","","","","0.000004021","","","","","","","2026-07-25T03:54:07.172Z","","","","","",""
"REP","7Arx7Ft5nCbfj2kKM5twdB1G8d76NdKckQ1h5KS2pump","","","","","","","","","","","","","","","","","","","","","","","","","","","","","","","","","","","","","","","","","","","","","","","","0.000001211","","","","","","2026-07-25T03:54:07.210Z",""
"CTBA","GWMuukYcivwKK4oKmNsa8DpfBLUbEsdJDSQk2oSxpump","62","0.493827159","","","","","","","","","","","","","","","","","","","","","","","","","","","","","","","","","","","","","","","","0.000003973","","","","","","","2026-07-25T03:55:07.140Z","","","","","",""
"DT","8VWNj8kGNT6fH4vcLagqCgnqozroHf4oRPWron5Vpump","63","2.962962961","","","","","","","","","","","","","","","","","","","","","","","","","","","","","","","","","","","","","","","","0.000002086","","","","","","","2026-07-25T03:55:07.169Z","","","","","",""
"asdasdasd","C8P1MPtv2fZun7XyCLyNjXtXs7BZjPLsdhzuWUo3pump","","","","","","","","","","","","","","","","","","","","","","","","","","","","","","","","","","","","","","","","","","","","","","","","3.95e-7","","","","","","2026-07-25T03:56:07.266Z",""
"Win","7uRb86UYDiyYQvVhdvH4XAhhMCvAeSjKjMQzqbn4pump","64","0.197530863","","","","","","","","","","","","","","","","","","","","","","","","","","","","","","","","","","","","","","","","0.000001375","","","","","","4.586e-7","2026-07-25T03:56:07.353Z","","","","","2026-07-25T03:58:07.094Z",""
"CTRUMP","Gp67fYVmwQ9KN5rgGxhoeJMVgmHyPgbGArVY9UCtpump","","","","","","","","","","","","","","","","","","","","","","","","","","","","","","","","","","","","","","","","","","","","","","","","3.562e-9","","","","","","2026-07-25T03:56:07.414Z",""
"Americat","7TMGnQxmwbChKAxbDiq5s2Z5Cj7AGeZWzw3Ucw7hpump","77","7.901234566","","","","","","","","","","","","","","","","","","","","","","","","","","","","","","","","","","","","","","","","0.00000896","","","","","","","2026-07-25T03:57:07.069Z","","","","","",""
"BLG","4xayh2kBCPdG6Kfo5nMPQLXHjvPe2YBbfXqmtckupump","","","","","","","","","","","","","","","","","","","","","","","","","","","","","","","","","","","","","","","","","","","","","","","","3e-7","","","","","","2026-07-25T03:57:07.105Z",""
"asdasdasd","2kC3AfCpNoaX1buG1DyktVcyT1cuBpJRK8WpAoU7pump","55","0.197530863","","","","","","","","","","","","","","","","","","","","","","","","","","","","","","","","","","","","","","","","0.00001026","","","","","","","2026-07-25T03:57:07.142Z","","","","","",""
"PWEASE2028","dVsjY3yVEToN1ZZwsvBDsSiMgeyh1R4AeJJ3Q7Bpump","59","3.083247688","","","","","","","","","","","","","","","","","","","","","","","","","","","","","","","","","","","","","","","","0.00000406","","","","","","","2026-07-25T03:58:07.063Z","","","","","",""
"CTRUMP","H2GnEgC9zJbCQ4Tksg5CBdHyCYS3xE14A7y1HGGqpump","","","","","","","","","","","","","","","","","","","","","","","","","","","","","","","","","","","","","","","","","","","","","","","","2.445e-8","","","","","","2026-07-25T03:58:07.333Z",""
"$TGB","FVq4ZJUoeiRJ65VpZyLnYGtFqhMprHKNQmaGXd1Qpump","57","0.060000001","","","","","","","","","","","","","","","","","","","","","","","","","","","","","","","","","","","","","","","","0.000006883","","","","","","","2026-07-25T03:59:07.064Z","","","","","",""
"AC","2DRmrgYkNmP29GBj2L7iqaEUSL6pEPimG7j6s1yppump","62","2.843","","","","","","","","","","","","","","","","","","","","","","","","","","","","","","","","","","","","","","","","0.000003831","","","","","","","2026-07-25T03:59:07.103Z","","","","","",""
"TREMP","3CsuGr1NdAgwxmqwLBxP6A9b8Pc9XozzJi7qzcA3pump","","","","","","","","","","","","","","","","","","","","","","","","","","","","","","","","","","","","","","","","","","","","","","","","8.835e-8","","","","","","2026-07-25T03:59:07.137Z",""
"asdasdasd","GaBxTBDTyZLf1FkqRiDt9AfK2tD44SjCikU8hNARpump","","","","","","","","","","","","","","","","","","","","","","","","","","","","","","","","","","","","","","","","","","","","","","","","2.259e-7","","","","","","2026-07-25T03:59:07.171Z",""
"Faucet","7F7LhfsvAFsBBSwhDiwt7LQGD8qY8jTXGGpWecFxpump","98","18","","","","","","","","","","","","","","","","","","","","","","","","","","","","","","","","","","","","","","","","0.00001523","","","","","","","2026-07-25T04:00:07.123Z","","","","","",""
"Shet","4dxzNB3qho7uuddF9YzwmvyCgm4tEw6g791skzJvpump","63","0.207407406","","","","","","","","","","","","","","","","","","","","","","","","","","","","","","","","","","","","","","","","0.0001392","","","","","","","2026-07-25T04:00:07.156Z","","","","","",""
"MUSH","CWHXYy1o7kVox7Jkde7XRpY8x1FaHJFm2KnacVmJpump","","","","","","","","","","","","","","","","","","","","","","","","","","","","","","","","","","","","","","","","","","","","","","","","1.188e-8","","","","","","2026-07-25T04:00:07.195Z",""
"BUD","4D3RGW7yhk6WgUu3yDUJMGhGYu7GmKRbhnqA1Ay6pump","60","2.4691358","","","","","","","","","","","","","","","","","","","","","","","","","","","","","","","","","","","","","","","","0.000002074","","","","","","","2026-07-25T04:00:07.438Z","","","","","",""
"Missed","cpUNyWAi2iUuYMdBYHKp6rQFJg6ejnuM2aoEvHApump","61","0.148148147","","","","","","","","","","","","","","","","","","","","","","","","","","","","","","","","","","","","","","","","0.0000257","","","","","","","2026-07-25T04:01:07.080Z","","","","","",""
"FOMO","7oGZZCU7ToqZJaaKAgsHJBkC2Ey7hSyXdMUTKTeppump","63","2.962962961","","","","","","","","","","","","","","","","","","","","","","","","","","","","","","","","","","","","","","","","0.000002098","","","","","","","2026-07-25T04:01:07.117Z","","","","","",""
"BUD","KmwvkfQhSQoQXXm1KbvUE9Vqa7bvi4rbTKaNXMgpump","55","2.4691358","","","","","","","","","","","","","","","","","","","","","","","","","","","","","","","","","","","","","","","","0.000002183","","","","","","","2026-07-25T04:02:07.107Z","","","","","",""
"MUSH","8ZF473frLhqBWpzRnVRtmpURKSSpC4eqJAQkfe1ipump","","","","","","","","","","","","","","","","","","","","","","","","","","","","","","","","","","","","","","","","","","","","","","","","4.12e-7","","","","","","2026-07-25T04:02:07.168Z",""
"BUD","8MrEf6cxywebeej4GtXzeSRgzwgVu5hmChGs7cQapump","63","2.962962961","","","","","","","","","","","","","","","","","","","","","","","","","","","","","","","","","","","","","","","","0.000002951","","","","","","","2026-07-25T04:02:07.197Z","","","","","",""
"TRUMPCAT","GvdZpL4bV9aoX5XojN16a9ua8N6Q6UqMJNYmN3F2pump","","","","","","","","","","","","","","","","","","","","","","","","","","","","","","","","","","","","","","","","","","","","","","","","0.000002448","","","","","","2026-07-25T04:03:07.061Z",""
"Crazy","AR4kHhdRS7H1zw5omHbVsfWAsq5Nky1ZtjwqBaLdpump","71","0.166913579","","","","","","","","","","","","","","","","","","","","","","","","","","","","","","","","","","","","","","","","0.000005334","","","","","","","2026-07-25T04:03:07.130Z","","","","","",""
"BUD","Dy52jNKQvbLM5vdZXnvSvBDqQVW7iATvK7merLSWpump","63","2.962962961","","","","","","","","","","","","","","","","","","","","","","","","","","","","","","","","","","","","","","","","0.000002087","","","","","","","2026-07-25T04:03:07.158Z","","","","","",""
"BUD","FrvzPUS9Ux2P7RGqbNNwyJP6eFXbkLdKcsuGL5TLpump","63","2.962962961","","","","","","","","","","","","","","","","","","","","","","","","","","","","","","","","","","","","","","","","0.000002083","","","","","","","2026-07-25T04:04:07.113Z","","","","","",""
"goodcoin","FFbPEbsXkxAi7otkr8zSzzCiMg34m1MCGmJGH3arpump","63","5.5","","","","","","","","","","","","","","","","","","","","","","","","","","","","","","","","","","","","","","","","0.00001016","","","","","","","2026-07-25T04:04:07.169Z","","","","","",""
"ggof","8efWR9byUf4GPkaUx4Xzn6uq4iiyDK67PYPfkWtcpump","","","","","","","","","","","","","","","","","","","","","","","","","","","","","","","","","","","","","","","","","","","","","","","","3.022e-8","","","","","","2026-07-25T04:04:07.225Z",""
"snoopers","8SaXHFeBmfLcQCnimrE7s3ViDBzk14dSu2SzDiSVpump","63","2.962962961","","","","","","","","","","","","","","","","","","","","","","","","","","","","","","","","","","","","","","","","0.000002085","","","","","","","2026-07-25T04:05:07.049Z","","","","","",""
"goff","5E84tvtb6RAr9hveK17tLC2Ysrk7ErMuoHfXfBMypump","","","","","","","","","","","","","","","","","","","","","","","","","","","","","","","","","","","","","","","","","","","","","","","","7.499e-7","","","","","","2026-07-25T04:05:07.083Z",""
"$10,000","GYZdK1GMpfwYnbF2wVYKGWAXAFsbt56Y3ovksTQPpump","","","","","","","","","","","","","","","","","","","","","","","","","","","","","","","","","","","","","","","","","","","","","","","","2.072e-7","","","","","","2026-07-25T04:05:07.122Z",""
"USDT","8qqgNSLchs1przFH8ZoUouHCe1E9xnppEgtEgq3Ypump","70","4.938271603","","","","","","","","","","","","","","","","","","","","","","","","","","","","","","","","","","","","","","","","0.00000262","","","","","","","2026-07-25T04:05:07.159Z","","","","","",""
"MSU","Hq8fD7b5xcnVCxgcpTnjsQqyFeM7EY6u98V6LYBopump","63","3.950617282","","","","","","","","","","","","","","","","","","","","","","","","","","","","","","","","","","","","","","","","0.000002385","","","","","","","2026-07-25T04:06:07.177Z","","","","","",""
"snoopers","7E7P4WLruCRDKRrZ2DWVWwJ6jRzEZxLVam48iQ6Mpump","63","2.962962961","","","","","","","","","","","","","","","","","","","","","","","","","","","","","","","","","","","","","","","","0.000002084","","","","","","","2026-07-25T04:06:07.207Z","","","","","",""
"Lebron","E2h6U7C8Ezus6DTXY9UuDFZFXuvswLuWnsW22Asspump","58","2.843","","","","","","","","","","","","","","","","","","","","","","","","","","","","","","","","","","","","","","","","0.00001204","","","","","","","2026-07-25T04:06:07.262Z","","","","","",""
"$ANSEM","5KQYdhxBG52zWoBRiZMGWZuUuVqWzmZCvLcSBHT8pump","63","0.059259258","","","","","","","","","","","","","","","","","","","","","","","","","","","","","","","","","","","","","","","","0.000001383","","","","","","","2026-07-25T04:06:07.292Z","","","","","",""
"$ANSEM","G2rMLvNRuybMnpDn4yqxaoV47saaLjUmtxVamnVMpump","","","","","","","","","","","","","","","","","","","","","","","","","","","","","","","","","","","","","","","","","","","","","","","","1.532e-7","","","","","","2026-07-25T04:07:07.074Z",""
"$MSGA","4AVyvBNZEUAgYvCdiEba1BhXYf16fxAe2RsSSbbQpump","63","2.962962961","","","","","","","","","","","","","","","","","","","","","","","","","","","","","","","","","","","","","","","","0.000002119","","","","","","","2026-07-25T04:07:07.101Z","","","","","",""
"Fees","3QiMT9Q1z1tsM1aivCbwgyFqd2ku7K77rAxB6yhVpump","","","","","","","","","","","","","","","","","","","","","","","","","","","","","","","","","","","","","","","","","","","","","","","","8.089e-8","","","","","","2026-07-25T04:07:07.178Z",""
"USDT","EYiLxH91DB2LFXNemED6bSLPHxr9UKnmmbCf9Eaxpump","66","4.938271603","","","","","","","","","","","","","","","","","","","","","","","","","","","","","","","","","","","","","","","","0.000002248","","","","","","","2026-07-25T04:07:07.201Z","","","","","",""
"May send ","6wsazvUC8h8NixRGAxwyAgtA42rJS57r1wVn8eJEpump","67","0.197530863","","","","","","","","","","","","","","","","","","","","","","","","","","","","","","","","","","","","","","","","0.000002728","","","","","","","2026-07-25T04:09:07.050Z","","","","","",""
"Trumpothy","Crb7xeNuG3Ff35vzxfypFNB5iuG5VNDRPaJhuMiwpump","83","2.962962961","","","","","","","","","","","","","","","","","","","","","","","","","","","","","","","","","","","","","","","","0.000002806","","","","","","","2026-07-25T04:09:07.088Z","","","","","",""
"$bag","9QMMQNaQeVbKFWya2bcjQAweHbwm2NWTn4iVfYxTpump","60","0.069135801","","","","","","","","","","","","","","","","","","","","","","","","","","","","","","","","","","","","","","","","0.000003859","","","","","","","2026-07-25T04:09:07.121Z","","","","","",""
"USDT","FDPyf1q8FNqz4k8nkvi6jwffeKDkfHzMJQ3L7Sropump","64","4.938271603","","","","","","","","","","","","","","","","","","","","","","","","","","","","","","","","","","","","","","","","0.000002153","","","","","","","2026-07-25T04:09:07.161Z","","","","","",""
"USA","BtaWzGy8oMZXJMxhkUyJif9mYgPQ7GABgpNm3ws5pump","85","14.814814813","","","","","","","","","","","","","","","","","","","","","","","","","","","","","","","","","","","","","","","","0.000009681","","","","","","","2026-07-25T04:10:07.041Z","","","","","",""
"OCTOPUS","5NKirGSQHtwNxBFk2Vz3hUAc7nSVzQ4xzgm4hBsbpump","63","2.962962961","","","","","","","","","","","","","","","","","","","","","","","","","","","","","","","","","","","","","","","","0.000002121","","","","","","","2026-07-25T04:10:07.072Z","","","","","",""
"goff","CXFjzBVGdQ8MmS2Jw3dzcHVgRVADKU1ycewLBZb2pump","","","","","","","","","","","","","","","","","","","","","","","","","","","","","","","","","","","","","","","","","","","","","","","","7.427e-7","","","","","","2026-07-25T04:10:07.105Z",""
"Lebron","CsF6F5xjuAxvSej3DMDzurnF7YjGA72AnTG9cQmbpump","63","2.962962961","","","","","","","","","","","","","","","","","","","","","","","","","","","","","","","","","","","","","","","","0.0000162","","","","","","","2026-07-25T04:10:07.129Z","","","","","",""
"HTI","HUH2qk9rWy2si7xuCPPD9ySBZitBvm4N5KMEdYqppump","69","1.000000001","","","","","","","","","","","","","","","","","","","","","","","","","","","","","","","","","","","","","","","","0.000002109","","","","","","","2026-07-25T04:11:07.014Z","","","","","",""
"Dingy","4kfKLZzdPSgV3Zna8ipA4Pc7gnR5HZekJ8KVTer9pump","","","","","","","","","","","","","","","","","","","","","","","","","","","","","","","","","","","","","","","","","","","","","","","","1.335e-7","","","","","","2026-07-25T04:11:07.043Z",""
"Trumpothy ","9GNzdQqmkHEkxFRhKeGwLDQdsMHp5t6FB5WMAUiDpump","56","2.962962961","","","","","","","","","","","","","","","","","","","","","","","","","","","","","","","","","","","","","","","","0.000002113","","","","","","","2026-07-25T04:11:07.081Z","","","","","",""
"miss","EMomStZXe9rg3Qz69GgMgfvMPPZv9vh941UJJcanpump","","","","","","","","","","","","","","","","","","","","","","","","","","","","","","","","","","","","","","","","","","","","","","","","6.71e-7","","","","","","2026-07-25T04:12:07.069Z",""
"goff","D6MGU1e4xCWDNa3wcTj5BV4sfFYjfyK29THa7uwVpump","56","0.230000001","","","","","","","","","","","","","","","","","","","","","","","","","","","","","","","","","","","","","","","","0.000003129","","","","","","","2026-07-25T04:12:07.108Z","","","","","",""
"goff","EGMcFqJDeSB21oJVuYwC86EV5zPTfJYUFLDvU7T3pump","","","","","","","","","","","","","","","","","","","","","","","","","","","","","","","","","","","","","","","","","","","","","","","","7.74e-7","","","","","","2026-07-25T04:13:07.039Z",""
"Fly B","BrEHjGwMzQ28V2YbpRGshEKmvKS1L2mKstXnG5nvpump","","","","","","","","","","","","","","","","","","","","","","","","","","","","","","","","","","","","","","","","","","","","","","","","3.119e-7","","","","","","2026-07-25T04:13:07.141Z",""
"goff","7HwythGUUgs3aTRYAM9sdnQEbFXh5SndLun7RNPxpump","55","0.210000001","","","","","","","","","","","","","","","","","","","","","","","","","","","","","","","","","","","","","","","","0.000002837","","","","","","","2026-07-25T04:14:07.031Z","","","","","",""
"$bag","2XkC6pDQZQsS31aNyxsXbzu8uWMg8g55KhB2byHTpump","","","","","","","","","","","","","","","","","","","","","","","","","","","","","","","","","","","","","","","","","","","","","","","","1.921e-7","","","","","","2026-07-25T04:14:07.073Z",""
".5","4wiqGwf1A5tCVJDUC1oLPS5n8umWXCtwRQJGHUtKpump","","","","","","","","","","","","","","","","","","","","","","","","","","","","","","","","","","","","","","","","","","","","","","","","9.506e-8","","","","","","2026-07-25T04:14:07.147Z",""
"Dream","FJQaJeRqXZyvbNsFQsSrobiXZfXeT3Tn7SBbRPYCpump","","","","","","","","","","","","","","","","","","","","","","","","","","","","","","","","","","","","","","","","","","","","","","","","1.133e-7","","","","","","2026-07-25T04:15:07.005Z",""
"MemeUni","9TUvs7RZxNmw4cgjPPDkWkugXoLz5pQjjUYKJegHpump","","","","","","","","","","","","","","","","","","","","","","","","","","","","","","","","","","","","","","","","","","","","","","","","3.168e-8","","","","","","2026-07-25T04:15:07.059Z",""
"goff","55ArYzzF5SQFu2gGAEePr7iSW2c3Nbre8AdTinhwpump","","","","","","","","","","","","","","","","","","","","","","","","","","","","","","","","","","","","","","","","","","","","","","","","2.311e-7","","","","","","2026-07-25T04:15:07.117Z",""
"/tutorial","4cpaphjR9rrBq5jHxkfTEqzfyBDQdBsasTRQ1VpBc4Af","","","","","","","","","","","","","","","","","","","","","","","","","","","","","","","","","","","","","","","","","","","","","","","","0.000002076","","","","","","2026-07-25T04:15:07.152Z",""
"MP","BXDf6Phg1e6nfXT5mWoUigBdz8CSqR1Zata1dysxpump","","","","","","","","","","","","","","","","","","","","","","","","","","","","","","","","","","","","","","","","","","","","","","","","4.216e-8","","","","","","2026-07-25T04:16:07.077Z",""
"$bag","3TVzyKAuPwQ5oM15hRoWxr6Gt6fFyFhken7p1fkwpump","","","","","","","","","","","","","","","","","","","","","","","","","","","","","","","","","","","","","","","","","","","","","","","","3.066e-7","","","","","","2026-07-25T04:16:07.151Z",""
"ggoff","2b4PWNEwiJcCNbz4puYfmTRKb4bnuTf8SKWQktJLpump","58","0.500000001","","","","","","","","","","","","","","","","","","","","","","","","","","","","","","","","","","","","","","","","0.000002628","","","","","","6.148e-7","2026-07-25T04:16:07.185Z","","","","","2026-07-25T04:17:07.148Z",""
"USDT","23TBdjRXFiG6tGLFreBSkGY5UtHQFWjMMyK8GEoRpump","","","","","","","","","","","","","","","","","","","","","","","","","","","","","","","","","","","","","","","","","","","","","","","","0.000003056","","","","","","2026-07-25T04:16:07.224Z",""
"RTR","E97K4cAJpRMmTiCAwgFxFdaWdNVVupnhu5LFvRY5pump","60","4","","","","","","","","","","","","","","","","","","","","","","","","","","","","","","","","","","","","","","","","0.000002434","","","","","","","2026-07-25T04:17:07.044Z","","","","","",""
"Philosophoor","HRPpUiquiDhkAxykZMdKoF7aeaZFttXabc6G2dLzpump","63","2.962962961","","","","","","","","","","","","","","","","","","","","","","","","","","","","","","","","","","","","","","","","0.000002083","","","","","","","2026-07-25T04:17:07.094Z","","","","","",""
"pcock","FNB3wzXSLSt9DC59DLecA8DThTE9uLr2gUM5pcespump","62","0.100000001","","","","","","","","","","","","","","","","","","","","","","","","","","","","","","","","","","","","","","","","0.000005138","","","","","","","2026-07-25T04:17:07.177Z","","","","","",""
"$bag","CrhoQJCPrKpKPJGScZSyyDbx7xTNgebPhJGFGXL3pump","","","","","","","","","","","","","","","","","","","","","","","","","","","","","","","","","","","","","","","","","","","","","","","","2.82e-7","","","","","","2026-07-25T04:18:07.087Z",""
"2028 ","GonS2fejoZ1hTaJzUh65vgRCygEovusQmPmiaP7Zpump","","","","","","","","","","","","","","","","","","","","","","","","","","","","","","","","","","","","","","","","","","","","","","","","1.951e-7","","","","","","2026-07-25T04:18:07.120Z",""
"BITTY","9czjSGi31V7doVkoGVHEpnLeGsHs7mfnJMEUfdQzwhs4","","","","","","","","","","","","","","","","","","","","","","","","","","","","","","","","","","","","","","","","","","","","","","","","0.000002359","","","","","","2026-07-25T04:18:07.153Z",""
"HUMAN","4TVrW2XS4kaspL9NyLZg3zBJ5bSxiXtxcCxFf4Ejpump","60","4","","","","","","","","","","","","","","","","","","","","","","","","","","","","","","","","","","","","","","","","0.000002506","","","","","","","2026-07-25T04:19:07.048Z","","","","","",""
"clintun","9tnJLBwtBvSju5cHPXS7XSGMi7ZiXpXSZFq8TRpApump","63","2.962962961","","","","","","","","","","","","","","","","","","","","","","","","","","","","","","","","","","","","","","","","0.000002088","","","","","","","2026-07-25T04:19:07.073Z","","","","","",""
"BITTY","DR3pXnbJqniwN6Br2pbmyoXaoNRfdZHcgLMKZBrFo74Y","59","11.999999999","","","","","","","","","","","","","","","","","","","","","","","","","","","","","","","","","","","","","","","","0.000003293","","","","","","","2026-07-25T04:19:07.118Z","","","","","",""
"$bag","976dRay3K9mxbRaz7RvKQcYpFWHbZNVCSSLM1yQDpump","","","","","","","","","","","","","","","","","","","","","","","","","","","","","","","","","","","","","","","","","","","","","","","","5.818e-7","","","","","","2026-07-25T04:19:07.144Z",""
"Grokyssey","6ycRcFkkRDUQQzet8fFeZwKDDhiRr5tSgw4Pbftrpump","63","2.962962961","","","","","","","","","","","","","","","","","","","","","","","","","","","","","","","","","","","","","","","","0.000002125","","","","","","","2026-07-25T04:20:06.981Z","","","","","",""
"😂","9y4oCrHRcBkELLJfeyy1zwTtJ3fksFjHcT6RuLRqpump","","","","","","","","","","","","","","","","","","","","","","","","","","","","","","","","","","","","","","","","","","","","","","","","0.000002077","","","","","","2026-07-25T04:20:07.009Z",""
"4","HvpwxgF7F8sfjFXYUyjsjt9adXHP7Jwp3c4mdc8Bpump","63","2.962962961","","","","","","","","","","","","","","","","","","","","","","","","","","","","","","","","","","","","","","","","0.000002088","","","","","","","2026-07-25T04:20:07.038Z","","","","","",""
"Wage","BQhCRJzLxRpzb9VfKCThx3GRaKwq4jhREPZsd5hGpump","60","2.469135801","","","","","","","","","","","","","","","","","","","","","","","","","","","","","","","","","","","","","","","","0.000002182","","","","","","","2026-07-25T04:21:07.141Z","","","","","",""
"fF","GHLts1r9fqBaXKmUoBpQ2Pxzj64k2p8Mu395eMqepump","","","","","","","","","","","","","","","","","","","","","","","","","","","","","","","","","","","","","","","","","","","","","","","","3.114e-7","","","","","","2026-07-25T04:21:07.168Z",""
"RTR","13ED8hTfbfsAASkJrqWdpXjfF4CzuVpAxFKSPE7Epump","63","5","","","","","","","","","","","","","","","","","","","","","","","","","","","","","","","","","","","","","","","","0.000002088","","","","","","","2026-07-25T04:21:07.196Z","","","","","",""
"Revr","9nJ1aMrL4RXVXEpPb9xq4K7BTUbnLsCGYxUKTTFfpump","63","0.197530863","","","","","","","","","","","","","","","","","","","","","","","","","","","","","","","","","","","","","","","","0.00001309","","","","","","","2026-07-25T04:21:07.223Z","","","","","",""
"TRUMP2028","FPnEbrEdQoYTjFXsdU94ycwDgYLqdpNwBuf9GNeVpY5e","63","3","","","","","","","","","","","","","","","","","","","","","","","","","","","","","","","","","","","","","","","","0.000002181","","","","","","","2026-07-25T04:22:07.162Z","","","","","",""
"LONGDOG","6SrEBLSsUpRntXcfMAH9d5eMTyZHeh4GMPByaSV4pump","99","11.742103702","","","","","","","","","","","","","","","","","","","","","","","","","","","","","","","","","","","","","","","","0.000002556","","","","","","","2026-07-25T04:22:07.196Z","","","","","",""
"Trumpet","EQcTMtmtenALEBHNS74AFxQNiRhxSFGZkLYfg4FPpump","63","2.962962961","","","","","","","","","","","","","","","","","","","","","","","","","","","","","","","","","","","","","","","","0.000002085","","","","","","","2026-07-25T04:22:07.284Z","","","","","",""
"sigma","4v25WqSW5He2y53z87FZf4z34ugSWwtH1SFUUaDkpump","","","","","","","","","","","","","","","","","","","","","","","","","","","","","","","","","","","","","","","","","","","","","","","","7.698e-7","","","","","","2026-07-25T04:23:07.003Z",""
"Rools","BkXJScnGaJpHFkdZ91kgU4ZK8sWv3kcRmbiNeHnVpump","","","","","","","","","","","","","","","","","","","","","","","","","","","","","","","","","","","","","","","","","","","","","","","","1.124e-7","","","","","","2026-07-25T04:23:07.084Z",""
"LQ","CqE2no6rpukJCq4Q7gBHtPwL5ucJJqkRBhKwgRMVpump","","","","","","","","","","","","","","","","","","","","","","","","","","","","","","","","","","","","","","","","","","","","","","","","4.634e-8","","","","","","2026-07-25T04:24:07.140Z",""
"CHILLTRUMP","RgicC1SHsad7b6s4rnWp9mF4zox6V4pAhar52NWpump","56","3.5","","","","","","","","","","","","","","","","","","","","","","","","","","","","","","","","","","","","","","","","0.000002143","","","","","","","2026-07-25T04:24:07.171Z","","","","","",""
"Hold","5tT5oLhU7svbnGEDQnUrqvUEUYHiVgMYR7G5SFKTpump","","","","","","","","","","","","","","","","","","","","","","","","","","","","","","","","","","","","","","","","","","","","","","","","5.031e-7","","","","","","2026-07-25T04:25:07.025Z",""
"PNSE","H7p7Jv4pFdtebJ4VGrddu4GojoaGDyKgtgw2RdZKpump","","","","","","","","","","","","","","","","","","","","","","","","","","","","","","","","","","","","","","","","","","","","","","","","9.074e-7","","","","","","2026-07-25T04:25:07.057Z",""
"DYOR","BdFpwzRmpc6pwbrvZGLWSQqgyNgRfPCn1d6ruAR8pump","80","0.0635785","","","","","","","","","","","","","","","","","","","","","","","","","","","","","","","","","","","","","","","","0.00000204","","","","","","5.296e-7","2026-07-25T04:25:07.091Z","","","","","2026-07-25T04:26:07.049Z",""
"Repuplican","HNxRxyAra6o8YXDMJ7AS2yGDez6VyPADEY9DGs9qpump","63","2.962962961","","","","","","","","","","","","","","","","","","","","","","","","","","","","","","","","","","","","","","","","0.000002087","","","","","","","2026-07-25T04:25:07.186Z","","","","","",""
"LONGDOG","8hUMwJ3xEoSMR252ZruGtVwQvGDeemxEY43njHanpump","99","10.754458073","","","","","","","","","","","","","","","","","","","","","","","","","","","","","","","","","","","","","","","","0.00001599","","","","","","","2026-07-25T04:26:07.021Z","","","","","",""
"ISLANDBOY","3bg8wpgQTRRuJNzG9Mz4C7fYmBcsiWVocDzK115ypump","63","2.962962961","","","","","","","","","","","","","","","","","","","","","","","","","","","","","","","","","","","","","","","","0.000002435","","","","","","","2026-07-25T04:26:07.102Z","","","","","",""
"HOLD","v3Sb9ZNqePvf3z1sySUJy1xmtJqnDgH2YsuGS9gpump","64","5","","","","","","","","","","","","","","","","","","","","","","","","","","","","","","","","","","","","","","","","0.000002698","","","","","","","2026-07-25T04:27:07.087Z","","","","","",""
"TRUMPLET","B1qWwZvFLMLSnjJyLVZHssjSP5figyGtsktBLYbRpump","70","4.938271603","","","","","","","","","","","","","","","","","","","","","","","","","","","","","","","","","","","","","","","","0.00001794","","","","","","","2026-07-25T04:27:07.158Z","","","","","",""
"GRUNT","8Atx1BMfNihPtKnDSmg5HphLJAQUeGuBpvE79nVYpump","63","2.962962961","","","","","","","","","","","","","","","","","","","","","","","","","","","","","","","","","","","","","","","","0.000002088","","","","","","","2026-07-25T04:28:07.062Z","","","","","",""
"BALLS","EVyNL3HgSQNLmEu88Djte6GCBhMwDhJGNNQyx1tVpump","","","","","","","","","","","","","","","","","","","","","","","","","","","","","","","","","","","","","","","","","","","","","","","","0.000001117","","","","","","2026-07-25T04:28:07.115Z",""
"The Don","75JcgYp49AfmqvpKpm8KhXdY79uU1HsTMVJkDmDEpump","66","0.350000001","","","","","","","","","","","","","","","","","","","","","","","","","","","","","","","","","","","","","","","","0.000001328","","","","","","","2026-07-25T04:28:07.139Z","","","","","",""
"3","TgNE7eZtffCXWc1TaQoBjRMTx5wepyLyAN9dGCFpump","64","3.160493825","","","","","","","","","","","","","","","","","","","","","","","","","","","","","","","","","","","","","","","","0.000002182","","","","","","","2026-07-25T04:28:07.166Z","","","","","",""
"GRUNT","vzH2tpYwcNaceFBxPxc1qHbyzBy7fzG7fi72qiepump","59","4","","","","","","","","","","","","","","","","","","","","","","","","","","","","","","","","","","","","","","","","0.000002131","","","","","","","2026-07-25T04:29:07.089Z","","","","","",""
"APE","F6jRgHkbsuBVvLS8VPedBAjGEqb5qYs44N8jW4mepump","","","","","","","","","","","","","","","","","","","","","","","","","","","","","","","","","","","","","","","","","","","","","","","","0.000001076","","","","","","2026-07-25T04:30:07.144Z",""
"CORNYBOB","4CJtAm4rYqjRrdXwT3amFRGRc4U95EMuisN2SDQQpump","","","","","","","","","","","","","","","","","","","","","","","","","","","","","","","","","","","","","","","","","","","","","","","","0.00000229","","","","","","2026-07-25T04:30:07.176Z",""
"DAYYUM","DxkrUpCeSrUNVtzkATLnCUn6CPyE2XadShStqLZupump","","","","","","","","","","","","","","","","","","","","","","","","","","","","","","","","","","","","","","","","","","","","","","","","7.396e-7","","","","","","2026-07-25T04:31:07.091Z",""
"STRIDE","A18J7ZoKsbfkwQvkG3qkMX1iYNfGrrbQubvoPo5upump","63","2.962962961","","","","","","","","","","","","","","","","","","","","","","","","","","","","","","","","","","","","","","","","0.000002114","","","","","","","2026-07-25T04:31:07.129Z","","","","","",""
"FURY","EThgjemnQmTfjB8fdrKU2yXke3fmgYbpRvjf3sikpump","63","2.962962961","","","","","","","","","","","","","","","","","","","","","","","","","","","","","","","","","","","","","","","","0.000002086","","","","","","","2026-07-25T04:31:07.174Z","","","","","",""
"TRUMP2028","65zEfuMcqThRyBvtsXbuh7Fh5UDrRBTwyxdYs1Udpump","61","0.060000001","","","","","","","","","","","","","","","","","","","","","","","","","","","","","","","","","","","","","","","","0.000002657","","","","","","","2026-07-25T04:31:07.213Z","","","","","",""
"RTR","H7CQrmUKdagjLAhY1Pyk9CEUcuiBMuSfLEfoFaAhpump","63","3.000000001","","","","","","","","","","","","","","","","","","","","","","","","","","","","","","","","","","","","","","","","0.00000255","","","","","","","2026-07-25T04:32:06.989Z","","","","","",""
"Nothing ","7UMcPqJ9E5ty6TwGMLpbKXzupraogfzPDdrGkg3pump","","","","","","","","","","","","","","","","","","","","","","","","","","","","","","","","","","","","","","","","","","","","","","","","2.554e-7","","","","","","2026-07-25T04:32:07.018Z",""
"BIDIH2028","2CEstFZgfPgAQ8Ex4aApX42eWjsEB7rZNwNvWgsppump","","","","","","","","","","","","","","","","","","","","","","","","","","","","","","","","","","","","","","","","","","","","","","","","3.248e-7","","","","","","2026-07-25T04:32:07.118Z",""
"RIGHT","G3R2RPyh4f8a1WSruCAdBgiNZ37W39BDcahkFZd9pump","58","4","","","","","","","","","","","","","","","","","","","","","","","","","","","","","","","","","","","","","","","","0.000002187","","","","","","","2026-07-25T04:33:07.031Z","","","","","",""
"$TRTR","25Dw6w7ubaFc54DvGzYqUeSbHq3MbWfDwo2o6vi5pump","75","6.801062665","","","","","","","","","","","","","","","","","","","","","","","","","","","","","","","","","","","","","","","","0.000003886","","","","","","","2026-07-25T04:33:07.065Z","","","","","",""
"LMT","4LT8QnvZmjygchFjMA8BVJgEH8kbvEPF443FEcZFpump","69","0.296296295","","","","","","","","","","","","","","","","","","","","","","","","","","","","","","","","","","","","","","","","0.000003076","","","","","","","2026-07-25T04:33:07.116Z","","","","","",""
"SLOBNALD","2tPjPZzBNymN4Rg3t6fPsgSE9V8X6kJ1q86g7ZBEpump","60","5","","","","","","","","","","","","","","","","","","","","","","","","","","","","","","","","","","","","","","","","0.000002126","","","","","","","2026-07-25T04:34:06.993Z","","","","","",""
"Bounce","8qQBCi9NVeUz9Wg8GfCXyvkQTb5b2KqmA2gJjpA6pump","","","","","","","","","","","","","","","","","","","","","","","","","","","","","","","","","","","","","","","","","","","","","","","","3.95e-7","","","","","","2026-07-25T04:35:07.069Z",""
"POTUS","FeShRJrrhTxEc7gSnMQUm7EVjhkmV4wmmJQAhrCgpump","63","2.962962961","","","","","","","","","","","","","","","","","","","","","","","","","","","","","","","","","","","","","","","","0.00001775","","","","","","","2026-07-25T04:35:07.103Z","","","","","",""
"MMM","CcbFhq3wtWYAgJkqwCVjAiv5XNjPnrtviRt91dJhpump","64","0.500000001","","","","","","","","","","","","","","","","","","","","","","","","","","","","","","","","","","","","","","","","0.000006381","","","","","","4.163e-7","2026-07-25T04:36:07.096Z","","","","","2026-07-25T04:37:07.124Z",""
"10X","DXgSB566xYMEkdxDyH7JD9fCPELXpGtMuyZaw1Cepump","58","4","","","","","","","","","","","","","","","","","","","","","","","","","","","","","","","","","","","","","","","","0.000006867","","","","","","","2026-07-25T04:37:07.092Z","","","","","",""
"LONGDOG","BS2wzWEwJUNktF3pX9e21kRiTyC3rPq8viGVvTzopump","99","10.754458152","","","","","","","","","","","","","","","","","","","","","","","","","","","","","","","","","","","","","","","","0.000005706","","","","","","","2026-07-25T04:39:07.027Z","","","","","",""
"BLOCK","p7LNvzySPqq8mMQtVpPpiMHt2sc5qc4upTACFRgFALL","55","1.75","","","","","","","","","","","","","","","","","","","","","","","","","","","","","","","","","","","","","","","","0.000002077","","","","","","","2026-07-25T04:39:07.052Z","","","","","",""
"NRP","HgwAyf33STkZqKf2ncc4xgYypMAatm7ayqDMijZNpump","","","","","","","","","","","","","","","","","","","","","","","","","","","","","","","","","","","","","","","","","","","","","","","","5.031e-8","","","","","","2026-07-25T04:39:07.117Z",""
"$bag","GL57w5xYcVVRfBxNsDwrTtwLTegV8HM9i8YuF4v7pump","55","0.059259258","","","","","","","","","","","","","","","","","","","","","","","","","","","","","","","","","","","","","","","","0.000003262","","","","","","","2026-07-25T04:39:07.156Z","","","","","",""
"10X","EUjKaXVmhQZNQ1t2wRMfVxjL2UGVETXGWGF1Loc5pump","61","5","","","","","","","","","","","","","","","","","","","","","","","","","","","","","","","","","","","","","","","","0.000002145","","","","","","","2026-07-25T04:40:06.995Z","","","","","",""
"BLOCK","Gp4JDbDmADHmHWZ81tL6LJUyT9RNTZ26iFrShgKBpump","63","2.962962961","","","","","","","","","","","","","","","","","","","","","","","","","","","","","","","","","","","","","","","","0.000002156","","","","","","","2026-07-25T04:40:07.028Z","","","","","",""
"DBB","2AY373phdrAjt9W3U6TPEUhAdHFuRajm3Ugzteezpump","","","","","","","","","","","","","","","","","","","","","","","","","","","","","","","","","","","","","","","","","","","","","","","","4.595e-7","","","","","","2026-07-25T04:40:07.063Z",""
"BARROON","De4MCYfnK2Vk1umbZhNzYF1VLH2jzyCmRYtiJD1tpump","91","0.862895494","","","","","","","","","","","","","","","","","","","","","","","","","","","","","","","","","","","","","","","","0.000005952","","","","","","","2026-07-25T04:41:06.965Z","","","","","",""
"Dog","C9FZD1EABBMf6x94F8euVaSm2EBZF2bqBxMPHJjHpump","","","","","","","","","","","","","","","","","","","","","","","","","","","","","","","","","","","","","","","","","","","","","","","","1.754e-7","","","","","","2026-07-25T04:41:07.061Z",""
"Flight10 ","2TaAF1DtY1rV9xvmJDDwh9mE5h6dKzi3EWgDBRVcpump","","","","","","","","","","","","","","","","","","","","","","","","","","","","","","","","","","","","","","","","","","","","","","","","5.303e-8","","","","","","2026-07-25T04:41:07.081Z",""
"WORM","UYMH47txLmunpynjVtkGR1Fi2NGCdKusv5YTUnHpump","","","","","","","","","","","","","","","","","","","","","","","","","","","","","","","","","","","","","","","","","","","","","","","","0.000002097","","","","","","2026-07-25T04:42:07.148Z",""
"TRPSY","3Kcp5hVmuqvSnk3hbUgsNX2FCEFWKrztT6Jyczkepump","55","0.059259258","","","","","","","","","","","","","","","","","","","","","","","","","","","","","","","","","","","","","","","","0.000002215","","","","","","","2026-07-25T04:42:07.214Z","","","","","",""
"TREMP2028","7Phr6TurtvQNGPVJp4qvdcj8s2HF7ZsRridHjnUapump","63","3.083247688","","","","","","","","","","","","","","","","","","","","","","","","","","","","","","","","","","","","","","","","0.000004495","","","","","","","2026-07-25T04:42:07.255Z","","","","","",""
"WAVE","23TJDvY8YmRcr1kbs3GFvnGYNgQmsBgLcsbsDWQApump","59","0.09875","","","","","","","","","","","","","","","","","","","","","","","","","","","","","","","","","","","","","","","","0.000002119","","","","","","4.059e-7","2026-07-25T04:43:07.033Z","","","","","2026-07-25T04:44:07.055Z",""
"100k","AX7E5PEGZcUe9eL21Hr91mhdDeTWXdfwRz1mtUyzpump","","","","","","","","","","","","","","","","","","","","","","","","","","","","","","","","","","","","","","","","","","","","","","","","1.74e-7","","","","","","2026-07-25T04:43:07.072Z",""
"NR","5ZrKUcpU3bqSuoJmXd2f3CKxUDMHs4FAYTjrjVgpump","57","0.227160492","","","","","","","","","","","","","","","","","","","","","","","","","","","","","","","","","","","","","","","","0.000002686","","","","","","","2026-07-25T04:43:07.105Z","","","","","",""
"WORM","EW5pwCEvts4A54nJWfPed3FN35nztpipegyFSVwEpump","67","5","","","","","","","","","","","","","","","","","","","","","","","","","","","","","","","","","","","","","","","","0.000002386","","","","","","","2026-07-25T04:43:07.141Z","","","","","",""
"MMM","Hm7qTrNfDLAYW2MXHBD59GrykobDXGF6iJwtpt9rpump","60","0.250000001","","","","","","","","","","","","","","","","","","","","","","","","","","","","","","","","","","","","","","","","0.000001538","","","","","","8.052e-7","2026-07-25T04:44:07.102Z","","","","","2026-07-25T04:46:07.773Z",""
"2028","E6gzwNZAxtasAhgaVyxmchLanDN8pRJtMTU5K47Dpump","63","2.962962961","","","","","","","","","","","","","","","","","","","","","","","","","","","","","","","","","","","","","","","","0.000002182","","","","","","","2026-07-25T04:45:06.986Z","","","","","",""
"WOW","AiXW4n5ALEPWwNqbewcDwWrfsqDd1LdJgdReYtVwpump","","","","","","","","","","","","","","","","","","","","","","","","","","","","","","","","","","","","","","","","","","","","","","","","6.961e-8","","","","","","2026-07-25T04:45:07.113Z",""
"MMM","9cvLa1ouqdgSYzwnMzHcgPED17DtQ489FC77AwrRpump","","","","","","","","","","","","","","","","","","","","","","","","","","","","","","","","","","","","","","","","","","","","","","","","1.804e-7","","","","","","2026-07-25T04:46:07.681Z",""
"Butta","Gymmz4jsxztuqzPZfSf6vUgmVhZYSrexoBsBL4mEpump","64","0.250000001","","","","","","","","","","","","","","","","","","","","","","","","","","","","","","","","","","","","","","","","0.000003247","","","","","","2.878e-8","2026-07-25T04:46:07.704Z","","","","","2026-07-25T04:48:07.078Z",""
"Three 80s","DTb8pbkVMSp6rKWonEHPGnVbt21zr4VbHum44Ay5pump","67","4","","","","","","","","","","","","","","","","","","","","","","","","","","","","","","","","","","","","","","","","0.000002085","","","","","","","2026-07-25T04:46:07.740Z","","","","","",""
"CB","DZnG4DeNhPh5SS9ZbnAm19wrurgDjCjDXfxGph2Dpump","","","","","","","","","","","","","","","","","","","","","","","","","","","","","","","","","","","","","","","","","","","","","","","","3.366e-8","","","","","","2026-07-25T04:47:07.029Z",""
"MMM","6pjWjr9cCLrJ2vcUkGAJrPyVia1K6oWKmpQoNdQJpump","68","1.000000001","","","","","","","","","","","","","","","","","","","","","","","","","","","","","","","","","","","","","","","","0.000001655","","","","","","","2026-07-25T04:47:07.055Z","","","","","",""
"butt","DXPEaajLiE41A8a3oYC7Z1sDxjN2N2HcUFs8ADejpump","76","0.98765432","","","","","","","","","","","","","","","","","","","","","","","","","","","","","","","","","","","","","","","","0.000003537","","","","","","","2026-07-25T04:47:07.099Z","","","","","",""
"$PVEGOD","8ccLQU8EimZBmMTbfCecpqp5dJWCi15c8gY5qB14pump","","","","","","","","","","","","","","","","","","","","","","","","","","","","","","","","","","","","","","","","","","","","","","","","2.766e-7","","","","","","2026-07-25T04:47:07.128Z",""
"TripleT","4gF8zidL3m8uTuAj29XhpmK6ZGXNGGNmbMGosv4Qpump","57","1.97530864","","","","","","","","","","","","","","","","","","","","","","","","","","","","","","","","","","","","","","","","0.000002606","","","","","","","2026-07-25T04:48:07.045Z","","","","","",""
"MONKEY","CSYj5jpzLS8npznxdVBJrH2Ca7RVDa42DtBkjxh3pump","60","5","","","","","","","","","","","","","","","","","","","","","","","","","","","","","","","","","","","","","","","","0.00000218","","","","","","","2026-07-25T04:48:07.108Z","","","","","",""
"100k","BhckvaMJQUaxa3cvXJjFjkUALoiDiBoUN2nMdWJ6pump","","","","","","","","","","","","","","","","","","","","","","","","","","","","","","","","","","","","","","","","","","","","","","","","8.901e-7","","","","","","2026-07-25T04:48:07.140Z",""
"10X","4HUEdhXeyCCwjL6QBP4wnXXMp27LEJ8tP1jWsMeppump","59","5","","","","","","","","","","","","","","","","","","","","","","","","","","","","","","","","","","","","","","","","0.000002181","","","","","","","2026-07-25T04:49:07.001Z","","","","","",""
"10X","8H7kF9pVqpbUeWPbTncTtdY3rASPuhEYbsSMtSHjpump","59","5","","","","","","","","","","","","","","","","","","","","","","","","","","","","","","","","","","","","","","","","0.000002181","","","","","","","2026-07-25T04:49:07.035Z","","","","","",""
"Butta","BmgZfYxgX8RZXBA8raHG8w4GpsGw5p3ifynyFHLipump","62","0.250000001","","","","","","","","","","","","","","","","","","","","","","","","","","","","","","","","","","","","","","","","0.000002148","","","","","","","2026-07-25T04:49:07.111Z","","","","","",""
"ssss","X9XAWi42tRtBfZHYfNmVTsfT7s4Cv1L5b2wzBzcpump","","","","","","","","","","","","","","","","","","","","","","","","","","","","","","","","","","","","","","","","","","","","","","","","2.39e-7","","","","","","2026-07-25T04:49:07.133Z",""
"BUKO","EXs9XTadscES3vXGffKcM3xrsrST4pvau4har4fXpump","82","11.832098764","","","","","","","60","720","-5.9","","","-13.5","85.1","960","11.832098764","0","0","0","0","0","6399.41","7","1468.9","2932.65","0.764","0.781","58.41","","0","0","1","0","1","","","","","","","0.000004782","0.000006399","","","","","","2026-07-25T04:50:07.058Z","2026-07-25T04:55:07.119Z","","","","",""
"sss","CcTKYqPMm8cipgENM2nxQeguzv4u59WdwgbPjJbLpump","","","","","","","","","","","","","","","","","","","","","","","","","","","","","","","","","","","","","","","","","","","","","","","","4.117e-8","","","","","","2026-07-25T04:51:07.092Z",""
"USOP","7w2NwGGd67TkCe6aYo3Kzpz9yh12tY4XKGe8oTvJpump","93","44.444444443","","","","","","","","","","","","","","","","","","","","","","","","","","","","","","","","","","","","","","","","0.00001283","","","","","","","2026-07-25T04:52:06.961Z","","","","","",""
"BEARBULL","HFSAkdjC5ka9FLiMtjLUERVKBxErdm1kw72K5LEypump","66","0.100000001","","","","","","","","","","","","","","","","","","","","","","","","","","","","","","","","","","","","","","","","0.000002471","","","","","","6.911e-7","2026-07-25T04:53:07.016Z","","","","","2026-07-25T04:55:07.053Z",""
"616","7tid6HDqyYNWHLtT5GeDfnWCzpT2TYXaqGvydwQXpump","","","","","","","","","","","","","","","","","","","","","","","","","","","","","","","","","","","","","","","","","","","","","","","","2.274e-8","","","","","","2026-07-25T04:53:07.049Z",""
"Rac","2J1vrppctUXcLZLiuxX4JecfhFN9ay2pYvGikQCRpump","60","0.166913579","","","","","","","","","","","","","","","","","","","","","","","","","","","","","","","","","","","","","","","","0.000002912","","","","","","5.986e-7","2026-07-25T04:54:07.019Z","","","","","2026-07-25T04:56:07.048Z",""
"MAXXING","2UvZbtBgfdeJs8i998YRTAALHYn9rUiDqST4K1rPpump","","","","","","","","","","","","","","","","","","","","","","","","","","","","","","","","","","","","","","","","","","","","","","","","1.664e-8","","","","","","2026-07-25T04:54:07.087Z",""
"sss","H99p5dFmtv5Yipu7VCCYazy8GT8dbBX5Vptt5C51pump","","","","","","","","","","","","","","","","","","","","","","","","","","","","","","","","","","","","","","","","","","","","","","","","1.145e-7","","","","","","2026-07-25T04:54:07.118Z",""
"616","JdGcLK745hXs81LR4qaWVAMTBJhbJiqRcmRYm7Tpump","","","","","","","","","","","","","","","","","","","","","","","","","","","","","","","","","","","","","","","","","","","","","","","","3.748e-7","","","","","","2026-07-25T04:54:07.171Z",""
"Mao","7jN4w5tL4GTropjDNc7bCCpqD1ph6e9oQvPq6vppump","77","7.901234566","","","","","","","","","","","","","","","","","","","","","","","","","","","","","","","","","","","","","","","","0.000002076","","","","","","","2026-07-25T04:55:06.955Z","","","","","",""
"616","9zQhvrUmwRMJiRgeSoUnFCC9VRKt7yQj4RRsUQDdpump","66","0.098765431","","","","","","","","","","","","","","","","","","","","","","","","","","","","","","","","","","","","","","","","0.00000256","","","","","","","2026-07-25T04:56:07.096Z","","","","","",""
"porky28","HZHB5zfQrW192AAeqX4bFFGmMwYDwx66YsZeoEvRpump","60","0.028305519","","","","","","","","","","","","","","","","","","","","","","","","","","","","","","","","","","","","","","","","0.000002278","","","","","","2.746e-7","2026-07-25T04:57:07.014Z","","","","","2026-07-25T04:58:07.142Z",""
"Glory ","35BS97ryyL9tadVkmmVBTnUq1AVyRSJRiB617HWCpump","","","","","","","","","","","","","","","","","","","","","","","","","","","","","","","","","","","","","","","","","","","","","","","","6.254e-9","","","","","","2026-07-25T04:58:07.105Z",""
"Mao","3fxGBeeufvMxHf3iSy7KSpyKTA421v577Nkdj2k9pump","67","3.950617282","","","","","","","","","","","","","","","","","","","","","","","","","","","","","","","","","","","","","","","","0.000002236","","","","","","","2026-07-25T04:58:07.180Z","","","","","",""
"tabs","6JpDPYqppNgMTcA4wvxmZr2iipv6bjr8kpdsHtM5pump","","","","","","","","","","","","","","","","","","","","","","","","","","","","","","","","","","","","","","","","","","","","","","","","1.932e-7","","","","","","2026-07-25T04:59:07.107Z",""
"richicoin","7gusJ69UZ7o19NAJCsXwHExBxSaBMNkBL8gJC2yXpump","64","0.250000001","","","","","","","","","","","","","","","","","","","","","","","","","","","","","","","","","","","","","","","","0.000002347","","","","","","","2026-07-25T04:59:07.164Z","","","","","",""
"GRANT","DXWFaNFXMnmnZcsGCN5spfFeGu8zYJv2HckxAuMfpump","67","4.000000001","","","","","","","","","","","","","","","","","","","","","","","","","","","","","","","","","","","","","","","","0.000002086","","","","","","","2026-07-25T04:59:07.200Z","","","","","",""
"Mao","7LiEf18TefK7XWSw9TPFqj5YGFUJbYQT8xB2TmMqpump","67","3.950617282","","","","","","","","","","","","","","","","","","","","","","","","","","","","","","","","","","","","","","","","0.00001452","","","","","","","2026-07-25T05:00:07.106Z","","","","","",""
"Zero","7tAevFHDrdP7huJd9VxMrFZxPCVEDGXmMXFuzkAPpump","","","","","","","","","","","","","","","","","","","","","","","","","","","","","","","","","","","","","","","","","","","","","","","","4.658e-8","","","","","","2026-07-25T05:00:07.172Z",""
"TRUMPBANK","s8vcvCUieZbNoqqFf7TfkS3maa6aEyZPw59kbkUpump","100","0.000990098","","","","","","","","","","","","","","","","","","","","","","","","","","","","","","","","","","","","","","","","0.000002077","","","","","","","2026-07-25T05:00:07.199Z","","","","","",""
"TRUMPBANK","ELJFma9JzJfLWbc2fBSXPMAExayXoTr2LUNJLbPpump","96","0.000990098","","","","","","","","","","","","","","","","","","","","","","","","","","","","","","","","","","","","","","","","0.00002678","","","","","","","2026-07-25T05:00:07.231Z","","","","","",""
"NMS","23TJxgYgLyBHJEbJiLmMizGyL6PQkJb2JfrYcxCBpump","","","","","","","","","","","","","","","","","","","","","","","","","","","","","","","","","","","","","","","","","","","","","","","","5.385e-7","","","","","","2026-07-25T05:01:06.961Z",""
"GAZETTE","HQwKrYyzEfxZUUg2eF9DPFzohRBVbA1X6F3NFF5gpump","57","1.97530864","","","","","","","","","","","","","","","","","","","","","","","","","","","","","","","","","","","","","","","","0.000002117","","","","","","","2026-07-25T05:01:07.270Z","","","","","",""
"TRUMP2028","BruxQQyA6cUZiFQXLYjoF7pphDJmhueHSaQTb84Cpump","100","1.728395059","","","","","","","","","","","","","","","","","","","","","","","","","","","","","","","","","","","","","","","","0.000007394","","","","","","","2026-07-25T05:03:07.228Z","","","","","",""
"burb","Gkv4mMvJHvsnd5i8uBdqqSGTUy3EZQtt5WHYizKcpump","","","","","","","","","","","","","","","","","","","","","","","","","","","","","","","","","","","","","","","","","","","","","","","","3.933e-7","","","","","","2026-07-25T05:03:07.290Z",""
"Brent","FgEREHKwr8kHeaaAxmnpCpaoMzqYC9HUt6uZtFAgpump","57","2","","","","","","","","","","","","","","","","","","","","","","","","","","","","","","","","","","","","","","","","0.000002803","","","","","","","2026-07-25T05:03:07.322Z","","","","","",""
"26","BRDtNAVpwPrYXJY72yLrUvC9atxUuKDkkDM4xWApump","","","","","","","","","","","","","","","","","","","","","","","","","","","","","","","","","","","","","","","","","","","","","","","","1.116e-7","","","","","","2026-07-25T05:03:07.365Z",""
"tabs","5TYvrsqMCWScf5UPE1v9UQkAYP9oaRM1xr5Cp7xwpump","","","","","","","","","","","","","","","","","","","","","","","","","","","","","","","","","","","","","","","","","","","","","","","","1.224e-8","","","","","","2026-07-25T05:04:07.016Z",""
"RRRRRRRRRR","2e7Wy6QbyZ9wdUeWjZGQiAntRN1Yeqai5Y8gzBFapump","","","","","","","","","","","","","","","","","","","","","","","","","","","","","","","","","","","","","","","","","","","","","","","","1.03e-7","","","","","","2026-07-25T05:04:07.089Z",""
"Trump28","K5y3xVHwJq7SbFvXrBBtP2rrEwUprCMjqQx4j9Kpump","63","3.000000001","","","","","","","","","","","","","","","","","","","","","","","","","","","","","","","","","","","","","","","","0.000002115","","","","","","","2026-07-25T05:04:07.120Z","","","","","",""
"BETTLE","8sDmQvhptmRLi3jrcb2TiJWM7YoGGMLF3AmUGgoFpump","57","1.97530864","","","","","","","","","","","","","","","","","","","","","","","","","","","","","","","","","","","","","","","","0.000002078","","","","","","","2026-07-25T05:04:07.208Z","","","","","",""
"FOLD","FHgmpqwGxwX1eBJHw3ky2eNqKa4A4xxpaos1EuCspump","57","1.97530864","","","","","","","","","","","","","","","","","","","","","","","","","","","","","","","","","","","","","","","","0.000002076","","","","","","","2026-07-25T05:05:07.004Z","","","","","",""
"IMO","4HdXPZ1AZJMNZnKSztLaDk5xYeBJYEShEu1QeEfXpump","","","","","","","","","","","","","","","","","","","","","","","","","","","","","","","","","","","","","","","","","","","","","","","","6.307e-7","","","","","","2026-07-25T05:05:07.037Z",""
"qaaa","3EvzkQJumStLZEkKUVxkBLTp56F9NMotnDRqXQMPpump","","","","","","","","","","","","","","","","","","","","","","","","","","","","","","","","","","","","","","","","","","","","","","","","3.012e-9","","","","","","2026-07-25T05:05:07.065Z",""
"PNC","8PtUx624fFRLBy7qUyZhDCiJj6MNCx8CY1htUD1Wpump","80","9.9","","","","","","","","","","","","","","","","","","","","","","","","","","","","","","","","","","","","","","","","0.00001183","","","","","","","2026-07-25T05:05:07.090Z","","","","","",""
"USOH","3EUaP3UDHyLAFBTf4JBi2M9wCMzDZFLtJp4owZhTpump","100","0.000987653","","","","","","","","","","","","","","","","","","","","","","","","","","","","","","","","","","","","","","","","0.0000263","","","","","","","2026-07-25T05:06:07.012Z","","","","","",""
"tabs","8ZCrQwnnsB3JXFr3wpGEVhH4dDs3cpDVQBmqux2spump","","","","","","","","","","","","","","","","","","","","","","","","","","","","","","","","","","","","","","","","","","","","","","","","1.678e-7","","","","","","2026-07-25T05:06:07.046Z",""
"EVE","4kepmn5VB8ENjAhhe6RXUvEuJzzDvg6t27XR1eCrpump","57","1.97530864","","","","","","","","","","","","","","","","","","","","","","","","","","","","","","","","","","","","","","","","0.000002077","","","","","","","2026-07-25T05:06:07.092Z","","","","","",""
"Crpt","Ex9J5pLtej6MbjYPABnrthYeo9fi1YvxmcdnVvuCpump","","","","","","","","","","","","","","","","","","","","","","","","","","","","","","","","","","","","","","","","","","","","","","","","6.145e-8","","","","","","2026-07-25T05:06:07.116Z",""
"100k","8NYw3KEiVWhfGvegW2HFmhp1NFDNKw1hfQHRHDUcpump","","","","","","","","","","","","","","","","","","","","","","","","","","","","","","","","","","","","","","","","","","","","","","","","2.818e-7","","","","","","2026-07-25T05:07:07.020Z",""
"TRUMP2028","EJq7Nizxgx1yHu1sWtvVjkb4bME74X64sNE5UVrqpump","99","7.901234566","","","","","","","","","","","","","","","","","","","","","","","","","","","","","","","","","","","","","","","","0.00000209","","","","","","","2026-07-25T05:07:07.055Z","","","","","",""
"TTK","Gyx5X3q8YQ1grL8F92iDrm8Y6VvQ3beyQnkTYW7Hpump","61","0.180000001","","","","","","","","","","","","","","","","","","","","","","","","","","","","","","","","","","","","","","","","0.00000593","","","","","","","2026-07-25T05:07:07.083Z","","","","","",""
"SOL","ExRnWvUd1aAHw9hyW4sM8VXGaSY7RU9Ze9Fc28c7pump","99","1.876543208","","","","","","","","","","","","","","","","","","","","","","","","","","","","","","","","","","","","","","","","0.000002851","","","","","","","2026-07-25T05:07:07.117Z","","","","","",""
"idkwhtm","5nMJfXuozHCd4beTNheo7ddFrKPYaqcfhkyTkbN8pump","","","","","","","","","","","","","","","","","","","","","","","","","","","","","","","","","","","","","","","","","","","","","","","","3.998e-7","","","","","","2026-07-25T05:08:06.942Z",""
"HOLDBAG","BTowktB83jrBGwJPfUPVhCC7jg6hi27KsoyJS6Ekpump","63","2.962962961","","","","","","","","","","","","","","","","","","","","","","","","","","","","","","","","","","","","","","","","0.000002092","","","","","","","2026-07-25T05:08:06.977Z","","","","","",""
"sss","AUq8femF3Lyh17QGGfj3Yb5PNGHPqDi1dWk82Qp1pump","","","","","","","","","","","","","","","","","","","","","","","","","","","","","","","","","","","","","","","","","","","","","","","","7.476e-7","","","","","","2026-07-25T05:08:07.015Z",""
"qaaa","BKSAuEjd8pFBdG9NbkkMfhHkvT8fcaV8o3ZmbXp6pump","","","","","","","","","","","","","","","","","","","","","","","","","","","","","","","","","","","","","","","","","","","","","","","","4.848e-8","","","","","","2026-07-25T05:08:07.066Z",""
"s","4RJdymxunEV2YtjeKuaAdXPTmwKoiwCL9ggXx9Bopump","55","0.098765431","","","","","","","","","","","","","","","","","","","","","","","","","","","","","","","","","","","","","","","","0.000002077","","","","","","","2026-07-25T05:09:06.958Z","","","","","",""
"Trump28","5vHvChQwRwveLsTJZ9ARv22Q7RD7biPVf6Wdgrbqpump","60","2.500000001","","","","","","","","","","","","","","","","","","","","","","","","","","","","","","","","","","","","","","","","0.000002077","","","","","","","2026-07-25T05:09:07.008Z","","","","","",""
"LONGDOG","3CLNMYpA7ss6at2nFr6Bqhq4d9AoXmiGgULQoAzXpump","99","11.742103702","","","","","","","","","","","","","","","","","","","","","","","","","","","","","","","","","","","","","","","","0.000002551","","","","","","","2026-07-25T05:09:07.075Z","","","","","",""
"CD","E88RCGpPcnbBTu8RWxYayAfJcmauEjjhzxsiBDshpump","57","1.97530864","","","","","","","","","","","","","","","","","","","","","","","","","","","","","","","","","","","","","","","","0.000002077","","","","","","","2026-07-25T05:10:06.970Z","","","","","",""
"NIGLET","AJvm62HwoThtd4aZ7sNgvxMpkaPNsS71ymE7Cjxnpump","","","","","","","","","","","","","","","","","","","","","","","","","","","","","","","","","","","","","","","","","","","","","","","","7.171e-9","","","","","","2026-07-25T05:10:07.008Z",""
"TRUMPHOUSE","EB9x5BygpJCV6i38uKKCkkgMR9U82twFqfdRb1vXpump","57","4.444444443","","","","","","","","","","","","","","","","","","","","","","","","","","","","","","","","","","","","","","","","0.000002687","","","","","","","2026-07-25T05:10:07.098Z","","","","","",""
"OK","FNM2TGewAvSmPTiJh3fyRqGn2ZNi4UoDaMvX5zNbpump","56","1.876543208","","","","","","","","","","","","","","","","","","","","","","","","","","","","","","","","","","","","","","","","0.000003695","","","","","","","2026-07-25T05:11:07.005Z","","","","","",""
"WhiteBull","2GoQsJj56xfRs7ZcnjyEYQCCMcSRBPWQpNRajZqmpump","100","0.217250039","","","","","","","","","","","","","","","","","","","","","","","","","","","","","","","","","","","","","","","","0.000002091","","","","","","","2026-07-25T05:11:07.068Z","","","","","",""
"USOP","vAKqmJL7DG5esGjCbAaNEa6sCTCuBQEX78qPpdspump","99","0.000990098","","","","","","","","","","","","","","","","","","","","","","","","","","","","","","","","","","","","","","","","0.000002516","","","","","","","2026-07-25T05:11:07.101Z","","","","","",""
"MMM","FGQxtqR3WaYuAtkJJ3LsvqZmazjXTaH3sfW7mocFpump","61","0.500000001","","","","","","","","","","","","","","","","","","","","","","","","","","","","","","","","","","","","","","","","0.000004625","","","","","","2.71e-7","2026-07-25T05:11:07.139Z","","","","","2026-07-25T05:15:07.051Z",""
"RAWRBULL","H8KRfZatshNw2p2ecKvNEjEC3wwiLFRBEj3vmNoHpump","100","0.217250039","","","","","","","","","","","","","","","","","","","","","","","","","","","","","","","","","","","","","","","","0.00000209","","","","","","","2026-07-25T05:12:07.076Z","","","","","",""
"LONGDOG","7swxPnkPUyDHT9xL8pmECX8QZBUSVw5bWc6hTXZhpump","","","","","","","","","","","","","","","","","","","","","","","","","","","","","","","","","","","","","","","","","","","","","","","","0.000002275","","","","","","2026-07-25T05:12:07.111Z",""
"NMS","23TKCXYb3khbxRojsHhnSQRaFtDvqKgDdfmV7ECEpump","60","0.09875","","","","","","","","","","","","","","","","","","","","","","","","","","","","","","","","","","","","","","","","0.000001482","","","","","","","2026-07-25T05:13:06.946Z","","","","","",""
"TRUMP2028","iLKPQ1QrCrvnyqhcb9t2ezXBF5v3aXbgC1hs2K8pump","100","0.990099008","","","","","","","","","","","","","","","","","","","","","","","","","","","","","","","","","","","","","","","","0.00001165","","","","","","","2026-07-25T05:13:06.995Z","","","","","",""
"StrongBull","APRaK8SMdLoGXYaxxfEsZJ3pLXD5kWMUaJ4BSzpNpump","100","0.217250039","","","","","","","","","","","","","","","","","","","","","","","","","","","","","","","","","","","","","","","","0.000002113","","","","","","","2026-07-25T05:14:07.119Z","","","","","",""
"LONGDOG","7HdnXnNnLLA4rkrYZE1gdKvEL9xFj3ksqVibd8vPpump","","","","","","","","","","","","","","","","","","","","","","","","","","","","","","","","","","","","","","","","","","","","","","","","0.000002158","","","","","","2026-07-25T05:14:07.144Z",""
"NMS","23TKEL9SBF9V6VpZRhvjzE5bVqvpSyhVh23rM7WUpump","","","","","","","","","","","","","","","","","","","","","","","","","","","","","","","","","","","","","","","","","","","","","","","","3.301e-7","","","","","","2026-07-25T05:15:07.089Z",""
"GPEPE","HoscQAQG57V6AtWtcuh71QFCQbBvmWKqhDXvpRVppump","","","","","","","","","","","","","","","","","","","","","","","","","","","","","","","","","","","","","","","","","","","","","","","","7.778e-7","","","","","","2026-07-25T05:16:06.993Z",""
"NMS","23TKHmc2jmvC6ZXMxbkhqtGztZRnd1fim4JHDPmWpump","58","0.09875","","","","","","","","","","","","","","","","","","","","","","","","","","","","","","","","","","","","","","","","0.000007177","","","","","","","2026-07-25T05:16:07.023Z","","","","","",""
"SP","A7VGuW4uSrJLcWH59mgYVzLo8u3idoR7LCJp2GeFpump","67","3.950617282","","","","","","","","","","","","","","","","","","","","","","","","","","","","","","","","","","","","","","","","0.000002085","","","","","","","2026-07-25T05:16:07.051Z","","","","","",""
"Butta","HVKxAHsKhJv5GYYbrw7WLitKrSkWrJBuPR72WPQgpump","","","","","","","","","","","","","","","","","","","","","","","","","","","","","","","","","","","","","","","","","","","","","","","","4.01e-7","","","","","","2026-07-25T05:17:07.004Z",""
"CUCKER","7FNbzmpaxZSNFGwvPYxE4edvPmrUJZEGdHwuhxYipump","","","","","","","","","","","","","","","","","","","","","","","","","","","","","","","","","","","","","","","","","","","","","","","","0.000001236","","","","","","2026-07-25T05:17:07.061Z",""
"ss","4wS7fnyxqxrUXBQNMZMmJzzPqb4WKNHHSWf51b9Upump","64","0.98765432","","","","","","","","","","","","","","","","","","","","","","","","","","","","","","","","","","","","","","","","0.000001791","","","","","","","2026-07-25T05:17:07.105Z","","","","","",""
"NMS","23TKM3CLRirjde2QgPfzE8eFiRRb9HEzmop3UAVBpump","57","0.09875","","","","","","","","","","","","","","","","","","","","","","","","","","","","","","","","","","","","","","","","0.000002612","","","","","","4.569e-7","2026-07-25T05:17:07.144Z","","","","","2026-07-25T05:22:07.062Z",""
"LONGDOG","8Ejjc3vXPiG9fvc8Hy5tmdU3EugKbqWJLDXJ5Gr5pump","","","","","","","","","","","","","","","","","","","","","","","","","","","","","","","","","","","","","","","","","","","","","","","","0.000002142","","","","","","2026-07-25T05:18:07.052Z",""
"$2500","2QNBK4uCyrAhbroxfcR6EkqUL3MqbadK1FEL4Q2Dpump","","","","","","","","","","","","","","","","","","","","","","","","","","","","","","","","","","","","","","","","","","","","","","","","1.119e-7","","","","","","2026-07-25T05:18:07.083Z",""
"GOLDBULL","DANuGZUBHQic1NKVgxniitdoXdy8p3Hg5upk8QcGpump","100","0.217250039","","","","","","","","","","","","","","","","","","","","","","","","","","","","","","","","","","","","","","","","0.000002112","","","","","","","2026-07-25T05:18:07.113Z","","","","","",""
"ZenPepe ","Htn1M8SMZDgsANXagVK2jx5LbWq4id94L1YQU5Qgpump","","","","","","","","","","","","","","","","","","","","","","","","","","","","","","","","","","","","","","","","","","","","","","","","2.318e-7","","","","","","2026-07-25T05:19:07.006Z",""
"MMM","8YPk1BLLSLMjJmyT2qeNyopG4xJjzBQ2gVf6axH1pump","61","0.500000001","","","","","","","","","","","","","","","","","","","","","","","","","","","","","","","","","","","","","","","","0.00002922","","","","","","","2026-07-25T05:19:07.029Z","","","","","",""
"2028","HMeWNaDUz1TFE46i5VhK2yEYDSQH5DrodTzF4Mkypump","","","","","","","","","","","","","","","","","","","","","","","","","","","","","","","","","","","","","","","","","","","","","","","","2.99e-7","","","","","","2026-07-25T05:19:07.062Z",""
"LONGDOG","JAZZggEg8CZt8VoHZhnEZtTSXThBB9mP1Wbx4kykpump","","","","","","","","","","","","","","","","","","","","","","","","","","","","","","","","","","","","","","","","","","","","","","","","0.00000215","","","","","","2026-07-25T05:19:07.119Z",""
"LONGDOG","Eup3W6GuM4ajiTV7TCn9y8FNSEM2Bp6b4uoXSngvpump","98","11.742111603","","","","","","","","","","","","","","","","","","","","","","","","","","","","","","","","","","","","","","","","0.000002657","","","","","","","2026-07-25T05:20:06.966Z","","","","","",""
"s","EhJKUM1qLo4SPzcSdHAC78Lk6sukMykFNkZZ3rp1pump","","","","","","","","","","","","","","","","","","","","","","","","","","","","","","","","","","","","","","","","","","","","","","","","1.298e-7","","","","","","2026-07-25T05:20:07.000Z",""
"NMS","23TKTX9ZGv12LNAFgE481yJX95mXyUnLfquhyrx2pump","","","","","","","","","","","","","","","","","","","","","","","","","","","","","","","","","","","","","","","","","","","","","","","","0.000001183","","","","","","2026-07-25T05:20:07.112Z",""
"2028","3BowUmpm3bAC7k4qkq3FzgD128ERZHTdHJgrJoUHpump","72","0.060000001","","","","","","","","","","","","","","","","","","","","","","","","","","","","","","","","","","","","","","","","0.000002215","","","","","","","2026-07-25T05:21:06.993Z","","","","","",""
"TGL","A3wHZtgrPfJwWLCxMWfAPrBVT4HTRG71Xdrb8VNkpump","56","0.120000001","","","","","","","","","","","","","","","","","","","","","","","","","","","","","","","","","","","","","","","","0.000003549","","","","","","","2026-07-25T05:21:07.028Z","","","","","",""
"Lead","C34SHZki8QfwP6hCbVZA2qp2nszscr2YTgs7QpFepump","63","0.148148147","","","","","","","","","","","","","","","","","","","","","","","","","","","","","","","","","","","","","","","","0.000006347","","","","","","","2026-07-25T05:21:07.137Z","","","","","",""
"CJP","AYYX93gLoCAL67moT83xcZEV7syR44DER6SzEYvcpump","","","","","","","","","","","","","","","","","","","","","","","","","","","","","","","","","","","","","","","","","","","","","","","","1.058e-7","","","","","","2026-07-25T05:21:07.164Z",""
"TRRUMP","5VWmmrD7KvPWJd9PQaPCdVxSd9h4UgeNWFdP4a55pump","59","4.938271603","","","","","","","","","","","","","","","","","","","","","","","","","","","","","","","","","","","","","","","","0.000003856","","","","","","","2026-07-25T05:22:06.993Z","","","","","",""
"NMS","23TLTbMJQLJSPAbuNWVdVEo3qybd22QmSFJrSeyMpump","55","0.09875","","","","","","","","","","","","","","","","","","","","","","","","","","","","","","","","","","","","","","","","0.000002947","","","","","","","2026-07-25T05:22:07.027Z","","","","","",""
"MC","EqcQ5jWQZbsSVCZJLHy55s1DvSKipMPidAtkP4ZFpump","68","0.196030629","","","","","","","","","","","","","","","","","","","","","","","","","","","","","","","","","","","","","","","","0.000002102","","","","","","","2026-07-25T05:22:07.099Z","","","","","",""
"NMS","23TLxCzYVX8KaCzp6huiiXnLja1dD5GC26AfhcrDpump","","","","","","","","","","","","","","","","","","","","","","","","","","","","","","","","","","","","","","","","","","","","","","","","0.000001011","","","","","","2026-07-25T05:23:07.150Z",""
"LONGDOG","2SWHADhxSrZvoDEwgsBuJ8TC897exS5BZi59g32wpump","","","","","","","","","","","","","","","","","","","","","","","","","","","","","","","","","","","","","","","","","","","","","","","","0.000002138","","","","","","2026-07-25T05:23:07.179Z",""
"FSR","2j7FWoQ8wWSDfEZUhLfHxcyRkLsc5TsVR13t3jPQpump","83","0.862895494","","","","","","","","","","","","","","","","","","","","","","","","","","","","","","","","","","","","","","","","0.00001085","","","","","","","2026-07-25T05:23:07.235Z","","","","","",""
"s","9KLXzZQ2Doi7zADQpVEV6zMKs8HERVxVEcvxRTUepump","85","2.962962961","","","","","","","","","","","","","","","","","","","","","","","","","","","","","","","","","","","","","","","","0.00000823","","","","","","","2026-07-25T05:24:07.145Z","","","","","",""
"qaaa","DfVqJ4VAvsdEYhoQSUT1iiuweFpxgK2vWQN8XjV1pump","","","","","","","","","","","","","","","","","","","","","","","","","","","","","","","","","","","","","","","","","","","","","","","","4.287e-7","","","","","","2026-07-25T05:24:07.185Z",""
"SENDGAME","5MdgfCiYbtsYKebPqssmVYzw37NXm4HjcoPgk3Qnpump","","","","","","","","","","","","","","","","","","","","","","","","","","","","","","","","","","","","","","","","","","","","","","","","1.618e-8","","","","","","2026-07-25T05:24:07.225Z",""
"LONGDOG","BjkniW5vBXCfWTX8EdBbzV2CTQu2rcp6msV51ueYpump","","","","","","","","","","","","","","","","","","","","","","","","","","","","","","","","","","","","","","","","","","","","","","","","0.000002124","","","","","","2026-07-25T05:24:07.261Z",""
"s","8TNxdysDfpc1rw7GPtwJLdnxgtw8kpxwosn32DFKpump","","","","","","","","","","","","","","","","","","","","","","","","","","","","","","","","","","","","","","","","","","","","","","","","1.256e-7","","","","","","2026-07-25T05:25:07.033Z",""
"TRUMP2028","BbUvAGmdogeFLu2hGFzQ4iHf2dXXx54J67ip6ngCpump","57","1.97530864","","","","","","","","","","","","","","","","","","","","","","","","","","","","","","","","","","","","","","","","0.000002424","","","","","","","2026-07-25T05:25:07.099Z","","","","","",""
"ss","8qk5XHQ3EynyQfhVmLZ3yZt58KvhaMgdxvWpKLWfpump","","","","","","","","","","","","","","","","","","","","","","","","","","","","","","","","","","","","","","","","","","","","","","","","9.648e-8","","","","","","2026-07-25T05:26:07.074Z",""
"raccoon","Cxit7ewGTxEnYEigK94KvzWXG7B2FjPQQ8QjnQKypump","55","4","","","","","","","","","","","","","","","","","","","","","","","","","","","","","","","","","","","","","","","","0.000002091","","","","","","","2026-07-25T05:26:07.156Z","","","","","",""
"MM","J2UjWyD2GfxZBJcGhB5rg2B6z43ZVtabNTEAKb2Hpump","58","2.962962961","","","","","","","","","","","","","","","","","","","","","","","","","","","","","","","","","","","","","","","","0.000003991","","","","","","","2026-07-25T05:26:07.179Z","","","","","",""
"USOH","UThERCwBmTU3xoumE3f9agHxuApifQEStNNPNghpump","98","0.000990098","","","","","","","","","","","","","","","","","","","","","","","","","","","","","","","","","","","","","","","","0.000002103","","","","","","","2026-07-25T05:26:07.231Z","","","","","",""
"CUCKER","4viNsCeaPx3xcPcLvLGmjcG8ehPCdeh3y47eW4sMpump","","","","","","","","","","","","","","","","","","","","","","","","","","","","","","","","","","","","","","","","","","","","","","","","2.068e-8","","","","","","2026-07-25T05:27:06.975Z",""
"DJT","nLMvCtUAdyVAc58HVoC5VBGMoWq89FR8sjxDRH7pump","57","1.990123455","","","","","","","","","","","","","","","","","","","","","","","","","","","","","","","","","","","","","","","","0.000008414","","","","","","","2026-07-25T05:27:07.059Z","","","","","",""
"MMM","FWH5wGLiyNuS5bdBmJgNXfY76QdzsLihUdShSZLipump","","","","","","","","","","","","","","","","","","","","","","","","","","","","","","","","","","","","","","","","","","","","","","","","7.32e-7","","","","","","2026-07-25T05:28:06.946Z",""
"USOH","hm6KCasaRczA9W8GFCTyT6iLwDi1wwR6gh2z9qepump","96","0.000990098","","","","","","","","","","","","","","","","","","","","","","","","","","","","","","","","","","","","","","","","0.000002335","","","","","","","2026-07-25T05:28:06.991Z","","","","","",""
"2028","3BEVaQvWmdAYPsz6UPq2LzPY9xtLgr3VjpxfvkPopump","","","","","","","","","","","","","","","","","","","","","","","","","","","","","","","","","","","","","","","","","","","","","","","","4.481e-9","","","","","","2026-07-25T05:28:07.061Z",""
"ss","EtDQBnbh7DkCdb2vZwQRXsCA5be5Q3tFHLWSYugnpump","","","","","","","","","","","","","","","","","","","","","","","","","","","","","","","","","","","","","","","","","","","","","","","","4.011e-7","","","","","","2026-07-25T05:29:07.073Z",""
"qaaa","HKhSgwn9kjYT1dhiLFTLPPBEqMpRkYcfASGqGHmupump","","","","","","","","","","","","","","","","","","","","","","","","","","","","","","","","","","","","","","","","","","","","","","","","2.574e-9","","","","","","2026-07-25T05:29:07.102Z",""
"FSR","3msu1o4BsRvEM1pQDPSKoYN2P8DULBWVy9w8bUm2pump","57","2.000000001","","","","","","","","","","","","","","","","","","","","","","","","","","","","","","","","","","","","","","","","0.000002273","","","","","","","2026-07-25T05:29:07.135Z","","","","","",""
"USOH","i2925CH5sdFAzJfXU9xv7yLc8vLa7uZAyAeEC8Zpump","92","0.000990098","","","","","","","","","","","","","","","","","","","","","","","","","","","","","","","","","","","","","","","","0.000002975","","","","","","","2026-07-25T05:29:07.188Z","","","","","",""
"ss","Avtks8bMoWLMMYZEcNKJcjyyu21CsrmUEVSkDiZypump","","","","","","","","","","","","","","","","","","","","","","","","","","","","","","","","","","","","","","","","","","","","","","","","1.757e-7","","","","","","2026-07-25T05:30:06.992Z",""
"ss","D9H5zHJzJoszmZZUcF8Z94njeFoTYw93hf7ZjG7gpump","","","","","","","","","","","","","","","","","","","","","","","","","","","","","","","","","","","","","","","","","","","","","","","","1.422e-7","","","","","","2026-07-25T05:30:07.028Z",""
"USOH","Y1odicMahDBjyQjsRNzEKz7AEaskqdqxFQe3HDXpump","87","0.000990098","","","","","","","","","","","","","","","","","","","","","","","","","","","","","","","","","","","","","","","","0.00001822","","","","","","","2026-07-25T05:30:07.095Z","","","","","",""
"2028","EymGmccGoZbYHo1E7YBx2QS6Xo2fsngvQDxWHwcqpump","","","","","","","","","","","","","","","","","","","","","","","","","","","","","","","","","","","","","","","","","","","","","","","","5.717e-8","","","","","","2026-07-25T05:30:07.155Z",""
"ss","3yTWFC91k5DGuVQYh3VpaVCzo8a4vJmUjFos6KUwpump","70","0.98765432","","","","","","","","","","","","","","","","","","","","","","","","","","","","","","","","","","","","","","","","0.000002235","","","","","","","2026-07-25T05:31:06.956Z","","","","","",""
"WC","83KJzPq5ViYFZiXK1QTWHyyex9CPKd5kDh1icyU8pump","64","0.250039066","","","","","","","","","","","","","","","","","","","","","","","","","","","","","","","","","","","","","","","","0.0000047","","","","","","","2026-07-25T05:31:07.021Z","","","","","",""
"THERO","AnZAyz39EANkYQf9uGSLKrVC27ws5M9PoWSNv7V7pump","60","2.416918429","","","","","","","","","","","","","","","","","","","","","","","","","","","","","","","","","","","","","","","","0.00001015","","","","","","","2026-07-25T05:32:07.003Z","","","","","",""
"ss","FASBPwW2ZdcsfQfzCNf3q5yZnMMe4PEiV7cG4SUvpump","","","","","","","","","","","","","","","","","","","","","","","","","","","","","","","","","","","","","","","","","","","","","","","","4.817e-7","","","","","","2026-07-25T05:32:07.040Z",""
"letstry","685sgojfknfgjLSJ72jh2nGB7JjizNhBH5S2Aykqpump","","","","","","","","","","","","","","","","","","","","","","","","","","","","","","","","","","","","","","","","","","","","","","","","1.789e-7","","","","","","2026-07-25T05:32:07.102Z",""
"EGGCUP","CDeiCb7TxTvqwZHYF6W9hqTHWDJXzSNL9amnN5SApump","","","","","","","","","","","","","","","","","","","","","","","","","","","","","","","","","","","","","","","","","","","","","","","","2.406e-8","","","","","","2026-07-25T05:33:06.996Z",""
"CARdone","3f7PErBBjf2XmUtteoTEKvE2NsHPc3gKUV1FtydUpump","70","0.00001","","","","","","","","","","","","","","","","","","","","","","","","","","","","","","","","","","","","","","","","0.000002178","","","","","","","2026-07-25T05:33:07.024Z","","","","","",""
"cucky","4oefNxJ5aeqeMeRevAhJ9dzs2mtD5g49SfW8trGKpump","99","0.098765431","","","","","","","","","","","","","","","","","","","","","","","","","","","","","","","","","","","","","","","","0.00000177","","","","","","","2026-07-25T05:33:07.105Z","","","","","",""
"Trump","HQBiyMBXLRv3TKfJmFoniFK5qkY6oz2xx78oX8hepump","62","2.8","","","","","","","","","","","","","","","","","","","","","","","","","","","","","","","","","","","","","","","","0.000002196","","","","","","","2026-07-25T05:34:07.082Z","","","","","",""
"NGGATRUMP","8pLLQrsiE1wNSqi8rsbRrPoFyzB1di6GzGRN1aDCpump","","","","","","","","","","","","","","","","","","","","","","","","","","","","","","","","","","","","","","","","","","","","","","","","2.601e-7","","","","","","2026-07-25T05:34:07.121Z",""
"2028","8t4BBj1iDDndG5HaWd9uyJsQd8H9iTcihhif8W9Bpump","","","","","","","","","","","","","","","","","","","","","","","","","","","","","","","","","","","","","","","","","","","","","","","","6.911e-9","","","","","","2026-07-25T05:34:07.152Z",""
"s","GjCF7tRTpVCav712bbPGKKN3JXQRdP5eTfQXvxFLpump","60","0.296296295","","","","","","","","","","","","","","","","","","","","","","","","","","","","","","","","","","","","","","","","0.00002991","","","","","","","2026-07-25T05:34:07.208Z","","","","","",""
"s","5eHu1WX4SD2qrkBvPRjgjzPr2P5fkLr2HjHLZLnEpump","56","0.098765431","","","","","","","","","","","","","","","","","","","","","","","","","","","","","","","","","","","","","","","","0.00003066","","","","","","","2026-07-25T05:35:07.044Z","","","","","",""
"MMM","9DDJ6jdbQupzuNrToyCHAJWG1bBSkfJxHoYo6YaXpump","59","0.500000001","","","","","","","","","","","","","","","","","","","","","","","","","","","","","","","","","","","","","","","","0.000001905","","","","","","","2026-07-25T05:35:07.148Z","","","","","",""
"TRUMP2028","C3J1gkvXKdThxTaHLd6Lieb3ffTbvShYc4iD2mkFbonk","100","0","","","","","","","","","","","","","","","","","","","","","","","","","","","","","","","","","","","","","","","","0.00001365","","","","","","","2026-07-25T05:36:06.977Z","","","","","",""
"10X","wkYFB6DyvN3ged6ZnCVpFxDGn5wVKw15Q4TCu4Mpump","57","5","","","","","","","","","","","","","","","","","","","","","","","","","","","","","","","","","","","","","","","","0.000002072","","","","","","","2026-07-25T05:36:07.016Z","","","","","",""
"s","8TfRuDp2ZC8AJm9hEGKERZzbRi5m8qwQdYpFa3HMpump","57","0.197530863","","","","","","","","","","","","","","","","","","","","","","","","","","","","","","","","","","","","","","","","0.00002833","","","","","","","2026-07-25T05:37:06.922Z","","","","","",""
"Hami","6LnKqSQzr9Zu7Tig7izfuEPc98JLpwXpF86ife8Dpump","65","0.00001","","","","","","","","","","","","","","","","","","","","","","","","","","","","","","","","","","","","","","","","0.000002111","","","","","","","2026-07-25T05:37:07.017Z","","","","","",""
"TRADER","5GxB9c315pLiBUXS6TvLxYQEf8Rp3tarVHPxhfcP1haC","","","","","","","","","","","","","","","","","","","","","","","","","","","","","","","","","","","","","","","","","","","","","","","","0.000002072","","","","","","2026-07-25T05:37:07.060Z",""
"SAM","DExKbKgFNqowhwrGnPmu9BwnCPvwCKNCxXutf7RQ5iwy","","","","","","","","","","","","","","","","","","","","","","","","","","","","","","","","","","","","","","","","","","","","","","","","8.472e-7","","","","","","2026-07-25T05:38:07.079Z",""
"BSC","C1xEarAKoWhW4MLy6E47tDH5qbnUJgpUTVQhenkfpump","62","0.250039066","","","","","","","","","","","","","","","","","","","","","","","","","","","","","","","","","","","","","","","","0.000005204","","","","","","","2026-07-25T05:38:07.113Z","","","","","",""
"LONGDOG","5aHQgHnV5v3TGKciBZTR7bZdsVZui5BRe6o9rcptpump","","","","","","","","","","","","","","","","","","","","","","","","","","","","","","","","","","","","","","","","","","","","","","","","0.000002129","","","","","","2026-07-25T05:39:06.961Z",""
"FOMO","6axS6Sx6rm3XmwnPDN6eLsXCXo6amdLgR3uMpwaHpump","","","","","","","","","","","","","","","","","","","","","","","","","","","","","","","","","","","","","","","","","","","","","","","","0.000002135","","","","","","2026-07-25T05:39:07.062Z",""
"Jimmy","Cm5gaZZw3nVyKULU2tKhHTmAGGJkHQejYTS8Si3cpump","","","","","","","","","","","","","","","","","","","","","","","","","","","","","","","","","","","","","","","","","","","","","","","","5.416e-9","","","","","","2026-07-25T05:39:07.120Z",""
"Longothy","4XmneNf8LnngkMPRyqtXPR77xh5nMkwVbdEX2XJ8pump","57","5","","","","","","","","","","","","","","","","","","","","","","","","","","","","","","","","","","","","","","","","0.000002629","","","","","","","2026-07-25T05:40:06.955Z","","","","","",""
"Tpump","CXDoos6XmeA8bz6gMPQ4A21wBq8v6zTfCjdthzaopump","","","","","","","","","","","","","","","","","","","","","","","","","","","","","","","","","","","","","","","","","","","","","","","","2.429e-7","","","","","","2026-07-25T05:40:07.040Z",""
"ss","6cMLvSbVuSDkiuxgskfvYvHwkEb9yTyAaR6QTwpgpump","61","0.493827159","","","","","","","","","","","","","","","","","","","","","","","","","","","","","","","","","","","","","","","","0.000001302","","","","","","","2026-07-25T05:41:06.988Z","","","","","",""
"HUH","8SqDGu2BefGhCw2LdhXGBoMPTTtNqRjzLbWW9PKmpump","","","","","","","","","","","","","","","","","","","","","","","","","","","","","","","","","","","","","","","","","","","","","","","","1.68e-7","","","","","","2026-07-25T05:41:07.018Z",""
"LONGDOG","DvBtuaFeD1S7wkUbw72Nqwjus3dg5fWt2692zH8xpump","","","","","","","","","","","","","","","","","","","","","","","","","","","","","","","","","","","","","","","","","","","","","","","","0.000002149","","","","","","2026-07-25T05:41:07.091Z",""
"ss","B5NABga2SYr1BNVD5DncVoetinWVrYSDQ49Kyguzpump","","","","","","","","","","","","","","","","","","","","","","","","","","","","","","","","","","","","","","","","","","","","","","","","2.309e-7","","","","","","2026-07-25T05:42:07.006Z",""
"USOH","uGB3ob42NNU2PJmBPJgP1hFjkUUTn9xVm7QSeySpump","92","0.000990098","","","","","","","","","","","","","","","","","","","","","","","","","","","","","","","","","","","","","","","","0.000002403","","","","","","","2026-07-25T05:43:06.986Z","","","","","",""
"ss","83pSgdAsDQWk49tN2ofWN41RNPaWTUptGpVmNWTBpump","","","","","","","","","","","","","","","","","","","","","","","","","","","","","","","","","","","","","","","","","","","","","","","","1.227e-8","","","","","","2026-07-25T05:43:07.045Z",""
"ss","AzVCMHcudP5QLYMxQPHL1VXndhGCzMTjQqv9YTSdpump","","","","","","","","","","","","","","","","","","","","","","","","","","","","","","","","","","","","","","","","","","","","","","","","6.124e-8","","","","","","2026-07-25T05:43:07.079Z",""
"ss","Cahoprc3SSrJ3vV7AeU512b3Bb1ESTwRt4zzmiBTpump","","","","","","","","","","","","","","","","","","","","","","","","","","","","","","","","","","","","","","","","","","","","","","","","4.035e-8","","","","","","2026-07-25T05:44:07.086Z",""
"LONGDOG","6tp2awdpSrqpyZRo3GhJPCST7M3nPosbNXrWwbRtpump","","","","","","","","","","","","","","","","","","","","","","","","","","","","","","","","","","","","","","","","","","","","","","","","0.000002128","","","","","","2026-07-25T05:44:07.113Z",""
"KET","UDpuEdYgutSm1CNsL8gJLvGrhcMDWKH9a8kFV7zmfWP","","","","","","","","","","","","","","","","","","","","","","","","","","","","","","","","","","","","","","","","","","","","","","","","9.608e-8","","","","","","2026-07-25T05:44:07.178Z",""
"ss","6BSxR6Rqd45Dm2FNWsfsyr7vSi9mm3FMvgvgtjjipump","","","","","","","","","","","","","","","","","","","","","","","","","","","","","","","","","","","","","","","","","","","","","","","","4.018e-7","","","","","","2026-07-25T05:44:07.205Z",""
"sss","9rcf9fgKkwArertpWXuiFdL4n1vRgPr4MGdCvpmApump","","","","","","","","","","","","","","","","","","","","","","","","","","","","","","","","","","","","","","","","","","","","","","","","9.86e-7","","","","","","2026-07-25T05:45:06.964Z",""
"Jimmy","FzbYurFAza8xnW7pxH5CD5PqQywKrnJrTPhhKcynpump","55","0.250000001","","","","","","","","","","","","","","","","","","","","","","","","","","","","","","","","","","","","","","","","0.000002024","","","","","","","2026-07-25T05:45:07.003Z","","","","","",""
"USOH","pEUw6PFeZMU7mKLokWmw2JLZMPM5Jhtd57dT6uRpump","89","0.000990098","","","","","","","","","","","","","","","","","","","","","","","","","","","","","","","","","","","","","","","","0.000002105","","","","","","","2026-07-25T05:45:07.061Z","","","","","",""
"MMM","E1cePMDcpamP73EUSRtpcTvrHjCRCbsqVjMBNTMkpump","","","","","","","","","","","","","","","","","","","","","","","","","","","","","","","","","","","","","","","","","","","","","","","","4.292e-7","","","","","","2026-07-25T05:45:07.095Z",""
"2028","5nPV6jUFNych81ZNAgPEJhPdoSVU2sgZaurUcqCrpump","","","","","","","","","","","","","","","","","","","","","","","","","","","","","","","","","","","","","","","","","","","","","","","","2.882e-8","","","","","","2026-07-25T05:46:06.939Z",""
"LONGDOG","7VMUhKiuFfqVPtLyaeZewYSo5MyGRqhRWCjPN4FGpump","","","","","","","","","","","","","","","","","","","","","","","","","","","","","","","","","","","","","","","","","","","","","","","","0.000002131","","","","","","2026-07-25T05:46:06.984Z",""
"BMF","AWmJsb6MqtaYbebcb9fSaZqaHb7t3dtCKDm4tc5Vpump","","","","","","","","","","","","","","","","","","","","","","","","","","","","","","","","","","","","","","","","","","","","","","","","3.761e-8","","","","","","2026-07-25T05:46:07.042Z",""
"ROLLO","Gbg5DJ37bW7NPtNufNvtvZC5vQWt8DzZiQhHQmYupump","74","1.000000001","","","","","","","","","","","","","","","","","","","","","","","","","","","","","","","","","","","","","","","","0.000007207","","","","","","","2026-07-25T05:46:07.108Z","","","","","",""
"ss","2jhn5AdS2apBHzQQFX9ynbRNZSSviPhKGvRFx4i7pump","","","","","","","","","","","","","","","","","","","","","","","","","","","","","","","","","","","","","","","","","","","","","","","","6.115e-7","","","","","","2026-07-25T05:47:06.981Z",""
"fast","BbddmfEs51wrcr2tbTKanGm6RaRp8YbmLypCkJpApump","","","","","","","","","","","","","","","","","","","","","","","","","","","","","","","","","","","","","","","","","","","","","","","","1.965e-7","","","","","","2026-07-25T05:47:07.015Z",""
"ONE","Cm8TqBfAbYVUxu9NCG9tX7DrTqMT9H1jYLGDGpwApump","","","","","","","","","","","","","","","","","","","","","","","","","","","","","","","","","","","","","","","","","","","","","","","","1.55e-7","","","","","","2026-07-25T05:47:07.049Z",""
"USOH","i9SSY2nbLAHxWa7jQSSxonojmrH4pyRHpWLnGR6pump","85","0.000990098","","","","","","","","","","","","","","","","","","","","","","","","","","","","","","","","","","","","","","","","0.00002247","","","","","","","2026-07-25T05:47:07.081Z","","","","","",""
"10x","FNhT3wEyx3SaFkTLsU5MdY8nizbsJcBxmzbNAsZuYZRY","","","","","","","","","","","","","","","","","","","","","","","","","","","","","","","","","","","","","","","","","","","","","","","","4.845e-8","","","","","","2026-07-25T05:48:06.989Z",""
"LONGDOG","Fbu41x42Z6N8f34EpPaxBhWfZyXxa5hnEDgwd4ZYpump","95","8.779149518","","","","","","","","","","","","","","","","","","","","","","","","","","","","","","","","","","","","","","","","0.000002136","","","","","","","2026-07-25T05:48:07.047Z","","","","","",""
"BBB","8imjTDfGPYgt2BHgkdgJCep7yjmvLAKpZgVueADgpump","","","","","","","","","","","","","","","","","","","","","","","","","","","","","","","","","","","","","","","","","","","","","","","","6.863e-7","","","","","","2026-07-25T05:48:07.143Z",""
"NC","43VQLbrnexmPntBWFHNb6emjbzuadTMuzx6Qv81gpump","","","","","","","","","","","","","","","","","","","","","","","","","","","","","","","","","","","","","","","","","","","","","","","","8.643e-8","","","","","","2026-07-25T05:48:07.172Z",""
"green","DhuN6uNK55Nbyibm1iUhFmQvs8pVT6xt2GCzSK57pump","","","","","","","","","","","","","","","","","","","","","","","","","","","","","","","","","","","","","","","","","","","","","","","","8.27e-8","","","","","","2026-07-25T05:49:07.015Z",""
"Jimmy","7RAm2fKBX9HTeqQa4snaoDAxioa1iYDJfRK8rPSrpump","","","","","","","","","","","","","","","","","","","","","","","","","","","","","","","","","","","","","","","","","","","","","","","","5.199e-8","","","","","","2026-07-25T05:49:07.046Z",""
"LONGDOG","E36xrRYYFdufS3SdzmusjLYzmk2Pmv389xKnF3Fapump","94","7.681756926","","","","","","","","","","","","","","","","","","","","","","","","","","","","","","","","","","","","","","","","0.000002374","","","","","","","2026-07-25T05:49:07.097Z","","","","","",""
"JIMOTHY","6QbriwVf947Tv1MvZtxFs6LnNULENwJEcJmZKX3rpump","","","","","","","","","","","","","","","","","","","","","","","","","","","","","","","","","","","","","","","","","","","","","","","","0.00000207","","","","","","2026-07-25T05:49:07.134Z",""
"Jimmy","BTBmiWBs464DeHgWsy9ysBk8B1rnEzuR8PPSNYovpump","","","","","","","","","","","","","","","","","","","","","","","","","","","","","","","","","","","","","","","","","","","","","","","","2.014e-7","","","","","","2026-07-25T05:50:07.080Z",""
"POPS","GBKzLTWPvbbHjM4FyDZJMNHGBmn28pf51GGntteFpump","70","7","","","","","","","","","","","","","","","","","","","","","","","","","","","","","","","","","","","","","","","","0.000002069","","","","","","","2026-07-25T05:50:07.116Z","","","","","",""
"MOONSTER","HBJysEZ9U5yNFD4AmzBYWmUmaQfnorZQ4ikk99k7pump","","","","","","","","","","","","","","","","","","","","","","","","","","","","","","","","","","","","","","","","","","","","","","","","0.00000208","","","","","","2026-07-25T05:50:07.179Z",""
"whale","wha1MdqMUyNKYBFjffj2yRjYuk2D7aouNtnVajGhVov","84","14","","","","","","","","","","","","","","","","","","","","","","","","","","","","","","","","","","","","","","","","0.000003763","","","","","","","2026-07-25T05:51:06.990Z","","","","","",""
"MOONSTER","6iZQ6aVEB8upVr6onVAns69Xen9K5pZ5rpnupP5Tpump","","","","","","","","","","","","","","","","","","","","","","","","","","","","","","","","","","","","","","","","","","","","","","","","0.000002095","","","","","","2026-07-25T05:51:07.021Z",""
"Barney","2nrhqxdgRFrLG9pTY1z7RsaBEaqAYF8zMrKEh869pump","","","","","","","","","","","","","","","","","","","","","","","","","","","","","","","","","","","","","","","","","","","","","","","","7.411e-7","","","","","","2026-07-25T05:51:07.047Z",""
"Limbothy","FpzYjouUwCS3cD2ZCqM4dQVYTyLfhwbK92cYUzcspump","57","1.97530864","","","","","","","","","","","","","","","","","","","","","","","","","","","","","","","","","","","","","","","","0.00001117","","","","","","","2026-07-25T05:51:07.082Z","","","","","",""
"as","Hn6v62pZG2kq75g22Gjp6Sw6ewX1hARzDDXs9bpxpump","","","","","","","","","","","","","","","","","","","","","","","","","","","","","","","","","","","","","","","","","","","","","","","","1.514e-7","","","","","","2026-07-25T05:52:06.944Z",""
"Jimmy","5kxM32qiboXu9Rgc4vKD3tjkjBZZEZsq2QHgTNYBpump","","","","","","","","","","","","","","","","","","","","","","","","","","","","","","","","","","","","","","","","","","","","","","","","1.467e-7","","","","","","2026-07-25T05:52:06.972Z",""
"LONGDOG","3NrQiBGLrMMKHsLaS4XzU11bCC1YsaAY4Re8SkvFpump","94","7.681755938","","","","","","","","","","","","","","","","","","","","","","","","","","","","","","","","","","","","","","","","0.000002133","","","","","","","2026-07-25T05:52:07.015Z","","","","","",""
"sss","3VLnuVsQ1iz454RZVwmx4ZpedR4gzaddvsAyyz5Apump","","","","","","","","","","","","","","","","","","","","","","","","","","","","","","","","","","","","","","","","","","","","","","","","2.835e-7","","","","","","2026-07-25T05:52:07.060Z",""
"HUMAN","thMr12Yb3gU9wpV8LR62NBQ76Hsqq2MjReZuUfTpump","","","","","","","","","","","","","","","","","","","","","","","","","","","","","","","","","","","","","","","","","","","","","","","","6.033e-7","","","","","","2026-07-25T05:53:07.079Z",""
"s","32c8K2h5XFXirRrHLuZBZQJfzTXeeK72ynrja1aqpump","","","","","","","","","","","","","","","","","","","","","","","","","","","","","","","","","","","","","","","","","","","","","","","","3.284e-7","","","","","","2026-07-25T05:53:07.105Z",""
"MOONSTER","FPbAukySHmyiYt7Uu6bX5vpQzZ8RGbUCaDrvBBfdpump","","","","","","","","","","","","","","","","","","","","","","","","","","","","","","","","","","","","","","","","","","","","","","","","0.000002084","","","","","","2026-07-25T05:53:07.143Z",""
"チコ","huy2LEByN95Q5L9exNudociCyiS1swu5Kq3MsWCpump","65","2.962962961","","","","","","","","","","","","","","","","","","","","","","","","","","","","","","","","","","","","","","","","0.000002074","","","","","","","2026-07-25T05:53:07.175Z","","","","","",""
"ss","DxnHkH1n8c5EHgFT1n3VbXd3oNXJMGVDUuQV1Y7kpump","","","","","","","","","","","","","","","","","","","","","","","","","","","","","","","","","","","","","","","","","","","","","","","","1.614e-7","","","","","","2026-07-25T05:54:07.196Z",""
"cucky","DWs4FWArAvcwkyVCBLEaunu2H9DfSeaAv8c9g6Nwpump","","","","","","","","","","","","","","","","","","","","","","","","","","","","","","","","","","","","","","","","","","","","","","","","2.516e-7","","","","","","2026-07-25T05:54:07.240Z",""
"HUMAN","CiQ6qLynABJ2XDFitJFinCkbh2iWcbHAYRRGYTDxpump","","","","","","","","","","","","","","","","","","","","","","","","","","","","","","","","","","","","","","","","","","","","","","","","0.000001201","","","","","","2026-07-25T05:54:07.281Z",""
"MOONSTER","9xQonJ4GHa14DBuKxsgFoqEzWqmjFWJS85cM2rMkpump","","","","","","","","","","","","","","","","","","","","","","","","","","","","","","","","","","","","","","","","","","","","","","","","0.000002087","","","","","","2026-07-25T05:54:07.325Z",""
"MOONSTER","63HHAq5Z7UrWpEjcrNRuwtAjJrsiDnhZ5yYcz19ypump","","","","","","","","","","","","","","","","","","","","","","","","","","","","","","","","","","","","","","","","","","","","","","","","0.000002085","","","","","","2026-07-25T05:55:06.965Z",""
"NINJA","4xg9ehN57Az2NzG9A5fWJVa1sDa7E8eanUuGQPsPpump","57","2","","","","","","","","","","","","","","","","","","","","","","","","","","","","","","","","","","","","","","","","0.000002555","","","","","","","2026-07-25T05:55:06.996Z","","","","","",""
"HUMAN","D98JBKWehMXx8aSRcjp6fzqZkAgdMd7K5hHLisrNpump","","","","","","","","","","","","","","","","","","","","","","","","","","","","","","","","","","","","","","","","","","","","","","","","9.161e-8","","","","","","2026-07-25T05:55:07.055Z",""
"HUMAN","DcnGENADhMR3eXwrV5YCXsRTNP5X9zPXPGgdfpEupump","","","","","","","","","","","","","","","","","","","","","","","","","","","","","","","","","","","","","","","","","","","","","","","","9.374e-8","","","","","","2026-07-25T05:55:07.140Z",""
"Jimmy","ArYDfctVQNiqwfyW4SPXxmgszLwqm9Y8pDEyfY7Fpump","","","","","","","","","","","","","","","","","","","","","","","","","","","","","","","","","","","","","","","","","","","","","","","","5.439e-7","","","","","","2026-07-25T05:56:06.927Z",""
"LONGDOG","E7om5KFMSwLYzaGTquXmiNCoY9zXQgcmedgUsn8ipump","91","5.486968778","","","","","","","","","","","","","","","","","","","","","","","","","","","","","","","","","","","","","","","","0.000002143","","","","","","","2026-07-25T05:56:06.981Z","","","","","",""
"MOONSTER","9M4pB1mmhXCk66K2DTd1ZvWov4qpLSU6kuD8SVxypump","","","","","","","","","","","","","","","","","","","","","","","","","","","","","","","","","","","","","","","","","","","","","","","","0.00000211","","","","","","2026-07-25T05:56:07.003Z",""
"SKATO","6215UCiXUmAJLXZk3yvQVVvbjWKNJ5LgXYECTuoTpump","","","","","","","","","","","","","","","","","","","","","","","","","","","","","","","","","","","","","","","","","","","","","","","","1.845e-8","","","","","","2026-07-25T05:56:07.036Z",""
"CASINO","8LpqUWtFb1E8AMhhseqP9yS6cjNZbjLLnRqDuUa9pump","60","3.950617282","","","","","","","","","","","","","","","","","","","","","","","","","","","","","","","","","","","","","","","","0.000002534","","","","","","","2026-07-25T05:57:07.010Z","","","","","",""
"NINJA","2cfeTESqyLxZcGBNCeh2DconQDXMj9wpXvFcDL7Ypump","63","2.962962961","","","","","","","","","","","","","","","","","","","","","","","","","","","","","","","","","","","","","","","","0.000002071","","","","","","","2026-07-25T05:57:07.045Z","","","","","",""
"LONGDOG","CMLcdZbyWP3bP2TD2KsTFWVzyyfywtiYWs2vB4RDpump","93","6.584384086","","","","","","","","","","","","","","","","","","","","","","","","","","","","","","","","","","","","","","","","0.00000213","","","","","","","2026-07-25T05:57:07.079Z","","","","","",""
"LONGDOG","3evZh4WeB3JhWgfPYKEvSPXSvyFn2PMtwbXuedHDpump","90","4.828532226","","","","","","","","","","","","","","","","","","","","","","","","","","","","","","","","","","","","","","","","0.00000213","","","","","","","2026-07-25T05:58:07.125Z","","","","","",""
"Trump","FHX3aqnJWxWeJukyUqeW2pW6tfpVdXhxLuNgyo7Mpump","58","3","","","","","","","","","","","","","","","","","","","","","","","","","","","","","","","","","","","","","","","","0.000002142","","","","","","","2026-07-25T05:59:06.942Z","","","","","",""
"VORF","N4XUYc1u2BeXCyMSrEiJencY29y6HZ4uGy4tJc9pump","90","0.000990098","","","","","","","","","","","","","","","","","","","","","","","","","","","","","","","","","","","","","","","","0.00000215","","","","","","","2026-07-25T05:59:06.994Z","","","","","",""
"ss","GNBmCFWDpWkc56dZuW6ND14vFG27vyLBWKX5K8Kppump","","","","","","","","","","","","","","","","","","","","","","","","","","","","","","","","","","","","","","","","","","","","","","","","9.511e-8","","","","","","2026-07-25T05:59:07.027Z",""
"HUMAN","6G85R5CnkTk9R8LQJdEyd4efYxx4A6Qc9i6ex7Bnpump","80","4","","","","","","","","","","","","","","","","","","","","","","","","","","","","","","","","","","","","","","","","0.000006763","","","","","","","2026-07-25T05:59:07.066Z","","","","","",""
"HUMAN","GgLSVFBytXpWrCqXnsh8oikpvh4coX1K8M9Dswpdpump","","","","","","","","","","","","","","","","","","","","","","","","","","","","","","","","","","","","","","","","","","","","","","","","8.784e-7","","","","","","2026-07-25T06:00:07.020Z",""
"sss","8DNCyLPb4ocQNZSL53KeJKjbUefXqriWRVJi327Gpump","74","2.469135801","","","","","","","","","","","","","","","","","","","","","","","","","","","","","","","","","","","","","","","","0.000001592","","","","","","","2026-07-25T06:00:07.064Z","","","","","",""
"HUMAN","HweeYNLHn1jW655NqYESZdWRoGyefa6wR7mLGGG8pump","80","4","","","","","","","","","","","","","","","","","","","","","","","","","","","","","","","","","","","","","","","","0.00000262","","","","","","","2026-07-25T06:00:07.101Z","","","","","",""
"Jimmy$$","FQ7y7Yy3C4ppayg6Q9xdg4ejTgjbh2weQ5aUtZ7Rpump","","","","","","","","","","","","","","","","","","","","","","","","","","","","","","","","","","","","","","","","","","","","","","","","8.241e-7","","","","","","2026-07-25T06:00:07.129Z",""
"ss","4bSLN1sjQhmyaoqck9mH9hejCdUC7UHWti2TgVLCpump","","","","","","","","","","","","","","","","","","","","","","","","","","","","","","","","","","","","","","","","","","","","","","","","0.000001253","","","","","","2026-07-25T06:01:06.984Z",""
"qworm","3uXrKahFncwc2zBHi9cTZP5NjhAgZiZRbNsXafYUpump","83","12.5","","","","","","","","","","","","","","","","","","","","","","","","","","","","","","","","","","","","","","","","0.00001287","","","","","","","2026-07-25T06:01:07.008Z","","","","","",""
"MMM","5RrS6tvJnrMmn31qxn84WYRykGYFs6w6nsBnGyyopump","58","0.500000001","","","","","","","","","","","","","","","","","","","","","","","","","","","","","","","","","","","","","","","","0.00001418","","","","","","","2026-07-25T06:01:07.042Z","","","","","",""
"HUMAN","EiKVgJckJpau2QYjcEZTZDQB87oA8eiVW563KEUpump","","","","","","","","","","","","","","","","","","","","","","","","","","","","","","","","","","","","","","","","","","","","","","","","5.773e-7","","","","","","2026-07-25T06:01:07.103Z",""
"LONGDOG","7aLkH3NV2KbVx5kwq6tkhfhXRACp3NN6JjxBUf5tpump","84","2.853223505","","","","","","","","","","","","","","","","","","","","","","","","","","","","","","","","","","","","","","","","0.000002114","","","","","","","2026-07-25T06:02:06.980Z","","","","","",""
"HUMAN","CEuqyYegPY5DJrLVaFmcLoKGQwKeDYatPsWxfeeHpump","","","","","","","","","","","","","","","","","","","","","","","","","","","","","","","","","","","","","","","","","","","","","","","","6.369e-7","","","","","","2026-07-25T06:02:07.004Z",""
"ss","D9zyRvHvLWGkRxGeT1Y82aV7w1brMBucpGvgLRWkpump","71","1.97530864","","","","","","","","","","","","","","","","","","","","","","","","","","","","","","","","","","","","","","","","0.000009702","","","","","","","2026-07-25T06:02:07.086Z","","","","","",""
"BIBI","DApSJ7KC3y37w9UU8Wv9yc73nGk8QXu7fXQaczAppump","","","","","","","","","","","","","","","","","","","","","","","","","","","","","","","","","","","","","","","","","","","","","","","","2.594e-7","","","","","","2026-07-25T06:02:07.126Z",""
"TRUMP","Eq7kHVs3Q8GZsF7kNQ94978FBqP72idh4okfv28Dpump","100","25","","","","","","","","","","","","","","","","","","","","","","","","","","","","","","","","","","","","","","","","0.000009881","","","","","","0.000002239","2026-07-25T06:03:06.933Z","","","","","2026-07-25T06:06:06.966Z",""
"Erdős","Eq6ai5fPSq9r2Z8CzB2mAsMrRu6YTNupHX56ffNypump","57","2","","","","","","","","","","","","","","","","","","","","","","","","","","","","","","","","","","","","","","","","0.000003083","","","","","","","2026-07-25T06:03:06.973Z","","","","","",""
"BIBI","3KxJu4f4Hxzi59Kg6yziumyQS8PhH5J4WkABDmcFpump","","","","","","","","","","","","","","","","","","","","","","","","","","","","","","","","","","","","","","","","","","","","","","","","1.782e-7","","","","","","2026-07-25T06:03:07.009Z",""
"langosta ","JCawQVnYGRzTYzpLdUkYiKYrFk64dQP1uFBZH4mqpump","","","","","","","","","","","","","","","","","","","","","","","","","","","","","","","","","","","","","","","","","","","","","","","","6.187e-8","","","","","","2026-07-25T06:03:07.048Z",""
"PALLON","Gy3d2LBHpoUw1DCRpydBoZLz7UXBzcfQ2trLRmYxpump","","","","","","","","","","","","","","","","","","","","","","","","","","","","","","","","","","","","","","","","","","","","","","","","7.024e-9","","","","","","2026-07-25T06:04:06.999Z",""
"HUMAN","7cgMrRenYPxkSoiNhS6NERE86GZX9PFtMzFhKKjwpump","","","","","","","","","","","","","","","","","","","","","","","","","","","","","","","","","","","","","","","","","","","","","","","","0.000001475","","","","","","2026-07-25T06:04:07.034Z",""
"Trump","FRW6xMywABVVFSyk8kpZGSH2EJMZpxcuzjr8Whu8GTbR","58","3","","","","","","","","","","","","","","","","","","","","","","","","","","","","","","","","","","","","","","","","0.000002068","","","","","","","2026-07-25T06:04:07.068Z","","","","","",""
"sss","JDzbsqFv9XDX8MLehvE7H1GDNkVJpzgyhwiF7zEHpump","76","2.962962961","","","","","","","","","","","","","","","","","","","","","","","","","","","","","","","","","","","","","","","","0.000001741","","","","","","","2026-07-25T06:04:07.180Z","","","","","",""
"Apple Dog","Ces1hiUymyDMNZ5UHdATxLcNNvJZFC79BUsejVZspump","","","","","","","","","","","","","","","","","","","","","","","","","","","","","","","","","","","","","","","","","","","","","","","","0.000002139","","","","","","2026-07-25T06:05:06.962Z",""
"HUMAN","4JLPoiAYvYJzXZG4LpfnUmMndwogMvi6AUPjfufFpump","","","","","","","","","","","","","","","","","","","","","","","","","","","","","","","","","","","","","","","","","","","","","","","","3.339e-7","","","","","","2026-07-25T06:05:07.026Z",""
"HUMAN","4ePHFWoMKNyvLETtj68pfg94ueR9faMDaQrk4mJSpump","","","","","","","","","","","","","","","","","","","","","","","","","","","","","","","","","","","","","","","","","","","","","","","","4.161e-7","","","","","","2026-07-25T06:06:07.025Z",""
"EAT","5y8dqJ4x7f5id9hRJCu8DoEJA1hA5SjEcjzCDv6LeMet","59","6.913580245","","","","","","","","","","","","","","","","","","","","","","","","","","","","","","","","","","","","","","","","0.000002067","","","","","","","2026-07-25T06:07:07.077Z","","","","","",""
"kittpidd","9MVNhQvfbxxkd75RcNwLU5DjG3B4YLtvBpcdSW4Spump","64","3.5","","","","","","","","","","","","","","","","","","","","","","","","","","","","","","","","","","","","","","","","0.000006417","","","","","","","2026-07-25T06:07:07.141Z","","","","","",""
"USOX","dsahfbTxpjX6cyU1RmSV1gh4KVkavtLg71jmw2fpump","100","0.990099008","","","","","","","","","","","","","","","","","","","","","","","","","","","","","","","","","","","","","","","","0.000002072","","","","","","","2026-07-25T06:07:07.161Z","","","","","",""
"MMM","715QFWiFp1N73cXmA98Pv6SsA9bHKjUdkR3hT31npump","","","","","","","","","","","","","","","","","","","","","","","","","","","","","","","","","","","","","","","","","","","","","","","","3.367e-7","","","","","","2026-07-25T06:07:07.194Z",""
"DATABASE","4yFyG6mdH7ZAPkiJC7YrSkkVWLtjZyEBwVEFt1Mcpump","60","1","","","","","","","","","","","","","","","","","","","","","","","","","","","","","","","","","","","","","","","","0.000001373","","","","","","","2026-07-25T06:08:07.042Z","","","","","",""
"DOG","DNTVURzAarcPjT43v7a1GKcSPkVCRiW3WBBP3b6bpump","63","2.962962961","","","","","","","","","","","","","","","","","","","","","","","","","","","","","","","","","","","","","","","","0.000002067","","","","","","","2026-07-25T06:08:07.077Z","","","","","",""
"MEAT","4nLtq5avAsLNrQpgCp8dpYq9NWKKpw1qgfXRPeDW7f4i","59","6.913580245","","","","","","","","","","","","","","","","","","","","","","","","","","","","","","","","","","","","","","","","0.000002067","","","","","","","2026-07-25T06:08:07.128Z","","","","","",""
"Apple Dog","CfLzjh1VnYaJRc2wfSguFZXrXFtRypE15vuJU4NApump","","","","","","","","","","","","","","","","","","","","","","","","","","","","","","","","","","","","","","","","","","","","","","","","0.000002086","","","","","","2026-07-25T06:09:07.139Z",""
"DATABASE","cVS9XbQPuJCps3czM7BrWXLnTThYYBbpu8uvqEKpump","","","","","","","","","","","","","","","","","","","","","","","","","","","","","","","","","","","","","","","","","","","","","","","","1.101e-7","","","","","","2026-07-25T06:09:07.169Z",""
"DATABASE","CJy4wBYAo5V9M9Ga64MUrcAFS9sHFDxZbEHsMnbLpump","59","1","","","","","","","","","","","","","","","","","","","","","","","","","","","","","","","","","","","","","","","","0.000004812","","","","","","","2026-07-25T06:09:07.197Z","","","","","",""
"UNIVERSITY","Gt2wwYipQgnTZ25DwbWcifsShAjexsSQq2c2cYuupump","58","3.950617282","","","","","","","","","","","","","","","","","","","","","","","","","","","","","","","","","","","","","","","","0.000002649","","","","","","","2026-07-25T06:10:06.933Z","","","","","",""
"KEYCAT","9gh1nWuHB4rW1gSLPNG3sBm4swuQADxzmuKvq5tMpump","","","","","","","","","","","","","","","","","","","","","","","","","","","","","","","","","","","","","","","","","","","","","","","","6.869e-8","","","","","","2026-07-25T06:10:06.973Z",""
"DATABASE","92m2e1nEZ2ShSYubPBCzURipqPVgdVGGWqywr5DUpump","","","","","","","","","","","","","","","","","","","","","","","","","","","","","","","","","","","","","","","","","","","","","","","","1.274e-7","","","","","","2026-07-25T06:10:07.007Z",""
"MMM","AQGFyisNonfWVJzrva2p9xuksP84UJZmQDcSUMAwpump","","","","","","","","","","","","","","","","","","","","","","","","","","","","","","","","","","","","","","","","","","","","","","","","5.377e-7","","","","","","2026-07-25T06:11:06.963Z",""
"KEYCAT","6XVTZcSmkjuhJBv26R9e2bFyUfBt73vo7s2dKprhpump","","","","","","","","","","","","","","","","","","","","","","","","","","","","","","","","","","","","","","","","","","","","","","","","0.000001228","","","","","","2026-07-25T06:11:07.021Z",""
"NEO","CWn8g5KZ3ijaih5k7V2Mhhph6H62r63NzFd8g6eapump","62","4","","","","","","","","","","","","","","","","","","","","","","","","","","","","","","","","","","","","","","","","0.000002068","","","","","","","2026-07-25T06:12:06.979Z","","","","","",""
"Apple Dog","CJyzzgU65hQkezchpbxRfxqxf2N9FWcsBWivVuDhpump","","","","","","","","","","","","","","","","","","","","","","","","","","","","","","","","","","","","","","","","","","","","","","","","0.000002083","","","","","","2026-07-25T06:12:07.015Z",""
"CROCODILES","5U6iEDp6KBc1m7QRaSwVVfL6yK2eHj9Xf8LhSEytpump","57","1.97530864","","","","","","","","","","","","","","","","","","","","","","","","","","","","","","","","","","","","","","","","0.000002081","","","","","","","2026-07-25T06:13:07.035Z","","","","","",""
"TrumpBot","B4dF1DayYzFV6xR7Pc4eE1wLrRz8aaeG3gBknMG3pump","94","12","","","","","","","","","","","","","","","","","","","","","","","","","","","","","","","","","","","","","","","","0.000006782","","","","","","","2026-07-25T06:13:07.072Z","","","","","",""
"MMM","85p6KGoEHfP556NQQAnd1F5JRQWe72RTDQPFKjdBpump","","","","","","","","","","","","","","","","","","","","","","","","","","","","","","","","","","","","","","","","","","","","","","","","9.485e-7","","","","","","2026-07-25T06:13:07.104Z",""
"BEEF","Hy3E9wwNs7sv43s76hibnxWMrt4zPaRPTPDzAZ3Apump","56","3","","","","","","","","","","","","","","","","","","","","","","","","","","","","","","","","","","","","","","","","0.000002073","","","","","","","2026-07-25T06:13:07.137Z","","","","","",""
" ","8Qu3WjtC6keTXeJvG1hkaN1HG2CADcy8VRAP4an7pump","","","","","","","","","","","","","","","","","","","","","","","","","","","","","","","","","","","","","","","","","","","","","","","","3.226e-7","","","","","","2026-07-25T06:14:07.043Z",""
"NINJA","GzN31odFMcTg5FPRY6FwYVJ1H2hk4xMHnzP9C7Ybpump","96","10","","","","","","","","","","","","","","","","","","","","","","","","","","","","","","","","","","","","","","","","0.000005823","","","","","","0.000002107","2026-07-25T06:14:07.074Z","","","","","2026-07-25T06:16:07.127Z",""
"FRIENDS","94MZ4y2boCcRM6sMW1HuKfTxqABNS2ccyfRYKpy2pump","","","","","","","","","","","","","","","","","","","","","","","","","","","","","","","","","","","","","","","","","","","","","","","","4.571e-7","","","","","","2026-07-25T06:15:07.085Z",""
"solana","FXvfmUVFtxMXo6SuTpnwJ3mFVifb4nTgzUsNj5Azpump","","","","","","","","","","","","","","","","","","","","","","","","","","","","","","","","","","","","","","","","","","","","","","","","6.992e-7","","","","","","2026-07-25T06:15:07.171Z",""
"ROUT ","DHQ3ad5MSQjyDqdHoMbAjtRPumpa1qi5TKqwNGnwpump","","","","","","","","","","","","","","","","","","","","","","","","","","","","","","","","","","","","","","","","","","","","","","","","9.008e-9","","","","","","2026-07-25T06:16:07.055Z",""
"Apple Dog","CUPVBgjp6D9gSsWa1kdAYAaW41FQafuvibP96tjipump","","","","","","","","","","","","","","","","","","","","","","","","","","","","","","","","","","","","","","","","","","","","","","","","0.000002514","","","","","","2026-07-25T06:16:07.226Z",""
"Saqaliba","7qQwcgW9euWGhgmtBEuYKhuadPigxtGaPxpxL9UYpump","58","2.962962961","","","","","","","","","","","","","","","","","","","","","","","","","","","","","","","","","","","","","","","","0.000002069","","","","","","","2026-07-25T06:17:06.960Z","","","","","",""
"FRIENDS","Dn3N3on3g8WNU8bdQrxGmi3XSxjR9dPpdqpPJF6epump","","","","","","","","","","","","","","","","","","","","","","","","","","","","","","","","","","","","","","","","","","","","","","","","1.483e-7","","","","","","2026-07-25T06:17:07.037Z",""
"FRIENDS","EfUyVewYbg2qPGPqHgqwxjXvpyoeUubVGGi5QZCkpump","","","","","","","","","","","","","","","","","","","","","","","","","","","","","","","","","","","","","","","","","","","","","","","","0.000001195","","","","","","2026-07-25T06:17:07.067Z",""
"Erdős","ALzEPKmLdsebq6Hb7G7N9mp1HybfzNPKW6mQX1yrpump","56","3.950617282","","","","","","","","","","","","","","","","","","","","","","","","","","","","","","","","","","","","","","","","0.000002136","","","","","","","2026-07-25T06:18:06.928Z","","","","","",""
"MOONSTER","J9vhtsN12ECaWF8Ff4fRnJQ39xGyJXxGEh888oXjpump","85","14.814814813","","","","","","","","","","","","","","","","","","","","","","","","","","","","","","","","","","","","","","","","0.00001104","","","","","","","2026-07-25T06:18:06.993Z","","","","","",""
"FRIENDS","CcMjxnUKe4sLCSxhZ5oyKY4zwvKMVevLimu1cKdspump","","","","","","","","","","","","","","","","","","","","","","","","","","","","","","","","","","","","","","","","","","","","","","","","0.000001099","","","","","","2026-07-25T06:18:07.056Z",""
"Foal","5ut6GKAgAQnz6hG1T9iU9EEi91L2a7raYGaYVYfcpump","57","2","","","","","","","","","","","","","","","","","","","","","","","","","","","","","","","","","","","","","","","","0.00000648","","","","","","","2026-07-25T06:19:07.019Z","","","","","",""
"Neo","A7hGdjCSJzqdyLUjMW1nh6khzVsEkCnqKD6yA4ELpump","57","1.97530864","","","","","","","","","","","","","","","","","","","","","","","","","","","","","","","","","","","","","","","","0.00001101","","","","","","","2026-07-25T06:19:07.081Z","","","","","",""
"Apple Dog","Cutxh4Hwk167SvZgREhZkfeuUPVA2JLqEokvjz5gpump","","","","","","","","","","","","","","","","","","","","","","","","","","","","","","","","","","","","","","","","","","","","","","","","0.000002073","","","","","","2026-07-25T06:20:06.929Z",""
"MMM","EY3PUfGVzwWyAoUQDS7JAXxzVaQdq52H2bXrTYhSpump","","","","","","","","","","","","","","","","","","","","","","","","","","","","","","","","","","","","","","","","","","","","","","","","9.541e-8","","","","","","2026-07-25T06:20:07.011Z",""
"ハル","94KxzvNk6ugvJj2wUSJpUfxtLgrwMpGahr9hZrxtpump","62","2.962962961","","","","","","","","","","","","","","","","","","","","","","","","","","","","","","","","","","","","","","","","0.000006282","","","","","","","2026-07-25T06:20:07.069Z","","","","","",""
"sıpa","Cg9CYBZ21QMtCB2erbcmzqFuGjqQMMBoduABZt1epump","60","3","","","","","","","","","","","","","","","","","","","","","","","","","","","","","","","","","","","","","","","","0.000002078","","","","","","","2026-07-25T06:22:06.922Z","","","","","",""
"VIB","Ge1a4YEyjwbn2TubYfjBgaxa7wTP7asEqZMhWR9Fpump","68","4.148148147","","","","","","","","","","","","","","","","","","","","","","","","","","","","","","","","","","","","","","","","0.000005099","","","","","","","2026-07-25T06:22:06.980Z","","","","","",""
"TAXES","8AG3MYciYYyPXreqWZJsXvWuxDr2R533ssYzS17fpump","","","","","","","","","","","","","","","","","","","","","","","","","","","","","","","","","","","","","","","","","","","","","","","","1.413e-7","","","","","","2026-07-25T06:23:06.922Z",""
"solana","4YNRSUvTzGJZhiMbFtnGeQEd1qGbVRtid1xf1TUtpump","","","","","","","","","","","","","","","","","","","","","","","","","","","","","","","","","","","","","","","","","","","","","","","","7.064e-7","","","","","","2026-07-25T06:23:06.957Z",""
"TAXES","52MZw53JhzTstUjo23BQSro3TNDMe7ya6yx7i8wzpump","","","","","","","","","","","","","","","","","","","","","","","","","","","","","","","","","","","","","","","","","","","","","","","","2.159e-7","","","","","","2026-07-25T06:23:07.083Z",""
"MONKE","8AFrqfYYssofC1p8Gjv9cgb576EbFdaPthSrc269pump","82","11.832098764","","59.981","","","","","30.4","420","-13.2","","","1.9","28","960","11.832098764","0","0","0","0","0","4807.97","5","2055.04","2055.04","0.72","0.72","19.57","","0","0","1","0","0","1.913875598086127","","","","","","0.000004693","0.000004807","","","0.000004899","","","2026-07-25T06:24:07.129Z","2026-07-25T06:27:07.012Z","","","2026-07-25T06:28:06.993Z","",""
"Apple Dog","CUWBtvDgqFJqU4qfNRFFnMxQGu4dZMXsMwGHAnHepump","","","","","","","","","","","","","","","","","","","","","","","","","","","","","","","","","","","","","","","","","","","","","","","","0.00000208","","","","","","2026-07-25T06:25:07.129Z",""
"Neo","GbP9BYRCkJXbKFuqaxYnZSMUgNrf2B7nCgkSk9CZpump","60","0.2","","","","","","","","","","","","","","","","","","","","","","","","","","","","","","","","","","","","","","","","0.000001614","","","","","","","2026-07-25T06:25:07.169Z","","","","","",""
"Apple Dog","CuYPeAXeTtEsaeuyK1V797uUDvmoq2hqAmbbvLhkpump","","","","","","","","","","","","","","","","","","","","","","","","","","","","","","","","","","","","","","","","","","","","","","","","0.000002077","","","","","","2026-07-25T06:27:07.189Z",""
"Numcat","EWjD5bpwrYvo3piZXoAq5VkybAqVeC3GnwfdL9cQpump","69","0.987654319","","120.015","","","","","21.2","60","-76.4","","","21.2","0","480","0.987654319","1","6","0","0","0","9657.1","5","14400.3","14400.3","0.624","0.624","338","","0","0","1","0","1","-37.48576162369265","","","","","","0.000004395","0.000009657","","","0.000006037","","","2026-07-25T06:27:07.230Z","2026-07-25T06:30:07.074Z","","","2026-07-25T06:32:07.089Z","",""
"LC","7VpMaKarDTE7UUaTkni2bHCedMuaeipCHsZmpKDwpump","","","","","","","","","","","","","","","","","","","","","","","","","","","","","","","","","","","","","","","","","","","","","","","","3.501e-7","","","","","","2026-07-25T06:29:06.992Z",""
"TAXES","13CVAXsAbSrtU39NYrKBG4Sxbrptkn9bV9Bp43VYpump","","","","","","","","","","","","","","","","","","","","","","","","","","","","","","","","","","","","","","","","","","","","","","","","5.835e-7","","","","","","2026-07-25T06:29:07.046Z",""
"TAXES","mr2A8da3iQ36GtMPXcQJpsgj9XnUi18FukHDZxipump","","","","","","","","","","","","","","","","","","","","","","","","","","","","","","","","","","","","","","","","","","","","","","","","3.931e-7","","","","","","2026-07-25T06:30:06.997Z",""
"cat","3ZjNc9aQBTY3LpXTzjBJoTteFk4L3e58Lt8ijTmDpump","62","0.098765431","","","","","","","","","","","","","","","","","","","","","","","","","","","","","","","","","","","","","","","","0.000002079","","","","","","","2026-07-25T06:30:07.149Z","","","","","",""
"Apple Dog","CZ4Bxv34qK1rq5w3PTNATVjpoXNscYTtQYrtiZe5pump","98","18.387320454","","","","","","","","","","","","","","","","","","","","","","","","","","","","","","","","","","","","","","","","0.000009177","","","","","","0.000002065","2026-07-25T06:31:06.912Z","","","","","2026-07-25T06:33:07.317Z",""
"POMO","ACCB5dheCk9kqbou9Dy3cNwd7J1pYhytdEt3ujJfpump","56","0.1","","","","","","","","","","","","","","","","","","","","","","","","","","","","","","","","","","","","","","","","0.000004423","","","","","","","2026-07-25T06:31:06.949Z","","","","","",""
"FLOCKCAM","HaBpf33YbtWUCRUKR8pho3uC8Wjbz9bmEtpGXda8pump","","","","","","","","","","","","","","","","","","","","","","","","","","","","","","","","","","","","","","","","","","","","","","","","0.000001081","","","","","","2026-07-25T06:31:06.985Z",""
"Erdős","36SN3qJ9EiNJkDRWieerNhkzmR7pUQxRzUhRnWZBpump","57","0.1","","","","","","","","","","","","","","","","","","","","","","","","","","","","","","","","","","","","","","","","0.000001614","","","","","","","2026-07-25T06:31:07.027Z","","","","","",""
"Jepsen","FSsemUDrXyS3jwYcA3891K98sfsDVTh6Y9NjHiUWpump","60","2.469135801","","","","","","","","","","","","","","","","","","","","","","","","","","","","","","","","","","","","","","","","0.000002678","","","","","","","2026-07-25T06:32:06.955Z","","","","","",""
"Marscoin","J2DdDoeGhHUgv8nDPYg3MT2G4PbxxkXufVakh5FNpump","","","","","","","","","","","","","","","","","","","","","","","","","","","","","","","","","","","","","","","","","","","","","","","","7.035e-9","","","","","","2026-07-25T06:32:07.017Z",""
"Mauro","CeuF2rPeGkwUTaRif7SMPBV17xjonVB2BGMkeDevpump","","","","","","","","","","","","","","","","","","","","","","","","","","","","","","","","","","","","","","","","","","","","","","","","1.031e-8","","","","","","2026-07-25T06:33:07.202Z",""
"LeRacist","CVtozq7eoL1oVwzqvQfB2WVsHfqSVtFjSTCGrdZLpump","79","0.088888887","","","","","","","","","","","","","","","","","","","","","","","","","","","","","","","","","","","","","","","","0.000001641","","","","","","","2026-07-25T06:34:07.040Z","","","","","",""
"Apple Dog","Daocy3ieHYkUZBamC3FEjPmHLeA7k2g26o1TrLmNpump","97","18.387320454","","","","","","","","","","","","","","","","","","","","","","","","","","","","","","","","","","","","","","","","0.00001038","","","","","","","2026-07-25T06:35:06.937Z","","","","","",""
"shitzschean","7552Mg2d9eFMeTje8hjFXMozSRz1fbwYEkhmEpZApump","59","3","","","","","","","","","","","","","","","","","","","","","","","","","","","","","","","","","","","","","","","","0.000002364","","","","","","","2026-07-25T06:36:06.986Z","","","","","",""
"THINKING","Go9E6eiz4sidknk3QsRVawqn6Hj2qhmqrWQ9rnjpump","","","","","","","","","","","","","","","","","","","","","","","","","","","","","","","","","","","","","","","","","","","","","","","","7.754e-7","","","","","","2026-07-25T06:36:07.066Z",""
"THINKING","AeqjkMimUGdjHCRVyStqwmjhhkHpASJC4w6HcUThpump","80","5","","","","","","","","","","","","","","","","","","","","","","","","","","","","","","","","","","","","","","","","0.00000664","","","","","","","2026-07-25T06:37:06.948Z","","","","","",""
"LG","2AyBpmebvwbokmTdg2cqD8gfriDjZt9NqyT732mBpump","","","","","","","","","","","","","","","","","","","","","","","","","","","","","","","","","","","","","","","","","","","","","","","","0.000001034","","","","","","2026-07-25T06:37:06.983Z",""
"raccoon","7DGX4zdRC8Dz1pKJMJVeCHw2bd6CLvkywDDd9Zikpump","62","4","","","","","","","","","","","","","","","","","","","","","","","","","","","","","","","","","","","","","","","","0.00000208","","","","","","","2026-07-25T06:37:07.016Z","","","","","",""
"WORM","DPCDdMEuk7ukHx1BFzmMMTvJGZnzcC2jFdSqwdMcpump","57","1.97530864","","","","","","","","","","","","","","","","","","","","","","","","","","","","","","","","","","","","","","","","0.000007904","","","","","","","2026-07-25T06:37:07.048Z","","","","","",""
"THINKING","41aXJJPo57XwwXi75ye1Lb3yV5FpKm8GGzXMLRWEpump","80","5","","","","","","","","","","","","","","","","","","","","","","","","","","","","","","","","","","","","","","","","0.000002163","","","","","","","2026-07-25T06:38:06.920Z","","","","","",""
"Erdős","65FDvwjA6Cdt2pj7KBCmvmj92V98v6N17GtrtEG9pump","57","1.97530864","","","","","","","","","","","","","","","","","","","","","","","","","","","","","","","","","","","","","","","","0.000009601","","","","","","","2026-07-25T06:39:07.085Z","","","","","",""
"Chucky","akf7qRYZfVuG21tngU8Mhr9o5PM9rpU9a9GoALFpump","","","","","","","","","","","","","","","","","","","","","","","","","","","","","","","","","","","","","","","","","","","","","","","","0.000001","","","","","","2026-07-25T06:39:07.124Z",""
"Philosophoor","6x8wRGQR8WhA3gFYgpgLduCxtozgrfaqTzMdHwVwpump","57","5.925925924","","","","","","","","","","","","","","","","","","","","","","","","","","","","","","","","","","","","","","","","0.00000232","","","","","","","2026-07-25T06:39:07.157Z","","","","","",""
"THINKING","CuX4GmiBcWkBFXvCwXt55e2ZqhQ8jTY7mXxSyNmLpump","87","10","","","","","","","","","","","","","","","","","","","","","","","","","","","","","","","","","","","","","","","","0.000007551","","","","","","","2026-07-25T06:39:07.190Z","","","","","",""
"Pump=Win","J7sAN8DX5X3mA9hLLGkWpJBLEL1nvBnFpMhQDJyfpump","67","0.200000001","","","","","","","","","","","","","","","","","","","","","","","","","","","","","","","","","","","","","","","","0.000002256","","","","","","","2026-07-25T06:40:06.924Z","","","","","",""
"THINKING","AwHKZnJbraNaMeoMFXfkJXTAtupUUozH1AzutEnBpump","","","","","","","","","","","","","","","","","","","","","","","","","","","","","","","","","","","","","","","","","","","","","","","","4.31e-7","","","","","","2026-07-25T06:40:06.958Z",""
"THINKING","8VeW5an57aziep5prAAL2LRP6T5g4riBAtw4TWcjpump","","","","","","","","","","","","","","","","","","","","","","","","","","","","","","","","","","","","","","","","","","","","","","","","3.53e-7","","","","","","2026-07-25T06:40:06.982Z",""
"THINKING","71GprWU4QAXRtiYAmF4JGVZYwvfB41eDivh95RdBpump","","","","","","","","","","","","","","","","","","","","","","","","","","","","","","","","","","","","","","","","","","","","","","","","8.878e-7","","","","","","2026-07-25T06:40:07.064Z",""
"THINKING","6vM7dwiEehCYRp57Qwx4oQPhvs7Nqsd91AYW61arpump","","","","","","","","","","","","","","","","","","","","","","","","","","","","","","","","","","","","","","","","","","","","","","","","0.000001766","","","","","","2026-07-25T06:41:06.962Z",""
"THINKING","Xii766r3RW7EwzXzqPVRTm1UvTHdK9pvLKj7wiTpump","","","","","","","","","","","","","","","","","","","","","","","","","","","","","","","","","","","","","","","","","","","","","","","","2.043e-7","","","","","","2026-07-25T06:41:06.987Z",""
"THINKING","CmeT7AmiHS69Nz6nc68AwZFCHNUPuhAdJti4TV1upump","80","5","","","","","","","","","","","","","","","","","","","","","","","","","","","","","","","","","","","","","","","","0.000001979","","","","","","","2026-07-25T06:41:07.057Z","","","","","",""
"THINKING","8J6csUMq5L6vLFKr5ZJhDwtz7U4NTDv7T5jbnaxUpump","","","","","","","","","","","","","","","","","","","","","","","","","","","","","","","","","","","","","","","","","","","","","","","","6.522e-7","","","","","","2026-07-25T06:41:07.079Z",""
"CTR","3VXViVsG42bXyvvePBpDWTD7Y6MMkBEuaeEowGKYpump","58","2.153086418","","","","","","","","","","","","","","","","","","","","","","","","","","","","","","","","","","","","","","","","0.000002065","","","","","","","2026-07-25T06:42:07.019Z","","","","","",""
"THINKING","EKgbzfZn9GPzf6XPc5EnaL6tbTQSzP8VpccLjToEpump","","","","","","","","","","","","","","","","","","","","","","","","","","","","","","","","","","","","","","","","","","","","","","","","3.237e-7","","","","","","2026-07-25T06:42:07.054Z",""
"gCABBIT","FhicpiYtHq5RksJWt1sjuDy1gPJ5HQDQxTSyiitnpump","70","4.938271603","","","","","","","","","","","","","","","","","","","","","","","","","","","","","","","","","","","","","","","","0.000002076","","","","","","","2026-07-25T06:42:07.095Z","","","","","",""
"THINKING","6FSXxF9NXq22M933oDPodCuxdp4xdhszpZQF5BKkpump","86","10","","","","","","","","","","","","","","","","","","","","","","","","","","","","","","","","","","","","","","","","0.000007094","","","","","","","2026-07-25T06:42:07.179Z","","","","","",""
"THINKING","267dhgbhMstAuJSrRo13rMA5cK6JBXxGrsTkSz3ypump","","","","","","","","","","","","","","","","","","","","","","","","","","","","","","","","","","","","","","","","","","","","","","","","6.216e-7","","","","","","2026-07-25T06:43:06.984Z",""
"THINKING","DkdeK3WcsEVnmupn3gbFAC6WrbfXxABQeL4DArTBpump","","","","","","","","","","","","","","","","","","","","","","","","","","","","","","","","","","","","","","","","","","","","","","","","6.031e-7","","","","","","2026-07-25T06:43:07.016Z",""
"SNOWFLAKE","4JM98LEpVZxARhbNVagmPREAmNPASfYNf9HDF3mUpump","70","7.901234566","","","","","","","","","","","","","","","","","","","","","","","","","","","","","","","","","","","","","","","","0.00000221","","","","","","","2026-07-25T06:43:07.052Z","","","","","",""
"catwifbob","C3UHCWYF1gAypo4QSqKtm9at8CuApXZyDc3RvmmQpump","58","2.962962961","","","","","","","","","","","","","","","","","","","","","","","","","","","","","","","","","","","","","","","","0.000002168","","","","","","","2026-07-25T06:43:07.087Z","","","","","",""
"THINKING","DftEG3PYVhDL4xMCef8CioGdjbUTnJ3MpjcmDY6Zpump","","","","","","","","","","","","","","","","","","","","","","","","","","","","","","","","","","","","","","","","","","","","","","","","0.000001177","","","","","","2026-07-25T06:44:07.073Z",""
"THINKING","2D8yXckFvv33kD4MsEGqkXvvBqfp7P4hSQ91uFkspump","","","","","","","","","","","","","","","","","","","","","","","","","","","","","","","","","","","","","","","","","","","","","","","","6.214e-7","","","","","","2026-07-25T06:44:07.100Z",""
"THINKING","4yiRL8hTjGdmWnHxfZAknY3G8uveXTrXFgNUcdAgpump","","","","","","","","","","","","","","","","","","","","","","","","","","","","","","","","","","","","","","","","","","","","","","","","2.848e-7","","","","","","2026-07-25T06:44:07.151Z",""
"THINKING","6hzkBrQaci66i3NS2DZjDALHDLTMWrHxUEyZMjo1pump","86","10","","","","","","","","","","","","","","","","","","","","","","","","","","","","","","","","","","","","","","","","0.000002941","","","","","","","2026-07-25T06:44:07.181Z","","","","","",""
"THINKING","2z4X4Fbb98PScjmRM7T9c5XikGPTe2Abyx8YWh8Fpump","","","","","","","","","","","","","","","","","","","","","","","","","","","","","","","","","","","","","","","","","","","","","","","","2.599e-7","","","","","","2026-07-25T06:45:06.959Z",""
"THINKING","8hRLBe2DEf9VPy83GGkUfz5YS1KYvBjHWSodR5DBpump","","","","","","","","","","","","","","","","","","","","","","","","","","","","","","","","","","","","","","","","","","","","","","","","7.076e-7","","","","","","2026-07-25T06:45:06.993Z",""
"THINKING","5ofzDQcoXvKZshmhyFTyZ62RYVpw5hifCQD53rtmpump","","","","","","","","","","","","","","","","","","","","","","","","","","","","","","","","","","","","","","","","","","","","","","","","2.322e-7","","","","","","2026-07-25T06:45:07.049Z",""
"organic","En7CsFQZUMyZgMbHuPUCTMu2WLZrRm7vcXKpgDWdpump","","","","","","","","","","","","","","","","","","","","","","","","","","","","","","","","","","","","","","","","","","","","","","","","1.047e-7","","","","","","2026-07-25T06:45:07.081Z",""
"organic","6C3P7BawNmyH7FoerYxWYYFJaggeCB6c32bTtD8Kpump","","","","","","","","","","","","","","","","","","","","","","","","","","","","","","","","","","","","","","","","","","","","","","","","2.057e-7","","","","","","2026-07-25T06:46:06.955Z",""
"THINKING","2GL3VvTjgzr3DCeWLETcMWyuLJvotX4U97VS1svKpump","","","","","","","","","","","","","","","","","","","","","","","","","","","","","","","","","","","","","","","","","","","","","","","","4.094e-7","","","","","","2026-07-25T06:46:06.989Z",""
"THINKING","BWcsfVX6UZkvdvRG7VoMfceU9Bb6cxrCU28WE3rGpump","","","","","","","","","","","","","","","","","","","","","","","","","","","","","","","","","","","","","","","","","","","","","","","","3.636e-7","","","","","","2026-07-25T06:46:07.039Z",""
"THINKING","9iRb6t3VovAan8F6Pp7R2dv5t9jmZ54fgBdQHNAPpump","","","","","","","","","","","","","","","","","","","","","","","","","","","","","","","","","","","","","","","","","","","","","","","","4.706e-7","","","","","","2026-07-25T06:46:07.070Z",""
"THINKING","rUqaRQeDNU5fcW2G3eTPJi21wnp9dokpRHxzMo7pump","","","","","","","","","","","","","","","","","","","","","","","","","","","","","","","","","","","","","","","","","","","","","","","","3.442e-7","","","","","","2026-07-25T06:47:06.951Z",""
"THINKING","7zjnGMb2irECGXZueh4mhNAQNGhAwYk2K7KHSwYZpump","97","2.8","","","","","","","","","","","","","","","","","","","","","","","","","","","","","","","","","","","","","","","","0.000005746","","","","","","","2026-07-25T06:47:06.987Z","","","","","",""
"THINKING","rPjkeg9dUYXzFNASMgMGFgCLtTxCvtT391hCMKJpump","","","","","","","","","","","","","","","","","","","","","","","","","","","","","","","","","","","","","","","","","","","","","","","","2.779e-7","","","","","","2026-07-25T06:48:06.990Z",""
"USDRC","2Gw9pP56m7d1jSCQM9SwtHSPphgBMaow1WAJUgS4pump","100","0.217250039","","","","","","","","","","","","","","","","","","","","","","","","","","","","","","","","","","","","","","","","0.00000208","","","","","","","2026-07-25T06:48:07.065Z","","","","","",""
"USDRC","8C7MD67vVYP4WbejTK2KFsAxa6kTAxU4p7V3nYUVpump","97","0.217250039","","","","","","","","","","","","","","","","","","","","","","","","","","","","","","","","","","","","","","","","0.000002078","","","","","","","2026-07-25T06:49:06.971Z","","","","","",""
"THINKING","HDdbQmF1J4bAuC4k1LLesPZfr8ww4qfSKYQ6b7tqpump","","","","","","","","","","","","","","","","","","","","","","","","","","","","","","","","","","","","","","","","","","","","","","","","4.392e-7","","","","","","2026-07-25T06:49:07.002Z",""
"organic","5gV3JyWuaY5kcieqnchxivEMg9xuSRY9Ye54jKUapump","","","","","","","","","","","","","","","","","","","","","","","","","","","","","","","","","","","","","","","","","","","","","","","","1.919e-7","","","","","","2026-07-25T06:50:06.987Z",""
"THINKING","3gb1LMNcbEU5wMAd7Vk6qiMqxAyAifpgQUu9pQZtpump","","","","","","","","","","","","","","","","","","","","","","","","","","","","","","","","","","","","","","","","","","","","","","","","1.83e-7","","","","","","2026-07-25T06:50:07.025Z",""
"THINKING","FAQExHDFp3K5HtcnmEz4ocGybNYVDWndev2WTwXopump","","","","","","","","","","","","","","","","","","","","","","","","","","","","","","","","","","","","","","","","","","","","","","","","8.249e-7","","","","","","2026-07-25T06:50:07.050Z",""
"AO","8hVPZq44wTqCozFBjU5SzBkuAGcuvZsV2shb2xoUpump","63","3","","","","","","","","","","","","","","","","","","","","","","","","","","","","","","","","","","","","","","","","0.000002384","","","","","","","2026-07-25T06:50:07.078Z","","","","","",""
"THINKING","7hr9MoB8w8RKqbNmY8nCbRQSSHz6jz3Lzg1TiuHspump","","","","","","","","","","","","","","","","","","","","","","","","","","","","","","","","","","","","","","","","","","","","","","","","5.534e-7","","","","","","2026-07-25T06:51:06.944Z",""
"Friedrich","APrHwxPbiuTCiseQDtJzedgtd9CuFJb6kHy9UHhVpump","66","0.1","","","","","","","","","","","","","","","","","","","","","","","","","","","","","","","","","","","","","","","","0.000001668","","","","","","","2026-07-25T06:51:06.976Z","","","","","",""
"THINKING","8hmGnQCQKLAfGkXjNszgHQ6wP3fAKccvjnDtkHWvpump","","","","","","","","","","","","","","","","","","","","","","","","","","","","","","","","","","","","","","","","","","","","","","","","4.655e-7","","","","","","2026-07-25T06:51:07.013Z",""
"THINKING","zNRXx1C2new6Xuom3KL5MDhKmwNFVmxt6MVw7bvpump","","","","","","","","","","","","","","","","","","","","","","","","","","","","","","","","","","","","","","","","","","","","","","","","3.674e-7","","","","","","2026-07-25T06:51:07.049Z",""
"Apple Dog","De4SLWRGRvhrpcwrx7cCFWhamaRhfEXD1ZMo4wHFpump","97","18.387320454","","","","","","","","","","","","","","","","","","","","","","","","","","","","","","","","","","","","","","","","0.00000721","","","","","","0.000002077","2026-07-25T06:52:06.975Z","","","","","2026-07-25T06:54:07.186Z",""
"THINKING","AiaoAZEJu13wsj2qDRAqNGVsRKWgrwkECDcRJESypump","","","","","","","","","","","","","","","","","","","","","","","","","","","","","","","","","","","","","","","","","","","","","","","","7.693e-7","","","","","","2026-07-25T06:52:07.007Z",""
"Dragon","7MJVUauDX5ZmTFxgvq65yCmTxg2rxxmXEVTg1xSnpump","58","3","","","","","","","","","","","","","","","","","","","","","","","","","","","","","","","","","","","","","","","","0.000002241","","","","","","","2026-07-25T06:52:07.042Z","","","","","",""
"cucky","C1piJ2ssjXkcFoFaJp3bWvMkYGqDMwUtQqtqEF5dpump","","","","","","","","","","","","","","","","","","","","","","","","","","","","","","","","","","","","","","","","","","","","","","","","0.000001254","","","","","","2026-07-25T06:53:06.959Z",""
"POPOU","5btZZwrZkGrxqLTUw5JdtqoBxhguJdY6ZwG57FG6pump","58","2.106666665","","","","","","","","","","","","","","","","","","","","","","","","","","","","","","","","","","","","","","","","0.000002066","","","","","","","2026-07-25T06:53:06.986Z","","","","","",""
" ","2VBh7QyBsDxd2yUxVMsR95vxRS26RUibMGgWthibpump","83","8","","","","","","","","","","","","","","","","","","","","","","","","","","","","","","","","","","","","","","","","0.000005601","","","","","","","2026-07-25T06:53:07.019Z","","","","","",""
"MASON33","J3y5DcisvZRk9h2afirNEkzrvdkMNvKNRbvgcZ1Cpump","","","","","","","","","","","","","","","","","","","","","","","","","","","","","","","","","","","","","","","","","","","","","","","","5.47e-7","","","","","","2026-07-25T06:53:07.052Z",""
"Ascend","8xsKYYETjGcfgxY84GzJjTvN4gGMDH1hbgNtbraupump","60","2.962962961","","","","","","","","","","","","","","","","","","","","","","","","","","","","","","","","","","","","","","","","0.000002081","","","","","","","2026-07-25T06:54:07.073Z","","","","","",""
"MASON33","J9n87je8NPDGimG5eNrvVP8hUZaG9tvtj6ueP6Hspump","56","0.1","","","","","","","","","","","","","","","","","","","","","","","","","","","","","","","","","","","","","","","","0.000004552","","","","","","","2026-07-25T06:54:07.107Z","","","","","",""
"Pippin ","G6KTCsieeX4U79m8x6bz9fihZ7PkoNfYcfJLT3xFVU5w","57","3.950617282","","","","","","","","","","","","","","","","","","","","","","","","","","","","","","","","","","","","","","","","0.00001134","","","","","","","2026-07-25T06:54:07.144Z","","","","","",""
"FREE","8UcCvspSpc3x7WqLE5hCt9UssCb1WpEN7532jJMipump","55","0.1","","","","","","","","","","","","","","","","","","","","","","","","","","","","","","","","","","","","","","","","0.000003068","","","","","","","2026-07-25T06:55:06.953Z","","","","","",""
" ","B79zj9FAkBaM41PpX9J2t6mBCe2eSZZMHybEvUNWpump","","","","","","","","","","","","","","","","","","","","","","","","","","","","","","","","","","","","","","","","","","","","","","","","5.615e-7","","","","","","2026-07-25T06:55:06.992Z",""
" ","39Gx5Y821TVtopJn7BTM8eYN9p29frPY45v8XCxqpump","","","","","","","","","","","","","","","","","","","","","","","","","","","","","","","","","","","","","","","","","","","","","","","","0.000001045","","","","","","2026-07-25T06:55:07.058Z",""
" ","7U7MAG5BsnTuMGscUZinyaXtZA6ik82Gd7oz9Xfzpump","","","","","","","","","","","","","","","","","","","","","","","","","","","","","","","","","","","","","","","","","","","","","","","","1.777e-7","","","","","","2026-07-25T06:56:06.987Z",""
" ","PyRtGQzUsXtmaQAJHVMheo1Sy371zQ1ttNmB27Xpump","","","","","","","","","","","","","","","","","","","","","","","","","","","","","","","","","","","","","","","","","","","","","","","","0.000001498","","","","","","2026-07-25T06:56:07.016Z",""
" ","F3Mn5FuVkqTWAgRZwYQUv4D9ZAEmCyXzPjZeHwttpump","","","","","","","","","","","","","","","","","","","","","","","","","","","","","","","","","","","","","","","","","","","","","","","","2.355e-7","","","","","","2026-07-25T06:56:07.050Z",""
"Rug Head","GRHXbigLcn9tccLYtHZNYV2T28YLXznvHghYjZbRpump","","","","","","","","","","","","","","","","","","","","","","","","","","","","","","","","","","","","","","","","","","","","","","","","1.915e-7","","","","","","2026-07-25T06:56:07.084Z",""
"atm","8fyRgMivF1bQsHEGQgFmsFS7JxjLcekumj8Txhmjpump","","","","","","","","","","","","","","","","","","","","","","","","","","","","","","","","","","","","","","","","","","","","","","","","9.752e-7","","","","","","2026-07-25T06:57:06.912Z",""
" ","AC6d3dsLZYZnGdjzX4QrBYfzZvNVCmpfN4XoLonqpump","","","","","","","","","","","","","","","","","","","","","","","","","","","","","","","","","","","","","","","","","","","","","","","","7.47e-7","","","","","","2026-07-25T06:57:06.948Z",""
"melting ","EBqz8r6rifx2KTb72VFHK3JC79Waj6psxqczBx68pump","","","","","","","","","","","","","","","","","","","","","","","","","","","","","","","","","","","","","","","","","","","","","","","","4.632e-9","","","","","","2026-07-25T06:57:06.986Z",""
" ","CC6gLGFfc8Cfwq6offKBf8n8SzQwVyvnvKkhPAVXpump","","","","","","","","","","","","","","","","","","","","","","","","","","","","","","","","","","","","","","","","","","","","","","","","2.006e-7","","","","","","2026-07-25T06:57:07.022Z",""
"melting ","BEaYCDnpPSs42YaFwFrscshc8AMgksJTgbPMwAFEpump","59","0.100000001","","","","","","","","","","","","","","","","","","","","","","","","","","","","","","","","","","","","","","","","0.000001598","","","","","","","2026-07-25T06:58:06.897Z","","","","","",""
" ","9SzV59kF6Nn2KFFeDJoKgqSUfwvBTWHCNiK1WowBpump","76","5","","","","","","","","","","","","","","","","","","","","","","","","","","","","","","","","","","","","","","","","0.000005454","","","","","","","2026-07-25T06:58:06.966Z","","","","","",""
"MMM","BvANdNcmQHfw8AgdSwBGMyRmBLjy2ZdKWvFK4QLWpump","61","1.000000001","","","","","","","","","","","","","","","","","","","","","","","","","","","","","","","","","","","","","","","","0.000001598","","","","","","","2026-07-25T06:58:06.987Z","","","","","",""
"coin","E7GMKHuEpduKs2h6t2Eqx38X35LCZRHWL2pmizi3pump","","","","","","","","","","","","","","","","","","","","","","","","","","","","","","","","","","","","","","","","","","","","","","","","0.000001114","","","","","","2026-07-25T06:59:06.896Z",""
" ","4JTv2ATzMm63dxndwbQPqwWMjB49npfDxLpD9SA1pump","77","5","","","","","","","","","","","","","","","","","","","","","","","","","","","","","","","","","","","","","","","","0.000004752","","","","","","","2026-07-25T06:59:06.933Z","","","","","",""
"anxiety ","6wPh51q6fstZ3Xz5fRCyGZuoot2fot1ehmjiEbHYpump","56","0.100000001","","","","","","","","","","","","","","","","","","","","","","","","","","","","","","","","","","","","","","","","0.000002625","","","","","","","2026-07-25T06:59:06.967Z","","","","","",""
" ","7fR8iHicw1qHwb3ktku6ZZ9SS2ipgF6gbarr6AEBpump","","","","","","","","","","","","","","","","","","","","","","","","","","","","","","","","","","","","","","","","","","","","","","","","2.88e-7","","","","","","2026-07-25T06:59:07.000Z",""
"MMM","EkxuMoTnJcDJ3boZDdwNUccpVaUTYGEFmUqV9QU7pump","61","1.000000001","","","","","","","","","","","","","","","","","","","","","","","","","","","","","","","","","","","","","","","","0.000005193","","","","","","","2026-07-25T07:00:06.960Z","","","","","",""
" ","A5ZRL9FEDgEwUoT6HRSWA14AgaXyG6y3ycbxGEcLpump","","","","","","","","","","","","","","","","","","","","","","","","","","","","","","","","","","","","","","","","","","","","","","","","3.2e-7","","","","","","2026-07-25T07:00:06.997Z",""
" ","6ZCzydvKcZ3knBWyk6oUsMtMM4FWRsaS6K4K3k5Vpump","","","","","","","","","","","","","","","","","","","","","","","","","","","","","","","","","","","","","","","","","","","","","","","","2.286e-7","","","","","","2026-07-25T07:00:07.036Z",""
"APPLE DOG","8RHFHRmB9uSP8mR8MfhvEm5jLynQiv61s5NMckaXpump","92","7.017283949","","","","","","","","","","","","","","","","","","","","","","","","","","","","","","","","","","","","","","","","0.000002107","","","","","","","2026-07-25T07:00:07.122Z","","","","","",""
"TESLACONOMICS","CVvGuzoSC9QGQ3tc8wmPbB2JCpcvGv22QVdwc9VUpump","","","","","","","","","","","","","","","","","","","","","","","","","","","","","","","","","","","","","","","","","","","","","","","","0.000001564","","","","","","2026-07-25T07:01:06.961Z",""
"TESLACONOMICS","2YFHzYN45fEqJMstNRu3nDUXhpNBbENg23nJTtu4pump","","","","","","","","","","","","","","","","","","","","","","","","","","","","","","","","","","","","","","","","","","","","","","","","7.227e-7","","","","","","2026-07-25T07:01:07.025Z",""
"TESLACONOMICS","CYBBbkkU5W4RHzC75T5GXypauJmJVPfq41Lo5kgwpump","76","5","","","","","","","","","","","","","","","","","","","","","","","","","","","","","","","","","","","","","","","","0.000004759","","","","","","","2026-07-25T07:02:07.079Z","","","","","",""
"WOLF","7889uvughssFP4gMZbZf79FC4cS8tx5FgovyDsRupump","92","35.318518517","","","","","","","","","","","","","","","","","","","","","","","","","","","","","","","","","","","","","","","","0.0000108","","","","","","","2026-07-25T07:03:07.017Z","","","","","",""
"PUMP","7XQwu59JemxzYZRN43zDCZ8Scg319R9VBZxdPsj1pump","76","5","","","","","","","","","","","","","","","","","","","","","","","","","","","","","","","","","","","","","","","","0.000001895","","","","","","","2026-07-25T07:04:06.892Z","","","","","",""
"PUMP","H8Cem9hJiyrkgGwPG3faTdVn2ERs7GycaBRaA5Xwpump","","","","","","","","","","","","","","","","","","","","","","","","","","","","","","","","","","","","","","","","","","","","","","","","5.484e-7","","","","","","2026-07-25T07:04:06.922Z",""
"tutu","D8SFkbCjnDoQ8nTa3evBcHU4gVatbZ1xp2HttKwvpump","","","","","","","","","","","","","","","","","","","","","","","","","","","","","","","","","","","","","","","","","","","","","","","","9.717e-8","","","","","","2026-07-25T07:04:06.953Z",""
"PUMP","7eVNqXDvWonZozBazPeFn8Q6eN6jqjRJ7EXgBGGrpump","","","","","","","","","","","","","","","","","","","","","","","","","","","","","","","","","","","","","","","","","","","","","","","","3.264e-7","","","","","","2026-07-25T07:04:06.980Z",""
"PUMP","6LtXdz5LN6nLrhAsvfvmBijKZrAtS6wLvmKsXjLkpump","66","2.46","","","","","","","","","","","","","","","","","","","","","","","","","","","","","","","","","","","","","","","","0.000001459","","","","","","","2026-07-25T07:05:06.902Z","","","","","",""
"APPLE DOG","8Jg9n94oDUFByk36vDcz7nmLE1Z4E1tRjvVuWUbpump","91","7.869629628","","","","","","","","","","","","","","","","","","","","","","","","","","","","","","","","","","","","","","","","0.00000931","","","","","","","2026-07-25T07:05:06.933Z","","","","","",""
"PUMP","5MbAnuRZBVRiGjXeA2yDLgCdKeMF7JUMZfzxcQn9pump","","","","","","","","","","","","","","","","","","","","","","","","","","","","","","","","","","","","","","","","","","","","","","","","6.598e-7","","","","","","2026-07-25T07:05:06.965Z",""
"PUMP","CBBa8BTTpBDQ6qyGuJb1BWnJUbnWrs9M4KxGEvFJpump","","","","","","","","","","","","","","","","","","","","","","","","","","","","","","","","","","","","","","","","","","","","","","","","8.286e-7","","","","","","2026-07-25T07:06:06.906Z",""
"MMM","G4G4pu52cETkNRLTfKKrHRADzQNmMV5iNYE6wyvfpump","60","1.000000001","","","","","","","","","","","","","","","","","","","","","","","","","","","","","","","","","","","","","","","","0.000001356","","","","","","","2026-07-25T07:06:06.983Z","","","","","",""
"ss","p3TB53bcMeUsLC5aKhLTJ7gMaiqBi68rY71npzkpump","","","","","","","","","","","","","","","","","","","","","","","","","","","","","","","","","","","","","","","","","","","","","","","","6.825e-7","","","","","","2026-07-25T07:06:07.064Z",""
"DoubleT","6zs43RzJka5xGDrcQeVLncniTsBqPDs1qkRvE2xRpump","56","3","","","","","","","","","","","","","","","","","","","","","","","","","","","","","","","","","","","","","","","","0.000002131","","","","","","","2026-07-25T07:06:07.101Z","","","","","",""
"bearbull","DuhCHBdU9irEiiXGa17oGM9D2kGbCTdG7b8ajmLspump","","","","","","","","","","","","","","","","","","","","","","","","","","","","","","","","","","","","","","","","","","","","","","","","1.371e-7","","","","","","2026-07-25T07:07:06.898Z",""
"KK","9M3VXBtPRhvdfp5Q91eBEiY9qJJXfTgzSHQDatHnpump","70","8.400000001","","","","","","","","","","","","","","","","","","","","","","","","","","","","","","","","","","","","","","","","0.000003391","","","","","","","2026-07-25T07:07:06.932Z","","","","","",""
"HAM","H3fG2wB94J5cvjwVhLVmykUtiadPYjGRVKXC1Nnjpump","61","4","","","","","","","","","","","","","","","","","","","","","","","","","","","","","","","","","","","","","","","","0.000002352","","","","","","","2026-07-25T07:07:06.961Z","","","","","",""
"ss","7X6BVQ5fLhfaGmMDiZHjCJ9sQDECPew8t2BgL3s2pump","74","2.962962961","","","","","","","","","","","","","","","","","","","","","","","","","","","","","","","","","","","","","","","","0.000002547","","","","","","","2026-07-25T07:07:06.987Z","","","","","",""
"PUMP","6Q9vjM7nC37rSk1kn3hGjsfXYLftDLF1itYKk5ubpump","","","","","","","","","","","","","","","","","","","","","","","","","","","","","","","","","","","","","","","","","","","","","","","","5.199e-8","","","","","","2026-07-25T07:08:07.043Z",""
"JEWBEATER","6Rzugy8ynfAoYw9Lu3EJ821QQdnHxBccacdEcFvwpump","","","","","","","","","","","","","","","","","","","","","","","","","","","","","","","","","","","","","","","","","","","","","","","","1.791e-7","","","","","","2026-07-25T07:08:07.070Z",""
"ss","J5TW1U4m23gNxA85ntiiiy5Yx5kBwDUwcstiZiZ3pump","","","","","","","","","","","","","","","","","","","","","","","","","","","","","","","","","","","","","","","","","","","","","","","","2.63e-7","","","","","","2026-07-25T07:08:07.103Z",""
"BEEF","8hy4bFBtK2GK4fiEiXbaUkGzWBkBzkqraZd7adEdpump","59","2.962962961","","","","","","","","","","","","","","","","","","","","","","","","","","","","","","","","","","","","","","","","0.000005947","","","","","","","2026-07-25T07:09:06.903Z","","","","","",""
"s","sUtZFc4b63MXrmsno1Uop4ojhVHLjmmn2dfpgpipump","68","1.97530864","","","","","","","","","","","","","","","","","","","","","","","","","","","","","","","","","","","","","","","","0.000009167","","","","","","","2026-07-25T07:09:06.960Z","","","","","",""
"bearbull","J8PgVTLrpX1Q35eb7yoiRcUZraW2cdJHdzRocy4Upump","","","","","","","","","","","","","","","","","","","","","","","","","","","","","","","","","","","","","","","","","","","","","","","","4.553e-7","","","","","","2026-07-25T07:09:06.996Z",""
"PUMP","2k9THS7wjbd9byvmx9RAGauoMvjSgy39ScYKQ1Bvpump","","","","","","","","","","","","","","","","","","","","","","","","","","","","","","","","","","","","","","","","","","","","","","","","1.707e-7","","","","","","2026-07-25T07:09:07.071Z",""
"PUMP","E431gLmkkDPZUZseyRxb2btycxHy5g3KXoqz5Mczpump","","","","","","","","","","","","","","","","","","","","","","","","","","","","","","","","","","","","","","","","","","","","","","","","1.996e-7","","","","","","2026-07-25T07:10:07.030Z",""
"MMM","DtHdsWqwEareDiXknsb6dYSmtjEvdzA9VntPZkhHpump","60","1.000000001","","","","","","","","","","","","","","","","","","","","","","","","","","","","","","","","","","","","","","","","0.000002985","","","","","","7.122e-7","2026-07-25T07:10:07.061Z","","","","","2026-07-25T07:13:06.993Z",""
"PUMP","GU6rfryoUg9WXYHCtdFUAoi3dGBVdwPmbfyyXfeSpump","","","","","","","","","","","","","","","","","","","","","","","","","","","","","","","","","","","","","","","","","","","","","","","","0.000001152","","","","","","2026-07-25T07:10:07.093Z",""
"PUMP","3oDTcGqy3usK4hY2r4zDabNTXghi95TtntgGBDvnpump","","","","","","","","","","","","","","","","","","","","","","","","","","","","","","","","","","","","","","","","","","","","","","","","1.388e-7","","","","","","2026-07-25T07:10:07.127Z",""
"Torho","4ryo1rQCg9GPL8mFhCFwKKGcqbgVRbXbompyB7Mwpump","58","3","","","","","","","","","","","","","","","","","","","","","","","","","","","","","","","","","","","","","","","","0.000004275","","","","","","","2026-07-25T07:11:06.938Z","","","","","",""
"PUMP","H4eCUjoBrZtDBT35xYSU8jWYJqAXCewdfn4DkPrPpump","62","1.5","","","","","","","","","","","","","","","","","","","","","","","","","","","","","","","","","","","","","","","","0.000002262","","","","","","","2026-07-25T07:11:06.975Z","","","","","",""
"PUMP","F4qMeZ39LHDkiFNjj9RoqvizAr9a2nQiw64KCeJKpump","","","","","","","","","","","","","","","","","","","","","","","","","","","","","","","","","","","","","","","","","","","","","","","","3.332e-7","","","","","","2026-07-25T07:11:07.006Z",""
"$GROKPUMP","8F2YSVDaybf6SCWEdmLbGm9kRZ3RJtaaXsbsC8PKpump","91","0.100000001","","","","","","","","","","","","","","","","","","","","","","","","","","","","","","","","","","","","","","","","0.000002098","","","","","","","2026-07-25T07:11:07.042Z","","","","","",""
"404","35VF7F15d4NMkMdGKk4yiJodYqQrAuRRywwpCQpppump","","","","","","","","","","","","","","","","","","","","","","","","","","","","","","","","","","","","","","","","","","","","","","","","8.472e-7","","","","","","2026-07-25T07:12:07.027Z",""
"JEWBEATER","HbVCpGcxANkt2tT2pqyoem6cVvtxM1vCkVC3EMUapump","","","","","","","","","","","","","","","","","","","","","","","","","","","","","","","","","","","","","","","","","","","","","","","","2.982e-9","","","","","","2026-07-25T07:12:07.056Z",""
"404","2idDZAo4vjBd61DzjRnoodUbwk6jC1A4iiiihJEHpump","","","","","","","","","","","","","","","","","","","","","","","","","","","","","","","","","","","","","","","","","","","","","","","","6.432e-7","","","","","","2026-07-25T07:12:07.085Z",""
"HOLY SHIT","65oApzTzGscSSX1CZnKgt7x1STPAz3rtVvgKu697pump","56","3","","","","","","","","","","","","","","","","","","","","","","","","","","","","","","","","","","","","","","","","0.000002146","","","","","","","2026-07-25T07:12:07.167Z","","","","","",""
"WHITE ","3y9CDzE7aYBVTSmbiJQ9BhhCgG4QZVsCiU4BFjuMpump","","","","","","","","","","","","","","","","","","","","","","","","","","","","","","","","","","","","","","","","","","","","","","","","1.979e-7","","","","","","2026-07-25T07:13:06.968Z",""
"404","BG5DYAAkWa6SLP3LWXuKSXPDSEqfZnZWffQEb79Gpump","","","","","","","","","","","","","","","","","","","","","","","","","","","","","","","","","","","","","","","","","","","","","","","","7.272e-7","","","","","","2026-07-25T07:13:07.123Z",""
"WHITE ","6AvbTFLhgZPx9WNskFv6rn139nH4zrXKR7UDkAwNpump","","","","","","","","","","","","","","","","","","","","","","","","","","","","","","","","","","","","","","","","","","","","","","","","3.548e-7","","","","","","2026-07-25T07:14:07.027Z",""
"Polar","3KUMf2pJzgHXxAa4odhNdj4fz6zxHTVLpL5iiYSRpump","71","9.876543209","","","","","","","","","","","","","","","","","","","","","","","","","","","","","","","","","","","","","","","","0.000008399","","","","","","","2026-07-25T07:14:07.084Z","","","","","",""
"s","9X1DGWM74LpXv92RuU7vabMqbW93j4ajbNGnMCANpump","","","","","","","","","","","","","","","","","","","","","","","","","","","","","","","","","","","","","","","","","","","","","","","","4.04e-7","","","","","","2026-07-25T07:14:07.130Z",""
"Pikachu","3vECQe2y8m5jyjLUyeATjLrUGohzoyGfRrwbR5Pspump","65","3.456790122","","","","","","","","","","","","","","","","","","","","","","","","","","","","","","","","","","","","","","","","0.000002099","","","","","","","2026-07-25T07:15:06.911Z","","","","","",""
"$EM28","ELRnPSusW9m27GgbrW5KHeo379LQunQYCdefvwEipump","","","","","","","","","","","","","","","","","","","","","","","","","","","","","","","","","","","","","","","","","","","","","","","","3.798e-7","","","","","","2026-07-25T07:15:07.027Z",""
"RedCandle","Cw6apeNhi81whhuTMnhR37fKvRP9XrDUAC6KaJ6Hpump","70","4.938271603","","","","","","","","","","","","","","","","","","","","","","","","","","","","","","","","","","","","","","","","0.00000776","","","","","","","2026-07-25T07:15:07.088Z","","","","","",""
"$GROKPUMP","E3tzeKpEhT377FcwZwVhFu1mY9VXsgvAYxvYg3Kjpump","88","0.200000001","","","","","","","","","","","","","","","","","","","","","","","","","","","","","","","","","","","","","","","","0.000006548","","","","","","","2026-07-25T07:16:06.990Z","","","","","",""
"main quest","GykbPsBYVtYKDgWx9NqR6onMFoNn9QuxJVcKHETppump","63","3","","","","","","","","","","","","","","","","","","","","","","","","","","","","","","","","","","","","","","","","0.000002067","","","","","","","2026-07-25T07:16:07.026Z","","","","","",""
"MMM","ARQc2GWN9Cn9jPczWutFnNqVgE2PM8Bxw1UmzQmMpump","59","1.000000001","","","","","","","","","","","","","","","","","","","","","","","","","","","","","","","","","","","","","","","","0.000003314","","","","","","","2026-07-25T07:17:06.912Z","","","","","",""
"DARLI2","HaLy9oUbveyfwoDrFAztAJwRgxt7hdzpPn7QJmntpump","60","0.493827159","","","","","","","","","","","","","","","","","","","","","","","","","","","","","","","","","","","","","","","","0.00002926","","","","","","","2026-07-25T07:17:06.950Z","","","","","",""
"ALEX","Hy8n5Tp3Gkh5vTvLi1mUNgnHw2fpmw99s9hVJrFWpump","63","3.03","","","","","","","","","","","","","","","","","","","","","","","","","","","","","","","","","","","","","","","","0.000002091","","","","","","0.000002082","2026-07-25T07:17:06.999Z","","","","","2026-07-25T07:20:07.040Z",""
"$GROKPUMP","DPkrrzEFbRGYALaMRb1ff5UaUnzE2Hwq2Ud5No85pump","","","","","","","","","","","","","","","","","","","","","","","","","","","","","","","","","","","","","","","","","","","","","","","","5.718e-7","","","","","","2026-07-25T07:17:07.031Z",""
"MMM","AiEwU5Gp46HxhuYjQCEc3kT5P1WpoL5ZSBEGASXhpump","59","1.000000001","","","","","","","","","","","","","","","","","","","","","","","","","","","","","","","","","","","","","","","","0.000001507","","","","","","","2026-07-25T07:18:06.888Z","","","","","",""
"$VOD","BKpUogGzH9wrY51hG11YRkFtKcHQJ1g9T2wqjfYepump","","","","","","","","","","","","","","","","","","","","","","","","","","","","","","","","","","","","","","","","","","","","","","","","5.962e-8","","","","","","2026-07-25T07:18:07.017Z",""
"$GROKPUMP","2hcnAQh8yjfkonHzyLwMBqBMXHJBs1jU7fDVms2Lpump","","","","","","","","","","","","","","","","","","","","","","","","","","","","","","","","","","","","","","","","","","","","","","","","1.104e-7","","","","","","2026-07-25T07:19:06.914Z",""
"diarrhea","FWGjY9VQKkkrBk8cU4wWswmeXjhV4ayeWJVx2A3Ppump","99","1.97530864","","","","","","","","","","","","","","","","","","","","","","","","","","","","","","","","","","","","","","","","0.000002672","","","","","","0.000002068","2026-07-25T07:19:06.949Z","","","","","2026-07-25T07:22:06.950Z",""
"RUFUS","AHumYprGHr7rNj9BQ1njy3XzfGDG39xH1iKNq3nKpump","","","","","","","","","","","","","","","","","","","","","","","","","","","","","","","","","","","","","","","","","","","","","","","","3.275e-7","","","","","","2026-07-25T07:19:06.985Z",""
"$EM28","43ZNoCRfpa3hXGPFTb6akjpuUFSWtGidFaQZ2bempump","55","0.100000001","","","","","","","","","","","","","","","","","","","","","","","","","","","","","","","","","","","","","","","","0.0001421","","","","","","","2026-07-25T07:19:07.018Z","","","","","",""
"MMM","Hr6apvaHwAsJoJtdHHJaUNW7KsQzfimhQhC4JGzipump","","","","","","","","","","","","","","","","","","","","","","","","","","","","","","","","","","","","","","","","","","","","","","","","5.089e-7","","","","","","2026-07-25T07:20:07.073Z",""
"ASS","FJjasPQBXF1ScLoiZB3gCvX7mpk8dJfKXwuBg4LXpump","","","","","","","","","","","","","","","","","","","","","","","","","","","","","","","","","","","","","","","","","","","","","","","","9.456e-8","","","","","","2026-07-25T07:21:06.937Z",""
"boob","GfPgcwNeehkJwZW7YWwqokwJJspuefbJJJ1V1iZopump","","","","","","","","","","","","","","","","","","","","","","","","","","","","","","","","","","","","","","","","","","","","","","","","7.605e-7","","","","","","2026-07-25T07:21:07.051Z",""
"TRUMP2028","AQPJY4Utxm9wa2xzJdom7MtmTtwRmdKk7yhqYKMLpump","59","3","","","","","","","","","","","","","","","","","","","","","","","","","","","","","","","","","","","","","","","","0.000002168","","","","","","","2026-07-25T07:22:07.059Z","","","","","",""
"BLAKE2","9349LEVZ8WkYg4GAKy65yNfVyH6tAEcPy8z38xHRpump","","","","","","","","","","","","","","","","","","","","","","","","","","","","","","","","","","","","","","","","","","","","","","","","3.436e-7","","","","","","2026-07-25T07:24:06.927Z",""
"MMM","3qp5vEREo8EWxX7ijnwXA6rJVXr49xVFRNNnNRdYpump","","","","","","","","","","","","","","","","","","","","","","","","","","","","","","","","","","","","","","","","","","","","","","","","4.534e-7","","","","","","2026-07-25T07:24:06.997Z",""
"APPLE DOG","3GnyKsc8J8N3d74J7g7rnUgff5jt4zBr284UFWLXpump","90","7.827753085","","","","","","","","","","","","","","","","","","","","","","","","","","","","","","","","","","","","","","","","0.000004947","","","","","","","2026-07-25T07:25:07.015Z","","","","","",""
"TRUMP28","FFBbH1gUtvNL2z2pTWVHpxnRiPrw6wUZGymjBrtXpump","57","0.100000001","","","","","","","","","","","","","","","","","","","","","","","","","","","","","","","","","","","","","","","","0.000001853","","","","","","","2026-07-25T07:26:06.971Z","","","","","",""
"$AC28","6V7j5DZfU3qPEKZGqc4mYQSfn3nyzYB1yYErwqvWpump","","","","","","","","","","","","","","","","","","","","","","","","","","","","","","","","","","","","","","","","","","","","","","","","1.702e-8","","","","","","2026-07-25T07:26:07.000Z",""
"MMM","DpkAwPy6PPA3AZoUUqszdtQmFvdZmAExhPFbWkqipump","58","1.000000001","","","","","","","","","","","","","","","","","","","","","","","","","","","","","","","","","","","","","","","","0.00000204","","","","","","2.054e-7","2026-07-25T07:26:07.035Z","","","","","2026-07-25T07:27:06.959Z",""
"USOH","5efD5F82pRtCux2K8pzsYwwnuqgvCwNAEJw2xVrhpump","55","0.098765431","","","","","","","","","","","","","","","","","","","","","","","","","","","","","","","","","","","","","","","","0.000001447","","","","","","","2026-07-25T07:27:06.893Z","","","","","",""
"GM","9Wf2o7Tt958NMGkrp26qyVoXniF8BfQScgtuiiGApump","65","0.296296295","","","","","","","","","","","","","","","","","","","","","","","","","","","","","","","","","","","","","","","","0.000006599","","","","","","","2026-07-25T07:28:06.909Z","","","","","",""
"MED222","9CWq8ctaCWQTsiL4H3sLmNP4hhY7j5cfeyL5ZXHrpump","","","","","","","","","","","","","","","","","","","","","","","","","","","","","","","","","","","","","","","","","","","","","","","","2.835e-7","","","","","","2026-07-25T07:29:07.056Z",""
"Limbothy","8B4Z9PcgVYaASKMsk19yrVbsxsaPgRqAVHstAggHpump","58","2.172839505","","","","","","","","","","","","","","","","","","","","","","","","","","","","","","","","","","","","","","","","0.000003033","","","","","","","2026-07-25T07:29:07.096Z","","","","","",""
"POM","2ScyK73TZMLqFHJqpw3JYzWHAMKrLoyWEnG1YjGbpump","","","","","","","","","","","","","","","","","","","","","","","","","","","","","","","","","","","","","","","","","","","","","","","","1.36e-7","","","","","","2026-07-25T07:29:07.137Z",""
"GACHA","CKYXv6JuWHpYWnyg3xomYFrVxHgaw5pufi4vfq7hpump","62","2.844444443","","","","","","","","","","","","","","","","","","","","","","","","","","","","","","","","","","","","","","","","0.000002484","","","","","","","2026-07-25T07:29:07.167Z","","","","","",""
"MMM","25JKoUVmGoXQLrwHJwgwBe6tVEtFpPH9iNvmcFEDpump","66","2.000000001","","","","","","","","","","","","","","","","","","","","","","","","","","","","","","","","","","","","","","","","0.000002305","","","","","","","2026-07-25T07:30:06.981Z","","","","","",""
"Güiña","oXyoAkFdrZQnaKm3HfduzRQvPx7gjfte4CRH5xupump","57","2.962962961","","","","","","","","","","","","","","","","","","","","","","","","","","","","","","","","","","","","","","","","0.000008219","","","","","","","2026-07-25T07:30:07.023Z","","","","","",""
"$JOLT","ACLdLSwnz8Xv7FPekK2zEjkadgRcFNkoxhpRqcEtpump","","","","","","","","","","","","","","","","","","","","","","","","","","","","","","","","","","","","","","","","","","","","","","","","4.261e-9","","","","","","2026-07-25T07:31:06.933Z",""
"GM","5J8UWUfhabaxgdEUnJKLqRL8Eyv27moHuWzgXhrxpump","63","0.296296295","","","","","","","","","","","","","","","","","","","","","","","","","","","","","","","","","","","","","","","","0.000005126","","","","","","","2026-07-25T07:31:06.964Z","","","","","",""
"Drillbutt","GN14TVa8Dtw9upzwGYfKSFgorYR4CgeCDsUjxm9jpump","58","3","","","","","","","","","","","","","","","","","","","","","","","","","","","","","","","","","","","","","","","","0.000002066","","","","","","0.000002066","2026-07-25T07:31:06.996Z","","","","","2026-07-25T07:34:07.031Z",""
"Arabic","55XX3PoF45YHRCmgP935D9Q1VE6kqpXUhRsGrFMppump","","","","","","","","","","","","","","","","","","","","","","","","","","","","","","","","","","","","","","","","","","","","","","","","2.537e-7","","","","","","2026-07-25T07:32:06.960Z",""
"MMM","9rxzDwnXxVBJuwSnGuuq8KbxumcbQkFZUcLyduYzpump","66","2.000000001","","","","","","","","","","","","","","","","","","","","","","","","","","","","","","","","","","","","","","","","0.000002337","","","","","","","2026-07-25T07:32:06.986Z","","","","","",""
"MMM","CRZsPq1FEa6GL4JenL7TbkdADXBvTyZZcC5UaRxxpump","58","1.000000001","","","","","","","","","","","","","","","","","","","","","","","","","","","","","","","","","","","","","","","","0.000002795","","","","","","6.174e-7","2026-07-25T07:32:07.018Z","","","","","2026-07-25T07:35:06.997Z",""
"BAH","6NWkra8YtjdppXTvwtEcHLbwGEMcU9AnTCqrz68rEhod","56","3.950617282","","","","","","","","","","","","","","","","","","","","","","","","","","","","","","","","","","","","","","","","0.00001531","","","","","","","2026-07-25T07:32:07.053Z","","","","","",""
"PUMP","2RdXnXvKvYCHoiR9yzpexooYkoFRGs3ZeNk6fuREpump","","","","","","","","","","","","","","","","","","","","","","","","","","","","","","","","","","","","","","","","","","","","","","","","5.627e-8","","","","","","2026-07-25T07:33:06.953Z",""
"PUMP","2crKjTkasyZCGtduKEEhStyqF1WoQ3qYb6Hfr9D7pump","","","","","","","","","","","","","","","","","","","","","","","","","","","","","","","","","","","","","","","","","","","","","","","","2.227e-7","","","","","","2026-07-25T07:33:06.980Z",""
"AGENT","A57JdLmHCAFeiFqUNfwX9ccrDw3gHVgxqagotvjhpump","56","3","","","","","","","","","","","","","","","","","","","","","","","","","","","","","","","","","","","","","","","","0.000002072","","","","","","","2026-07-25T07:34:06.888Z","","","","","",""
"Shot","HNrHgKxTUZuZPeGG8bFJHCHdEAdc4wRrAcLarLinpump","58","3","","","","","","","","","","","","","","","","","","","","","","","","","","","","","","","","","","","","","","","","0.000002065","","","","","","","2026-07-25T07:36:06.891Z","","","","","",""
"BMAN","BSVDQTLhWreXQS5Gq4q7WPPGLPmeGrzrQ57MuvGApump","","","","","","","","","","","","","","","","","","","","","","","","","","","","","","","","","","","","","","","","","","","","","","","","4.333e-7","","","","","","2026-07-25T07:36:06.995Z",""
"peacedog","39N69qczqt6nhCBD7QeQwgQkWZJoPuHwy8APZptKpump","99","5","","","","","","","","","","","","","","","","","","","","","","","","","","","","","","","","","","","","","","","","0.00000827","","","","","","","2026-07-25T07:36:07.069Z","","","","","",""
"GM","DbfbAhAeGym62obuMneqoVBvoWoEdba3yunbPWRCpump","61","0.296296295","","","","","","","","","","","","","","","","","","","","","","","","","","","","","","","","","","","","","","","","0.000001477","","","","","","","2026-07-25T07:37:06.902Z","","","","","",""
"PUMP","7hnBtPDhynK6AzC6R6YFfCZMkGjMEsJJJx4pAaZ3pump","","","","","","","","","","","","","","","","","","","","","","","","","","","","","","","","","","","","","","","","","","","","","","","","7.443e-7","","","","","","2026-07-25T07:37:06.942Z",""
"PUMP","BVBsLCfNJRX8hF7r6wD61HydjHCoK66ZnKEzxh6Xpump","","","","","","","","","","","","","","","","","","","","","","","","","","","","","","","","","","","","","","","","","","","","","","","","3.127e-7","","","","","","2026-07-25T07:37:06.979Z",""
"peaceinu","7QCKWqwdBhqH9W6Zd31hkHrDmuMw4dxCSQ9JiT7Wpump","60","2.5","","","","","","","","","","","","","","","","","","","","","","","","","","","","","","","","","","","","","","","","0.000002073","","","","","","","2026-07-25T07:37:07.021Z","","","","","",""
"MMM","EvwyGDqvwET9AHB2P8Cb6UCWHw9VVZmnMEqQqXBRpump","","","","","","","","","","","","","","","","","","","","","","","","","","","","","","","","","","","","","","","","","","","","","","","","3.92e-7","","","","","","2026-07-25T07:38:06.980Z",""
"DEER","7AmCPoRq3DXoY6VedV3dDF2zFmnVTzt8pshYcMYEpump","60","4","","","","","","","","","","","","","","","","","","","","","","","","","","","","","","","","","","","","","","","","0.00001056","","","","","","","2026-07-25T07:38:07.011Z","","","","","",""
"ASS","4VADcSdp55Yv3uhNLJ6VQZffD97Kg5pNJwCsNXJApump","58","0.059259258","","","","","","","","","","","","","","","","","","","","","","","","","","","","","","","","","","","","","","","","0.000002055","","","","","","4.092e-7","2026-07-25T07:39:06.926Z","","","","","2026-07-25T07:42:06.918Z",""
"TRUMP28","7LEowpeiVpTdk1EBhVo4q2g1g2MuXLUtQN5Gt1sZpump","","","","","","","","","","","","","","","","","","","","","","","","","","","","","","","","","","","","","","","","","","","","","","","","0.00000121","","","","","","2026-07-25T07:40:07.036Z",""
"skib","DV28t3vNkvZ4sody194BfDKyTQUcsE4CgAEWk5HEpump","67","0.220000001","","","","","","","","","","","","","","","","","","","","","","","","","","","","","","","","","","","","","","","","0.0001092","","","","","","2.309e-7","2026-07-25T07:41:06.925Z","","","","","2026-07-25T07:43:06.998Z",""
"AMANDA","Lbo6MUrPVcbpX35Y1amYLrZ8LVEB4geuUumFkZnpump","","","","","","","","","","","","","","","","","","","","","","","","","","","","","","","","","","","","","","","","","","","","","","","","5.263e-7","","","","","","2026-07-25T07:41:06.953Z",""
"D","91ewp5shbc8pgsZHzMQ9fT32U5BbHNAwK7mGK9Krpump","56","3","","","","","","","","","","","","","","","","","","","","","","","","","","","","","","","","","","","","","","","","0.000003517","","","","","","","2026-07-25T07:41:07.069Z","","","","","",""
"AnonBank","4jVBMMS3VeG1gSSSig9wVNwkmWbregs9gPPWFDnLpump","88","6.913580245","","","","","","","","","","","","","","","","","","","","","","","","","","","","","","","","","","","","","","","","0.000003088","","","","","","","2026-07-25T07:42:06.953Z","","","","","",""
"PUMP","3p5xf4yrXYuq4KFaGuWhLBxfjmwFWzYvVeg1pwU8pump","","","","","","","","","","","","","","","","","","","","","","","","","","","","","","","","","","","","","","","","","","","","","","","","5.406e-7","","","","","","2026-07-25T07:42:06.991Z",""
"TRUMP28","9dZ5xhzE13UYobY6czNebJetoyxexEpaLiwyJxpupump","61","0.100000001","","","","","","","","","","","","","","","","","","","","","","","","","","","","","","","","","","","","","","","","0.000002927","","","","","","1.565e-8","2026-07-25T07:44:06.988Z","","","","","2026-07-25T07:47:07.030Z",""
"Melvin","BTW6AXVTTRM4sjGHagxgjZE3ub5rhBJjohU2ijEpump","56","2.962962961","","","","","","","","","","","","","","","","","","","","","","","","","","","","","","","","","","","","","","","","0.000006802","","","","","","","2026-07-25T07:44:07.016Z","","","","","",""
"ICE TRUMP","hHWEzmLAfKt36aHFTDUEtEwMiJe6pT8gR5hLbFvpump","","","","","","","","","","","","","","","","","","","","","","","","","","","","","","","","","","","","","","","","","","","","","","","","5.903e-7","","","","","","2026-07-25T07:44:07.051Z",""
"Trump 2028","Btr8qrj5kvsEzWHo742VviLAr2h2X2GEK2PbjeuMpump","","","","","","","","","","","","","","","","","","","","","","","","","","","","","","","","","","","","","","","","","","","","","","","","1.529e-7","","","","","","2026-07-25T07:44:07.080Z",""
"VIBE","AirNJDr4iM1GLZjtz1qZhfsF9Cg9S8zxzNQ621Ltpump","","","","","","","","","","","","","","","","","","","","","","","","","","","","","","","","","","","","","","","","","","","","","","","","0.000001109","","","","","","2026-07-25T07:45:06.928Z",""
"myhemMODE3","Asq9RhGDmW9DcxD8dQU1J84ucsjqgBevDsbNQQ2zpump","87","6.913580245","","","","","","","","","","","","","","","","","","","","","","","","","","","","","","","","","","","","","","","","0.000002144","","","","","","","2026-07-25T07:45:07.019Z","","","","","",""
"Buck","33nhMDLagekmMrXegjB8uTsx3Q6WrpTQ5h23vb77pump","58","3","","","","","","","","","","","","","","","","","","","","","","","","","","","","","","","","","","","","","","","","0.000002065","","","","","","","2026-07-25T07:45:07.064Z","","","","","",""
"VIBE","6tMJA36TBbyf4n6FL1E9CePLPZJBZuLfT5oenwnDpump","","","","","","","","","","","","","","","","","","","","","","","","","","","","","","","","","","","","","","","","","","","","","","","","5.575e-7","","","","","","2026-07-25T07:45:07.098Z",""
"maw","BP94vMwdbSh3S6UXGhPTdGFZU8pcq3XrAwVcYvtLpump","63","3.083247688","","","","","","","","","","","","","","","","","","","","","","","","","","","","","","","","","","","","","","","","0.000009431","","","","","","","2026-07-25T07:46:06.886Z","","","","","",""
"Trump 2028","77shha1vzv7q7AzFn7cPVnGxY6toZmEgDqsy8Gvgpump","","","","","","","","","","","","","","","","","","","","","","","","","","","","","","","","","","","","","","","","","","","","","","","","1.191e-8","","","","","","2026-07-25T07:46:06.988Z",""
"VIBE","41znsfZFBj5PEqv8ampMMAkf3AEEpCa4s4gZ8LQVpump","","","","","","","","","","","","","","","","","","","","","","","","","","","","","","","","","","","","","","","","","","","","","","","","8.322e-7","","","","","","2026-07-25T07:46:07.011Z",""
"Elk","E3ZCFiN9fmzbGHaCM6QYxCHeaN66YygrrUuwjLe6pump","62","5","","","","","","","","","","","","","","","","","","","","","","","","","","","","","","","","","","","","","","","","0.000009646","","","","","","","2026-07-25T07:47:06.927Z","","","","","",""
"dHANZZZZZZ","3fEFGixHFuQJUK9AMoBqvgaTCm5cUX8mAPTfQubjpump","","","","","","","","","","","","","","","","","","","","","","","","","","","","","","","","","","","","","","","","","","","","","","","","1.424e-7","","","","","","2026-07-25T07:47:06.961Z",""
"Elk","Fk7PdKDKUFXgZCLhc7o3NS7tFEEhVCDQH46982H3pump","61","5","","","","","","","","","","","","","","","","","","","","","","","","","","","","","","","","","","","","","","","","0.00000239","","","","","","","2026-07-25T07:47:06.994Z","","","","","",""
"TRUMP28","FwtEwa5kHBsCQqJBJUpVcEAvaMgsGirt1FbDuyzDpump","","","","","","","","","","","","","","","","","","","","","","","","","","","","","","","","","","","","","","","","","","","","","","","","2.247e-7","","","","","","2026-07-25T07:48:06.909Z",""
"w@veR1DDDD","D9rfprkVNPLvFEKGU12eoC496GTYfktkFUtuCqS3pump","","","","","","","","","","","","","","","","","","","","","","","","","","","","","","","","","","","","","","","","","","","","","","","","0.000002181","","","","","","2026-07-25T07:48:06.935Z",""
"PUMP","6uA9hEmXTBYVLaswC7rnjtLTrAuvUgmfQGW4sapbpump","59","0.500000001","","","","","","","","","","","","","","","","","","","","","","","","","","","","","","","","","","","","","","","","0.000002409","","","","","","","2026-07-25T07:48:07.030Z","","","","","",""
"DEER","Crrzh3denLkKzwUqWR6c7T5UHkmR4e9goZBuoKcWpump","62","5","","","","","","","","","","","","","","","","","","","","","","","","","","","","","","","","","","","","","","","","0.000002424","","","","","","","2026-07-25T07:48:07.050Z","","","","","",""
"Trump 2028","3we2vuV3aKbL6X4fiytnP6RjWZ6EQVPXkCtgJa1cpump","","","","","","","","","","","","","","","","","","","","","","","","","","","","","","","","","","","","","","","","","","","","","","","","2.662e-7","","","","","","2026-07-25T07:49:07.112Z",""
"PROPERTY","69BDAH6WQ2Qxwean2VtSh8n97QDoMgBMNEsGYZ16pump","","","","","","","","","","","","","","","","","","","","","","","","","","","","","","","","","","","","","","","","","","","","","","","","4.965e-7","","","","","","2026-07-25T07:49:07.134Z",""
"Trump 2028","78xbxu7jBBp5EUzPQTbEFd3d43BPNSporzc4m5b6pump","","","","","","","","","","","","","","","","","","","","","","","","","","","","","","","","","","","","","","","","","","","","","","","","3.506e-7","","","","","","2026-07-25T07:49:07.173Z",""
"PROPERTY","93Di2HVZuUfLufrD5rseYukmjNNcxVVoMguZ7d8gpump","","","","","","","","","","","","","","","","","","","","","","","","","","","","","","","","","","","","","","","","","","","","","","","","1.815e-7","","","","","","2026-07-25T07:49:07.299Z",""
"Mauro","AWWidWTreqJvnrfuQBgu7ugwfwg96F3aXXUJT1RApump","98","18","","","","","","","","","","","","","","","","","","","","","","","","","","","","","","","","","","","","","","","","0.000005417","","","","","","","2026-07-25T07:50:06.980Z","","","","","",""
"PROPERTY","6UBveWyCJ5gSHUF9jdCDMhPgR6nEyaCU4UKFMgyjpump","","","","","","","","","","","","","","","","","","","","","","","","","","","","","","","","","","","","","","","","","","","","","","","","3.431e-7","","","","","","2026-07-25T07:50:07.006Z",""
"DRUNK","6EFMnMSVa9m1GcDdUitSNXatDzk5QuzeSmkbhmXbpump","62","2.746693795","","","","","","","","","","","","","","","","","","","","","","","","","","","","","","","","","","","","","","","","0.000004777","","","","","","","2026-07-25T07:50:07.039Z","","","","","",""
"TRUMP28","DhjkmCm97WQNhD2797TdQmY6ggjHV7vehL3s7GQfpump","","","","","","","","","","","","","","","","","","","","","","","","","","","","","","","","","","","","","","","","","","","","","","","","6.183e-7","","","","","","2026-07-25T07:50:07.072Z",""
"MMM","BVUcKkmfr6YvsKbZBhZP6E5Kq7WWD52148HYryKFpump","65","2.000000001","","","","","","","","","","","","","","","","","","","","","","","","","","","","","","","","","","","","","","","","0.000002322","","","","","","","2026-07-25T07:51:06.933Z","","","","","",""
"Trump 2028","ECMGUCkJ8auw3cTHRZgZzrF1iD7umsM2qUKSQD4Kpump","","","","","","","","","","","","","","","","","","","","","","","","","","","","","","","","","","","","","","","","","","","","","","","","2.925e-7","","","","","","2026-07-25T07:51:06.968Z",""
"ScawyCoin2","DLgxXaHSGytW51dMKdFdiRzy4WkpM1B51N1N33xKpump","","","","","","","","","","","","","","","","","","","","","","","","","","","","","","","","","","","","","","","","","","","","","","","","1.543e-7","","","","","","2026-07-25T07:51:07.005Z",""
"GM","2cJzoxpKbyC9jLyPHH2SzxJ7Tup4eZCaUmKKb2Pwpump","59","0.296296295","","","","","","","","","","","","","","","","","","","","","","","","","","","","","","","","","","","","","","","","0.000002539","","","","","","","2026-07-25T07:51:07.043Z","","","","","",""
"TRUMP28","CK92B7CZw8oKxD3RyDnEeVup9A1VP51N2BJF4f2kpump","","","","","","","","","","","","","","","","","","","","","","","","","","","","","","","","","","","","","","","","","","","","","","","","8.947e-7","","","","","","2026-07-25T07:52:06.910Z",""
"PROPERTY","2NZWubPpymFYzsK9K8P1W2YXFj1cJstx3PDqXHcHpump","68","1","","","","","","","","","","","","","","","","","","","","","","","","","","","","","","","","","","","","","","","","0.000001536","","","","","","","2026-07-25T07:52:06.936Z","","","","","",""
"ALEX","Jkj1gQkpExoqz7vud1sU71zLMLhBfP6MC1gR8P6pump","63","2.999999999","","","","","","","","","","","","","","","","","","","","","","","","","","","","","","","","","","","","","","","","0.000005622","","","","","","","2026-07-25T07:52:06.971Z","","","","","",""
"ASS","6hfrekgoiC4tzbDJXCgYu87MNiVFDyy8PGGZrQ3tpump","","","","","","","","","","","","","","","","","","","","","","","","","","","","","","","","","","","","","","","","","","","","","","","","1.14e-8","","","","","","2026-07-25T07:52:07.001Z",""
"MMM","H4BpthjTjJ8rcZyyhDgDMy6TtWae9zC9Upf8VtTRpump","65","2.000000001","","","","","","","","","","","","","","","","","","","","","","","","","","","","","","","","","","","","","","","","0.000002325","","","","","","","2026-07-25T07:53:06.981Z","","","","","",""
".01","2jFs5tMD8Qdoe3JNLZ1NHSRs74ALjJVew7sK24V8pump","","","","","","","","","","","","","","","","","","","","","","","","","","","","","","","","","","","","","","","","","","","","","","","","3.237e-7","","","","","","2026-07-25T07:53:07.018Z",""
"frus","BNfar2H5zRcC71Z2aKPJ9GXvBhWFj43vD6ip8fUypump","","","","","","","","","","","","","","","","","","","","","","","","","","","","","","","","","","","","","","","","","","","","","","","","3.397e-7","","","","","","2026-07-25T07:53:07.052Z",""
"TRUMP28","6kgrkRA7Zw6fkkadAX7KRoahYQ194ntgHiWHe6g6pump","","","","","","","","","","","","","","","","","","","","","","","","","","","","","","","","","","","","","","","","","","","","","","","","3.108e-7","","","","","","2026-07-25T07:53:07.091Z",""
".01","3YFBcwseFmsQUGzGc2rWGj9NJU2KTdhUTLzw5mcmpump","","","","","","","","","","","","","","","","","","","","","","","","","","","","","","","","","","","","","","","","","","","","","","","","1.167e-8","","","","","","2026-07-25T07:54:06.889Z",""
"MMM","6kG16HpPYWQ2Zr2rqgMXXP2Don1Ts3b8Lp4rMwUXpump","64","2.000000001","","","","","","","","","","","","","","","","","","","","","","","","","","","","","","","","","","","","","","","","0.0000021","","","","","","","2026-07-25T07:54:06.973Z","","","","","",""
"look","8gn3Re1Fi7EAQ2JjzFBKLf2SzMD76ueXSzJ8DT47pump","","","","","","","","","","","","","","","","","","","","","","","","","","","","","","","","","","","","","","","","","","","","","","","","0.000001001","","","","","","2026-07-25T07:54:07.029Z",""
"Sp00000kY","2FbDZ1Ezne3pA43HwCzgX9LsfyTwbZHKuq7xkXFwpump","96","11.85185185","","","","","","","","","","","","","","","","","","","","","","","","","","","","","","","","","","","","","","","","0.000009479","","","","","","","2026-07-25T07:54:07.070Z","","","","","",""
"PEELY","23TSG3cfJkaJ4tVWdKfTwLHEuac4DQ1ZqCnaNm8spump","","","","","","","","","","","","","","","","","","","","","","","","","","","","","","","","","","","","","","","","","","","","","","","","3.223e-7","","","","","","2026-07-25T07:55:06.927Z",""
"SIGMATRUMP","Bg1vYeosEegsxBfUMJsgG1JK7Srxtpp1GeuKjafEpump","","","","","","","","","","","","","","","","","","","","","","","","","","","","","","","","","","","","","","","","","","","","","","","","9.007e-7","","","","","","2026-07-25T07:55:06.959Z",""
"BullPad","2hwuZNN9z8y2LArPrpoCLxgW5XqjbN6Vb9Rt4uGFpump","59","4.938271603","","","","","","","","","","","","","","","","","","","","","","","","","","","","","","","","","","","","","","","","0.00000282","","","","","","","2026-07-25T07:55:06.991Z","","","","","",""
"Sp00000kY","9L9kS3ZkGdp1Z8CrBcQHoMDrfWRmHPLZeeBgm9FDpump","86","4.938271603","","","","","","","","","","","","","","","","","","","","","","","","","","","","","","","","","","","","","","","","0.00000205","","","","","","","2026-07-25T07:55:07.025Z","","","","","",""
"bellhat","HPcDioemCzi45zSnbmwtJvoZRmRAHQS9rjSjyg27pump","63","3.03","","","","","","","","","","","","","","","","","","","","","","","","","","","","","","","","","","","","","","","","0.000002072","","","","","","","2026-07-25T07:56:07.036Z","","","","","",""
"scary","stWxQ9GUL2dzWngg1nCrC8KGU7h3ZakBt6GkVGCpump","62","0.100000001","","","","","","","","","","","","","","","","","","","","","","","","","","","","","","","","","","","","","","","","0.000004989","","","","","","","2026-07-25T07:56:07.061Z","","","","","",""
"POS","4uhZTxcgQEMSPat2HsNFRZ3vo9LeFmYpEvMvHEZMpump","60","4","","","","","","","","","","","","","","","","","","","","","","","","","","","","","","","","","","","","","","","","0.000002163","","","","","","","2026-07-25T07:56:07.092Z","","","","","",""
"TRUMP28","5brg2ENMVwDDM1H6K9nJX9i8uXDoBRtPo6ahFQNcpump","","","","","","","","","","","","","","","","","","","","","","","","","","","","","","","","","","","","","","","","","","","","","","","","0.000001029","","","","","","2026-07-25T07:56:07.128Z",""
"SIGMATRUMP","CRqzihzDwgLxaFFzHbFQk6GKcs48co634zmSidQcpump","59","0.493827159","","","","","","","","","","","","","","","","","","","","","","","","","","","","","","","","","","","","","","","","0.000002031","","","","","","","2026-07-25T07:57:06.913Z","","","","","",""
"MMM","4GWM32ZhZFZXc6TRzqkYpmjf2c4r8zQGSespSVEMpump","64","2.000000001","","","","","","","","","","","","","","","","","","","","","","","","","","","","","","","","","","","","","","","","0.000003019","","","","","","","2026-07-25T07:57:06.948Z","","","","","",""
"cap","CJMBtqSZfPGBuGwSexehaaqRacJgwUVp9akKoPmxpump","","","","","","","","","","","","","","","","","","","","","","","","","","","","","","","","","","","","","","","","","","","","","","","","5.145e-8","","","","","","2026-07-25T07:57:06.982Z",""
"scary","9JRraw8mRKShVXCUS9CvLY2o8ezho1zLZ512yo5Rpump","","","","","","","","","","","","","","","","","","","","","","","","","","","","","","","","","","","","","","","","","","","","","","","","6.626e-8","","","","","","2026-07-25T07:57:07.009Z",""
"WOKONG","5oWYmavQerxVv7PnPPD22LN6ATvL8A5xzu3pc8yWpump","60","0.250000001","","","","","","","","","","","","","","","","","","","","","","","","","","","","","","","","","","","","","","","","0.000001366","","","","","","","2026-07-25T07:58:06.918Z","","","","","",""
"racconito","EFo89j3vAZPTHPGrYfZcX1jPgAxteboKZXWAXw2Vpump","","","","","","","","","","","","","","","","","","","","","","","","","","","","","","","","","","","","","","","","","","","","","","","","3.946e-7","","","","","","2026-07-25T07:58:06.947Z",""
"Fruit AI","EN94LyreJBCNcgic4njgCDFfaP2eTxtFaPz8dbmgpump","79","3","","","","","","","","","","","","","","","","","","","","","","","","","","","","","","","","","","","","","","","","0.000002313","","","","","","","2026-07-25T07:58:06.977Z","","","","","",""
"racino","HQFvuTFJ5PPQnDMXCtqeKkybdZToMzSbvo6jDHBgpump","","","","","","","","","","","","","","","","","","","","","","","","","","","","","","","","","","","","","","","","","","","","","","","","3.332e-9","","","","","","2026-07-25T07:58:07.001Z",""
"Buck","2iSaZBiAPaGCzckSXFV5N9FsVWf4rLkas4j7vxDHpump","97","0","","","","","","","","","","","","","","","","","","","","","","","","","","","","","","","","","","","","","","","","0.000008467","","","","","","","2026-07-25T07:59:06.885Z","","","","","",""
"HARE","DzE7261khXjZQuf91YNoSWuUf8PYHbn6YTn4UXnwpump","67","3.950617282","","","","","","","","","","","","","","","","","","","","","","","","","","","","","","","","","","","","","","","","0.000002064","","","","","","","2026-07-25T07:59:06.916Z","","","","","",""
"MMM","5AfJ6mWs54Pm8cEvmwtLip4XtTKdnLgJ193ezsyApump","69","3.000000001","","","","","","","","","","","","","","","","","","","","","","","","","","","","","","","","","","","","","","","","0.000002064","","","","","","","2026-07-25T07:59:06.946Z","","","","","",""
"Ghost ","6Zh9JzpbqfRrppMjkcGBwkff3HXFeoeLu73BMbqDpump","60","3.950617282","","","","","","","","","","","","","","","","","","","","","","","","","","","","","","","","","","","","","","","","0.000002076","","","","","","","2026-07-25T07:59:07.026Z","","","","","",""
"WOLF","94yPNjxN3vRfHyWAqUF1K9MZHWoMGkAFX141tq7Lpump","92","35.318518517","","","","","","","","","","","","","","","","","","","","","","","","","","","","","","","","","","","","","","","","0.00001101","","","","","","","2026-07-25T08:00:06.864Z","","","","","",""
"GLRP","KrvGSazaZkL4n53Mjjp3yL4PoiBkmGE1w8oDuTapump","65","0.060000001","","","","","","","","","","","","","","","","","","","","","","","","","","","","","","","","","","","","","","","","0.0001313","","","","","","","2026-07-25T08:00:06.893Z","","","","","",""
"MMM","8nayhMKWxdkwrr5qWQrcC5iupS8oU4LYrZCSFw6rpump","69","3.000000001","","","","","","","","","","","","","","","","","","","","","","","","","","","","","","","","","","","","","","","","0.000002528","","","","","","","2026-07-25T08:00:06.927Z","","","","","",""
"tjr","49xtzFhSWqfTJEm7Vq2hpjuJXUZw317R8zrgMHNRpump","","","","","","","","","","","","","","","","","","","","","","","","","","","","","","","","","","","","","","","","","","","","","","","","5.43e-8","","","","","","2026-07-25T08:00:06.991Z",""
"POTUS48","C8wpkiwicBQuH722HS1bpr5JRcMouj5WkLW6Fssmpump","100","0.059259258","","","","","","","","","","","","","","","","","","","","","","","","","","","","","","","","","","","","","","","","0.000004141","","","","","","","2026-07-25T08:01:06.865Z","","","","","",""
"Trump 2028","3uNScmqByGgkfxSZBom4AR5hhusgqm3UHZ7wiJKrpump","","","","","","","","","","","","","","","","","","","","","","","","","","","","","","","","","","","","","","","","","","","","","","","","3.364e-7","","","","","","2026-07-25T08:01:06.898Z",""
"CROWN","Dnem66fQc2aaPwaajDwsVT5yuPiy7sgYAeo16mBKpump","57","1.97530864","","","","","","","","","","","","","","","","","","","","","","","","","","","","","","","","","","","","","","","","0.000002097","","","","","","","2026-07-25T08:01:06.927Z","","","","","",""
"CROWN","4KFMTMkHDYfcAJJwM2xYWYctpTyALtkhLTH5Uvqhpump","57","1.97530864","","","","","","","","","","","","","","","","","","","","","","","","","","","","","","","","","","","","","","","","0.000002095","","","","","","","2026-07-25T08:01:06.958Z","","","","","",""
"CROWN","GWayxUzFKEMPgucGGpaCRMrRhwPD7WNqev9cHs7qpump","57","1.97530864","","","","","","","","","","","","","","","","","","","","","","","","","","","","","","","","","","","","","","","","0.000002142","","","","","","","2026-07-25T08:02:07.088Z","","","","","",""
"MMM","GUC8Qy6YunbWrVUaAdhdfChjd18dKs5afwwbT3GVpump","69","3.000000001","","","","","","","","","","","","","","","","","","","","","","","","","","","","","","","","","","","","","","","","0.000001682","","","","","","","2026-07-25T08:02:07.119Z","","","","","",""
"GLITCH","H8irKaPtsdsfouXBk9ZGTtr3BzkGBHMwUKzYcRG4pump","","","","","","","","","","","","","","","","","","","","","","","","","","","","","","","","","","","","","","","","","","","","","","","","1.06e-8","","","","","","2026-07-25T08:02:07.153Z",""
"TRUMP28","4uv3ZKtaGRJ2SnAs1hevpG8D4Hvsy2pZFFyNe8sPpump","57","0.100000001","","","","","","","","","","","","","","","","","","","","","","","","","","","","","","","","","","","","","","","","0.00002666","","","","","","","2026-07-25T08:02:07.194Z","","","","","",""
"STARRAID","4GN3G3GouNTF4iwRzW77F8jLAtbRjFm8gxzQRvHVpump","59","4","","","","","","","","","","","","","","","","","","","","","","","","","","","","","","","","","","","","","","","","0.000002195","","","","","","","2026-07-25T08:03:06.914Z","","","","","",""
"CROWN","7WZB4NFevoxSnRaR9773s7oFxePid9gmRShu5gr9pump","57","1.97530864","","","","","","","","","","","","","","","","","","","","","","","","","","","","","","","","","","","","","","","","0.000002094","","","","","","","2026-07-25T08:03:07.001Z","","","","","",""
"MMM","CWiXqJanwBq3g8fbRWzb31YRcKy99TuWN4biqr78pump","69","3.000000001","","","","","","","","","","","","","","","","","","","","","","","","","","","","","","","","","","","","","","","","0.000003766","","","","","","","2026-07-25T08:03:07.079Z","","","","","",""
"agentz402","Ea7WqDyEirz6JBovZQMSBtR99jd7DvX72M6rwbWYpump","63","3","","","","","","","","","","","","","","","","","","","","","","","","","","","","","","","","","","","","","","","","0.000002061","","","","","","","2026-07-25T08:04:06.867Z","","","","","",""
"Max","6qw2VXj1A9zKSroaQzMd3zMGJTJKxoXyp1iDqYkvpump","84","3","","","","","","","","","","","","","","","","","","","","","","","","","","","","","","","","","","","","","","","","0.000002863","","","","","","","2026-07-25T08:04:06.917Z","","","","","",""
"MMM","9r8k98dgQSZZb61GWQFQPFio7cBi8Hd2rAdx7TcXpump","68","3.000000001","","","","","","","","","","","","","","","","","","","","","","","","","","","","","","","","","","","","","","","","0.000002065","","","","","","","2026-07-25T08:04:07.005Z","","","","","",""
"MMM","3MTH53tz8HAon7ab4unPKXs1HPR6LSj4D9zqMdAopump","68","3.000000001","","","","","","","","","","","","","","","","","","","","","","","","","","","","","","","","","","","","","","","","0.000003151","","","","","","","2026-07-25T08:04:07.035Z","","","","","",""
"GM","2REFVtHmGr2V61iUa8Fsd38UAZJ7M1TN4DRS6dQgpump","","","","","","","","","","","","","","","","","","","","","","","","","","","","","","","","","","","","","","","","","","","","","","","","0.000001109","","","","","","2026-07-25T08:05:06.935Z",""
"wizardmax","3eH9uVDUtehte1XEyGZs6yr5LHQgrmGq8saM7xTqpump","57","1.97530864","","","","","","","","","","","","","","","","","","","","","","","","","","","","","","","","","","","","","","","","0.000002094","","","","","","","2026-07-25T08:05:06.961Z","","","","","",""
"wizardmax","5iDu67tFyorPEM1fpVKAMkHbS9sfF7J1enBG1Ndspump","57","1.97530864","","","","","","","","","","","","","","","","","","","","","","","","","","","","","","","","","","","","","","","","0.000002115","","","","","","","2026-07-25T08:05:06.997Z","","","","","",""
"MMM","CebUeT4vC9oBRMfntaa9HTEeAbYVKXFbqXZLsH3kpump","","","","","","","","","","","","","","","","","","","","","","","","","","","","","","","","","","","","","","","","","","","","","","","","2.866e-7","","","","","","2026-07-25T08:05:07.033Z",""
"WOOF","9UGmCTqxRAnBqtzn8Z2Y2tuC8G3vTc4mgLeWPP4Apump","62","0.090000001","","","","","","","","","","","","","","","","","","","","","","","","","","","","","","","","","","","","","","","","0.000002492","","","","","","","2026-07-25T08:06:06.897Z","","","","","",""
"Rat","HtZ3h4NbffCLL4YcdGwdKhZsimGx5tpWKjmRhjn2pump","97","18","","","","","","","","","","","","","","","","","","","","","","","","","","","","","","","","","","","","","","","","0.00001557","","","","","","","2026-07-25T08:06:06.938Z","","","","","",""
"wizardmax","J8jX6MybEdNLx9BkW9UfePEVTS9gGZcdbBtQKquspump","57","1.97530864","","","","","","","","","","","","","","","","","","","","","","","","","","","","","","","","","","","","","","","","0.000002093","","","","","","","2026-07-25T08:06:07.044Z","","","","","",""
"BOBA","3fUpvhzuUaBkuJWBytXjLQW3CVGYiPoPJhf2EHHApump","58","3","","","","","","","","","","","","","","","","","","","","","","","","","","","","","","","","","","","","","","","","0.00000208","","","","","","","2026-07-25T08:06:07.071Z","","","","","",""
"ELK","9JCNxtKms8pfqWCz6DQa1PmWaS7ySxewdBBcpRGqpump","61","5","","","","","","","","","","","","","","","","","","","","","","","","","","","","","","","","","","","","","","","","0.000004157","","","","","","","2026-07-25T08:07:06.878Z","","","","","",""
"bull ","AvEzaT7ZrMB1Kh4w7DboocQ5a3twSXMSSrnjPArCpump","65","0.500078135","","","","","","","","","","","","","","","","","","","","","","","","","","","","","","","","","","","","","","","","0.00000213","","","","","","","2026-07-25T08:07:06.909Z","","","","","",""
"Fishcopter","CLopJPE3EB6hW2vuw2YWzmXkU4AcmcUM2rqLLiQNpump","100","0.217250039","","","","","","","","","","","","","","","","","","","","","","","","","","","","","","","","","","","","","","","","0.00000212","","","","","","","2026-07-25T08:07:06.939Z","","","","","",""
"Max","3uKAewZXhhMAcRd42cFdG1B6HwatZKNbqvkJEWCGpump","62","2.8","","","","","","","","","","","","","","","","","","","","","","","","","","","","","","","","","","","","","","","","0.000002166","","","","","","","2026-07-25T08:07:06.971Z","","","","","",""
"Codey","AXmmj3xNfnhwZust65QrinYSXrBR7VN56wRpaZyBpump","58","3","","","","","","","","","","","","","","","","","","","","","","","","","","","","","","","","","","","","","","","","0.000002101","","","","","","","2026-07-25T08:08:06.907Z","","","","","",""
"wizardmax","GLHckP9abobxLY7QeL7quQ9FcxVstMxyAvW5iHgRpump","57","1.97530864","","","","","","","","","","","","","","","","","","","","","","","","","","","","","","","","","","","","","","","","0.000003735","","","","","","","2026-07-25T08:08:06.990Z","","","","","",""
"MMM","3w9kBxd9ST16ZnCZhr2PatMD6Zga6jC1STuzZKJspump","","","","","","","","","","","","","","","","","","","","","","","","","","","","","","","","","","","","","","","","","","","","","","","","3.345e-7","","","","","","2026-07-25T08:08:07.011Z",""
"Trump 2028","DkpDaxQQARJq5xveaUM3BgZfz8Pqhkk51ThuxLmFpump","","","","","","","","","","","","","","","","","","","","","","","","","","","","","","","","","","","","","","","","","","","","","","","","3.603e-8","","","","","","2026-07-25T08:09:06.919Z",""
"Macca","Cbeen3Fg5bjBHiD63avhqqiSVcH9ri6iCNxwupoBpump","58","5","","","","","","","","","","","","","","","","","","","","","","","","","","","","","","","","","","","","","","","","0.000005413","","","","","","","2026-07-25T08:09:07.007Z","","","","","",""
"Cat","AkQgbk2Y8qBKuwpu2ercY2uuzuEETcp8WVsb4nGFpump","","","","","","","","","","","","","","","","","","","","","","","","","","","","","","","","","","","","","","","","","","","","","","","","8.54e-8","","","","","","2026-07-25T08:09:07.038Z",""
"wizardmax","D37zTxvfWbsMZza2uQhPHE1Cg1udi2qPbfaVNMXpump","57","1.97530864","","","","","","","","","","","","","","","","","","","","","","","","","","","","","","","","","","","","","","","","0.000002092","","","","","","","2026-07-25T08:09:07.067Z","","","","","",""
"TRUMP28","7frqz5GxWhs55Zi9nQGXjB1fp27J5zRH6qNRC6Y3pump","","","","","","","","","","","","","","","","","","","","","","","","","","","","","","","","","","","","","","","","","","","","","","","","2.63e-7","","","","","","2026-07-25T08:10:06.920Z",""
"wizardmax","DWxg11uUx5WY1yRnJTBjoVhdqJWjK6jvf2jgAmWpump","57","1.97530864","","","","","","","","","","","","","","","","","","","","","","","","","","","","","","","","","","","","","","","","0.000002103","","","","","","","2026-07-25T08:10:06.951Z","","","","","",""
"BBB","Atttt1V6MYX9x2mK1mvYfWWr7YPR5g8UjVy2TVtQpump","","","","","","","","","","","","","","","","","","","","","","","","","","","","","","","","","","","","","","","","","","","","","","","","1.458e-7","","","","","","2026-07-25T08:10:06.981Z",""
"CLAVICULAR","BFqgMHyiydnbwcD875UCthPViGLj1q56x5BPhYAJpump","","","","","","","","","","","","","","","","","","","","","","","","","","","","","","","","","","","","","","","","","","","","","","","","0.000001017","","","","","","2026-07-25T08:10:07.017Z",""
"ELONCB","2muffHEQsqVNHT8oYdy5EGwwYATNAK8nZ6j6rHzZpump","","","","","","","","","","","","","","","","","","","","","","","","","","","","","","","","","","","","","","","","","","","","","","","","1.958e-7","","","","","","2026-07-25T08:11:06.897Z",""
"SALMON","75LyVn8AWgeQbnjKtntgS9GimnNC5EienMioDoTEpump","","","","","","","","","","","","","","","","","","","","","","","","","","","","","","","","","","","","","","","","","","","","","","","","6.515e-7","","","","","","2026-07-25T08:11:06.923Z",""
"AHEGAO","9XBLxLW2PJC3xYzK2LgYgrnjoi83gpr3nNekk9qzpump","","","","","","","","","","","","","","","","","","","","","","","","","","","","","","","","","","","","","","","","","","","","","","","","1.841e-7","","","","","","2026-07-25T08:11:06.978Z",""
"FRUITCATS","GieJE4kvnUmBen5ENDG7oFR6J9s1bfdJpkF197Q3pump","63","3","","","","","","","","","","","","","","","","","","","","","","","","","","","","","","","","","","","","","","","","0.000002062","","","","","","","2026-07-25T08:11:07.007Z","","","","","",""
"BOTTOM","Hy4hYumdCdB8TWdP5h4k6oWkaQSFw4BRb4G5hm4Qpump","56","3","","","","","","","","","","","","","","","","","","","","","","","","","","","","","","","","","","","","","","","","0.000002061","","","","","","","2026-07-25T08:12:06.861Z","","","","","",""
"bull ","FQ8HDf2RFYsS63f3DTWJijzRVSQoqGp8Q9d7u1N2pump","64","0.500078135","","","","","","","","","","","","","","","","","","","","","","","","","","","","","","","","","","","","","","","","0.000001738","","","","","","","2026-07-25T08:12:06.954Z","","","","","",""
"Michele","64y6ZFfePdadg6jfuqvDeqXrDsDP4ETK2N29sqMApump","","","","","","","","","","","","","","","","","","","","","","","","","","","","","","","","","","","","","","","","","","","","","","","","6.119e-7","","","","","","2026-07-25T08:12:06.984Z",""
"ELONCB","4sychkeaDR7drw7rVKxcZR7ZTboKYy2QdApzUsFNpump","","","","","","","","","","","","","","","","","","","","","","","","","","","","","","","","","","","","","","","","","","","","","","","","6.31e-7","","","","","","2026-07-25T08:12:07.017Z",""
"PEACE","DSpSDkU3JuQ7R816WShZadwNmq8PYxGBoQMUeSrWpump","","","","","","","","","","","","","","","","","","","","","","","","","","","","","","","","","","","","","","","","","","","","","","","","4.042e-8","","","","","","2026-07-25T08:13:06.966Z",""
"TRUMP28","2u4LzGbJJHgwKwUstm5BDUoWrDcvVpmUquJG1wX6pump","56","0.100000001","","","","","","","","","","","","","","","","","","","","","","","","","","","","","","","","","","","","","","","","0.000001523","","","","","","","2026-07-25T08:13:07.047Z","","","","","",""
"ELONCB","GaffEymtFcgUAhPDhvamRcQUvzz7WV1jon5vtLUwpump","63","0.345000001","","","","","","","","","","","","","","","","","","","","","","","","","","","","","","","","","","","","","","","","0.000009571","","","","","","","2026-07-25T08:13:07.069Z","","","","","",""
"BOTTOM","5pMF2FezupGwt7gAwszKWPYaNdvobdnf346LtJ3dpump","58","3","","","","","","","","","","","","","","","","","","","","","","","","","","","","","","","","","","","","","","","","0.000002075","","","","","","","2026-07-25T08:14:06.941Z","","","","","",""
"WOKONG","2d7VFNXsmaonBL8W3SsSUqvVnJDLfjHvK49tS25spump","90","0.500000001","","","","","","","","","","","","","","","","","","","","","","","","","","","","","","","","","","","","","","","","0.000001654","","","","","","","2026-07-25T08:14:06.972Z","","","","","",""
"r u ngas ed","8qFm3thrLM1JbkMXpDZkZhgmcRmZeM6YtENFKr4Spump","","","","","","","","","","","","","","","","","","","","","","","","","","","","","","","","","","","","","","","","","","","","","","","","8.738e-7","","","","","","2026-07-25T08:14:07.006Z",""
"AHEGAO","4yrVRicfsrbxwXu3HoyNpwqQ9qnJBQZ4wdFimzWSpump","61","0.059259258","","","","","","","","","","","","","","","","","","","","","","","","","","","","","","","","","","","","","","","","0.000003041","","","","","","","2026-07-25T08:14:07.040Z","","","","","",""
"BBD","HfRK8upnbvCzwfPp8mKij4Z5TSAuaYq2951DGjX8pump","","","","","","","","","","","","","","","","","","","","","","","","","","","","","","","","","","","","","","","","","","","","","","","","0.000001148","","","","","","2026-07-25T08:15:06.900Z",""
"dͨoͣgͭ","HqyK7PzmSKe5Yu7RZimpDTdAa8v9LzToJE1FKRVSpump","","","","","","","","","","","","","","","","","","","","","","","","","","","","","","","","","","","","","","","","","","","","","","","","2.052e-8","","","","","","2026-07-25T08:15:06.945Z",""
"r u ngas ed","FJHtrhDvTLkXc2Aith8zg18KHLCrCtC2rJabSZkDpump","","","","","","","","","","","","","","","","","","","","","","","","","","","","","","","","","","","","","","","","","","","","","","","","0.000001091","","","","","","2026-07-25T08:15:06.981Z",""
"SOLIDUS","4bxGPdtpTVxAVhAG8eUpkLUXN1vx8ZM6zmF5X67Qpump","","","","","","","","","","","","","","","","","","","","","","","","","","","","","","","","","","","","","","","","","","","","","","","","2.985e-8","","","","","","2026-07-25T08:15:07.021Z",""
"DECELS","4uwdKfh931qdarcBbpjn3Zy41YmTFfvHij1cuNcppump","","","","","","","","","","","","","","","","","","","","","","","","","","","","","","","","","","","","","","","","","","","","","","","","7.383e-7","","","","","","2026-07-25T08:16:06.931Z",""
"DECELS","3F6EuKHMoWJimz797J3KCqGsQ1xUbANXLivEfV6wpump","","","","","","","","","","","","","","","","","","","","","","","","","","","","","","","","","","","","","","","","","","","","","","","","0.000001652","","","","","","2026-07-25T08:16:06.966Z",""
"DECELS","BUVQh38mLf3mFCxFyDGGbMejAqyoVPmDbEuXd7y9pump","","","","","","","","","","","","","","","","","","","","","","","","","","","","","","","","","","","","","","","","","","","","","","","","5.721e-7","","","","","","2026-07-25T08:16:06.993Z",""
"UNITREE","HiwM2ReR3kX5VuJjSr61KHffioXW59amCcFmQdArpump","62","2.746693795","","","","","","","","","","","","","","","","","","","","","","","","","","","","","","","","","","","","","","","","0.000005533","","","","","","","2026-07-25T08:16:07.028Z","","","","","",""
"r u ngas ed","ACSCBq3Bx4c6h3zdpZk4voCDa9dDhHTLCMRFwmFTpump","","","","","","","","","","","","","","","","","","","","","","","","","","","","","","","","","","","","","","","","","","","","","","","","5.927e-7","","","","","","2026-07-25T08:17:06.907Z",""
"AHEGAO","6GrpKSttMAnc5Rmexq5MJTedVDZe8hCTvTXVXzDZpump","58","0.059259258","","","","","","","","","","","","","","","","","","","","","","","","","","","","","","","","","","","","","","","","0.000003118","","","","","","","2026-07-25T08:17:06.936Z","","","","","",""
"DECELS","Gw9pcnirW81Gt8teiax984L8N1ZD9YHxEAsiN39npump","","","","","","","","","","","","","","","","","","","","","","","","","","","","","","","","","","","","","","","","","","","","","","","","6.851e-7","","","","","","2026-07-25T08:17:06.989Z",""
"COMEBK","FDmV7t6s2NPKgsMGLchoVu7BBdERQWYvWsvTrprXpump","","","","","","","","","","","","","","","","","","","","","","","","","","","","","","","","","","","","","","","","","","","","","","","","1.193e-7","","","","","","2026-07-25T08:17:07.015Z",""
"ELONCB","7PPdoDMDEurbKNwoDw79ahhoHx4bmB4kuWHtC3Dwpump","","","","","","","","","","","","","","","","","","","","","","","","","","","","","","","","","","","","","","","","","","","","","","","","4.22e-7","","","","","","2026-07-25T08:18:06.916Z",""
"TRUMP28","8q1RBRJee3hfE6w3rzkUueCUxVF7FVKLhx5BZmuHpump","","","","","","","","","","","","","","","","","","","","","","","","","","","","","","","","","","","","","","","","","","","","","","","","2.041e-7","","","","","","2026-07-25T08:18:06.945Z",""
"DECELS","rWZzEY6btBtwanjdinERMyjioejF4cyZkzLfA24pump","73","5","","","","","","","","","","","","","","","","","","","","","","","","","","","","","","","","","","","","","","","","0.000001827","","","","","","","2026-07-25T08:18:06.982Z","","","","","",""
"DECELS","4Bijg7j7e9SpiQWSqGJpVJ7dtUHATaCh3apthvntpump","","","","","","","","","","","","","","","","","","","","","","","","","","","","","","","","","","","","","","","","","","","","","","","","6.851e-7","","","","","","2026-07-25T08:18:07.021Z",""
"catgun","BB5dbKzAAopevFSLLpYv6fRJmPgEh2S4GFw5LU6Ypump","58","3","","","","","","","","","","","","","","","","","","","","","","","","","","","","","","","","","","","","","","","","0.000002062","","","","","","","2026-07-25T08:19:06.918Z","","","","","",""
"WOKONG","5mHQEWfXSFgcwmFEo17TLH6hMYUjoMK84kd6tE3epump","","","","","","","","","","","","","","","","","","","","","","","","","","","","","","","","","","","","","","","","","","","","","","","","1.855e-7","","","","","","2026-07-25T08:19:06.992Z",""
"FULL","2zXjXQthi2RGUSJ4uFLSGH2vUDmdoAZp8pycJuPmpump","","","","","","","","","","","","","","","","","","","","","","","","","","","","","","","","","","","","","","","","","","","","","","","","3.28e-7","","","","","","2026-07-25T08:19:07.024Z",""
"ELONCB","xJ6nNk3q49vkzAvR1G76dHydVeYDbvUX6DX93Fqpump","","","","","","","","","","","","","","","","","","","","","","","","","","","","","","","","","","","","","","","","","","","","","","","","0.000001244","","","","","","2026-07-25T08:19:07.058Z",""
"DECELS","AqbAYnFvYxvimtQYvecE6cs4X6Dj3snZ8EWHzzDmpump","","","","","","","","","","","","","","","","","","","","","","","","","","","","","","","","","","","","","","","","","","","","","","","","5.409e-7","","","","","","2026-07-25T08:20:07.047Z",""
"BELIVE ","BiF3PFkBvY6BnGdCXX7gX2yMRvqrcJ8NusMkfzH5pump","","","","","","","","","","","","","","","","","","","","","","","","","","","","","","","","","","","","","","","","","","","","","","","","5.404e-7","","","","","","2026-07-25T08:20:07.071Z",""
"TRUMP28","FFV3PkUUy4WuZKzXn9DsBmgNRCRNX3esRrYRRrnypump","","","","","","","","","","","","","","","","","","","","","","","","","","","","","","","","","","","","","","","","","","","","","","","","5.111e-7","","","","","","2026-07-25T08:20:07.126Z",""
"DECELS","He9TPZ1HTSgh8Q9k4RjWZq6axqsD6nZAi8DaWBPRpump","","","","","","","","","","","","","","","","","","","","","","","","","","","","","","","","","","","","","","","","","","","","","","","","3.444e-7","","","","","","2026-07-25T08:20:07.157Z",""
"DECELS","9UAC2ZFBAvz9jf12UvAFZF6Rzea5YjPSQNGYHvKmpump","","","","","","","","","","","","","","","","","","","","","","","","","","","","","","","","","","","","","","","","","","","","","","","","4.418e-7","","","","","","2026-07-25T08:21:06.927Z",""
"AHEGAO","HZjx6y2pdd5gKrtRXb3k4BBFZii2NhqtJ5P1aCxTpump","57","0.059259258","","","","","","","","","","","","","","","","","","","","","","","","","","","","","","","","","","","","","","","","0.000006712","","","","","","","2026-07-25T08:21:06.967Z","","","","","",""
"RUSS","7eKYWY1oaMjg4EE899zKRKxr7NP4wV4TYYFRmxHZpump","","","","","","","","","","","","","","","","","","","","","","","","","","","","","","","","","","","","","","","","","","","","","","","","1.458e-7","","","","","","2026-07-25T08:21:07.025Z",""
"jj","3hXcy8s9yt5kRY5GBGAssW3jiiQ2Xr2nMAeQpx4ypump","","","","","","","","","","","","","","","","","","","","","","","","","","","","","","","","","","","","","","","","","","","","","","","","2.659e-7","","","","","","2026-07-25T08:21:07.142Z",""
"FSD","4HK56dTyqTyLWZRZxbTPJmM9bwqqThoHShkEYdgNpump","63","3","","","","","","","","","","","","","","","","","","","","","","","","","","","","","","","","","","","","","","","","0.000002086","","","","","","","2026-07-25T08:22:06.882Z","","","","","",""
"PUMP","8zh2CtEuxeKUH2t6B78Gz8mkfY2LNuo67gJpHHU6pump","","","","","","","","","","","","","","","","","","","","","","","","","","","","","","","","","","","","","","","","","","","","","","","","0.000001141","","","","","","2026-07-25T08:22:06.923Z",""
"peetah","E59HRQgoRLLLJMeBXF5Q2VagDktEhScWFh4LBfEkpump","","","","","","","","","","","","","","","","","","","","","","","","","","","","","","","","","","","","","","","","","","","","","","","","1.18e-7","","","","","","2026-07-25T08:22:06.979Z",""
"DECELS","EajKpzmzaVnD8mCVptWzqo8CdvDJxEFWHLwjDk35pump","","","","","","","","","","","","","","","","","","","","","","","","","","","","","","","","","","","","","","","","","","","","","","","","3.08e-7","","","","","","2026-07-25T08:22:07.056Z",""
"jj","Gj8bNF1fUDFxoYCPzpxfCY3ts2xCXkjQrDjhiUvepump","","","","","","","","","","","","","","","","","","","","","","","","","","","","","","","","","","","","","","","","","","","","","","","","4.873e-7","","","","","","2026-07-25T08:23:06.855Z",""
"AHEGAO","6CH99CWigisR1p96y3mTkfZzi4v9ojMKmF1QCuHGpump","","","","","","","","","","","","","","","","","","","","","","","","","","","","","","","","","","","","","","","","","","","","","","","","4.305e-7","","","","","","2026-07-25T08:23:06.904Z",""
"V","69vpRVuKDL17Nv4sMxUyBjRSFV8Xg1bRnH1iZ73opump","67","5","","","","","","","","","","","","","","","","","","","","","","","","","","","","","","","","","","","","","","","","0.000005054","","","","","","","2026-07-25T08:23:06.937Z","","","","","",""
"POTUS48","2sTS3rbsB4c9o5vFeBL5Decmq7S2Gp2U6Gy8kbfvpump","","","","","","","","","","","","","","","","","","","","","","","","","","","","","","","","","","","","","","","","","","","","","","","","7.023e-8","","","","","","2026-07-25T08:23:07.039Z",""
"RUSS","DiLRr8YPqPKrhWNhtgmjBhKDLkpt427Xn2xvqJiFpump","","","","","","","","","","","","","","","","","","","","","","","","","","","","","","","","","","","","","","","","","","","","","","","","1.672e-7","","","","","","2026-07-25T08:24:06.856Z",""
"DECELS","7tcnfsftipdBFwzRkRa5b9c5Ue9Z9jP49E5Lr2QJpump","","","","","","","","","","","","","","","","","","","","","","","","","","","","","","","","","","","","","","","","","","","","","","","","2.303e-7","","","","","","2026-07-25T08:24:06.955Z",""
"GIGABULL","3yKJjrmXWxYQKxrmiYwSWMfWH6D5hL7Wjmh8MELapump","89","8.000000001","","","","","","","","","","","","","","","","","","","","","","","","","","","","","","","","","","","","","","","","0.000003359","","","","","","","2026-07-25T08:24:06.986Z","","","","","",""
"bull ","W4nraBnu5248Sx4srvJK1yspBUdTAii5b8VNCnmpump","","","","","","","","","","","","","","","","","","","","","","","","","","","","","","","","","","","","","","","","","","","","","","","","7.221e-7","","","","","","2026-07-25T08:24:07.033Z",""
"OOPS","95tB73yNqDsdX1tkk5RSRpJpQBZ36FoiPmXgBfpkpump","","","","","","","","","","","","","","","","","","","","","","","","","","","","","","","","","","","","","","","","","","","","","","","","1.878e-7","","","","","","2026-07-25T08:25:06.881Z",""
"ulitlpick","7vmh63NaU6ePvyzJDN4Yx9wUsAKRdeXs3jyCSpVppump","","","","","","","","","","","","","","","","","","","","","","","","","","","","","","","","","","","","","","","","","","","","","","","","0.000001071","","","","","","2026-07-25T08:25:06.927Z",""
"AHEGAO","2PmynN8ztButdbCwe5wKT3hvei6V1F7Pfz6zrVwbpump","","","","","","","","","","","","","","","","","","","","","","","","","","","","","","","","","","","","","","","","","","","","","","","","2.543e-7","","","","","","2026-07-25T08:25:06.970Z",""
"jj","CAiVS5BTwfbjQt4TfCiFxvc4DiYsA4GXnf1hjxmTpump","","","","","","","","","","","","","","","","","","","","","","","","","","","","","","","","","","","","","","","","","","","","","","","","4.312e-7","","","","","","2026-07-25T08:25:06.997Z",""
"jj","DdC6DoXkMFyLeRevV924QBVARuWwm7rAtLwz7kDKpump","","","","","","","","","","","","","","","","","","","","","","","","","","","","","","","","","","","","","","","","","","","","","","","","0.00000124","","","","","","2026-07-25T08:26:06.977Z",""
"jj","Ct25pfoSYrR4KcPy98uskW3KAp92VyQKmA6qbXKgpump","","","","","","","","","","","","","","","","","","","","","","","","","","","","","","","","","","","","","","","","","","","","","","","","2.645e-7","","","","","","2026-07-25T08:26:07.004Z",""
"DECELS","DhUW4YikkpPMRKBkjx91dhyqRL6V98bL6poC6ryDpump","","","","","","","","","","","","","","","","","","","","","","","","","","","","","","","","","","","","","","","","","","","","","","","","2.284e-7","","","","","","2026-07-25T08:26:07.084Z",""
"WHISPERER","GUPCAadjdkxZ47NGihLii9VX7pMZa32je1PXuZM3pump","63","3.03","","","","","","","","","","","","","","","","","","","","","","","","","","","","","","","","","","","","","","","","0.000002074","","","","","","","2026-07-25T08:26:07.104Z","","","","","",""
"RUSS","ELysQZdRPhsmgyeKbByFfsTWGLX3unLaQWdgqMh5pump","","","","","","","","","","","","","","","","","","","","","","","","","","","","","","","","","","","","","","","","","","","","","","","","1.245e-8","","","","","","2026-07-25T08:27:06.873Z",""
"kalo ","Br1RuHXtN6KurZRuZCyRJECNHT94mi8HDK7AqbEepump","","","","","","","","","","","","","","","","","","","","","","","","","","","","","","","","","","","","","","","","","","","","","","","","3.003e-8","","","","","","2026-07-25T08:27:06.910Z",""
"Divas","E4ATfLGX24PfUDRWM2wnqho7PDM194fG2yCqatdApump","82","3","","","","","","","","","","","","","","","","","","","","","","","","","","","","","","","","","","","","","","","","0.000002064","","","","","","","2026-07-25T08:27:06.944Z","","","","","",""
"FEED","7va77BSwgwbQZTYVc5QmL1gngVR6Ymjr8oGYFPzEpump","","","","","","","","","","","","","","","","","","","","","","","","","","","","","","","","","","","","","","","","","","","","","","","","1.151e-9","","","","","","2026-07-25T08:27:06.976Z",""
"jj","Bp1YkAJuJtHhHQubJpsvooJVzk2LKzHhn4CJUXVtpump","","","","","","","","","","","","","","","","","","","","","","","","","","","","","","","","","","","","","","","","","","","","","","","","4.173e-7","","","","","","2026-07-25T08:28:06.903Z",""
"TTP","3Ff1NQR8sEhPX1oDQA6fSTtX2j6vvXyMLidsawKCpump","63","3","","","","","","","","","","","","","","","","","","","","","","","","","","","","","","","","","","","","","","","","0.000003971","","","","","","","2026-07-25T08:28:06.951Z","","","","","",""
"PULSEDRIVE","9NnLA6x8rMUDhmULmUFWEBAFq4PR6ovXsiy9gYMvpump","58","4.938271603","","","","","","","","","","","","","","","","","","","","","","","","","","","","","","","","","","","","","","","","0.00000376","","","","","","","2026-07-25T08:28:06.978Z","","","","","",""
"LOOONGTRUM","Dxm9bww2KicS3FJsfaYUuxQ7MQDK4yyrFjAciCyfpump","","","","","","","","","","","","","","","","","","","","","","","","","","","","","","","","","","","","","","","","","","","","","","","","3.501e-7","","","","","","2026-07-25T08:28:07.013Z",""
"jj","ABsXbMQqDZHMnTsP5L7yeyJWrXKbsxtaCJ4GRN7opump","","","","","","","","","","","","","","","","","","","","","","","","","","","","","","","","","","","","","","","","","","","","","","","","3.229e-7","","","","","","2026-07-25T08:29:06.892Z",""
"eyecoin","9yz64So4HzcS6oXLucTPjRKPZmoi8s7XaWUtKiNwpump","63","3","","","","","","","","","","","","","","","","","","","","","","","","","","","","","","","","","","","","","","","","0.000002065","","","","","","","2026-07-25T08:29:06.933Z","","","","","",""
"I","5FCNWF4HMNdfogRzGqmYi47CEVzcaBbBwwEEGCUbpump","","","","","","","","","","","","","","","","","","","","","","","","","","","","","","","","","","","","","","","","","","","","","","","","3.931e-7","","","","","","2026-07-25T08:29:07.015Z",""
"FEED","CWifFyzX5im3XJjnZUvdfzrFo8cjZKNc3YYQF7Mmpump","","","","","","","","","","","","","","","","","","","","","","","","","","","","","","","","","","","","","","","","","","","","","","","","1.531e-8","","","","","","2026-07-25T08:29:07.042Z",""
"POTUS48","cKVXgW7CiVe3rSZQkxQh6PhM4AFHydyZPaMeDMupump","96","0.059259258","","","","","","","","","","","","","","","","","","","","","","","","","","","","","","","","","","","","","","","","0.000004787","","","","","","","2026-07-25T08:30:06.921Z","","","","","",""
"$BAM","312sVAAQninf2w15bmZR1vVVBMrfFA88V9zo5JTmpump","73","0.627615069","","","","","","","","","","","","","","","","","","","","","","","","","","","","","","","","","","","","","","","","0.00000718","","","","","","","2026-07-25T08:30:07.001Z","","","","","",""
"FEED","5VvDWY43iZprfqUr8NgzRUxGYRZFrCFiMQaaQmWGpump","","","","","","","","","","","","","","","","","","","","","","","","","","","","","","","","","","","","","","","","","","","","","","","","1.111e-7","","","","","","2026-07-25T08:30:07.108Z",""
"RUSS","6VSqcfGumMbFtFtoy2zi7F2PpBMve7Po7fZRtHgZpump","","","","","","","","","","","","","","","","","","","","","","","","","","","","","","","","","","","","","","","","","","","","","","","","3.837e-7","","","","","","2026-07-25T08:30:07.141Z",""
"jj","P6jzHPt1h3EU3K5ztQk88e3mGYTFxjKZQGKEnycpump","62","2.000000001","","","","","","","","","","","","","","","","","","","","","","","","","","","","","","","","","","","","","","","","0.000005578","","","","","","","2026-07-25T08:31:06.926Z","","","","","",""
"RUSS","CwUUgFG3qcXconuwMkMcxFTimsGfTkTkPwhCF6Zpump","","","","","","","","","","","","","","","","","","","","","","","","","","","","","","","","","","","","","","","","","","","","","","","","1.737e-7","","","","","","2026-07-25T08:31:06.954Z",""
"jj","9RypupzoAukeLpcSYwav8gzevf75YiUZD99mviSXpump","","","","","","","","","","","","","","","","","","","","","","","","","","","","","","","","","","","","","","","","","","","","","","","","5.199e-7","","","","","","2026-07-25T08:31:06.988Z",""
"BTRFLY","EZJoTo6tCxnzsDU7FGMhSf5Pa25J31BGNnCazEcBpump","60","3.950617282","","","","","","","","","","","","","","","","","","","","","","","","","","","","","","","","","","","","","","","","0.000002702","","","","","","","2026-07-25T08:31:07.056Z","","","","","",""
"JIMBULL","88eEWTw1EA211K5VVhq5RPVEqeBfTW2UqK5mWEn2pump","87","8.400000001","","","","","","","","","","","","","","","","","","","","","","","","","","","","","","","","","","","","","","","","0.000003391","","","","","","","2026-07-25T08:32:06.927Z","","","","","",""
"SELLING","AKecX4yEXHkETx4YE4NaEwfFY5thcsmBQrffASakpump","65","3","","","","","","","","","","","","","","","","","","","","","","","","","","","","","","","","","","","","","","","","0.000002204","","","","","","","2026-07-25T08:32:06.997Z","","","","","",""
"FEED","Ehr6FCyNou1ewFbMMWxWDhrUpHYwv7Zj4wUduRDopump","","","","","","","","","","","","","","","","","","","","","","","","","","","","","","","","","","","","","","","","","","","","","","","","5.173e-7","","","","","","2026-07-25T08:32:07.032Z",""
"SELLING","DDGsW6BmbrXFz7pQb3bV2DHpdsLpNKxdg6gvjdXLpump","","","","","","","","","","","","","","","","","","","","","","","","","","","","","","","","","","","","","","","","","","","","","","","","4.63e-7","","","","","","2026-07-25T08:33:06.869Z",""
"Nietzsche","DHXKsszr9CY4h8S9fHBsWKhDRF24WgTFUN8iLjgcpump","55","0.00001","","","","","","","","","","","","","","","","","","","","","","","","","","","","","","","","","","","","","","","","0.000004803","","","","","","","2026-07-25T08:33:06.954Z","","","","","",""
"WOKONG","24vLZ5hmbeFHscKsqsU3dYrWgE8bodeCNMoaimqopump","78","0.250000001","","","","","","","","","","","","","","","","","","","","","","","","","","","","","","","","","","","","","","","","0.000001931","","","","","","","2026-07-25T08:33:06.985Z","","","","","",""
"vibeshift","rhoAMxmRCBgwWnCHXvtRcRhXA366HEnZtoBjysgpump","59","4","","","","","","","","","","","","","","","","","","","","","","","","","","","","","","","","","","","","","","","","0.000002064","","","","","","","2026-07-25T08:33:07.039Z","","","","","",""
"SELLING","6LBoCKCMJ4eaTDAiYQv61Evwy4PcYByvj19gwfNSpump","61","1.6","","","","","","","","","","","","","","","","","","","","","","","","","","","","","","","","","","","","","","","","0.000001739","","","","","","","2026-07-25T08:34:06.926Z","","","","","",""
"COIN","H5Yys5pAQjimwXYBV1a7e4nnhffCPVQ9Lngy3id2pump","64","5","","","","","","","","","","","","","","","","","","","","","","","","","","","","","","","","","","","","","","","","0.00000213","","","","","","","2026-07-25T08:34:06.955Z","","","","","",""
"FaZe","FJSRGh3BdqNdgF1kU1DSfqKFBiM4K84vmDxkz4dcpump","63","3","","","","","","","","","","","","","","","","","","","","","","","","","","","","","","","","","","","","","","","","0.000002064","","","","","","","2026-07-25T08:34:06.978Z","","","","","",""
"TS","2vT3Xmar12eSGP6QntrhiG8gnRiKPde6ug7Fmptnpump","55","0.250039066","","","","","","","","","","","","","","","","","","","","","","","","","","","","","","","","","","","","","","","","0.000004288","","","","","","","2026-07-25T08:34:07.010Z","","","","","",""
"SELLING","Vrdmis9JxU986yDpAccyhL4MibVBDqadpU8a3e4pump","","","","","","","","","","","","","","","","","","","","","","","","","","","","","","","","","","","","","","","","","","","","","","","","3.958e-7","","","","","","2026-07-25T08:35:06.847Z",""
"RUSS","9qX2BmSDWZhwFpJUgP6TzgcYYovMuucZjB2FauYRpump","","","","","","","","","","","","","","","","","","","","","","","","","","","","","","","","","","","","","","","","","","","","","","","","6.524e-8","","","","","","2026-07-25T08:35:06.920Z",""
"BELIVE ","CUGgFxgZ5dtK6tjGKNENtFAdrUGTh8ZCvrQ4CGRdpump","","","","","","","","","","","","","","","","","","","","","","","","","","","","","","","","","","","","","","","","","","","","","","","","1.421e-8","","","","","","2026-07-25T08:35:06.941Z",""
"dabzz ","Eq2UvwTqminB98e1Q9qYPeQ8pX1y9eR1bM99XY8tpump","67","0.345000001","","","","","","","","","","","","","","","","","","","","","","","","","","","","","","","","","","","","","","","","0.000003966","","","","","","","2026-07-25T08:36:06.920Z","","","","","",""
"FEED","C2VRGVMqR9DvPb2rgKWdYcSrwgED6U6hjV4ubP2Fpump","61","0.098765431","","","","","","","","","","","","","","","","","","","","","","","","","","","","","","","","","","","","","","","","0.000002665","","","","","","","2026-07-25T08:36:06.988Z","","","","","",""
"jj","HjsqBmtKvcSSjnzcKGUhYtoMAkKyYUvuPi7sWnwnpump","","","","","","","","","","","","","","","","","","","","","","","","","","","","","","","","","","","","","","","","","","","","","","","","3.065e-7","","","","","","2026-07-25T08:36:07.022Z",""
"RUSS","5YsZf2ae1GV8ybTTTZZukt7jebGYmh7ybaFM8Rjjpump","","","","","","","","","","","","","","","","","","","","","","","","","","","","","","","","","","","","","","","","","","","","","","","","2.005e-8","","","","","","2026-07-25T08:36:07.069Z",""
"RUSS","Cy9aNUXMau6SvhwvvJswMXxuNDgkxozhfYiaACxypump","","","","","","","","","","","","","","","","","","","","","","","","","","","","","","","","","","","","","","","","","","","","","","","","8.385e-7","","","","","","2026-07-25T08:37:06.858Z",""
"SIK","FEc3osPaRxsPxPvNPc5aLahKcjsiV7V19sH8ARrgpump","58","3","","","","","","","","","","","","","","","","","","","","","","","","","","","","","","","","","","","","","","","","0.000002065","","","","","","","2026-07-25T08:37:06.883Z","","","","","",""
"SELLING","9vkTsJnY8ZSmbQwVfWYdQqnLTsci2XLnjdYYQujNpump","","","","","","","","","","","","","","","","","","","","","","","","","","","","","","","","","","","","","","","","","","","","","","","","0.000001189","","","","","","2026-07-25T08:37:06.933Z",""
"ur move ","G3crwcPfEq5Wtqvg7ZmJMfRt97qychX1JqunCruBpump","","","","","","","","","","","","","","","","","","","","","","","","","","","","","","","","","","","","","","","","","","","","","","","","3.264e-7","","","","","","2026-07-25T08:37:06.960Z",""
"RUYY","CHf7CKk6yyvSyQeqBASRfBiTQjc7HZmWYQ69vqodpump","","","","","","","","","","","","","","","","","","","","","","","","","","","","","","","","","","","","","","","","","","","","","","","","2.225e-7","","","","","","2026-07-25T08:38:07.060Z",""
"BELIVE ","7WbJ5Grxbf4mTdEcpGRNLdkg2nrycorNfnbh2a6fpump","","","","","","","","","","","","","","","","","","","","","","","","","","","","","","","","","","","","","","","","","","","","","","","","0.000001104","","","","","","2026-07-25T08:38:07.095Z",""
"Wojak","93ukgUxFcxiMfHsozGbfrcWp84FxXn4bVxQZc2ZUpump","57","1.97530864","","","","","","","","","","","","","","","","","","","","","","","","","","","","","","","","","","","","","","","","0.000002063","","","","","","","2026-07-25T08:38:07.128Z","","","","","",""
"RUSS","3CYavSHLKHZrLMUYCw5agNXHCBeRQfLWMzaoZWSZpump","","","","","","","","","","","","","","","","","","","","","","","","","","","","","","","","","","","","","","","","","","","","","","","","5.917e-7","","","","","","2026-07-25T08:39:06.906Z",""
"PartyCat","ATE7RBU6CrDASo9hCwMmFLm5vdqD2A6JSn8mT4Gpump","57","1.97530864","","","","","","","","","","","","","","","","","","","","","","","","","","","","","","","","","","","","","","","","0.000002105","","","","","","","2026-07-25T08:39:06.949Z","","","","","",""
"CROCODILES","DABbnFxsVkQUZpDvit3tSemBg1ASisQowvMvrxeupump","63","3","","","","","","","","","","","","","","","","","","","","","","","","","","","","","","","","","","","","","","","","0.000002168","","","","","","","2026-07-25T08:39:06.987Z","","","","","",""
"DUDE","Ee4kDsDmTeYACamXwwtX4GJ8zCz7ftdimso1ntrnpump","","","","","","","","","","","","","","","","","","","","","","","","","","","","","","","","","","","","","","","","","","","","","","","","2.278e-7","","","","","","2026-07-25T08:39:07.025Z",""
"ELONCB","DLXoQhPTge32tYLMqtvGaUAZy8tvM3TyCgeUHRBwpump","70","1.000000001","","","","","","","","","","","","","","","","","","","","","","","","","","","","","","","","","","","","","","","","0.000007462","","","","","","","2026-07-25T08:40:06.907Z","","","","","",""
"MESSI ","AYqyfpVfyajwaPgMLSSLsfCdXZJo2gdfbhLBE6ebpump","68","0.250039066","","","","","","","","","","","","","","","","","","","","","","","","","","","","","","","","","","","","","","","","0.000003241","","","","","","","2026-07-25T08:40:06.941Z","","","","","",""
"RUSS","CkaQrBbtvZayiqxJrSSh5LiSCoXAy4UWhgHr5S5Tpump","","","","","","","","","","","","","","","","","","","","","","","","","","","","","","","","","","","","","","","","","","","","","","","","4.184e-7","","","","","","2026-07-25T08:40:06.976Z",""
"PartyCat","Bnb81a91kXqfGAbVCXHjq2dtc1rhBct2ivGUmjXopump","57","1.97530864","","","","","","","","","","","","","","","","","","","","","","","","","","","","","","","","","","","","","","","","0.000002096","","","","","","","2026-07-25T08:40:07.009Z","","","","","",""
"II","3cHvJXcDdhxDjR3vyTbtQdp89RGaTKHnA133pZFupump","100","0.059259258","","","","","","","","","","","","","","","","","","","","","","","","","","","","","","","","","","","","","","","","0.000002062","","","","","","","2026-07-25T08:41:07.108Z","","","","","",""
"RUSS","DBFK5YpeEcVzbf6xMjdTpeBiY5LcBwE4RVCvEDZtpump","61","0.98765432","","","","","","","","","","","","","","","","","","","","","","","","","","","","","","","","","","","","","","","","0.000003966","","","","","","","2026-07-25T08:41:07.140Z","","","","","",""
"GMEBULL","Cuavims3bSviy6ZGVTjS9dW1uBuufBaV8gm72og1NVn1","","","","","","","","","","","","","","","","","","","","","","","","","","","","","","","","","","","","","","","","","","","","","","","","2.232e-7","","","","","","2026-07-25T08:41:07.176Z",""
"GM","DmBo2Yfob5HvTjtjkuDiE1UBHmhMsvmYd6CXojLMpump","","","","","","","","","","","","","","","","","","","","","","","","","","","","","","","","","","","","","","","","","","","","","","","","9.012e-7","","","","","","2026-07-25T08:41:07.420Z",""
"PSI","7zDaeBEepqsmXu4Z4NRkjYmaYAAzua42b9P1Fpfspump","100","18.271604937","","","","","","","","","","","","","","","","","","","","","","","","","","","","","","","","","","","","","","","","0.000006319","","","","","","","2026-07-25T08:42:06.901Z","","","","","",""
"NIGGA","EBDduBSXvFyJHUdb4w1nroc1hoPLNSXWpLDzbNCRpump","60","5","","","","","","","","","","","","","","","","","","","","","","","","","","","","","","","","","","","","","","","","0.000002175","","","","","","","2026-07-25T08:42:06.965Z","","","","","",""
"WOKONG","2pPQt4NWTV2qCvEdEQsQpLyHij5UQxpTmGeR1wYJpump","73","0.250000001","","","","","","","","","","","","","","","","","","","","","","","","","","","","","","","","","","","","","","","","0.000002108","","","","","","","2026-07-25T08:42:07.004Z","","","","","",""
"agentz402","8WEWsDTLfS5ArQ4Wx4ESBh5eUW36dUzb4UCFKhwapump","58","3","","","","","","","","","","","","","","","","","","","","","","","","","","","","","","","","","","","","","","","","0.000002085","","","","","","","2026-07-25T08:42:07.040Z","","","","","",""
"RUSS","8eaKXwN9yjHehzD8RXXKTdmRAeJMr2K8TLjBjCiepump","","","","","","","","","","","","","","","","","","","","","","","","","","","","","","","","","","","","","","","","","","","","","","","","4.395e-7","","","","","","2026-07-25T08:43:06.850Z",""
"Reflejos","8oRMsCcTZ41nhUDSgrkrUopFCVLL8xxcroSFXFf3pump","58","3","","","","","","","","","","","","","","","","","","","","","","","","","","","","","","","","","","","","","","","","0.000002064","","","","","","","2026-07-25T08:43:06.881Z","","","","","",""
"FEED","rWDe1DzCbDAcHr6c6fFpQeykAVsS7cwSDaey2fYpump","","","","","","","","","","","","","","","","","","","","","","","","","","","","","","","","","","","","","","","","","","","","","","","","7.38e-8","","","","","","2026-07-25T08:43:06.913Z",""
"COMEBK","D8ppEuYiKu95ARjGxfTEgeiRCD7isnYDdMTJYPUGpump","","","","","","","","","","","","","","","","","","","","","","","","","","","","","","","","","","","","","","","","","","","","","","","","7.444e-7","","","","","","2026-07-25T08:43:06.948Z",""
"ELONCB","38RTQoPnxcMpHMJTMKPRyRazntwHqJpvVosZWWLWpump","","","","","","","","","","","","","","","","","","","","","","","","","","","","","","","","","","","","","","","","","","","","","","","","8.948e-9","","","","","","2026-07-25T08:44:06.994Z",""
"BULL","3TvYzK65HjxzYeSxi4RCzijof4HzyXmQkn76VdTHpump","59","0.098765431","","","","","","","","","","","","","","","","","","","","","","","","","","","","","","","","","","","","","","","","0.000001559","","","","","","","2026-07-25T08:44:07.017Z","","","","","",""
"Nietzsche","7He4RaTz8iD5YWPNKxpGMBQS3ZHNFZ64bMyVJhA3pump","63","3","","","","","","","","","","","","","","","","","","","","","","","","","","","","","","","","","","","","","","","","0.000002095","","","","","","","2026-07-25T08:44:07.045Z","","","","","",""
"RUSS","2vW7kcZ1ZwfsXZGnZMD3mLK1GU6HwpxRoZo4KiLipump","","","","","","","","","","","","","","","","","","","","","","","","","","","","","","","","","","","","","","","","","","","","","","","","3.55e-7","","","","","","2026-07-25T08:44:07.076Z",""
"RUSS","DvQXh8xQA4wByKV7Rn68sQTBSsrrzZxtaKDuXVsppump","59","0.98765432","","","","","","","","","","","","","","","","","","","","","","","","","","","","","","","","","","","","","","","","0.000002101","","","","","","","2026-07-25T08:45:06.954Z","","","","","",""
"WOKONG","569XCBBK95BaEFY6hN7j4RA4gChBnF13eRYWfzCLpump","71","0.250000001","","","","","","","","","","","","","","","","","","","","","","","","","","","","","","","","","","","","","","","","0.000002897","","","","","","","2026-07-25T08:45:06.976Z","","","","","",""
"2CENTS ","4mWYW1gjt27HAmXMRRjhYa9Wgaw2nEuBoyCGhRXnpump","","","","","","","","","","","","","","","","","","","","","","","","","","","","","","","","","","","","","","","","","","","","","","","","1.267e-7","","","","","","2026-07-25T08:45:07.008Z",""
"Nietzschean","EVCp7XfjbQ9eSgfSVuHaH43X3BJs1SufzqvPpyWzpump","91","7","","","","","","","","","","","","","","","","","","","","","","","","","","","","","","","","","","","","","","","","0.000002101","","","","","","","2026-07-25T08:45:07.042Z","","","","","",""
"dogi","AKUy4jm8rxoxyWQdTK2F1FgM8KbFSYaeVxVjNR7fpump","","","","","","","","","","","","","","","","","","","","","","","","","","","","","","","","","","","","","","","","","","","","","","","","2.883e-7","","","","","","2026-07-25T08:46:06.857Z",""
"SOLIDUS","DXJJnfEUEceSRUB41SDy6dVkUfzTMtnJSP5fZTqgpump","","","","","","","","","","","","","","","","","","","","","","","","","","","","","","","","","","","","","","","","","","","","","","","","9.996e-7","","","","","","2026-07-25T08:46:06.920Z",""
"RUSS","AHoYWViAZCk7iFuRsCeG84m4TyemT5zAamKGGJ3ppump","59","0.98765432","","","","","","","","","","","","","","","","","","","","","","","","","","","","","","","","","","","","","","","","0.00000391","","","","","","","2026-07-25T08:46:06.945Z","","","","","",""
"agentz402","FsaRd1wcVak1J2CeSsqJFuRyvataPks88H1Pks1upump","56","3","","","","","","","","","","","","","","","","","","","","","","","","","","","","","","","","","","","","","","","","0.000002063","","","","","","","2026-07-25T08:46:06.982Z","","","","","",""
"MOCHI","25Kxcgq53dSu6pCQ1vEKr1GBhrMRXciMDfszwSpDpump","","","","","","","","","","","","","","","","","","","","","","","","","","","","","","","","","","","","","","","","","","","","","","","","6.944e-8","","","","","","2026-07-25T08:47:06.848Z",""
"RUSS","FFLNQfyYHDs1idczAKFchdKt86QTQ2z6Z7g1csBApump","58","0.98765432","","","","","","","","","","","","","","","","","","","","","","","","","","","","","","","","","","","","","","","","0.00003144","","","","","","","2026-07-25T08:47:06.935Z","","","","","",""
"Racoondio","DWD752QFGxz2ShRqHszEPqryTtJFaqAJPH4bAQf9pump","57","1.97530864","","","","","","","","","","","","","","","","","","","","","","","","","","","","","","","","","","","","","","","","0.000002117","","","","","","","2026-07-25T08:47:06.962Z","","","","","",""
"FEED","By2h1ECp5UWoJb8xSaaMipYy75zV8ZXmh436jTLNpump","","","","","","","","","","","","","","","","","","","","","","","","","","","","","","","","","","","","","","","","","","","","","","","","1.042e-8","","","","","","2026-07-25T08:47:06.999Z",""
"RUSS","DkeJXrnGDGto64C79hEzxgkcP9sUjXWfHDg5dJdRpump","57","1.97530864","","","","","","","","","","","","","","","","","","","","","","","","","","","","","","","","","","","","","","","","0.000002166","","","","","","","2026-07-25T08:48:06.923Z","","","","","",""
"Racoondio","4UZHbjiaKBx8uXaus6Eq5TU1jgpsfP35CtjkGaWGpump","57","1.97530864","","","","","","","","","","","","","","","","","","","","","","","","","","","","","","","","","","","","","","","","0.000002088","","","","","","","2026-07-25T08:48:06.964Z","","","","","",""
"WOKONG","DEJAcQLJ4n4snP75ENMzskLzienTSsAaD7pnDcFHpump","","","","","","","","","","","","","","","","","","","","","","","","","","","","","","","","","","","","","","","","","","","","","","","","3.484e-7","","","","","","2026-07-25T08:48:07.000Z",""
"RUSS","2EMq6UWiHiWkwDKQTuhdAJNxV4ZNaxHUfxg3ST1Kpump","","","","","","","","","","","","","","","","","","","","","","","","","","","","","","","","","","","","","","","","","","","","","","","","2.83e-7","","","","","","2026-07-25T08:48:07.036Z",""
"Racoondio","HmJregK2AzWdUNb8E9CzzmAWMzhs9AKPnsSNUjr8pump","57","1.97530864","","","","","","","","","","","","","","","","","","","","","","","","","","","","","","","","","","","","","","","","0.000007452","","","","","","","2026-07-25T08:49:06.884Z","","","","","",""
"RUSS","AqCcth2BYoiWh8bXiNDVJsnmM1y2Q7kdQr6QNdEbpump","","","","","","","","","","","","","","","","","","","","","","","","","","","","","","","","","","","","","","","","","","","","","","","","6.985e-7","","","","","","2026-07-25T08:49:06.915Z",""
"pslams ","6WgWj489VTrpU9y8NxuJFs77wB9V4JHGD9Kx7uLwpump","55","0.234000001","","","","","","","","","","","","","","","","","","","","","","","","","","","","","","","","","","","","","","","","0.0000131","","","","","","","2026-07-25T08:49:06.950Z","","","","","",""
"WOKONG","Gtz5kNyHXfZUFUb3LJ3GTh66xMJcuxyDyHCBaw2jpump","66","0.250000001","","","","","","","","","","","","","","","","","","","","","","","","","","","","","","","","","","","","","","","","0.000002295","","","","","","","2026-07-25T08:49:06.985Z","","","","","",""
"RUSS","2qH6pq3Vkgd8PgkFemxtQjVJMDqqR8KQiGhmU29gpump","","","","","","","","","","","","","","","","","","","","","","","","","","","","","","","","","","","","","","","","","","","","","","","","0.000001006","","","","","","2026-07-25T08:50:06.929Z",""
"Wangcai","DkrXzjthpXk7CkgxP18MNydjZUACk2hh7MUDq11Kpump","79","3","","","","","","","","","","","","","","","","","","","","","","","","","","","","","","","","","","","","","","","","0.000009577","","","","","","","2026-07-25T08:50:06.962Z","","","","","",""
"SISKACI","256B7Qc7jjhAo4zKAS27McfKkCPoV47DMeFN3RiXpump","56","3","","","","","","","","","","","","","","","","","","","","","","","","","","","","","","","","","","","","","","","","0.000002081","","","","","","","2026-07-25T08:50:07.018Z","","","","","",""
"Racoondio","GjS3CEghX1j9E8rTByxQWGQ9mkTrMfzpfwhBRDhipump","57","1.97530864","","","","","","","","","","","","","","","","","","","","","","","","","","","","","","","","","","","","","","","","0.000002095","","","","","","","2026-07-25T08:50:07.051Z","","","","","",""
"RUSS","5iSnQvA6WUB9oUeCj1gPRaBPJDBrTjaNbqz3o54ipump","57","0.98765432","","","","","","","","","","","","","","","","","","","","","","","","","","","","","","","","","","","","","","","","0.000004597","","","","","","","2026-07-25T08:51:06.901Z","","","","","",""
"Butta","477wv8JFWhtJZyFikDh361aG9ycgcZBxaf2YAMggpump","","","","","","","","","","","","","","","","","","","","","","","","","","","","","","","","","","","","","","","","","","","","","","","","6.527e-7","","","","","","2026-07-25T08:51:06.940Z",""
"POTUS48","CeeYzHCbBfQXZ8Y3vWQS61AuciahRM6NBrQjD3uupump","","","","","","","","","","","","","","","","","","","","","","","","","","","","","","","","","","","","","","","","","","","","","","","","7.879e-8","","","","","","2026-07-25T08:51:07.028Z",""
"COMEBK","Hw8PAQAquKBtxJhchEPBEMXHsTaPBPXvNLxVyqv8pump","","","","","","","","","","","","","","","","","","","","","","","","","","","","","","","","","","","","","","","","","","","","","","","","1.112e-7","","","","","","2026-07-25T08:51:07.057Z",""
"HUMAN","CjjaFqudptEQVjaJ6Dr2PbMFVZC4YfXgk7vAtV2Npump","","","","","","","","","","","","","","","","","","","","","","","","","","","","","","","","","","","","","","","","","","","","","","","","3.301e-7","","","","","","2026-07-25T08:52:06.870Z",""
"pslams ","4wDYqEJahGyihxBYzWoRwcjtCShhhDZdb3LeaBSopump","","","","","","","","","","","","","","","","","","","","","","","","","","","","","","","","","","","","","","","","","","","","","","","","0.000001071","","","","","","2026-07-25T08:52:06.902Z",""
"RUSS","5bj64mK1MQgoQSqY4ou9Gj8GpAHAnPGPV15Wbq3Kpump","64","0.98765432","","","","","","","","","","","","","","","","","","","","","","","","","","","","","","","","","","","","","","","","0.000002603","","","","","","","2026-07-25T08:52:06.953Z","","","","","",""
"RUSS","HsHfQmNjPiL9zS9UBmtx3SYUcXZNvrQRwsyqg2sopump","57","0.98765432","","","","","","","","","","","","","","","","","","","","","","","","","","","","","","","","","","","","","","","","0.000003055","","","","","","","2026-07-25T08:52:06.983Z","","","","","",""
"Ancillary","5rsfQGwD6MyxuBbNEgtdzMUNsLJ1WivitPyC5uEopump","56","3","","","","","","","","","","","","","","","","","","","","","","","","","","","","","","","","","","","","","","","","0.000002165","","","","","","","2026-07-25T08:53:06.899Z","","","","","",""
"RUSS","BjZJK18uhJmvmCLdizye9iNtwbpUvXiyDcfenw1fpump","","","","","","","","","","","","","","","","","","","","","","","","","","","","","","","","","","","","","","","","","","","","","","","","1.114e-8","","","","","","2026-07-25T08:53:06.961Z",""
"RUSS","4tudcGAK2pyjxfEhEAfFKzgxN9MY13EChib4A5CEpump","63","0.98765432","","","","","","","","","","","","","","","","","","","","","","","","","","","","","","","","","","","","","","","","0.00001191","","","","","","","2026-07-25T08:54:06.895Z","","","","","",""
"Kenji","7PHJtT9msaMt4UqzSoGcqZKw52JuxFX7tiPbcbqLpump","67","5","","","","","","","","","","","","","","","","","","","","","","","","","","","","","","","","","","","","","","","","0.00001222","","","","","","","2026-07-25T08:54:06.931Z","","","","","",""
"Kenji","6KFZ3mtfqb93N1hEZ4Ma2sB3SRwdXDo2seaSDJD4pump","59","5","","","","","","","","","","","","","","","","","","","","","","","","","","","","","","","","","","","","","","","","0.000002149","","","","","","","2026-07-25T08:54:06.971Z","","","","","",""
"WJM2231","EkZ2pPSec9gVShFyLtLVtgGAqGqDTagVjFEdjjo4pump","","","","","","","","","","","","","","","","","","","","","","","","","","","","","","","","","","","","","","","","","","","","","","","","4.717e-7","","","","","","2026-07-25T08:54:07.009Z",""
"cucky","FCkbxZap4v3hDeThy1n7hCVEfC561Rtg24BFas4Bpump","","","","","","","","","","","","","","","","","","","","","","","","","","","","","","","","","","","","","","","","","","","","","","","","9.731e-8","","","","","","2026-07-25T08:55:06.839Z",""
"RUSS","2WnPWAySbcQm6pRnJdsgoNQUScwvceCHA4RZq8vCpump","","","","","","","","","","","","","","","","","","","","","","","","","","","","","","","","","","","","","","","","","","","","","","","","7.937e-7","","","","","","2026-07-25T08:55:06.865Z",""
"POTUS48","Ci1sekqr4jVZ6whP6wRTqGooBavdUS3ykwtgGFLFpump","","","","","","","","","","","","","","","","","","","","","","","","","","","","","","","","","","","","","","","","","","","","","","","","1.335e-8","","","","","","2026-07-25T08:55:06.916Z",""
"IGH","BJz3NkiZ4AC1PQT7NvGrwxFY8JwyzH9zHgKUnxgQpump","","","","","","","","","","","","","","","","","","","","","","","","","","","","","","","","","","","","","","","","","","","","","","","","3.406e-7","","","","","","2026-07-25T08:55:06.958Z",""
"TENKA","DGoPAvmQMbxwPmoNXJD3aC5VeXnnWBLrajqzxZK9pump","55","1.781359682","","","","","","","","","","","","","","","","","","","","","","","","","","","","","","","","","","","","","","","","0.000002463","","","","","","","2026-07-25T08:56:06.897Z","","","","","",""
"IGH","Dig1LJW77hPsWXx7CUhnvV4UqJSvi6mfG2TA9tWqpump","57","0.500000001","","","","","","","","","","","","","","","","","","","","","","","","","","","","","","","","","","","","","","","","0.000008958","","","","","","","2026-07-25T08:56:06.925Z","","","","","",""
"RUSS","8WkFXLxx1o1jGGMBkNmGAcKebk7dxfn2C1cjGyiKpump","","","","","","","","","","","","","","","","","","","","","","","","","","","","","","","","","","","","","","","","","","","","","","","","6.763e-7","","","","","","2026-07-25T08:56:06.973Z",""
"RUSS","5JS6sQfxdH2pUPa3LHoBN4uCPKMMvq1dQbrpxFd5pump","","","","","","","","","","","","","","","","","","","","","","","","","","","","","","","","","","","","","","","","","","","","","","","","7.502e-7","","","","","","2026-07-25T08:56:07.003Z",""
"RUSS","APgWZU3Nb9uLkjGfLWbSqyegh85NCnmLCWEvCxDApump","61","0.98765432","","","","","","","","","","","","","","","","","","","","","","","","","","","","","","","","","","","","","","","","0.000002602","","","","","","","2026-07-25T08:57:06.854Z","","","","","",""
"RUSS","39M3QJ15b4GXmSqreHUp6Xzsa3qJkNQnfnNz4X4Rpump","61","0.98765432","","","","","","","","","","","","","","","","","","","","","","","","","","","","","","","","","","","","","","","","0.000002649","","","","","","","2026-07-25T08:57:06.944Z","","","","","",""
"IGH","9cJBkb6Kqv48YudLCHoS6tKt5rjLYg2C5HHvrJA3pump","","","","","","","","","","","","","","","","","","","","","","","","","","","","","","","","","","","","","","","","","","","","","","","","8.733e-7","","","","","","2026-07-25T08:57:06.975Z",""
"if","9ydiXBsEk1TMwtdmvgUnQmHAgtfhuPr5Dvkz8tCRpump","","","","","","","","","","","","","","","","","","","","","","","","","","","","","","","","","","","","","","","","","","","","","","","","6.444e-7","","","","","","2026-07-25T08:57:07.010Z",""
"LP","BoeYEwbkSMLUupDxCgjEHVVd4sHb3W25pZ3peBUqpump","70","4.938271603","","","","","","","","","","","","","","","","","","","","","","","","","","","","","","","","","","","","","","","","0.000003104","","","","","","","2026-07-25T08:58:06.894Z","","","","","",""
"WJM6793","FDpLJ9UUmq1HsyGrRPmNpcHauUXh91BAQBsKHBu2pump","","","","","","","","","","","","","","","","","","","","","","","","","","","","","","","","","","","","","","","","","","","","","","","","2.572e-7","","","","","","2026-07-25T08:58:06.929Z",""
"Kabosu","C7FgMp2E5Vw4DnoFx5cEFDnFmM95hMNxm589A4Ccpump","59","5","","","","","","","","","","","","","","","","","","","","","","","","","","","","","","","","","","","","","","","","0.000002063","","","","","","","2026-07-25T08:58:06.959Z","","","","","",""
"IGH","9pkgxLg3Yveyv4Wu7WmLP7oPA64LCVoNZZhnEQ1Tpump","","","","","","","","","","","","","","","","","","","","","","","","","","","","","","","","","","","","","","","","","","","","","","","","1.509e-7","","","","","","2026-07-25T08:58:06.999Z",""
"Kero","4u4Ygp2jcyyQ2N6mAitdyVG7zKGuQBFDo1Zh2tWipump","58","5","","","","","","","","","","","","","","","","","","","","","","","","","","","","","","","","","","","","","","","","0.000002166","","","","","","","2026-07-25T08:59:06.931Z","","","","","",""
"RUSS","2xUQmJnooGTiEckcspyPMCw7x6YRAhHSWn4QVjPEpump","","","","","","","","","","","","","","","","","","","","","","","","","","","","","","","","","","","","","","","","","","","","","","","","2.769e-8","","","","","","2026-07-25T08:59:06.967Z",""
"RUSS","9Ku73UECRC3SaN3GSdhE5bovQjQVm6iFkA4V51dPpump","60","0.98765432","","","","","","","","","","","","","","","","","","","","","","","","","","","","","","","","","","","","","","","","0.000007332","","","","","","","2026-07-25T08:59:06.999Z","","","","","",""
"IGH","3yBwxzGBJuA6iigEt5dVyhuifPVMpNV6PfcgCuAepump","","","","","","","","","","","","","","","","","","","","","","","","","","","","","","","","","","","","","","","","","","","","","","","","7.179e-7","","","","","","2026-07-25T08:59:07.036Z",""
"if","7wucvMkf5ffaQ87GXnjpq99Xk8DaX7QTj3CUSACipump","","","","","","","","","","","","","","","","","","","","","","","","","","","","","","","","","","","","","","","","","","","","","","","","4.049e-7","","","","","","2026-07-25T09:00:06.874Z",""
"WOKONG","J5e1obajB7W6g4iQQZnxgZoTXgHm5Z3dVRfN3Y9Gpump","68","0.500000001","","","","","","","","","","","","","","","","","","","","","","","","","","","","","","","","","","","","","","","","0.000001359","","","","","","","2026-07-25T09:00:07.011Z","","","","","",""
"cucky","42s3QfqgDnstXzruxcaHmWcXDaqmdrWcyuE4avkTpump","","","","","","","","","","","","","","","","","","","","","","","","","","","","","","","","","","","","","","","","","","","","","","","","7.432e-8","","","","","","2026-07-25T09:01:07.053Z",""
"RUSS","28vGKEDWJxmYUqqPzZYuLwbnVLn5DaSnywDJ2AEqpump","60","0.98765432","","","","","","","","","","","","","","","","","","","","","","","","","","","","","","","","","","","","","","","","0.00000314","","","","","","","2026-07-25T09:01:07.086Z","","","","","",""
"IsBron76erYet","BJQNEpgH7ggbwJH83yvvmUgaRyn7UVZXcgVuDNqKpump","72","8.888888887","","","","","","","","","","","","","","","","","","","","","","","","","","","","","","","","","","","","","","","","0.00001059","","","","","","","2026-07-25T09:01:07.120Z","","","","","",""
"WOKONG","AnrQgCmhPZm2CU865fND8azKHQavuATHYGfNjWfupump","63","0.250000001","","","","","","","","","","","","","","","","","","","","","","","","","","","","","","","","","","","","","","","","0.000001511","","","","","","","2026-07-25T09:02:06.868Z","","","","","",""
"TRUMP","Duqdu2LY4S67nsXD8NP8bkfneanrh3KT7EhrJHU2pump","","","","","","","","","","","","","","","","","","","","","","","","","","","","","","","","","","","","","","","","","","","","","","","","6.277e-7","","","","","","2026-07-25T09:02:06.938Z",""
"AVOID","3y3EThAaYbmXm4JH1xh3JRVDyu32P8aPMeXdNy2Qpump","65","0.070010938","","","","","","","","","","","","","","","","","","","","","","","","","","","","","","","","","","","","","","","","0.000001499","","","","","","1.262e-9","2026-07-25T09:02:06.966Z","","","","","2026-07-25T09:06:07.196Z",""
"RUSS","8iFYkNA85w55HmSG4SW65NW38CAXwtcDLevrWebqpump","60","0.98765432","","","","","","","","","","","","","","","","","","","","","","","","","","","","","","","","","","","","","","","","0.000002306","","","","","","","2026-07-25T09:02:06.999Z","","","","","",""
"RUSS","GFYA2TxbATmiELxtBJNwJN9wFUNyg4rJ9DcShBAzpump","59","0.98765432","","","","","","","","","","","","","","","","","","","","","","","","","","","","","","","","","","","","","","","","0.000002854","","","","","","","2026-07-25T09:03:06.871Z","","","","","",""
"WOKONG","DSK6EXhb49VsjMza1a4BxV6Nif728t2DySLiL8aSpump","62","0.250000001","","","","","","","","","","","","","","","","","","","","","","","","","","","","","","","","","","","","","","","","0.000001482","","","","","","","2026-07-25T09:03:06.906Z","","","","","",""
"RUSS","BGHmfkZG1zmqMzSSB4gJ1eBUQR2xGWrbBHwJhcMqpump","59","0.98765432","","","","","","","","","","","","","","","","","","","","","","","","","","","","","","","","","","","","","","","","0.000002441","","","","","","","2026-07-25T09:03:06.937Z","","","","","",""
"WOKONG","BSRjmJnjqFh7798AenMKiQdMaB4GR6AQphSvY81xpump","","","","","","","","","","","","","","","","","","","","","","","","","","","","","","","","","","","","","","","","","","","","","","","","0.000001034","","","","","","2026-07-25T09:03:06.987Z",""
"WOKONG","AxNzKFtM3KUBYdVL4113dKaFgMiBPpBMa1G9pTL3pump","60","0.250000001","","","","","","","","","","","","","","","","","","","","","","","","","","","","","","","","","","","","","","","","0.00000139","","","","","","","2026-07-25T09:04:06.870Z","","","","","",""
"DOGE2","2vX9ZmKkxDAmJ83QiH6uPo89xB67kfWau8fNids9pump","57","1.97530864","","","","","","","","","","","","","","","","","","","","","","","","","","","","","","","","","","","","","","","","0.000002064","","","","","","","2026-07-25T09:04:06.893Z","","","","","",""
"GIORGIA","DhHU11zYd4dHhJoSJ8A1YjC7zvhiXmKP7rszJrHCpump","62","4.938271603","","","","","","","","","","","","","","","","","","","","","","","","","","","","","","","","","","","","","","","","0.000002079","","","","","","","2026-07-25T09:04:06.920Z","","","","","",""
"RUSS","4FGB3kPUgWxNmdSeCBAqf3h22R8bcKodj1DvVHUepump","59","0.98765432","","","","","","","","","","","","","","","","","","","","","","","","","","","","","","","","","","","","","","","","0.000002429","","","","","","","2026-07-25T09:04:06.985Z","","","","","",""
"Lamine","Gq34fcBEfSezXmjNsmuJLoDPavWDBzeScA17H3fppump","","","","","","","","","","","","","","","","","","","","","","","","","","","","","","","","","","","","","","","","","","","","","","","","1.753e-8","","","","","","2026-07-25T09:05:06.912Z",""
"RUSS","AXK53aeLyBtCHTDpLidcsPN32NB6ALxhXF2ANPPgpump","","","","","","","","","","","","","","","","","","","","","","","","","","","","","","","","","","","","","","","","","","","","","","","","2.12e-7","","","","","","2026-07-25T09:05:06.974Z",""
"JDM1234","7qnqWzuAKGhUsm8eLhZZNTuVc5pvxxRtNWZ7pjwqpump","58","0.493827159","","","","","","","","","","","","","","","","","","","","","","","","","","","","","","","","","","","","","","","","0.000001616","","","","","","","2026-07-25T09:05:06.999Z","","","","","",""
"GARJ","CsXcxzxGtgoQeoXP1ixuFDWWJtWBi5TPUDqxWN3upump","58","0.493827159","","","","","","","","","","","","","","","","","","","","","","","","","","","","","","","","","","","","","","","","0.000003622","","","","","","","2026-07-25T09:06:07.042Z","","","","","",""
"Z ","4ckMQQUQMtAYoV83DaiQa6iNnZUKPbmEFbQj5u6Qpump","95","1.000000001","","","","","","","0","0","0","","","0","0","960","1.000000001","9","29","1","0","0","35563.71","6","4561.96","5003.59","0.596","0.578","1515","","0","0","1","0","0","","","","","","","0.00001356","0.00003556","","","","","","2026-07-25T09:06:07.071Z","2026-07-25T09:10:06.996Z","","","","",""
"LEBRON","Cz9rTDCgFYXgeumhWSP6zrZBWUZ64sEwHHJDn339pump","","","","","","","","","","","","","","","","","","","","","","","","","","","","","","","","","","","","","","","","","","","","","","","","1.341e-7","","","","","","2026-07-25T09:06:07.114Z",""
"RUSS","64pzPKZoYt8RoNHdwStzCShXNCip388gJTzK4nvdpump","58","0.98765432","","","","","","","","","","","","","","","","","","","","","","","","","","","","","","","","","","","","","","","","0.000002101","","","","","","","2026-07-25T09:07:07.043Z","","","","","",""
"WOKONG","9pJT1KvnNY8DnHqAf4Rp7VaMc1DeEYySBFtrx6wppump","","","","","","","","","","","","","","","","","","","","","","","","","","","","","","","","","","","","","","","","","","","","","","","","3.116e-7","","","","","","2026-07-25T09:07:07.076Z",""
"if","khwP1t6jLcs6nxgErttgjgwZcHtjARX8ZWgNLxUpump","","","","","","","","","","","","","","","","","","","","","","","","","","","","","","","","","","","","","","","","","","","","","","","","6.03e-8","","","","","","2026-07-25T09:08:06.939Z",""
"Jimoretard","EuBBYdnh5NR9AdMQSogikDkYJoSdMT4DbRxh8Sz8pump","55","1.77","","","","","","","","","","","","","","","","","","","","","","","","","","","","","","","","","","","","","","","","0.000002084","","","","","","","2026-07-25T09:09:06.926Z","","","","","",""
"$GROKPUMP","DKbHsQH7RS294Jp5C8wGJP8wvGCqqKvV2iHYR4ngpump","90","0.150000001","","","","","","","","","","","","","","","","","","","","","","","","","","","","","","","","","","","","","","","","0.000005564","","","","","","","2026-07-25T09:10:06.887Z","","","","","",""
"BULLYTON","4AvEDXZ7wRro6m9ZmkcXMTs7VhBj1JhfgcudeuHjpump","","","","","","","","","","","","","","","","","","","","","","","","","","","","","","","","","","","","","","","","","","","","","","","","8.464e-8","","","","","","2026-07-25T09:11:06.870Z",""
"Dogman","DQiyXR7nhg8DYHrELKwsitGCFJbwuUi5X5L2NVofpump","78","3","","","","","","","","","","","","","","","","","","","","","","","","","","","","","","","","","","","","","","","","0.00000309","","","","","","","2026-07-25T09:11:06.906Z","","","","","",""
"tourner","Fx4istSgWV8hhRjVHdPCEgMEeD8ujZC3WRX9svEvpump","55","0.250039066","","","","","","","","","","","","","","","","","","","","","","","","","","","","","","","","","","","","","","","","0.000002788","","","","","","","2026-07-25T09:12:06.834Z","","","","","",""
"DWC","4RhdR3HL4RGPc5bLgeRMB5uWFhjP4gVsFmLbvPQiGTCD","55","3.950617282","","","","","","","","","","","","","","","","","","","","","","","","","","","","","","","","","","","","","","","","0.00000214","","","","","","","2026-07-25T09:12:06.884Z","","","","","",""
"Zalgo","ENtWu8MmPxGDzboTeZ7TsfgWeiAURB75BNN1bFFcpump","57","5","","","","","","","","","","","","","","","","","","","","","","","","","","","","","","","","","","","","","","","","0.000002183","","","","","","","2026-07-25T09:12:06.927Z","","","","","",""
"RICKIE","888dcQiJskgM841TsMeeuFpDcm316xwDqe5MyK8vpump","73","0.98765432","","","","","","","","","","","","","","","","","","","","","","","","","","","","","","","","","","","","","","","","0.000001722","","","","","","","2026-07-25T09:12:06.966Z","","","","","",""
"TRUMP","HNag6cFxrPHBMio7cVFTC3MBukJK5DJN3rWraTJepump","","","","","","","","","","","","","","","","","","","","","","","","","","","","","","","","","","","","","","","","","","","","","","","","2.155e-8","","","","","","2026-07-25T09:13:07.471Z",""
"Troll","3V3s36n4Kg8uTCXJZvHj4SrE5F8En1rc7sJoN2R1pump","","","","","","","","","","","","","","","","","","","","","","","","","","","","","","","","","","","","","","","","","","","","","","","","1.571e-8","","","","","","2026-07-25T09:13:07.540Z",""
"$GROKPUMP","Hdck8PaBfMpZynGyi9ABfGTw8EnE3FgiTCfc4q4Rpump","","","","","","","","","","","","","","","","","","","","","","","","","","","","","","","","","","","","","","","","","","","","","","","","2.46e-8","","","","","","2026-07-25T09:13:07.560Z",""
"MESSI","2cMK9gStm68oJDNztueJBj2AqYqRW5e1dj5s2qZ8pump","64","0.500078135","","","","","","","","","","","","","","","","","","","","","","","","","","","","","","","","","","","","","","","","0.000001351","","","","","","","2026-07-25T09:13:07.595Z","","","","","",""
"Veteran","EmqpGvWiAEp3jrPCSCvf52CDkDbVLuL9XRLeVVv9qCCX","67","4","","","","","","","","","","","","","","","","","","","","","","","","","","","","","","","","","","","","","","","","0.000002134","","","","","","","2026-07-25T09:14:06.854Z","","","","","",""
"FIONA","2pArHnKgRv44u5MFonUoL4JrNcwhgio5hkTMaU92pump","63","2.962962961","","","","","","","","","","","","","","","","","","","","","","","","","","","","","","","","","","","","","","","","0.000002862","","","","","","","2026-07-25T09:14:06.947Z","","","","","",""
"kkkk22","8EPn56u4JrKJjEYRa5sa8AzjMf59oENiphCA8gGEpump","","","","","","","","","","","","","","","","","","","","","","","","","","","","","","","","","","","","","","","","","","","","","","","","4.524e-7","","","","","","2026-07-25T09:14:06.979Z",""
"MPGA","24HybT6K9GhqJSfZ7spgkQDrdymQWTBSbxHs14vVpump","82","11.642949547","","","","","","","","","","","","","","","","","","","","","","","","","","","","","","","","","","","","","","","","0.000008602","","","","","","","2026-07-25T09:15:07.053Z","","","","","",""
"SPCX","2E5cbXXgfpiRpQZgqnqU92LMSEhxZRn8UeeMtB6ypump","58","5","","","","","","","","","","","","","","","","","","","","","","","","","","","","","","","","","","","","","","","","0.000004066","","","","","","","2026-07-25T09:15:07.081Z","","","","","",""
"Snowflake","3m8DFZyy5Jdk4udRnJbBZH7zL83wnfRYk4cFNHN7pump","85","2.962962961","","","","","","","","","","","","","","","","","","","","","","","","","","","","","","","","","","","","","","","","0.000002135","","","","","","","2026-07-25T09:15:07.121Z","","","","","",""
"FLAREX","B5dX7BCUz75L1zH2CxGsdbs5JCbaaNZPsHRASCd6pump","","","","","","","","","","","","","","","","","","","","","","","","","","","","","","","","","","","","","","","","","","","","","","","","2.322e-7","","","","","","2026-07-25T09:15:07.236Z",""
"TRUMP","BTZwukL22tFot6VLdXhKPhKCMZRqpHpKkb7N4T35pump","","","","","","","","","","","","","","","","","","","","","","","","","","","","","","","","","","","","","","","","","","","","","","","","3.556e-7","","","","","","2026-07-25T09:16:06.909Z",""
"cucky","BdccViNzuxxM8BivCAWZVeMzNyprpMnjs2WqyUnbpump","","","","","","","","","","","","","","","","","","","","","","","","","","","","","","","","","","","","","","","","","","","","","","","","4.877e-8","","","","","","2026-07-25T09:16:06.979Z",""
"RICKIE","GeDvyyiSYzWT5jwgctryCeFHupe29Hw6pXgWVu46pump","71","0.98765432","","","","","","","","","","","","","","","","","","","","","","","","","","","","","","","","","","","","","","","","0.000001811","","","","","","","2026-07-25T09:16:07.158Z","","","","","",""
"WN","EQwbH142S8AEhYhuQLEC96hyKHDn6ZKVn1SHkJUfpump","55","0.250039066","","","","","","","","","","","","","","","","","","","","","","","","","","","","","","","","","","","","","","","","0.000001418","","","","","","","2026-07-25T09:16:07.190Z","","","","","",""
"DALP","6AtrTKHs36vi56pGpNfsbNmJZbW9P98Ygmd92tcBpump","","","","","","","","","","","","","","","","","","","","","","","","","","","","","","","","","","","","","","","","","","","","","","","","2.088e-7","","","","","","2026-07-25T09:17:07.043Z",""
"test","AoxDQBand7LJBYMHfJpAnPKGbVVvpY3fQiujz9AQpump","64","0.98765432","","","","","","","","","","","","","","","","","","","","","","","","","","","","","","","","","","","","","","","","0.00000266","","","","","","","2026-07-25T09:17:07.086Z","","","","","",""
"Wolf","GrAkaZksNjGbvQDTxKiVhuyKQd3FH7yiqaCov1g8Nj6w","55","4.2","","","","","","","","","","","","","","","","","","","","","","","","","","","","","","","","","","","","","","","","0.00000207","","","","","","","2026-07-25T09:17:07.149Z","","","","","",""
"FNW","62eBcpaxD9fAMTRZ29euNc8g9hwBEQNDfmxofYappump","57","5","","","","","","","","","","","","","","","","","","","","","","","","","","","","","","","","","","","","","","","","0.00000226","","","","","","","2026-07-25T09:17:07.179Z","","","","","",""
"SNOWFLAKE","D2Qf9EtCrJxbc77U9MzS4fNcsW3rc3hxNZo86Nk4pump","","","","","","","","","","","","","","","","","","","","","","","","","","","","","","","","","","","","","","","","","","","","","","","","5.322e-7","","","","","","2026-07-25T09:18:07.014Z",""
"RICKIE","EbfwMoLw6ivBEeUrU3K4nbTDSK8kPAsjnd9mh2FEpump","","","","","","","","","","","","","","","","","","","","","","","","","","","","","","","","","","","","","","","","","","","","","","","","2.846e-7","","","","","","2026-07-25T09:19:06.939Z",""
"BEE","91in8Gcg6WspYGwTMHx4FWDyex32NNfjYNw3HEA2pump","56","3","","","","","","","","","","","","","","","","","","","","","","","","","","","","","","","","","","","","","","","","0.000002067","","","","","","","2026-07-25T09:19:07.031Z","","","","","",""
"DOOM","2saGNiMiHb5UXUfq3ygySss9Cx8QdfRN2eEturW7pump","","","","","","","","","","","","","","","","","","","","","","","","","","","","","","","","","","","","","","","","","","","","","","","","1.232e-7","","","","","","2026-07-25T09:19:07.066Z",""
"SPCX","sDo2zwZWKk784mtLwMxXoDSJG3E1aNUMjW1AwQUpump","90","0.000990098","","","","","","","","","","","","","","","","","","","","","","","","","","","","","","","","","","","","","","","","0.00000209","","","","","","","2026-07-25T09:19:07.102Z","","","","","",""
"SPCX","Sjfefykg6ct7KG6JjyAJGuTZkhFEyhqm3xWiXU1pump","88","0.000990098","","","","","","","","","","","","","","","","","","","","","","","","","","","","","","","","","","","","","","","","0.000002066","","","","","","","2026-07-25T09:20:06.955Z","","","","","",""
"💵 ","6eKmdVJ6wRKJVShLzC776xw4DZENZT7PhP6TEp2npump","","","","","","","","","","","","","","","","","","","","","","","","","","","","","","","","","","","","","","","","","","","","","","","","4.405e-7","","","","","","2026-07-25T09:20:07.046Z",""
"NeonBull","EphVsR3swccPywCuec5vqxCLN8okaHUZAcWA37q4pump","57","1.97530864","","","","","","","","","","","","","","","","","","","","","","","","","","","","","","","","","","","","","","","","0.000002081","","","","","","","2026-07-25T09:20:07.089Z","","","","","",""
"ASSCOIN","4N3GPBrdYBzvA57bPasnBzpLJVFhdpsH2cJFTZ8Upump","","","","","","","","","","","","","","","","","","","","","","","","","","","","","","","","","","","","","","","","","","","","","","","","2.361e-8","","","","","","2026-07-25T09:21:06.914Z",""
"NeonBull","Be1N6b2kLDEGaxDZAXWtoVZaq6KMjgrDynM8Mm4Wpump","57","1.97530864","","","","","","","","","","","","","","","","","","","","","","","","","","","","","","","","","","","","","","","","0.00001166","","","","","","","2026-07-25T09:21:07.020Z","","","","","",""
"if","98Riu1oUXxDuv2677pGW36XmqCwXPANf9b8PVAH1pump","100","0.059259258","","","","","","","","","","","","","","","","","","","","","","","","","","","","","","","","","","","","","","","","0.000002073","","","","","","","2026-07-25T09:21:07.115Z","","","","","",""
"FAKE","9m8x8amaamEXUDpuhbicf26W9aFGM3G4kgZfmdQepump","63","3","","","","","","","","","","","","","","","","","","","","","","","","","","","","","","","","","","","","","","","","0.000002086","","","","","","","2026-07-25T09:22:06.903Z","","","","","",""
"KFB","E7Tj3qGae5G5cJLXE5D3kbNSsQXzKjq5kE7H1SqgwbDz","67","4","","","","","","","","","","","","","","","","","","","","","","","","","","","","","","","","","","","","","","","","0.000002078","","","","","","","2026-07-25T09:22:06.936Z","","","","","",""
"if","HqqLpdgZytPFmMAThwUJXoNzgi2nSscknrt9khBvpump","99","0.059259258","","","","","","","","","","","","","","","","","","","","","","","","","","","","","","","","","","","","","","","","0.00001056","","","","","","","2026-07-25T09:22:06.960Z","","","","","",""
"COOLHORSE","E4CDDWRUPQ3ZSfAVK9vWLh8keAtTwhNC3Bjb5Uxppump","","","","","","","","","","","","","","","","","","","","","","","","","","","","","","","","","","","","","","","","","","","","","","","","5.307e-7","","","","","","2026-07-25T09:23:06.922Z",""
"BBL","FZcb7MS9wd3LS7xWP3QQE6HTFwYQcHoAYdUPuVEtpump","59","4","","","","","","","","","","","","","","","","","","","","","","","","","","","","","","","","","","","","","","","","0.00000278","","","","","","","2026-07-25T09:23:06.961Z","","","","","",""
"LASAGNACAT","43yzpQGG7JsfspZ2f6Cc73qjno93N7U1fPykC62opump","61","2.962962961","","","","","","","","","","","","","","","","","","","","","","","","","","","","","","","","","","","","","","","","0.00000254","","","","","","","2026-07-25T09:24:06.871Z","","","","","",""
"MMM","AfQFUqafHaYKaYvh9pKx5LGNLRuVZa3LH6dx6irTpump","66","3.000000001","","","","","","","","","","","","","","","","","","","","","","","","","","","","","","","","","","","","","","","","0.000002789","","","","","","","2026-07-25T09:24:07.011Z","","","","","",""
"SNOWFLAKE","EXmeM4YLeDGtfbrUt7xTahzKoMiEybxGfNGxpwKTpump","63","0.059259258","","","","","","","","","","","","","","","","","","","","","","","","","","","","","","","","","","","","","","","","0.000004197","","","","","","","2026-07-25T09:24:07.039Z","","","","","",""
"if","HCyqaGdTgkb8E51dZSHmyi6M5mcuUWhXxsKLTeKepump","99","0.059259258","","","","","","","","","","","","","","","","","","","","","","","","","","","","","","","","","","","","","","","","0.000007177","","","","","","","2026-07-25T09:24:07.123Z","","","","","",""
"GOR","2hcDHi5u1Y1Y6Gki5mkCVukr45BbJUJVrWxEHMEvpump","61","0.059259258","","","","","","","","","","","","","","","","","","","","","","","","","","","","","","","","","","","","","","","","0.000007287","","","","","","","2026-07-25T09:25:07.179Z","","","","","",""
"MMM","DdrXMNQGGmaqPRNGshydTMyYPk4SjoSWDubECGjqpump","","","","","","","","","","","","","","","","","","","","","","","","","","","","","","","","","","","","","","","","","","","","","","","","0.000001219","","","","","","2026-07-25T09:25:07.209Z",""
"if","6CyEkBwv3Q3Wc2xaqBmTBTxa9ePucxpiDqkwaNhxpump","98","0.059259258","","","","","","","","","","","","","","","","","","","","","","","","","","","","","","","","","","","","","","","","0.0000036","","","","","","","2026-07-25T09:25:07.248Z","","","","","",""
"HUMAN","DeRCB9zCyycuh92ebdzDoD6bpeKJYVVN5mW7KXQrpump","","","","","","","","","","","","","","","","","","","","","","","","","","","","","","","","","","","","","","","","","","","","","","","","1.928e-7","","","","","","2026-07-25T09:25:07.465Z",""
"MMM","BpsJAa3Aa6VPLEas8PkYFnpwC5Gy6RnYJhu61UQYpump","","","","","","","","","","","","","","","","","","","","","","","","","","","","","","","","","","","","","","","","","","","","","","","","3.121e-7","","","","","","2026-07-25T09:26:07.120Z",""
"SWF!!11","AXCi9NtBBcu2dFemDY3qMazas3sQ81Tqm5HtnS7Ypump","","","","","","","","","","","","","","","","","","","","","","","","","","","","","","","","","","","","","","","","","","","","","","","","2.384e-7","","","","","","2026-07-25T09:26:07.147Z",""
"MMM","5BY7okmJgMxd5hZGEz2McM5nNPDYYpxLxwmbpQ99pump","67","3.000000001","","","","","","","","","","","","","","","","","","","","","","","","","","","","","","","","","","","","","","","","0.000003001","","","","","","","2026-07-25T09:26:07.367Z","","","","","",""
"MMM","DGurRvWfKirmXEpDZUgxxXG3kkNsGBcf6LTCwcy7pump","","","","","","","","","","","","","","","","","","","","","","","","","","","","","","","","","","","","","","","","","","","","","","","","3.563e-7","","","","","","2026-07-25T09:27:06.905Z",""
"BEE","4KM7dicAwA7LzP32AtV38NHhs345iW3mBNf2EzC2pump","","","","","","","","","","","","","","","","","","","","","","","","","","","","","","","","","","","","","","","","","","","","","","","","0.000001211","","","","","","2026-07-25T09:27:06.988Z",""
"Borzoi","9UVJfbbF1EdEFogACvaLfewy4s1XWXXGEz8B6ef7pump","63","3","","","","","","","","","","","","","","","","","","","","","","","","","","","","","","","","","","","","","","","","0.000002277","","","","","","","2026-07-25T09:27:07.019Z","","","","","",""
"sleeper","7mEwyu8zCNGokD1VDcE3zJByRMjwpYfibsW6g8eApump","63","3","","","","","","","","","","","","","","","","","","","","","","","","","","","","","","","","","","","","","","","","0.000002069","","","","","","","2026-07-25T09:28:06.879Z","","","","","",""
"test","ALrP8Skh8dQizAVd8PKAmisJSR5aERZN1t6i2LZbpump","","","","","","","","","","","","","","","","","","","","","","","","","","","","","","","","","","","","","","","","","","","","","","","","8.321e-8","","","","","","2026-07-25T09:28:07.082Z",""
"WJM2134","Gbk7YXHYKeAXr5U9gWSuqUJKZZ719k8BLBLFrnckpump","56","0.493827159","","","","","","","","","","","","","","","","","","","","","","","","","","","","","","","","","","","","","","","","0.000002552","","","","","","","2026-07-25T09:28:07.120Z","","","","","",""
"MESSI ","EXZhXq6tBuAgJeHUyVFprvbMQFWK9ca9rJgi7XBCpump","","","","","","","","","","","","","","","","","","","","","","","","","","","","","","","","","","","","","","","","","","","","","","","","6.506e-7","","","","","","2026-07-25T09:28:07.161Z",""
"MMM","GLjXBpC4fHC7juRz1PbB2sHxM2CCTX7eWmqcfZ3mpump","","","","","","","","","","","","","","","","","","","","","","","","","","","","","","","","","","","","","","","","","","","","","","","","1.24e-7","","","","","","2026-07-25T09:29:06.865Z",""
"Risk","BfVRT3SvGWANsfhx2MQ9SpHdhQxTbqG5KGC74FJZpump","","","","","","","","","","","","","","","","","","","","","","","","","","","","","","","","","","","","","","","","","","","","","","","","3.186e-8","","","","","","2026-07-25T09:29:06.899Z",""
"ALBIN","G4FCnqNnJCQPGNvDzBJmwyKUZCbS7jucZUYKxi3ppump","","","","","","","","","","","","","","","","","","","","","","","","","","","","","","","","","","","","","","","","","","","","","","","","4.715e-7","","","","","","2026-07-25T09:29:06.986Z",""
"CUPSEY","HEpXCeLDVYoezhTF6oCKmqTX5crThU5FZyxXxUBNpump","65","0.400000001","","","","","","","","","","","","","","","","","","","","","","","","","","","","","","","","","","","","","","","","0.000002258","","","","","","","2026-07-25T09:29:07.007Z","","","","","",""
"Cashew","Muq3x4eL4pJdtW48nCxpqeve5N9sobjT55mzCZKpump","100","3.082469134","","","","","","","","","","","","","","","","","","","","","","","","","","","","","","","","","","","","","","","","0.000004707","","","","","","","2026-07-25T09:30:07.148Z","","","","","",""
"Nfg","3pSBbXqXD1uT5DQtdtmtjawxwoW7c9ZnkgTPimAupump","","","","","","","","","","","","","","","","","","","","","","","","","","","","","","","","","","","","","","","","","","","","","","","","8.834e-8","","","","","","2026-07-25T09:30:07.230Z",""
"GG","BWfexP6KNcjGB7eBvdV8CTh6p5XJ2t7ZwQxAQcUipump","","","","","","","","","","","","","","","","","","","","","","","","","","","","","","","","","","","","","","","","","","","","","","","","2.708e-7","","","","","","2026-07-25T09:31:06.982Z",""
"Michi","9CqbytTZfhvTLBu1YhV6DCoM9cfFaFxE6gCzQYFjpump","","","","","","","","","","","","","","","","","","","","","","","","","","","","","","","","","","","","","","","","","","","","","","","","1.2e-7","","","","","","2026-07-25T09:31:07.007Z",""
"Pencilslop","4GvHadQvjGmQf7aN6eVMePn5CzeDtL4Lf2XjyziRpump","63","3.03","","","","","","","","","","","","","","","","","","","","","","","","","","","","","","","","","","","","","","","","0.000002069","","","","","","","2026-07-25T09:31:07.030Z","","","","","",""
"MMM","BSZsFKNnRux3yQSqi2Xc68HhxUXhWqjh1ouY3Lkppump","66","3.000000001","","","","","","","","","","","","","","","","","","","","","","","","","","","","","","","","","","","","","","","","0.000001639","","","","","","","2026-07-25T09:31:07.082Z","","","","","",""
"MMM","5hJDYdeZ3zibn62Zd8E7XNkdLtY6LQXhAzPYQnmHpump","","","","","","","","","","","","","","","","","","","","","","","","","","","","","","","","","","","","","","","","","","","","","","","","2.469e-7","","","","","","2026-07-25T09:32:06.958Z",""
"SPECX","AsPtZoP31pqYAaJ7xa17cnYk7fzrN5e1aU4hphu9pump","76","1.97530864","","","","","","","","","","","","","","","","","","","","","","","","","","","","","","","","","","","","","","","","0.000002215","","","","","","","2026-07-25T09:32:06.990Z","","","","","",""
"MMM","LBgyA4mMEwe96FNXLf2px2bvFywQkVp392ACRTQpump","66","3.000000001","","","","","","","","","","","","","","","","","","","","","","","","","","","","","","","","","","","","","","","","0.000002891","","","","","","","2026-07-25T09:32:07.051Z","","","","","",""
"CUPCAKE","JBbTKix2ixjcnHnc2mNXVCiQDR3TDVd9cEAzunFXpump","56","2.962962961","","","","","","","","","","","","","","","","","","","","","","","","","","","","","","","","","","","","","","","","0.000002069","","","","","","","2026-07-25T09:33:06.902Z","","","","","",""
"MMM","Ak6Qje9E9dxBJwAoxkRHavMXW5VmaAhqZjbFdokWpump","60","2.000000001","","","","","","","","","","","","","","","","","","","","","","","","","","","","","","","","","","","","","","","","0.000003229","","","","","","","2026-07-25T09:34:06.971Z","","","","","",""
"MMM","5rosqZW3RnyWGGwrQM9e4mQdJbYf4gt9Yp4DXVitpump","60","2.000000001","","","","","","","","","","","","","","","","","","","","","","","","","","","","","","","","","","","","","","","","0.000002875","","","","","","","2026-07-25T09:34:07.005Z","","","","","",""
"CUPCAKE","HoNGhwxpL6AbLH3KqGGEc7F78FucKzQe5tqgjuSwpump","","","","","","","","","","","","","","","","","","","","","","","","","","","","","","","","","","","","","","","","","","","","","","","","3.585e-7","","","","","","2026-07-25T09:34:07.073Z",""
"MMM","EHeSX9RRMup4vDGPgLsmhzSPpUcFDVWpAajSDws4pump","65","3.000000001","","","","","","","","","","","","","","","","","","","","","","","","","","","","","","","","","","","","","","","","0.000002637","","","","","","","2026-07-25T09:35:06.990Z","","","","","",""
"MMM","EknvsmetC2AaDACT3KkF5bmofCrpT4LwN4tTGTTmpump","60","2.000000001","","","","","","","","","","","","","","","","","","","","","","","","","","","","","","","","","","","","","","","","0.000001947","","","","","","","2026-07-25T09:35:07.025Z","","","","","",""
"Zero","8HeKGque5WNN8Rgiw6Tjx7DVhm2dV6EG7vnfsXznpump","76","3","","","","","","","","","","","","","","","","","","","","","","","","","","","","","","","","","","","","","","","","0.000007538","","","","","","","2026-07-25T09:36:06.856Z","","","","","",""
"MMM","serSXLskoSt8gc9Pfb1qeTvua1es1JoBKr25FWzpump","65","3.000000001","","","","","","","","","","","","","","","","","","","","","","","","","","","","","","","","","","","","","","","","0.000002593","","","","","","","2026-07-25T09:36:06.935Z","","","","","",""
"Happy","8supWJXgcCFVJtEfFfSQfvH6r5fmMEsB9PnNEGHFpump","","","","","","","","","","","","","","","","","","","","","","","","","","","","","","","","","","","","","","","","","","","","","","","","0.000001284","","","","","","2026-07-25T09:36:06.968Z",""
"MMM","7cD7j3bkzL3LRiet3M7wS5wLA9ZG2z7nji2gDE9Hpump","","","","","","","","","","","","","","","","","","","","","","","","","","","","","","","","","","","","","","","","","","","","","","","","4.058e-7","","","","","","2026-07-25T09:36:07.025Z",""
"EURO","BPGVyyKHwwoQNQawXeW9igYURjYZtNkQrmnvJCfRpump","","","","","","","","","","","","","","","","","","","","","","","","","","","","","","","","","","","","","","","","","","","","","","","","1.431e-7","","","","","","2026-07-25T09:37:07.021Z",""
"MMM","6RATNP4yDWvt4WstVN7jmK5p8pFmedfW3MsbNx2ipump","","","","","","","","","","","","","","","","","","","","","","","","","","","","","","","","","","","","","","","","","","","","","","","","3.17e-7","","","","","","2026-07-25T09:37:07.051Z",""
"bread","BjLpV1mwCxSf9dpDPENvm978LocevPgBjexj5eqQpump","","","","","","","","","","","","","","","","","","","","","","","","","","","","","","","","","","","","","","","","","","","","","","","","0.000001249","","","","","","2026-07-25T09:37:07.086Z",""
"Extraction","J5riQV4PpcmyLKC4zi72HGcEWTCBPHVrn1d2kKG9pump","65","0.059259258","","","","","","","","","","","","","","","","","","","","","","","","","","","","","","","","","","","","","","","","0.00002222","","","","","","","2026-07-25T09:37:07.120Z","","","","","",""
"MMM","HgRvRFsEkZMVySxgTXQ9XR4NccYwZQtLLkGxyctTpump","59","2.000000001","","","","","","","","","","","","","","","","","","","","","","","","","","","","","","","","","","","","","","","","0.000002557","","","","","","","2026-07-25T09:38:06.884Z","","","","","",""
"BULL","HeterGZ1c25RHyPSH7jvSZ1g6WprWWZYZLvxv2Sgpump","","","","","","","","","","","","","","","","","","","","","","","","","","","","","","","","","","","","","","","","","","","","","","","","3.548e-7","","","","","","2026-07-25T09:38:06.913Z",""
"Cashew","DtMSC8C7PWYmQXpUa88FfB9J2SykPXSvqBhCLdB2pump","100","3.082469134","","","","","","","","","","","","","","","","","","","","","","","","","","","","","","","","","","","","","","","","0.000007091","","","","","","","2026-07-25T09:38:06.959Z","","","","","",""
"Dodo","F1vUQMamr9VMPiUvimjPXRj57A5MZ8MWoXhPbJU7pump","70","4.800000001","","","","","","","","","","","","","","","","","","","","","","","","","","","","","","","","","","","","","","","","0.000002077","","","","","","","2026-07-25T09:38:06.986Z","","","","","",""
"MMM","HD3sp2HXM3HuVkKAme3SFYrGJuDvErQjsL8PdjwTpump","65","3.000000001","","","","","","","","","","","","","","","","","","","","","","","","","","","","","","","","","","","","","","","","0.00000177","","","","","","3.138e-7","2026-07-25T09:39:06.833Z","","","","","2026-07-25T09:41:06.960Z",""
"MMM","HQaLU1EQ8GjHFfmaK9b9QdjqTxCe76ga4DS4HsKpump","65","3.000000001","","","","","","","","","","","","","","","","","","","","","","","","","","","","","","","","","","","","","","","","0.000002928","","","","","","","2026-07-25T09:39:06.926Z","","","","","",""
"Octopus","7ViZpwNUf2QxgJ3L8ry6XJ5Fd8B22JyTXV8bw819pump","63","3","","","","","","","","","","","","","","","","","","","","","","","","","","","","","","","","","","","","","","","","0.000002113","","","","","","","2026-07-25T09:39:06.951Z","","","","","",""
"CLOLY","p7o7vPL1FreLASBtcT4ZcGQNSXUBER3J4zDyo3Hpump","63","3","","","","","","","","","","","","","","","","","","","","","","","","","","","","","","","","","","","","","","","","0.000002106","","","","","","","2026-07-25T09:39:06.985Z","","","","","",""
"MMM","FMgscJDwLXRjcjcZ37RRBhZHTKrnxHwPgD7wKYwrpump","59","2.000000001","","","","","","","","","","","","","","","","","","","","","","","","","","","","","","","","","","","","","","","","0.0000026","","","","","","","2026-07-25T09:40:06.928Z","","","","","",""
"JTCA","CbXpiavHE8kuXpxRH7Xz2qSRwPaRYmAeiQNtUAZ4pump","58","3","","","","","","","","","","","","","","","","","","","","","","","","","","","","","","","","","","","","","","","","0.000002118","","","","","","","2026-07-25T09:40:06.954Z","","","","","",""
"peaceinu","Cj81zJNyTz5oUAgAbM91N3b6thrnoxAbxAU8uikYpump","63","3","","","","","","","","","","","","","","","","","","","","","","","","","","","","","","","","","","","","","","","","0.000002068","","","","","","","2026-07-25T09:40:06.997Z","","","","","",""
"MMM","7g6tJqmPEUwJBpidY9juUWuVNv5gR6kGnSh81oMPpump","69","4.000000001","","","","","","","","","","","","","","","","","","","","","","","","","","","","","","","","","","","","","","","","0.000002535","","","","","","","2026-07-25T09:42:06.836Z","","","","","",""
"BISON ","9CcdGrtAfa5LEZhdQnnsdcfXiDimXC68Sq2Txd3Hpump","","","","","","","","","","","","","","","","","","","","","","","","","","","","","","","","","","","","","","","","","","","","","","","","2.322e-8","","","","","","2026-07-25T09:42:06.956Z",""
"MMM","FhwYfxx69ye7CJNa16QbrbcnJiNozkxax1YeVXJLpump","65","3.000000001","","","","","","","","","","","","","","","","","","","","","","","","","","","","","","","","","","","","","","","","0.00000185","","","","","","","2026-07-25T09:43:06.959Z","","","","","",""
"CatWork","562awDTSYb75YK3AXVVMVFJhpfLjJBmJyxRhH9afpump","","","","","","","","","","","","","","","","","","","","","","","","","","","","","","","","","","","","","","","","","","","","","","","","1.057e-7","","","","","","2026-07-25T09:43:06.981Z",""
"RDX","4keUTLCkFdxjeat6qFq5x6PErQMy4tx2teCqHFLLpump","57","5","","","","","","","","","","","","","","","","","","","","","","","","","","","","","","","","","","","","","","","","0.000003659","","","","","","","2026-07-25T09:43:07.050Z","","","","","",""
"MMM","65CEFuj1NgYNQfhDzEiG8S3SrbFTFMy9NDWoDdwKpump","64","3.000000001","","","","","","","","","","","","","","","","","","","","","","","","","","","","","","","","","","","","","","","","0.000002507","","","","","","","2026-07-25T09:44:06.901Z","","","","","",""
"WP","89fndNvVfcxrnVjnZcmaMKHRKQ4ivk9NsKGnGWRRpump","88","3.950617282","","","","","","","","","","","","","","","","","","","","","","","","","","","","","","","","","","","","","","","","0.000007417","","","","","","","2026-07-25T09:44:06.967Z","","","","","",""
"MMM","FqjGQur6XrzA6Jhsi9zVYYsHwR3Xjg7DhbNSppEupump","69","4.000000001","","","","","","","","","","","","","","","","","","","","","","","","","","","","","","","","","","","","","","","","0.000001608","","","","","","","2026-07-25T09:44:07.047Z","","","","","",""
"CATerpillar","7mkWC2RAq46d88g67FrhaENkv1xtuhvpcQUoydKHpump","63","2.962962961","","","","","","","","","","","","","","","","","","","","","","","","","","","","","","","","","","","","","","","","0.000002255","","","","","","","2026-07-25T09:45:06.881Z","","","","","",""
"WJK62","Ga7k6S1fH2eVYGXyKkxhaw16PVB42xC7Ley3gUmCpump","60","0.888888887","","","","","","","","","","","","","","","","","","","","","","","","","","","","","","","","","","","","","","","","0.000002284","","","","","","2.516e-7","2026-07-25T09:45:06.924Z","","","","","2026-07-25T09:49:07.022Z",""
"MMM","4xT8Sf97WB8Vrj6ZCYHeEzcaTtPzh66fWZmDGw9epump","64","3.000000001","","","","","","","","","","","","","","","","","","","","","","","","","","","","","","","","","","","","","","","","0.000001609","","","","","","","2026-07-25T09:45:06.975Z","","","","","",""
"MMM","BgvjaTBXp2GcRvpoJsTwSCzSs4ADmHEXqY669uo8pump","69","4.000000001","","","","","","","","","","","","","","","","","","","","","","","","","","","","","","","","","","","","","","","","0.000002491","","","","","","","2026-07-25T09:45:07.011Z","","","","","",""
"MMM","4DEFtFh2kxLR7kv22xee7R3CbZvzPT8qAmvqn4iYpump","69","4.000000001","","","","","","","","","","","","","","","","","","","","","","","","","","","","","","","","","","","","","","","","0.000002822","","","","","","","2026-07-25T09:46:06.936Z","","","","","",""
"fit_rdx","5esCo7JJGskRmDXCCquAazzPpV88yT9btBEWUAmmpump","58","3","","","","","","","","","","","","","","","","","","","","","","","","","","","","","","","","","","","","","","","","0.000002067","","","","","","","2026-07-25T09:46:06.972Z","","","","","",""
"øsol","NfzffqrZPDxFuDeNUekQJgu6oJDGteNwmRjj4B8pump","","","","","","","","","","","","","","","","","","","","","","","","","","","","","","","","","","","","","","","","","","","","","","","","1.844e-7","","","","","","2026-07-25T09:46:07.005Z",""
"MMM","F6NN98ESZQr8AaHsZeo66tvz2xwWunsNRNZ2S8Y1pump","","","","","","","","","","","","","","","","","","","","","","","","","","","","","","","","","","","","","","","","","","","","","","","","3.386e-7","","","","","","2026-07-25T09:47:06.899Z",""
"Buck","HFoJe2Z5fVeTaw6m9orXbkhq3QNnoGSVjvNPUSQYpump","","","","","","","","","","","","","","","","","","","","","","","","","","","","","","","","","","","","","","","","","","","","","","","","3.167e-8","","","","","","2026-07-25T09:47:06.996Z",""
"S.W.T","6rTeBd855G5JTdUragzTCng9r1wVMpCjzFFXd8Dspump","69","6.500000001","","","","","","","","","","","","","","","","","","","","","","","","","","","","","","","","","","","","","","","","0.000002233","","","","","","","2026-07-25T09:48:06.851Z","","","","","",""
"MMM","BbQLEttAhz2VkT4SgBQ61kZvFUCTnKuVqpxvHS7hpump","64","3.000000001","","","","","","","","","","","","","","","","","","","","","","","","","","","","","","","","","","","","","","","","0.000002887","","","","","","","2026-07-25T09:48:06.878Z","","","","","",""
"MMM","FPdJfTbCxy8PuMUYi6B1taQEJu1jGDx6HpfnSc5Zpump","","","","","","","","","","","","","","","","","","","","","","","","","","","","","","","","","","","","","","","","","","","","","","","","3.314e-7","","","","","","2026-07-25T09:49:06.919Z",""
"DEER","4DXehhANucq3Q6Dm4Q8NLaXPDXViDRNpu3Vdt5VXpump","","","","","","","","","","","","","","","","","","","","","","","","","","","","","","","","","","","","","","","","","","","","","","","","4.863e-8","","","","","","2026-07-25T09:49:06.942Z",""
"CatWork","CRNuYUfP1asz8MAJF1H623GeE3eqc8ccdbhJv9Xkpump","","","","","","","","","","","","","","","","","","","","","","","","","","","","","","","","","","","","","","","","","","","","","","","","4.648e-7","","","","","","2026-07-25T09:49:06.984Z",""
"WB","AUk7J2UKddjTewsZCh3kgKGgyj4AzuS1YTyGJP9Fpump","57","1.000000001","","","","","","","","","","","","","","","","","","","","","","","","","","","","","","","","","","","","","","","","0.000001942","","","","","","","2026-07-25T09:50:06.979Z","","","","","",""
"KENJI","7wWMrxqdAxgjDYehYCwpbGU7hyBHLAAyLFZ2cQ8kpump","","","","","","","","","","","","","","","","","","","","","","","","","","","","","","","","","","","","","","","","","","","","","","","","1.958e-7","","","","","","2026-07-25T09:50:07.037Z",""
"MMM","5AyaE8wwbHbravqf9LN9oxMBfHKVQ8yQ1r4piUwxpump","","","","","","","","","","","","","","","","","","","","","","","","","","","","","","","","","","","","","","","","","","","","","","","","1.93e-7","","","","","","2026-07-25T09:50:07.061Z",""
"WB","F8BHNtxuJWbutDbVY6XpVT4Y3ANzos2nf9yQcv7gpump","","","","","","","","","","","","","","","","","","","","","","","","","","","","","","","","","","","","","","","","","","","","","","","","0.000001076","","","","","","2026-07-25T09:51:06.889Z",""
"MOON","5Sq8TTiJDnCdkJMduLHCxZfv1KTsU25uEtgeCB5bpump","","","","","","","","","","","","","","","","","","","","","","","","","","","","","","","","","","","","","","","","","","","","","","","","2.687e-7","","","","","","2026-07-25T09:51:06.925Z",""
"Scooby","Ea7rB9VtQTZRy9JqAuk445FMdt1oyDNRTDEgJZAYSDY7","99","6.4","","","","","","","","","","","","","","","","","","","","","","","","","","","","","","","","","","","","","","","","0.000003581","","","","","","0.000003285","2026-07-25T09:51:06.963Z","","","","","2026-07-25T09:54:07.126Z",""
"TRUMP","5Ff3gXwsWL8ArRCFBco3bXZbJa3Lk2sn6GtNxQWtpump","","","","","","","","","","","","","","","","","","","","","","","","","","","","","","","","","","","","","","","","","","","","","","","","2.642e-7","","","","","","2026-07-25T09:51:06.999Z",""
"FALL","Ebb95gp61abZV6T9orLSgLkhmeZXGnYUAxuf4X18pump","57","5","","","","","","","","","","","","","","","","","","","","","","","","","","","","","","","","","","","","","","","","0.000002075","","","","","","","2026-07-25T09:52:06.894Z","","","","","",""
"KENJI","Eb5fVJYxmUb2XJAVr9xvg6KK9q4BGQrSEYTK4iXtpump","","","","","","","","","","","","","","","","","","","","","","","","","","","","","","","","","","","","","","","","","","","","","","","","9.095e-7","","","","","","2026-07-25T09:52:06.945Z",""
"CRY","4VtUEWomped6xLg1fh3qaey2dYHSJnwAbsvmPutipump","","","","","","","","","","","","","","","","","","","","","","","","","","","","","","","","","","","","","","","","","","","","","","","","1.726e-7","","","","","","2026-07-25T09:52:06.967Z",""
"WB","Cw7dQjzfzmovzRr834njijUbyfKCgnncJ7EBAqVQpump","56","1.000000001","","","","","","","","","","","","","","","","","","","","","","","","","","","","","","","","","","","","","","","","0.000002088","","","","","","","2026-07-25T09:52:07.029Z","","","","","",""
"Man","2HqiFYGxuiY3bXVFXirEmPazZieFdaMGQ3LHmUdFpump","63","3","","","","","","","","","","","","","","","","","","","","","","","","","","","","","","","","","","","","","","","","0.000002071","","","","","","0.000002071","2026-07-25T09:53:06.834Z","","","","","2026-07-25T09:57:06.948Z",""
"TOMF","EBPT99RRPu8pdXKyjAsNnsamtAmfKFw1vD52kmNypump","","","","","","","","","","","","","","","","","","","","","","","","","","","","","","","","","","","","","","","","","","","","","","","","9.862e-8","","","","","","2026-07-25T09:54:06.903Z",""
"BAIM","9AR956VrCVctNQLgG2wkfXCaZqtiXVHi1fFWDeg4pump","63","2.962962962","","","","","","","","","","","","","","","","","","","","","","","","","","","","","","","","","","","","","","","","0.000007317","","","","","","","2026-07-25T09:55:06.974Z","","","","","",""
"JOCKTUA","47hbVaUpFLLvJ982Yhnyqwc8hA4Mt9cYtPrF8GbQpump","58","0.098765431","","","","","","","","","","","","","","","","","","","","","","","","","","","","","","","","","","","","","","","","0.000002244","","","","","","","2026-07-25T09:55:07.035Z","","","","","",""
"WB","HM4EBjaAD73a5n5cWmFVnfv6mXzT15r3SgksUtPFpump","","","","","","","","","","","","","","","","","","","","","","","","","","","","","","","","","","","","","","","","","","","","","","","","6.627e-7","","","","","","2026-07-25T09:56:06.869Z",""
"$CBANK","CXc6STwMcHsApzEAeQjB7pPgutn4EZQWPm3gYfHUpump","","","","","","","","","","","","","","","","","","","","","","","","","","","","","","","","","","","","","","","","","","","","","","","","7.199e-7","","","","","","2026-07-25T09:56:06.899Z",""
"WB","37BcLcAGuC2b9o8mLXuJQRm7Q84zNsTsiWg36b2Vpump","","","","","","","","","","","","","","","","","","","","","","","","","","","","","","","","","","","","","","","","","","","","","","","","7.25e-7","","","","","","2026-07-25T09:56:06.938Z",""
"RUSS","J7HeV6YTH1YuXDQuwKbQKkVyCQnb2DdnMe3F79cJpump","","","","","","","","","","","","","","","","","","","","","","","","","","","","","","","","","","","","","","","","","","","","","","","","8.479e-9","","","","","","2026-07-25T09:56:06.986Z",""
"WB","8AVStkig9hxJe1FiLDbVGT3HXUck6QB2ZKZ2sK3Zpump","64","2.000000001","","","","","","","","","","","","","","","","","","","","","","","","","","","","","","","","","","","","","","","","0.000002288","","","","","","","2026-07-25T09:57:06.977Z","","","","","",""
"bo","D7h179MTmML8BjFxLjRXh4rpCjeTrbvhfMapLwhYpump","","","","","","","","","","","","","","","","","","","","","","","","","","","","","","","","","","","","","","","","","","","","","","","","5.683e-7","","","","","","2026-07-25T09:57:07.032Z",""
"RUSS","8M22vVYtnQ3hAZ5awV65s6brYaDGnYXukJU7VrETpump","","","","","","","","","","","","","","","","","","","","","","","","","","","","","","","","","","","","","","","","","","","","","","","","7.671e-9","","","","","","2026-07-25T09:58:06.831Z",""
"AGIWARS","7eSAJKv5qxknGzFXdT7bMRiLTF6wezsyi1YSi4Ropump","56","2.5","","","","","","","","","","","","","","","","","","","","","","","","","","","","","","","","","","","","","","","","0.000002069","","","","","","","2026-07-25T09:58:06.963Z","","","","","",""
"NIG","8qjgNv6TtcEyZBKDu5oPFhNEZqzn8KD9zH9FrWJJpump","","","","","","","","","","","","","","","","","","","","","","","","","","","","","","","","","","","","","","","","","","","","","","","","6.903e-7","","","","","","2026-07-25T09:58:06.983Z",""
"CatWorker","6qjGyQiuMJeBeHMDWs3RDRyCWMHa2ydVqXquy5Dgpump","99","0.059259258","","","","","","","","","","","","","","","","","","","","","","","","","","","","","","","","","","","","","","","","0.0003437","","","","","","","2026-07-25T09:59:06.831Z","","","","","",""
"RUSS","4rgCDNwVytXBPoZms23kvT6u3cS2v5vzjhidwwsrpump","","","","","","","","","","","","","","","","","","","","","","","","","","","","","","","","","","","","","","","","","","","","","","","","3.632e-7","","","","","","2026-07-25T09:59:06.853Z",""
"ACT II","FvAbCFLpeiVX5ywWEpAELavU8VHPWtfnNikLHPfHpump","55","5","","","","","","","","","","","","","","","","","","","","","","","","","","","","","","","","","","","","","","","","0.000002179","","","","","","","2026-07-25T09:59:06.884Z","","","","","",""
"Hackedman","97XNnRrbZD8QpMXH738YLarroJNDWeM2qBL1wjQwpump","57","2","","","","","","","","","","","","","","","","","","","","","","","","","","","","","","","","","","","","","","","","0.000002068","","","","","","","2026-07-25T09:59:06.977Z","","","","","",""
"RUSS","2PV8f5jQhQLyP91cxfJhZBnRSjtJtvpTi1w1AscRpump","","","","","","","","","","","","","","","","","","","","","","","","","","","","","","","","","","","","","","","","","","","","","","","","2.291e-8","","","","","","2026-07-25T10:00:07.183Z",""
"ZIMOTHY","8Z2SiBdaKUz54qkxK9x7gZnBHSWwBpMtKRZT3WGdpump","63","3","","","","","","","","","","","","","","","","","","","","","","","","","","","","","","","","","","","","","","","","0.000004271","","","","","","","2026-07-25T10:01:06.892Z","","","","","",""
"hyrax","BJg3BYNDXS3e2mQtpPYCy9Wc2LMb3cKwwKCH9TkDpump","","","","","","","","","","","","","","","","","","","","","","","","","","","","","","","","","","","","","","","","","","","","","","","","1.767e-7","","","","","","2026-07-25T10:02:06.988Z",""
"444","4fqAPvgSPCZ47BeuLxNgZastP1khWd2CaV5dCtRppump","","","","","","","","","","","","","","","","","","","","","","","","","","","","","","","","","","","","","","","","","","","","","","","","3.74e-7","","","","","","2026-07-25T10:02:07.026Z",""
"RUSS","YLpAdzetzWuEV3RnBkWUXn4R7vNfb7gd1zyEpjLpump","55","0.493827159","","","","","","","","","","","","","","","","","","","","","","","","","","","","","","","","","","","","","","","","0.000001547","","","","","","","2026-07-25T10:02:07.059Z","","","","","",""
"H","7yWFJ9Bc2td9vsGphxzvgXsD6oxAx5pBd36zwMfspump","63","3","","","","","","","","","","","","","","","","","","","","","","","","","","","","","","","","","","","","","","","","0.000003647","","","","","","","2026-07-25T10:03:06.883Z","","","","","",""
"PROTECTOR","A9zkAo5nxwNRDCGYM5FYatvV1xpXh2JuzV3V3YNWpump","67","4","","","","","","","","","","","","","","","","","","","","","","","","","","","","","","","","","","","","","","","","0.000002137","","","","","","","2026-07-25T10:03:06.929Z","","","","","",""
"Zero","ABoN3dni9mDfWzUPnd4XAnf6aGDFaJY8WPuBEKQbpump","60","2.469135801","","","","","","","","","","","","","","","","","","","","","","","","","","","","","","","","","","","","","","","","0.000002068","","","","","","","2026-07-25T10:03:06.980Z","","","","","",""
"RUSS","ARjdZjYSD28FNmErE51pYUtuttppnn6GRhDdxFHRpump","","","","","","","","","","","","","","","","","","","","","","","","","","","","","","","","","","","","","","","","","","","","","","","","3.399e-7","","","","","","2026-07-25T10:03:07.070Z",""
"CHUDSEAL","GGFa88hUNqxvmqtF6ER56a1UmXSDx1ydz4S7zNPopump","60","2.962962961","","","","","","","","","","","","","","","","","","","","","","","","","","","","","","","","","","","","","","","","0.000002995","","","","","","","2026-07-25T10:04:06.824Z","","","","","",""
"if","88eLgooZ88qhpYCPaPcNBKiMDdRwc9BeCDfJqVoMpump","","","","","","","","","","","","","","","","","","","","","","","","","","","","","","","","","","","","","","","","","","","","","","","","4.055e-9","","","","","","2026-07-25T10:04:06.944Z",""
"    RACKS","DJuSXh3MQptWqTpoFxUzHfg2ujNTWVw2toM2as3Ppump","","","","","","","","","","","","","","","","","","","","","","","","","","","","","","","","","","","","","","","","","","","","","","","","0.00000105","","","","","","2026-07-25T10:05:06.976Z",""
"CNB6900","2puQbVXaNz3ivo6CJu8YegMkJGvNwzz2bPe6pwpmpump","57","1.97530864","","","","","","","","","","","","","","","","","","","","","","","","","","","","","","","","","","","","","","","","0.000002094","","","","","","","2026-07-25T10:06:06.952Z","","","","","",""
"CNB6900","MCjTFEQ8Ca86wpyQjvXXCYCwocAPuVrN9pvNeRmpump","57","1.97530864","","","","","","","","","","","","","","","","","","","","","","","","","","","","","","","","","","","","","","","","0.00001313","","","","","","","2026-07-25T10:06:06.972Z","","","","","",""
"TRUMP28","CV2LHQhdbg3guCmkFS2vYVSgFxPDEu2vhYBWNrHGpump","","","","","","","","","","","","","","","","","","","","","","","","","","","","","","","","","","","","","","","","","","","","","","","","1.718e-7","","","","","","2026-07-25T10:06:07.000Z",""
"CNB6900","7kW82EWcKT2MwvHQHU3V4mtJZx1M9QTpuLanaNKtpump","57","1.97530864","","","","","","","","","","","","","","","","","","","","","","","","","","","","","","","","","","","","","","","","0.000002091","","","","","","","2026-07-25T10:06:07.067Z","","","","","",""
"$BHOUR","AVUkdPsidjkCa2obX6mDZqByhUkXw1BhmJCzFCPCpump","","","","","","","","","","","","","","","","","","","","","","","","","","","","","","","","","","","","","","","","","","","","","","","","6.832e-8","","","","","","2026-07-25T10:07:06.810Z",""
"HIP","35aL4cCzErPkjuMn7nNGxQbYayzLvS3ii6ozY9Pupump","89","4.938271603","","","","","","","","","","","","","","","","","","","","","","","","","","","","","","","","","","","","","","","","0.00002103","","","","","","","2026-07-25T10:07:06.841Z","","","","","",""
"CNB6900","Dmuyy4k6yTiRNFR3186iPNmn74FUsBS9WoNSjRShpump","57","1.97530864","","","","","","","","","","","","","","","","","","","","","","","","","","","","","","","","","","","","","","","","0.000002083","","","","","","","2026-07-25T10:07:06.910Z","","","","","",""
"TRUMP28","9u6VmaVqToiE1ssRtA6g5fBCUMzRW5G6KypxMEPopump","","","","","","","","","","","","","","","","","","","","","","","","","","","","","","","","","","","","","","","","","","","","","","","","6.419e-7","","","","","","2026-07-25T10:08:06.903Z",""
"$BHOUR","CU27UwbTvARmZX1UoUYH15uDzaK48sWi1CsdLHRFpump","63","0.197530863","","","","","","","","","","","","","","","","","","","","","","","","","","","","","","","","","","","","","","","","0.000001472","","","","","","","2026-07-25T10:08:07.010Z","","","","","",""
"TRUMP","JChTsppRcSQEJY2Xd2itCNAzvof7sFSPJS7XGCXnpump","57","0.500000001","","","","","","","","","","","","","","","","","","","","","","","","","","","","","","","","","","","","","","","","0.000002494","","","","","","","2026-07-25T10:09:06.975Z","","","","","",""
"TMT","7F9pGiRa2MtebjMkuJtTdCop4JfLt6SXaNMH82Lppump","","","","","","","","","","","","","","","","","","","","","","","","","","","","","","","","","","","","","","","","","","","","","","","","2.448e-7","","","","","","2026-07-25T10:10:06.915Z",""
"SWO","BUMdDBjbJieLFYY3ePabH1Y5MTdnVeBembtLdF24pump","63","3.091358023","","","","","","","","","","","","","","","","","","","","","","","","","","","","","","","","","","","","","","","","0.000002518","","","","","","","2026-07-25T10:10:06.951Z","","","","","",""
"HIP","CCtxgbZmUcTjHu4An2xSUerYGfVMKAmvEm6YwbqNpump","75","3","","","","","","","","","","","","","","","","","","","","","","","","","","","","","","","","","","","","","","","","0.00000209","","","","","","","2026-07-25T10:10:07.021Z","","","","","",""
"$BHOUR","5V1hCVf2B8PvJuxc6336W9APfe64Mkx2Ya1939Qnpump","","","","","","","","","","","","","","","","","","","","","","","","","","","","","","","","","","","","","","","","","","","","","","","","1.897e-8","","","","","","2026-07-25T10:11:06.886Z",""
"DOGE","C2kgTABzL2VBF8S1WKV7HowNLrKvQXd4Tfdm2E3Mpump","","","","","","","","","","","","","","","","","","","","","","","","","","","","","","","","","","","","","","","","","","","","","","","","1.394e-7","","","","","","2026-07-25T10:11:06.987Z",""
"Manolino","8pcJBkvmiKFjkvKbkiNv1EFwWXmDQ29uZw1yDg6Spump","57","5","","","","","","","","","","","","","","","5","1","29","0","0","0","2082.23","4","3031.13","3031.13","0.56","0.56","-26.04","","0","0","1","0","0","","","","","","","0.000002082","0.000002082","","","","","","2026-07-25T10:12:06.889Z","2026-07-25T10:14:00.126Z","","","","",""
"Winston","2cY1xeQ7UKVcJGNjcENcJAAvaLxpkdtggvBt2XwMpump","57","2","","","","","","","","","","","","","","","","","","","","","","","","","","","","","","","","","","","","","","","","0.000002495","","","","","","","2026-07-25T10:12:06.919Z","","","","","",""
"Manolino","8qsXzqQ31w8Z8G4piX3Uqxh9dY6hk6SKU58Qz1tpump","66","6.872852234","","","","","","","","","","","","","","","","","","","","","","","","","","","","","","","","","","","","","","","","0.000002727","","","","","","","2026-07-25T10:12:06.974Z","","","","","",""
"gamble","4c87yTJwdZYUHhGt4prua1nz7HrtACbNxGTQznKipump","","","","","","","","","","","","","","","","","","","","","","","","","","","","","","","","","","","","","","","","","","","","","","","","4.025e-7","","","","","","2026-07-25T10:13:06.889Z",""
"waiting","HQNAfH65cuz8yEc1ioVixQBEBPcBmjbxr8jQboh7pump","","","","","","","","","","","","","","","","","","","","","","","","","","","","","","","","","","","","","","","","","","","","","","","","2.934e-7","","","","","","2026-07-25T10:13:56.974Z",""
"JIMOBULL","7WcNgg3XqpaaDi1VSRA31PeTn8V54mz7qkcjWTT3pump","63","2.962962961","","","","","","","","","","","","","","","","","","","","","","","","","","","","","","","","","","","","","","","","0.000002117","","","","","","","2026-07-25T10:14:42.281Z","","","","","",""